,practice_intercept,practice_slope,imd_centile_practice_mean
A81001,42.204952504752924,58.638848730706854,0.05778922
A81002,2425.8235399423925,371.8801316542975,0.05778922
A81003,185.50554422770904,52.81195409684846,-0.95450646
A81004,653.773329909082,216.6891230771159,0.05778922
A81005,537.6145746510653,114.89698926907249,-0.49213067
A81006,1785.8517083304657,600.433016674028,0.05778922
A81007,944.0275963337443,258.83376670276556,-0.98023367
A81008,195.8382775941925,-85.04585408334734,-1.1349545
A81009,661.8245661957749,-16.234833212661638,-1.1349545
A81011,1149.7495384885692,322.3364380636909,-0.98023367
A81012,584.5262681510372,205.4610275117932,-1.1349545
A81013,457.19575215953904,170.1196930454367,-0.49213067
A81014,130.86701092140638,15.269536129091854,0.05778922
A81015,-0.34041901194023955,2.6056198022626016,-0.46428925
A81016,922.5465690721139,144.88981122913447,-1.1349545
A81017,1881.5146893933209,214.43241927631178,0.05778922
A81018,1103.3890630468945,552.2583023828745,-0.49213067
A81019,1407.897135201064,151.46817566979885,-1.1349545
A81020,599.9294701265046,145.85340191834942,-1.1349545
A81021,1712.0057327499283,182.45442255233004,-1.1349545
A81022,1140.281450744215,67.93171950796632,-0.49213067
A81023,397.8925193837524,77.98248276330152,-1.1349545
A81025,52.92490720257449,51.599388637444704,0.05778922
A81026,1775.5255582871423,397.8442316382596,-1.1349545
A81027,792.4433458095089,272.6175828334986,0.05778922
A81029,391.3599590030153,186.08228026137965,-1.1349545
A81030,864.1777606666731,288.0019102173531,-1.1349545
A81031,1263.0562246478273,348.8914129875727,-0.98023367
A81032,1114.7320604842203,145.39739309515141,-0.49213067
A81033,97.03193308470055,-45.40185373136281,-1.1349545
A81034,2694.8483652339287,332.43933111116536,0.05778922
A81035,1012.0872366292144,90.52818356509094,-1.1349545
A81036,2031.5726584041468,257.467156137185,0.05778922
A81037,705.3116128024092,61.710272471465544,-1.1349545
A81038,123.66679699851952,75.68363928552937,-1.1349545
A81039,620.6893646140446,168.15559702776812,0.05778922
A81040,837.887496122249,208.85424962929176,0.05778922
A81041,599.2915203043772,90.98147348266869,-0.98023367
A81042,1499.5510133651885,760.2927401453253,-1.1349545
A81043,943.9334343929917,211.51272987133754,-1.1349545
A81044,2323.561985937628,668.1602331041726,-0.98023367
A81045,803.8270386745758,118.91298083957844,-0.49213067
A81046,1333.3876260741479,182.59577963042562,0.05778922
A81047,4.932529402581223,-152.14626402959053,-0.44925192
A81048,345.66753620721596,230.7372339185138,-0.49213067
A81049,556.0097441580488,129.31642542426303,-1.1349545
A81051,376.20758370576374,147.7615354700687,-1.1349545
A81052,773.2839455181721,263.77336157729417,-0.49213067
A81053,735.9689386696167,91.94859865536274,-0.49213067
A81054,576.6664650746513,-7.749939295743929,-0.49213067
A81056,-224.11597952258623,64.80718447863771,0.05778922
A81057,835.0881232301098,234.96282655637853,0.05778922
A81058,655.3769700892959,196.34267383413413,-1.1349545
A81060,209.79959353596652,157.06372389147228,-0.98023367
A81063,356.30593672207397,100.89059797574247,-0.98023367
A81064,390.8377783227505,245.40551700723194,-1.1349545
A81065,180.32231966888406,70.3037864277525,-1.1349545
A81066,124.78495491136476,62.998927636925565,0.05778922
A81067,1283.6101279291959,361.4073204098074,0.05778922
A81069,-247.12022386914296,-73.14687554175977,-0.44925192
A81070,99.16325996969573,342.94471817067836,-0.98023367
A81602,-73.58225085311149,30.952816573256726,0.05778922
A81605,-304.8024988196373,-69.23988752537714,-0.44925192
A81608,209.9728728609521,362.5260247164259,0.05778922
A81609,-236.31363104417304,43.18380186728221,0.092092216
A81610,642.3755783226417,109.01188488127895,0.05778922
A81611,203.97256458282394,251.0319981683398,-1.1349545
A81612,-101.38306533711446,61.984963047036906,-0.98023367
A81613,-115.1873293274021,-4.046854297506064,-0.95450646
A81618,615.9216538099206,199.2293601184341,-0.49213067
A81621,-25.627327022786154,91.03343729586553,-1.1349545
A81622,275.54891830599206,158.58178889589553,-0.98023367
A81623,-197.5534206544803,52.73566753735514,0.09209221
A81629,339.8399805745639,259.14613156252045,0.05778922
A81630,-305.3433738955798,-13.219894959082408,0.05778922
A81631,351.1302791637951,185.36774052056415,-0.98023367
A81632,-378.2554018435709,-78.58140105335079,0.06352127
A81633,-446.4111247260373,-8.935686451648191,-1.1349545
A81634,-381.1752539577213,36.43399919302285,0.05778922
A82003,694.4349557811383,206.83397843325923,-0.84623766
A82004,-213.30024779822128,-14.246587673841908,0.70740217
A82005,4.41180695260165,102.99467059199573,1.4274077
A82006,72.70530833470688,42.471737933168576,0.70740217
A82007,1074.4798842497942,153.68269289423074,-0.84623766
A82008,1233.7233936409161,67.10768666960215,-0.84623766
A82009,1090.3668183704817,75.03254890509926,-0.84623766
A82010,334.5831880922087,53.9413310601759,-0.84623766
A82011,-56.47920122105452,9.929399617838456,-0.8462376
A82012,1568.2134116883562,279.0317882180333,-0.07120433
A82013,258.6156920493284,115.87111708323611,0.70740217
A82014,-20.394103278466098,27.2594992238779,-0.060841966
A82015,120.15333910272118,38.11111304154108,-0.07120433
A82016,2526.9205483839846,1536.056828622764,-0.07120433
A82017,1102.4982027001956,103.15709100068452,-0.088355824
A82018,536.2358985641013,79.68688395365369,-0.07120433
A82019,405.20240421152045,121.07864844830883,-0.07120433
A82020,913.3746555638193,186.68319840777843,-0.07120433
A82021,1144.1550420690246,651.5221274377677,-0.060841966
A82022,28.505713343221423,8.21089367732161,-0.07120433
A82023,268.8886445091327,202.35159290837092,-0.5868212
A82024,191.70501890491343,31.54912116929137,-0.5868212
A82025,416.86369940879143,79.22107715067547,1.4274077
A82026,1252.3161480600754,209.85513686557965,1.4274077
A82027,762.1072205543703,-87.97589794372814,1.4274077
A82028,229.64977085297474,185.1666954181955,-0.060841966
A82029,-77.99792127193871,59.71792605381089,-0.060841966
A82030,157.1284993280041,22.466801105319504,0.030275362
A82031,-155.05553278321614,34.46278172047212,0.70740217
A82032,1882.204493238028,264.3955317175432,-0.060841966
A82033,692.1767326088193,126.68925196742123,-0.84623766
A82034,249.27225594427472,10.496126610651535,1.4274077
A82035,772.7859842992023,14.261459823903522,0.70740217
A82036,482.53246534758466,104.60914896971099,0.70740217
A82037,95.5031304875103,73.76824920058176,-0.060841966
A82038,-101.63588852036163,40.62005455266677,0.70740217
A82039,333.59215154377443,91.76689411322754,-0.84623766
A82040,-64.74497988229008,-113.07695052256003,-0.62969995
A82041,1167.830694202386,188.07032494927702,-0.5868212
A82044,3082.6715425353464,829.2815134207812,-0.5868212
A82045,638.4024322551911,192.06062567657534,-0.060841966
A82046,-74.415504721911,-12.637520455453714,1.4274077
A82047,952.659022389542,230.7009710154026,-0.5868212
A82048,361.2416494822691,40.534434323612366,-0.5868212
A82049,280.70329470446734,166.09101107231953,-0.5868212
A82050,482.64068517382697,171.42688213679045,-0.5868212
A82052,110.30224871717294,75.05903501029738,-0.088355824
A82053,38.35427320022714,40.52657897619983,1.4274077
A82055,460.41047325743057,119.65331215670082,-0.060841966
A82057,170.94750483753342,54.271369105569875,-0.052266218
A82058,262.61314299527845,148.28104065755846,-0.5868212
A82060,25.963068106255832,153.22901890791294,-0.60363525
A82062,151.20568880306107,109.59383580754472,-0.84623766
A82063,-343.2983975204187,-80.69143417743886,-0.052266218
A82064,352.99771706196424,99.93629071568546,-0.5868212
A82065,11.864853807012162,56.891451044512,1.4274077
A82068,-52.2656983847859,26.750351668854574,-0.84623766
A82070,39.096884638872794,24.996708647493048,1.4274077
A82071,191.6661913055768,64.72915151044532,-0.84623766
A82072,610.4971273138726,234.60681049459816,-0.84623766
A82074,-275.0073108160861,-21.602555320886516,1.4274077
A82075,530.3707074332899,168.77303620042798,-0.5868212
A82077,314.58851817699434,65.97538321230194,-0.84623766
A82608,-111.21450049371418,4.647658756272233,1.4274077
A82613,-390.27846401807915,-9.700907730359546,-0.84623766
A82617,-236.57307676926828,8.438577332855877,0.70740217
A82619,-326.65911989521476,-31.064394802227834,-0.8462376
A82620,-439.99460592328967,0.06395350706676352,1.4274077
A82621,-216.78141501116076,3.253698518177873,-0.84623766
A82623,328.00203806186494,57.20404594518167,-0.5868212
A82629,172.2192375166881,138.4820326963932,-0.84623766
A82631,-114.40665413410422,39.406210525534796,-0.07120433
A82635,-375.63046029529204,-36.98696335462558,-0.088355824
A82641,-358.1752713686733,-47.03632296424348,-0.088355824
A82642,-378.9235425203686,-5.193297363375125,1.4274077
A82646,117.72646805549216,62.10581088478881,-0.07120433
A82647,-149.61291146387683,49.120457411984,1.4274077
A82650,-193.83945391677779,38.405092915319486,-0.84623766
A82651,-131.4358723625847,19.161835252868084,-0.84623766
A82654,219.48146403191228,247.68571518622656,-0.07120433
A83001,803.8634696604054,210.70005947732554,-0.022965742
A83003,835.102230271291,246.37124892075158,-0.45604104
A83004,145.43614222334807,108.66980593289072,-0.92615026
A83005,929.507940129558,182.81174034355863,-0.022965742
A83006,354.5348593850799,115.07091059418248,-0.022965742
A83007,1550.8506731508658,364.8962570645386,-0.98023367
A83008,556.9212757124078,15.100741907862352,-0.022965742
A83009,586.0921460309032,-2.294777622008513,-0.5092822
A83010,1033.0961749169924,123.22837621216941,-0.022965742
A83011,530.4180788222878,76.7458276089797,-0.9269926
A83012,2673.3620448953207,579.4203889194323,-0.98023367
A83013,948.7281625421117,312.770559444391,-0.022965742
A83014,308.1062448020089,-38.85184693407268,-0.9269926
A83015,788.8867075437298,115.33610497955374,-0.022965742
A83016,1587.514612056316,163.51600275297326,-0.5092822
A83017,732.5303775431343,109.23976720087741,-0.9255595
A83018,2428.7903966482786,279.87872484945837,-0.5092822
A83019,322.93530550864654,51.52791343744611,-0.9252548
A83020,1497.1699025669413,174.8625584509973,-0.45604104
A83021,2215.012336953787,406.0885560494321,-0.022965742
A83022,2994.137107282126,398.33725230717437,-0.5092822
A83023,1675.6859548852215,561.7975505718696,-0.5092822
A83024,318.42989210101547,34.210089467741085,-0.9269926
A83025,1841.7578233841932,505.0902134407582,-0.022965742
A83026,1073.6618333706624,114.74234265596296,-0.5092822
A83027,270.57986350016836,177.08319730357624,-0.9269926
A83028,942.3995756404522,127.8269481780976,-0.5092822
A83029,43.44507815245494,43.53027258189462,-0.9269926
A83030,1153.9180622594029,206.35058268145573,-0.5092822
A83031,605.7322417220914,108.57100556264243,-0.022965742
A83032,-115.28672357582242,19.06072300595196,-0.45604104
A83033,835.6407921160605,143.838808046067,-0.5092822
A83034,490.60176236168695,123.97457027134918,-0.022965742
A83035,597.1197253094649,75.16244455064218,-0.45604104
A83036,533.0187372583853,-0.6882324473926765,-0.9269926
A83037,1724.9609522749668,293.6968567472682,-0.022965742
A83038,281.85528651262115,33.077357368853825,-0.5092822
A83040,1022.5211308152595,178.23864528301587,-0.022965742
A83041,1254.9079556106626,57.82722181712066,-0.9269926
A83042,451.56940782833425,80.17691709985375,-0.96695113
A83043,-171.86785885789004,4.537537870062033,-0.45604104
A83044,845.8243632179145,272.7109857808,-0.98023367
A83045,2111.8332818944054,423.9032833573194,-0.022965742
A83046,785.9381207918888,27.882630167044507,-0.45604104
A83047,1347.1647641725156,267.52188916712447,-0.022965742
A83048,204.14723330396055,89.79833185502406,-0.022965742
A83049,1414.069333328259,299.3845851285076,-0.5092822
A83050,986.5366314889686,146.01153763121906,-0.5092822
A83051,1041.3549519164728,152.7013225527417,-0.9269926
A83052,1050.2262214260677,146.78285288977276,-0.022965742
A83054,1768.6314266862057,286.66581052002675,-0.022965742
A83055,-117.7706669896304,41.98259537361967,-0.9269926
A83057,1345.0968747393242,825.0022862099249,-0.98023367
A83060,-1.8107120175415694,93.53151822034125,-0.45604104
A83061,-142.5644842555767,21.236576235185844,-0.022965742
A83066,819.9006190132826,206.12442805710447,-0.022965742
A83068,-215.8760105596113,-12.046034278297228,-0.95450646
A83070,147.68132160705738,31.017425610473513,-0.022965742
A83071,111.68612749226133,-17.741462520824776,-0.9269926
A83072,-51.30557317290618,37.30985419431041,-0.5092822
A83073,465.5839058762432,91.10827235230995,-0.5092822
A83074,1322.7664452788376,286.8226401943657,-0.022965742
A83075,368.8704343572229,113.89288798039775,-0.9269926
A83076,-119.55702464262711,-8.581620507720013,-0.48331404
A83603,-110.13101766892142,29.669375215648433,-0.022965742
A83610,142.64649003806534,163.3846055572958,-0.98023367
A83616,284.5273006337696,288.60375761333705,-0.9269926
A83617,21.34396950176899,-12.37494486502705,-0.5092822
A83618,365.31434023649336,222.31042440012922,-0.5092822
A83619,117.62703727612478,132.4493097313255,-0.9269926
A83622,-125.23591790015419,-50.78695208425854,-0.5092822
A83626,-99.20980737177199,14.56785476101447,-0.45604104
A83627,441.3719408139611,211.4362766478361,-0.9269926
A83630,-219.49355457656978,31.208381480853006,-0.5092822
A83632,-107.33164796405994,13.218597344775825,-0.5092822
A83634,113.49209617427164,87.11375474748516,-0.022965742
A83635,-4.0483645644351025,47.91106291170747,-0.9269926
A83636,488.4995014154042,163.88245443044795,-0.5092822
A83637,21.35206816760059,26.80713687609246,-0.5092822
A83638,-303.40969130342467,-38.70923763309681,0.019913
A83641,165.80371520951965,93.20310595721355,-0.022965742
A83644,189.00399743239322,112.3033850516313,-0.5092822
A84002,45.09965938096604,92.73722707090113,0.24681303
A84003,1637.894268184839,319.85511967268405,0.18320954
A84005,967.0875173944038,258.32473626191404,-0.34777224
A84006,1146.2536506445203,594.9411440426574,-0.34777224
A84007,553.7636448584383,-9.993425394770775,-0.34777224
A84008,161.57946238279098,67.13765024567405,0.24681303
A84009,2057.3472513534975,780.4109450714252,0.18320954
A84011,248.87086698738364,65.03562537192518,-0.34777224
A84013,420.1723598777799,7.385701991590988,0.18320954
A84014,911.5093764715817,139.8739753974227,0.18320954
A84015,269.8440957585578,120.55465818015517,0.18320954
A84016,189.01886767234018,34.94524565370755,-0.5092822
A84018,292.67743386291755,6.830283758998034,-0.5092822
A84020,828.2881626225791,21.37512054253882,-0.34777224
A84021,589.7267765907051,268.81294265048075,-0.3048935
A84022,1226.7657353624115,221.9289537176991,0.18320954
A84024,489.1218414689673,150.95976217248517,0.24681303
A84025,205.80430827223896,-48.35071841075377,-0.34777224
A84026,783.5152119450629,115.22037368096045,0.24681303
A84027,-121.73948764850421,12.223504245339148,0.24681303
A84028,2309.329162201595,219.9984097735962,0.18320954
A84029,-24.566041878690655,8.60691888827801,-0.34777224
A84030,597.3575313893986,105.13499787025276,-0.34777224
A84031,183.03843475356558,33.11076195961272,-0.34777224
A84032,-166.33732859882033,12.891881336420921,0.24681303
A84033,125.0173128024302,33.79624727611112,0.24681303
A84034,339.6956566625093,97.57041115122873,-0.07120433
A84035,292.17988613323047,92.58838501834705,-0.5092822
A84036,2147.3949364691393,353.17595916261547,-0.34777224
A84037,246.20485035679843,43.0474548507314,0.18320954
A84038,466.12803569452217,141.0361208630612,-0.34777224
A84039,46.455421511822614,58.0410514046569,-0.34777224
A84040,-59.00414954796887,0.02346360943126861,0.24681303
A84042,-263.1279796331465,20.22494647995859,0.24681303
A84043,1443.0938302803065,123.56506652512745,0.18320954
A84044,562.8160726004954,134.34539996881855,0.24681303
A84045,73.27935588383863,146.25822544391622,0.24681303
A84047,183.1501970239934,94.75431902603944,-0.5092822
A84048,750.4847252304023,127.56715355808872,0.20036104
A84604,-209.74453139700807,24.25812112589645,0.24681303
A84609,-271.72093442482713,41.74642752486546,-0.34777224
A84613,-315.13875592414854,29.013092565412375,0.27254027
A84614,-240.75590000781978,27.46166212673924,-0.5092822
A84618,-337.6311141489322,-0.3726459038806192,0.27254027
A84619,-39.87200743991047,25.17968100291635,0.18320954
A85001,292.9248318216961,67.94223504252646,-0.5092822
A85002,95.08509052847886,-6.502666302264651,-0.5092822
A85003,486.49176344990485,115.87233245945478,-0.5092822
A85004,1027.0088995409587,161.96534989815058,0.18320954
A85005,1593.62248156508,543.9416762484803,-0.34777224
A85006,585.8746550229332,33.01670993911236,-0.5092822
A85007,339.99850067736367,60.88729684473159,-0.5092822
A85008,1493.2815914510306,259.92259834231226,-0.5092822
A85009,481.330354451887,49.73323364973523,0.18320954
A85010,655.1464389453414,158.33266075435486,-0.5092822
A85011,790.1296940409022,131.7418039539764,0.18320954
A85012,353.1223233905971,-0.8681841849915661,-0.34777224
A85013,104.23056102177064,-36.99565729187784,-0.34777224
A85014,556.1648461893933,74.72882675216955,-0.5092822
A85015,-306.95781398616555,-128.30093781832832,-0.44925192
A85016,1404.7611947634973,431.4845258928286,-0.5092822
A85017,63.42742641991842,49.36120216711076,-0.34777224
A85018,277.58995230229834,72.64634055243494,-0.5092822
A85019,876.198574486425,77.54933231503072,-0.34777224
A85020,883.7888597916455,52.25017806108613,-0.5092822
A85021,-229.53218876409062,1.1269033457957827,-0.5092822
A85023,612.414558456462,94.00906621240796,-0.5092822
A85024,-41.36260765353752,18.24880909012603,-0.5092822
A85025,296.3007938281929,59.13606260944216,-0.44925192
A85026,275.2732777359521,152.61055764047148,-0.5092822
A85601,-398.56968051832973,-46.83809069961609,-0.44925195
A85605,-213.801693882249,-40.82308723852811,-0.45253277
A85609,-302.9305399962419,22.285536382197055,-0.5092822
A85611,82.51983473094204,58.55238481423572,0.18320954
A85614,28.034434139169687,46.801919282811525,-0.34777224
A85616,64.70464643727081,191.26897849470024,-0.5092822
A85617,-9.552191579242917,54.905502035597145,-0.5092822
A85620,-18.73840456784422,93.21797433471531,-0.5092822
A85621,-458.9907571091332,-6.539219540096661,-0.5092822
A86003,1793.7577595487335,185.5306193548669,-0.34777224
A86004,1269.9381379118888,170.14296845918446,-0.34777224
A86005,324.73543373112244,64.47562525496153,-0.34777224
A86006,21.589427318626186,3.44693267758354,-0.34777224
A86007,-360.45408731236216,9.126376141172878,-0.34777224
A86008,709.4065141645875,78.33984139787016,-0.34777224
A86009,463.29657633773263,-58.62968001139272,-0.3048935
A86010,370.7783018203695,101.0159791403804,0.18320954
A86011,1762.7766245218368,119.43512866323468,0.18320954
A86012,622.398696704752,-19.710947353245455,-0.34777224
A86013,795.3479666079413,64.55136640499339,-0.34777224
A86015,-35.44630867669243,-22.677155090146872,-0.34356093
A86016,255.62075416463549,41.05855892223918,0.18320954
A86017,1310.6025267111197,115.14081111696616,-0.34777224
A86018,338.96783003575626,109.4230518487446,-0.34777224
A86020,-141.06796257165598,103.83273330265972,-0.34777224
A86021,1212.1858619897673,126.89499194049608,-0.5092822
A86022,581.5106126611503,180.00588130770205,-0.34777224
A86023,721.864331794366,145.31909835827344,0.18320954
A86024,431.1173208784588,126.68881441169287,-0.34777224
A86025,1565.6413177483942,330.3350589096306,-0.34777224
A86026,612.2351882996925,114.17179293215699,-0.5092822
A86027,-334.0535511875054,30.747949050820065,-0.34777224
A86028,-87.99613220955763,11.204236689830191,-0.34777224
A86029,1717.2784326901165,727.0066084387918,-0.34777224
A86030,1567.5117606681706,287.93229115049945,-0.5092822
A86031,529.9444095154719,235.92083623273783,-0.34777224
A86033,-120.8473696324331,56.61336312785605,-0.34777224
A86035,-224.18608901428271,-0.8147923248118335,-0.34777224
A86036,315.8634633197738,90.17226732783152,-0.34777224
A86037,771.9859969203175,31.330991730807938,-0.34777224
A86038,626.5009255379023,149.2930311304391,-0.5092822
A86040,760.0021407630895,142.69506648589777,0.18320954
A86041,71.78634890312355,10.504752117130986,0.18320954
A86601,542.0397670658323,114.20322283003749,-0.34777224
A87002,543.4950205034689,-68.4961653300512,-0.9991718
A87003,939.5206709044868,-10.523126376130666,0.18320954
A87004,1631.3420052115794,236.39878242008774,-0.9991718
A87005,497.69981922397835,73.05826655223231,0.18320954
A87006,-26.67222008685946,17.955917751243792,0.18320954
A87007,820.1811386416915,205.654420197839,0.18320954
A87008,141.89045667247993,19.41903697178978,0.18320954
A87009,916.1172109176376,140.6839533001914,-0.9991718
A87011,173.07933725448552,56.15826494459489,0.18320954
A87012,782.5657523712011,89.72676371438925,-0.34777224
A87013,757.4403579620332,103.99562738913816,0.18320954
A87014,20.749783061882873,2.773194101515555,0.19514327
A87015,391.6474854141009,11.28668363075263,-0.9991718
A87016,932.6504412860187,70.17877583974413,0.18320954
A87017,358.9940161796232,72.02421842576616,-0.34777224
A87019,194.48046763202242,-43.33754490036822,-0.9991718
A87020,182.5981216470965,46.36411130184807,0.18320954
A87022,238.44850125537076,207.50987161555656,0.18320954
A87023,138.8071730920099,-15.168612531038965,0.18320954
A87027,431.4367426744509,7.263392873876893,0.18375982
A87029,406.5971746253626,124.51605053902178,0.18320954
A87030,279.3895382188612,75.27308321162644,-0.9991718
A87600,-94.06989360051004,31.962059737744255,0.18320954
A87612,249.2985314989059,69.51553088393197,0.18320954
A87615,27.38490467017564,41.98212439519594,0.18320954
A88001,70.37677106069653,1.7670005582500112,0.18320954
A88002,1922.5295366774985,613.312544741417,-0.9991718
A88003,1421.769207062956,245.69682646165478,-0.9991718
A88004,847.5329332036974,99.99523973408108,-0.9991718
A88005,337.4050102026618,75.90748248993695,-0.9991718
A88006,774.9066843859965,73.59694392005053,-0.9991718
A88007,539.4124040892328,41.486934796908905,-0.9991718
A88008,579.5255428538012,149.0821961893884,-0.9991718
A88009,222.20336029277905,-0.733052807326009,-0.9991718
A88010,282.3402961712965,83.59452798284039,-0.9991718
A88011,10.996938567783548,85.94309878100107,-0.990596
A88012,636.4156450238575,168.26552914935488,0.18320954
A88013,2088.262241892105,867.49199691414,-0.9991718
A88014,-93.05070415313777,-17.86113456838625,-0.9991718
A88015,713.6850431356282,340.5129545994761,-0.9991718
A88016,424.46939993211174,79.32285853407743,-0.9991718
A88020,-112.56307603858396,-16.56747165829314,-0.99059606
A88022,893.1420264521417,161.28824416872135,0.18320954
A88023,293.9287188884086,38.0681925307288,-0.9991718
A88024,-435.9032629438222,-158.69873116270443,-0.99059606
A88025,276.22083437861363,147.96293192113066,-0.9991718
A88601,-72.08003709954419,122.38355584577101,-0.9991718
A88603,-121.97496784038258,-62.96064569146578,0.18639086
A88608,491.04000044176513,149.7827636564717,-0.9991718
A88611,-207.68570844070848,-4.029277129440922,-0.99105877
A88613,223.09596955524287,20.227178470481608,-0.9991718
A88614,-223.26186101235433,-24.943284829112915,-0.99059606
A89001,2163.437669822021,289.6750343320578,-0.9269926
A89002,205.57303542816578,193.72074041780306,-0.9269926
A89003,433.92510583203915,47.422396618468326,-0.91841674
A89004,1306.00732753456,83.41322625537173,-0.9269926
A89005,266.7452329099187,79.01453151188532,-0.9269926
A89006,492.6372025355743,135.57429528672387,-0.9269926
A89007,587.7733771370226,132.22442762881087,-0.9269926
A89008,495.3579833632926,-5.969629971497881,-0.9991718
A89009,593.015290982747,117.30161543261725,-0.9269926
A89010,948.0820216810708,190.5582991104471,-0.9991718
A89011,140.97575441203165,45.495408467427225,-0.9269926
A89012,742.8897883939643,529.5686966412705,-0.9269926
A89013,403.0015547521778,34.13408123124602,-0.9269926
A89014,-229.28110100812256,2.2004407468786944,-0.920199
A89015,431.63493287722696,94.20885344501362,-0.9991718
A89016,408.6565168296203,155.07458738616933,-0.9269926
A89017,1220.7328360037209,145.27233345030163,-0.9269926
A89018,343.995715796213,69.36210935358487,-0.9269926
A89019,1326.1748011896686,164.21334716027215,-0.9991718
A89020,742.5086864944966,240.85391407440022,-0.9269926
A89021,560.7728676306806,63.44378645884322,-0.9269926
A89022,348.86303384578457,128.42338970827896,-0.9991718
A89023,601.8046720712247,173.89695628329213,-0.9269926
A89024,403.1085229586044,-1.2032282691597609,-0.9269926
A89025,931.5739325895445,671.3176833078946,-0.9269926
A89026,290.1118053183908,292.079252257971,-0.9991718
A89027,469.90545138202486,78.19831023162492,-0.9269926
A89028,531.7749221119121,66.7276293507178,-0.9269926
A89029,-278.03397590966125,-55.473548329970306,-0.920199
A89030,636.4244942087885,96.08744242882118,-0.9269926
A89031,208.21541789885669,38.51869504779252,-0.9269926
A89032,451.2952128582221,352.3446185232252,-0.9269926
A89034,-98.02372177936836,-18.770411828065924,-0.9269926
A89035,874.0383613541502,310.60042133498195,-0.9269926
A89036,-149.01495140674606,-11.402281521873826,-0.9991718
A89038,18.111709443167733,-30.785034933294984,-0.9184168
A89040,6.994212610789019,146.8512184683898,-0.9269926
A89041,375.8957611139927,268.6530826112271,-0.9269926
A89042,176.63280863710096,-87.08333886296259,-0.9184168
A89603,-148.8594506914303,-99.70379540007464,-0.9991718
A89604,512.4783335414397,199.6918635839457,-0.9991718
A89610,-43.45604416108511,-10.894969022197689,-0.9184168
A89611,-215.50240079547606,67.32369614248663,-0.9184168
A89612,-120.63741031194814,-1.5144601572208838,-0.9214242
A89614,199.15375884152277,75.75002110314318,-0.9269926
A89616,-215.39662456042072,36.81534531500053,-0.9269926
A89617,-60.392175138152055,196.31784892342034,-0.9269926
A89618,-332.0213052586682,-56.96529867436999,-0.91841686
A89620,-32.40138425364493,37.35255574551319,-0.9919494
A89621,-209.32854031542587,-170.24456198843788,-0.9184168
A89623,-160.1188114147938,8.723542593586446,-0.9269926
A89624,-82.16190689492254,56.48856923435594,-0.9919494
B81002,107.19681459565332,3.8934501065121907,-1.2432233
B81003,1143.0992787783337,140.3827663663197,-0.59361035
B81004,1973.0105275057479,370.32599508204623,-1.2432233
B81005,2044.1321412724967,279.2369930098213,0.12996843
B81006,724.1225536537165,161.2778352653507,-1.2432233
B81007,918.1065662929414,156.4840567349086,0.12996843
B81008,3250.3481258544375,1224.1251807146627,-1.2432233
B81009,800.9887320501307,166.45893243664497,1.0561494
B81010,1032.632071111046,19.680134582288826,-1.2432233
B81011,1124.7214200857238,323.00552536707164,-1.2432233
B81012,162.46955932438834,-66.17053880603797,-0.59361035
B81013,637.3687515268277,77.96060477506002,1.4806489
B81014,601.6009587137606,-94.71578756032001,-1.2432233
B81015,1398.302500235306,79.52500884474304,-0.59361035
B81016,685.2814854727077,141.55678067855987,-0.59361035
B81017,1049.5070921616605,448.8556078272,-1.2432233
B81018,1384.1703068910258,96.65436352673179,-1.2432233
B81019,-71.42949505037966,-105.22201033340431,-0.59361035
B81020,598.7144620245042,196.25887711039732,-1.2432233
B81021,430.10167354601754,150.36466646403554,-1.2432233
B81022,1532.7542969394158,314.1589366445907,0.12996843
B81023,343.78917818726717,88.34188168082723,-0.59361035
B81024,275.1643795025868,157.84259894635807,-1.2432233
B81025,2827.409536623212,981.97763145193,-0.59361035
B81026,2303.566301562723,587.6804139968895,0.12996843
B81027,828.7764859937819,340.5976042314074,-1.2432233
B81029,929.5168197368821,186.14294642234864,1.4806489
B81030,693.0877498472594,227.60346825807977,-0.59361035
B81031,1299.838275236818,-8.970847904606083,-0.59361035
B81032,-17.44877790709328,157.85572088219578,-1.2432233
B81034,1179.8936920397541,185.63426894670957,-1.2432233
B81035,285.85484430041623,90.81682337233552,-1.2432233
B81036,1264.427532570122,190.06583894735675,1.0561494
B81037,1736.7224668274255,172.23476458879395,1.0561494
B81038,986.8245870451647,173.2794935020918,-1.2432233
B81039,2692.44235095705,884.9126146656511,-0.59361035
B81040,2017.519674591791,0.04305924959368586,-1.2432233
B81041,345.123791456031,108.25856565708656,1.0561494
B81042,964.0145433854116,120.50436325510046,-1.2432233
B81043,1566.2512893131802,154.4596794032091,-0.060841966
B81044,256.9823153246189,92.17761453004945,1.0304221
B81045,1542.1408148945259,390.08710302730356,0.12996843
B81046,1461.772590759054,240.15055650431555,-1.2432233
B81047,459.50247281350056,92.58623395946739,-1.2432233
B81048,2206.732776093849,1739.5386978547938,-1.2432233
B81049,577.9238986706258,21.50101957738787,-1.2432233
B81050,1046.3601519248523,101.56672540555698,-1.2432233
B81051,405.96788206084113,66.04603645665267,-1.2432233
B81052,-59.538307116093385,26.078221810877736,-1.2432233
B81053,1572.9941859543014,210.90251295827335,-1.2432233
B81054,1027.558429017114,56.29250464423035,-1.2432233
B81055,28.408052003768262,88.12256324203317,-0.59361035
B81056,1318.6476515829927,208.34160969525652,-1.2432233
B81057,-290.27069643660275,-93.52390700186845,-1.2432233
B81058,636.9918868484606,-64.37071915922867,-1.2432233
B81060,843.4604653893216,-230.74283064428985,-1.2432233
B81061,2283.2207327453098,646.9811690948026,1.0561494
B81062,1303.564534690171,207.99884982423302,-1.2432233
B81063,302.60381549382447,73.03060167650948,0.12996843
B81064,770.8450371331778,187.93608699918022,0.12996843
B81065,1315.0561630149139,142.69599611855963,0.12996843
B81066,-146.484117672512,30.792787760950876,-1.2432233
B81068,1740.4278226548581,362.70583941364316,1.4806489
B81069,1335.105433630823,185.61509833989246,-1.2432233
B81070,626.5016230329986,66.27814619233503,-1.2432233
B81072,7.262687072415767,-165.60741589953602,-1.2432233
B81074,287.31401272693415,299.9013370698392,-1.2432233
B81075,-198.5372006004633,126.20542464994263,-1.2432233
B81077,611.9473018632152,104.58025636397377,-0.59361035
B81080,-230.01702639177074,-38.04090736468526,-1.2432233
B81081,183.7463498652783,96.00596408984435,-1.2432233
B81082,22.924091741586846,51.80662689948984,-1.2432233
B81084,252.3522873504169,69.7103506747049,-1.2432233
B81085,65.18140351800109,130.05455271879683,-1.2432233
B81087,795.0191278788257,277.1686054189651,-0.59361035
B81088,306.7020725076203,123.52867445001996,1.0561494
B81089,-18.20790336176046,-13.621560856743232,-1.2432233
B81090,348.2079911462844,136.59482563917618,0.12996843
B81091,75.61899792317757,-20.545102707961625,-0.59361035
B81092,1217.212429464659,104.11288483956362,1.0561494
B81094,-337.6373297832705,1.0029495098558234,-1.2432233
B81095,102.54156713946223,51.21965024096603,-1.2432233
B81097,-215.39897502156632,61.39391908588754,-1.2432233
B81098,-240.9965757254218,-271.40195761156247,0.16427143
B81099,648.9742052380199,380.8623039768469,0.34471947
B81100,-41.99879946189164,148.18171924478875,-1.2432233
B81101,1207.5069590614796,912.1730793954092,-1.2432233
B81104,-268.2989891701059,22.49855825788872,-1.2432233
B81108,179.01096949847647,68.66222906190067,-0.59361035
B81109,1219.8559842184775,142.47577922523206,0.12996843
B81112,566.4181135831359,477.14564028385564,-1.2432233
B81113,780.775223637803,341.9763727302745,0.12996843
B81118,384.6944377571944,320.189980835824,0.12996843
B81119,294.2878143295166,113.92704622610498,-1.2432233
B81120,-213.14057671095583,-6.550855882822603,-1.2432233
B81121,-119.61977629705741,130.12281381897958,-1.2432233
B81602,-143.94715394693483,12.664657878071678,-1.2432233
B81603,-50.572910377773404,-87.9522838331624,-0.59361035
B81606,365.69013557549846,166.55877364222042,-0.59361035
B81616,-68.80559824494958,18.118954707630046,-1.2432233
B81617,575.1137583920195,398.7431271952329,0.12996843
B81619,26.780648263207336,63.10367785435626,-1.2432233
B81620,-41.36774312509781,92.9379649581099,-0.59361035
B81622,22.727869435821333,26.03376634359112,-1.2432233
B81628,-133.526269474446,47.62554810635005,0.12996843
B81631,244.91562879733087,111.63596508940407,-1.2432233
B81634,-135.55513355494622,-42.98222274825289,-1.2432233
B81635,-77.20153516282677,74.22555785845817,-1.2432233
B81642,-27.076781368975126,99.83631898311324,-0.59361035
B81644,-275.2980495931374,-35.22696617275286,-1.2432233
B81645,68.50845741470896,90.45625154107624,-1.2432233
B81647,-55.377035391373845,102.14441792690464,0.12996843
B81648,-261.87807626548454,59.07655892500607,-1.2432233
B81653,-51.80534005824941,43.76502681135824,-1.2432233
B81655,-214.4230144355072,10.755974185798502,-0.59361035
B81656,681.3675947518996,272.3660809586704,-0.59361035
B81658,-129.2655057604372,137.08261824356916,-1.2432233
B81663,-185.2472247736243,85.415809510513,-0.59361035
B81664,-181.91954748912076,25.91343811750415,-0.59361035
B81665,-313.3694730734238,11.000192697538695,-0.59361035
B81666,-371.7760992937635,-0.3590238336463627,0.12996843
B81671,-468.90166250762354,-11.433452654276362,-0.59361035
B81674,-153.33209650486208,-151.4535096601467,-1.2432233
B81675,658.8153377837665,198.24782042401685,-1.2432233
B81677,-38.62107909508761,-8.286697675066767,-0.59361035
B81679,-316.03585177664127,-4.926563683719464,0.16427143
B81682,302.1353370333665,-71.68717679448699,-1.2432233
B81683,-55.288468068537924,56.38560715680433,-1.2432233
B81685,-242.39056649423756,-48.1258611795498,-1.2432233
B81686,-219.58334471185685,-131.32388455511463,0.16427143
B81688,-144.89831125535397,-7.732616631589324,-1.2432233
B81689,-246.48440631093285,-21.632659816016552,-0.59361035
B81690,-439.8658611730747,-98.01580209473477,-1.2432233
B81692,-84.3687931484368,111.99386113023192,-1.2432233
B81693,-187.893882854979,-13.532572906696162,-0.59361035
B81697,-33.028468203432375,61.21051928729489,-0.59361035
B82001,490.68674902509196,-65.65572680929823,-0.32922357
B82002,240.43705179285578,99.97142724676283,1.6782483
B82003,-140.54917298007766,-19.209902085834326,1.6439453
B82004,592.730281757651,114.80104943703984,1.8519073
B82005,4173.953199665143,1040.7382414828116,1.6782483
B82006,-175.73816891396234,-82.83125993197666,1.6439453
B82007,779.669223885708,223.72544577236764,1.4188321
B82008,432.1434746897626,49.627572061561374,1.8519073
B82010,299.6287053766413,72.30650036043274,1.8519073
B82011,221.11405861141495,98.28320463685323,-0.34777224
B82012,616.522702136943,45.41324352413154,1.8519073
B82013,1225.2112484450113,397.75961829757915,1.8519073
B82014,49.96033315836353,33.532302385894134,1.8519073
B82016,42.85658595511196,51.51255239260288,1.8519073
B82017,1732.0631930580514,146.27882570237423,-0.34777224
B82018,32.11321792989639,-7.4904637574768165,1.6782483
B82019,-236.33061948719137,23.3591280821471,1.4341968
B82020,1070.8442694025937,210.9094380843024,-1.0163233
B82021,71.55637012006387,18.86127468856444,1.6782483
B82022,105.28549052912823,75.17243039486671,-1.1349545
B82023,355.0342638316769,45.43510115562506,-0.022965742
B82024,875.9082861998812,193.0837252278534,-0.34777224
B82025,2117.231038134415,333.9739005174337,0.73312944
B82026,2948.9387907905616,1157.6525154483677,1.6782483
B82027,795.7943605862632,445.4433132137482,1.8519073
B82028,972.2082566564894,127.37525948863288,1.4188321
B82029,-158.59545105807908,6.360195072910439,-0.022965742
B82030,63.88606121164728,44.92211033692914,1.8519073
B82031,694.6942024266992,229.66897192164802,1.4806489
B82032,807.7726990707835,178.99011575197,1.8519073
B82033,776.7318950777441,178.036810919895,0.73312944
B82034,216.57069261224086,45.45503551963273,-0.022965742
B82035,-91.33230291032642,17.99789449374604,-0.022965742
B82036,359.1220138136795,118.91001305950176,1.8519073
B82037,832.2830430372688,118.95326726915565,-0.34777224
B82038,1402.8324472183563,1126.6269007590145,-0.34777224
B82041,1667.6664991495325,240.01366651833015,1.4806489
B82042,700.9640672104808,99.23951228957144,1.4341968
B82043,-334.30018356620616,-139.16949832728727,1.6439453
B82044,125.1964844496941,-14.012844240012823,-1.1349545
B82045,27.066128944236464,94.45133825429625,1.260538
B82046,-94.56431577077635,54.776917103561495,-0.49213067
B82047,138.01803642652038,58.892338862965,1.6782483
B82048,-326.46127961835737,-261.6519750636783,1.6439453
B82049,397.42730167308974,-43.77656303946761,1.4341968
B82050,1922.6879436751512,272.6490947812158,1.4341968
B82051,-556.8440278888177,-465.8503679912905,1.6439453
B82053,658.6952253356131,170.79855628737192,1.4188321
B82054,1111.7646140092888,262.14353866566654,-0.34777224
B82055,671.3857285328838,70.01468596585258,1.6439455
B82056,-49.28648579151641,-107.00571110856566,-0.3048935
B82057,161.7404803079525,79.82417932675285,1.6782483
B82058,86.9577019671177,-156.3088427748107,-0.3048935
B82059,575.9767542210224,-19.587216585933156,1.8519073
B82060,907.3209390367825,150.5293444685639,1.8519073
B82061,446.47999495258233,114.14762661025142,0.030275362
B82062,-181.54339207276146,27.623385313564988,-0.34777224
B82063,521.3403914181728,102.6437109766615,-0.34777224
B82064,-122.5942350497663,38.896086454867685,1.6782483
B82066,538.7390417149519,54.2135535825393,1.8519073
B82067,96.44158113244453,93.9074844264633,1.8519073
B82068,-106.82542598250684,10.124778728929686,0.73312944
B82069,312.4359816313766,53.6864842458976,1.8519073
B82071,140.615866658826,62.91722106611279,1.6782483
B82072,194.11324780021144,9.198266424653548,-0.022965742
B82073,758.0639661600467,74.74361263360271,1.4806489
B82074,1276.154795728088,259.77114345085215,1.4806489
B82075,679.5624246991492,120.19824497358901,1.4341968
B82076,-45.201964113276496,-4.644568154165811,1.860483
B82077,29.8918770473723,-7.87790235328662,0.73312944
B82078,214.59650913968997,69.32483850039661,1.260538
B82079,-174.85694865915733,30.656198222731522,1.6782483
B82080,1270.1358281251853,174.52628105713208,1.6782483
B82081,204.5171860974043,66.03101632731303,1.6782483
B82082,-75.30890796156007,-3.531177835714471,1.6439453
B82083,3053.1699379364254,1718.8126281001555,1.6782483
B82086,-208.808113511612,19.31797159383309,-0.49213067
B82088,739.0207087220291,387.4819214374316,-0.34777224
B82091,-25.61516298726731,75.30312049622896,1.8519073
B82092,172.79428751357676,69.87195793984793,-0.32922357
B82095,-253.32150401276326,-51.34237729187442,1.6439453
B82097,447.5697050811121,72.5854495483682,1.4806489
B82098,708.2418453169511,269.2908271381208,1.6782483
B82099,-127.066540348512,-4.762299869499609,1.4274077
B82100,160.99267024837272,267.46888455188827,1.6782483
B82101,213.09637170445794,136.14943462486667,-0.34777224
B82103,-367.3427013036215,7.844720682245764,1.6782483
B82104,184.38971007133645,103.79916875784392,-0.022965742
B82105,586.7675875407783,132.34400962997876,1.4806489
B82106,-20.06334295832172,42.67376796884805,-0.34777224
B82609,-92.56312545238016,6.152024365093926,1.6782483
B82611,500.9978719542159,316.84648834485034,-0.3237776
B82619,-375.64931038475623,14.468779230546657,0.73312944
B82622,-259.903024361806,24.114579585235848,1.260538
B82627,-192.89413107720583,43.62924796433209,1.8604829
B82628,316.67649833320576,93.46899969892678,-0.34777224
B82629,-525.6098608667679,-72.4955088793978,1.6439453
B82638,-476.6788833887614,-3.5779163127732545,-0.022965742
B83002,-181.69272466175173,43.03292466584003,-1.0163233
B83005,373.522213245274,-120.94321611162403,-1.0163233
B83006,919.672188583892,154.34513926879328,-1.0163233
B83007,86.27782995930149,-231.18875186942654,-1.0163233
B83008,998.5386147400332,164.28862379641282,-1.0163233
B83009,688.2441190714395,49.42514954357784,-0.23092765
B83010,1124.9508748784153,166.72091639781914,-0.23092765
B83011,233.0199004464909,-37.611582412062596,-0.2298271
B83012,650.5058146289106,399.308476233578,-1.0163233
B83013,1005.5440513371473,21.789180758720683,-1.0146558
B83014,783.4610991829769,66.1573143892989,-1.0163233
B83015,945.057284369536,184.9275506955948,-0.23092765
B83016,625.7450260172862,278.7458094183911,-1.0163233
B83017,325.2358475194733,51.10057372293694,-1.0163233
B83018,594.3319581130761,92.85356896396527,-1.0163233
B83019,-55.01918502979215,41.345898534134115,-1.0163233
B83020,474.26332414018606,130.80230736872358,-1.0163233
B83021,1318.7738429977558,244.87243854942636,-1.0163233
B83022,316.71389238901145,10.574506906010837,-1.0163233
B83023,952.0142181648171,214.30319348090373,-1.0163233
B83025,-23.810473348546715,-70.63080453856412,-1.0163233
B83026,225.5374473452895,90.8419141801473,-1.0163233
B83027,633.933049761311,97.46235959278238,-1.0163233
B83028,1201.6940806164707,150.06418134655482,-1.0163233
B83029,787.7807110749939,242.9966268758773,-0.23092765
B83030,690.7727220404338,176.0652412399115,-1.0163233
B83031,-118.02027201478519,44.818038715768814,-1.0163233
B83032,-149.79261489251962,-65.75779098648164,-1.0163233
B83033,1081.0977192858973,255.2395801387302,-1.0163233
B83034,619.7065337665481,-280.7627403484388,-1.0163233
B83035,810.2581915120473,185.86226897028322,-1.0163233
B83037,754.2151375207646,97.93417626272542,-1.0163233
B83038,1038.2039270546904,251.33729556523042,-1.0163233
B83039,1290.2771949252551,143.26047204817664,-1.0163233
B83040,470.23631384640464,25.78629040216518,-1.0163233
B83041,959.0243841479801,457.07534809207147,-0.23092765
B83042,810.433796751591,-12.620662072051244,-0.23092765
B83043,-44.58553835227814,-102.76799888577854,-0.21883366
B83044,479.71782648441996,46.75687816186213,-0.2020381
B83045,755.2813389308457,465.2094219851569,-1.0163233
B83049,54.2008017072269,80.54475789594957,-1.0163233
B83050,291.7479838088573,-23.19618358332405,-1.0030407
B83051,-399.74498862893205,25.86337006147589,-1.0163233
B83052,1362.9885557819082,488.9013292685039,-1.0163233
B83054,303.8521098357161,25.1965025629556,-1.0163233
B83055,2788.01698167915,344.38766736854836,-1.0163233
B83056,534.0694262301753,222.84777741541902,-1.0163233
B83058,370.4016765882889,33.741120954007165,-1.0163233
B83061,-159.14972197121222,26.53533821207786,-1.0163233
B83062,943.5517717152176,125.5313412997562,-1.0163233
B83063,1059.9491430879407,508.273887037736,-1.0163233
B83064,492.82709362838693,158.46528933160374,-1.0163233
B83067,204.58996028312873,102.34127195512878,-1.0163233
B83069,-349.61653173267,-153.48959111771327,-0.9973629
B83070,-193.74010156484348,-43.50002346802352,-0.99842274
B83071,-6.928953227362892,76.98563059670879,-0.99059606
B83602,84.19372586218005,-130.27253877068495,-1.0163233
B83604,41.57263184163626,61.95336298529974,-1.0163233
B83611,-90.98826275521249,78.61251780904699,-1.0163233
B83613,-50.4840255444352,9.049612194855092,-1.0007861
B83614,250.27884220996572,141.1167929757033,-1.0163233
B83617,-256.95075833745614,-41.77520768529018,-1.0163233
B83620,-196.88844289599015,12.325995549227367,-1.0163233
B83621,47.22506952261643,155.30409727923592,-1.0163233
B83622,76.68465737115861,41.52399805142214,-1.0163233
B83624,1030.104476151891,405.6810361408627,-1.0163233
B83626,308.6426084325751,65.5728995084295,-1.0163233
B83627,-71.71367582773676,6.488380218689151,-1.0163233
B83628,175.09511954806788,106.37721593007562,-1.0163233
B83629,-154.78157385684287,-47.78253138442716,-1.0163233
B83631,-137.35762067814426,-50.901099089108804,-0.99059606
B83638,64.29028474245533,-53.58186609015932,-1.0137966
B83641,347.81049047734643,24.189443624461333,-1.0163233
B83642,-185.85151574651698,-20.540288807319335,-1.0163233
B83653,789.2876869941259,86.54060022903207,-1.0163233
B83656,-482.2142434151602,-30.04187441098506,-0.99059606
B83657,-37.2580588846878,191.32919426189378,-1.0163233
B83659,-74.79176531726512,49.28491221344663,-1.0163233
B83660,523.5823237700791,64.08604003225764,-1.0163233
B83661,-121.97108036969016,10.533812198759048,-1.0163233
B83662,-486.3797524507329,-11.95990758888666,-0.990596
B83668,-496.99382012950605,-19.969036326455928,-0.99059606
B83690,-449.3337137852402,-2.3268096940846994,-0.99059606
B83693,-476.92125289042855,-4.434891910630932,-0.99059606
B83695,-512.7036778240514,-65.80787180792436,-0.990596
B83696,-476.49962329932765,-6.031550003714597,-1.011417
B83698,-471.1827337752641,-9.670436645960953,-0.99059606
B83700,-655.4972022929247,-210.06063606945892,-0.990596
B84001,798.7313133568257,20.614678044113944,-0.32025835
B84002,201.43189590451183,51.6548388158216,-0.32025835
B84003,455.94228711716363,122.85505935501384,-0.23092765
B84004,1695.0200909178043,1.5581565790354197,-0.32025835
B84005,503.2209880598062,152.9404884200854,-0.32025835
B84006,1538.659482861978,106.41941641872995,-1.0799267
B84007,271.66601168133457,146.25818500646108,-0.32025835
B84008,715.8604422541658,186.6131519401392,-0.23092765
B84009,695.3787975221597,135.6610009063374,-0.23092765
B84010,992.1751457661189,129.46954827470336,-0.32025835
B84011,1223.6579480834591,172.59107247797348,-0.23092765
B84012,593.1744104198677,69.96547694641703,-0.32025835
B84013,640.2923221569669,108.38915034768699,-0.32025835
B84014,-23.744432525214435,-14.876207449753876,-0.23092765
B84016,384.6428984543955,226.97950760674144,-0.23092765
B84017,-271.40579318759353,-36.20375226647676,-0.21173193
B84019,591.8674989772779,180.41726653737237,-0.32025835
B84021,386.5192904805868,140.00508995060966,-0.32025835
B84610,73.38129988837228,33.39558425428314,-0.32025835
B84612,537.3710235763918,291.3096925381506,-0.32025835
B84613,1100.3557701765933,379.3034318168699,-0.32025835
B84614,-305.4232161515073,-10.456973687375738,-0.26880386
B84615,-175.93174927621527,60.23954050583706,-0.23092765
B84618,1029.2423222030734,148.04718167171583,-0.32025835
B84623,-80.53001202117292,70.26230111646073,-0.23092765
B85001,228.946672348983,50.80637596723572,-0.23092765
B85002,-80.90024664352694,-14.930670445064989,-0.9184168
B85004,-51.02531874595152,75.96473525044624,-0.23092765
B85005,117.82880080875319,41.9551292970874,-0.23092765
B85006,534.3856637557694,162.55147549990022,-0.23092765
B85008,-64.27903078444118,22.831123602464487,-0.23092765
B85009,554.6697746858798,238.3130167702015,-0.23092765
B85010,244.11225600453656,52.83238861501423,-0.23092765
B85011,-9.751028208556358,-200.50717173455448,-0.19662465
B85012,769.5752219722393,240.39666614479844,-0.23092765
B85014,835.1992673582682,181.18122880783582,-0.23092765
B85015,636.7497793616869,121.41141019157493,-0.23092765
B85016,765.8100280326037,164.64511817537823,-0.23092765
B85018,601.599161423928,47.68681326712532,-0.24129
B85019,892.9520289874448,93.72662341773336,-0.23092765
B85020,641.1889690675416,144.34817821669265,-0.23092765
B85021,492.84290916823494,245.25294820654312,-0.23092765
B85022,177.0904539097886,-8.584517515834237,-0.23092765
B85023,29.362700047471385,61.78945091426089,-0.23092765
B85024,576.3214624216132,105.68387319151641,-0.23092765
B85025,620.8364043374002,109.50695098991353,-0.23092765
B85026,107.4900451096886,5.997833977030168,-0.23092765
B85027,316.3202939558632,126.22244440486367,-0.23092765
B85028,1656.5655122329347,151.90110214362826,-0.23092765
B85030,363.7758458243075,129.76944381195116,-0.23092765
B85031,39.155788946597816,6.975811055098365,-0.23092765
B85032,77.12022007820862,38.064479973778944,-0.23092765
B85033,-96.86615648476393,42.78999347389645,-0.23092765
B85036,329.5503703855669,116.75567207237846,-0.23092765
B85037,229.57222879213825,27.207841363691934,-0.23092765
B85038,179.83540865937033,78.47754385786044,-0.9184168
B85041,1083.041381129433,134.06004863378604,-0.23092765
B85042,500.21823531716547,95.11955698794999,-0.23092765
B85044,-116.1748929789473,-21.043737864165216,-0.23092765
B85048,100.34959913509998,88.92514327360182,-0.23092765
B85051,318.09836876211716,90.37554821130426,-0.23092765
B85054,487.30630371873724,371.7843877540252,-0.23092765
B85055,760.1363242293102,255.28861398182715,-0.23092765
B85058,-202.6358595277272,51.70010651834219,-0.23092765
B85059,3.0719097920867897,79.31179980953111,-0.23092765
B85060,-162.19872909509752,-29.598083882445472,-0.23092765
B85061,465.7982638807573,94.14557533399356,-0.9184168
B85062,-232.2302976205433,29.438168204036707,-0.23092765
B85606,481.14786030243295,-116.7230362876961,-0.23092765
B85610,388.5004252916135,173.30747036405742,-0.23092765
B85611,83.50257823200725,74.32391735841877,-0.23092765
B85612,-1.1510947640710167,51.7644308555507,-0.23092765
B85614,428.3947496641142,29.354930287518265,-0.23092765
B85619,-107.56406074644843,33.12367750061875,-0.23092765
B85620,-264.5099714129463,8.946526384958473,-0.23092765
B85621,-181.86822731337642,15.506407061620969,-0.2020381
B85622,-92.81821521455348,77.86104461957943,-0.23092765
B85623,-174.3398404186276,48.39640247160756,-0.23092765
B85625,-508.00090978693225,-168.41157458013296,-0.19662465
B85628,-392.46019819964533,-125.83943097549435,-0.19662465
B85629,-231.52274036987234,-21.762523574547526,-0.19662465
B85634,-190.8799188048648,58.87969820368317,-0.23092765
B85636,-226.4783653463353,18.054559342316793,-0.23092765
B85638,-210.7619888031741,-86.27522048576267,-0.22787751
B85640,61.2612759740008,88.93341447183786,-0.23092765
B85641,70.55406407134278,31.061662638158754,-0.23092765
B85644,-280.7747245624604,1.9071087314738544,-0.19662465
B85645,45.52617343888483,-110.64607132711954,-0.23092765
B85646,414.31337274503295,79.89918275560396,-0.23092765
B85650,-70.2872703691961,38.285928435082496,-0.23092765
B85652,833.0746035838695,-27.21606807290876,-0.23092765
B85655,-36.47722165680054,60.35994733548539,-0.23092765
B85656,-504.707576666046,-20.944647033252938,-0.26880386
B85657,-498.0926950348967,-13.916595208252373,-0.19662464
B85658,-482.63113743077406,-19.192977436850516,-0.23127067
B85659,-364.46026716871086,15.7183165117816,-0.23092765
B85660,114.25284363144935,96.16915005462839,-0.23092765
B86001,-181.88012918915635,0.5806075045763327,-0.24129
B86002,979.2783336923611,53.11674387322992,-0.24129
B86003,1362.881682350552,124.17967254358454,-0.24129
B86004,209.58745713086094,31.526583688537595,-0.24129
B86005,181.0594924336134,136.00475362644863,-0.24129
B86006,1029.4261291856333,160.47523201334147,-0.24129
B86007,750.7576768537798,156.3951877683385,-0.24129
B86008,690.1873662734135,391.1509625977419,-0.24129
B86009,230.09522460443685,110.97605043493077,-0.24129
B86010,384.70088043974476,116.21314443068835,-0.24129
B86011,301.8057517751646,26.199869105281234,-0.24129
B86012,1702.5138022400981,290.57609009624844,-0.24129
B86013,803.5447038898074,182.7076640196467,-0.24129
B86014,966.3980270767389,204.64473710281473,-0.24129
B86015,1674.9405178722357,265.9511149140955,-0.24129
B86016,2181.2261234920275,355.88971974561133,-0.24129
B86017,466.6155323226202,72.58339357677787,-0.24129
B86018,288.5317044858639,68.83572086088992,-0.24129
B86019,258.65898481057843,5.446061343319561,-0.24129
B86020,526.0428696965788,124.4469286838756,-0.24129
B86022,1101.6924314602763,281.94672306216546,-0.24129
B86023,-101.33477593166185,-8.906706160272925,-0.24129
B86024,722.6573519481101,124.86279096068863,-0.24129
B86025,362.27575880475655,39.912046041496744,-0.24129
B86026,-5.332323960072585,-32.17468471589021,-0.23271427
B86028,-40.694922216964144,43.72473013232739,-0.24129
B86029,36.892487564253656,39.72212213090186,-1.0163233
B86030,236.1287166206681,104.03603602513888,-0.24129
B86031,-118.73725878045687,44.63454676821688,-0.24129
B86032,1050.0599292426266,471.35085858087825,-1.0163233
B86033,681.1603827463518,182.34222778022965,-0.24129
B86034,136.1765428478676,63.14216911578619,-0.24129
B86035,850.6292296804506,146.49713774749196,-0.24129
B86036,666.1371761211468,41.19222513692951,-0.5385826
B86037,-306.0789742447035,-33.548362532570565,-0.52822447
B86038,418.1983689559912,16.585649608924424,-0.24129
B86039,73.6828402098,5.709464130926076,-0.24129
B86041,296.6577117403582,75.51368193997538,-0.24129
B86042,1666.4893687279432,118.19868873356032,-0.24129
B86043,601.7194658039996,203.69960148144517,-0.24129
B86044,1330.6337202778875,115.51723513633912,-0.24129
B86046,296.4016439071228,131.80644186859783,-0.99059606
B86047,-47.190721711274556,-30.865867867114588,-0.24044774
B86048,980.9779419259559,152.10990008519502,-0.24129
B86049,267.85306731479403,86.34844018447416,-0.24129
B86050,1632.8895110044289,261.8740449693118,-0.24129
B86051,182.2527867182328,128.67870848907668,-0.24129
B86052,324.1597323850123,15.612091431647093,-1.0163233
B86054,765.6006093497994,85.4040876111777,-0.24129
B86055,319.7440780258619,172.52717429416225,-0.24129
B86056,-116.66193197679745,-24.3826278458696,-0.24129
B86057,1293.9237086211704,133.97666365261927,-0.24129
B86058,-10.542088897964614,36.91839946929681,-0.24129
B86059,1067.095181959426,141.2794003432953,-0.24129
B86060,763.1373116376839,68.44653023429002,-0.24129
B86061,-56.56460196382008,49.326295205175626,-0.24129
B86062,1001.0236942124521,54.5727788393526,-0.24129
B86064,745.0895261042517,75.08661990533487,-0.24129
B86065,63.100350566917946,40.216055279462324,-0.23271427
B86066,426.9420176373731,103.35675395175167,-0.24129
B86067,1445.900122128479,298.5748715986839,-0.24129
B86068,374.7400361106647,281.59730598308744,-0.24129
B86069,361.39530711944184,1.395720779213337,-0.24129
B86070,96.72532842975913,34.005990982908116,-0.24129
B86071,358.5745527672835,63.72542498838888,-0.24129
B86074,-124.46466048785125,8.809058572452823,-0.24129
B86075,1039.0465464783847,261.21543732049713,-0.24129
B86077,139.03472383317504,-126.37888082339636,-0.24101488
B86081,1227.3569619568414,135.39442304778325,-0.24129
B86086,19.669627533533124,65.8225049326001,-0.24129
B86089,151.9089196054318,-4.727463319804352,-0.5385826
B86090,-368.0412900421293,-70.64502846138184,-0.23271427
B86092,181.98488258548514,127.86661118794044,-0.5385826
B86093,100.6261126888871,88.4660248691609,-0.24129
B86094,-6.222744717112529,26.982247831294632,-0.24129
B86095,-149.44233774019588,-1.8112967818350607,-0.23955229
B86096,369.29833023532603,-50.1395918738193,-0.24129
B86100,104.78756980265285,86.73417059631872,-0.24129
B86101,-102.2533218323353,-9.57116980336494,-0.24129
B86102,-263.1618331439432,-106.90346356342496,-0.23271427
B86103,-153.46427117910866,-27.695892439466306,-0.24129
B86104,436.91222363218253,299.076502831912,-0.24129
B86106,375.2603065115981,101.0956404877098,-0.24129
B86107,73.077426154092,31.07234288699662,-0.23271427
B86108,-189.6254429678342,19.427305261219693,-0.24129
B86109,72.3409358278103,36.103585331642776,-0.24129
B86110,-122.86360234527156,31.1634027219891,-0.24129
B86623,-298.4905692302865,-28.291951135835557,-0.24129
B86625,-70.61471873327443,-52.416077635105424,-0.24129
B86633,-79.28027455526987,-50.9688029466441,-0.24129
B86638,-361.93708559184495,-145.20260210740463,-0.23271427
B86642,-211.32050111042986,24.757342617946293,-0.24129
B86643,-112.97505759014237,40.28408195955849,-0.24129
B86648,-236.2659240566205,24.019370311825856,-0.24129
B86651,-440.4262818753366,-97.13056841786505,-0.23271427
B86653,-614.9891226365797,-221.1663587826771,-0.23271425
B86654,-160.209953006465,0.4049381593544447,-0.24129
B86655,-303.3104398112164,-7.0014228511667085,-0.24129
B86658,-1.315755639840627,129.82829954938308,-0.24129
B86666,-69.08936435222846,-36.36221927587942,-0.24129
B86667,216.20796142107636,118.56088653138187,-0.24129
B86669,-339.69334426851697,16.869555921724775,-0.24129
B86670,-375.42967734593407,-67.80439491964395,-0.23271425
B86672,220.010587779146,147.13710838894454,-0.24129
B86673,-23.79609086068061,36.96683010013846,-0.24129
B86674,-478.74898210338847,-1.36757283151453,-0.23722547
B86675,69.9566193344564,22.88184140218212,-0.24129
B86678,-118.8257248036387,52.627577632947336,-0.23092765
B86682,36.99420921353169,-9.580288531764037,-0.24073417
B86684,-481.680454401235,-4.396976959647622,-0.24270831
B87001,577.6754184330262,114.41259450056464,-0.9184168
B87002,491.2623696137877,54.10782136787993,-0.5385826
B87003,537.0847135784824,12.127079196212192,-0.5385826
B87004,655.7121177919923,92.14212961240065,-0.5385826
B87005,970.2844066843999,49.49996090206004,-0.5385826
B87006,1562.9856809318949,20.01530165562809,-0.5385826
B87007,966.8718185802626,109.6197286190475,-0.5385826
B87008,1718.633888480021,152.91924457325484,-0.5385826
B87009,559.2211766376759,-25.547335489266096,-0.5385826
B87011,1387.485630851468,100.76134505660123,-0.5385826
B87012,608.13017331633,-94.77601518935961,-0.5385826
B87013,913.8363719509848,78.38758258358594,-0.5385826
B87015,938.377189859199,164.6212905590423,-0.5385826
B87016,3218.7844701643894,521.1409330637207,-0.5385826
B87017,1473.740189825446,780.6694361566922,-0.5385826
B87018,659.1841371822026,90.00281741340638,-0.5385826
B87019,276.89295600213325,50.322386731817204,-0.5385826
B87020,536.3580097369675,73.90712498722671,-0.5385826
B87021,1754.4809066492903,-201.50860013644876,1.4806489
B87022,238.68475690468586,5.845247306526114,-0.5385826
B87023,1679.935188262757,3.3217844156375977,-0.53116316
B87025,418.6842639234072,172.53506630934518,-0.5385826
B87026,2265.7795202314182,-24.465828050531346,-0.5385826
B87027,561.2969298588141,88.97218346075127,-0.5385826
B87028,1150.4940768742454,-31.599742468589522,-0.5385826
B87029,343.0208714491639,-149.10178609902397,-0.52143115
B87030,2015.0884346230719,1022.0934748546116,-0.5385826
B87031,532.0329560482079,96.58517236911231,-0.9184168
B87032,464.9463603253631,93.03132525473548,-0.5385826
B87033,32.184179552996156,26.622110089835687,-0.5385826
B87036,21.52199233794109,-25.20906590522828,-0.5385826
B87039,1385.5602854103,277.1503623138735,-0.5385826
B87040,367.8945514668521,23.491217722157717,-0.9184168
B87041,-71.64570854526086,-58.08105553333042,-0.5385826
B87042,374.80923669134165,3.2708779874736162,-0.5385826
B87044,-57.2393824234284,128.6068292325664,-0.5385826
B87600,-70.0745125577882,60.174153872305546,-0.5385826
B87602,-230.30056102209738,-19.164066726119863,-0.5385826
B87604,-104.90512538699832,-134.2735154553922,-0.5385826
B87614,-386.57424614202336,52.56077986699473,-0.52143115
C81001,1029.6833903154277,147.0498611014982,-0.66578954
C81002,998.2745895134252,300.64813846451887,-0.36849695
C81003,602.1719035886047,81.02211524358485,0.60949576
C81004,561.314386330818,42.37090135373804,0.47871554
C81005,1324.6722416928835,314.4094651051722,0.47871554
C81006,877.0568362949564,166.43912194902694,-0.3599212
C81007,238.94799286011062,-78.03876083240571,-0.3599212
C81008,943.5386177904028,238.63730732611174,0.7795814
C81009,784.1826753850593,162.88548596261285,-0.3599212
C81010,817.3869493564406,28.328155886372922,1.1283286
C81011,-318.46594356334225,-498.17625525793466,-0.66578954
C81012,1283.7919934674617,101.48035547833427,-0.36849695
C81013,4.108808192816136,62.80444686457918,1.5699795
C81014,672.2024163002411,-19.49675126767869,-0.3599212
C81015,660.233434050487,1.223639843528424,-0.36849695
C81016,187.7274828121869,18.116391259984365,1.5699795
C81017,544.183043020041,47.76239389329564,0.47871554
C81018,405.1293246346728,107.47239698586219,0.4805022
C81019,135.60176670071803,-3.229558987622499,-0.3633966
C81020,607.251998630394,8.869250270216552,1.1937186
C81021,941.847205332949,167.23461773026486,1.1283286
C81022,-104.79590956103391,9.630672509670497,1.1283286
C81023,406.0510593714773,23.691469297836697,1.1283286
C81024,3237.6965838266165,713.1388588402401,-0.37707266
C81025,587.9388928410594,83.49275207801654,-0.36849695
C81026,216.4209585125548,20.4300769679813,0.36866012
C81027,420.7200223598819,52.87752001882227,0.47871554
C81028,227.0478798481063,42.00845248905636,0.7795814
C81029,2381.1239303758252,109.73526453211721,-0.5746722
C81030,530.5579711951777,132.97854083256684,1.5699795
C81031,312.6893309895727,20.344966059871325,0.36866012
C81032,990.1314902016986,180.22770793188192,1.1937186
C81033,2336.040024252008,90.21197844376759,-0.6743653
C81034,441.43681616102583,129.611726798031,0.90321517
C81035,694.5773699948832,33.236388089239185,-0.3599212
C81036,-68.87991376216762,-1.5252472666225703,-0.3599212
C81037,337.25392854883364,122.23168998028277,1.5699795
C81038,598.6888633318935,-10.09095685422935,0.47871554
C81039,-133.6372623451383,6.561668838864654,1.5699795
C81040,-52.547354575205304,12.648533883494052,-0.3599212
C81041,1343.578430778105,177.11207472411036,-0.66578954
C81042,161.26285258288922,0.2931515176514793,-0.3599212
C81044,633.0843308669581,119.16904939527147,-0.36849695
C81045,1102.6888549322339,334.4999242179675,-0.36849695
C81046,25.87220019124843,27.37529631953817,0.36866012
C81047,669.2662814668972,78.68785524463884,-0.3599212
C81048,296.66284752736743,-6.700581727962627,0.47871554
C81049,600.4401815041921,106.09684293294933,0.36866012
C81050,954.1524420561024,123.42224624299837,-0.57575554
C81051,1137.115193611483,195.07832794231751,-0.3599212
C81052,407.2496138685578,37.37493608036994,0.36866012
C81053,466.1768642540023,82.99383952045063,0.7795814
C81054,1057.0393748484837,198.2755722092074,-0.3599212
C81055,259.0728765551708,38.886793318561764,0.7795814
C81056,681.5109317275094,110.02419748691369,0.7795814
C81057,156.03281273464026,34.63856317402272,1.1937186
C81058,630.6717998085476,137.56856785640505,-0.36849695
C81059,109.2992641911034,28.141006945263637,0.47871554
C81060,298.0938343182799,102.03691605246655,1.1937186
C81061,763.6056079170032,-75.44941482190252,1.1283286
C81062,173.45457671133752,59.72722953939823,0.47871554
C81063,419.53483788853435,74.22244768561423,0.90321517
C81064,410.23266644150385,22.62604267636139,-0.3599212
C81065,206.55679421471248,29.582932166471895,0.90321517
C81066,368.5888836520713,-2.3247915109604063,0.36866012
C81067,264.35278875127943,50.790135369650955,-0.36849695
C81068,485.3940924825437,72.34444121680743,0.36866012
C81069,622.8643666040076,54.86172740531577,0.47871554
C81070,161.58673282145725,-1.1262075546598564,-0.36849695
C81071,942.7513971521191,69.31574323315598,-0.3599212
C81072,1249.9052152017873,73.48952798332535,-0.3599212
C81073,429.2305815126409,84.44725921018053,-0.3599212
C81074,426.0027640841048,-32.618075079237585,0.90321517
C81075,116.17957471069879,43.76926862785882,-0.3599212
C81076,-176.22278344021134,7.654341135714754,0.90321517
C81077,3.8399143512474643,-3.6554645360461344,0.90321517
C81079,-334.7726877715092,-101.84291981979386,0.4529883
C81080,486.5792812610333,100.1317536951615,0.90321517
C81081,1321.3387766007277,120.82653337135753,0.90321517
C81082,-109.32521260080402,-52.63977665386053,1.5699795
C81083,303.5454953133703,50.12086307661402,1.1283286
C81084,1209.160878647791,548.470246525504,-0.36849695
C81086,278.7771681280779,113.05995468030592,1.5699795
C81087,719.9307074820522,160.39179879784632,-0.3599212
C81089,81.37895825636308,3.015168268990909,-0.36849695
C81090,-63.487749670642714,-8.388259615908579,1.1283286
C81091,583.7599959770122,192.75144802015464,-0.66400295
C81092,64.1721657039173,-5.785427954082592,0.90321517
C81094,190.64616738622945,64.30794706484978,0.47871554
C81095,27.16311472770594,12.529165360206415,-0.66578954
C81096,201.49181544646524,16.900810616154846,-0.66578954
C81097,63.39952434226508,3.514831370894777,1.1283286
C81099,619.8626790973682,62.336549701534096,0.7795814
C81100,77.2237524435639,-182.0340081867168,-0.37614733
C81101,356.8040810303068,43.81112099924063,0.7795814
C81104,-262.9960236506846,40.25330729918805,1.1937186
C81106,402.4095571408379,52.213914421442375,-0.98023367
C81108,589.3116099354515,82.84161752218509,1.0561494
C81110,498.96916124847394,30.086998138547973,1.1937186
C81113,-2.79319191703428,71.3252685195972,-0.3599212
C81114,480.2231798735432,108.62784509310508,1.1937186
C81115,151.3079653063361,27.360185027689894,1.1283286
C81116,144.15058575563137,91.51129647004505,-0.3770727
C81118,384.9683704601518,143.605661565053,-0.3599212
C81604,-92.88300520766407,-61.737610366229745,1.1283286
C81611,-264.22404971244885,7.2681236929084925,0.7795814
C81615,-102.24470678417543,17.509194845344233,-0.98023367
C81616,35.222076676672216,-9.002367607778709,-0.3599212
C81617,-21.850369270070498,105.30804947946176,-0.3770727
C81627,-196.86659837659877,-71.74638750304752,-0.3770727
C81629,-268.49928216745803,-132.15112530689373,-0.3770727
C81633,-366.6769722142523,-70.94344098708656,-0.3770727
C81634,-28.266448362857563,51.847672859857354,0.60949576
C81638,12.709704817566756,95.0635139211104,-0.66578954
C81640,-151.06015440420336,32.21748664331186,-0.98023367
C81642,-116.02276043329653,59.56635294201734,0.36866012
C81647,242.79869448895462,86.67177441618858,0.7795814
C81648,-203.76654821932516,53.085733953466644,-0.3599212
C81649,477.5881375759277,168.0938790916704,-0.36849695
C81652,-152.65555985246604,51.977324511543095,-0.3599212
C81653,-209.52209676843023,-0.47128650731059113,-0.3599212
C81654,-75.82281412880971,-0.8835121811598384,-0.3732959
C81655,153.32071942947368,57.00575842650163,-0.66578954
C81658,49.34733132791731,132.1098692469705,0.7795814
C81660,-116.94174510657612,22.003193202110115,-0.98023367
C81661,-53.00184849116525,-11.036545685277432,0.7795814
C81662,482.03630571085773,182.9447179467431,-0.66578954
C81665,147.16354724465197,-57.03679295002937,-0.3770727
C81667,-483.6125597421511,-7.164573622510578,-0.36850905
C81680,-518.3896221810343,-29.100442956030736,-0.37707272
C82001,628.0842272132173,441.514957121289,2.130262
C82002,223.94724100119473,33.53578926658827,1.4445592
C82003,538.7956424262007,142.7094395826123,-1.1538926
C82005,481.67230923888985,29.75876033603856,-1.1538926
C82007,533.0700257094107,139.7962033932054,0.36866012
C82008,773.8109071452262,248.61622190101696,1.860483
C82009,2387.1907018917486,308.5767194406615,2.130262
C82010,1173.5948079321618,47.97925155217763,2.0030549
C82011,476.45381020829007,80.82818217764218,1.3173523
C82012,770.828359301656,105.45034307524816,1.0561494
C82013,662.759762717614,150.91828525779124,1.4445592
C82014,999.6573157910194,124.36214433180336,1.0561494
C82015,-289.751669439661,-62.51631587668047,-1.1666429
C82016,206.66178646351642,99.27918021211002,1.3345038
C82017,1035.6321324799826,88.49582818829685,1.0561494
C82018,1995.3300612088026,279.4491437663151,-1.1538926
C82019,309.7847354629228,108.14174594988857,-1.1538926
C82020,148.0360169183309,125.99699693139091,-1.1538926
C82021,279.3998884068578,18.236503879901196,1.4445592
C82022,146.63431242755345,87.42959035168155,2.130262
C82023,-115.87799185285367,-81.13876818826456,-1.1692168
C82024,1101.452462047863,-350.1932637343393,-1.1538926
C82025,305.55112637976714,-1.9231516670812276,1.860483
C82026,355.7194992443127,54.67689668378296,1.3173523
C82027,400.64599100443866,104.67573758673868,1.860483
C82028,387.4444622740102,68.10585904274187,1.860483
C82029,993.5727930275235,232.78003078472815,1.4445592
C82030,49.06704758882247,45.836790421173134,1.4445592
C82031,644.6316891528868,46.24923734869283,-1.1538926
C82032,63.448533323732235,32.17661582661562,-1.1538926
C82033,685.6272880778375,135.98261724002305,-1.1538926
C82034,97.37239265772882,58.425103010246715,1.3173523
C82035,174.49391070533247,50.96283443422839,1.3173523
C82036,1135.0563237635877,223.37657765234303,2.126164
C82037,553.846220860415,-147.5169920661743,-1.1538926
C82038,2538.7606064048146,31.276539137105686,1.3345038
C82039,415.1777876406665,-30.116552747917147,1.860483
C82040,318.9820730700851,77.51491029353481,0.36866012
C82041,768.4398746310694,247.7271726211309,1.3173523
C82042,577.4909911391969,138.19329815926736,1.3173523
C82043,1040.8783287435942,111.96900294905784,1.4016805
C82044,288.02920364458515,92.89145462726486,2.0030549
C82045,280.63734382478987,60.97655126229411,1.0561494
C82046,1624.4300596373018,533.1896794812147,-1.1538926
C82047,1004.7929962678019,308.2642880631002,1.4016805
C82048,-186.46774557980748,14.899623543554814,1.4445592
C82050,1077.4836913442039,551.8474261524484,1.0561494
C82051,716.9316710954416,142.49683568980882,1.4016805
C82052,-83.23403860275135,45.52422664763152,1.0561494
C82053,1033.0490669197914,277.42322119287235,-1.1538926
C82054,892.0875335722583,312.34004183919427,1.4016805
C82055,734.0931424128646,41.59316353771737,1.860483
C82056,685.7620640219818,112.69094260245824,-1.1538926
C82058,-82.90624238161666,-146.45927802382613,-1.1710441
C82059,-346.1351168046231,-7.043613399221211,-1.1538926
C82060,-37.9079650344454,29.849202968828113,-1.1538926
C82061,994.2562623562983,381.99953376876607,1.4016805
C82062,168.99520662054536,73.18726043031224,1.3173523
C82063,859.1485640397832,-49.261216623102506,-1.1538926
C82064,747.4415720431987,138.67113462202775,1.0561494
C82065,-362.01914886465823,-10.547171395066645,-1.1710441
C82066,620.9816527250368,64.8791709712132,1.860483
C82067,150.04517127149595,-1.458918152726159,1.4445592
C82068,872.5051240417654,-5.563283158634166,1.860483
C82070,399.69512611689674,63.28793554082268,1.3173523
C82071,696.7348587792327,319.1140691663364,1.4445592
C82072,373.8290599319784,-81.40204994559049,1.0561494
C82073,1142.3795832928915,65.15132584972156,-1.1538926
C82075,612.9915777922927,106.1244148867346,1.4016805
C82076,-2.4551417213966014,115.24420213733072,1.3345038
C82077,786.6709932856769,185.37337423099143,-0.49391726
C82078,455.2742611033796,142.1311070822874,1.3173523
C82079,405.9571358664481,-29.850738532054816,1.4445592
C82080,-58.34354862046451,0.9309497602252627,-1.1538926
C82081,-281.65104373422565,-30.467850643297915,-1.1710441
C82082,248.49941221033453,52.728760216268,1.4016805
C82084,-232.4527750399937,11.449187101879172,-1.1538926
C82085,-1018.1363511425378,-689.4432165942018,1.860483
C82086,260.09430627718723,24.5608309513539,-1.1538926
C82088,383.9340686513715,-168.6531029863888,-1.1538926
C82091,455.32084203933215,47.57174212809293,-1.1538926
C82092,-196.96906632351178,40.862677504895956,-1.1533675
C82093,477.11529510178644,40.31781200710889,1.860483
C82094,285.43730312411424,-15.739434318868533,-1.1538926
C82095,306.3831078140384,164.201461638188,1.3173523
C82096,503.1997837692606,139.42792639053565,1.0561494
C82097,-386.70871500648326,0.8490943940211512,1.3173523
C82098,290.65576614096227,61.67264752027785,1.860483
C82099,-79.34058320352248,46.49308085379213,-1.1538926
C82100,451.5007957620178,151.14665704467944,-1.1538926
C82102,-68.70401380320126,-19.996904878427102,1.0561494
C82103,377.7278583045111,115.80201755187814,1.3173523
C82105,-375.1992502436889,-43.09598856274915,-1.1538926
C82106,-154.8594410804949,21.470677691667046,1.0304221
C82107,187.95076861866835,201.53517825512856,-1.1538926
C82108,-323.36862318504785,-170.62846555189245,1.4274077
C82109,-85.36412815182794,34.95140386354035,1.4445592
C82111,-292.8888652463994,34.4561964660037,1.3173523
C82112,-108.90344744006897,-40.66359798650615,1.4445592
C82114,-276.31213954809357,4.983902364279476,-1.1538926
C82116,-149.0359850214786,-69.75673974349037,-1.1538926
C82119,-250.69436529404314,-42.75684929164177,-1.1538926
C82120,-171.97896958660309,25.247816846391974,1.0561494
C82121,852.221570164052,185.85268249690964,1.4016805
C82122,-40.77758929779073,53.54977889962265,-1.1538926
C82123,-136.09984312268426,101.2899101875822,1.3057103
C82124,-26.907231640323733,151.47714120498256,-1.1538926
C82600,-51.87928683629567,41.4385552862149,1.3173523
C82610,-96.16044777702105,52.1681861549776,-1.1538926
C82611,24.779072359540258,36.02582977092882,1.860483
C82614,-111.67390324227308,47.69908003095017,1.4445592
C82620,-301.63938985640664,7.101007884671113,-1.1538926
C82623,-120.7686414169066,65.6652291876473,-1.1538926
C82624,219.2082305884714,-27.194271552778176,-1.1538926
C82625,-380.4426048887537,-132.08420809742168,-1.1710441
C82626,-251.86649400983,-4.580386289384268,-1.1538926
C82627,-77.43928334061933,17.660406236672923,-1.1538926
C82628,-220.68434326006084,37.92468232524754,1.860483
C82631,5.543679743747893,39.94955914382331,1.860483
C82634,-198.99868025824046,36.30047344746767,1.860483
C82639,53.65918430553204,83.50271014223628,-1.1538926
C82641,-306.916615355904,18.65767188340627,1.4274077
C82642,244.27620525489905,-282.05990972081133,-1.1538926
C82643,420.98826978089795,-64.85000362927056,-1.1538926
C82644,-125.13709011824477,55.174355145236035,1.3173523
C82649,-65.61348451903696,109.06357331086572,2.0030549
C82650,-38.856580922517196,78.27707964020657,1.860483
C82651,-243.76120921148413,-37.069165314496765,-1.1538926
C82653,-317.38835651525403,-24.201475694596287,-1.1538926
C82655,-302.89226560317735,12.080779778765159,1.0304221
C82656,-140.9101342092716,54.7116698993773,1.0561494
C82657,-365.8695159980141,14.93856227496608,1.3162519
C82659,-275.3394548821244,23.907199433491332,-1.1538926
C82660,97.70337998092977,-23.863472132481487,-1.1538926
C82662,-239.47586531104037,24.317322805299753,-1.1538926
C82663,-105.8884559890495,52.730925591891115,1.0561494
C82667,373.867579276923,-55.232704421839024,-1.1538926
C82669,-131.929355270971,45.19469075425954,-1.1538926
C82670,-316.9094967828349,23.748343355865398,-1.1538926
C82671,-229.12364316883142,35.4625918647772,-1.1538926
C82676,152.18103795712383,86.80657393882495,1.4445592
C82678,317.7620449027256,102.29186743030805,-1.1538926
C82680,-32.88389303757929,93.88097859684673,-1.1538926
C83001,507.5626531490962,78.34661434017961,-0.7501178
C83002,450.12797320094296,100.7697230247039,1.633583
C83003,1435.6378824165997,261.43986167320946,0.19857442
C83004,427.3975209392957,75.51266711299543,-0.54215586
C83005,732.0574111797151,154.9744480970869,-0.9630822
C83006,260.34604117797727,108.23391730082007,-0.956707
C83007,2095.5319385625685,1107.885760363174,2.0030549
C83008,227.11422484615954,-18.976826613265054,1.1815696
C83009,932.8540557039595,293.3648772152254,-0.7501178
C83010,565.2648451901026,187.57498257402452,-0.54215586
C83011,593.0494459070947,135.1224966827217,1.633583
C83013,438.30143773184847,20.00821114515195,1.633583
C83014,837.0842486761029,186.8678247707818,-0.7501178
C83015,754.8780202279074,27.243820677052195,-0.54215586
C83016,-194.66441740079554,16.547023907300815,-0.78909576
C83017,740.6910313536126,-54.18708417015809,1.9706513
C83018,1138.8922462545595,536.2440195269978,-0.060841966
C83019,4466.605751575244,539.7616671452962,-0.9630822
C83020,559.8480044020615,92.69310699069123,1.633583
C83021,-230.10355575856045,-52.256940805505955,-0.95450646
C83022,1829.4322398705199,46.36553238865344,0.19857442
C83023,1898.1995624969127,234.91714545159516,1.633583
C83024,-84.96950475660216,-5.790000438724998,1.1815696
C83025,575.403398995052,261.6378183648488,-0.7501178
C83026,2406.1502169014925,403.9592693184973,-0.71045494
C83027,763.2094137062031,171.46818280907723,-0.9630822
C83028,628.1543270848387,109.84434156552993,0.19857442
C83029,202.22284400162079,3.8148974877115993,-0.7501178
C83030,392.8918133435758,97.74517918240846,-0.54215586
C83031,1414.3835632833534,290.45954974296524,-0.7501178
C83032,644.9848379432078,158.07899151516747,-0.9630822
C83033,85.85285957249371,83.15389720314629,0.12996843
C83035,914.4729032628993,128.38645683820326,1.1815696
C83036,782.922447174876,351.33621304283093,-0.54215586
C83037,673.9223684497854,138.8044049567164,0.34471947
C83038,598.7007766713426,60.500489044830616,-0.7501178
C83039,479.401885328335,84.91354656498353,0.19857442
C83040,1487.9960496609403,216.30613525367252,1.1815696
C83041,357.95581490592696,94.87952074023625,-0.7501178
C83042,593.7533909566056,162.78660191999785,-0.9630822
C83043,1097.1680553972237,148.96111952451054,0.34471947
C83044,1013.9750827594498,247.2069299524051,-0.060841966
C83045,1834.7881478987583,567.3595127565952,-0.9630822
C83046,230.44954623663358,27.872247821381237,-0.7501178
C83047,494.3518576354292,112.51671128408869,-0.5755655
C83048,959.3245770396346,196.25092741610055,1.1815696
C83049,541.1603242140496,66.36603562376511,-0.54215586
C83051,354.9822470328303,239.12101055986773,-0.7501178
C83052,-34.36339300709721,-11.401645712763697,0.34471947
C83053,-259.7085660588786,-6.728881715203085,1.1815696
C83054,847.846912786427,140.36526047997992,1.1815696
C83055,316.18665539648055,204.39983857359434,-0.54215586
C83056,1758.2106693663347,431.56606542643976,-0.9630822
C83057,290.1484706872493,159.00853867226581,-0.54215586
C83058,341.8666233774134,71.27036112622162,-0.7501178
C83059,429.35468978981686,26.837497377037455,-0.54215586
C83060,858.6675312876176,545.7720059845872,-0.54215586
C83061,892.5203984652559,214.47753314650575,-0.59361035
C83062,201.37353266220458,236.54115437885554,1.633583
C83063,2046.7556141350199,213.44933993339882,0.19857442
C83064,3774.612893777429,601.7969405546946,-0.9630822
C83065,468.2211095787323,100.7870060380827,0.19857442
C83067,231.44685966886658,98.40079632717587,1.3345038
C83068,-149.7075666743231,37.294727644974365,1.9758807
C83071,536.1393502343268,80.70025952823772,-0.7501178
C83072,701.175630570462,97.3491700110269,-0.7501178
C83073,11.336893121414404,-5.79790330433475,-0.7501178
C83074,114.65305012999097,111.5218270774239,-0.7501178
C83075,242.11525880980636,76.61580605759417,1.1815696
C83078,558.1451627277786,180.54551357295858,-0.7501178
C83079,-19.422827743039605,81.0716993235564,-0.7501178
C83080,88.07357612699877,41.175510960349584,1.1815696
C83081,-292.12501814358205,-164.3011365886545,-0.81014806
C83082,587.5926961511495,49.6343661215129,-0.7501178
C83083,804.6341446103617,120.60910717272435,-0.54215586
C83085,1463.303665244579,486.95294067044665,-0.9630822
C83605,-122.71313537680142,75.14587374498154,-0.95585984
C83611,288.15120761815876,150.03370234350166,-0.7501178
C83613,326.47566077762946,95.61555049750632,-0.59361035
C83614,89.96589814805789,12.729281422811416,-0.54215586
C83615,-228.9083864610266,-77.09253654867189,-0.810148
C83617,375.60698211122315,115.68480350659016,-0.71045494
C83626,203.00349071532682,165.57134735978966,-0.7501178
C83628,-328.6862491422342,34.085428195707564,1.3079388
C83631,-207.4214926600039,-76.24556899817334,0.19857442
C83633,15.912221430254878,97.51174350388156,0.16061679
C83634,130.07525703210882,115.40387790813969,-0.54215586
C83635,364.93195439023475,131.11754028899583,-0.54215586
C83637,317.04862245607575,20.908080253074555,-0.7501178
C83641,220.91017937693238,163.31135351863279,-0.7501178
C83643,-48.165416488880425,-59.82102934441899,-0.59361035
C83644,-185.48141188827745,-160.56454886806966,-0.052266218
C83649,98.20418528410414,151.17373860067008,1.1815696
C83650,173.18744662776493,87.99993066719745,0.34471947
C83652,-313.0006565063647,-66.90053980801298,-0.7976726
C83653,-271.40397474060126,59.06990178024264,1.3345038
C83655,-292.82878998045607,-60.90294408182673,1.6078558
C83656,-407.51309130989455,-40.303251311884985,-0.81014794
C84001,4052.5714407358355,615.8546333967255,-0.060841966
C84002,824.7281696334825,-28.774114433266078,1.1127913
C84003,-135.50543055879095,-121.45825816284832,-1.2071337
C84004,555.9059140376977,265.8936295861796,-1.2071337
C84005,714.2171593402269,139.50630175502548,1.3173523
C84008,79.09475070276092,-3.9318470398459757,0.3997472
C84009,818.5645637015257,191.4422351567153,0.3997472
C84010,744.8882289979798,154.76733767657166,0.9478805
C84011,425.99709286292426,22.339048709913335,-1.2071337
C84012,1510.4446506474694,241.45572301548364,-0.5746722
C84013,1214.778900054817,592.8538236520646,-0.060841966
C84014,739.8891071211482,118.64576610096688,-0.5746722
C84016,1509.8936770522837,-86.0519371361085,-0.6743653
C84017,2035.0680869857342,205.15537084101496,2.202441
C84018,691.3527098275842,231.8189587674758,-1.2071337
C84019,1073.660581453901,6.493276742165906,0.3997472
C84020,250.40891111204027,51.74017858319808,-0.6743653
C84021,1179.2176658416986,274.18570955989566,0.3997472
C84023,44.283005448206566,48.27233264932425,-1.2071337
C84024,3537.4441765517295,403.8672891246933,-0.6743653
C84025,152.68640014364018,70.09490198024578,2.202441
C84026,813.7777797473233,165.82219664602357,0.9478805
C84028,-15.992542184443462,14.607613883689062,-1.2071337
C84029,1770.7442065170155,69.08184188761822,0.3997472
C84030,231.60721587645878,96.51585766061281,-1.2071337
C84031,-83.29442806236437,19.12327870423136,-0.6743653
C84032,1109.5463072229838,630.7591024036999,1.1283286
C84033,402.7718559752429,-47.55159454553296,0.9478805
C84034,903.9363355974956,155.0916613795059,-1.2071337
C84035,591.795602883442,157.132422041335,-0.060841966
C84036,1910.3804275239645,732.8069003227663,-0.6743653
C84037,745.1242714139249,14.080074366058431,0.9478805
C84039,337.45624588046894,168.90707092179457,-1.2071337
C84042,200.05275368099194,25.00333481403296,1.1283286
C84043,896.7920820855617,219.03239930319253,-1.2071337
C84044,84.81554194746789,145.14677330860604,1.1283286
C84045,377.45528403505,92.60515677922389,0.3997472
C84046,853.800550266952,54.29714139922152,-1.2071337
C84047,738.8211941367922,127.86102088242622,0.9478805
C84048,525.866659935335,28.143808095671538,2.202441
C84049,985.7347480585585,201.07664332832954,0.3997472
C84051,1850.8022118095062,749.5846828531534,-0.6743653
C84052,279.5277822725954,31.25589042919719,-0.055273686
C84053,1377.0775955614126,22.003024787198537,1.1283286
C84055,617.2250697195113,3.8532769985118263,0.9478805
C84057,-34.10042106769363,51.16656404012374,-0.66578954
C84059,1638.6404289533116,499.21668760313315,-0.6743653
C84060,570.2055852652245,104.55505143417656,-1.2071337
C84061,249.96832668080037,88.51977988361821,-0.5746722
C84063,467.54872091995304,207.14532262986853,-1.2071337
C84064,521.1473942111207,157.46814002829134,-1.2071337
C84065,175.90002053834223,64.7353640984196,1.1283286
C84066,462.3963699644334,61.65344643160931,0.9478805
C84067,424.6666379003182,52.60519261348099,-0.5746722
C84069,1087.6354157585638,206.93354071236223,-0.6743653
C84072,750.433164026994,171.08132682679116,-1.2071337
C84074,185.24857710958577,61.69133496542413,-0.5746722
C84076,75.1338327680715,118.41411242593196,-0.5746722
C84077,732.8448154601443,84.9802109347455,-0.5746722
C84078,959.9697524024199,103.27827246475385,-1.2071337
C84080,311.4251108177758,123.47566216933377,-1.2071337
C84081,589.96176774969,57.658954472516776,-1.2071337
C84082,-548.1411914199441,-150.82796238984864,1.2830493
C84084,328.4172608542748,28.105514726969883,2.202441
C84085,256.3383690398063,110.34178697686718,-1.2071337
C84086,422.41652132570607,201.39020367904305,-1.2071337
C84087,281.52653212689944,64.41866047633904,-0.6743653
C84090,52.59777533843589,36.60625131147359,-1.2071337
C84091,547.0994221271108,107.50661554262005,-1.2071337
C84092,62.82205906303225,69.31304420349588,-1.2071337
C84094,1621.7985795783793,795.5003239898767,-0.060841966
C84095,228.49117062272438,143.5336594822786,0.9478805
C84096,50.53142895643063,-24.941642642497982,-1.2071337
C84101,-217.50468939564308,42.49445893447668,-0.060841966
C84103,26.909312751333175,-67.7291942495831,-1.2071337
C84104,-322.06297553761203,15.373950555545637,-1.2071337
C84105,357.038451336272,98.88616710801799,-1.2071337
C84106,635.6143539129224,108.34601976878326,-0.6743653
C84107,249.47562796675766,-62.562705592016314,1.1283286
C84112,-239.43848718400886,39.72191462243439,1.1283286
C84113,154.05538114593054,9.669980922853505,-0.6743653
C84114,581.1405024260473,401.8395963263897,-0.5746722
C84115,-118.5369091889614,54.0081279462128,0.9478805
C84116,544.341398611924,84.24609298782232,-1.2071337
C84117,-43.417544211103575,71.01456841416844,-1.2071337
C84120,574.8196830842812,81.95429804101707,1.1283286
C84121,-401.09617893707065,-194.92491347871194,-0.55752075
C84122,172.00141936379276,105.58819491805313,-1.2071337
C84123,-78.54615014809754,1.2501494404514903,0.3997472
C84124,778.4431982626879,-76.6736946782107,-0.57412195
C84125,-202.09676002030716,-36.09542983843053,2.1879964
C84127,264.9324585974236,75.24690219803503,-0.6743653
C84129,246.41331636734458,107.54343243760255,0.9478805
C84131,210.52574946881037,88.19482453528886,1.1283286
C84133,80.9591863671341,55.29452495543128,-1.2071337
C84135,3.616322011490773,38.62064393108829,0.9478805
C84136,-79.5348572023188,38.668755501680515,-1.2071337
C84138,-105.65180554717847,71.41492715815119,-1.2071337
C84140,591.792978485682,35.49836137580223,-0.5746722
C84141,-650.7807689474149,-340.08002964105117,-1.2071337
C84142,196.1974792672435,52.53259327121212,-0.5746722
C84143,291.21388784633433,60.197533530958566,-0.052266218
C84144,-44.63255854781128,2.734419134891504,-1.2071337
C84145,-415.9884819160152,-26.747010667235593,-1.2071337
C84146,-57.84803474242358,63.139759741409335,-1.2071337
C84149,-123.17560990556304,-48.32121609438991,-1.2071337
C84150,-109.10045430826652,4.8387325224902895,0.9478805
C84151,-326.73172888182813,-3.8377619817783266,-1.2071337
C84602,-370.03490918863537,-15.560517630636552,-1.2071337
C84605,827.7872481457313,617.8327926421127,-1.2071337
C84612,-195.5332297714824,-8.043518965222457,0.92215323
C84613,-262.1498462669541,27.112502375645374,0.9478805
C84619,147.62593480981843,38.41811558596394,-1.2071337
C84621,-193.94095320637894,53.01170695448414,-1.2071337
C84624,-55.40551572043063,8.660067177570692,1.1283286
C84628,-97.14745703643464,-38.66878979584968,-1.2071337
C84629,259.0364091194839,48.68624680163316,-0.5746722
C84632,-248.84071724975286,-113.03596622779004,-1.2071337
C84633,-322.851954743875,23.13953337505825,-1.2071337
C84635,-304.28215893670244,-6.097714867183209,1.1026013
C84636,-243.98908976821116,4.297790656668776,0.92215323
C84637,356.755930522326,20.560088450703226,-0.6743653
C84646,-83.87634127389656,101.0364299156454,2.202441
C84647,-304.75003266537465,-26.030004794173422,1.1283286
C84648,-40.09688064567755,-39.88891507010541,0.4168987
C84650,-270.926452775265,-10.883555432351832,-1.2071337
C84654,-12.11355993250185,9.27010784373221,-0.5746722
C84656,-92.58135427435465,14.890999029753214,-0.6743653
C84658,573.296559266843,-37.56293643837702,-0.6743653
C84660,-94.35558260101148,43.00006726206273,0.3997472
C84664,-145.36968535620858,26.323801443760555,-1.2071337
C84666,-217.54708772586014,10.241545347384513,-1.2071337
C84667,27.52729111042248,75.629715863138,1.1283286
C84672,-64.2437475715134,-14.49567464127504,-1.2071337
C84674,-191.86859084191485,-15.264840603840657,-1.2071337
C84675,-399.96502105628025,-138.7106357948915,-0.66578954
C84676,-116.66742406378717,86.24330457244177,-1.2071337
C84678,15.164341389021342,15.945025816905922,0.41689867
C84679,-75.25007135288129,42.61639884082763,-0.6743653
C84680,-51.46127182717198,-2.721303046691848,1.1283286
C84682,-219.22859882709318,13.93490469942771,-1.2071337
C84683,789.0667360784436,210.44296504620078,-1.2071337
C84688,762.322289641201,-8.819887609174748,1.1258017
C84691,254.15468881363293,42.59440127376672,-1.2071337
C84692,-67.72802522241152,52.44221165589099,-0.060841966
C84693,-0.18291140008325749,40.96277083056681,-1.2071337
C84694,-144.1982927547886,-26.360063482396924,-1.2071337
C84695,0.16618901141284229,61.691461409378086,-1.2071337
C84696,-52.72897751926184,35.66964619670421,0.9478805
C84698,10.383595148765613,-10.644833975082486,1.1275032
C84700,-277.1037162571684,-159.1208448809828,-0.052266218
C84703,-26.03736726163908,42.47058985826741,-1.2071337
C84704,132.02324287668358,30.269590617735265,-1.2071337
C84705,2.627802158718581,139.56289842036946,1.1283286
C84706,-373.5561728223617,-67.14220553834178,-1.2071337
C84709,442.9579324729676,276.14535388866545,0.9478805
C84710,-57.773785625303574,28.201907129982896,-0.6743653
C84712,-87.71561555440123,-10.410235481336887,-0.56654316
C84714,-393.44360460475997,-0.6451331393307747,-1.2071337
C84717,-18.217166392170366,84.84382953890793,-1.2071337
C84718,49.12862993282291,-3.574369422319978,-0.55752075
C84720,-465.3576179737678,5.0942822245598265,-1.2071337
C84721,-471.6673068741662,-1.202380795963447,-1.2071337
C85001,471.3366295570475,92.14554939098967,-0.66400295
C85003,1193.7200463715872,306.53668678785033,-0.9184168
C85004,1753.508284452176,307.462487581234,-0.9184168
C85005,780.0336585267414,163.26860026913914,-0.5385826
C85006,212.64344858245275,16.552532840945116,-0.9184168
C85007,1818.0463873759463,471.0454437775497,-0.9184168
C85008,1652.1576595152465,317.4717349015062,-0.9184168
C85009,545.2653184866671,201.07033715340032,-0.9184168
C85010,1754.431497345836,935.8135170358936,-0.9184168
C85012,-98.26232250975025,-38.7686521411659,-0.52143115
C85013,1607.3404867952474,478.14598379445437,-0.5385826
C85014,1085.0602335092258,156.68390848074566,-0.5385826
C85015,275.03309130465993,35.676977798325346,-0.91841674
C85016,1546.4049072233197,298.7375354114692,-0.5385826
C85017,1796.2496128986336,653.455623232679,-0.9184168
C85018,769.3973198381317,218.66861999521146,-0.5385826
C85019,367.3434438728849,280.41229705177426,-0.9184168
C85020,1639.0775051340586,365.93536325029805,-0.9184168
C85022,1591.8243066840955,652.3796389780717,-0.9184168
C85023,1785.1435714445938,764.6483141744111,-0.66400295
C85024,214.40553444017158,123.22339747037807,-0.5385826
C85026,278.1620177916598,-74.82626460695631,-0.9184168
C85028,137.93225823085774,-27.315992368127052,-0.5385826
C85030,1180.8045736934037,267.565188145944,-0.5385826
C85033,894.4492605302622,245.14142109075078,-0.9184168
C85609,-227.2048077940484,14.769145740119018,-0.6297
C85614,-40.01869568801366,45.255890088083945,-0.9184168
C85617,-77.80833092722146,-98.51838428211211,-0.62969995
C85619,500.24102852307306,230.52132607269604,-0.9184168
C85622,-174.6836427573481,37.63973494337423,-0.5385826
C85623,-151.45133549959883,17.25762444207682,-0.9184168
C85624,-145.39514904660047,-107.67662475595517,-0.91841686
C85627,-91.55189925411992,-181.41944732693256,-0.52143115
C85628,-330.31131815979273,-6.272236238383371,-0.5385826
C86001,2389.2090061616254,644.8052474229464,-0.7997857
C86002,558.5155633648815,17.868660472154378,-0.7997857
C86003,1114.7589871613213,-95.79821936062075,-0.7997857
C86005,797.2579266291333,17.31168083809845,-0.66400295
C86006,1022.7613649346263,129.8510036701265,-0.7997857
C86007,1012.0019950801761,257.3096391943283,-0.7997857
C86009,635.7321377496269,108.30438083008343,-0.060841966
C86011,1408.0597700686594,269.6549030673957,-0.7997857
C86012,158.12159987507198,106.5274245632162,-0.7997857
C86013,1155.7702958084892,28.437523135854377,-0.7997857
C86014,525.4644011847394,10.526258847927606,-0.78308076
C86015,799.5321464871889,102.90560155964566,-0.7997857
C86016,1000.3939679442221,217.24551813470563,-0.7997857
C86017,909.3574746719357,154.24434502418885,-0.7997857
C86018,1153.296394402678,-7.248224858963637,-0.7997857
C86019,1500.0594140934145,214.94763564626507,-0.7997857
C86020,1148.8467457003321,95.8696486420288,-0.7997857
C86021,668.8845939423259,61.46688656386236,-0.7997857
C86022,914.1378198465029,257.1221078643756,-0.7997857
C86023,712.4437950985755,138.8112712597755,-0.7997857
C86024,1426.052316688561,233.5383635421332,-0.66400295
C86025,662.8090453684705,-34.41807764628782,-0.7997857
C86026,344.3582334873592,-73.78400572062192,-0.7997857
C86029,1415.8617313536708,143.71385181898427,-0.7997857
C86030,-166.95459601591372,20.978777280648607,-0.7806601
C86032,254.11670986100148,34.93598104400676,-0.7997857
C86033,452.6778754276495,129.32539814965247,-0.7997857
C86034,1001.6783954775759,235.60949103719346,-0.66400295
C86037,1144.9547695460794,175.46280894907525,-0.7997857
C86038,781.4157253328223,131.82147544471508,-0.7997857
C86039,202.0674229389375,127.84407053614362,-0.7842485
C86605,544.5322180122876,-39.78809091569185,-0.7997857
C86606,-174.59123104487668,55.459371612148615,-0.66400295
C86609,176.68283434047015,323.81450565756984,-0.7997857
C86611,402.92919130019453,108.94915290620693,-0.7997857
C86612,-92.17969204003086,-56.873197745804354,-0.7740584
C86613,152.31941752937678,165.65355528960714,-0.7997857
C86614,1286.6080809814557,592.221998379112,-0.7997857
C86616,388.65837595854265,-92.32627897773938,-0.66400295
C86621,505.74471735268486,-12.87902190135267,-0.7997857
C86623,-194.9058090213889,11.114558138016635,-0.7997857
C86625,-150.91462294042296,-0.9389280239771255,-0.66400295
C86626,-241.83262193630873,11.643873739612726,-0.7997857
C87002,2479.0739046016065,597.4476538716725,-0.66400295
C87003,1598.7971249640675,0.20877630197329217,-0.66400295
C87004,1211.8335211686197,134.39661970511878,-0.66400295
C87005,2496.6063797365696,402.8510414994488,-0.66400295
C87006,1749.1105884781566,805.499646836239,-0.66400295
C87007,1166.0392995220836,440.8794930653909,-0.66400295
C87008,1691.1031920998637,363.2580737874061,-0.66400295
C87009,767.7764657927844,302.6148670542784,-0.66400295
C87010,181.349057149947,-67.70435317735624,-0.66400295
C87012,1225.4216407501863,127.03699997608825,-0.66400295
C87013,585.3831559292885,41.322004493476136,-0.66400295
C87014,384.8892754008766,93.3692148511504,-0.66400295
C87015,507.53233750336926,137.86718415648625,-0.66400295
C87016,884.5081222476256,134.30618529930913,-0.66400295
C87017,1659.6438414678375,230.39205535583827,-0.66400295
C87018,631.4314230652394,148.30814731928754,-0.66400295
C87020,451.4830378983468,177.27861910908274,-0.66400295
C87022,866.624627246868,96.19800796403396,-0.66400295
C87023,2.4497678495562365,33.97428720511039,-0.6368288
C87024,61.82189919850302,4.849918349591836,-0.66400295
C87029,1250.2887773800644,341.25937374332585,-0.66400295
C87030,900.753523469518,210.8240514679402,-0.66400295
C87031,192.44162478947428,56.89917465442881,-0.66400295
C87603,41.97415011889903,133.9671434530231,-0.66400295
C87604,313.0014127182067,59.516977533370365,-0.26880386
C87606,-168.27791711733968,25.14500396749005,-0.66400295
C87608,91.39356089076625,28.18765411195468,-0.66400295
C87609,-39.17685933404745,46.53447476972166,-0.62969995
C87610,-148.4670792085694,-23.4213038271517,-0.62969995
C87612,-354.4351491211423,-59.331017089576605,-0.6297
C87616,605.6454611630285,189.85108263687178,-0.66400295
C87617,-200.33380670365835,37.85629602746258,-0.6296999
C87620,589.942621845339,189.33863083261207,-0.66400295
C87621,-224.62794572650793,-8.103563917006598,-0.66400295
C87622,576.4096518498277,737.6083756535745,-0.66400295
C88005,500.3608729400819,95.70904328644424,-0.26880386
C88006,381.71018634565985,40.470398328680005,-0.26880386
C88007,525.6956554392405,120.04528534187071,-0.26880386
C88008,860.3560144387958,230.63744890508045,-0.26880386
C88009,500.3927968392122,36.90588338699672,-0.26880386
C88010,1797.7984855337206,147.3240265659056,-0.26880386
C88011,393.33618708820546,42.609377190402796,-0.26880386
C88013,-322.3261066281973,-155.74356014419908,-0.62969995
C88014,1010.738280854918,161.91716040672642,-0.26880386
C88015,877.5528864308656,498.28220669627666,-0.36849695
C88016,581.4808377435396,40.020074109811205,-0.26880386
C88018,500.87103533857004,95.6249413307053,-0.26880386
C88019,692.3265113942655,73.28696742081122,-0.26880386
C88020,716.9524984236027,28.37133464682035,-0.36849695
C88021,360.53385077630696,62.61122807319854,-0.26880386
C88022,178.13364961655924,102.3115769918024,-0.36849695
C88023,743.8119526283804,-28.476178317900274,-0.66400295
C88024,270.929079441816,23.527807460850468,-0.26880386
C88025,694.3723757733985,54.644473748753825,-0.36849695
C88026,1218.5721074195421,173.15704250145942,-0.26880386
C88027,315.6331546212508,107.87450324270716,-0.26880386
C88028,79.15698121981727,82.14257875747266,-0.26880386
C88030,313.4837732812529,67.60836630688831,-0.26880386
C88031,793.2160776409324,155.2587068713519,-0.26880386
C88032,122.45071376822186,94.5676876169089,-0.36849695
C88033,514.4730515284842,151.05360996879253,-0.26880386
C88034,306.14051175476783,41.74434375443652,-0.26880386
C88035,776.1237772617824,202.86230859795475,-0.26880386
C88036,759.7220175658127,176.96615888232446,-0.66400295
C88037,1137.7364911619106,436.50907793481906,-0.26880386
C88038,679.4596552986619,-50.24699460604113,-0.26880386
C88039,827.6107902550768,142.51187789293138,-0.26880386
C88040,196.64317328739682,33.24465187230538,-0.26880386
C88041,497.6543658150131,178.91253199396738,-0.26880386
C88042,291.5669779783834,-157.32680082991453,-0.26880386
C88043,612.8427394437564,63.07078485395215,-0.26880386
C88044,-147.43893294932172,29.46391739652394,-0.26880386
C88045,615.0842268190648,128.9931369338738,-0.26880386
C88046,-134.06890311975144,12.687487289090594,-0.26880386
C88047,635.6223014057507,159.54962741457445,-0.26880386
C88048,516.6282180992897,87.88639638886791,-0.26880386
C88049,143.91053224908146,98.48299209663313,-0.26880386
C88050,168.06580763873032,68.25606238048695,-0.36849695
C88051,248.43264048603874,86.69708777474075,-0.26880386
C88052,269.5191631694769,207.70427027528618,-0.26880386
C88053,-189.0828269741824,53.35730750995242,-0.26880386
C88054,208.31201760295133,79.89544698922559,-0.26880386
C88057,-266.71515483352243,-29.473431036389226,-0.26880386
C88059,-166.74943599845102,87.87982850236705,-0.26880386
C88060,28.734887192538615,70.2249653359392,-0.26880386
C88061,-398.98045928299683,-50.22268206272145,-0.26880386
C88062,-117.93099849466333,40.79906164970077,-0.26880386
C88068,-216.12450371480588,22.61193623674634,-0.26880386
C88069,1712.2392160724792,392.33399772593674,-0.66400295
C88070,764.7698050817625,143.7797884563207,-0.26880386
C88072,2033.3224991027348,195.92621118968378,-0.66400295
C88073,289.4565148088746,112.21833414179896,-0.26880386
C88074,223.9350797367731,43.5430402751711,-0.9184168
C88075,-76.25502954168111,-35.766850356016775,-0.62969995
C88076,215.63434571464956,66.84281138327732,-0.26880386
C88077,76.1964140172144,46.84262118875458,-0.26880386
C88078,419.5001329042137,98.52876037750126,-0.36849695
C88079,144.30764814431916,92.02507681949629,-0.26880386
C88082,-301.569340934016,16.32333074558417,-0.26880386
C88083,-251.767479087792,-9.114014208788973,-0.26880386
C88084,109.64856542229226,48.033654878842015,-0.66400295
C88085,682.6526182111888,240.8358532265852,-0.36849695
C88086,170.06190801270986,55.96992401563202,-0.26880386
C88087,861.4570790381885,369.8579040293937,-0.26880386
C88088,680.4785815120789,197.24701502958717,-0.36849695
C88090,639.5525754032292,192.97407345802904,-0.26880386
C88091,-126.10576377884293,1.3123595190905377,-0.26880386
C88092,721.3912761438855,65.40086731235228,-0.9184168
C88095,51.24725955508821,46.56693418808429,-0.26880386
C88096,531.3628925022186,123.91034843204172,-0.36849695
C88622,-233.27245970443175,3.9632058018059526,-0.26880386
C88626,-105.36852785074896,147.56844600966798,-0.3770727
C88627,-161.86488621091365,32.17321628910682,-0.26880386
C88631,-300.36301537582557,-1.1271655785924768,-0.26880386
C88638,-365.3803262452052,-28.199751373638065,-0.3770727
C88643,31.92303815294644,23.340619641150074,-0.26880386
C88647,218.86093663229067,257.53766198272314,-0.36849695
C88648,196.94355253759647,49.8179484474962,-0.66400295
C88652,-226.0802938135391,37.4572132512234,-0.26880386
C88653,-212.9229805058244,-117.95843028529704,-0.26880386
C88655,-322.0007313086454,-3.4562667375673675,-0.66400295
C88656,-169.9237582438392,20.00077613147919,-0.26880386
C88662,-470.54402351230414,-21.854412804367666,-0.26880386
D81001,-54.48487484371878,43.51303306222548,1.1319017
D81002,371.60311662507405,88.3327833515729,1.1319017
D81003,290.37851077239793,64.85571159713595,1.1319017
D81004,918.489648633123,224.55037686638113,1.5735528
D81005,-47.834959863987876,63.123556219578674,1.1319017
D81006,869.9623439704071,103.06901897406054,-0.7018792
D81007,798.2885275774896,203.23510016988956,-0.7067452
D81008,2600.6878259064456,262.8046648917958,-0.71045494
D81009,106.052819987106,-21.075486630800096,1.1470193
D81010,1035.940782236768,259.66576868194056,1.5735528
D81011,1496.856996119133,133.07314549973498,-0.71045494
D81012,435.30421803021113,38.74931755251655,1.1319017
D81013,106.04878825804163,90.70210474941722,1.1319017
D81014,1925.3532582744454,396.004497443335,1.5424657
D81015,636.9471964572173,201.93594946924102,-0.71045494
D81016,540.2488062097597,149.72853648068042,1.1319017
D81017,-40.7995724593259,80.60657151756911,1.1319017
D81018,379.07058977005397,138.26012357901513,2.1320486
D81019,-88.22259376314392,4.9260933445227115,-0.7067452
D81020,862.4929285547499,60.07757201364818,-0.70743144
D81021,970.8874976722439,143.16355075581853,1.5424657
D81022,2777.4730753613717,2456.0731993750896,-0.71045494
D81023,1147.0663787256644,240.00201060546823,-0.71045494
D81024,352.8569688556825,46.154911210875134,-0.7080881
D81025,521.7354011233562,105.67297612045955,1.1319017
D81026,2031.7398098645624,900.9195071850996,-0.71045494
D81027,366.29792216453717,107.14959218710067,1.5735528
D81028,470.7872324816769,113.27103770125488,1.1319017
D81029,797.1219814382854,85.65056317797601,-0.71045494
D81030,819.7333323007078,174.34247877062788,1.5735528
D81031,1098.8656857469982,217.3426693810643,-0.71045494
D81032,807.2090563818189,-24.334593005127253,1.5757762
D81033,2.887688535810298,44.91878919010939,1.1319017
D81034,1408.9074723801762,-23.02377955255361,1.5424657
D81035,596.3690952581062,105.11914373849046,1.1319017
D81036,199.7587686443839,44.77591715012056,1.5424657
D81037,-234.9309275709369,16.340137346361033,1.1319017
D81038,162.5666292593253,98.17161005598395,0.39796057
D81039,425.41440149039795,125.4932872608737,-0.705656
D81040,-261.8703746074266,-37.92614327343308,-0.71045494
D81041,34.46594142952133,20.36610251174637,2.1320486
D81042,-20.81178686324233,64.94125070082029,1.1319017
D81043,3054.5374483184496,1698.173580139298,2.1320486
D81044,776.6007002900384,115.4608325602271,1.1319017
D81045,479.7246524539303,122.4185246140558,1.5735528
D81046,1499.226251944663,239.43865520757643,-0.71045494
D81047,358.0061662330635,24.327891440357522,1.6610968
D81048,415.0292336521062,-155.72043093771444,1.968752
D81049,597.0178452856526,81.02880689028666,1.5735528
D81050,938.553478660354,55.19048063076762,1.5735528
D81051,392.9469249935835,26.930024287449612,1.5424657
D81052,693.8721953384003,-164.42496812785876,-0.71045494
D81053,714.6333497553336,-112.49781113994992,-0.7098991
D81054,181.1103753373631,63.89953412336314,1.1319017
D81055,211.8062755303605,45.46094755219229,1.5424657
D81056,-176.16965444068558,19.027802169818184,1.1319017
D81057,1127.8325424205987,406.8553600411925,1.5735528
D81058,125.09692829278774,81.29689891423307,2.1320486
D81059,530.4250205116822,-25.90038680128279,-0.71045494
D81060,374.9127744515376,106.71090912566866,1.5735528
D81061,1293.6531480536419,192.42538287402425,-0.71045494
D81062,317.39562490050565,25.456532625364815,1.5424657
D81063,398.9847731572344,-28.314554090132223,-0.70743144
D81064,331.68361356113775,49.537631886087226,-0.71045494
D81065,7.615665453906016,-88.54598994878202,-0.71045494
D81066,-9.934814166161974,76.16242908319205,1.1319017
D81070,-85.12297270549006,3.3004198182443036,1.1319017
D81071,443.42333400543396,192.37854294428854,-0.7018792
D81073,66.63586191551367,67.46814965430562,-0.71045494
D81074,-203.92910593145191,-47.27987903098532,1.5912628
D81078,-190.89168137372315,25.25660316908015,1.1319017
D81081,-95.3819777699968,51.840743874193635,0.39796057
D81082,264.11768164855465,33.5190402018684,1.5735528
D81084,226.41232243017078,58.62431707504084,1.1319017
D81085,326.75182735698303,56.150438621370256,1.5735528
D81086,134.9323138041394,69.00804963836728,1.1319017
D81087,59.34143423238881,45.118030315547294,-0.7040798
D81602,-95.59349403984884,75.83916597435329,1.1319017
D81603,552.1883786676729,27.959045053864628,-0.71045494
D81605,-168.49571913554072,0.5346635383423705,-0.7048867
D81606,75.13440135976106,273.67790917656197,1.5735528
D81607,-224.2518999372286,13.327678904920225,1.1319017
D81611,492.7095998862588,669.6836380941585,1.5424657
D81612,-33.78437130389245,40.707111066960294,1.1319017
D81615,33.4111334051388,172.42838606130178,-0.71045494
D81616,-95.10604260912501,18.885906767024444,-0.70709217
D81618,-157.26164132819287,89.26403106509524,-0.71045494
D81619,-32.07337352629156,11.790535651415762,-0.70709217
D81620,-338.74120768614074,6.277932039119336,-0.7018792
D81622,1054.0845786152915,42.47575318264154,-0.71045494
D81623,-168.01664762661997,72.1582739770235,1.5735528
D81624,146.38417010557882,110.00496123267256,-0.71045494
D81625,813.1877890189943,-76.89392037382935,-0.71045494
D81629,173.7635783976836,77.88603705260338,-0.71045494
D81630,175.27425232825243,64.50431461226742,-0.71045494
D81631,235.42729526532574,47.33970977758427,-0.71045494
D81632,-505.0697792538029,-65.66407372638008,-0.7018792
D81633,552.3009022721948,142.78355301973446,1.5735528
D81637,172.2252809894626,159.8634245115286,2.1320486
D81645,-169.01251081456155,14.052304365975951,-0.71045494
D82001,1611.3577358882324,206.0407118577411,-0.26880386
D82002,1182.1863624795196,-7.809307004908725,0.6420121
D82003,1731.5319004393095,771.3825547134236,-1.0077475
D82004,1702.3492862342484,255.94303116976238,-0.26880386
D82005,1048.7659616201706,30.876656355249356,-0.26880386
D82006,468.63731004163293,113.19880179638419,1.21087
D82007,2271.7941327625113,1129.5701905748608,-1.0077475
D82008,838.7027473855384,264.4210921063258,-0.76726925
D82009,778.0924287322756,242.53095335006248,-1.0077475
D82010,322.91027169773014,121.22282936689118,-0.36671034
D82011,1229.5568949461485,124.61499497366174,-0.76726925
D82012,667.3280922267375,160.40111470422661,-0.76726925
D82013,102.78221025958678,-31.766856597060354,-0.76726925
D82015,818.4500829850008,145.80145296721292,-0.36671034
D82016,605.1453583778382,199.0247886528654,1.6628835
D82017,722.9153822905058,114.36447858940805,-0.76726925
D82018,198.91491950788892,96.96188338155115,1.6628835
D82019,1129.8590666337964,589.0181552667037,-1.0077475
D82020,728.3556699866955,149.6625887520534,0.10066796
D82021,-230.62188494558887,-236.0826355958993,-0.3409831
D82022,450.15370966187163,90.42372156861339,1.3105632
D82023,809.1222670320258,221.65922642091653,1.6628835
D82024,281.8260710537404,-141.71998338361215,1.6628835
D82025,804.828222256519,245.38374837367448,-0.76726925
D82026,476.5110637090612,72.76927667353515,-0.76726925
D82027,929.3397991040332,103.00704936204282,-0.36671034
D82028,488.38480989625856,185.08193574592528,-1.0077475
D82029,1792.1104549730023,577.0198668241311,1.6628835
D82030,735.9082205187,89.71975688901841,-0.26880386
D82031,510.8876189717019,137.2429228314326,1.3105632
D82032,600.1787226808648,60.214752638840785,1.21087
D82034,1819.9630855720206,236.91995934898108,0.10066796
D82035,1456.278326806877,252.0570380360588,-0.71045494
D82036,421.9212414653744,42.09387837445502,1.21087
D82037,814.7267268665546,257.25880065568924,1.21087
D82038,-22.78048427307021,9.13381595564604,-0.26880386
D82039,650.144357062731,166.44236827106673,-0.26880386
D82040,1033.7963641237254,220.8900147953363,-0.76726925
D82041,777.2167070441518,118.32509282823172,0.6420121
D82042,599.9447150992478,140.08201753682604,0.10066796
D82043,453.6290221907671,117.38918436578439,-0.36671034
D82044,4624.054639583591,1327.3918291550667,-0.36671034
D82045,1448.0093450317981,161.71129652989487,-0.76726925
D82046,145.54086590237952,101.08021808109109,1.21087
D82047,364.3363501165221,45.843075219552055,-0.76726925
D82048,762.9385831412737,120.21963332013395,-0.76726925
D82049,108.2605267351485,113.71400052767828,0.10066796
D82050,349.0845938298768,-65.4472873736546,0.10066796
D82051,1813.8189574983296,513.5261597205374,-0.36671034
D82053,857.9552910906149,241.8722479215152,1.6628835
D82054,1458.3614217130344,165.53585589972207,0.10066796
D82055,-105.30032710520271,9.38709628523412,-0.99059606
D82056,886.4792122408601,140.1530051169268,0.10066796
D82057,743.2324741435699,202.47287449496778,0.10066796
D82058,2355.9648097154577,153.4968688241848,-1.0077475
D82059,1028.9427846511815,115.59738734523337,1.6628835
D82060,149.17466731817308,87.98063727542237,-0.76726925
D82062,379.6342903480414,143.28296589880426,1.6628835
D82063,906.3453045739963,160.89612102187706,0.10066796
D82064,1314.492077827136,232.167349511189,-0.76726925
D82065,683.3444256346169,66.2392395302809,0.10066796
D82066,539.9895476304182,59.60649188849526,1.6628835
D82067,1236.7843201195874,388.79394049677114,-1.0077475
D82068,526.7072323737391,99.19971545453731,-0.36671034
D82069,-121.29842371943329,-51.19110527114732,-0.7744343
D82070,536.3525453530051,113.29441029782781,-0.36671034
D82071,1254.6572216453599,195.60131028655886,-0.76726925
D82072,249.52087690423986,64.13528827374084,-0.36671034
D82073,243.43931099986892,92.2832492593081,-0.76726925
D82076,241.86641018392424,145.0854942765083,-0.76726925
D82078,420.61435371604966,105.10568232929226,1.21087
D82079,276.8437021187287,108.87010413740235,0.6420121
D82080,429.9489665054715,179.78143252441726,1.21087
D82081,223.86484002491764,71.18755085812947,-0.99499726
D82084,663.765616643209,69.52680619384742,1.21087
D82085,297.0607084927896,179.63000515519337,0.10066796
D82086,348.5495487091608,140.37414844211554,-0.3409831
D82087,219.8328795525311,71.74903603070472,-0.76726925
D82088,7.463537330066679,105.98422488824667,-0.76726925
D82096,314.635912687042,176.89250258084166,-0.76726925
D82098,455.122445234553,70.52098388503181,-0.99059606
D82099,1011.1132418058853,222.83333134313398,-0.36671034
D82100,27.76804263992257,88.81282414008778,0.10066796
D82102,553.9913888220138,275.5841361634965,-0.99059606
D82103,-259.1985692144112,-52.986225906337616,1.680035
D82104,827.6617206329133,146.7629122853552,-1.0077475
D82105,524.6654896982011,183.33270773221236,-0.36671034
D82106,-72.23309208253266,28.601912839647607,-0.76726925
D82600,-253.2581569580384,26.060064323526312,-1.0077475
D82604,-33.748158609956995,-8.168067399346318,-0.36671034
D82613,633.1392296476747,259.8299888014262,-1.0003281
D82615,-488.1288778080121,-121.92292789308704,-0.810148
D82618,48.99200055133168,113.47173405966285,-0.36671034
D82620,-440.92663575824383,-89.85302640030898,-0.810148
D82621,654.4354045246349,177.30745032984996,0.10066796
D82624,-58.42418402861037,75.81836606881156,-0.76726925
D82628,-117.6977870998923,42.07917276544266,-0.26880386
D82629,-175.36121641670726,-10.172776437045382,0.09209221
D82632,-159.3409425214322,-23.462850083047076,-0.810148
D82641,-434.1613076283524,15.695724127547619,-0.76726925
D82643,-476.5964821011721,-3.6774983857464583,-0.7838326
D83001,597.5192792772923,-20.850809555235873,0.95645624
D83002,1263.6999239276938,76.1317828833094,-1.0077475
D83003,112.11243877603272,84.74703057756342,0.6420121
D83004,426.3572700107433,119.71744068096916,-0.49391726
D83005,1428.6906843983559,384.1340913613483,0.6420121
D83006,199.85231909409407,37.98330604791676,0.95645624
D83007,778.7647232731783,160.5159940429766,0.6420121
D83008,918.8427128814013,219.34886623662115,-0.49391726
D83009,1448.9713667960893,16.530544764855666,1.21087
D83010,691.5155250020497,138.56792596084796,-1.0077475
D83011,652.0149557663126,225.88807096757662,-1.0077475
D83012,1805.8564809708423,175.32137159349057,1.9859033
D83013,1025.191955700069,304.7960881293297,0.6420121
D83014,577.3709757594268,95.13978692078612,0.95645624
D83015,188.88106509360873,74.38101447294972,-0.49391726
D83016,669.620237192219,137.73986546781873,-1.0077475
D83017,1048.5574593660745,122.70854611305218,1.3105632
D83018,1056.7513465060438,295.78382834059096,0.6420121
D83019,372.30203594830164,77.02237140836871,1.3105632
D83020,220.66014445082337,5.753053762116886,-0.49391726
D83021,1275.202262636786,522.5779666347644,1.9859033
D83022,100.0107802161956,34.55364918601034,0.53552985
D83023,1114.3833613696797,323.2013549832586,-1.0077475
D83024,339.5502105772944,68.5466117539112,-0.49391726
D83026,456.6527149352832,56.28146610992327,0.53552985
D83027,692.0060903689835,90.91858239013534,1.5424657
D83028,249.16623710046755,138.04378069250026,0.53552985
D83029,1184.5469067686017,235.62438339665647,1.5424657
D83030,205.9349615868647,218.13474873700352,-1.0077475
D83033,539.9840650116187,107.41870343985083,1.3105632
D83034,1022.0086516264798,109.92469995174571,1.21087
D83035,855.1700939780518,105.6862969626852,0.53552985
D83036,-128.89243268808585,39.23274299172929,0.53552985
D83037,1494.6229195688425,203.4875161623385,0.95645624
D83038,934.1117010140133,401.12997265456727,0.6420121
D83039,984.0816504634884,328.16431500888643,-0.49391726
D83040,771.061723635063,125.56341951534682,0.6420121
D83041,424.2027354669966,80.08824824597852,1.3105632
D83043,209.70536887603828,74.59245967372014,1.3105632
D83044,2006.940864151893,101.80043973543593,1.3105632
D83045,125.47439109285168,31.08937851424758,0.6420121
D83046,956.6440330431792,545.901250220136,-0.49391726
D83047,849.2415076252995,318.99133619175416,-1.0077475
D83048,1318.736836614666,330.35468176910996,-0.49391726
D83049,187.00351117898032,74.27543559141651,-0.49391726
D83050,118.14322593642312,-12.466617755031173,-0.49391726
D83051,740.3989192982816,164.98703602533513,-0.49391726
D83052,-47.02979647473394,-185.73034486461125,-0.48534152
D83053,383.557673047694,90.45858233949566,0.53552985
D83054,-67.83924720726814,-3.3410979354726145,0.53552985
D83055,1346.774626688881,224.8697137736935,0.95645624
D83056,423.77837949967204,155.74668720751524,-0.49391726
D83057,684.0880684006366,156.7109863743571,-0.49391726
D83058,156.1513971244934,38.20166656875697,-0.49391726
D83059,1041.1221070994181,308.6870498450405,-0.49391726
D83060,2561.042581282451,344.1689028385746,0.95645624
D83061,574.5786370481715,46.514791052046576,0.53552985
D83062,673.7061924065175,302.87748864305354,0.6420121
D83064,224.47969303050624,126.1314324256156,0.6420121
D83067,154.09611700772857,111.2935575201248,1.5424657
D83069,181.88865833818434,101.54717619439435,1.21087
D83070,151.94889500748073,114.01917827201285,0.6420121
D83071,-2.0350494189030837,-48.318295609473445,-0.9905961
D83073,-137.94154287949013,29.59023412097311,-0.49391726
D83074,369.54970192008244,110.20281168711928,-0.49391726
D83075,472.92777557295983,138.74496404264067,0.95645624
D83076,-88.69717815143535,67.8644656379798,0.9117909
D83078,535.6337225396363,164.07118378677575,0.6420121
D83079,581.0602747208837,34.15777140595995,1.3105632
D83080,31.999616416063624,9.74878454642185,-0.49391726
D83081,186.17458056719283,150.1725659499417,-0.49391726
D83082,-15.892764608454142,105.110906673022,-0.49391726
D83084,-21.872130794762196,13.995236136959155,-0.49391726
D83608,280.8194756578205,134.3265327698248,-1.0077475
D83610,749.6422138572445,220.29535126745876,0.6420121
D83614,-1021.8324694868675,-631.825214080895,-0.48534152
D83615,-250.35275342515206,68.10928656501848,-0.49391726
D83618,65.15972527983179,117.20118520784382,1.9687519
D83619,-314.7048972624804,-30.815486483174627,-0.990596
E81001,-130.31456185080808,38.27403796649695,-0.8480242
E81002,242.645683884046,140.60400918122295,1.5974934
E81003,1311.3230519726824,217.77107020200324,0.6884641
E81004,784.018799569204,127.71494558312531,0.6884641
E81005,452.6524791582094,-8.387591542149044,-0.8480242
E81006,371.54078165260927,77.34614119095686,-0.8480242
E81007,217.89873820540762,22.891966055421864,0.119606085
E81008,1007.5717858241412,217.07367374457164,-0.8480242
E81009,591.2887924415892,28.62596579670478,-0.8480242
E81010,233.94522018622774,72.45000116335022,-0.8480242
E81011,473.86189646439317,-37.299909176247965,0.38910556
E81012,720.7699673860463,89.05735102764982,1.6610968
E81013,378.8445400094507,229.19920623611839,-0.8480242
E81014,459.81891157390555,209.664499074336,-0.8480242
E81015,1043.7138371672581,-17.118099615263063,1.5974934
E81016,-12.748123321446084,5.311997959915044,-0.8480242
E81017,325.92499829570556,108.01539462254848,0.38602686
E81018,487.1918089953483,80.91878858676128,-0.8480242
E81019,1013.2380208826119,194.12188843723317,0.39796057
E81020,3.7499043911212953,-180.10424784103355,0.3808091
E81021,525.9420441500629,11.88623747732918,0.39796057
E81022,723.6114582582304,87.94477038735431,1.6610968
E81023,-161.4627154107451,-54.44941167116454,0.39796057
E81024,270.687290753749,46.83710194452627,0.39796057
E81025,-47.738684529624926,39.463280247541874,-0.8480242
E81026,123.21646657110344,45.82911426376615,-0.8480242
E81027,763.8099616484503,30.999906585854564,-0.8480242
E81028,917.0354485712271,85.64137553702903,-0.8480242
E81029,691.9741048606824,157.98881245605563,0.39796057
E81030,131.21719270371997,122.17109306829309,0.39796057
E81031,-9.147842243589203,20.17892386753057,0.39796057
E81032,1366.2494491956966,217.20004066159152,-0.8480242
E81033,1219.537540683016,177.7486014448648,1.6610968
E81034,42.659311286377644,53.4484755221018,1.5974934
E81035,568.064873802142,30.343280155883036,0.39796057
E81036,836.3002601224769,166.80383790288775,1.6610968
E81037,1490.8810699187904,630.4269765455931,0.39796057
E81038,776.3410695266475,105.2929152439202,0.39796057
E81040,380.98813631860344,58.94695030171237,-0.8480242
E81041,581.1177186387853,48.0265398833301,-0.8480242
E81043,119.3036526930158,109.25214187590652,1.5974934
E81044,1547.215923097228,560.8611797236633,0.6884641
E81045,386.5180966508674,161.32761233868592,-0.8480242
E81046,681.7418488707625,105.7015394804562,1.5974934
E81047,149.38293985171507,113.0386722531536,0.39796057
E81048,268.8384538106026,65.50737378850447,-0.8480242
E81049,106.72219577014988,63.498700532798125,0.39796057
E81050,504.2709345163316,70.46815249668711,0.6884641
E81052,295.54149642581535,84.31736864129817,-0.8480242
E81054,-226.5373875047198,-9.721669358058993,-0.8513932
E81056,86.36029987080202,33.323739957649416,0.39796057
E81057,1106.2264040119771,132.43236865136205,1.6610968
E81059,262.66172539807303,115.02623910725953,0.3956914
E81060,-5.20024259145646,133.19021043430848,0.39796057
E81061,53.028831620133154,34.72281858182798,1.6610968
E81062,-42.98746112665125,-54.919241076777524,0.386824
E81063,391.8894961079694,-79.36139259015937,-0.8480242
E81064,-76.02112921662619,-99.91006660605555,-0.8480242
E81065,-103.55438586721522,-132.83239593528194,-0.8480242
E81069,75.47473511012072,48.46032613048878,-0.8480242
E81072,325.4575318974099,242.31615721417427,1.5356766
E81073,486.930533393579,122.98948525141476,-0.8480242
E81074,607.4829151800081,124.10661036508782,1.5974934
E81075,-75.19716066530147,-127.36390696268383,-0.86573434
E81076,-14.721670589763185,-13.509828787934175,-0.8480242
E81077,-55.85909909403263,128.9113832315673,1.5974934
E81611,-271.4430945639025,16.702030852901455,0.39796057
E81612,107.04650710304955,40.04622959683323,-0.8480242
E81615,-253.72302485607662,-15.772316639307327,0.39796057
E81617,-66.10837986252193,-14.960243355374374,-0.8480242
E81618,-308.92016588044663,-43.17360786596861,-0.8823272
E81626,-277.0829043285966,-220.88254542900467,0.3808091
E81631,-175.91333463513416,-30.244201545374455,-0.8480242
E81632,98.71678591137027,54.71229443902,-0.8480242
E81633,-263.29054220078035,49.30868376636389,-0.8480242
E81635,-216.47610882179103,-14.28355238005997,-0.8480242
E81636,-216.1435319970836,12.682494150193586,-0.88232726
E81639,-477.3619663891249,-5.983440497743557,-0.8823272
E82001,1362.3066622747745,384.88508686818614,1.5013736
E82002,586.0546478566092,57.36933450805537,1.2401706
E82004,-208.3945103041489,27.411704741473546,2.176714
E82005,3074.251931554582,1365.0784271181049,0.12139268
E82006,420.3101177832438,45.16623644029334,0.554468
E82007,348.0629694659525,43.811839031507375,0.554468
E82008,769.3261164139888,116.57686142710759,1.6610968
E82009,385.5967252641784,117.89004275284873,1.9962658
E82011,81.01193311034326,2.4539539188289825,2.1492
E82012,613.3745461667047,38.35245545863614,1.3484393
E82013,1046.4230788213395,632.4710432767774,0.8585497
E82014,376.9846579883551,216.39272284032458,2.176714
E82015,285.294101366727,-22.491010230338556,0.8585497
E82017,185.31175338210335,89.04275686310392,0.8585497
E82018,879.1847402136686,179.6440827759422,1.2401706
E82019,1265.0107756009152,287.83379260130226,1.2401706
E82020,119.05981998250725,-90.62438654436146,0.8585497
E82021,156.06692116521833,35.99182544839604,2.1492
E82022,724.7729093929146,85.67360020589646,1.5013736
E82023,474.80483692657515,159.64290686403965,1.2401706
E82024,728.6350594617413,37.73996624831097,0.554468
E82025,855.3265900907902,113.30274523428076,0.8521745
E82027,244.21704948506155,54.26206302440175,1.2401706
E82028,111.87146166337686,126.21001970737477,1.5013736
E82031,643.635365478367,85.94684464298977,2.176714
E82032,1140.8534954355596,36.739757835716695,0.8585497
E82034,-3.0994851145280693,17.32809975732004,0.8585497
E82035,1103.3939959556903,220.32428704381914,0.12139268
E82037,326.21962522386593,8.225572676948875,2.176714
E82038,100.85613341289537,30.3061563149584,2.1492
E82039,406.2619659630301,-293.0973997879916,0.161958
E82040,1900.1296961523517,346.92451503888844,1.2401706
E82041,563.1583393367385,109.10861463236705,1.2401706
E82042,658.0308650481047,153.5939268534038,0.554468
E82043,530.3853953680893,48.29390906162805,1.3484393
E82044,741.0836414772515,-15.33383142401166,1.6610968
E82045,228.784496147262,52.33899294102269,0.8585497
E82046,545.5483041664028,22.926954581356373,0.8585497
E82048,170.09938823307414,20.263839313794836,1.3484393
E82049,-192.2566203697148,-5.873898319130578,1.9962658
E82050,-119.27379203006079,14.99130006691878,1.5013736
E82051,733.9059593983205,28.441280252267894,0.8585497
E82053,370.6715729164375,362.9834481563766,1.6610968
E82054,219.13291455281725,-5.782430343505197,0.8571167
E82055,359.45399542964384,38.023119644340795,2.176714
E82056,600.1061463237406,93.55671043082123,0.12139268
E82057,-65.36624905306523,52.95686579627553,0.554468
E82058,294.6872853723148,65.79821583189222,1.2401706
E82059,175.25126661962568,58.69418115325007,2.176714
E82060,681.8460199851158,174.02273972748492,2.176714
E82061,741.9920881270172,144.62411235047082,0.554468
E82062,940.7202561521917,128.268036628921,1.2401706
E82063,682.8084601281108,193.59232082335862,0.554468
E82064,-125.5476416985703,-0.10642220845147317,1.9962658
E82066,-348.26656699191733,-2.4304840387256395,1.9962658
E82067,978.117473261033,83.53581014602621,-0.44424942
E82068,531.1427679100725,-14.90115549466329,1.9962658
E82069,-229.5774329922861,84.10060543020441,0.8585497
E82070,-250.11477729325028,10.939714688685191,2.176714
E82071,292.24000212387136,-4.188394388360626,2.176714
E82072,730.5430253424058,74.49192165227844,2.1320486
E82073,535.6463779575444,346.68797493851986,0.8585497
E82074,1454.0570697286992,91.81655522248559,-0.44424942
E82075,700.9412120226187,98.91001784742272,1.6610968
E82076,-217.52257698726376,-8.466580742865277,1.5205693
E82077,128.54239619499234,6.0891567824985104,2.176714
E82078,263.52062506330805,40.22266064027391,1.2401706
E82079,532.0456353567737,232.09974502115773,0.554468
E82080,443.2758061706228,1.5165018293105665,1.6563632
E82081,507.9375060990345,134.74630262528436,0.554468
E82082,1475.4411999812075,161.69347405212673,1.6610968
E82083,410.7633966879154,85.36980254691083,1.9962658
E82084,310.949751999084,49.8981038264242,2.176714
E82085,686.4901975715604,-2.065841126010845,1.3484393
E82086,1329.242476087556,194.63327949741927,0.12139268
E82088,324.2608691497525,128.6510653826037,0.554468
E82089,1018.9027296661874,161.32111973494776,0.12139268
E82090,392.68197250820054,105.88527317747217,0.554468
E82091,934.1232769216582,89.51088931021565,1.5013736
E82092,916.590197955214,405.88853540355785,2.1492
E82093,1087.623581043955,117.24304570392326,0.12139268
E82094,-14.45127413569535,22.06291372067033,1.5013736
E82095,-81.21189401639188,-15.551005777659821,2.1815128
E82096,244.2748799121054,45.51050964600768,0.8585497
E82098,79.603032351679,26.9585558313765,1.2401706
E82099,815.8223320112724,39.70016641988108,1.6610968
E82100,656.1746957453279,117.37640615274935,-0.44424942
E82102,342.166887904864,109.05505937477041,2.1492
E82104,118.64738219519744,-20.372977750481255,1.6610968
E82105,-214.35627070482104,-14.125901681685226,0.8585497
E82106,151.02565708963445,5.8228980313183145,1.9962658
E82107,266.3204784180101,86.72223921720871,1.3484393
E82109,89.08862195933423,54.42297430117795,0.554468
E82111,47.51762442442464,98.73264555715323,0.12139268
E82113,-274.2701322323573,22.28410111813549,1.3484393
E82115,750.8032851611814,-118.52238204438412,0.554468
E82117,473.61497822066286,101.91213919430564,1.3484393
E82121,184.93881460722028,53.78149032130762,0.12139268
E82123,772.4853443642764,161.77166274418593,0.554468
E82124,1021.7897357044459,484.06982594560367,0.8585497
E82126,-203.4392045917404,-2.231239601917966,2.1492
E82129,202.47820068550467,34.38391666292026,1.9962658
E82130,169.69052634648097,122.38088361638877,2.1492
E82131,-329.7573510735496,-8.785076667941464,1.5013736
E82132,222.61572157056855,31.92701306942473,2.1320486
E82133,67.77979364201235,-69.83773427545825,0.554468
E82603,-111.85647817396303,89.4579874150966,0.8585497
E82613,-277.7401400952028,-102.52894349305188,0.8558582
E82620,-460.4359282889291,-11.536317823685474,0.554468
E82624,-162.473354568161,98.38696900427871,0.16427143
E82626,-229.51378812834028,34.836711078395595,0.12139268
E82627,-339.5299629136911,-16.735612895667078,2.1492
E82630,-309.672430138958,16.57088507164018,0.8537508
E82638,305.7513217900494,52.76393546076413,0.554468
E82640,91.74906717998996,149.36511536406508,1.5013736
E82641,230.39994875999636,218.4974961345908,0.12139268
E82643,-356.74859933695234,11.734856162574244,1.5013736
E82644,-334.27285200257626,28.41417569996405,2.176714
E82652,-343.83097099223767,1.798234618085777,1.5013736
E82653,-266.70832396167737,-19.55448231771127,0.8499739
E82654,143.60567968527818,224.0918116321021,-0.44424942
E82655,-124.0349984268721,131.09689614870612,0.8585497
E82656,-309.5046812307268,41.471819913670096,0.8537508
E82657,-132.55653310329183,31.523117137962796,0.97718096
E82658,-121.5857628195049,55.10901366487582,0.849974
E82661,436.42150872235095,161.02587288265588,1.6610968
E82663,-214.88298705393964,-38.04184009170112,-0.87352484
E82667,-446.81746997511715,4.2178602652206365,-0.44424942
E83003,172.83217307438886,37.15738413761158,0.5026562
E83005,-187.2631782489047,32.9139877353801,0.5026562
E83006,-77.22818387370474,16.502948946341938,-0.3860058
E83007,-189.85493355366353,-13.274538041418905,0.5026562
E83008,-94.3362967847504,-7.370073815024201,-0.3860058
E83009,-43.38686188517867,32.86161279549158,0.5026562
E83010,217.1151303458413,17.540489575909948,0.5026562
E83011,343.1400825539293,30.708523591002784,0.5026562
E83012,47.479810553594284,47.16799278132889,0.5026562
E83013,-210.8648104247343,14.49193675612554,0.5026562
E83016,588.7999461270882,58.44986688897783,0.5026562
E83017,334.5525281598579,69.73811149043341,0.5026562
E83018,906.7640346037895,162.5034825973235,-0.8565999
E83020,-28.939463315898426,66.49333712956083,0.5026562
E83021,240.24524745726822,65.84644646735292,0.5026562
E83024,80.23927341661589,33.68760944710116,0.5026562
E83025,114.70580163119502,64.91864087307782,0.5026562
E83026,-252.3268517753204,6.810034453103407,0.5026562
E83027,-64.42163098467937,38.64130427038938,0.5026562
E83028,24.26854369589471,-8.154809853916964,0.5026562
E83030,0.7540469625974995,51.04091930287406,-0.8565999
E83031,-139.0112574824843,26.542669200913497,0.5026562
E83032,772.3003988209234,65.27570008442522,-0.8565999
E83034,28.607373858374572,-84.9336543961815,-1.0559862
E83035,119.19199472025332,84.28889085274494,0.5026562
E83036,-89.92371166960962,81.39351827166736,0.5026562
E83037,-115.06369134468822,33.97550828146933,0.5026562
E83038,214.46873025946522,27.920201756683305,-0.8565999
E83039,-238.10350573595963,26.902319870387846,0.5026562
E83040,-454.9466497110294,-51.54588527462067,0.4168987
E83041,-286.4506968758218,3.5801005826449077,-0.8565999
E83042,-256.7396044781117,-10.62437908870697,0.4168987
E83044,24.549070302279574,61.79401347825253,0.5026562
E83045,-9.459787833393728,101.61005920642812,-1.0559862
E83046,2.092276038054699,119.36296311741368,0.5026562
E83049,-80.9775340359838,47.10500056367759,0.5026562
E83050,-175.9743909806534,30.806133209536657,-0.3860058
E83053,353.1735696937152,152.2905085031355,-0.8565999
E83600,-280.53145124556755,11.573523627753188,0.5026562
E83613,-202.74305007357142,114.23814313731772,0.5026562
E83621,21.94057055809473,202.30592172807167,-1.0559862
E83622,-244.95590419342025,107.97938771929574,0.5026562
E83624,-361.1381874898548,-4.051158878212252,0.47242117
E83629,-273.6589688564685,-39.8272688534275,0.485279
E83631,-352.7859571219388,5.052592900391214,-0.5392475
E83632,-216.6509907381393,15.50939811789125,0.47574043
E83633,-337.64500509902996,-30.647910067725793,0.43890455
E83637,-183.58287939620652,82.05835511868476,0.5026562
E83638,-199.3840076366187,39.08984492453217,0.5026562
E83639,-153.5975500910071,75.26718560983394,0.5026562
E83640,-446.31963220381783,-3.4735998421059304,0.4168987
E83644,-421.8184197750892,-61.797306675187805,0.45466688
E83645,-256.6678339442641,22.29308277484234,-1.0988649
E83649,-346.25182663251366,-0.4833251322931159,-0.3860058
E83650,-399.1201578584571,-19.03282211366804,0.5026562
E83651,-451.6825560218498,-2.4733745663316276,0.4168987
E83652,-404.1080703236308,-6.590521563718672,0.4168987
E83653,80.02060733506019,75.6125462833149,0.5026562
E83654,-354.1501267338795,-16.89347189488189,-0.4973714
E83656,-397.4495799218672,-9.518018150838277,0.4168987
E83657,-427.2961229770112,3.499724848126539,0.5026562
E83658,-405.9310678385949,-48.95685694543237,-0.8755604
E83659,-345.0710318326519,-20.282072162468648,-0.8823272
E83664,-443.0923639580156,-33.206553035619535,-1.0988649
E83665,-475.66845622055087,-9.672893105380012,-0.7379688
E83666,-484.6320710134952,-0.05885613752585964,0.43540618
E83667,240.70911146217642,-6.684808859173745,0.41689867
E83668,-306.30971085083144,-12.697123079052458,0.5026562
E84002,-133.67507363199462,32.90173806310679,-0.8565999
E84003,-104.28524037153417,68.34371340758105,-0.3409831
E84004,240.6911756126825,9.910888344640119,0.97718096
E84005,-29.96006936827065,22.79662043997825,0.97718096
E84006,444.83089130084903,135.7191815906067,-0.4253113
E84007,-33.89059863263637,29.528995648523797,-0.8565999
E84008,427.6337904701105,36.11389463378057,0.97718096
E84009,746.3966168945892,15.186141005455125,0.97718096
E84011,-158.7832025797463,-92.62315355167854,-0.8565999
E84012,62.06697788276151,127.90800257773472,-0.3860058
E84013,265.0542600582976,25.394147642138417,-0.8565999
E84014,135.58566894767375,-45.864250894608475,-0.8565999
E84015,528.2841273044758,188.26849861106223,-0.8565999
E84017,114.80803366004497,-17.987410326530302,-0.3409831
E84018,78.6473831585371,19.243939121157524,0.97718096
E84020,-202.1775303300161,88.4243904581453,-0.8565999
E84021,481.04672458875575,32.54373191974578,-0.8565999
E84022,91.32509897400627,-113.40397056706766,0.97718096
E84023,-153.52893823288738,26.195453900469914,-0.16630937
E84024,1003.7774705213816,132.80261032277366,0.97718096
E84025,94.25025600215002,-6.015043408807217,-0.3860058
E84026,-171.46140725205362,-11.678897257448263,-0.8745005
E84028,-103.40996945964233,-20.79166454419446,-0.8565999
E84029,-294.17456087712344,53.736680598749686,-0.87572545
E84030,36.93231437795299,49.15489473766779,-0.8565999
E84031,82.49569786239368,-32.06565339253377,-0.8565999
E84032,285.4393350174848,124.67265678584519,-0.8565999
E84033,-52.67021941597596,62.74059048294009,-0.8565999
E84036,214.6634922559009,111.00276533346374,-0.8565999
E84039,382.2852301264714,97.04950931519542,-0.8565999
E84040,-213.57333144015882,-41.701240645247644,0.97718096
E84042,65.06176198534921,33.775563142440156,-0.16410828
E84044,238.64913224378932,-14.081650509503227,0.97718096
E84048,39.412231054630745,69.05999008172066,-0.8565999
E84049,-197.8284293011668,126.74307610515919,-0.8565999
E84051,4.567509440705801,54.825717038265545,-0.3409831
E84053,-144.83052388948917,-34.299699519931615,0.97718096
E84056,-370.0062544001332,-41.69164256904382,-0.55752075
E84057,528.6107287249149,47.86559001418025,0.97718096
E84058,982.1661346998121,195.94472180932968,0.97718096
E84059,-284.18146238877495,8.294603883306307,-0.3409831
E84061,414.5637645001677,45.85281206988984,0.97718096
E84062,-37.157868196633245,76.66939215262599,0.97718096
E84063,-304.0797076827131,-8.748282751675347,-0.8565999
E84064,-346.1282103747604,-68.56260519220766,-0.8823272
E84066,-178.41904944201673,134.67696182181177,-0.8565999
E84067,27.407738188576708,-25.654589028935437,-0.8565999
E84068,866.5817105777733,90.68541808708534,0.97718096
E84069,534.3780061615003,-36.122874599710144,0.97718096
E84070,-294.0956917628968,-20.807972004785643,0.97718096
E84074,-95.32949829165906,-8.795171591268858,-0.8565999
E84075,-207.26341612158384,-42.433901666247976,-0.8565999
E84076,-5.718938099177299,7.815532007148149,0.5026562
E84077,-307.89623537639216,-16.444925909552783,-0.3860058
E84078,-169.0652463747703,91.67508259813759,-0.8565999
E84080,18.066330798284437,61.0698511772767,-0.8565999
E84083,-105.83783907988632,-15.75787297014615,0.97718096
E84084,-247.19527225815017,-42.09975308294123,-0.8823272
E84086,-144.24899062665662,11.584023953330405,-0.3860058
E84601,-100.07532847222785,38.282899881316055,0.97718096
E84617,-257.0522570269683,-52.37763463167636,0.97718096
E84620,-34.26867141842037,36.478071388856634,-0.8565999
E84624,-280.8444958102201,-3.6246561782310116,-0.8565999
E84626,-311.9104499563666,-5.945856508919262,-0.3409831
E84635,-257.7732713929855,44.81274132246444,-0.8565999
E84637,-320.4172147031752,38.349158915207944,-0.8565999
E84638,-189.69598928376283,10.819638515170894,-0.3409831
E84645,-150.37343549190632,76.71265532358248,-0.8565999
E84646,-274.4701821958476,-41.79434116522194,0.97718096
E84647,-248.6204029510243,30.964544303863125,-0.8565999
E84653,-257.8428117443096,59.15409994916274,-0.8565999
E84656,-153.78001474980778,31.11481470161771,-0.8565999
E84657,-327.7673527443218,-23.06390242806248,0.9924817
E84658,81.62406173103918,10.128136168696699,0.97718096
E84661,-142.58516915026388,52.532949518922884,-0.8823272
E84663,-105.53870198893351,26.76069191363077,0.97718096
E84665,6.510122405054668,89.96235870248431,-0.8565999
E84667,-298.3181872913056,20.929072587173266,-0.16630937
E84669,-378.52082324353387,4.891409446541385,-0.3409831
E84670,-238.5008626284006,-30.228131728540035,0.99433243
E84674,-115.92959158372345,25.796594895140103,-0.3860058
E84676,-116.72356838490141,36.191617519462795,0.97718096
E84678,-355.1459304877941,16.61733490131073,-0.8565999
E84680,-235.70179034755068,-18.354177651270422,0.97718096
E84681,-307.7373657165188,16.97077048021176,0.97718096
E84684,-212.5303457777034,39.32974967637493,-0.8565999
E84685,108.40567912198468,110.78788835211012,-0.3409831
E84690,-249.17836548416392,-72.24424781398423,-0.8698825
E84693,126.92166159127957,4.602339840236145,0.97718096
E84696,-283.82646844439915,-42.85137835437862,-0.3860058
E84699,-277.25998842399673,-51.76250474133606,-0.8565999
E84701,-321.0522458618515,7.355171186303544,-0.3409831
E84702,-211.0273201166799,31.379888670294704,-0.3860058
E84704,-286.89710715984313,12.81608433343376,-0.8565999
E84705,-416.747750630033,-7.224303628079783,-0.44647577
E84706,-358.69645734049766,-6.86035959376599,-0.8823272
E84707,-476.5676287306085,-6.269819485839856,-0.8520119
E84708,-379.95424259761063,-18.321023282141585,-0.8823272
E84709,212.57188540469,80.31056253533076,-0.8565999
E84713,-201.29941095805427,17.71779503716459,0.97718096
E85001,94.40447124366646,42.70937729762993,-0.35134545
E85003,425.15852132795385,152.216349517811,-0.4253113
E85004,150.61135317144087,86.77389398650055,-0.3409831
E85005,-212.41355733581463,-17.212890829787884,-0.4253113
E85006,-34.52122983449232,53.97439103146462,-0.35134545
E85007,219.27587549124965,182.652006350922,1.9583894
E85008,0.15988431881984008,32.591879384000094,-0.16410828
E85012,305.4435112228259,105.91747143728476,-0.3409831
E85013,-314.8811957362563,26.219276861908888,-0.3409831
E85014,-67.4144114557527,46.053086142914054,-0.3409831
E85015,-54.565796324027,82.13041998074851,-0.35134545
E85016,93.55857372828801,-23.088478657144222,-0.4253113
E85018,-345.6558384994693,4.248912146040665,-0.35134545
E85019,124.1319431961298,-26.43065103917591,-0.3409831
E85020,194.07888112058367,103.58904639070859,-0.4253113
E85021,-7.3357433591847885,50.60073974255394,0.35329524
E85023,-215.9516299006087,77.79411711669226,-0.35134545
E85024,-46.39230270214571,45.35824752403663,-0.35134545
E85025,-136.8845704310158,70.5257997913875,-0.16410828
E85026,243.33276344695264,64.34467535567207,-0.3409831
E85028,19.141637006424183,0.6594370523252936,-0.3409831
E85029,757.3279330628766,-28.420117322031178,-0.4253113
E85030,-97.73177619169876,23.531927332728234,-0.4253113
E85032,-125.57688121670756,-15.10280652722946,-0.4253113
E85033,124.30953233594477,-0.6771200630516035,-0.4253113
E85034,151.05439577933677,23.396309879475076,-0.3409831
E85035,-37.935355050793476,-12.21609994867869,-0.35134545
E85038,-192.37116460521565,-3.162064083628722,-0.4253113
E85040,170.34220031621123,-26.928118572464996,-0.4253113
E85041,-174.50229746297867,24.0549170253546,-0.3409831
E85042,-82.16644368036926,52.1049624738603,-0.4253113
E85044,-285.4492481579659,-10.54211593437725,-0.3770727
E85045,-202.72910745467897,18.848958457682116,-0.35134545
E85046,-73.04805053105939,-56.90637341636479,-0.3409831
E85048,-43.944602258334626,40.566845697472175,-0.4253113
E85049,79.25160230803287,192.12166158946957,-0.35134545
E85050,28.81724782336911,36.55946958836652,-0.3409831
E85051,101.14633452576564,165.27897505735794,-0.3409831
E85052,-79.31708032807168,39.81419395853804,-0.35134545
E85053,-138.97979538815034,12.95692101396695,0.97718096
E85054,131.37931600372414,4.649288419853485,-0.3409831
E85055,282.7457734052629,52.555981453223424,-0.4253113
E85056,212.8731927592524,45.97790132747854,-0.35134545
E85057,-69.02542844355425,-17.506355751076235,-0.3409831
E85058,256.3085142407759,64.17603130360789,-0.35134545
E85059,3.184451605207287,8.292959152622643,-0.35134545
E85060,39.13649569331695,29.144353161552733,-0.35134545
E85061,-138.41910038823383,44.12813059689649,-0.35134545
E85062,-94.19128339184675,6.217782314939298,-0.35134545
E85064,13.748552590035729,-27.93033163257799,0.35329524
E85066,-336.3782700224788,7.779887135350714,-0.4253113
E85069,-14.979495998823285,102.25360554380534,-0.3409831
E85071,-316.3570792107135,-12.508212564151547,-0.35134545
E85074,-338.78431799582654,-17.061151607881754,-0.4253113
E85075,-233.92679466459393,32.6962030559057,-0.3409831
E85077,-307.4090109219358,-26.49559226815796,-0.4253113
E85083,30.114600587961263,86.08444767979442,-0.3409831
E85088,-82.65162822566012,65.39685177322987,-0.3409831
E85090,-104.79063796628432,-79.1752480817892,-0.35134545
E85091,-435.1944566879572,-5.851506762096201,-0.3409831
E85096,57.572403669375234,95.27001904012884,-0.35134545
E85098,-208.86724517983242,-0.17973289058440234,0.97718096
E85099,-272.13968004725444,46.39233284440433,-0.3409831
E85103,-101.17484225240224,36.06082790607813,-0.35134545
E85105,-293.5729575478379,6.487348969468017,-0.3409831
E85107,196.7490352943706,82.18951395272147,-0.3409831
E85108,-208.3113427694649,-19.974507778547913,0.97718096
E85109,-301.4323750818576,-3.331463838216441,-0.3409831
E85110,-290.3779207341325,-41.143375506372095,0.29454613
E85111,-241.711806078176,54.20312401412234,-0.3409831
E85112,-181.8657936098869,-9.328682270181162,-0.3409831
E85113,-99.51759763187536,44.51996430190104,-0.35134545
E85114,315.8807354413175,118.18684871551197,-0.35134545
E85115,-209.9483579162327,44.44469145043126,-0.35134545
E85116,-71.14497339327886,81.48080527165403,-0.3409831
E85117,-195.97971006434915,4.160084050783514,1.9340503
E85118,-38.706420864691395,35.071405364140475,-0.16410828
E85119,230.1017903355649,106.92414154087457,-0.35134545
E85120,358.34766541530297,172.0184143853512,-0.3409831
E85121,415.13569660407444,14.695242082088654,-0.35134545
E85122,232.68968537642203,72.45967781524003,-0.3409831
E85123,-265.8979279330417,60.95852481290324,-0.3409831
E85124,104.41978284614748,373.4585810547013,-0.4253113
E85125,-220.22922771739903,7.228744928803669,-0.4253113
E85126,-6.318371961524933,-70.90816639913457,-0.35134545
E85127,-16.961909986376217,13.242169995807009,0.97718096
E85128,93.66129814895105,164.53007368632154,0.35829774
E85129,-41.674195705113355,37.36516303706261,-0.3409831
E85130,-185.81718573708164,27.15123686032171,-0.3409831
E85600,-70.30113803815414,72.82176533105827,-0.35134545
E85605,198.9099826139618,103.28368930103001,-0.3409831
E85617,-364.6211316174996,10.416735907633951,-0.3409831
E85623,-358.0149786067438,-31.366178917784467,-0.3409831
E85624,27.571526047631142,5.156655682752449,-0.4253113
E85625,-316.9635411654269,1.0580183671922063,-0.4253113
E85628,-64.7548097350024,61.186902984615465,-0.3409831
E85630,-344.4598235600487,-6.387390515887114,-0.4253113
E85633,16.424724883022353,15.154386359094412,-0.35134545
E85635,-236.01478253804282,-1.0014847188580696,-0.4253113
E85636,60.827170684780434,111.95486115274423,-0.4253113
E85640,-288.8769046713391,23.475779789288403,-0.3409831
E85643,-46.53730694092369,70.5696828750579,0.97718096
E85649,-370.87112981981886,-17.003128591146716,-0.4253113
E85656,-99.66116691823449,17.342165345081263,-0.35134545
E85657,47.79295467358678,59.95417515063227,-0.3409831
E85658,-353.13657160732515,6.345290372839971,-0.4253113
E85659,-385.6943489648912,-39.437628021740544,-0.4253113
E85663,468.6180424431538,73.20586859905269,-0.35134545
E85672,-398.7624648652115,-38.675314650557226,-0.4253113
E85673,-362.36323816619,-154.9955585911795,-0.48534152
E85677,-229.6150911740396,65.75215842201669,-0.3409831
E85680,-73.00494018479515,45.61232296313599,-0.8565999
E85681,218.86513309510835,92.13395217267941,-0.35134545
E85682,112.70571440677068,44.068315263897524,-0.3409831
E85683,-278.00656747207756,16.163141308671765,-0.4253113
E85685,-131.6131427883847,23.859213549405276,0.35829774
E85686,-483.4826277888096,-238.51393327764802,1.9326622
E85687,-433.4091995377717,-0.3039434999707625,-0.4253113
E85692,-114.19842874553747,-13.122451522885504,1.9583894
E85693,-125.43160491748752,45.92541475146353,1.9583894
E85694,-328.01075094880446,26.939729247140182,-0.3409831
E85696,-47.129791486234296,41.047414548091616,-0.35134545
E85697,-56.04803184141071,-61.00917247115464,1.1783537
E85699,68.52928456426953,92.67387946551747,1.1783537
E85700,-319.47336635144916,-30.333588736763275,-0.35942015
E85705,-370.3083602697279,-15.07000638520147,-0.3409831
E85707,-101.94082615801915,27.982075510078623,-0.35134545
E85708,-170.8160142441413,20.061812801059286,-0.35134545
E85712,119.11462145036198,92.07165726188555,-0.3409831
E85713,-248.76704576390335,-3.872753331740321,-0.35134545
E85714,-306.64747618960075,14.172888166949285,-0.3409831
E85715,-138.352942653402,57.18066023803873,-0.3409831
E85716,78.23476992237087,-19.61109371934669,-0.35134545
E85718,-262.13788909392497,-5.422669832444169,1.1783537
E85719,-110.09587426421379,-12.950037351218166,-0.4253113
E85721,-320.18446888215186,-17.361869804617942,-0.35134545
E85723,-131.85132290534293,24.368663770252653,-0.3409831
E85724,-350.96368562459185,-12.2992067419262,-0.3770727
E85725,-98.85093564877012,37.410665023973166,0.97718096
E85726,-307.7291426380872,0.37432911812616515,-0.3409831
E85727,-211.2269497563993,-9.561661452002898,-0.3730126
E85728,-369.2710942791738,-17.283612517457115,-0.3409831
E85731,-201.1240667161273,48.966898766158636,-0.3409831
E85732,-286.436092283872,39.94778019646343,-0.3409831
E85733,-374.13997491354723,-74.17835193141397,-0.3635391
E85734,-177.64214158405122,-13.842230272706455,-0.35134545
E85735,-164.25242910610797,77.97304538176664,-0.3409831
E85736,94.560107547949,41.51389992731595,-0.35134545
E85739,136.28253175553684,224.38580423825593,-0.35134545
E85740,-355.7084871164151,2.0575084882931103,-0.3409831
E85743,-252.25231018618064,-7.515013767750085,-0.35134545
E85744,119.2242140855623,209.55523354382012,1.9583894
E85745,364.4435881432373,-53.15068032198345,-0.3409831
E85746,-343.4571796535848,25.79894563073142,1.9583894
E85748,-236.14570588728077,-65.93273317858618,-0.4253113
E85750,-60.28537396420467,22.074990120577596,-0.35134545
E85755,-373.4024998287358,-22.488960954732597,-0.3770727
E86001,211.50539279538415,87.60281190946337,1.9962658
E86003,-158.01542685526047,-40.1081534455127,0.35329524
E86004,170.84779738635748,-16.462238467848692,0.35329524
E86005,77.99473744306192,18.46535344952011,0.35329524
E86006,49.20005438605069,23.99030443582155,0.35329524
E86007,551.5909491213928,75.48212237706942,1.9962658
E86009,52.431776192711744,18.01847338518508,0.35329524
E86010,584.9069068998198,105.09270247229378,0.35329524
E86011,-92.79561967328233,31.110789756765556,0.35329524
E86012,268.05771678176177,9.618495010249202,0.35329524
E86014,-162.1132951383764,36.363071206541214,0.35329524
E86015,832.9167144831555,45.20077486252752,0.35329524
E86016,-3.6067200619021933,28.82992361359174,0.35329524
E86017,332.20626110452633,16.644345968195363,0.35329524
E86018,489.9631636162189,-113.94621453550664,0.35329524
E86019,115.14983963906714,-7.101698897795563,0.35329524
E86020,-62.55148679575732,52.29593916631723,0.35329524
E86022,-165.13415883612547,-2.9172645372461936,0.35329524
E86024,-122.7755770347938,4.984620091756569,0.35329524
E86026,147.27246745938774,119.57980383540578,0.35329524
E86027,335.3803394516919,-24.97054550415164,0.35329524
E86028,75.94523444044556,64.36134006971854,1.9962658
E86029,307.15957027254893,109.47051992945747,0.35329524
E86030,-255.18781120220538,20.19009222074896,0.35329524
E86033,-40.11611769717875,14.44220049601155,0.35329524
E86034,-347.27236776247446,17.655799745325623,0.35329524
E86036,160.07119534307384,25.306676368705457,0.35329524
E86038,-118.84750671143671,17.34672771493943,0.35329524
E86041,-179.51107988690325,8.12369715045053,1.9962658
E86042,145.26796765451772,60.773840214800366,0.35329524
E86605,-299.132475023664,20.59643897288165,0.35329524
E86609,-226.59456093307801,-13.5487312419907,0.35329524
E86610,-265.1799640964785,-22.86498527350074,0.35329524
E86612,-216.14121826450125,-84.03631214834027,0.35329524
E86615,-334.521375702082,-1.4971376497637918,0.97718096
E86618,-10.657918871580806,80.07161067661895,1.9962658
E86619,-348.6826595335119,25.091275193120413,0.35329524
E86620,-197.25102646670817,6.521384062419406,0.35329524
E86622,-323.96316116029186,-25.14212409009802,0.34471947
E86625,-225.49563138943083,1.3817336803376368,0.35329524
E86626,-106.27515039137182,-3.187442551358589,0.35329524
E86629,-297.0689409559107,-2.1278576857105094,0.35329524
E86632,-67.93113831489923,-13.256938830470979,0.35329524
E86635,-372.63935395924244,-37.2562993078302,2.0048416
E86637,-22.380940821883677,109.11297541213546,0.35329524
E86640,-215.77872943817104,36.68823209440012,0.35329524
E87002,429.5813740298195,125.3625725740896,-0.5975409
E87003,-158.58996073663258,35.339112418030176,-0.4253113
E87004,15.482350941795623,23.282059205227263,-0.16410828
E87005,-98.36726274065836,11.318798148580994,-0.5975409
E87006,-223.96366212426082,-32.63603157554859,-0.3860058
E87007,-223.80364319876514,13.163849155598053,-0.16410828
E87008,326.3079178086859,98.21271637175455,-0.5975409
E87009,-249.58998187334163,3.2900396088558637,-0.16410828
E87010,-214.5816111757864,-0.9735721264355229,-0.3860058
E87011,285.3439025945163,28.511187290121278,-0.3860058
E87013,-88.52106214127026,42.106952005476415,-0.16410828
E87014,-34.74988456858763,-98.3555520957047,-0.8462376
E87016,-186.1491412631786,11.3194955750233,-0.16410828
E87017,-368.86361936218213,-13.500569640613945,-0.55752075
E87021,-221.79311567141374,-11.840699661453197,-0.16410828
E87024,66.1226988119638,-29.896643785229863,-0.16410828
E87026,-73.54858976091516,27.46632203195077,-0.16410828
E87029,-57.41811079705789,48.216958523102434,-0.16410828
E87034,577.0906450500896,412.64397039080745,-0.5975409
E87037,-63.0713195363302,8.871824494186567,-0.5975409
E87038,49.0563383286685,55.85431411041014,-0.16410828
E87043,-326.8338088353684,1.8719724280790606,-0.16410828
E87045,-196.71500503484125,72.2524994270051,-0.5975409
E87046,-191.3244743874191,47.61349300376361,-0.3860058
E87047,-126.960377699719,-146.08010639885077,-0.16410828
E87048,-386.88848040036413,4.115481151957171,-0.16410828
E87050,-353.5333137132009,14.007542278367323,-0.16410828
E87052,-139.16335622042698,-45.48947033403247,-0.3860058
E87055,-347.054120738403,9.682353027036902,-0.23271427
E87057,-280.26398893928064,-18.580723749562598,-0.21184316
E87061,-163.97015680450554,24.024045114870834,-0.16410828
E87063,-74.77378741933721,74.6443756968039,-0.16410828
E87065,-260.6547866458299,17.948452552531943,-0.16410828
E87066,-37.0833503660064,70.44488876099796,-0.5975409
E87067,243.47004289683983,314.4428108514644,-0.16410828
E87069,-360.4052328137236,7.84128598305525,-0.5975409
E87070,-321.48421030458167,3.961602622338246,-0.5975409
E87071,-363.9988360585841,20.19612938513361,-0.23271425
E87609,27.48187493151281,78.36681366259256,-0.3860058
E87630,-445.63935536937396,-65.04453932589882,-0.8462376
E87637,421.05861904500557,399.252344557726,-0.16410828
E87648,-381.7834421224562,15.740157437653185,-0.5975409
E87649,-425.0089042454879,-3.3402248739295675,-0.23271427
E87663,-291.2743303697872,8.704840570012307,-0.3860058
E87665,-258.50246770675835,29.003831387260227,-0.16410828
E87670,-374.4150464301628,-61.30280069008936,-0.84623766
E87677,-363.7684407973389,2.0634186719117453,-0.16410828
E87681,-54.191702648764384,37.55214707954737,-0.16410828
E87682,102.08707508925875,126.9228301762998,-0.2024997
E87691,-477.9057264366147,-8.31203847242419,-0.64632547
E87694,-472.2325754523658,-6.161903328799925,-0.5975409
E87699,-330.72593829148445,9.018570688372785,-0.23271427
E87701,-226.51218531684913,23.816146629712346,-0.16410828
E87702,-441.4730083897377,2.169230726241608,-0.16410828
E87705,-381.51863090483073,-1.55419243777589,-0.8462376
E87706,-117.20879100668424,73.38768356419331,-0.4253113
E87711,-317.25078231915455,9.301683864617187,-0.5975409
E87714,-234.45871442774046,-7.540468039376014,-0.5975409
E87715,-280.7558238337727,39.46008535012658,-0.16410828
E87717,-459.1272670595834,-27.156146232271368,-0.8462376
E87718,-426.5432245013939,-71.722695987296,-0.23271427
E87720,-230.05203522909247,23.981144463817564,-0.4253113
E87722,-355.3542563220344,33.19880967896504,-0.16410828
E87723,-41.76766501859563,61.68082961734279,-0.23271427
E87727,-290.46000505227113,-59.10838850662915,-0.48534152
E87728,-345.63631304168246,-12.773521739111692,-0.48534152
E87733,-108.09308045725874,51.96583982498462,-0.4253113
E87735,-398.1272371913916,-29.378133618916063,-0.16410828
E87737,-211.69205378334706,-13.138199609550728,-0.5975409
E87738,-111.25855300455427,136.22162176832907,-0.5975409
E87739,45.991206319757346,-12.610272827949162,-0.5975409
E87740,-226.277596666038,85.17686707783042,-0.5975409
E87741,-269.8282739233221,29.976272963083005,-0.16410828
E87742,-350.1958859626978,2.115437641428065,-0.16410828
E87745,-267.68279767757656,-16.375085664548976,-0.5975409
E87746,-331.9513154428461,7.153765016911005,-0.16410828
E87750,-330.79877151160383,59.81304935953625,-0.16410828
E87751,-113.56487463713407,17.475301842875407,-0.16410828
E87753,-115.96885666999613,66.10246833375432,-0.5975409
E87754,-226.36134742015886,31.451048770417238,-0.3860058
E87755,-340.79509047982265,37.14823213435781,-0.16410828
E87756,-79.18708984143849,16.683834115668706,-0.3860058
E87762,-257.9560158463134,48.40855813380325,-0.16410828
E87765,-494.0026939720532,-20.281853273594617,-0.8462376
E87768,-382.3342518669444,5.94554382153508,1.1404774
E87772,-438.6496138457484,-14.09731538328832,-0.5975409
E87774,-478.2412414769977,-4.265703964733867,-0.4131623
F81001,580.2152071662871,140.76671696232384,0.76921904
F81003,-87.04870923456708,89.3367837249149,-0.09192905
F81004,631.6688042692016,163.06141753350954,-0.44424942
F81005,157.21930293962026,36.84714211441228,0.7777948
F81006,268.29289557575476,-6.648251568803186,-0.07978008
F81007,1036.435511539272,409.82718113778174,1.8501207
F81009,555.1648690077193,145.4936932363629,1.9859033
F81010,1238.2355288112947,272.7475072590472,0.5012269
F81011,218.17042608836914,129.37862095910563,0.98397005
F81012,356.31512629543465,53.00062740503246,0.76921904
F81013,249.57865170694723,89.55035697910074,-0.07978008
F81014,900.9963153216823,-120.19823787046232,0.9117909
F81015,631.0063214829358,386.018357962016,1.9859033
F81016,139.22294059505006,104.0861835319045,-0.44424942
F81017,996.7859285138233,-166.06598410224888,-0.81693715
F81018,384.5926729839524,-298.0298084315775,-0.80669266
F81019,1768.6801983768382,722.4548379738454,-0.49391726
F81020,207.36764682911226,84.2375425792784,0.9117909
F81021,727.9878204267723,122.68896551122374,-0.81693715
F81022,1456.178636780843,173.5411676118463,0.98397005
F81023,308.71025261156524,95.98570582765667,1.9326622
F81024,-27.126928238351447,49.5182043189944,1.5614038
F81025,343.865327712616,88.53352348103667,-0.07978008
F81026,553.9874355982453,161.78485794299186,-0.81693715
F81027,1676.6306125449385,209.69958085800795,-0.44424942
F81028,207.11039391890168,84.04094620516457,0.76921904
F81029,181.52791505122866,35.78766572748128,-0.07978008
F81030,1440.6002668049177,201.16883468972924,0.9117909
F81031,419.2398844247652,18.07307250773951,-0.07978008
F81032,-210.7953606802856,38.71479671228376,0.76921904
F81033,-256.2021564379421,-64.84045477112993,-0.08835582
F81034,294.8186186500676,85.95544140508838,1.9859033
F81035,-58.23284313017655,-177.38743242667346,1.5614038
F81036,952.4142287961221,161.0497674473316,-0.07978008
F81037,1098.5360640758279,-209.7170252492492,-0.81693715
F81038,380.3338198809535,54.92701849199167,1.9326622
F81040,-46.783132578847166,13.923380280570207,-0.07978008
F81041,582.805769896547,202.74084316711972,-0.07978008
F81042,2078.3610756936278,1479.624126341126,0.76921904
F81043,1455.5475755165794,369.73435169308715,0.90321517
F81044,289.6054663820927,128.97218513263886,0.76921904
F81045,-294.4609128216146,15.969450160050183,-0.07978008
F81046,21.65995294013363,54.27435954610034,1.8501207
F81047,780.4191032348369,100.09954639262804,-0.44424942
F81048,406.53663417613285,35.1620290607033,0.10388388
F81049,809.4516285457971,193.75490224853692,1.9326622
F81051,397.3947729786862,22.57200101208946,0.76921904
F81052,1960.4927699974462,406.24301340700805,-0.81693715
F81053,485.3476577828086,206.9336294402754,1.9859033
F81055,279.6415752818165,5.843929822009317,1.9326622
F81056,554.4635862969474,102.7749782956923,-0.44424942
F81057,438.56376499979956,105.18854692693463,1.5614038
F81060,92.48813333535603,-12.27829311222346,-0.07978008
F81061,424.576496722305,84.213187194559,0.76921904
F81062,94.13648866222182,17.949174049832294,0.10388388
F81065,-195.62889834937678,25.35501159393115,0.76921904
F81066,39.44431955078326,104.05273393222687,1.8501207
F81067,1314.2996805414737,298.3813818348113,0.76921904
F81068,1550.3023299442093,330.98994304904664,0.9117909
F81069,168.57418477273427,197.2467897675457,0.76921904
F81070,-158.77764735134414,-195.73167339064656,0.7725818
F81071,377.56281235800714,52.19324792591901,1.5614038
F81072,210.95871340035808,88.20841175650456,0.90321517
F81073,-314.9702690038786,-139.3685697971307,-0.14970815
F81074,260.76201382884307,74.26920056484761,1.5614038
F81075,776.1656033436891,81.0922798773806,0.76921904
F81076,-90.87146404261256,18.530809488931414,0.98397005
F81077,-704.4743270997701,-573.593622518372,-0.48534152
F81078,285.0762296923179,92.36741472156616,-0.44424942
F81079,595.7602489290725,-109.73876207078561,0.7719106
F81080,524.468723971847,121.59668134153107,-0.07978008
F81081,1835.884353766677,-61.40940693772815,-0.09192905
F81082,321.7017065205551,131.7472069325819,0.019913
F81083,460.30456556023324,61.24003336047489,1.5614038
F81084,102.71537177681806,-44.863542245096795,-0.07792994
F81085,589.7110624414962,126.54664274944027,1.9326622
F81086,213.8166683074071,112.52148535769544,-0.09192905
F81087,1258.9847010187052,134.37570656915338,0.9117909
F81088,-180.93916129016807,-17.211520622532483,-0.07978008
F81089,649.689112784328,126.73635151790495,-0.09192905
F81090,490.0268084863084,89.69710644891538,1.9859033
F81091,529.6289075116285,111.42900714904142,0.76921904
F81092,-111.32573170101705,55.756365999393395,-0.09192905
F81094,520.1558346875074,-40.12725476936222,0.7712679
F81095,1422.7767920521592,605.898925451398,0.76921904
F81096,1059.2969366499249,123.64484685284927,0.76921904
F81097,1116.040171675835,275.8063919591186,-0.09192905
F81098,301.39357082598445,139.01047286805553,1.5614038
F81099,1170.731931724828,15.924005399536759,0.98397005
F81100,1520.6346552733817,550.2244654363634,1.5614038
F81101,-145.7602965549712,-42.04012931063123,0.76921904
F81102,-67.44850373514276,89.87634817456542,1.9326622
F81103,-514.4986706373547,-229.7073306344687,0.5973467
F81104,73.14226404106678,25.41908661413808,-0.07978008
F81105,1356.9818644940124,252.09639274891876,1.5614038
F81106,787.2924028191802,163.29610858710402,-0.44424942
F81108,1100.510617430024,523.5141145479926,-0.07978008
F81109,98.0998922081634,77.94880959912932,0.7729287
F81110,329.62268499385044,478.13508540309135,-0.07120433
F81111,69.59654816014643,101.6529227748873,1.9859033
F81112,281.0850489632483,116.5020138544732,0.76921904
F81113,722.0014088633353,237.95205411121506,-0.07120433
F81114,865.6428618758665,86.96020529853007,1.5614038
F81115,1122.9151243945173,666.0457938704587,0.76921904
F81116,632.9458434120819,197.62861115561714,-0.81693715
F81117,599.4717095793708,27.370631060276814,1.5614038
F81118,968.8906211308674,69.53170898523099,1.9859033
F81119,473.2633345318137,111.60316326051458,0.9117909
F81120,1049.8120502261527,147.48087371936796,-0.44424942
F81121,34.650650295122496,74.24645420794882,-0.09192905
F81122,479.9171834579358,221.99808904870065,1.5614038
F81123,1145.733353216298,240.7539294260282,0.76921904
F81125,648.3587272616278,16.969287099420256,1.8501207
F81126,869.0542980794804,83.44003172516496,-0.09192905
F81127,79.90133460835264,54.80899844446379,1.5614038
F81128,669.4636474468655,208.1318448296973,1.8501207
F81129,-233.79006026419685,-447.8465469084898,0.7777947
F81130,333.99314712405703,195.21673868986554,0.98397005
F81131,377.626481862357,118.533597814287,1.9859033
F81132,1638.863462346577,250.67843419642725,0.9117909
F81133,755.9800658528319,122.6234204732113,0.98397005
F81134,441.1797116860205,52.34145596356951,-0.07120433
F81136,283.22461601025736,379.730284064146,0.10388388
F81137,190.3501176631456,87.47579667615332,-0.07120433
F81138,-84.51051517567808,93.76478530261546,0.90371615
F81141,60.01540245457332,98.75973605968979,0.76921904
F81142,63.515765608643605,3.22893562112923,0.76921904
F81144,1023.7763940457429,424.64608745094364,-0.09192905
F81147,-24.769991479375122,-26.98296672798941,-0.09192905
F81149,673.385876751401,-44.39268233745152,1.5614038
F81150,351.43941472190033,137.57436901575142,-0.07978008
F81151,145.13145925309053,-7.057049821339337,-0.080055214
F81152,459.2235763103651,83.0450007496586,0.10388388
F81153,915.5515454052877,110.68513236897545,-0.07978008
F81155,103.64485983780256,30.102217632153838,-0.07120433
F81156,1043.0137168029712,272.66795726730464,-0.81693715
F81157,420.9429269076987,-48.49185356187307,-0.7966144
F81158,-21.03829775173109,32.37965411850131,-0.07978008
F81159,-0.25170731820979647,119.94101451885246,-0.09192905
F81162,-239.60489474325414,30.988258422460543,0.88606364
F81163,135.4399774638702,108.45586115212025,1.9326622
F81164,477.17551860557995,255.61929444212475,-0.09192905
F81165,-196.8966582069793,4.901104707719261,0.10388388
F81168,16.784788384672687,37.56537338906,-0.08062234
F81169,28.02964620537591,18.461757212731424,0.10388388
F81170,-104.57417752103404,83.80158322451587,0.76921904
F81172,-242.8313772987895,-145.74414211848463,-0.01617661
F81173,267.70669873207186,167.73819215466318,0.9117909
F81176,-217.3661595781674,44.3999848445342,-0.09192905
F81177,-110.13512636357376,67.60827340624779,-0.07978008
F81180,-171.12055507559114,-136.24642875828982,1.5356766
F81181,1067.0161240567552,275.2085085937951,-0.44424942
F81183,60.09787155062405,176.8442577396605,0.98397005
F81184,-161.03081763738905,27.883541631818765,0.90321517
F81185,-242.68585483363083,-45.692996926200905,1.8243935
F81186,286.1279226877626,169.53810448827903,-0.07978008
F81192,731.6662110152388,170.34998077044577,-0.07120433
F81193,145.20512529667636,116.40278876581986,0.98397005
F81195,-250.0226134420516,-12.335312199133773,0.9117909
F81197,-257.57375864492604,-50.63493084635949,-0.07120433
F81198,-213.1846071452819,30.671087460768657,-0.07120433
F81200,-185.22250431116726,14.978788370376689,1.8501207
F81205,339.3510647001204,271.796254210222,0.76921904
F81206,394.5755508624405,123.36987457711946,-0.07120433
F81207,-327.2993049611501,43.66715885428289,-0.09192905
F81209,-200.46627798867348,26.09902006953438,-0.09192905
F81210,-162.90771572455208,-78.94330356554214,1.9687519
F81211,157.54258948737288,44.09010695556354,-0.07120433
F81212,1402.4665092586836,438.3298125027841,-0.81693715
F81213,412.45426730786284,406.28528064541644,-0.81693715
F81214,196.82562145295293,62.59773803784591,-0.088355824
F81215,111.30414583031721,92.53030099584521,1.9326622
F81216,-142.31822437754278,-9.65305912459643,0.10388388
F81218,-301.8961452276605,17.540074664677768,-0.07120433
F81219,6.053346087928432,45.65017409816634,-0.07120433
F81221,138.53269361395797,46.37541237358866,-0.49391726
F81222,-104.86217010759606,-7.934491938966662,-0.07978008
F81223,-171.4728374953694,-35.745555912235425,1.8501207
F81606,-53.45455861766876,107.33556301692455,-0.81693715
F81608,120.97842246129085,-189.17105278287895,0.5803634
F81613,292.64426479151973,79.77477476331063,-0.09192905
F81618,-24.920288177474706,-7.104052998813786,0.76921904
F81619,-166.5568046748065,56.07746442831934,-0.44424942
F81622,-114.22881942636815,28.124895289404378,-0.10583078
F81623,-240.6099486209913,2.7065291174838015,-0.07120433
F81632,10.101927661393171,-66.7891320868608,-0.07120433
F81633,-92.06970049950597,20.597950586468418,-0.81693715
F81635,-269.2663478407296,12.637656296903462,0.9117909
F81636,700.9889910287714,204.8872740211432,0.76921904
F81639,-407.1868463518093,-23.551729650271724,-0.16053504
F81640,-22.1844763451731,149.6754806676062,-0.07978008
F81641,-56.30961370157912,15.926733717766268,-0.07120433
F81643,-734.2036148131532,-331.0353056364108,-0.088355824
F81644,-321.954754545273,-37.073673520180556,-0.08151779
F81645,13.395809745703286,68.19030279099087,-0.07978008
F81648,-418.66961624787416,-18.438868416178906,-0.084579006
F81649,22.49892909981632,36.030223549118034,-0.09192905
F81651,-237.22977213694566,17.849140961725112,-0.07978008
F81652,-172.25771532444855,27.988057539318863,-0.07120433
F81656,-185.5506322276965,3.525004877409576,-0.09192905
F81661,-345.76188732044,-61.56049160881101,0.7777948
F81665,-173.40822584254056,55.02891957762727,1.5614038
F81666,-135.56719541581077,24.798304505927074,-0.07978008
F81667,-406.93950636938365,-62.744698134497526,0.7777947
F81669,126.17304029152147,113.66922230374702,-0.07120433
F81670,-24.795139614394394,6.085843323450526,-0.81693715
F81672,-174.06795710502112,-91.82487292000597,0.7725818
F81674,-272.47866944221295,29.886909622139363,1.5614038
F81675,-154.00739533607626,121.01476925791177,1.8501207
F81676,-395.681547273112,-10.739333960098099,-0.16053504
F81677,-480.61949454121515,-113.24976058082059,1.8243934
F81679,268.71916547601427,130.70579726641472,0.76921904
F81681,2131.255578235532,996.3558682795034,-0.81693715
F81683,440.8145980176123,64.79767496907618,0.9117909
F81684,-36.96018201549307,88.10455652963577,-0.09192905
F81688,-231.06069300938515,9.133674288009878,-0.09192905
F81690,39.94533166494025,246.49855244674345,1.8501207
F81691,-129.9954336587154,3.763098009942108,-0.07120433
F81693,-410.2372625237197,-8.700783392284611,1.5356767
F81695,-396.51368577458567,-4.584819586459799,1.8243934
F81696,-286.6309403566851,21.77824201522088,1.8501207
F81697,-160.915474630069,7.2615138083251995,-0.07978008
F81698,-94.86206322188359,68.64169363106565,-0.08234089
F81699,-222.23119278035097,-0.10365848476985803,0.7777948
F81700,17.027149226849236,64.63435400679471,0.76921904
F81704,-264.7338106566865,37.34255476643651,0.76921904
F81707,-175.91927305824015,53.70398388358382,-0.07978008
F81708,-179.20618410034956,153.8014232726076,-0.07120433
F81710,-284.3595469693338,-167.56016236540128,-0.088355824
F81711,-268.4951967075206,21.67765458105441,-0.07978008
F81713,-338.22482468019547,-21.68393066105393,0.76921904
F81716,293.87127485724295,199.43459205620073,0.76921904
F81717,-317.58643945704904,-12.062927234091433,0.95824283
F81718,-415.23091769202745,-52.62925842205768,0.77601254
F81719,-247.38289294750402,-67.18592917407653,-0.088355824
F81720,-214.62854524437785,28.91269320831426,0.7713788
F81721,145.73632852306568,78.31272551663503,0.76921904
F81724,-198.83330777051634,-53.98066087687842,-0.118831486
F81725,196.51155636364874,204.31812290881325,0.554468
F81728,-316.12354200005745,-66.84880065149603,1.9326622
F81729,-25.233258708751563,51.49634438684565,-0.07978008
F81730,56.77412527832591,63.37557394902658,0.9117909
F81732,18.44975002411322,337.1394649255549,-0.07978008
F81733,-234.29940922145485,0.4358277111497205,-0.16053504
F81734,-475.61546428482404,-52.30166112876816,-0.088355824
F81736,-284.87762796005256,-22.02378491042308,0.7777948
F81737,-374.9688779173774,17.004568276956032,1.9326622
F81738,-299.3588593923652,-55.639324374973434,0.9831447
F81739,381.435926681677,413.44219188665716,0.76921904
F81740,-157.2718373315486,35.022564974445764,0.76921904
F81741,955.1215027397716,532.0531956760667,-0.81693715
F81742,-313.57480858678093,-0.5286710193356694,-0.088355824
F81743,68.18430625775949,21.519468425267004,-0.08534835
F81744,-237.38874385919124,18.193547908530974,1.8501207
F81746,-222.78974443064925,52.37231912276844,0.76921904
F81749,613.6675681967745,462.83145799114095,0.554468
F81751,105.56650559749163,231.29816239139856,0.98397005
F81755,-413.48082342594034,-24.698920492403307,-0.16053504
F81756,-274.7922875663684,4.618988331116782,-0.08151779
F81757,209.26690559532307,126.32874780978327,-0.81693715
F81758,-137.40864901437516,-53.461490689840964,-0.49086112
F82001,73.01723692287663,9.237652772234375,-1.3068267
F82002,-96.34629302173319,69.46198437545826,0.5680463
F82003,-55.692422831460014,46.98291565202277,-1.3068267
F82004,354.14570640470373,-202.42526866842655,-1.3154025
F82005,-79.15829738303054,-22.37046655741354,-1.3068267
F82006,606.3729079088185,158.6114285017902,0.5680463
F82007,364.49352475227107,73.91183168660119,0.5680463
F82008,752.1993870939957,30.611533368279602,0.5680463
F82009,789.667247090776,229.8706093001253,-1.3068267
F82010,138.85098822897945,117.80613667308026,0.5680463
F82011,620.6499825836178,-27.104341716395822,0.5680463
F82012,-53.299515407482225,-82.57891554348868,-1.3068267
F82013,668.9846714519151,93.73268321468233,0.5680463
F82014,415.66470340540604,3.1069935581327734,0.5680463
F82015,118.2831872951758,44.92986199389924,-1.3068267
F82016,231.34886088996095,49.72550479933965,0.5680463
F82017,613.8809491235736,61.56194335864928,-1.3068267
F82018,520.9430076877059,-13.880128240962758,-1.3068267
F82019,187.2943572415598,22.574411069300737,-1.3068267
F82020,-289.22555003139365,-64.9928384812917,-1.3154025
F82021,361.9987429975963,-42.246933913929745,0.5680463
F82022,568.6901197994165,171.6103978887459,0.5680463
F82023,-216.3367136259297,-86.99634886664246,0.5680463
F82025,58.979907323034695,62.59405882547023,-1.3068267
F82027,-306.8764473966937,-9.043942419528046,-1.3068267
F82028,120.92990200773208,114.96170829796284,0.5680463
F82030,654.2086007461899,122.40147630461605,-1.3068267
F82031,2.161678818167356,15.210036083354673,-1.3068267
F82033,-247.75340362246712,31.14505719662206,0.5680463
F82034,-128.43496452585794,-38.73661015827605,0.10388388
F82038,493.6242411810497,21.57084675821056,-1.3068267
F82039,-216.31538826868143,14.831971782760169,-1.3068267
F82040,-277.77894780552066,-26.875354955646674,-1.3068267
F82042,483.2883210326315,171.509806289035,-1.3068267
F82045,-232.83405584645547,18.90353671877225,0.5680463
F82051,598.0894507836074,125.17079951574681,-1.3068267
F82052,-213.33255289651555,36.89210740427317,-1.3154025
F82053,-141.04335688461458,39.432066512043775,0.5680463
F82055,-129.9012143738863,97.64520391100073,0.5680463
F82604,-35.25064711263778,85.22609840723737,-1.3068267
F82607,-18.529503525206877,76.59990887068115,0.5680463
F82608,-430.50446216924445,-18.412482868943805,0.5251675
F82609,-221.31351482554626,16.750425334928842,0.5680463
F82610,-227.6232177597769,11.235030205091912,-1.3068267
F82612,-55.05933600797076,53.809433622821274,-1.3068267
F82614,-198.24529676576742,66.79653600237354,0.5680463
F82619,-327.9960507742483,-9.230433820938325,-1.3068267
F82621,-71.9549255022738,74.3625236875005,-1.3068267
F82624,-252.02829145214463,-10.212403414134858,0.5680463
F82625,-21.823143478280127,44.03718827709292,0.10388388
F82627,111.45932292646582,45.86354499550478,0.5680463
F82629,-379.47111894377315,-38.71238833003761,-1.3154024
F82630,115.28890180854793,79.8053622968589,-1.3068267
F82634,-137.562297606715,18.670602321560704,-1.3068267
F82638,-69.01860446911465,5.907296901492408,-1.3068267
F82639,-336.6709608678599,-6.945440527256735,-1.3071018
F82641,-425.1574141214395,-5.778175775049335,0.5251675
F82642,105.06693505965292,74.35755292408052,-1.3068267
F82643,-368.7742010297809,-15.269602459699591,0.5251675
F82646,-50.10063026596889,-109.04521055618619,0.5251675
F82647,-218.74903934652446,-3.856106680295991,-1.3068267
F82648,-207.0912688225389,-19.825982148073617,0.5680463
F82649,-40.70329511219866,4.377915477513681,0.5680463
F82650,155.10739166645834,128.7784940893429,-1.3068267
F82653,-354.29272996198,-23.719320635948502,0.55621237
F82657,-472.4363410382195,-72.96652158199103,0.5251675
F82660,1759.3856983395606,1029.0365617619639,-1.3068267
F82661,-267.93594406583594,-16.094497152038908,-1.3068267
F82663,-224.73523742423149,25.923453082887523,0.5680463
F82665,-251.18188554396815,-87.59006949748981,-0.009698987
F82666,-151.7941981137987,8.343399422076908,0.5680463
F82668,-169.5532557954842,11.47649582475466,-1.3127936
F82670,-315.84486735030487,16.029391220770083,0.5680463
F82671,-200.48836569954167,14.055362923768964,0.5680463
F82674,-101.12397231605912,52.590931098457716,0.5680463
F82675,-182.66132743489575,-37.23564362352234,0.5680463
F82676,229.4625488636216,14.155082430584361,-1.3068267
F82677,67.7218783303981,79.90590181548677,-1.3068267
F82678,54.378226933715254,192.57896999693781,-1.3068267
F82679,-162.42885646210192,5.632102193752209,-1.3068267
F82680,274.1886611833623,203.9031059340801,-1.3068267
F82686,-284.8981851699471,-18.469021882986855,-1.3068267
F82744,-413.3122289198733,-83.17770250354785,0.5251675
F83002,315.88568229546416,138.6577198614622,-1.1367412
F83003,-205.6509076862745,21.042758170712254,-0.3860058
F83004,-64.33327284943665,17.67879881646462,-1.1367412
F83005,-373.1837462206981,4.971129670880321,-0.5975409
F83006,256.1875019610799,127.67205343791488,-0.3860058
F83007,-39.853743335750345,5.417660884187662,-1.1367412
F83008,653.0052628007867,161.84480238926804,-1.1367412
F83010,340.1884385326089,153.25010487630672,-1.1367412
F83011,-183.4501120545506,3.675441634029149,-0.3860058
F83012,83.30094046058014,68.56272232169262,-1.1367412
F83013,-431.03041080976107,-54.68055830782934,-1.1710441
F83015,332.3369194532198,89.62525384246187,-1.1367412
F83017,434.93755902618045,108.8512571824356,-0.3860058
F83018,378.70810591248176,161.88542292041183,-0.3860058
F83019,185.6190125388185,73.41332138130002,-0.3860058
F83020,172.3168218908992,49.87479383464386,-0.3860058
F83021,429.85960827337846,148.20772348746826,-1.1367412
F83022,520.7559316363505,108.26729107322474,-0.3860058
F83023,995.2003354630311,125.00566071484648,-0.3860058
F83025,72.75868035396287,107.075860141897,-0.5975409
F83027,-6.8992759145871645,87.00976418990955,-1.1367412
F83030,-241.69454927354786,-48.140580490690695,-0.55752075
F83031,-355.836684020078,-89.83114068493776,-1.1710441
F83032,159.45649175855328,6.607625827155513,-1.1367412
F83033,-163.01092392056455,25.36365565815451,-1.1367412
F83034,-273.7493684082448,-6.807467754168307,-1.1367412
F83039,-36.65626068337946,5.455526531861273,-1.0559862
F83040,-363.338702643681,-41.00502820908144,-0.84623766
F83042,-271.00058158531965,-9.149858132174307,1.1404774
F83043,-363.52329856086163,-15.919187205890317,-0.5975409
F83044,-286.5437161263907,-3.3421885922798196,-1.1367412
F83045,55.10950137314778,61.496332539259875,-1.1367412
F83048,-95.68428644969879,66.08823922367387,-1.1367412
F83049,-460.53357279584503,-25.80312076733067,-0.55752075
F83050,-352.8985364534982,26.897623158781567,-0.3860058
F83051,-352.5604647798221,-68.20466047414979,-1.1475074
F83052,-234.88514849812472,-5.65013852145667,-0.3860058
F83053,-45.775522049974875,25.41977533345771,-1.1367412
F83055,-1.869738652411359,37.67094087408354,-0.3860058
F83056,-149.0503451715982,-53.886917985243,-1.1367412
F83057,-132.23646389881156,37.1947512065977,-0.3860058
F83058,-145.05609532977437,23.57615972219749,-1.1367412
F83059,615.9828835470972,139.11412961619197,-0.3860058
F83060,83.3940912811495,32.5028938029631,-1.1367412
F83061,-268.9149134131164,49.28894347336012,-0.5975409
F83063,260.3069275350806,107.10911508420972,-1.1367412
F83064,-49.08092465474823,10.987326355062638,1.1404774
F83602,-471.0098434897736,-41.680210088055574,-0.55752075
F83615,-246.51462890783938,28.31793196889692,-0.3860058
F83623,-125.36874365927991,25.436767814680763,-0.3860058
F83624,-50.61305978952061,58.99858464266795,1.1404774
F83630,-425.29945838273864,-90.2494030140139,-1.1710441
F83632,-7.642195451081166,255.07513423461512,-0.3860058
F83633,-402.70098550494055,-9.608561095611472,-0.3860058
F83635,-268.77499305326677,35.58823731168836,-1.1367412
F83648,-174.05241536814214,71.2794903580158,-0.55752075
F83652,19.572339467391167,53.4838889107871,-1.1367412
F83658,-212.31030323450304,7.543574345232623,-0.3860058
F83660,57.62812346749587,57.528176990586715,-1.1367412
F83663,-424.4248935655299,-112.48464064951739,-0.55752075
F83664,-37.37539152139683,78.77050684954173,-1.1367412
F83665,-7.661825288863707,103.26355013596176,-0.3860058
F83666,32.517652109881126,78.4659153386916,-1.1367412
F83671,-270.97752198858956,24.490459985255576,-1.0559862
F83672,-416.72003649783284,8.137767871479209,1.1404774
F83673,-83.69128181780604,33.75483635152274,-1.1367412
F83674,56.05990715738587,285.87129573673883,-1.1367412
F83676,-469.45960470933244,-5.831776680561732,-1.1475074
F83677,-404.2875011834452,-13.561133513672731,-0.3860058
F83678,-223.89409906641,19.097035824941248,1.1404774
F83680,-167.57048973646218,62.60021052306368,-1.1367412
F83681,-228.66919443467984,30.428516725333164,-1.1367412
F83682,-391.8914534382208,-7.885183100773834,-0.3860058
F83683,-130.49212036409537,17.739864141852497,-1.1367412
F83685,-559.2457517676675,-74.0958330995999,-1.1710441
F83686,-174.47893186883022,-2.528344031357126,-1.0559862
F84003,387.9982042104258,162.76323084583169,-1.298251
F84004,976.4084987009287,266.246396826026,-1.2346475
F84006,706.6704606675066,78.76572128341563,-1.2346475
F84008,242.55237709164334,8.244717732346844,-1.298251
F84009,253.70270619404738,92.96801151458175,-1.2346475
F84010,155.82651041130376,93.17249101989914,-1.2346475
F84012,408.9699556152704,63.58724637346521,-1.2192827
F84013,-60.30889271714405,29.455093130296568,-1.298251
F84014,201.59994077646274,80.1436296113341,-1.2346475
F84015,-23.957831624903502,17.075710330481016,-1.298251
F84016,552.9238125069309,123.28108798629928,-1.298251
F84017,1426.3332871889975,251.06932245811402,-1.2346475
F84018,260.8038410283911,149.8189536290989,-1.298251
F84021,43.6851006309853,54.42218880453344,-1.298251
F84022,21.188070758307827,-47.67915055675099,-1.2346475
F84025,43.06976850763166,286.4032922434943,-1.2192827
F84030,-223.99007916324538,67.14280654282126,-1.2192827
F84031,849.2152921303795,159.46279612799864,-1.2192827
F84032,-304.86417562371753,-60.335271100633314,-1.2432233
F84033,107.95327890944672,39.36095901533635,-1.298251
F84034,877.4965021069742,314.56638161328243,-1.2192827
F84035,-244.9697105483228,48.47983105305468,-1.298251
F84036,-109.54056450192469,63.424773130095105,-1.0559862
F84038,-139.03975841496,22.582711403840328,-1.298251
F84039,118.83349126622761,142.69231097450992,1.1404774
F84041,198.68205602449973,80.6366964308054,-1.1367412
F84042,-444.09384691231674,-32.513394164161795,1.1747805
F84043,-92.54684036814841,-3.9791264263943855,-1.2999356
F84044,72.26332382827972,91.78402988863219,-1.2192827
F84046,-277.8598983284935,-11.044642322328771,-1.2192827
F84047,712.3819039635268,-65.2170097837517,-1.2346475
F84050,394.1694973604279,204.00199060688792,-1.2346475
F84051,-82.86488369423334,87.5759974032595,1.1404774
F84052,514.9639847612492,250.63512846298568,-1.2346475
F84053,171.77492889060238,12.804121881886807,-1.2346475
F84054,426.84461349771874,163.73380374903937,-1.2192827
F84055,-278.5203615368924,-16.469212669325707,-1.2192827
F84060,-140.3452948062671,34.62560325464474,-1.298251
F84062,902.5179617371269,177.05582752448763,-1.2192827
F84063,-66.26670086237701,37.663469964106746,-1.298251
F84069,349.5996091736348,110.84339900800215,-1.298251
F84070,6.9878851929897525,107.97354912453588,-1.2346475
F84072,-116.14792055489825,124.90129744176788,-1.298251
F84074,685.3250087177609,55.399349486002926,-1.2346475
F84077,134.51748980686756,87.78134130444958,-1.2346475
F84079,43.3682589999532,65.62409991872951,-1.2192827
F84080,-145.59226849822608,16.015260010934128,-1.298251
F84081,458.751954675601,103.18573303168047,1.1404774
F84083,224.35241806907288,73.62581664462662,-1.298251
F84086,113.94860342884299,14.626681430124544,-1.2346475
F84087,742.7757492548958,183.89970116955897,-1.2192827
F84088,28.582025303661737,62.96921460687996,-1.2346475
F84089,-348.90052130520917,-26.581282416822848,-1.2432233
F84091,-23.798881554166176,-24.8607875247977,-1.2432233
F84092,70.85832440950891,81.79677869423358,-1.2346475
F84093,756.6309313031572,230.69680774235528,-1.2346475
F84096,405.36230774664233,133.9542297947535,1.1404774
F84097,550.8402615682717,144.04529006312274,-1.2346475
F84105,68.79187909898505,-5.722920334334032,-1.298251
F84111,91.68881985195897,81.84013408841628,-1.2346475
F84114,-209.24024205990108,3.6235860677927603,-1.2192827
F84115,-77.2789635847346,-16.051935312624213,-1.1367412
F84117,128.12674230413663,89.15562278340967,-1.298251
F84118,-72.78625255088203,44.19595510779833,-1.2192827
F84119,228.26549662010518,114.22295698402594,-1.0559862
F84121,764.1084748529792,147.86123647762878,-1.2346475
F84122,912.6617319624436,226.05332042133168,-1.2192827
F84123,100.38710747694992,35.40927560568485,-1.2192827
F84124,-168.65682066361634,45.928336986035035,-1.2346475
F84601,-121.45062283641181,24.753981927316687,-1.298251
F84619,-213.99629618432243,22.941208286471568,-1.298251
F84620,68.89949715796578,82.50486522158678,-1.298251
F84621,-214.5050152774941,-45.017309336382205,-1.298251
F84624,-337.5646059703683,2.7118654724931446,-1.298251
F84631,-287.33169377693514,-16.82555148767819,-1.2357821
F84632,-323.2740830721124,73.05726069978111,-1.2973577
F84635,-149.94292889389317,44.466616871345416,1.1404774
F84636,-289.0573121752751,19.45069927767801,-1.298251
F84640,-133.63036077727082,40.803888083120704,1.1404774
F84641,-114.69889600910082,-36.62947024203187,-1.2346475
F84642,-107.09863391775005,-44.65978809049307,-1.2346475
F84647,-162.87469060540153,90.68826196577628,-1.2192827
F84654,-354.84472563382894,-83.19078197952626,-0.01617661
F84656,-47.89126149251486,85.21485786253437,-1.2192827
F84657,-4.096020076515264,81.23870461251376,-1.2346475
F84658,406.15509397646326,387.14354074375933,0.10388388
F84659,-493.630225765647,-3.6399247143031714,1.1704713
F84660,-423.31242922531965,-11.295895293974468,-1.2346475
F84661,-227.39619261009497,-22.27645753482297,-1.2373391
F84666,-115.40004423522785,45.33221329299442,-1.2346475
F84668,-225.80639070584303,-3.613425509714197,-1.298251
F84669,223.0860496552161,240.35709929547292,-1.2346475
F84670,-68.50990319139727,-0.1549988852325374,-1.2346475
F84671,-443.28326518527956,-42.38391569478223,-1.2432233
F84672,-58.25380031186145,164.10662903196044,-1.2346475
F84673,-404.69923675914816,-14.13413365949932,-1.2346475
F84676,-78.83745955665069,77.11257237296698,-1.2192827
F84677,191.41808587921963,116.30991338707976,-1.2346475
F84679,-170.38475731365443,-41.9633282259241,-1.2410227
F84681,152.5633433192102,40.3384930104157,-1.2346475
F84682,237.37182186535995,182.45231037714996,-1.2192827
F84685,-312.7169095079901,13.51654683830401,-1.298251
F84686,-352.1179216656096,2.543839015170074,-1.298251
F84692,-162.32475406895722,52.245692845733444,1.1404774
F84694,-306.14359615226533,29.39965630507918,-1.298251
F84696,-13.618123962444068,50.37190035932873,-1.2192827
F84698,8.16203916961895,93.0616581313279,-1.2192827
F84699,-407.68544762107683,-130.96421459914416,-1.2432233
F84700,-468.65928010534105,-45.70124406180526,-1.2432233
F84702,92.39915864976815,106.6550121742391,-1.2528752
F84706,-276.63436724031124,19.243983180637503,-1.2346475
F84707,-618.425616269243,-162.79904478673993,-1.2432233
F84708,-140.6177548507207,6.256023108565392,-1.2366965
F84710,271.77878943398036,62.580208174439015,-1.2192827
F84711,-328.1880190758686,-14.44025898175272,-1.298251
F84713,-355.22885377567326,-60.60463918629086,-1.2432233
F84714,373.4097477214385,119.48547495691928,-1.2192827
F84716,-260.04027097967753,11.160300574810867,-1.0559862
F84717,132.84399964527506,105.11230848036574,-1.2346475
F84718,377.27088066346477,231.2189222717974,1.1404774
F84719,-256.1456124563346,-27.409226438159415,-1.298251
F84720,-71.286025262767,35.509521784310024,-1.298251
F84724,465.95460891323324,170.22464504534904,-1.2346475
F84727,-309.6904851556399,-23.00757115855556,-1.2432233
F84729,-233.1478350269564,46.80641826884745,0.10388388
F84730,-12.17302188287039,162.4527927897262,-1.2346475
F84731,-447.4328470564021,3.8168150482336274,1.1404774
F84733,-217.9344375172976,-42.223964296423404,1.1404774
F84734,-116.35673648560181,-84.19367090018676,-1.2346475
F84735,363.88924992612874,43.79048369976568,-1.2346475
F84736,-554.7728865929997,-174.56670595916955,-1.2432233
F84737,120.64670935394584,329.1327521844767,-1.2346475
F84739,-217.7373595690142,-31.494146471755897,-1.2346475
F84740,-192.41123891109973,85.8110019988551,-1.2346475
F84741,-148.19255856764366,30.814861476168417,-1.2346475
F84742,-327.4681380105823,-11.546859362944481,-1.2346475
F84743,-465.1373605288107,-7.230716618153346,-1.2367353
F84744,-445.91974785427175,-2.0531543456999737,-1.2192827
F84747,375.1834944011606,186.4300072723484,-1.2186824
F84749,335.1516568269792,371.4859105408289,-1.2346475
F84750,-479.13749894741886,-12.517983546048566,-1.2321187
F85002,1879.479112266059,1500.226244084625,-0.72081727
F85003,222.26450666423747,-208.8771153655044,-0.72081727
F85004,908.3499253625014,163.99038301220466,-0.72081727
F85007,592.9285902350085,294.5031752717857,-1.0559862
F85008,668.9775297464942,-77.8350497592842,-1.0559862
F85009,-29.783519713655533,35.78529692971831,-0.7379688
F85010,168.59443425864038,96.78517630086522,-0.72081727
F85011,-301.11119401327005,-70.37580274201146,-1.0988649
F85013,107.78633365900473,46.39222414598805,-1.298251
F85014,167.37121352189385,26.659296146499823,-0.3860058
F85015,-181.49659683848682,-67.5399986073255,-0.72620046
F85016,-101.21624505719106,35.13358436577292,-0.72081727
F85017,255.31875182605054,20.44568366209163,-1.0559862
F85019,764.2804294834357,186.55287267327816,-1.0559862
F85020,60.75960440952936,29.45957644753825,-0.72081727
F85022,-424.9642336209983,-58.47762728371569,-1.0988649
F85023,13.209398423478303,119.77960843027526,-0.72081727
F85024,-369.1507101739037,-53.732396404351746,-0.72081727
F85025,658.2654208180928,57.57945312711723,-0.72081727
F85026,-360.35374179923036,-99.04738825178511,-1.0988649
F85027,328.0162998363891,-309.37012593308106,-0.72081727
F85028,-142.2019743850737,-63.378994077216674,-1.0559862
F85029,489.57655815512993,77.30229946123572,-0.72081727
F85030,942.9007764860472,149.01635896922687,-1.0559862
F85031,98.38007673932674,48.363745770448574,-1.0559862
F85032,-54.2746813226521,17.82236251543261,-0.72081727
F85033,839.924127084085,503.8655059179478,-0.72081727
F85034,-239.42926747410414,7.979410069775767,-1.0559862
F85035,204.4017511221911,16.644109732123585,-0.72081727
F85036,-243.07735624938385,4.520869405669986,-0.72081727
F85037,-405.84539005773814,-42.74805000187139,-1.0988649
F85039,-83.82844007972936,35.2727197523698,-0.72081727
F85043,-230.91692948051926,-2.6922378812759753,-0.7206457
F85044,-128.67189538530369,13.954623316930064,-0.72081727
F85045,-184.35106316164422,-51.896151502244194,-1.0559862
F85046,-281.1625484158265,-2.00275660123969,-1.0559862
F85048,-132.110864130129,-39.31068170341927,-0.72081727
F85049,-358.32260189423533,-32.77619420282793,-1.0988649
F85052,-396.3142073768787,-0.7164010853649126,-1.0559862
F85053,-237.25876729677984,-181.72822358360895,-0.72081727
F85055,-197.3741362362416,2.5005967250228234,-0.72081727
F85058,205.7175151553786,48.35760247534788,-0.72081727
F85059,-333.93239109240227,-45.6724697554118,-1.0988649
F85060,-47.79254827274322,37.84285884718294,-1.0559862
F85061,-264.19152281457326,26.609436462200982,-1.0559862
F85063,110.12632790073586,70.91226416783553,-1.0559862
F85064,-150.48644383838584,-12.818445990747131,-1.0559862
F85065,-211.3126191020041,-9.096680804794874,-1.0559862
F85066,464.02553964054664,117.64652506142629,-1.0559862
F85067,-175.25933734363375,54.10274365048446,-1.0559862
F85069,-76.9199945795143,54.10127357281944,-1.0559862
F85071,-74.14068115505256,89.55187795276798,-1.298251
F85072,153.8778760233412,179.5443354015955,-1.0559862
F85076,644.0865766239363,-121.35204633180972,0.554468
F85077,-257.21721337358804,13.314020220214779,-1.0988649
F85615,-28.465930518030913,12.878017658382102,-1.0559862
F85623,-203.61238705065477,16.200451527093684,-1.0559862
F85625,-104.73190204815191,-6.59562385057493,-0.72081727
F85628,-243.38115743412467,41.68120055261651,-1.298251
F85632,-403.0402109394157,-15.13615609690283,-1.0988649
F85634,-278.73454829161113,-8.790442144154241,-0.72081727
F85638,-545.785011490807,-157.52264887453148,-0.7379688
F85640,-156.76277718078595,61.7644439458822,-1.0559862
F85641,-395.8972640328752,-105.02406312898233,-1.3154025
F85642,34.787868124750595,95.44167557301203,-1.0559862
F85643,-211.18332136539885,-10.008284289110575,-1.0988649
F85645,-358.6022938685877,6.813623764201781,-1.0559862
F85650,-45.03292489834481,42.66097454101772,-0.72081727
F85652,-62.59660279105724,-86.93459604368974,-0.72081727
F85654,-114.99802685734814,14.543483514666885,-0.72081727
F85656,-339.7159130417361,-5.085454860692105,-0.7213676
F85658,-355.5296160389524,-37.09021628058734,-1.0988649
F85660,-432.5155716710433,-69.21415911399326,-1.1710441
F85663,66.73412521145252,-38.23661758545477,-0.72081727
F85665,-463.7663956511341,-44.874736591821424,-1.1710441
F85666,19.49510263014275,20.69710339110966,-0.72081727
F85669,97.32461414526298,98.19712856426868,-1.0559862
F85675,-62.56545553572687,127.4737791955444,-1.0559862
F85676,-59.543413948149805,89.8255264078718,-0.72081727
F85678,-241.03101365542742,9.481212622821955,-0.72081727
F85679,-315.6790429770696,-1.0146787061399507,-1.0988649
F85680,-336.9030945877837,11.449630320603818,-1.0988649
F85681,-338.5828072681675,-84.43225091779092,-0.72081727
F85682,-203.8989047704608,2.371877024672424,-0.7204708
F85684,-78.7265011528869,-134.10988785860133,-0.72081727
F85686,-323.88486915231056,-54.49067169337193,-0.72081727
F85687,64.07924254585619,-22.157831678243195,-0.72081727
F85688,-99.99956115373658,42.38152749475112,-1.0559862
F85697,-307.6366676448557,33.24238295493769,-1.0559862
F85699,-314.5099161501216,-30.081190648729358,-1.0988649
F85700,-165.64201506346387,126.85422479711706,-1.0559862
F85701,140.42376118878502,97.26742165876172,-1.0559862
F85703,-164.2558600874773,-2.459670792022329,-0.72081727
F85705,150.42726369889814,331.5694548910135,-1.0559862
F85706,-346.5635726199293,-93.07569210853282,-0.7379688
F85707,-259.74843794335055,-41.27701276332064,0.554468
F85708,-454.8552576274145,-11.465369461052255,-1.0988649
F85710,-480.5075142512957,-28.249128569491486,-0.7379688
F86001,162.71334740499273,50.027420062998004,-1.0852866
F86004,486.8795999185143,45.853845326919505,-1.0852866
F86005,24.58098315135476,-60.38258336511702,-1.0852866
F86006,-45.10125177927745,-46.298672386154244,-1.0852866
F86007,517.3976301845883,88.27546301930683,0.10388388
F86008,48.70789780059859,32.75790685481799,0.10388388
F86009,24.550912436233876,-47.88424978310344,0.10388388
F86010,485.5103089087667,-17.721468718505797,0.10388388
F86011,218.48081026418805,142.0520662820471,-1.0852866
F86012,258.21962668559644,-3.8239975892728983,-1.0852866
F86013,-131.0247653188127,-10.567777924850207,0.10388388
F86018,240.99166072869465,114.18517576830322,-1.0852866
F86020,-134.27979361886833,10.897216373613325,-1.0852866
F86022,489.5768607384201,89.58690906106132,0.10388388
F86023,1.789813023693944,22.857211671222156,0.10388388
F86025,434.9907487539641,144.01790565627294,-1.3068267
F86026,46.0457677670724,-7.459771301137648,-1.0852866
F86028,177.72394237597592,66.39090726819536,-1.3068267
F86030,39.56209967344351,69.41640406543208,-1.0852866
F86032,77.50817489099376,46.11545143507818,-1.0852866
F86034,-67.46938937219223,-25.80083932322101,-1.3068267
F86036,486.1853271241481,78.03939620054993,-1.0852866
F86038,448.3846396245405,7.117588711208784,-1.0852866
F86040,43.48381195592581,29.288990495732016,-1.3068267
F86042,-100.93266804914852,-52.85419275765096,0.10388388
F86044,-101.34831705919581,8.496903335682736,-1.0852866
F86045,-303.769680145754,13.190808776709979,-1.2346475
F86049,-340.292490904393,-37.4220546449661,-1.1710441
F86057,47.083033354441625,-25.92111399056242,0.10388388
F86058,325.1022454620775,117.95263850706523,-1.0852866
F86060,386.22677006242856,106.40412108196712,0.10388388
F86062,-122.44063370971459,25.098071444140032,-1.0852866
F86064,-164.06655675021116,-14.536948756548735,-1.0852866
F86066,54.35198464389194,49.76551432428104,-1.0852866
F86073,-281.1626208644133,-43.90600993259662,-1.0996168
F86074,252.046700759652,27.268113966837248,-1.0852866
F86078,73.36827376342102,48.892703098096305,-1.0852866
F86081,-207.48588558351594,15.689848586810124,0.10388388
F86082,-79.85108497986137,119.9763746087853,0.10388388
F86083,99.3344380779955,64.33476942278429,0.10388388
F86085,-260.59088777643694,-47.45987451160096,0.10388388
F86086,-70.87804322514506,42.969697714242045,-1.0852866
F86087,-159.84561874711432,-28.344200621093105,-1.3068267
F86088,-195.78490436582638,57.06457787585237,-1.0852866
F86607,489.7406355221544,71.92612157477167,-1.0852866
F86612,-236.0983712716579,-15.585627729938409,0.10388388
F86616,-113.36572769310811,69.03654064794479,-1.0852866
F86621,-215.795380438293,-26.342177134561737,-1.0852866
F86624,-354.28818444139216,-10.776489691363667,0.10388388
F86625,-51.52211348807716,-0.5058167833826591,-1.2346475
F86626,-228.25724961307242,-18.60269493969715,-1.0852866
F86627,731.8924918093772,46.2302501641049,-1.0852866
F86635,-377.72749565825694,-44.713976129754066,-1.3154025
F86637,-206.25166445917193,26.673424121554124,0.10388388
F86638,-94.28669234916853,33.17749490559219,-1.0852866
F86639,-136.52624817079825,21.151582963296608,-1.2432233
F86641,-91.5987070917849,57.87640148546034,-1.0852866
F86642,-213.2545328619128,-15.970979203404355,-1.3068267
F86644,181.4404272196764,-1.7568368380246022,-1.0852866
F86650,380.1785248713991,55.15573895220765,-1.2346475
F86652,110.04221462964946,29.55443260688466,0.10388388
F86655,-350.95903660192073,0.9372307384931057,0.008774232
F86657,-135.82487920540848,7.819931873652279,0.10388388
F86658,-246.56133302067875,23.836619210285818,-1.0852866
F86664,-16.31594683258738,21.626623176811517,-1.0852866
F86666,239.7111365272184,266.19750419043913,-1.2346475
F86675,-303.12748966306356,22.76118748928182,-0.01617661
F86679,-187.15048614561556,51.22286131595071,-1.0852866
F86680,-538.3177726382968,-120.13690390552294,-0.01617661
F86686,-347.62917338136174,-339.2778259368155,-1.1710441
F86689,-259.0225911807854,57.55182509023158,-1.0852866
F86691,-28.94544702626761,123.16227436892925,0.10388388
F86692,217.43752337111687,176.818195970069,0.10388388
F86696,-199.44792297027328,-15.899336744222325,-1.0852866
F86698,-259.1401829248504,21.722606131106502,0.10388388
F86700,-233.25886628114253,3.4027073813460045,-1.0852866
F86701,-275.0839560436971,-26.780873140361884,-1.2346475
F86702,-218.9177033578901,30.9717052472115,0.10388388
F86703,-207.61995645231764,49.17542057077218,0.10388388
F86704,-421.6778912766589,-20.224571880676166,0.025927935
F86705,-329.1092931397932,-16.497369891854575,-1.2346475
F86707,-38.938920442086946,51.812458641846646,0.10388388
F86708,-253.60830118255222,-9.985626504502635,-1.0852866
F86712,-301.618686115883,5.392694388529269,-1.0852866
F86731,-194.1394527675232,12.585780442294874,-1.2346475
G81001,431.1886930735613,94.36043383582968,-0.030112201
G81002,324.1320961446829,-36.982960192987385,-0.041903853
G81003,1165.6776450433667,179.6231794924696,-0.041903853
G81004,965.7730298795676,25.452788402655106,-0.041903853
G81005,-224.0895484756591,-149.54118092352115,-0.12444544
G81006,427.78373248378597,187.58369216846182,-0.030112201
G81007,155.06776859824402,-22.267358408623462,0.91357744
G81008,1050.8730135175429,181.80137033848175,-0.041903853
G81009,164.13179272833437,-22.217204475571254,-0.12444543
G81011,892.7673542236182,207.98411118741652,-0.030112201
G81012,257.7954369866285,144.59422635061264,1.6818216
G81013,976.8914624243072,953.5187251262894,-1.1015717
G81014,38.948755721756264,49.941102412631984,-0.030112201
G81016,514.3618516416691,76.14093601220407,0.91357744
G81017,652.9269137950237,90.11438873176151,-0.041903853
G81018,146.9071173782556,-13.743318846649888,-0.030112201
G81019,313.16754212697265,68.03314651348524,1.6818216
G81020,-404.79470264476413,-28.773362260118017,-0.12444544
G81021,102.06814809638385,37.05470301613107,0.91357744
G81022,1556.722599453664,200.4441088906159,-0.041903853
G81023,265.38015004562936,13.03453181481059,0.28290263
G81024,250.91846830005838,36.46288189994057,2.221379
G81025,790.3601431796772,146.6010119718638,-1.1160164
G81026,515.6607188882879,132.01825073032626,-1.1160164
G81027,17.051523446599663,16.18057113732633,-0.041903853
G81028,575.5455779591074,75.27238693222151,-0.030112201
G81029,1057.7313245610233,119.86863920717367,0.91357744
G81030,183.86085835289697,28.00801227386262,1.7607899
G81031,724.0446202606823,137.16888554414328,-1.1160164
G81032,431.4459482923802,63.902028842320526,-0.041903853
G81033,69.60676016396202,-163.62941590539558,-1.1064185
G81034,967.9934580115688,370.88380818903306,-0.030112201
G81035,530.33418320267,-44.18777310211132,0.91357744
G81036,264.20699049741734,-26.082085948790606,-0.030112201
G81037,110.88591265451518,25.181225901078584,1.6818216
G81038,367.9685906802013,35.23424872731907,-0.030112201
G81039,971.8263117593168,273.0321294081566,-1.1160164
G81040,-229.0932159982345,28.60184641687822,1.6818216
G81041,1428.2345902809193,-0.7312366211123252,-1.1160164
G81042,193.42686222621825,75.52198548447285,-0.030112201
G81043,116.01705024498041,42.82002571428417,1.6818216
G81044,-192.80320840347366,-9.058254656278812,-0.030112201
G81045,40.16112142083924,78.13285784534469,0.91357744
G81046,591.5009065909547,87.56598274865782,-0.030112201
G81047,-13.56970398314281,24.754173494697206,-0.030112201
G81048,529.6228780944168,101.96319409249232,-1.1160164
G81049,384.55291939392885,104.48424576635975,-0.041903853
G81050,914.2014517149007,92.7742374123314,-0.041903853
G81051,539.8968968388301,144.32314297872452,-1.1160164
G81052,-57.59805972128918,16.53209885074624,1.7607899
G81053,311.27520539433016,151.01091917255798,0.91357744
G81054,427.8512528849433,136.06700375649282,-0.030112201
G81055,364.2721907403688,55.71891047481881,1.6818216
G81056,170.36792496312185,-4.312567881506813,-0.041903853
G81057,231.71183115807767,80.42861768479463,0.28290263
G81059,972.0471763281645,43.134639289507625,1.6818216
G81060,-605.1841653195056,-384.9158810055823,1.7161247
G81061,226.09021634044413,84.85737108679513,0.91357744
G81063,-235.92842290294035,-36.49225851731264,-0.12444544
G81064,-12.024222524982099,64.86313749192695,-1.0988649
G81065,241.2099307935236,131.19052338954214,-0.030112201
G81070,434.3797619719146,560.207020371609,-0.030112201
G81071,-272.37933208926063,37.67971179160836,-0.030112201
G81073,287.5461896344661,100.3851174472976,-0.030112201
G81074,873.9642159881685,671.646298429444,-1.1160164
G81075,624.3850079146558,177.48603530193995,-0.030112201
G81076,259.43403778595035,69.40302157777639,0.91357744
G81077,261.3571395819128,62.35729052460095,-1.1160164
G81082,59.64591568599042,31.501616419237315,0.28290263
G81083,-9.117833353606665,98.72308694777949,-0.030112201
G81084,641.4262531099831,563.5600175167701,-1.1160164
G81085,12.159927057589714,3.9143946894691166,-1.1160164
G81086,0.41674104295814157,33.160108164736656,1.6818216
G81087,250.06024451124242,118.24323558794174,0.28290263
G81088,685.4507655019934,127.70253736812685,1.6818216
G81089,-79.12624525158708,69.38001330207958,-1.1160164
G81090,-37.95895992972162,-0.8028894573225904,-0.030112201
G81094,-241.14426236318076,-11.820091855341197,-0.06710306
G81095,570.9396714681299,575.9711482860371,-1.1160164
G81096,-114.41166421455209,7.243574785622606,-1.1160164
G81097,-103.58296897739477,23.346841606598005,1.6952728
G81098,189.96075606778473,216.89311552270064,1.6818216
G81099,481.01981018649064,124.98672911280532,0.91357744
G81100,771.8933797424634,280.0989247173387,0.91357744
G81102,716.3721137067174,267.0996864494367,1.6818216
G81103,43.4362389982505,30.75320931648983,-0.070919275
G81104,687.6552636759861,232.16756230536492,-0.041903853
G81105,329.9480199991457,144.44587800239648,-1.1160164
G81611,-162.8121347170189,13.422225213886275,-1.0988649
G81613,56.60546419260506,101.18939560524743,-0.030112201
G81614,-42.50938326424494,48.886189425300735,1.645732
G81627,-349.92848612069355,-19.561014250011016,0.92215323
G81634,-146.65586567268375,80.14234454417077,1.6818216
G81636,-201.66086457022823,7.407172013076767,-0.12444544
G81638,189.69882110535235,226.90825264418459,-0.030112201
G81640,-268.0018276089609,31.555780611326448,-1.0988649
G81641,-90.86644736292531,102.28768399099299,-1.1160164
G81642,-313.0456132195887,-39.58656559774105,0.92037106
G81643,-57.064672176579855,-6.939592720686006,-1.0988649
G81646,-352.04835909850027,-11.701689114748328,-0.030112201
G81649,-115.53217600187787,-72.63721807999009,-1.0988649
G81651,161.81901449299247,33.04422417428076,-1.1015717
G81656,-101.4816577721185,0.35114437644353724,-0.030112201
G81658,1055.687469654096,621.1055204430309,-1.1160164
G81661,-332.77986804274923,-19.30152297679419,-0.12444543
G81662,64.3520845940516,-9.460498861740346,-1.0988649
G81663,-60.68717164364232,73.92335976465507,-0.030112201
G81667,-325.02957279834334,-17.185277648970633,0.91357744
G81668,-468.78904384178765,0.028215969396526437,-1.0988649
G81669,-79.70876859080481,81.31623226277671,-0.030112201
G81670,-483.6118800594486,-8.215355978226501,-0.01617661
G81676,-66.35463782767857,0.3997527681718326,-0.12444543
G81677,-489.49609630737905,-10.430943327882037,-0.08627374
G81680,256.6679690627791,280.2860888149084,-0.030112201
G81684,-309.1447279178027,10.057188475875664,-0.030112201
G81685,-356.0939863308325,-59.02038336407447,1.7161247
G81687,-264.8025170723571,-200.535228481869,-0.12444544
G81689,-109.23984306333718,165.6504523585328,-0.030112201
G81692,-354.7199633906643,-189.80177356518388,0.9221533
G81694,-348.72656245981733,22.092248218456167,-0.030112201
G81696,-470.6138417629383,4.488723885508285,-0.04206698
G81703,-469.71110264802786,-0.4136106665472381,-1.1251119
G82002,317.8348286477898,203.7235775173282,-0.069417715
G82004,-62.180892823219764,17.083116637516838,-0.3409831
G82006,617.8083386373547,34.320269262127525,0.5012269
G82007,470.2168964093653,-96.35311659294564,-0.23950338
G82011,135.64898631751842,131.55746409101596,-0.05903302
G82012,12.685196423288714,-1.6130787975454823,0.74261886
G82013,759.2390045573333,97.42837968664101,1.645732
G82014,1289.2516660974627,282.8949666489213,-0.0676311
G82015,459.95802880204656,108.20035178059302,-0.069417715
G82016,219.99506506411896,11.020827445923992,1.6303672
G82017,624.1842099818247,477.16231459662123,0.9514537
G82018,97.01672744190948,-27.912239034327943,-0.23950338
G82019,839.0961415415294,72.61007038680631,1.772939
G82020,1260.2387668680867,235.9436520608178,-0.9269926
G82021,958.563004498181,142.2154514764686,0.019913
G82022,365.50537621108543,45.3386782107931,1.6303672
G82023,276.44639282662627,147.302428982636,-0.39243758
G82024,347.6723804673442,161.55320783706347,0.9514537
G82025,512.4823674659176,329.990484125311,1.6303672
G82026,139.2484340085396,53.19627533431994,-0.39243758
G82027,690.6621263831538,344.58198668912195,-0.39243758
G82028,460.68758736988167,-24.286827125032392,0.84139824
G82029,86.89559414484015,-74.26831085717627,0.7439057
G82030,-273.8418212983804,-206.47431679258054,0.99433243
G82031,542.8865676021942,158.27666943175717,0.9514537
G82032,688.6014025509842,106.59044970929494,0.019913
G82035,328.7958135207836,102.3575776758276,-0.39243758
G82036,567.6363483100315,101.34805343762537,-0.069417715
G82037,1082.9605756784406,194.19291502363575,1.645732
G82038,474.01161096355725,86.31599565554102,-0.069417715
G82039,998.42845460928,274.08896958815734,-0.39243758
G82040,-155.3063642663371,-33.0252977099482,0.7417052
G82041,336.0317722263325,296.6377161803675,1.6303672
G82042,872.1351008740882,150.54837093858723,1.6303672
G82044,226.6891410879423,35.44720000754055,0.019913
G82046,631.7572459801328,-20.412985492241926,-0.9269926
G82048,370.28833197167734,78.02315383115103,0.5012269
G82049,-201.2522214746365,-16.633538919349856,0.54589224
G82050,1454.3134960425703,542.3469274134321,0.54589224
G82051,624.6223486388085,232.3928317942422,-0.0676311
G82052,1686.802883564557,632.5443278351854,-0.9269926
G82053,49.40755766926851,147.97744484353046,0.54589224
G82055,147.7391157566806,98.13861355148067,1.7607899
G82056,102.66985545312393,-27.874968797836363,0.5012269
G82057,1316.5731426870295,252.11241278961288,-0.39243758
G82058,400.67177761786144,65.30426840816365,0.9514537
G82059,1163.5612455912703,256.7720591147471,1.6303672
G82060,1176.528258793265,199.8694257422878,0.7502809
G82061,-306.5447106146854,-14.570853599461172,0.7417052
G82062,-238.2144385640105,21.845151367249134,0.019913
G82063,437.48798286320744,95.1156307562105,-0.9269926
G82064,693.7390979703871,488.13425122699215,-0.9269926
G82065,-306.62969750856524,0.031217186253900006,0.9514537
G82066,866.0293206073313,65.46880151897648,-0.9269926
G82067,391.6086845141195,-117.20267495314896,0.019913
G82069,328.5369367507247,0.0742413056515516,-0.23950338
G82071,2905.1122619783455,572.608497850734,0.7502809
G82072,19.913441962553602,97.20963210356071,-0.23950338
G82073,453.51672836119263,40.821471654607635,0.019913
G82074,833.8910461013897,216.92040606916774,0.9514537
G82075,-49.991372254693545,-6.990495338954231,1.7114377
G82076,827.357125696209,199.11478193490092,0.9514537
G82077,956.0022127686132,213.35049575706378,-0.0676311
G82079,656.6430467364809,140.01860814301233,-0.9269926
G82080,946.1619376001515,479.2262258468614,0.54589224
G82082,442.9404133129796,182.9135791965722,0.7502809
G82083,1107.9403325963212,223.45532037015556,1.6303672
G82085,624.6125393711964,36.594817122276616,0.019913
G82086,679.6824926139959,232.1644782940417,-0.069417715
G82087,1253.4871034401751,345.6277015360881,0.54589224
G82088,-69.47843301774023,8.148077036813712,0.5012269
G82089,204.14291320897158,98.2943624886194,0.9514537
G82090,1566.474522612383,329.587041385366,0.7502809
G82091,470.1052949377645,197.9018136404692,-0.069417715
G82092,56.74225232878172,63.09107911440722,1.14548
G82093,583.9698783641668,199.6097414743469,-0.39243758
G82094,623.970534244822,205.08743620436195,0.54589224
G82095,809.8711684211571,192.25931563419212,-0.0676311
G82096,-259.04410515886883,21.077626256807193,0.019913
G82097,1125.6741776252031,124.98522862314687,0.5012269
G82098,79.41723975475284,37.65437395208149,0.9514537
G82099,1224.0958559395367,297.2470704041162,0.9514537
G82100,400.1400378967912,320.96604520547874,-0.0676311
G82103,-137.0969267878704,-62.515661435059194,1.6303672
G82104,-316.22016008536315,30.600022471270744,0.9717764
G82105,1702.1165526246386,483.8152067910808,-0.9269926
G82106,0.3225442164675067,115.28581393579961,0.019913
G82107,640.036575859499,169.8772989141199,-0.9269926
G82108,231.5553638858338,85.41067858214032,-0.0676311
G82109,-88.78687421560403,1.6803365635454564,-0.0676311
G82110,-39.18977541823443,-9.127709591288918,1.645732
G82111,409.083870700274,72.50284596157476,-0.069417715
G82112,292.9219800266535,105.51327729531944,0.9514537
G82113,425.17653368951005,128.1628404026299,-0.0676311
G82114,1196.7213223602373,166.74541703130467,0.54589224
G82115,191.74215215169616,42.090043837253376,0.7502809
G82117,260.6669586041794,106.32714714289989,-0.069417715
G82118,595.6281322043441,168.5974553875123,1.6303672
G82119,1958.6864706114654,643.7810869681653,0.7502809
G82120,712.9031038565389,149.65599354517124,1.6303672
G82121,680.4118031001489,145.1499468359602,-0.23950338
G82122,898.9154491272702,276.7409830918292,0.5012269
G82123,78.72615988698836,193.96293093539063,-0.0676311
G82124,-115.64078996497845,70.38012083477044,0.5612571
G82125,212.3166795314919,65.63498409751419,1.645732
G82126,1365.3673192726574,283.8211696165283,-0.9269926
G82128,202.09162508324908,35.014227755712476,-0.069417715
G82129,-20.861532517264262,24.150920857986687,-0.0676311
G82133,285.7246952304308,29.8145007548895,-0.0676311
G82135,789.5044182049212,0.5865067337440305,1.6303672
G82137,177.19432881290783,87.61069401461138,1.6303672
G82138,-44.35540954067615,23.530489386341014,-0.069417715
G82139,-221.95245478763528,11.594108539512936,-0.0676311
G82140,-260.8090869249119,20.922536386822276,0.7502809
G82141,117.35987132119793,27.405950567197483,1.6303672
G82142,385.65104930391857,39.9544489769294,-0.23950338
G82143,2.362870035566681,10.85406938950243,0.5012269
G82147,107.05577832630021,117.26293019187911,-0.23950338
G82148,13.77270012247974,44.943620394985714,-0.92462575
G82150,696.545104089236,187.9698897562888,-0.9269926
G82152,1.9322355073035702,50.186020177360035,1.645732
G82154,-12.700910129373625,75.18879319579922,-0.0676311
G82155,84.98941213842485,44.01099700487576,1.6303672
G82156,-313.5827309291495,-42.96503956829187,0.5612571
G82158,-56.81362937089197,-0.5619851574087391,1.7607899
G82160,658.0792686920702,85.55829925094223,-0.23950338
G82161,890.4577162302954,369.09763828634647,-0.0676311
G82162,38.43855240700699,0.9887820827664815,-0.0676311
G82164,688.2943864107727,187.1313638196919,0.9514537
G82165,300.53853161732997,58.34351145788351,0.7502809
G82170,-307.70716053164534,15.534745774692027,1.7607899
G82175,-380.7581215694976,-17.409055951681943,-0.38014415
G82179,-298.57979772722354,18.040286385710374,0.7417052
G82180,-25.931526079296347,51.91993652958487,-0.0676311
G82184,-284.3981905197238,2.5548669951883807,-0.0676311
G82185,91.12942708084385,-25.153675268675467,0.5012269
G82186,279.4697902611336,147.5063111498078,0.54589224
G82187,311.83568739906764,204.63406562454952,-0.052266218
G82197,-188.56745410955912,46.8847351028139,0.019913
G82198,110.55956844297411,170.68485307396617,-0.0676311
G82200,143.64952536260714,113.61634320669158,1.6303672
G82203,463.780303286201,88.89712107169723,0.019913
G82204,191.47249115440968,20.882060031476932,0.74621636
G82205,326.0495049915634,52.5379154214625,1.645732
G82206,-242.0416625007751,36.165750208447044,0.84139824
G82210,-341.95831492058005,-23.13381205521348,-0.9184168
G82211,426.27942735671206,114.819117706979,-0.069417715
G82212,28.815870719223962,127.32354336891582,0.5012269
G82215,68.9063541395621,91.99189252485351,1.7607899
G82217,-303.1875036543949,1.4565957366983127,-0.069417715
G82218,109.81456543193666,71.38342094072227,0.5012269
G82219,-72.54188248432159,29.507042919671722,-0.9269926
G82221,244.38823831766243,293.6878864755166,0.5012269
G82224,-166.90702772374252,72.81209431597127,1.7607899
G82225,702.929879019274,-62.80628292253118,0.84139824
G82226,-226.46424286297798,26.866853469743933,-0.0676311
G82227,163.44239816523861,109.43265590574099,-0.069417715
G82228,1047.69414524939,600.7064525575488,0.7502809
G82229,39.462543951392774,109.8605650312011,0.9514537
G82230,51.112338198424474,41.65813691279296,0.992019
G82231,242.94157853867236,81.79993295088454,-0.39243758
G82232,447.1551077847455,232.1647209019124,-0.069417715
G82233,1013.4371914591463,48.36786160328844,-0.0676311
G82234,98.52746424069883,54.657068638355035,0.019913
G82235,-135.21438747097676,42.55769624602365,1.7607899
G82600,-317.19717103033696,-0.3611525773319044,-0.0676311
G82604,609.9169142824175,275.39134689704736,0.9514537
G82605,-324.97677513012275,14.521261022295281,1.7607899
G82622,-155.03775311102748,-36.45147988924552,-0.0676311
G82630,-554.1031466369416,-634.0225544878168,-0.91841686
G82631,243.84941900981133,204.091553024772,-0.0676311
G82634,448.529106698947,228.99831848747243,-0.39243758
G82635,-374.8240005547686,-3.642660783512171,-0.0676311
G82639,-147.32697522158244,19.213006675331954,0.5012269
G82641,28.21240356280216,46.86564490196994,0.9514537
G82644,-315.2675647147054,-52.73149932838289,-0.01617661
G82647,579.4240243030388,546.0020067237772,0.5012269
G82648,-218.76825614996872,20.658756385018552,0.019913
G82649,-61.252604804099406,97.76429021048217,-0.91841686
G82650,501.4816800526679,371.15843625948855,-0.9269926
G82651,-497.64307401542936,-9.136348921425784,1.680035
G82652,-147.24105635962107,18.57007567995591,-0.23950338
G82653,-164.8413257326931,181.67126810850752,-0.0676311
G82656,-336.3877777302014,-40.80675099545187,-0.01617661
G82658,-9.9001334321743,60.25604664347458,-0.23950338
G82662,-221.37925854187694,99.98450625777417,-0.06805542
G82663,-478.80250686225423,-60.09600250554148,-0.3409831
G82665,138.98002255638426,262.4766060148753,-0.23950338
G82666,607.126184145856,6.744120521561915,-0.9269926
G82667,-338.02094361285356,-34.18674439621358,-0.3409831
G82670,-376.74869739323435,-12.260007437481839,-0.01617661
G82671,15.268752582498703,88.37218359166754,-0.39243758
G82674,-413.49973049405384,-35.845265781350015,-0.91841674
G82679,245.89339095604274,125.68628009022825,-0.0676311
G82681,32.8853936670257,-4.755930334899172,0.9514537
G82682,199.75955281621916,21.208272361486337,-0.39243758
G82684,-55.699246309459085,89.89896656125508,-0.23950338
G82686,321.26649530518927,142.41179879634598,-0.39243758
G82687,39.821672475088526,117.30958517122885,-0.39243758
G82688,-136.8561875166825,98.21299544634145,0.56815064
G82690,-183.72841246510598,-2.4475458005375517,0.019913
G82691,-119.40362037901926,99.72037887087232,0.9514537
G82693,713.4515920709238,307.4493280836479,-0.39243758
G82696,-165.05800933916447,70.37812390988792,-0.069417715
G82697,24.524822874483974,217.15247394851966,-0.0676311
G82698,-239.53649059969314,53.32633469742398,-0.39243758
G82700,6.614062511247653,41.7693133455427,-0.069417715
G82702,-244.0436116090382,59.59213064323265,-0.39243758
G82704,-6.55527825626446,70.05686419629475,-0.0676311
G82706,-213.5300594774746,30.82837677648413,-0.0676311
G82708,-109.9022198418016,45.478847450148976,0.019913
G82710,-245.15350977523937,-5.222608811459764,0.5612571
G82711,-195.65965742178494,13.303379404704916,0.019913
G82712,-275.1423869264772,-15.049925495022226,0.5973467
G82715,-213.26500085126148,-11.540402901887457,1.680035
G82719,-317.20763155510525,18.789436604804806,-0.0676311
G82721,-61.57851168810725,22.295036177544247,-0.0676311
G82722,-128.05361259916273,80.65972205293701,0.84139824
G82726,-109.22265011255912,12.15298322500091,0.7443141
G82727,294.8139032224965,75.39316848562066,-0.0676311
G82729,393.3195980356812,211.81462792899526,-0.069417715
G82730,200.1281962862536,97.62483639482788,0.54589224
G82732,-114.95975419188126,-2.583299986937831,1.7607899
G82733,-207.8368412873106,38.75381878556798,1.7607899
G82735,98.16006838304911,-139.47523706473697,0.55094576
G82737,-127.89163724040039,148.60394529423345,-0.0676311
G82739,-422.33796156910194,-41.9402673517723,-0.01617661
G82741,-291.42140939138085,41.87060417198086,-0.0676311
G82743,-121.60721331937845,-4.2638257617073245,0.019913
G82744,-120.11182952783406,44.89664392796682,-0.0676311
G82748,-105.00678149175457,-23.71633457333364,0.5973467
G82751,-65.16580960925982,121.78415041786594,0.97000235
G82753,256.25740793498284,-109.09893422394363,-0.0676311
G82754,-130.765684005052,37.029794394514894,1.6303672
G82757,-194.23670469293322,85.8293679146205,-0.39243758
G82760,-174.96328248044864,-5.6988981723802725,-0.069417715
G82762,-319.27298799944685,18.057896786061296,-0.0676311
G82763,-295.65613458219076,39.59724232908872,-0.0676311
G82764,-356.3657250591765,-27.35135513816207,-0.01617661
G82768,-15.321394264248763,47.588446613759004,1.6303672
G82769,-318.64974490658415,-18.82473271957193,-0.9184168
G82775,-233.25992686572636,41.42049358487756,-0.0676311
G82777,-239.9752435306423,27.29609637358226,0.9632876
G82780,500.45852686915526,82.62128110951213,0.019913
G82790,395.32554954630854,175.06811883776135,0.7502809
G82791,69.83501277555756,89.44759631959565,-0.39243758
G82793,-161.3350395384366,-16.16469094224717,0.97359127
G82796,171.18416328581975,365.8464255180511,-0.9269926
G82799,-96.78658428640904,151.96751924134156,-0.39243758
G82802,-172.2771271096647,32.92868452435027,0.7502809
G82805,-546.4804094432086,-257.64474893179397,0.5612571
G82808,432.83719918582585,232.6839884933415,0.019913
G82809,600.2110093942575,146.97499164819703,0.019913
G82810,-82.28076624551153,-69.61402904195575,-0.9184168
G82812,-361.84013782975575,-11.136582669632231,-0.9184168
G82813,-342.04456184548513,-90.83191417404188,-0.0676311
G82818,-315.1739575096598,-64.52958450259611,-0.052266218
G82820,63.78671897206572,257.1488539096391,-0.0676311
G82888,-148.13382756115345,71.60531373789786,1.645732
G83001,308.4760307493234,5.665527959489508,-0.7483311
G83002,49.91841308168907,67.201291849025,-0.7483311
G83003,-52.174307960333095,-10.076409944375486,-0.7483311
G83004,630.2544005024873,170.41997803941777,0.84139824
G83005,188.8580728940155,-115.35481384443776,0.843765
G83006,650.1437869714982,81.57021203504672,0.84139824
G83007,163.43265695026372,73.33739346950277,-0.7740584
G83009,293.7826037111966,172.6108254035447,-0.7483311
G83010,788.1098766423567,232.4505958865858,0.84139824
G83012,916.5012823650087,-33.44857847193114,-1.3068267
G83013,-15.184411004279756,-60.409256205662004,-0.7483311
G83015,-16.223548264068473,-3.9861750256834134,-0.7483311
G83016,132.51082052760964,38.6769743551213,-0.7483311
G83017,-44.28779989102728,29.566525016869274,-0.7740584
G83018,894.3159551712845,102.93902128492068,0.84139824
G83019,470.78557696601376,385.39504361645993,-0.7483311
G83021,354.97439880462196,73.27285720014328,-0.7483311
G83022,-331.37389635247195,7.4787133687434935,-0.7483311
G83024,-188.69707719287734,-4.6259343722590875,0.84139824
G83025,375.49456594643055,-75.32178625741089,0.84139824
G83026,341.24477867388487,99.30780469883975,-0.7483311
G83027,834.0378972746119,393.67879378669244,-0.7483311
G83028,311.96524585577106,55.78706439645501,0.84139824
G83029,3.7490512229950324,-25.14508377715803,0.84139824
G83030,-77.33477441492246,-13.491768401604528,-0.7483311
G83031,278.4047195816554,-67.64193467456431,0.84139824
G83033,-177.98866356502606,11.104182970497538,0.84139824
G83034,-106.77973007181812,14.662842039580836,-0.7483311
G83037,-225.89403264717657,5.027325441012255,0.84139824
G83039,373.0444621271059,49.516953928631395,-0.7483311
G83042,-428.2406832111386,-172.7181921550204,-0.7740584
G83043,-114.78624354176654,15.269439825517047,0.849974
G83044,303.9891320319724,11.98429507229549,-0.7483311
G83046,-108.5734721253366,36.65354668099757,0.84139824
G83047,86.78867580040094,5.577573742173688,0.84139824
G83049,384.7081956423098,45.838412922688875,0.84139824
G83052,362.2823073220723,307.4508432461441,0.84139824
G83053,647.1162782896452,0.14191729389780725,0.84139824
G83057,303.58472252583914,-16.314941175391414,-0.7483311
G83058,220.72171772463363,42.169191596248965,-1.0009583
G83060,8.005386947271829,-74.3429635296591,-0.7483311
G83061,182.59758103679548,-14.916026585336576,0.84139824
G83062,76.9201813518883,56.34571309083154,0.84139824
G83063,-232.73669735033351,-0.7300329186319572,-0.7740584
G83064,-314.04412169338684,12.139192088045986,0.8481918
G83065,157.69654245386465,122.63529217093867,-1.0009583
G83066,590.7207112526419,217.26178887763504,0.84139824
G83067,1819.79605545893,304.9187488020547,-0.7483311
G83068,-409.77446254400206,-41.004668457797955,-0.7740584
G83069,-622.9572947884004,-293.41938814275505,-1.2432233
G83605,-361.9611315120113,-108.82985791126859,0.84997404
G83628,38.56038056443476,174.85896765735794,-0.7483311
G83630,6.01028570146754,70.54184445521064,0.84139824
G83631,-106.00768239312404,-47.780077653700545,0.84139824
G83633,-137.30311429527654,30.84388044833366,-0.7483311
G83635,-43.42100647767758,-2.2080226371700014,-0.7483311
G83641,-251.83441102765448,-1.7870820461439592,-1.0009583
G83642,200.2152231935449,249.6323002127566,0.84139824
G83647,91.03112826037608,59.56928005466664,-0.7483311
G83651,69.43489186203011,-3.2095096661372846,-1.0009583
G83654,-56.64121614892569,42.95596671262398,-0.7483311
G83655,-333.426496837906,-4.065959272326396,-0.7740584
G83663,-182.223320150652,30.99950974886891,-0.7483311
G83668,-227.2232313296444,-50.58878795481492,-0.7740584
G83670,-330.87672017662345,25.384078523712688,-0.7740584
G83672,-284.03733952999244,12.207433652799825,0.845108
G83673,-96.43726806134939,78.73057751194486,-0.7483311
G83680,549.6502695207109,229.22618862498538,-0.7483311
G84001,198.99589688299272,208.58667022248886,1.14548
G84002,51.44123420367252,-17.49230620785445,1.14548
G84003,609.5806623665044,-19.104221996030244,-1.0009583
G84004,191.07096615034882,-72.54205661377289,1.14548
G84005,18.47263531947923,26.53468342952546,1.14548
G84006,176.81177728147202,12.855107036402183,1.14548
G84007,295.02063321046336,-7.9835209842658355,1.14548
G84008,-190.4314832354243,10.350352708274773,-1.0009583
G84009,-212.77811793015223,-5.558594000682969,1.14548
G84010,368.74810968467443,39.68679990267079,-0.7483311
G84011,1.3751910637070968,13.335051772333314,-0.27059048
G84013,-310.6755045619292,24.16237786538666,1.14548
G84015,101.71263144102346,-37.19943309439997,1.14548
G84016,536.7283079521707,-8.381209896798433,-1.0009583
G84017,55.56609715122781,-20.430972821112512,1.14548
G84018,-74.0183250176504,-2.218228953014259,-1.0009583
G84019,419.80139505755665,92.98923825477534,0.84139824
G84020,74.52633069330118,-1.2925122583451143,1.14548
G84021,-83.13689010985152,-117.83972877606918,1.14548
G84022,-101.97277174788671,-16.066983116201182,-1.0009583
G84023,297.8237661595706,-39.634262235769576,1.14548
G84024,5.027017618829957,65.35772990646447,1.14548
G84025,32.626901982011915,-39.45436458879302,-0.27059048
G84027,504.5357317465424,54.35507176476577,-1.0009583
G84028,60.709320861763445,19.22259319167673,-0.27059048
G84029,-8.412224579867596,-93.463370924656,-0.27059048
G84030,-137.0133902783505,-15.47759424391203,1.14548
G84032,216.04267624664035,177.07592108862426,1.14548
G84033,-108.91268833482579,33.877293798032625,1.14548
G84035,-69.49902731621698,20.81145770535024,1.14548
G84037,-139.34847988031268,8.825195018625013,1.1026013
G84039,-322.41228279155064,9.956515798568963,1.14548
G84040,79.8546643740042,119.1551868616159,1.14548
G84041,-262.04896426463694,44.14191064823707,1.14548
G84604,-223.49299609459572,54.54217939532748,-1.0009583
G84607,-148.70886827882032,24.955637532234327,-0.27059048
G84609,-252.90621197686576,36.96217509934608,1.14548
G84621,-299.532367288855,24.86735224775131,1.14548
G84624,-301.19054867736276,-17.423019624447218,-0.27059048
G84625,-226.6722156009571,-3.585272723447594,-0.27059048
G84627,-111.3982685135952,49.672271325010314,1.14548
G84628,-247.55687854495625,14.565453402871793,0.843765
G84629,-196.15774654421745,25.777082531825805,-1.0009583
G84630,-295.94867505034676,7.217368281843569,1.1463463
G85001,187.3349842423723,-71.16655914325432,-1.0113207
G85002,172.61729407107288,221.7110476142689,-1.0388347
G85003,-127.8774394895426,-0.9149179856576648,-1.0009583
G85004,475.72509855554796,-54.95823806796893,-1.0009583
G85005,1014.4466453940003,169.3076793886511,-1.0009583
G85006,193.52614513140335,-158.89034100884498,-1.0113207
G85007,-455.43187958853366,-40.63102131613536,-1.0627753
G85008,-91.69438948397064,-6.429359125701936,-1.0009583
G85009,-314.51821023777643,-26.609651534372677,-1.0627753
G85010,-335.36699185649724,-5.769095042336821,-1.0724272
G85011,345.7439765762682,199.20024068136047,-1.0388347
G85012,579.9308574658228,-223.09224072468103,-1.0627753
G85013,90.49746634855472,-58.22923365330939,-1.0113207
G85014,161.49910019679842,128.01150558866607,-1.0388347
G85015,446.7583537879221,-27.10211954242128,-1.0113207
G85016,222.04138416364117,140.1403302166642,-1.0388347
G85019,-247.02852800273067,-26.607834319036307,-1.0113207
G85020,-294.4328352258691,8.66726486805822,-1.2192827
G85021,22.896762686400727,24.355661496189917,-1.0388347
G85022,224.2092297346164,119.48523908197376,-1.0388347
G85023,106.72006647562188,159.52123060928454,-1.0009583
G85024,859.5585002656375,-9.334629824562432,-1.0009583
G85025,11.812596166004244,30.9880695466735,-1.0388347
G85026,-197.14807140273766,-37.385716021037595,-1.0009583
G85027,79.80742949063004,-40.431602250150014,-1.0009583
G85028,352.79299649491327,-29.901999551138374,-1.0388347
G85029,-133.8858796834132,-84.76488530257448,1.1404774
G85030,-147.42514648731682,0.17524193153685164,-1.0113207
G85031,-120.46918078825976,-59.53449670081755,-1.0113207
G85032,283.78073621208637,32.58305425709127,-1.0009583
G85034,2469.966726610495,2025.9027466985392,1.1404774
G85035,106.51553422090565,-24.5489615930184,-1.0009583
G85036,71.25962619045909,-65.0617635388901,-1.013152
G85038,198.87256749926723,42.714043233134866,-1.0009583
G85039,686.5645120331177,12.935186396167827,-1.0113207
G85040,-71.349423334448,97.79848143106749,-1.0113207
G85041,41.12228003955692,44.34355406589149,-1.0388347
G85042,-104.32057502648287,31.918307244661094,-1.0113207
G85044,-182.3807876526328,-9.309170044065631,-1.0388347
G85045,85.58437427321394,19.354223171789744,-1.0388347
G85046,61.63043840906289,13.39113902640863,-1.0009583
G85047,-119.87307085394832,149.44642288380348,-1.0388347
G85048,-177.79972512949317,-12.216522614265099,-1.0009583
G85050,-283.4410671158798,-64.06239596372738,-1.0447305
G85051,-125.37266053961065,10.337520461900262,-1.0388347
G85052,-61.260826276021255,86.32933102463974,-1.0113207
G85053,375.17429361325225,6.512093390842254,-1.0388347
G85054,80.84760288198011,-10.34759690522746,-1.0388347
G85055,257.9059765387305,-38.840265631554075,-1.0009583
G85057,91.20310742998032,12.531668712894422,-1.0009583
G85061,19.487767932639652,-13.93733004739031,-1.0009583
G85065,-931.0892112250535,-566.097018539599,-1.0266856
G85073,-109.27468921780556,-0.08292679003197276,-1.0388347
G85076,-242.09178713333958,41.781655214218425,-1.0009583
G85078,-167.82712826242454,-4.18519247709573,-1.0988649
G85081,-234.53353230731878,-34.14470985814339,-1.0034852
G85082,-55.64495242954959,86.522209955531,-1.0388347
G85083,75.72551889254413,-132.06759136303398,-1.0388347
G85084,-46.76004902165876,94.27054547458356,-1.0388347
G85085,187.61465049879664,66.53477383810312,-1.2192827
G85086,-49.867490735032575,17.63402275265479,-1.0388347
G85087,33.697108564124996,171.7776856104332,-1.0113207
G85088,-92.09443394217685,33.68080789782217,-1.0988649
G85089,161.8776910811491,44.324735241562436,-1.0009583
G85091,-284.7355446164729,44.93192049358917,-1.0113207
G85094,210.02361961925573,8.874918510535144,1.1747805
G85095,-69.9474751120174,-157.76430155179625,1.1747805
G85096,-78.37923806571216,125.56882721945756,-1.0388347
G85097,-172.08152764577306,-109.67803260500028,1.1747805
G85099,-289.1962787599369,0.44307583809333745,-1.0266856
G85100,-149.72671627876767,32.47734674255187,-1.0388347
G85102,-268.01707333684294,-7.030569939590495,-1.0388347
G85104,584.9184917102948,333.90063585111733,-1.0009583
G85105,-242.1606210701932,73.3026084458547,-1.0113207
G85106,-262.1033130039674,-61.62516954028777,1.1404774
G85109,170.8866894358976,39.006619320300906,-1.0388347
G85112,-237.32343694380785,24.01342472253426,-1.0146557
G85113,-288.6506515390552,-27.777934107442274,-1.0988649
G85114,274.3263722644314,13.561838062314655,-1.0113207
G85118,-178.8006268311786,-96.91714704691971,-1.0388347
G85119,-140.04769698199732,15.040439126930409,-1.0113207
G85120,42.97577806673564,10.087351075000441,-1.0009583
G85121,-102.30372607078273,66.46489660241905,-1.0009583
G85123,-143.29843517818142,16.405539745703404,-1.0388347
G85124,172.13803855103617,21.453200518256985,-1.0009583
G85125,43.471030608158394,33.412931341489156,-1.2192827
G85127,-219.05874587243264,0.28438687303936594,-1.0388347
G85129,-250.2560616830175,25.986823675750117,-1.0388347
G85130,-39.358825939781966,56.929025611187996,-1.0388347
G85132,-52.53105887494224,58.049023804744145,-1.0113207
G85133,-78.75496030525922,-17.96735428741577,-1.0724272
G85134,-211.49288842755666,-9.225113837297753,-1.0113207
G85135,306.6712281713946,222.52259878774376,-1.0388347
G85136,-35.77813023284285,49.948809222053015,1.1404774
G85137,-107.44373283235838,87.15681901230829,-1.0388347
G85138,380.4946658833123,94.98160583837358,-1.2192827
G85618,-420.84511790622344,-73.9271052266269,-1.0988649
G85623,327.03556327003184,206.3401215106306,1.1404774
G85632,-122.33823104869602,24.624185670465756,-1.0113207
G85633,612.3292698769889,282.6211045799487,-1.0009583
G85642,-236.7882887443484,16.3274598747795,1.1404774
G85644,-109.80147872374378,-1.76604421428145,-1.0113207
G85647,-141.63431392045365,62.403119769209674,-1.0388347
G85651,70.886633141741,-52.07226134244162,-1.0113207
G85662,91.54211934359853,-40.025193603027354,-1.0388347
G85673,-130.62007857643368,3.0937459576584545,-1.0388347
G85674,-269.141596579666,45.436647856936965,-1.0388347
G85677,-562.8662812291132,-205.09104682306548,-1.0988649
G85681,-214.19078923168286,-10.2957662669208,-1.0113207
G85682,-243.95842792022697,-4.558518560834754,-1.0988649
G85685,210.49045020836067,24.230106966133167,-1.0113207
G85690,-127.30261226516508,5.46742218421858,-1.0388347
G85692,-57.37356396148524,14.657499486904065,-1.279313
G85695,-274.3237254035591,-18.954960018719376,-1.0388347
G85696,219.0052211156858,55.72131290103805,-1.0009583
G85698,66.03510057023875,102.53384991806435,-1.0009583
G85703,-334.1213523820086,15.038076385984338,-1.0266856
G85705,-282.2463621887846,38.07070256710828,1.1404774
G85706,-174.63893899874807,10.874366508487878,-1.0113207
G85707,-441.7321587971487,-93.91955851801478,-1.0627753
G85708,18.53547408473573,12.695337728955257,-1.0388347
G85711,-250.98881290182575,82.47320660581327,-1.0009583
G85712,-340.9385458706335,-117.08110564807019,-1.0335792
G85715,-162.4215150163386,-8.514148776393174,-1.0113207
G85716,-30.966482604032368,49.354746607332935,-1.0009583
G85717,5.940221995845352,-16.427632095119083,-1.0052574
G85719,-463.46571154859873,-30.858695745865134,-1.0627753
G85721,-103.9582901094394,-2.1912404250124315,-1.0113207
G85722,287.0808418155798,182.30208297947442,-1.0009583
G85723,-156.71484075536068,-70.59687481379567,-1.0314976
G85724,51.685725961314745,133.7222063445183,-1.0388347
G85726,32.82155804224568,3.3790307974792038,-1.0113207
G85727,-11.809607181088216,29.411434141287174,-1.0009583
G85736,-213.58881893726019,58.619207652955566,-1.0009583
H81002,-70.67727479370127,18.301326750267524,1.1783537
H81003,638.8441704806656,118.25744767516674,1.1783537
H81004,462.3027801464779,133.37789589708382,1.1783537
H81005,68.79151482383126,53.544159530782615,1.772939
H81006,-108.36042250254137,-1.5846688380047287,2.040931
H81007,99.35131032610056,36.7616910171279,1.1783537
H81009,456.845762988284,40.49608064504451,1.1783537
H81010,908.1387125500951,155.95145043867993,2.040931
H81011,87.57687978985741,31.49583770646814,2.1045344
H81013,2005.8938868863888,508.0311820989349,2.2128034
H81015,217.5407585644911,18.50537806076681,1.9791143
H81016,327.27049443353235,-16.349726532107336,2.2128034
H81017,878.8790504677526,75.26077609794487,2.1045344
H81019,186.0938962906287,7.417232642656865,1.9791143
H81020,217.3540792473655,102.90777538673609,2.2128034
H81021,554.5226023630116,39.044794599409656,2.248893
H81022,-21.597039149554913,33.067112356424474,2.248893
H81023,231.80277897115423,51.46713183778538,1.772939
H81024,388.7094279025352,19.748375600355644,1.9791143
H81025,268.1153807948911,10.158968239198881,1.9791143
H81026,275.1296593015066,48.12779504812392,2.248893
H81027,128.25827484154746,14.449223610865081,0.94109136
H81028,453.6310752204842,161.03811210985364,2.0323553
H81029,355.04212884406127,4.04198847728077,2.040931
H81030,381.5064080750104,48.496288522268564,1.8794211
H81031,518.6235128650724,120.91607098807722,2.248893
H81032,648.1112187927857,118.60929283563041,1.9791143
H81033,514.39251701458,327.9148674094706,1.7093354
H81034,-57.192434349062594,72.3733808702921,1.7093354
H81035,181.89659723750424,23.33885028035074,2.040931
H81036,159.41833219682863,22.98824446689891,1.7093354
H81037,736.9627473789307,185.64771148166133,0.3104165
H81038,-300.04911136588584,28.740966525397734,2.2128034
H81039,0.35579449181248807,12.607629231450616,2.2128034
H81040,151.05206398410266,46.31306622948246,0.94109136
H81041,91.16393983058866,57.01055835107176,1.9791143
H81042,837.384116469587,91.82191522399854,1.1783537
H81043,543.0305046137565,164.97747724728887,2.040931
H81044,-141.26753384108383,9.219590738745776,2.248893
H81045,36.57099902862523,57.332513261299,1.772939
H81046,-117.51638072663863,51.03541429786709,0.3104165
H81047,233.64358967452515,10.609790309403879,1.7093354
H81048,76.82666922637749,58.861408913425734,1.8794211
H81050,127.86025989754665,46.831426643729806,1.7093354
H81051,410.8802954070321,75.98988315538989,2.1045344
H81052,633.4335503825723,44.54883241507955,2.040931
H81053,37.380556282221974,14.663785858118645,2.040931
H81054,74.09259579381174,26.14593412300051,1.7391697
H81055,212.6262442806403,12.682955797249148,1.8794211
H81056,708.2912070781938,57.72912478331768,1.772939
H81057,-32.759174513089526,48.77153946878888,1.1783537
H81058,299.53917612312176,92.67325845338759,1.8794211
H81060,433.1871305569653,-19.81352625538176,1.772939
H81061,239.05862506487279,106.0299495286497,1.9791143
H81062,1169.0918049956024,342.1585701588325,2.248893
H81064,522.9742195769405,78.03319588425899,2.040931
H81065,137.57808761860676,21.237244871630043,2.2128034
H81066,335.13342205245493,126.59240261847287,1.7093354
H81067,125.98686993978478,62.44060582264899,2.2128034
H81068,577.0939030512288,181.0275870395337,2.0323553
H81069,703.5357840890691,424.47644883253145,2.2128034
H81070,241.72957349436493,72.90666142088294,1.8794211
H81071,210.30641615148534,59.55405830725265,2.1045344
H81072,314.93290304857044,123.45187452807609,2.0323553
H81073,168.48305850006497,45.722639378518046,1.1783537
H81074,-90.88296069622992,63.6370332629533,2.1045344
H81075,471.1231544736387,125.2028100681933,2.2128034
H81076,627.5699609880361,103.34198916755014,2.248893
H81077,210.358009429912,59.08211634365578,2.040931
H81078,731.2665035838021,234.74901745807836,2.2128034
H81079,-201.17560037336366,-28.479209084003024,1.7107112
H81080,540.7925716353539,37.25757937933235,1.1093904
H81081,419.33464647393464,129.61494725571274,2.1045344
H81082,204.44990445003896,28.725398995839257,0.94109136
H81083,348.5397232507707,52.25333881799873,1.8794211
H81084,2.18468840062099,60.80387395930548,2.2128034
H81085,16.95228913128823,6.941963400759529,2.040931
H81086,-188.74109648569708,21.90642214061279,1.7522142
H81087,610.729142363478,191.8809562788543,1.1783537
H81088,385.30689255590084,93.98875610887593,0.94109136
H81089,692.5980682329244,233.82862801595937,1.8794211
H81090,336.84120989492897,-5.28921155437859,2.040931
H81091,69.80327021254809,80.18065436014211,2.1045344
H81093,-514.4706769013402,-127.81655677743183,2.221379
H81094,105.35098452194583,48.668413895555624,2.2128034
H81095,-88.72364819760789,73.0579814725535,2.2128034
H81097,82.25248376029559,19.55138794754612,0.94109136
H81099,15.40328023509955,88.30661435744089,2.2128034
H81101,-150.13273023116082,26.281730466313803,-0.27395952
H81103,-35.264285065303014,40.00380241892682,2.2128034
H81104,-25.644132219996937,29.2783156193768,1.1783537
H81107,-167.2135733574159,7.174708073698244,2.2128034
H81109,108.13147718511371,64.83847825150852,2.2128034
H81110,-109.30456788789233,26.405685942154847,0.94109136
H81111,-238.9964514490384,26.342305581291967,1.7093354
H81113,392.12274859351163,51.73090754308151,2.0323553
H81116,-111.29098302104165,17.655774272254273,-0.27059048
H81118,-277.1347803134303,-24.70024058268284,1.7522142
H81119,389.324421331712,223.63346936852753,-0.27059048
H81122,-158.3666315943314,44.50312639168507,1.7093354
H81123,-209.25362354512234,1.7367586905207635,1.9791143
H81125,-125.1055364812896,9.652543035178404,1.7522142
H81126,39.236958315510485,68.523305521196,2.1045344
H81128,-93.47783411085389,35.42245952774491,2.2128034
H81129,-275.8846537532411,28.98871152070086,2.2128034
H81130,58.21660415015025,91.85471913302003,2.2128034
H81131,-206.96886747119228,84.56253413677793,2.2128034
H81132,-306.18961615083634,2.2687789963497904,2.248893
H81133,1831.6006333940438,293.17977924349407,2.1045344
H81134,300.7428039597637,27.253925705029623,1.1783537
H81611,-320.9633344727944,20.208092887191004,2.0367827
H81613,-294.6822870328332,46.67966384299242,2.1045344
H81615,289.9917838932665,84.24554582467876,0.94109136
H81618,-16.228278381191178,-41.716772760407906,2.1045344
H81620,-88.8233282778054,35.32674802593216,2.2179823
H81622,-213.2258531082631,20.910246426879365,2.221379
H81632,-304.8557117504649,23.30573681617571,1.1783537
H81638,238.00093212721427,121.1743477812391,0.3104165
H81641,-283.6747469203033,-24.153773145131712,1.9791143
H81642,-257.8660264483986,23.200109885628,1.1783537
H81643,-369.4029541478291,20.60837667649767,1.9791143
H81644,179.36983840410565,104.48100038654991,2.1045344
H81647,-401.8204687009636,4.812056549091953,2.040931
H81655,-684.4906872149228,-175.8984391346747,2.040931
H81656,-13.09766872840465,13.510854690268435,1.7522142
H81658,-159.81302526615735,43.51447249888665,1.7093354
H81659,-491.9220211202386,-3.8722379487154313,0.92455924
H81663,-299.14055483312944,-14.913228033403616,2.2128034
H81664,-383.9654579758183,-17.016896765471575,1.9807818
H81667,-181.73163667062548,-23.943482694820887,1.8956228
H81668,-485.30908593556484,2.3123818153314004,1.9780533
H81669,-485.49941082676827,-5.685376167275279,1.2371726
H81672,-111.61809789400797,14.299603533712137,2.2128034
H82002,-101.69886912145576,-48.82226662518498,0.30862987
H82003,286.3989398471465,30.62224701854658,2.221379
H82004,-147.01974023334932,38.012668884320924,1.9412379
H82005,38.22270854379388,68.5549951893183,2.221379
H82006,220.51839809685032,34.85820807238632,1.1851429
H82007,652.6831515764567,143.05956489430542,0.60592246
H82008,259.4681635969723,52.0949267592051,2.221379
H82009,947.3771660829234,296.74137585514194,0.60592246
H82010,28.953362051315427,-34.04321468107093,2.221379
H82011,700.4331096024766,36.44554660978889,0.60592246
H82012,509.2611456167562,81.46794745081651,0.3104165
H82013,641.9978905848527,192.57976397315775,1.1851429
H82014,447.9889847375379,201.11012804171474,0.60592246
H82015,19.406956237761058,6.971985421189809,0.60592246
H82016,659.5257688368362,244.14633785930246,0.5734061
H82017,1273.7946903232285,141.58033365009678,1.9412379
H82020,389.8243487051328,47.16642236605781,0.5734061
H82021,-25.10072319499095,-4.582318692164529,0.5734061
H82022,250.16995671572133,40.86887850734884,0.36008435
H82023,520.5955894418342,323.3921601339701,0.36008435
H82024,-23.36003192629076,-129.26854029835766,0.6334363
H82025,1052.8389903587783,69.23118492832748,0.3104165
H82026,810.1128668481059,176.14651481873406,0.3104165
H82027,-213.34836709304196,26.564665797577327,1.9412379
H82028,122.00106879593675,121.83836015652271,1.9412379
H82029,454.6309959446733,74.69967724175564,-0.030112201
H82030,941.111804663506,118.2661453613125,1.9412379
H82031,70.00978691657214,58.011094381581124,2.248893
H82032,706.6080067394059,30.671612060644335,1.1851429
H82033,163.016206940693,64.14876201918042,0.3104165
H82034,1317.516669527678,523.3530678811045,0.60592246
H82035,358.5103881028938,-23.810773733108434,2.221379
H82036,231.2094276679532,45.343733201668606,1.9412379
H82037,910.5633173249631,529.5812953658065,0.5734061
H82038,631.5474678498142,145.89962450758284,0.5734061
H82039,418.9792467101443,264.7429240922677,0.5734061
H82040,106.69938841657863,77.10005099946878,2.221379
H82041,614.7767312228821,167.54816579890954,0.60592246
H82042,1244.5258583371237,258.66353862315276,1.1851429
H82043,715.4996101159197,78.7151895301379,0.5734061
H82044,248.468667007822,-6.753085804678455,2.221379
H82045,1545.4182877597018,522.073703025414,0.60592246
H82046,363.3801589212403,107.24304088675395,0.60592246
H82047,435.698789590092,49.43509797365617,0.3104165
H82048,631.4368875520435,109.84262269150474,0.5734061
H82049,326.5179443015278,71.78569154659908,1.1851429
H82050,550.8773068778142,42.91432058926556,0.3104165
H82051,679.3170969288525,267.73685373257206,1.1851429
H82052,569.4942907498217,43.64513346007635,0.3104165
H82053,264.2075861149802,64.87193662403702,0.3104165
H82055,635.612693252742,159.18761969171698,1.9412379
H82056,447.98612816932524,15.617107011818067,2.221379
H82057,877.5088653243305,123.42532341743986,-0.030112201
H82058,861.0846209873619,233.06446013090758,0.5734061
H82059,672.4950036949359,194.3330034434387,0.60592246
H82060,527.6135717105468,62.68604967359306,0.36008435
H82061,282.3351441761045,96.4245541007379,0.60592246
H82063,485.0764805251559,71.33810304157383,1.772939
H82064,636.4789281691487,214.40229015573615,0.3104165
H82065,670.5788130292552,335.18483572308907,0.36008435
H82066,1132.6524152624904,270.6585657683371,0.5734061
H82067,84.33335442006025,145.46576471643124,0.5734061
H82068,-326.0462642962999,-125.28275732310415,0.5973467
H82069,59.536948043154126,-81.34777907769468,0.6334363
H82070,387.94491486621206,219.9088737810366,0.60592246
H82072,193.55466961490868,28.826435243691247,2.221379
H82076,-192.6088533678125,-4.072055618162843,0.60592246
H82077,832.9916722255401,164.41875028512814,0.5734061
H82078,345.88125197104347,128.96356569096997,0.21929917
H82083,318.477708368375,124.75462500601228,0.36008435
H82084,-24.48432869992526,16.574619301555362,2.221379
H82086,-324.257062148908,-35.286393207778644,0.5973467
H82087,-149.40370813584636,-14.461104191648701,0.60592246
H82088,515.4977237643366,213.20338238896528,0.3104165
H82089,-28.055913763746865,39.95692938961171,1.9412379
H82091,114.03156052599414,67.91973114249342,0.36008435
H82092,82.20081625018996,105.211017180064,1.9412379
H82094,-10.965555321667473,-39.98586719954738,0.31675002
H82095,674.1796217396827,83.76541360759036,0.21929917
H82096,23.775679145871454,21.200654514430205,0.36008435
H82098,271.0428346929452,106.68172718992582,0.3104165
H82099,442.119553670625,142.31838194982475,0.5734061
H82100,32.20533262906903,83.29168370209025,2.221379
H82101,161.5588382150982,91.96448177434706,0.5973467
H82615,104.37969473728195,79.98258879720053,0.3104165
H82621,-171.4808869152044,30.374838835523267,2.221379
H82625,-375.4802598380774,-24.29453043665399,0.30862987
H82640,294.28929402397205,56.53577707728221,0.3104165
H82641,-221.8352768897765,24.581034317814638,0.6056473
H82642,-538.6144414553966,-44.42149393293122,0.5973467
H82643,-211.76218638307853,-103.21713897185491,0.5973467
H82644,-524.201515742686,-34.38987392604242,0.34471947
H82648,-511.5386457537532,-21.73617923568498,0.30862987
H82649,-515.0785255827933,-26.86736054235808,1.21087
H82653,-527.5334228954633,-32.48875664028902,0.34471947
H83001,466.352115299015,58.752012543967304,-0.27059048
H83002,-334.31774898148245,-45.7814652995223,-0.29445794
H83004,359.7099492489826,90.04613245281813,-0.27059048
H83005,140.842858493963,81.17533079599743,-0.27059048
H83006,325.64520559668114,319.2775419439579,-0.27059048
H83007,251.55354518393534,56.43726012518791,-0.27059048
H83008,-220.00011708377343,28.723454515770456,-0.27059048
H83009,180.14904434119524,-32.089973376303206,-0.27059048
H83010,-119.81778403069843,-4.7879061967847605,-0.27059048
H83011,-185.66515576960103,44.50811126885621,-0.27059048
H83012,316.513589212208,96.30576437283493,-0.27059048
H83013,424.4138809678298,80.88535216967041,-0.27059048
H83014,39.05214951495793,71.36344391678648,-0.27059048
H83015,420.22346805364253,37.587541506383026,-0.27059048
H83016,558.2832986418018,294.7417946315372,-0.27059048
H83017,464.64596691854473,189.03331974040984,-0.27059048
H83018,360.9920910580925,100.42047547674623,-0.27059048
H83019,83.57273129691426,30.341084605385504,-0.27059048
H83020,367.4355113911936,61.437284827193054,-0.27059048
H83021,-78.83011812825006,43.836713345590134,-0.27059048
H83022,62.629189557198984,20.38107051759955,-0.27059048
H83023,36.253378870229604,30.616670885937463,-0.27059048
H83024,633.9834664531754,39.41146036016119,1.1093904
H83025,419.82471536945377,80.5398252268124,-0.3048935
H83027,138.37256291862667,32.24643642904722,-0.27059048
H83028,-162.69383163817952,54.29807198047125,-0.27059048
H83029,-199.69420105321424,41.02223919552728,-0.27059048
H83030,-255.18996142164494,-18.937562723968718,-0.27059048
H83031,-192.30038904588952,10.792208921857885,-0.27059048
H83033,-153.13250247040372,60.30877780618278,-0.27059048
H83034,1.3397367193360827,-11.284364994910607,-0.27059048
H83035,-223.9628209726731,-6.093146178418118,-0.3048935
H83037,-103.98361089452071,58.269482391652154,-0.27059048
H83039,74.78644702084473,58.32371651476141,-0.27059048
H83040,-262.5192471700436,31.935539622958576,-0.27059048
H83041,-237.15868101765165,7.181802101473198,-0.3048935
H83042,217.08143370211707,45.99791569115786,-0.27059048
H83043,22.674213401048423,189.3527479228201,-0.27059048
H83044,336.32017097498345,166.53375624518677,-0.27059048
H83046,-104.86459142094768,-27.80368432069199,-0.29130682
H83048,-341.5677310863159,-4.510636863205821,1.0942729
H83049,-305.0445101027982,6.371847075513185,1.1472483
H83050,-91.36876643627356,12.64446306121569,-0.27059048
H83051,-25.29373700667973,81.72421142003412,-0.27059048
H83052,-198.79707161229368,67.24005583289951,1.1093904
H83053,665.5856852105877,23.779404922691555,-0.27059048
H83608,-222.87776122612533,-23.677254309236105,-0.27059048
H83609,-225.97982280204124,41.37246407282258,-0.27059048
H83611,-263.81416762709034,16.462150307565153,-0.27059048
H83616,-448.1422722850837,-168.55198731811842,-0.3048935
H83620,-218.51266394951548,12.967525095583811,1.0925764
H83622,-355.40232837831877,-14.091596792702363,-0.29445794
H83623,-405.28298602871496,-54.79007472366569,-0.3048935
H83624,-121.64244519397937,33.71043424106734,-1.0388347
H83625,-176.33108117027336,-46.61364278430987,-0.27059048
H83626,-363.10361051116934,-39.33420350045932,-0.28978622
H83627,-109.07604754207641,22.449220011478264,-0.27059048
H83631,154.18509638125866,143.43976719515126,-0.27059048
H83633,-559.40843383758,-176.526859917645,-0.3048935
H83634,-453.0266913551964,-67.51455083843705,1.07108
H83635,-394.43585510731896,-93.28798340055167,-0.3048935
H83639,-475.3380364008196,-5.524584883177313,-0.27754137
H84002,210.92595092020662,39.05113705978816,1.9583894
H84005,75.11596199123792,176.81866327277953,1.9583894
H84006,0.35358334843613154,76.67065531199964,1.9583894
H84007,-28.012174710484725,38.2382633085764,1.9583894
H84010,105.28942390174889,24.292863207481798,1.7522142
H84012,155.19596604500796,-13.07788655276011,1.9583894
H84014,-352.6821430390701,5.444728189818321,1.9583894
H84015,30.16523815719322,69.31500703020669,1.7522142
H84016,903.453698236324,329.17759196609234,1.7522142
H84017,422.72521259643594,126.21539006223202,1.9583894
H84018,-83.02751708979586,24.24760611242589,-0.35134545
H84020,330.9379960705166,79.33595817077234,1.9583894
H84023,-116.99416046148191,17.26469073434566,-0.4253113
H84025,10.580110753198706,106.13745076442926,1.7522142
H84027,456.37605635610447,128.88235116937383,1.7522142
H84030,789.5019927977091,303.6420745591115,1.7522142
H84031,-94.36201433922635,12.244547819364358,-0.35134545
H84032,123.90350735027113,70.85811588364639,1.9583894
H84033,-78.3660394565734,-16.688062186635882,1.9583894
H84034,89.30795769144079,141.1080928257149,1.7522142
H84039,90.0422637609737,48.80011217172329,1.9583894
H84040,704.4420496961569,60.84439904595045,-0.35134545
H84041,-344.10137556821974,47.205552152993704,1.9583894
H84042,458.8506957397082,39.15752552241593,1.7522142
H84043,-157.39272346576323,32.19957321801066,1.9558628
H84044,220.0555556852489,122.09346514440709,-0.35134545
H84048,-148.9810118759493,6.630475332373606,1.9583894
H84049,-386.47120204810943,-50.005597867020334,1.7522142
H84050,115.4732784282194,59.726205903963354,1.7522142
H84051,-99.52505232902293,13.81381243171285,1.7522142
H84053,-102.01113362390626,63.977054744192095,1.7522142
H84054,-285.2326189374225,24.441970131051594,1.7522142
H84055,36.182228567369854,63.505583770076356,1.9583894
H84057,-343.6335833927299,0.966516211763765,-0.35134545
H84058,-148.07834595014387,22.17248337215657,1.7522142
H84059,-276.1224042128181,-18.180287529920765,1.9583894
H84060,-4.030835928547507,62.61062028380332,1.9583894
H84061,-118.22257131551144,108.66140967623247,1.7522142
H84062,-9.953963843181251,21.368142815890412,1.7522142
H84607,-340.27214138335825,-120.11630459636575,1.7522142
H84608,-410.316390923765,-60.210409475739034,1.9531764
H84609,-523.0259478115421,-54.431717225697454,1.7522142
H84615,-409.7387680488292,-59.77073922385146,1.9326624
H84618,-224.07177797848166,45.21365706345928,1.7522142
H84619,-90.64986992904217,52.74710091663627,1.7522142
H84623,257.4458119488011,58.74442520446571,-0.35134545
H84625,-149.9739392158155,-1.5965050552701936,-0.35134545
H84629,-305.73629485891934,24.228688260960908,1.7522142
H84630,-281.40838581271595,27.773772087656845,-0.35134545
H84632,-263.1716157862355,7.117477792065184,-0.42723724
H84633,-424.9249579265024,-76.21496408618692,1.9326622
H84635,299.97656474220645,226.24081055453442,1.7522142
H84637,-447.17194684926017,-109.1576359645822,1.7522142
H84639,-359.03751632263044,31.35633685623686,1.9583894
H85001,173.9144676852768,109.77692871714163,0.35829774
H85002,161.4663859425516,35.92372122996009,-0.16410828
H85003,110.23907805813182,-19.832664913066097,-1.0388347
H85005,261.8689616920587,25.229876606780607,1.0200597
H85006,65.28098749449627,21.157585961324656,0.35829774
H85007,383.0750276540575,64.82144196579704,0.35829774
H85008,275.53770731728264,-25.6314318739035,0.35829774
H85009,106.60294262087943,82.44286483142838,-1.0388347
H85011,120.1099064359183,76.74990986241475,1.0200597
H85012,559.4259347948531,159.01155049695032,0.35829774
H85016,-38.39833248958325,-158.06573172176857,0.99433243
H85018,91.34349226276622,44.8690306059499,1.1093904
H85019,-9.428324881560485,55.679626914520405,2.1072261
H85020,1301.0740356083895,601.17863828029,1.0200597
H85021,84.13763007422412,50.20642676162364,1.1093904
H85022,-106.10013869866937,49.204639858946095,1.1093904
H85023,43.32938734921796,91.76200768938689,1.0200597
H85024,314.4133391818193,-115.39391917111897,1.0200597
H85025,847.6931255220996,217.87074099970218,1.1093904
H85026,65.71090409668334,42.25777492930859,1.0200597
H85027,-74.7785667407651,61.010158159211066,0.35829774
H85028,49.525957062450686,-10.350148833110302,1.0200597
H85029,166.27533627611686,77.23927137184361,1.0200597
H85030,525.607022337257,132.3408955588226,1.1093904
H85031,417.44406031342595,41.254290522819446,1.1093904
H85032,-213.7932541856018,37.56656458009755,1.1093904
H85033,168.13919132004517,47.89949494157898,1.0200597
H85034,-198.1458904054819,-64.92999325765152,0.99433243
H85035,16.929357224429737,-86.0355467913689,1.0200597
H85037,398.1513680074104,26.24796504914183,1.0200597
H85038,660.1176434914605,133.29695453620718,1.0200597
H85039,-424.25160369214944,-225.95018089544118,0.99433243
H85041,399.69991459376536,113.47849922761858,0.35829774
H85045,472.2399081243925,104.66132021415224,-0.16410828
H85047,223.7446216590326,45.214051314425575,0.35829774
H85048,654.556570572032,142.87755017644727,0.35829774
H85049,-197.19408387787502,14.422189849047744,0.35829774
H85051,200.49428081675637,284.2935135264662,1.0200597
H85052,45.24848262241951,-38.78969248153734,-1.0388347
H85053,-167.60418179132748,-11.707046643143402,1.1093904
H85054,24.798994163038554,56.141808110487965,2.1072261
H85055,124.76859384116808,78.28907702397026,1.0200597
H85056,-407.5143241981569,-28.592238806647657,-1.0988649
H85057,-251.63245872695433,0.47485419186851047,0.35829774
H85061,143.98100298636402,85.00914489455627,0.35829774
H85063,214.46159338032248,238.03038292111376,2.1045344
H85065,-178.06537106089542,-17.840904896827517,0.35829774
H85066,303.2421027655499,115.91317281555989,1.0200597
H85067,-174.21442183531633,-49.04072511040285,1.9583894
H85069,70.23944232415502,18.53867348817335,-1.0388347
H85070,377.8754128938561,-45.3713694810756,1.0200597
H85072,39.039564460045675,49.922772737969254,1.0033548
H85075,-294.709935354145,49.83749712884335,0.35829774
H85076,458.47273152921304,18.225145003738394,1.0200597
H85077,-101.21662019079811,35.38016737781894,0.35829774
H85078,-236.47241610624184,26.988561530002897,1.0200597
H85082,-121.3113893598852,31.857587704951786,0.35829774
H85086,-289.773710973318,3.490551802785064,1.0665116
H85087,-24.00677507463741,2.0394652257687116,0.35829774
H85088,-281.9842537181395,-6.731438804644122,0.35829774
H85090,79.93509153768886,20.008033562814006,1.0200597
H85092,44.7001902851698,58.03001951024063,1.0200597
H85095,444.7903646776185,182.07436995786696,1.1093904
H85100,-117.72238395795077,118.52496265043781,0.35829774
H85101,-56.593763873175185,32.57575410814936,1.0200597
H85103,-89.32044777352495,81.61851978454186,1.1093904
H85105,412.5648915600625,42.710723576386705,1.1093904
H85108,-313.1792441114855,19.04020187512734,1.0665116
H85110,-22.868343774395502,-22.451127122994023,1.0200597
H85111,158.90146876750788,67.854699784961,-0.5975409
H85112,-330.1793391908736,-18.575909077002212,0.35829774
H85113,-226.52730340800815,0.9140736995943988,1.1093904
H85114,-13.533079958864649,54.90136887091045,-1.0388347
H85115,739.860439427813,242.0001364380506,1.1093904
H85116,306.05469024908,71.77851213528935,1.1093904
H85618,-123.17157811356883,196.0987255074141,1.0200597
H85634,-139.70924287584512,0.3627061473845916,1.0200597
H85637,-356.6463272785659,-0.28347126653362353,-1.0388347
H85643,-224.97392403159012,-118.39251080466858,0.27254027
H85649,437.85611127206136,77.92924723205788,1.0200597
H85650,-483.578722411839,-53.37194235997193,0.27254027
H85653,1135.9269999881894,397.4211981769951,1.1093904
H85656,-173.59227022687108,23.126406864341753,1.0200597
H85659,-265.20687853836836,56.27531128150624,0.35829774
H85662,-218.20532117513318,9.206423946502976,1.1093904
H85664,-450.40945133685364,-16.418024437942506,1.0200597
H85665,-226.2727405203943,-21.276492200458247,1.1093904
H85674,-283.7880852643541,6.399770704730503,1.0665116
H85680,95.36748184651906,107.38019562661438,1.0200597
H85682,40.9736523621344,86.12837028039422,0.35829774
H85683,-132.03613749324546,-36.15508323364734,1.0200597
H85686,73.43818468249711,29.43498005819138,1.1093904
H85691,-452.5476893025834,-13.753788397849213,0.35829774
H85693,986.3771243655011,259.93891597078726,1.1093904
H85695,-152.5850651933752,-38.4025178583852,-1.0388347
H85697,-481.5002166291335,-7.534183718873816,0.3591553
J81002,414.51849787174297,48.47825345818037,0.5612571
J81003,35.36375101916831,-53.05942194442349,0.5612571
J81004,265.7839850575266,95.19110119949066,0.5612571
J81005,1855.537521484721,549.5809309608912,0.6627368
J81006,2661.631564710356,363.4588556954164,0.5612571
J81009,1513.3919753725474,297.41705125833886,1.0046948
J81010,743.7167452998912,79.85939063032157,0.5612571
J81011,367.2174033062012,100.61319862669087,0.5612571
J81012,748.4568063315463,410.3071263317374,0.5612571
J81013,698.8845293517883,124.26650038677862,0.5612571
J81014,655.9697202680994,150.11733517616875,0.5612571
J81016,77.42671071322006,42.708198367819385,1.0046948
J81017,-118.77636875861373,19.5137938655688,1.0046948
J81018,658.5084250062843,118.87234921942057,0.5612571
J81019,1533.4142487013366,312.0171801014801,1.0046948
J81020,-48.95048137880227,43.720372555070604,1.0046948
J81021,1109.3023359056924,657.6248238962623,0.5612571
J81022,106.46270578004844,-10.925282858117892,0.5612571
J81024,137.19768209916623,-32.193494244072646,0.5612571
J81025,321.01953360062174,94.01252675995937,1.0046948
J81026,486.43954338007103,-249.99633543783577,1.0304221
J81027,1552.1438235575567,237.77864579910707,1.0046948
J81028,1104.2632087100635,330.8544364857261,0.5612571
J81029,57.65781934212418,74.57129339715344,1.0046948
J81030,304.8974303199605,13.472788201294017,0.5612571
J81031,123.47273820174082,19.336067630499336,1.0046948
J81032,223.76899779222845,141.36360080537366,1.009908
J81033,1133.48494154235,505.41214308332883,0.5612571
J81034,715.5353320197195,84.24872251292554,0.5612571
J81035,48.71403082509168,64.94333400207087,1.0046948
J81036,367.13483983917394,71.21131609453879,0.5612571
J81038,95.08316724996395,-6.386821983576229,0.5612571
J81039,137.513643786472,41.1610693543006,0.5612571
J81040,-28.597161302874838,-69.18745161141078,1.0147833
J81041,993.2256030325292,135.33565268379402,0.5612571
J81042,192.16175978822844,49.15641672818192,0.5612571
J81043,125.05087681819477,23.734856128520722,0.5612571
J81044,755.1640466968436,345.70010843295034,0.5612571
J81045,864.1789805037,277.0602103537121,0.5612571
J81046,376.0789999712293,108.82052909501493,0.5612571
J81047,474.21905867988806,46.37135974471209,0.5612571
J81048,-95.7952717260948,37.20364753296823,0.5612571
J81049,339.68223677472787,-0.6371418650204563,0.5612571
J81050,698.6946661962792,90.91458323661094,0.5612571
J81051,759.3074647847346,560.1761627552376,1.0046948
J81052,156.76918716178844,68.31412255097153,0.5612571
J81053,-8.179394597313678,15.3529833783369,1.0046948
J81054,136.70762774542914,63.22580266019104,0.5612571
J81055,625.1779744843592,-62.192504857147725,1.0080986
J81056,1148.0319951113584,903.4891146551482,0.5612571
J81057,178.01556019150192,49.92391414916495,0.5612571
J81058,544.3927263241445,134.520978353102,0.5612571
J81059,195.1381199950389,91.46304580286146,0.5612571
J81061,289.2318666980981,42.218206810957895,0.5612571
J81062,442.7475266232854,59.123838470034144,0.5612571
J81063,-137.0705936183593,-4.363762055179075,0.5612571
J81064,-125.48591531716706,-1.5736975198402894,0.5612571
J81065,189.31904174386966,-52.1383374838157,0.5612571
J81066,397.6509689902082,152.09856260278357,0.5612571
J81067,-176.9285224200148,38.22778020399545,0.5612571
J81068,469.8272905284897,62.847268649389726,1.0046948
J81069,-45.26470917293641,13.157521940839088,0.5612571
J81070,461.93661766607306,190.6713231699964,0.5612571
J81071,-154.28572355506086,14.325152348693555,0.5612571
J81072,218.94844478795824,50.866573957279215,0.5612571
J81073,1763.1079445800315,421.60193873864296,1.0046948
J81074,223.27954349834138,76.38293502915947,0.6627368
J81075,116.41181727476562,144.0920983553531,1.0046948
J81076,315.48078840761536,97.21723010170587,0.6627368
J81077,69.54747707567901,24.144457656970506,0.5612571
J81078,137.18419319298312,130.45955598182877,1.0046948
J81081,772.5940971985376,215.32468828107878,1.0046948
J81082,316.8482322071249,93.25130820021339,1.0046948
J81083,13.546475881546963,-16.445672921306922,0.5612571
J81086,-61.60447799749191,96.4957637316842,0.5612571
J81087,235.85015241614306,64.32651144940093,0.5612571
J81090,-133.2234180681835,-21.449230118917125,1.0304221
J81609,-83.95478244660794,33.7200744896141,1.0046948
J81612,-152.88964717979314,96.21207203122738,0.5612571
J81613,123.9653633281711,149.84058067296607,1.0046948
J81616,-66.95497397334674,83.6294106506853,1.0046948
J81620,1785.4891304602093,1329.715843922764,1.0046948
J81621,85.41576520547946,122.84719277053988,0.5612571
J81623,-437.39585568047426,-18.975066668958636,1.0304221
J81624,-334.7199582493956,6.894557466608961,0.5612571
J81625,299.65433728575147,128.5581828740192,0.5612571
J81626,68.93523853069757,147.83385195951766,1.0046948
J81628,-247.09842637746715,28.603889075500383,0.6627368
J81631,-222.13329709216575,85.96311226399366,0.5612571
J81632,21.015312121761365,54.952966685595214,0.5612571
J81633,21.800948228396724,67.95617690693942,0.5612571
J81634,963.2213787532726,663.705383554316,0.5612571
J81637,186.13251112285738,153.24995817387705,1.0046948
J81640,-304.33098301275027,-43.17059946886768,0.5612571
J81644,-233.23490617618327,8.163911476540491,0.5612571
J81645,-322.3618944580172,-28.951284764716583,0.5612571
J81646,7.345983844326391,130.55365978749484,0.5612571
J81647,-217.1773680309848,89.8741168737158,1.3913181
J81648,-174.854768657008,64.32717353178899,0.5612571
J81653,-487.5123615320242,-1.4729666962979286,1.02761
J81656,-496.3812206686529,-9.511962233381544,0.5612571
J82001,370.5148624271647,40.56615596944629,-0.7018792
J82002,808.5031380289298,184.10689208662956,-0.7018792
J82004,-130.06567832258048,-84.57284300886079,-0.7018792
J82005,-106.24577401451242,47.02634133510388,0.21929917
J82006,458.92890943196824,139.1422958650966,0.13675758
J82007,953.9969234074107,110.13910130365065,1.4824355
J82008,157.06217464774565,72.7987653323427,1.9601761
J82009,473.2992045310011,-5.326809129543279,0.21929917
J82010,1396.0747276560114,248.34227203590027,0.21929917
J82012,208.42943521536188,9.944310053070533,0.13675758
J82014,-500.03388164211873,-166.824769471056,0.23645066
J82015,214.03203886431226,66.64414435461335,0.94109136
J82016,336.6717444396114,72.20638769375083,1.7815146
J82017,641.9091286915454,68.92643001246077,1.7815146
J82018,746.2846651662652,242.42835403061056,1.9601761
J82019,299.6187754239786,234.28700482241703,1.9601761
J82020,-13.631655865259914,34.02200920484012,1.9601761
J82021,488.4679204247553,33.19763154168615,0.21929917
J82022,810.709586719068,102.81090588364951,-0.7018792
J82023,186.54073350025814,-35.565114495939824,2.1045344
J82024,573.2836938031807,720.3825827237242,-0.7018792
J82025,408.2792852948003,220.21901583948554,1.7815146
J82026,965.7444386589552,120.37484341557224,0.13675758
J82027,-27.008463569685386,42.73708802744636,2.0770206
J82028,707.3611332829408,533.1652253519111,-0.7018792
J82029,663.0176949856749,105.01286181646985,1.4824355
J82030,12.309742208877493,-86.7598634376491,0.9522279
J82031,-235.49992538393775,-86.41407930020847,-0.7018792
J82032,-95.88745920641762,21.823320596515423,0.23645066
J82033,110.29437756992743,22.17586192521967,2.1045344
J82034,1029.4944868217115,131.93509460525294,2.1045344
J82035,752.5734263363698,40.302387130438376,2.059869
J82036,-304.1356714351943,8.108639374263353,2.034142
J82037,-114.71592345910825,-486.6719462176003,0.23645064
J82038,-5.0149005599711804,-48.42949001234504,-0.7018792
J82039,613.7110650752227,75.93120281512685,0.5612571
J82040,818.2208180905745,260.4797095375384,-0.7018792
J82041,624.0056049087217,44.17997810893216,0.21929917
J82042,983.6971640952912,337.122639913871,2.034142
J82044,120.23081370181173,-22.82085092683242,2.1045344
J82046,426.46590852551327,170.87319300864263,1.689687
J82049,1186.8110709861546,750.649297796554,0.94109136
J82050,453.95692070197066,123.95794220411018,2.059869
J82051,586.2784040095507,207.34844560201608,1.9601761
J82052,354.5532899062559,22.20608601771134,2.2935586
J82053,239.29488299633087,2.213700277160964,1.7815146
J82054,310.5540527085527,88.06262091355897,1.9137241
J82055,353.47703127421534,313.5803905656571,-0.7018792
J82056,1655.8269319295998,117.72099685239222,-0.7018792
J82058,626.4104715207822,110.73589079363758,1.6560944
J82059,110.9247706954882,79.11796537147768,2.034142
J82060,583.6612395317303,182.51722461611433,-0.7018792
J82061,453.5147854082915,108.6845108469153,2.2935584
J82062,1137.9840469653832,191.49283922742376,-0.7018792
J82063,254.51438246605775,-88.14214464882707,1.9601761
J82064,949.5304375207681,113.91347111507042,2.059869
J82065,650.8018016573184,204.12865608650552,1.6950724
J82066,1004.7315485369754,301.62974003322455,0.94109136
J82067,229.46638603601883,128.0644453954848,0.94109136
J82069,2280.21171884438,944.2467328271492,1.6560944
J82071,154.62340991911137,94.74558002275207,1.9601761
J82072,381.17596805229107,121.81464472712639,-0.7018792
J82073,357.60427310471977,94.13482762797265,-0.7018792
J82074,746.0288657543703,73.38221862896572,-0.7018792
J82075,78.36672179754497,1.3671751873462517,1.4824355
J82076,1028.7010878370818,576.6216287752562,-0.7018792
J82077,905.4651888542636,462.03450241389044,1.6560944
J82079,217.6294118674358,119.94501654243572,0.24502641
J82080,-227.8811696456366,40.25436314740912,-0.7018792
J82081,1093.4986154509863,310.52798062706484,-0.7018792
J82082,598.8939092852914,107.98402263126897,1.7815146
J82083,2160.072500275057,1540.849672929242,0.13675758
J82084,-18.801140210403812,1.2169485915767582,0.13675758
J82085,1339.4878428425125,231.82509050961278,-0.7018792
J82086,-36.12355726695532,-51.47208856587343,-0.7018792
J82087,280.84841238135795,133.4687821876812,-0.7018792
J82088,802.7684537808274,336.21071784923436,-0.7018792
J82089,537.8040197851258,129.38328975055222,1.9601761
J82090,856.418196811316,138.7127588634029,-0.7018792
J82091,278.19029928871987,68.88642913923931,-0.7018792
J82092,282.7535541504072,51.82320292032682,-0.7018792
J82093,244.9673095778964,17.3033517010102,0.23645066
J82094,2109.815819015752,317.4567094647979,1.6560944
J82096,-871.7776669001013,-676.7124135524092,1.7161247
J82097,545.1655259675612,-69.67583703610582,-0.7018792
J82098,688.8548696127637,357.1493132568395,2.034142
J82099,383.65256276088724,129.69418504344458,2.2935584
J82100,451.9118404274231,-152.99089587230964,0.12818183
J82101,720.8097662995323,-73.5070841820386,1.9601761
J82102,917.3663785387214,467.3099332958268,-0.7018792
J82103,483.2256871568132,121.50536287041628,1.7815146
J82104,694.632818281806,15.609328343531809,2.1045344
J82106,233.8136553420037,48.27628495803233,2.059869
J82110,346.83016913193467,11.860435638546688,2.2935584
J82112,854.7255449680183,311.04101919656955,1.4824355
J82113,436.4292520365678,-128.02425840965736,0.12818183
J82114,577.7682113152573,119.43573262883723,-0.7018792
J82115,75.85085770067029,31.83243676463187,-0.7018792
J82116,367.5566486950008,87.93317482776067,2.059869
J82117,1123.7889625689104,190.10343142528805,-0.7018792
J82119,335.37204878597373,122.35042471443754,0.21929917
J82120,387.39533917531713,40.35536742985543,0.94109136
J82121,222.29115767306743,122.16455448498036,-0.7018792
J82122,592.2035026586425,2.192422175021136,-0.7018792
J82123,537.0421485250193,-30.920138397132124,1.689687
J82124,383.0575495175025,123.66809523345407,2.059869
J82125,297.2517293326855,25.18745456857012,0.94109136
J82126,-145.0865560233934,43.548144453928565,-0.7018792
J82127,462.0557981597005,155.31117040936445,0.12818183
J82128,256.57661689147784,12.707144827722313,-0.7018792
J82129,121.67082539302403,24.561075064972577,1.4824355
J82130,959.6342838521623,134.427389655506,2.059869
J82131,987.6504590554798,157.52326318169247,0.5612571
J82132,1209.5313850288835,140.44845020716755,-0.7018792
J82133,76.4820161781387,73.96498895939425,0.13675758
J82134,2052.1168487782547,1034.0509175225911,0.21929917
J82135,382.6952313413927,75.96881980169272,2.2935584
J82136,335.5756580508492,10.293783695409749,2.034142
J82138,986.345744958323,292.36215524599413,2.2935584
J82139,1103.9526695269412,240.28231858319535,1.4824355
J82141,536.9054981176948,-143.06318085762888,1.9601761
J82142,327.7890065951398,59.039062473162176,0.94109136
J82143,483.11673966639376,77.62356345877532,-0.7018792
J82144,1557.8129197261503,354.8440265056567,1.6560944
J82145,1285.5758955780911,586.502406286601,-0.7018792
J82146,-74.89205478885316,44.887145825217495,1.4824355
J82147,7.244611268648862,24.200602093725283,0.21929917
J82149,595.3172981809738,115.22304799651899,-0.7018792
J82150,650.5259211665747,127.84725911845523,0.5612571
J82151,49.97200802702225,82.40681854927969,0.5612571
J82152,432.6860831837286,84.26565113033573,0.13675758
J82154,865.9168038924087,-9.786419812650655,2.1045344
J82155,3954.9590147987715,1117.7150395791036,-0.7018792
J82156,114.14312880375014,39.86746596311547,-0.7018792
J82157,656.9021665011954,118.5742698630384,2.034142
J82159,-176.3454399097721,17.446952554026304,-0.7018792
J82161,310.0343231002167,49.14226558665565,0.13675758
J82163,835.7706215959624,473.0458961923424,0.21929917
J82164,630.3700613424381,96.60838851932252,2.034142
J82165,-114.22286917622876,22.01565819320107,-0.70187926
J82166,826.9725136764476,167.45205011749155,1.4824355
J82167,-229.96337522477722,-147.32889205495684,2.0770206
J82168,-38.66474092002192,-21.93957809538,-0.70187914
J82169,-41.50831461199083,113.96476482509502,1.9601761
J82171,299.3530896114468,94.3925584053722,-0.7018792
J82174,354.7197922833283,81.79317912744281,2.1045344
J82175,-15.916139558526057,31.895715213025888,-0.7018792
J82177,-100.62687297076745,26.151462264416992,-0.7018792
J82178,403.40074296961933,180.1675787991419,0.94109136
J82180,-89.70591244098607,-8.702518447604316,1.9601761
J82181,381.61649921329797,88.30591782340015,0.94109136
J82182,-133.50764461344605,-53.531353141789964,-0.7018792
J82183,-25.94701137637896,177.5539004919316,-0.7018792
J82184,-130.9155443461554,44.722154499395025,2.034142
J82186,72.3408637252447,-163.4227612094096,-0.7018792
J82187,661.0394360822995,-17.705515237377934,-0.7018792
J82188,-181.96244799607365,38.23406936694061,1.9601761
J82190,-81.44501002860585,-87.36708453621696,1.9665513
J82191,-332.8590715668066,-94.86009976385724,-0.70187926
J82192,283.475692242324,35.67110914489541,1.9601761
J82194,563.9576307115138,519.1368943816598,-0.7018792
J82195,-118.21630005563472,-20.091966223611394,0.9427759
J82196,1102.4956642012392,250.1547222233639,0.21929917
J82197,-212.1886842834342,27.36477129860769,2.2935584
J82198,-171.67996907517312,43.890529266487775,0.94109136
J82199,-249.77905010336536,37.11241766500873,-0.7018792
J82201,67.20465514675146,97.9967417321833,2.034142
J82203,96.32564585619261,-8.006687570849449,-0.7018792
J82206,-154.95906219196567,14.092719892218854,2.2935584
J82207,12.358904433611116,43.38969201380737,-0.7018792
J82208,152.0596518354004,50.13854313530285,-0.7018792
J82210,469.7674534889351,46.705697043137164,0.21929917
J82212,-128.30428731251243,37.18198619647791,-0.7018792
J82213,134.60199118957132,85.08570332173082,-0.7018792
J82214,363.6280265413899,261.6152587239682,1.6560944
J82215,216.84015402705052,209.43927382005944,0.13675758
J82216,471.873975064548,106.71612018455994,2.1045344
J82217,-439.2021030330973,-4.072923890534476,-0.7018792
J82218,428.65775412906436,136.62718487474876,1.6560944
J82219,-643.3820053840517,-163.33949792023267,2.0770206
J82220,136.70816170191316,234.75335287800175,1.6560944
J82605,-317.7476908627563,5.2125005059899125,-0.7018792
J82607,-446.32890103695064,-66.22009188889118,-0.70187914
J82609,-87.3882311150437,-7.22333259623842,0.23645066
J82612,-204.67200772066204,2.6701505151877156,-0.7018792
J82619,-66.79430341787177,-0.2159978685944681,-0.7018792
J82620,-322.97930458553355,-24.032173101951173,1.968752
J82622,1463.0282495924403,1023.0468798661983,-0.7018792
J82625,-164.10447870239545,37.75600090856381,2.034142
J82628,-126.44526848335855,23.61129034793321,2.2935584
J82629,-210.57906099463037,36.67033055803082,1.8243934
J82630,-197.24531479081196,42.702321592098784,0.94109136
J82631,-201.04104385071466,-21.895057801654225,-0.70187926
J82633,105.2005937908228,268.984685065994,2.034142
J82634,-415.6351134769971,-124.77474012393476,1.9687519
J82639,366.3869460009075,326.28484959564497,1.6560944
J82640,5.219108213575886,51.98043931583961,0.21929917
J82646,521.8517309580398,488.0313340144312,0.21929917
J82647,-310.92448662987346,-5.615823351898851,1.7161247
J82648,-5.555605210041181,3.2693983463028573,0.13439079
J82650,-69.69127738948244,-59.00977638354714,0.23645066
J82651,-219.2185281329215,-27.608126978587208,-0.7018792
J82658,-541.347642057818,-46.20875591650722,2.0770206
J82663,-312.7093119806818,20.56262653379376,-0.7018792
J82669,233.47209575132797,49.612418953242596,0.13675758
J82688,-73.06854212066618,13.4757883622336,1.7007207
J83001,753.7367389124582,63.31668075457761,0.7624299
J83002,821.1505234181146,304.6915229709148,0.7624299
J83003,428.469060407461,106.35401296467765,1.2555355
J83004,164.3067226341739,95.67504496304277,1.4824355
J83005,622.4064963426565,202.53695919262157,1.2555355
J83006,467.27190764332806,114.97287254727568,0.7624299
J83007,873.4127314927321,75.88652239273996,1.2555355
J83008,913.9225530640562,103.82005224111668,1.2555355
J83009,1029.084151151817,265.0760023977673,0.7624299
J83010,619.9096131629374,124.46461042544657,1.2555355
J83011,873.6373041218618,232.73496930091233,1.2555355
J83013,99.4557226286501,61.38941666475656,1.6782483
J83014,747.4759299948702,254.82096767752378,1.7815146
J83016,1348.6849714067991,753.5218543598908,1.6782483
J83017,-14.648247235565073,-5.090567260753434,1.2469597
J83018,1206.2217457267095,185.7187551758785,1.2555355
J83019,791.3059983999794,270.10287365094416,1.2555355
J83020,133.7324905752634,-70.53493111833421,1.4977597
J83021,1376.0285114337814,807.090439255513,1.2555355
J83022,160.6995764450257,71.19936719971197,0.7624299
J83023,324.6720326218812,138.90957349422158,1.2555355
J83024,736.6702672928249,56.896598836520866,0.7624299
J83025,-17.27398802911152,57.66526214492661,0.7624299
J83026,1279.4567698019177,873.8309242982378,1.2555355
J83027,901.989581054231,59.46079308445743,0.7624299
J83028,397.2270867685361,32.84936202142999,1.6439453
J83029,304.00648633548536,0.7787778601294746,0.7624299
J83030,1499.5372635066153,323.1601741911486,1.6782483
J83031,815.5079774414918,38.49758443572162,0.7624299
J83032,192.69564457593117,29.14269827978755,1.2474223
J83033,221.42903770423203,-117.63655632670208,0.7624299
J83034,240.41451376765437,15.229641743005104,1.2555355
J83035,1361.1120750259972,-89.00881890678902,0.7624299
J83036,510.195234449692,31.085469225459235,0.7624299
J83037,855.5619948803069,399.3420386804723,0.7624299
J83038,778.0907895977025,108.9440265419252,0.7624299
J83039,740.8654569524003,273.9214394529313,1.2555355
J83040,1228.282898518561,209.5493499423086,1.2555355
J83041,755.4180001682553,131.79516762482328,1.6421587
J83042,751.3517294287443,64.11340280591286,1.2555355
J83043,218.57905420320904,33.498573063782224,1.4824355
J83044,-100.54389696737562,-47.93155901861897,1.6439453
J83045,352.56252458059635,127.76150237274224,0.7624299
J83046,809.5586085546912,272.3072179095538,1.2555355
J83047,308.6991438636097,-12.293452462654084,0.7624299
J83048,309.2325156011146,15.718231716671976,1.2555355
J83049,651.5173883632516,211.9652930753509,1.2555355
J83050,304.1088205506219,180.4253669316586,1.2555355
J83052,3.0824036222861153,36.788948002112285,1.2555355
J83053,51.60249848313663,65.53465567359241,1.2555355
J83054,-90.49923046298328,80.35410536447631,0.8111083
J83055,503.3508579112129,156.70679616397817,0.7624299
J83056,-109.60637146080721,-5.630787248002238,1.2555355
J83057,748.2033707363297,297.5740393533374,0.7624299
J83058,-119.35719997007763,53.97559926071454,1.2555355
J83059,173.15283704413815,99.16978703599415,0.7624299
J83060,13.214966462648947,49.9769158585056,0.48729128
J83062,-177.5901135925248,34.685985398309114,1.2469598
J83063,29.377557455609423,13.76732353361832,0.7624299
J83064,347.40738972435537,78.15457169025288,0.7624299
J83601,-136.83265466413934,50.14094535485926,0.7624299
J83603,-93.1364723175881,33.20270787007721,1.8054553
J83609,-216.16862099211798,15.45677427605049,0.7624299
J83615,-69.10633258135384,70.29798624543987,0.7624299
J83618,-181.04363223364737,35.41489758420416,1.8054553
J83619,-283.32995889576114,0.09407458455797671,1.2555355
J83623,-685.59750358651,-272.3049241471269,0.8138844
J83625,110.278564638117,12.532064608956764,1.2555355
J83627,-323.57209320353707,-99.02364242678806,1.2469597
J83629,-292.9658772092064,30.122461561883977,0.48729128
J83630,-262.29650044831834,21.568344690953232,1.2555355
J83632,-77.60061863770088,106.617002468262,1.2546932
J83633,318.04110759607954,108.94171253937394,0.7624299
J83634,-475.4557900628869,-82.7525034780439,0.8138844
J83636,-32.65211741631777,67.53812256493997,1.2528439
J83642,-80.40963695565408,-8.296166729087709,1.2483131
J83643,-298.11305439754165,22.79486681986087,1.8154824
J83644,-317.76059501111877,-7.010068820569911,0.79122347
J83645,-27.529803309304743,-23.887082913976425,0.7624299
J83646,76.43830290030783,-11.48128597903711,0.7624299
J83649,-277.91326968127197,38.47455497954387,0.8138844
J84003,136.65437106327002,57.36697334608282,-0.41316232
J84004,711.7356662234017,113.13261323623594,-0.41316232
J84005,616.054192478193,8.390183191748953,0.13675758
J84007,383.01393958063545,113.06373042305412,-0.7018792
J84008,117.16234430123154,156.96601222900003,0.13675758
J84010,1210.9583562212297,117.33649415552648,-0.41316232
J84011,1072.702864373351,275.5703206171061,-0.41316232
J84012,888.090008757246,330.22096563558824,0.13675758
J84013,1348.2276356207208,246.99270791453114,0.13675758
J84014,1115.8432062987997,113.45370123526114,-0.41316232
J84015,918.5060980243255,210.56643225663495,-0.41316232
J84016,324.3154724104255,44.577292953633666,-0.41316232
J84017,698.1974005551587,113.2360197092697,0.13675758
J84018,47.11762074988166,66.87268583285294,-0.41316232
J84019,957.9253735103372,141.4465633416269,1.4824355
J84020,141.74898456547234,11.838123339890029,0.13675758
J84602,-231.80584286324978,-68.4361735693011,0.12818183
K81001,350.6627263145078,92.92896976796148,1.8690587
K81002,650.5837969889009,171.20199987098422,1.9137241
K81003,541.772228457528,141.4895923794663,2.2574687
K81004,1222.0762332586166,237.89834656400757,0.24502641
K81005,-58.722938516770036,-13.854030158738398,-0.45782766
K81006,704.5697339100974,-5.502735463835055,1.8690587
K81007,29.536097409539572,-33.74854034064802,0.24502641
K81010,-33.61998709703325,-2.6218913147297647,2.2128034
K81012,489.6491380632358,117.86154766847189,0.24502641
K81014,1037.4997324064016,289.94775399386236,0.24502641
K81015,-254.8840781473036,2.3242505573705046,2.0580826
K81017,943.9076832429511,-3.1449579270157413,1.9137241
K81018,123.06917563681809,-6.526003535945057,2.0580826
K81019,-249.61863316192716,55.88745108732785,2.0580826
K81020,600.3408667925735,176.04819586096082,2.0580826
K81021,273.9508873564775,53.24308661411542,-0.45782766
K81022,1439.681603616226,376.72228255169455,2.2574687
K81023,-58.09539062348668,-26.512582323036476,1.8673211
K81024,1274.8114932176327,124.69849703520634,-0.45782766
K81025,1024.146606368838,253.45382363901606,2.2574687
K81026,156.5107839255148,-65.9178038557543,0.24502641
K81027,860.1208605574426,161.26585753166347,0.24502641
K81028,-5.0510879689683845,-3.5974101184960228,2.2128034
K81030,1292.10596695433,153.56314365393268,1.8690587
K81032,152.32445596114556,-48.24099144053444,1.8638798
K81034,242.65859947935533,12.781954642043225,-0.45782766
K81036,255.3743059496014,-36.55941950768777,2.0580826
K81039,460.4712078282081,-7.631247882335812,2.0048416
K81040,821.0710350658512,286.6012182783304,0.24502641
K81041,319.8184615506563,94.64921000168918,0.24502641
K81042,63.87764513074789,-2.3106225776181395,2.0580826
K81043,617.3671954548212,107.33809225297725,-0.45782766
K81044,-374.0354023792863,12.654857118696675,0.23645066
K81045,510.78505640466204,72.40445372347006,2.2574687
K81046,-83.035131934326,5.903013044353762,-0.45782766
K81047,1063.896291305162,81.85136543736864,2.2574687
K81048,254.02746885686005,49.78493402265988,0.24502641
K81050,463.8243234389651,113.97211630013679,1.9137241
K81051,523.3571602016782,195.43836387694324,2.2574687
K81052,154.38759353366964,84.4115640690294,2.094172
K81054,-612.8191632080275,-439.9045280415082,0.23645066
K81055,132.1148653595816,36.86430220201429,2.2574687
K81056,34.7173369879409,40.39839994094276,0.24502641
K81057,45.902690712170745,77.46981204538304,2.094172
K81059,156.54748632890912,8.454577411112467,1.8690587
K81060,50.574032735245275,68.71168190975521,1.8690587
K81061,267.3335028242721,-45.226295959564716,1.8965726
K81062,739.0497971733992,240.3550775563445,0.24502641
K81063,1255.574784174733,672.7134831473918,1.9137241
K81065,137.80171183793723,111.66938857338877,0.23645066
K81066,410.5670394834507,69.47887820766663,2.0580826
K81067,462.3816769909259,-209.9253265468124,0.24502641
K81068,16.22197072273697,32.83770079782359,-0.45782766
K81069,656.6561448192922,-17.39364559864201,2.2574687
K81070,503.700347084544,92.60741453721695,2.2574687
K81072,-361.4921213703184,5.135832615950953,0.23645066
K81073,1577.4744149526323,174.58608235173168,1.9137241
K81074,100.00980929544995,8.118046654133394,-0.45782766
K81075,1899.17316934324,257.4412455427634,2.0048416
K81076,12.623520209980416,-13.561298404037988,1.8690587
K81077,647.8516875262832,139.60072796011073,0.24502641
K81078,634.1578448098239,48.43175251582387,0.24502641
K81080,-69.99999344837308,57.26604061714606,1.8690587
K81081,-338.94066008350575,-33.484540710491245,0.24502641
K81082,354.91324555644127,42.1532900071647,2.0580826
K81083,592.7837308951903,-32.9095403022984,2.0580826
K81084,-97.55857943321979,46.57272803385218,2.0580826
K81085,178.17551714918076,43.94476805784765,-0.45782766
K81086,354.254422799299,-121.30200295139208,-0.45782766
K81087,-13.704950198541386,29.635737221899934,1.8690587
K81089,-176.83552471149656,21.700286167349308,-0.45782766
K81091,-526.7052366308714,-149.50967689781538,2.040931
K81092,258.579590070197,109.75014274461684,2.2574687
K81094,-247.57401229161198,-18.02382347104933,1.8690587
K81097,-86.98269305098043,27.169485544406104,2.0580826
K81100,-231.21491966684044,6.829562371872553,0.24502641
K81101,-57.93080428893027,-181.67798682664267,0.23645066
K81102,444.37805358562883,111.52492425938426,1.9137241
K81103,254.9456781202207,97.38238474582903,1.9137241
K81605,641.3611818911887,603.1109981724715,0.24502641
K81607,-218.05339430210316,-27.620961323996127,2.0580826
K81608,-83.85417177564199,55.18462510116602,2.0580826
K81610,536.3824922815055,263.2745452071307,1.8690587
K81613,-100.98154548605254,57.68333197718031,0.24502641
K81616,10.012830099545816,-3.491492373371137,-0.45782766
K81622,-398.530861761435,4.306275255937331,2.2574687
K81630,526.3907929171976,74.45276071618393,-0.45782766
K81632,-182.41750147045897,-23.52468562212218,2.2574687
K81633,274.9350864205052,139.45720642996832,2.2574687
K81636,174.5833020152186,62.67700572706893,0.24502641
K81638,-202.35134233936364,57.19650039702669,2.2574687
K81640,-340.624376200181,27.61144542068764,0.24475126
K81644,467.59645012424414,203.18094065304865,0.24502641
K81645,-18.558054793317815,71.5980613448667,-0.45782766
K81647,-411.253740458501,-8.481314424321996,0.24447058
K81651,241.55797007834045,213.90100287223524,0.24502641
K81655,-169.01387810088173,77.76345438337746,1.8690587
K81656,-147.9228287497575,45.056015264313345,1.8690587
K81657,-246.4238600058786,19.929018713671944,1.8690587
K81658,-502.3845920217439,-1.373281500724197,2.2574687
K81667,-239.496552544419,21.202954497399126,2.040931
K82001,135.43982233755608,58.418732582329895,2.2574687
K82003,899.2300639914524,56.894989725128305,0.6884641
K82004,356.8303696919689,48.89688255847368,2.2574687
K82005,-65.93663213105502,-6.669547979467481,2.0477242
K82006,387.6673060845898,69.61305616236723,-0.45782766
K82007,1818.9996272480228,1049.8035267278885,1.7968795
K82008,94.3530498732424,-1.858936182250509,2.0048416
K82009,364.72924356521975,-29.83612838275074,0.6884641
K82010,99.99428817019576,87.02890724072705,1.8879969
K82011,-104.713191562163,27.545407671441556,2.0048416
K82012,-16.05240301972323,67.82189887304314,2.2574687
K82013,824.7671438291233,141.16169671347905,0.6884641
K82014,-76.73442751878575,16.803251404230537,1.7968795
K82015,350.36194822046957,104.33126491354678,0.6884641
K82016,1141.306298464104,305.1614874428224,0.6884641
K82017,339.57391723415776,93.57920598757198,1.8879969
K82018,914.8382587044815,188.80902299059346,1.7968795
K82019,933.5916323106794,-18.56380625472478,1.7968795
K82020,135.35243852290114,-110.27986971312797,1.8879969
K82021,515.1489134831822,-0.9468462738474619,1.8879969
K82022,241.80967041954025,93.44530665048849,1.8879969
K82023,1180.4335678109135,171.91352981344377,1.8879969
K82024,305.3551340617136,78.59466266787108,2.2574687
K82025,501.4038839574634,94.4775800355186,0.6884641
K82026,786.6843920960428,166.03347422743894,0.6884641
K82027,108.23858100485377,38.43014692982891,0.6884641
K82028,68.10610588697834,94.72496297458561,1.7968795
K82029,244.22742864612422,51.7804912116947,2.2574687
K82030,283.6241843611183,7.6470875291329925,1.8879969
K82031,-113.49065101139472,34.163842390485016,2.0048416
K82032,470.3228677973202,142.08194870342788,0.6884641
K82033,1366.4632366912388,374.88629166952376,2.0580826
K82034,68.69615036249773,-12.522539640656944,1.8965725
K82035,-259.91858722021624,19.02198373563168,1.8879969
K82036,330.5072155127265,60.22814653961657,1.8879969
K82037,552.2602323661478,117.34067031807405,2.2574687
K82038,1233.464144869347,370.26632700609804,1.7968795
K82039,597.9297326415116,109.78922616785863,0.6884641
K82040,690.0033913680736,109.09456069576731,1.7968795
K82042,-56.68173434216596,32.599444520716915,1.7968795
K82043,413.24602057207653,48.24493031343869,1.7968795
K82044,363.16594224121786,183.95248206102542,1.8879969
K82045,-62.82534802001645,11.371885360299643,2.0048416
K82046,364.1719903450368,34.86043694960998,2.0048416
K82047,767.8930225253984,378.63484655863004,1.8879969
K82048,153.23011050448716,58.34946465414068,1.8879969
K82049,797.4468539819298,123.24559123745328,1.8879969
K82050,483.6161928202838,67.98750471987965,0.6884641
K82051,325.5163519497769,86.27877981416123,2.0048416
K82053,525.2418499604257,20.728173114434483,1.8879969
K82054,997.902958446543,36.475778417395055,0.6884641
K82055,321.3355307383845,178.51615454382073,0.35329524
K82057,80.45052077941901,58.89584267446237,0.6884641
K82058,-11.689902982473601,26.172209036530624,2.2574687
K82059,168.6155937754633,115.6102120934308,0.6884641
K82060,-269.10659126600393,2.104930002785563,0.6884641
K82061,-51.53778046654082,37.75064872346511,1.7968795
K82062,-289.85348201235536,-12.678204298005063,0.6884641
K82064,-133.96709367319102,-2.5031360682722874,0.6884641
K82065,743.9767413321747,108.4696152063977,0.6884641
K82066,176.46905147252093,218.24178001832053,2.0048416
K82067,552.7628716332705,-15.483170506558881,0.6884641
K82068,32.43157154835276,59.38100414781487,1.7968795
K82069,114.91214608803841,-104.41613612559657,1.7883039
K82070,-23.365000695722387,55.37688494786376,1.7968795
K82071,214.24811913042518,95.90319432675395,1.7883037
K82073,2060.488642404216,244.3991086581473,1.8879969
K82074,-100.61738771752492,-51.57200204549055,0.6884641
K82076,338.4257509068005,36.398856557546445,0.6884641
K82078,15.883054944945542,29.652026499011612,2.0048416
K82079,334.34093010946447,110.17903450516604,1.5013736
K82603,256.6758309084317,86.0139701587148,1.8879969
K82608,-64.13401929819634,66.67584218430517,1.7883037
K82610,212.06872240341846,85.10202615309383,0.6884641
K82615,124.89321544564322,-45.33191773869508,0.6884641
K82616,-848.2780044776977,-493.1844074428331,0.7056156
K82617,38.82249754834181,117.13293394938422,0.6884641
K82618,-295.4720232429347,-17.571547240348917,2.2574687
K82621,-142.0183401104095,15.184011512907608,2.2574687
K82631,194.82793375453716,50.573767439546124,0.6884641
K82633,203.86673069202524,72.89663479388565,0.6884641
K82634,-486.27309449029053,0.4181699170493566,2.0048416
K82638,-393.3919822917234,-17.337334918831253,1.7909126
K83002,6155.895055020156,1171.1260921902262,-0.49391726
K83003,506.1801341028083,100.11929240963342,-0.12444543
K83004,-100.40080040416827,32.554332165281984,2.1852896
K83005,1035.8328424935924,5.46829666346292,0.119606085
K83006,890.6275372917016,33.19321527618447,0.5165918
K83007,1031.6815879856517,121.48323611712989,0.119606085
K83008,671.6495086654966,106.95100400225618,-0.12444543
K83009,420.6819071339805,88.27630709902988,-0.12444543
K83010,1550.7033676775006,323.8923923392357,-0.12444543
K83011,840.5344911256284,30.90597215577053,0.119606085
K83012,662.5176117813766,78.43547121614559,-0.12444543
K83013,1233.185166801238,255.45432878003143,0.5165918
K83014,1171.372576700256,388.3635329886866,-0.12444543
K83015,956.7758340548435,-158.89857267087368,2.1938653
K83017,496.14260924800664,136.73595968236768,1.1369042
K83018,538.9024122768661,191.5624339059947,2.1938653
K83019,76.3939550287523,19.731774649823183,1.3448662
K83020,-181.11312550484467,-31.39846131561273,-0.12444543
K83021,1978.5245114000213,251.80806556604674,0.5165918
K83022,356.00563021453553,78.77185457082864,2.1938653
K83023,591.9057811362941,88.81216098783221,1.1369042
K83024,945.5930955679916,157.46569950345938,0.119606085
K83025,1194.4932827802859,155.6299122122772,-0.12444543
K83026,1634.598011909251,160.53439326588693,0.119606085
K83027,631.586806318112,120.18984853951049,-0.12444543
K83028,927.8170894297174,110.8672655021938,0.119606085
K83029,635.2059530125854,24.888784845191445,-0.12444543
K83030,823.7160777920402,-26.22345085665068,1.1369042
K83031,247.71318210421222,34.664501321908496,2.1938653
K83032,2124.4401396866856,82.89560568529474,1.3448662
K83033,-15.486927745380067,54.20662122255044,-0.12444543
K83035,-121.01655024765601,-53.819635147880355,-0.12444543
K83036,1509.5274137069232,153.66383461932887,0.5165918
K83037,1106.9915776174066,85.4971568250529,0.119606085
K83039,1008.2660922936174,-7.228425495439833,0.5165918
K83040,943.0513209161315,67.14976418045029,-0.12444543
K83041,1689.5909197559756,257.3178309717713,-0.12444543
K83042,720.071654957473,109.12806620609796,-0.12444543
K83043,1056.0561881066617,184.76221499372141,-0.12444543
K83044,873.0134556213553,127.939759469621,0.119606085
K83047,1712.9429048210536,146.83913709096885,0.119606085
K83048,314.2065589801717,-30.20910682698012,-0.12444543
K83049,672.3376725556049,280.36733050005984,2.1938653
K83050,-102.49635830253092,44.637214766288025,-0.12444543
K83051,1832.6078075261823,183.19948733617107,0.5165918
K83052,1350.3480867034966,125.73118582475792,-0.12444543
K83053,16.581655559525966,77.2113932555493,1.3448662
K83055,134.42720252813416,53.259746452647704,-0.12444543
K83056,-118.94754193172783,-10.77633860198725,-0.12444543
K83058,-10.7842682365336,-13.865179096748268,-0.12444544
K83059,1102.7544858191259,129.94920569309846,-0.49391726
K83064,1043.3674018583858,109.7454274115212,1.3448662
K83065,149.41663997964378,71.69326432643004,1.1369042
K83066,946.0009374115706,163.65646860053613,2.1938653
K83068,62.783235668720465,48.78895491426678,0.119606085
K83069,-32.69215632594636,101.14594744666606,1.1369042
K83070,453.43171536736855,28.55019770515556,1.3448662
K83074,-288.322998746933,-70.00678596574109,-0.12444544
K83076,120.0219248339835,109.51965032152667,-0.12444543
K83077,628.189723581156,202.82805240609588,-0.12444543
K83079,62.91979681654297,59.027847388928656,0.119606085
K83080,104.46560873282544,-20.903234600339857,0.119606085
K83081,-317.4034075787009,37.460867727449184,0.119606085
K83601,249.83179638797225,218.63857532635336,0.119606085
K83607,-216.7888652501306,36.92404819193484,-0.49391726
K83610,260.2755915281983,133.15747330501756,-0.12444543
K83614,309.16091517894864,121.26059415396968,-0.49391726
K83616,57.47741463715245,23.872844792049133,1.1369042
K83618,355.51584219865316,193.5212348382122,-0.12444543
K83619,-221.4686965513631,-5.473594192682459,-0.12444544
K83620,306.9411086401091,-38.764118092461764,2.1938653
K83621,213.29992887923956,205.4596047866384,-0.12444543
K83622,805.2198524440852,244.30327766187798,-0.49391726
K83624,-476.0184911595074,-8.395813147763617,2.1938653
K83625,4.48147562724297,120.38529364195026,0.5165918
K84001,64.42886738636214,20.933581918297733,2.2574687
K84002,680.733663802368,116.64043980476029,0.62128735
K84003,27.24548716155196,28.52356315225073,0.62128735
K84004,654.1914233079073,4.690253760787488,0.62128735
K84005,-89.07247748989317,-11.141013789986468,0.5612571
K84006,729.1918420556905,70.65190950354496,0.62128735
K84007,121.74559926458485,32.76726411466586,0.62128735
K84008,52.95415908532373,8.249134757970731,2.0855963
K84009,720.9290840286878,354.93794907391987,0.62128735
K84010,418.0750722247732,38.28892274392035,2.094172
K84011,134.27165148826225,54.33438280188237,0.62128735
K84012,74.02859569599103,58.32490633010939,0.7624299
K84013,102.02528518002102,70.16446362664966,0.62128735
K84014,420.80152208975124,111.1792557228124,0.62128735
K84015,-146.4281217907946,27.856214507190565,2.0855963
K84016,-26.52277092225412,15.910457037025719,0.62128735
K84017,1030.1938730456661,313.44149810736934,2.1320486
K84019,447.15280361110985,190.95165182560447,2.094172
K84020,197.332121720872,0.3109627210091118,0.24502641
K84021,-249.41205897623996,-20.785236431538507,0.62128735
K84022,-27.8136825931858,41.94609236254768,1.4995869
K84023,169.45539727678417,12.225553203765985,2.0855963
K84024,233.26089545150327,76.54567501867862,1.4224052
K84025,340.0534613484951,271.1276673400357,0.62128735
K84026,-7.2108247059619135,100.55628458536977,0.62128735
K84027,1163.3922761463014,40.83613344984257,0.62128735
K84028,808.9180619091533,60.939995769745984,1.4224052
K84029,-407.1931041640685,-110.71654861690406,0.5612571
K84030,1214.2563749458752,748.9315703751375,2.1320486
K84031,623.9516986298677,124.1190783023731,0.62128735
K84032,101.96557291370561,-32.69240042494792,0.62128735
K84033,515.6636891287303,65.95231393671119,2.094172
K84034,-222.0366162871722,31.19008942833663,0.62128735
K84035,46.84236547879612,28.31433893465593,2.2574687
K84036,-209.13469323093113,-9.595602332022876,2.0855963
K84037,1099.7783882202093,128.55108821059997,2.0855963
K84038,1242.3337728682282,312.41679573280277,1.4224052
K84039,3.839476299154145,-125.35385908789482,2.1492
K84040,715.8890469458878,-10.868377550472161,1.4224052
K84041,530.952901311174,-32.5620915346456,0.62128735
K84042,8.28926348536801,26.105992672108847,1.4224052
K84043,480.7659330501838,59.96124952325685,0.62128735
K84044,456.8372170918485,163.2238796400606,0.62128735
K84045,55.24464212141562,1.7089515215478985,1.4224052
K84046,-2.438079992371004,68.71233461567321,2.1320486
K84047,151.38573266430492,112.59972097444358,2.1320486
K84048,36.16694783660018,13.930884885579077,0.62128735
K84049,-261.36802108625045,-28.749260498970614,0.62128735
K84050,276.8457359799303,80.66242367948645,2.0855963
K84051,1169.9396901909595,487.43765580821514,2.094172
K84052,830.7054819942568,201.48427323206744,1.4224052
K84054,411.9252726040924,196.532372741966,0.62128735
K84055,512.4563865323847,117.13684113077201,1.4224052
K84056,-128.52187486209667,60.92456384941323,1.4224052
K84058,291.37849425770656,97.97463450941262,1.4224052
K84059,298.6294032656908,123.27787378696523,1.4224052
K84060,-98.27783632623897,59.49504348591572,0.62128735
K84062,64.2637201042185,-44.25476961547251,1.4224052
K84063,-69.24189507794435,40.409017289565135,0.62128735
K84065,-319.8517995953217,-6.1902173181141125,2.1320486
K84066,-387.220655948039,-27.856123652926527,0.62128735
K84071,519.8659670649465,148.1202678340815,2.0855963
K84072,459.04519910646167,55.48383249974353,2.1320486
K84073,151.62365386607667,117.42597373316423,1.4995869
K84074,-176.4593841422078,-3.9158799769534296,2.0770206
K84075,362.8911265667897,90.76186219067195,2.1320486
K84076,-180.190288716785,43.64729473042014,0.5612571
K84077,-126.51179491755836,-28.480641190450342,2.0770206
K84078,-327.45951700113324,25.87669281538881,0.62128735
K84079,87.62983901021305,97.33715079490412,0.62128735
K84080,-293.0023554806297,27.041909865140816,0.62128735
K84082,466.12658954074215,253.91138514056254,1.4224052
K84605,-385.3298479849609,10.11735550736225,0.62128735
K84608,-433.5922122269966,-94.10878516109277,0.5612571
K84610,-122.6515272192762,-26.42282722618705,2.1320486
K84613,969.7097406671786,620.8689861387816,1.4224052
K84615,-293.9325090731157,52.614174304853584,0.5612571
K84617,-290.9065194911603,-0.9693295223739306,0.6173965
K84618,-18.5531676031218,31.030130165283325,2.1320486
K84620,-483.80755122110327,-67.49847203409375,0.5612571
K84621,-257.5338569899345,-28.624966592755758,1.4995869
K84622,-238.71049284917754,-53.390500564824414,2.1492
K84624,346.7589439568471,99.60774554129436,0.62128735
L81002,0.25104206476890273,51.90687330825151,0.27254027
L81004,806.8391639018834,76.14622167041966,1.1472666
L81006,-239.91175914628613,-36.92544735083098,-0.48534152
L81007,977.1605520041527,987.0005543479424,-0.46819004
L81008,525.3635525995842,14.335952649750464,-0.46819004
L81009,521.2990022966393,97.83268046575674,-0.46819004
L81010,18.875856129598816,1.2211058879149925,1.6782483
L81012,562.8736402746192,117.02466570759152,-0.46819004
L81013,552.3822175453913,12.31940391230744,-0.46819004
L81014,595.225958605916,18.61982895804302,1.6886107
L81015,852.1246076763568,168.23307497070343,-0.46819004
L81016,565.5275122379529,108.14636846983113,0.22108579
L81017,129.38996859262025,63.177976904144785,-0.46819004
L81018,338.8258291708597,-7.661263485395546,1.6886107
L81019,437.9081675809941,50.69649741109257,-0.46819004
L81020,-118.56287728770397,-7.111013062720449,1.6782483
L81021,439.87819650261304,157.05361406717105,1.1472666
L81022,951.7708501200177,125.16964512754502,-0.46819004
L81023,231.4681264611228,53.20866497002976,-0.46819004
L81024,732.1648850215017,-2.6363596205822835,1.6886107
L81025,876.3029384791529,165.88998037394626,1.6782483
L81026,848.7314413269582,371.65765395165715,1.6886107
L81027,-105.60703070105727,12.486730091463135,1.6782483
L81028,-36.94965653407589,-32.148227285245035,-0.46819004
L81029,329.09766033745535,60.33836179103624,1.6886107
L81030,244.58982835257004,57.09277554530505,0.48729128
L81031,974.3244354604153,249.69760486367605,-0.46819004
L81032,287.1363156792483,-46.44505692650058,-0.4763191
L81033,550.749338165398,29.5992723539943,-0.46819004
L81034,1374.7225232443727,800.8136368172903,1.1472666
L81035,177.80799449313866,-112.52319425770463,-0.47704503
L81036,408.7616575547772,60.76105672539381,-0.46819004
L81037,1413.834428946505,634.2152332100851,-0.46819004
L81038,597.6163098522255,-57.88006477266995,-0.46819004
L81039,891.7722172802942,520.7380315381713,1.6782483
L81040,788.2859680806457,368.55346084748766,1.1472666
L81041,352.1626251829759,-49.841623067305626,-0.46819004
L81042,349.0576150542356,-12.331563509971378,1.6886107
L81043,489.64162093677487,147.50405587362133,0.22108579
L81044,725.3075023913639,164.27455299675432,0.22108579
L81045,273.1113376250028,52.10726664516481,1.6782483
L81046,468.2250646570307,3.7156849518391386,1.6886107
L81047,564.7971637230198,122.32083946197335,1.6886107
L81049,54.54370668847852,-74.53608231757957,1.6647971
L81050,192.22408094244113,90.98229248449128,1.6782483
L81051,927.6639263961475,50.234331565716005,0.22108579
L81052,417.38718505919314,60.40842589387729,1.6826439
L81053,281.9533399353475,38.655922622497904,-0.46819004
L81054,764.3180430821791,175.96389313653432,-0.46819004
L81055,504.0447280679022,-44.922271124335175,-0.46819004
L81056,-19.036635634876873,19.969736091400474,1.1386908
L81057,88.26837336017907,-77.79297778543058,-0.4763191
L81058,719.8964829480113,160.7407794987944,0.22108579
L81059,429.5066225822372,0.4630287029526844,1.6782483
L81060,444.8998383748896,25.45902648646069,1.1386908
L81061,213.06866972159327,38.059889765967846,-0.46819004
L81062,704.642740357225,378.5133841644159,-0.46819004
L81063,711.6186095848856,174.96144346869465,-0.46819004
L81064,387.29006328363306,57.84347475448065,1.6782483
L81065,137.31160268513221,61.5789370544606,1.6782483
L81066,738.9471222683827,82.38899475576802,0.22108579
L81067,730.8257506922241,-36.861426163710505,-0.46819004
L81068,140.6533438525848,11.633181874846809,1.6782483
L81069,405.90884090723915,65.30140876463885,1.6782483
L81070,-12.752587594575106,4.351005435836667,1.6782483
L81071,57.41586537710527,75.9043245810387,1.6782483
L81072,457.44406905933863,100.5596438817415,-0.46819004
L81073,132.3308958802895,36.14849188213513,1.6782483
L81074,329.6436189313238,-103.40869732781975,1.1386908
L81075,470.11175184651603,241.14784479425947,-0.46819004
L81077,122.26515861990848,83.6187282976802,-0.46819004
L81078,254.19144792702346,59.68036061354958,-0.46819004
L81079,1171.3946768658514,88.01154295028533,-0.46819004
L81080,294.16174777166935,119.47031741947131,1.6493587
L81081,86.35527483507092,135.41009094478,-0.46819004
L81082,313.87352692703456,27.195612870192324,-0.46819004
L81083,410.1743221157555,3.7198315510052984,-0.46819004
L81084,361.52642796698365,130.64225412282363,-0.46819004
L81085,118.93601330131371,-0.949728947926841,1.1472666
L81086,2152.1971048303226,1662.2511655832207,1.1472666
L81087,485.2259503650284,56.64621198494243,-0.46819004
L81088,320.0897025991658,-11.477878690143271,-0.47778785
L81089,556.6200137277204,-16.73271187132141,-0.46819004
L81090,130.74622629903288,59.93965911393412,-0.46819004
L81091,217.0837189471574,28.26101176766966,-0.46819004
L81092,-240.4009503880727,-64.89433011572821,-0.48534152
L81093,-243.23128484740508,-131.13048226199143,-0.4853415
L81094,566.2328338527121,20.666018826800926,-0.46819004
L81095,290.5810202860403,57.65806187195824,-0.46819004
L81098,507.0463432030213,61.41275736184057,-0.46819004
L81099,410.82144199942377,41.76628267941435,-0.48534152
L81101,129.81887446353406,59.50304450917102,1.6782483
L81102,10.421696476978848,23.085711127221895,1.1439037
L81103,61.1341552532107,29.138219039363367,1.6886107
L81106,-158.18971449886206,42.276313636406925,1.6886107
L81107,-441.4614755246935,-133.18611841939884,-0.48534152
L81108,-432.9762694464041,-8.536023060378598,1.6439453
L81112,-94.05770264223275,11.1848730813263,-0.46819004
L81116,49.00093191983875,25.389759574932278,1.1386908
L81117,-56.62738993978821,28.32216604512749,-0.46819004
L81118,432.9411085477243,74.01365806138153,-0.46819004
L81119,99.69296115305401,11.224243606089724,0.22108579
L81120,114.55364762265637,63.601948346131444,-0.46819004
L81122,121.88884434617795,-26.614047982521807,1.6782483
L81123,-41.08550975302099,11.354175620269178,1.6782483
L81124,370.22375236839684,68.10752906870741,1.143202
L81125,65.02535426178147,60.54970164999486,-0.46819004
L81127,-182.11573950114834,42.19406204643245,-0.46819004
L81128,-179.43984541853695,53.563980355348804,1.1386908
L81130,382.2740428261955,334.41360370835656,1.6782483
L81131,99.73750351260449,36.29585228523527,-0.46819004
L81132,-151.19568660411664,44.69754426741968,1.6782483
L81133,-220.39926666303785,60.27242207656844,-0.46819004
L81134,-21.00728746431655,87.92892965098793,1.6439452
L81600,81.18556377887168,17.318394588188912,1.1472666
L81617,-346.2399002839609,15.457620886483816,1.6782483
L81622,-281.8715630930304,40.23056022956066,-0.46819004
L81632,191.2298498869653,109.99642537487605,1.6886107
L81633,-437.24878095761596,-33.402464127343094,-0.48534152
L81635,-58.21018576937379,5.936324373554181,0.27254027
L81637,-348.252456174556,-9.615197402627755,1.6782483
L81642,-285.81379293312983,60.53480328059042,1.6886107
L81643,897.6398073751567,580.3897826095873,0.22108579
L81644,-123.6227039202716,50.98816034768461,1.6782483
L81648,-173.58174609110162,15.15769034936155,-0.46819004
L81649,376.29506965323753,99.53683172213017,-0.46819004
L81655,-257.04054288837295,-1.685093433103902,1.6782483
L81656,-365.37175022537735,-17.733673625014532,-0.48534152
L81663,-398.75237169267615,-55.08986457079638,-0.48534152
L81669,-61.38112137989888,53.06517481010087,-0.46819004
L81670,517.9293370813759,149.73911566176193,0.22108579
L81671,-456.6576590759663,-2.3684592997353584,1.6439455
L81672,-550.0352438633098,-100.14442329430523,-0.48534152
L81673,-476.4778077187252,-2.0692239012316285,-0.4684015
L82001,843.6566151366092,164.94358079005698,-0.514642
L82002,458.7016187278777,-19.45767743750241,-0.55752075
L82003,702.6854447894995,138.35629987847358,-0.514642
L82004,516.2878218041947,91.53743360642734,-0.514642
L82006,1202.0614816137415,217.19779041780617,-0.514642
L82007,-75.76626092201344,72.23390607732567,-0.514642
L82008,492.5171518678981,39.020283270431555,-0.5850346
L82009,1064.0087528628444,174.45983800179724,-0.514642
L82010,1050.2187929862898,69.61967525816203,-0.514642
L82011,191.6674743121942,89.79086948261107,-0.514642
L82012,1769.8439066718797,250.465519583119,-0.43888953
L82013,318.8065468148639,75.29849456747431,-0.514642
L82014,22.843138839065855,-16.866652153034277,-0.5367796
L82015,143.8822744948165,58.24398818977857,-0.514642
L82016,1137.3005244345366,221.1193665930758,-0.514642
L82017,-334.56750404613365,6.878415528440629,1.3809558
L82018,987.7791395481258,141.75698563166577,-0.514642
L82019,442.72517029459254,178.04513916489594,-0.55752075
L82021,199.86649325298697,46.42945490728064,1.3809558
L82022,1134.6968511658142,252.84022660849797,-0.514642
L82023,1877.4202952214077,303.62688945109323,-0.514642
L82024,107.98546633186685,22.855189669722805,-0.514642
L82025,130.9287137756496,79.12971903821501,-0.514642
L82026,532.4186320674439,114.78204320468241,-0.514642
L82028,1187.424261004457,235.01945180076297,-0.514642
L82029,771.861183128405,195.33768942181723,-0.514642
L82030,1856.217479898752,389.1603718526957,-0.5850346
L82035,675.8309374900941,183.78189266605574,-0.514642
L82036,984.6611690649859,116.87103626216003,-0.514642
L82037,93.13019196048181,-13.752971759113938,-0.5248865
L82038,197.2270776266991,115.18795535458608,1.3809558
L82039,36.55254506576012,78.36839755154011,-0.514642
L82040,89.5612310817495,-172.90694578196644,-0.55752075
L82041,2546.3034395776904,1421.763973327426,-0.514642
L82042,1077.207923657388,117.33735309647427,-0.514642
L82043,38.2646839146335,25.228158618373342,-0.43888953
L82044,492.02973212280745,45.82242268489876,-0.514642
L82045,579.8481881287732,124.88772519955013,-0.514642
L82046,834.0892436507906,223.82642382715747,-0.43888953
L82047,440.00604146615046,100.67725084833558,1.3809558
L82048,-84.98238837799342,27.043439969692287,-0.514642
L82049,550.9509120832669,-14.01911439061369,-0.514642
L82050,1057.6423453863022,223.79332801533872,-0.514642
L82051,1247.9790617948086,316.2992602734716,-0.514642
L82052,584.7447419464091,206.0628745473496,-0.514642
L82053,86.62421607349759,5.145078464660339,1.3552285
L82054,323.3191499569779,100.83877529414421,-0.514642
L82055,-144.4874599832592,-411.763982798251,-0.55752075
L82056,429.30631214335125,104.40535234755177,-0.514642
L82057,-124.23091027007926,56.57702931220883,-0.514642
L82058,136.84392006638595,51.76611073692779,-0.514642
L82059,1.619295620696385,-4.746680428601187,-0.514642
L82061,36.54492050424152,43.56094907226183,-0.514642
L82066,235.82987039242227,24.619113973792306,-0.43888953
L82068,334.35460489783253,181.0028598589015,-0.514642
L82070,112.95651182581287,5.264539526690445,1.3809558
L82611,518.4970429475948,253.2472248361107,-0.55752075
L82617,207.33647012882602,12.071622639633725,-0.5280999
L82618,-50.332592107798185,38.84249260175163,-0.514642
L82620,319.04936150435736,111.56944140135374,-0.514642
L82621,-356.4675322265331,-80.48564409678494,-0.4131623
L82622,82.10198142196022,4.390792019431461,-0.514642
L83002,1262.853924559741,359.28625043514296,1.3913181
L83003,713.9146113383857,283.4078025858914,0.056002606
L83004,479.1741918878,-1.0038307533847641,0.6952532
L83005,794.456205899978,133.14295739129537,-0.80157226
L83006,2034.757631820298,1018.89567527114,-0.43888953
L83007,435.3874849928766,115.92126441458743,1.3913181
L83008,1535.2617618577576,682.8866181043131,-0.43888953
L83009,8.75659522530027,51.45092986306504,0.3808091
L83010,54.55733503643033,-44.84976351601602,0.6952532
L83011,291.1458988126575,34.57838095765229,1.3913181
L83012,-160.08729257163202,11.95439735399232,-0.5850346
L83013,1393.5394278623214,57.646800299143415,-0.80157226
L83014,1538.858788813916,660.8990150916865,-0.80157226
L83015,436.05875125260684,56.00559329107961,-0.43888953
L83016,1426.7114310325735,110.62164239165512,0.5748354
L83017,1084.106043713358,163.98952809439012,0.056002606
L83018,467.9686759999461,173.63072956706057,-0.43888953
L83019,217.91583270566937,56.219619593209806,-0.43888953
L83020,904.5258773254053,209.51399667564274,1.3913181
L83021,417.34197758797904,70.4009295157959,-0.43888953
L83022,524.360425661211,162.93098823845372,-0.80157226
L83023,73.31139685124563,55.30966607234582,0.4151121
L83024,182.4927079352449,21.402300219671087,0.5748354
L83025,510.3828581782192,64.47883716663752,0.056002606
L83026,188.64785340140523,25.291194799075143,-0.5850346
L83027,361.28262922010475,51.7598370267601,-0.80157226
L83028,870.7712402376587,252.0244779434057,-0.43888953
L83029,532.1810434294563,136.8126584827558,-0.80157226
L83030,466.7303366939995,129.18116361846197,-0.43888953
L83031,620.233792031442,85.09851193455101,-0.80157226
L83032,705.7671254507741,-162.23072031793538,-0.810148
L83034,473.6402941078101,186.19551855123368,-0.80157226
L83035,1436.5753027832159,281.5193111983937,0.056002606
L83036,574.710244462645,179.02084212381067,0.5748354
L83037,566.4775900022636,4.6643557796663355,-0.4131623
L83038,584.5342146489756,272.4578211962434,-0.43888953
L83039,152.96711659714944,80.61767227554577,-0.43888953
L83040,603.2159896356923,156.0966891144052,0.5748354
L83041,259.00185972780827,91.70215825286078,0.5748354
L83042,317.4249679976298,82.39383229462425,0.5748354
L83043,685.6996182790061,12.904508009872238,-0.80157226
L83044,270.1389882696729,31.096239606765756,1.3913181
L83045,633.8268267659264,41.18842351963446,0.6952532
L83046,122.57818360180316,33.98560573595647,-0.80157226
L83047,175.00338497478714,34.80376025935473,0.056002606
L83048,480.6614511486786,125.14543509560511,-0.43888953
L83049,-250.12720767801207,23.60882413460685,0.6952532
L83050,1158.2245563242632,169.7803871992456,-0.5850346
L83051,419.7247276541387,-1.6154241429853977,-0.80157226
L83052,773.3788320236782,105.89914337817743,0.4151121
L83053,722.063576527739,117.19642182339496,0.5748354
L83054,265.99935926101585,119.16755050404511,1.3913181
L83055,944.2935749052153,93.277746522768,-0.80157226
L83056,508.7746187706738,58.62379679247954,0.5748354
L83057,393.71881866195923,116.27134836391878,-0.5850346
L83058,383.23511364197964,118.24428980476499,0.5748354
L83059,507.7603716480252,69.31097982532148,1.0372112
L83061,269.19859822771826,64.87830771733512,-0.43888953
L83064,516.7547066888363,71.98113342003332,-0.43888953
L83065,148.92351962296823,33.57862337324034,0.4151121
L83066,853.230157189675,214.4747267459578,0.5748354
L83067,1035.584600112857,137.47177648407626,1.3913181
L83068,-214.013795347679,-17.398986819688798,0.056002606
L83069,1160.667927435801,365.73113596041935,-0.5850346
L83070,-101.41419340811214,3.009123594099392,1.0372112
L83071,332.96925745770733,134.0806529216978,-0.43888953
L83072,660.9620421215243,11.19747267748596,-0.43888953
L83073,1287.87833409461,306.25900728672235,0.056002606
L83074,2164.147295656014,1031.165676679966,-0.43081483
L83075,-82.81814670151184,37.76421336241861,1.0372112
L83076,263.7238744384987,126.21847142689155,-0.43888953
L83077,242.367057319971,-2.9740429704978015,0.5748354
L83078,757.2750626489678,64.41370500853657,-0.80157226
L83079,234.35723688145347,27.632101179877345,0.5748354
L83080,-129.95000180243844,5.758964335073812,-0.4345905
L83081,219.15796757381793,88.17916302213966,-0.43888953
L83082,-294.4756988110851,-14.115777149800838,0.6952532
L83083,1015.9039730804569,140.945008369104,-0.5850346
L83084,242.7642524276034,46.45800631166479,0.5748354
L83085,836.3204081576962,416.1227436637031,0.4151121
L83086,-13.868024114040171,10.747338918038556,1.0372112
L83087,1448.2257232323923,463.7493327171322,0.20893678
L83088,-61.97839777452758,25.131668775439778,1.0372112
L83089,779.3691884692361,176.78529742336508,-0.43888953
L83092,1349.2476243631154,260.59232844442465,0.5748354
L83093,52.44909955895086,-522.2182303739748,-0.4131623
L83094,480.5427634851553,8.417104160490137,-0.80157226
L83095,868.4984993215737,92.4630357603114,1.3913181
L83096,1595.3115249877933,1036.495564228231,0.056002606
L83097,355.06838584420683,74.66796367886262,-0.5850346
L83098,-48.569509499246344,54.816910732835325,0.6952532
L83099,69.76767756784331,65.45390277139147,0.5748354
L83100,2914.879291340725,1624.2159507184172,-0.43888953
L83101,1363.6692100206124,221.96137594097007,-0.43888953
L83102,293.3156221723075,69.78113860339691,-0.43888953
L83103,1512.635822664995,386.9765526270864,-0.80157226
L83105,345.1196014802842,128.18956387539666,-0.5850346
L83106,610.0999818571744,124.39329174378922,-0.5850346
L83107,-175.88586358167416,-109.6948052604557,-0.43548575
L83108,3.8774547317075294,-58.606731733497256,-0.810148
L83109,-367.9297283314849,1.7944602750102265,-0.41316226
L83111,1309.4848030924231,223.60733518451184,-0.80157226
L83112,132.5718483635715,93.74133867576418,-0.43888953
L83113,438.4269647708476,151.00595446048672,-0.43888953
L83114,-29.23282640079776,60.36917261358916,-0.810148
L83115,34.543592562178524,8.616537623721536,0.5748354
L83116,-74.72390457397843,55.79265024541937,0.5748354
L83117,-407.42951048282066,14.85813309326611,-0.43888953
L83118,1233.2082549235884,899.9671234127054,-0.80157226
L83120,432.55000681634147,65.11321244450278,-0.80157226
L83121,-297.76136446614845,21.935525299671028,-0.59361035
L83122,441.44023298114877,206.7622607212988,-0.810148
L83123,-202.41253022678708,54.35611936676647,-0.4131623
L83125,-233.97870465162075,33.50559884163508,-0.43888953
L83126,-132.32949244881272,-30.719206583067503,-0.810148
L83127,317.1877263369897,210.71228960544352,0.4151121
L83128,261.1680747994859,97.4205937273315,0.5748354
L83129,-134.37788938836218,35.19277017615315,-0.5850346
L83130,547.9529477887572,38.257645174101754,-0.80331
L83131,1469.2398129312905,734.1956903386308,-0.80157226
L83132,-484.9166750534754,-362.66860430159045,-0.4131623
L83133,-355.70369220987016,-269.20658983543194,-0.4131623
L83134,-118.86473991583775,17.89034469329146,0.5748354
L83136,156.24846545137007,83.87886851092095,0.5748354
L83137,567.2456647613657,450.08551515326303,0.056002606
L83138,-90.09614474288504,-77.25959516840446,-0.41455033
L83139,-41.95766465210572,-145.57765756697927,0.056002606
L83143,-99.09872036294333,55.05416591337667,0.5748354
L83144,-275.9054631070148,-28.900558045144347,-0.4221847
L83145,-235.19400145579465,-79.77595720076958,-0.8083658
L83146,-233.230983855863,56.70468543537663,-0.80157226
L83147,479.19219883330317,107.34606768650507,-0.43888953
L83148,-87.65009441544835,39.83741612570136,1.0372112
L83149,-316.3871367887577,-107.92274590489595,-0.81014806
L83607,164.76076064243495,98.67014703528098,-0.80157226
L83608,-141.22448834508705,1.4881743570611436,0.20036104
L83613,-249.75946057962597,24.731657421577754,0.3808091
L83616,-351.3119734281343,-8.858213312288512,0.35508186
L83624,428.04807270763376,55.937007203656115,-0.43888953
L83626,-110.10867933961964,-22.394654096140947,-0.4131623
L83627,-111.52461000257131,1.688921363813217,0.5748354
L83628,53.58661497854656,51.14471792983876,0.5748354
L83633,-356.8427421174575,-29.952901834415464,0.20036104
L83637,-140.85324439614956,52.8193738854988,-0.810148
L83639,-290.95523642498284,3.04422710249335,-0.43888953
L83642,-183.02798749597017,112.82114829647553,-0.43888953
L83643,-117.78284166660377,-7.8992285943608165,-0.4221847
L83644,-87.24302850632596,23.392704641748335,1.0150735
L83646,584.3476603868529,180.7479750967457,-0.43888953
L83647,-90.97511534713816,158.74270440983713,0.20450927
L83648,332.9502415656808,156.37137633856094,-0.43888953
L83651,47.815374436970096,155.41688978107638,-0.43888953
L83655,200.99497358678636,67.28840081800247,0.5748354
L83657,-105.3493150201096,0.599331902570816,-0.80157226
L83658,-295.33253115348987,1.0728482886169646,-0.4131623
L83661,-298.4171941447488,1.807254494723116,0.48907793
L83663,-148.80750888867203,51.644726074856436,-0.5850346
L83664,-298.0740460932349,-10.458763132637845,-0.4131623
L83666,-97.07421538152285,54.33815319468273,-0.80157226
L83673,-369.45342755858076,17.899673899477715,0.5748354
L83679,-442.517095760242,-32.21871762570517,0.5748354
L84001,438.13446960561697,25.732484406327167,0.20893678
L84002,185.66456115995112,-16.982883090158527,0.20256163
L84003,20.013808551227452,44.31277611829853,1.245173
L84004,313.0905567854637,53.94996452230394,1.245173
L84005,5.515567394088872,11.210437530420023,1.8054553
L84006,-38.47682011088309,28.575180644340943,1.5889176
L84007,296.39356168652955,48.31263163713593,1.8054553
L84008,458.0755894467205,141.1794369916969,1.245173
L84009,975.9382155039618,111.26792128523147,0.20893678
L84010,478.499853883317,205.99070751067188,1.6421587
L84011,345.13228078640077,47.59835289079433,0.3636576
L84012,788.3993728959632,371.1366534202906,1.6421587
L84013,454.29111678410055,77.50532440255394,0.20296992
L84014,218.66062850337588,68.70707623751528,0.20893678
L84015,247.44493404226404,25.289786719887562,1.245173
L84016,259.6564632259822,60.26485300171958,0.20893678
L84017,234.93896019917835,74.72550216506657,1.6229631
L84018,390.64405948844416,252.60896462185525,1.6421587
L84019,527.8899876306482,130.7472105249535,1.7883039
L84020,368.0194265557258,-102.96853538811774,1.8037709
L84021,645.9683834668316,90.62173502636706,0.3636576
L84022,244.43757562550664,58.7867960867569,1.245173
L84023,714.1779224905254,43.7520725342373,1.5889176
L84024,101.00554491183293,11.820248158380082,0.3636576
L84025,-228.1137887579138,-8.159309635636788,0.20893678
L84026,1191.6285721294964,848.9960322451441,0.20893678
L84027,124.67488966500679,32.048817185729874,1.8054553
L84028,672.6484304460954,53.66793259707074,0.3636576
L84029,56.538817098300925,51.58908699284081,0.3636576
L84030,-18.2223690007184,46.55899517336341,1.245173
L84031,197.57778548277184,76.87567247928118,2.1320486
L84032,384.5163357332308,22.647995770253413,1.8054553
L84033,785.2064668463054,52.91779258301192,1.245173
L84034,662.8604329075976,7.194423843393539,0.20893678
L84036,330.28212931005305,114.7253487433349,1.245173
L84037,672.7012854397226,93.2284499118442,0.3636576
L84038,607.1904779215578,127.22003509876299,1.6421587
L84039,65.72121242053575,76.87321300953391,1.8054553
L84040,454.3013709114703,-3.1763950781081927,1.245173
L84041,316.0174174414196,32.17573475309874,1.245173
L84042,65.8567571369955,-71.87837513188515,0.20450927
L84043,-17.288408991061566,22.20504847598108,1.5803419
L84044,63.222010032983924,-74.58241407372147,0.3636576
L84045,288.98929794560325,67.7113637393941,0.3636576
L84046,181.57890682368108,84.12838431015976,0.3636576
L84047,709.5859470216188,-75.9487498980379,1.5889176
L84048,332.752181288376,36.331333630992916,1.245173
L84049,20.94501972872451,59.56624826612259,1.245173
L84050,1873.2675959860612,361.1983821915268,0.20893678
L84051,280.7360276234598,59.41388999867132,1.8054553
L84052,500.62161323959634,94.7006159805948,0.20893678
L84053,457.2585692136307,103.31787645929428,0.7624299
L84054,542.4573785153299,345.68238641796285,1.5889176
L84055,-140.85644114553122,-57.0076361350602,0.8006809
L84056,254.7752630440022,-12.983200254045672,1.245173
L84057,-7.713839666940211,-8.767527855751412,0.20450927
L84058,429.1426593337928,-0.9735950320018989,1.245173
L84059,194.45021828557176,77.74949404024338,1.245173
L84060,883.7154070725018,620.5732599490158,1.8054553
L84063,-175.0677449554321,64.14486589926062,1.6421587
L84065,137.2972147200629,41.255592623788516,1.8054553
L84067,88.6085010232586,19.390326247857594,0.20893678
L84068,-87.96898567355143,25.168653656820222,1.5803419
L84069,505.963014198119,-6.2749595462001375,0.3636576
L84070,48.325734070607055,11.838339288560768,1.8054553
L84071,401.22080371334846,95.21629994833101,0.3636576
L84072,28.83608879903851,24.414800272538702,1.5803419
L84073,-100.02000565872537,-26.15310808257034,1.8054553
L84075,50.44284765363394,67.53187958752258,1.8054553
L84077,-144.88271172790934,25.431179516614318,1.8054553
L84078,-141.03721365630992,6.865838327800574,1.8054553
L84080,-57.101721533811805,18.331010833445774,1.8054553
L84081,206.68052520825546,-2.7144287869639534,0.20893678
L84084,557.379864330209,-33.66085184252619,0.20893678
L84085,25.712811716753425,-3.2701398425400825,0.3636576
L84604,-38.955988441276254,36.464298751893146,1.571766
L84606,341.40988671308173,274.9092886837893,0.20893678
L84609,-384.4768947648491,-10.68268619065408,1.7883039
L84613,-238.210494647267,-16.5334516533764,1.8054553
L84615,-57.183885400615026,14.249436870023484,0.3636576
L84616,142.39832529973444,-32.60466590906393,1.245173
L84617,-41.43086050366481,78.24439928426706,0.20893678
L84620,-500.0242400124662,-18.480161967204083,1.2264163
L84621,-166.70350148667137,29.873166540910525,0.20036104
L85001,713.3691243949363,7.553939932565082,0.35508186
L85002,429.1868913826676,36.98596703744657,0.48729128
L85003,-58.82419241109,28.978060789986547,0.4151121
L85004,676.3736757239013,208.42884805424592,0.6627368
L85005,-62.47314736963076,-74.05544681076911,0.6812855
L85006,468.84211924273416,25.805001097925487,0.22108579
L85007,634.1785195503758,133.924472683278,0.6627368
L85008,2848.5075194369692,152.61552450739978,1.6782483
L85009,632.67349714257,3.1568932259499234,0.35508186
L85010,1190.9083591833664,-27.55706731790628,0.22108579
L85011,195.08474592479266,62.425735386123094,1.1472666
L85012,824.0588136234888,335.5368369314831,0.35508186
L85013,-101.38058355641722,43.87564020955445,0.35508186
L85014,566.8648534925788,256.8084638560922,0.22108579
L85015,466.1020342068708,51.452164643602536,0.6627368
L85016,1927.960608557651,254.39490900014238,0.22108579
L85017,477.09018381681994,76.07297286557193,0.6627368
L85018,96.55811847155984,10.589159162064982,0.22108579
L85019,362.16297502600395,172.2302393862459,0.35508186
L85020,539.5903185340567,132.19616322244784,1.6782483
L85021,670.0128727317997,98.8549175570142,0.35508186
L85022,693.0439599056755,177.37434164337446,0.6627368
L85023,695.6125039509142,260.2967828574555,0.35508186
L85024,531.0874491695905,242.12928880398385,0.22108579
L85025,513.4602014849008,213.18115611287928,0.22108579
L85026,-19.57020760291145,12.448024690908964,0.6627368
L85027,263.7332830846115,53.382099350311265,0.48729128
L85028,198.0023907462067,1.8873978120307477,0.6627368
L85029,440.1020853024932,215.59331009172843,0.6627368
L85030,442.328086974917,72.43008615351576,0.6627368
L85031,140.12283559107908,137.58316857563997,1.0046948
L85032,45.22921115808918,59.42671935429972,0.48729128
L85033,758.0013773685569,27.060884224960652,0.6627368
L85034,48.43311934860887,21.055021398371885,0.48729128
L85035,1128.2929761622393,117.15827974787251,0.22108579
L85036,-23.921754329894988,33.97800513059409,0.35508186
L85037,-51.38356417175385,59.5367215488773,0.22108579
L85038,98.50968391485875,-10.990672688350694,0.35508186
L85039,712.0689504226583,69.72875908966267,0.22108579
L85040,4.912128025554903,79.58965593575904,0.48729128
L85041,119.81988200330612,-46.27115209937527,0.35938087
L85042,755.0527085384779,107.14543891693341,0.22108579
L85043,243.51421018843328,54.76186681437163,0.48729128
L85044,94.57490604083482,94.66677941852426,0.48729128
L85045,-299.24973433809805,-7.77807308251375,0.7056156
L85046,204.56929881858161,66.94264156654839,0.48729128
L85047,-0.6632560380260013,28.708646185610597,0.22108579
L85048,63.68531423929484,-22.21591372281945,0.6627368
L85050,134.44476846564214,92.22396926704123,0.35508186
L85051,189.0965732802334,-34.54630712038549,0.22108579
L85052,43.40595140647494,72.50961753884829,0.22108579
L85053,50.62853611932585,10.346158577024575,0.48729128
L85054,320.7616692346555,119.17918275134707,0.6627368
L85055,284.6685364111413,17.28573573583945,0.22108579
L85056,113.03474708384603,92.6288395131383,0.22108579
L85059,291.92623167981765,80.89984702299259,0.3808091
L85060,-122.66666179053952,10.782845493189226,0.68863225
L85061,-101.74594367100856,23.601257494878563,0.6627368
L85062,140.23166741855644,65.97228590343816,0.22108579
L85064,139.59697127238368,267.1267804636742,0.6627368
L85065,101.24989791884211,285.88986900716,0.35508186
L85066,-115.25384715018245,134.59102677666317,0.6627368
L85601,-188.59572673474318,12.402806935616415,0.22108579
L85602,-366.00443433733875,-19.449214093165708,0.3808091
L85607,-80.88406539540223,44.94419989036447,0.22108579
L85608,-279.4409694465619,-41.08934378348205,0.3808091
L85609,-129.2769204908425,35.35262340546511,0.22108579
L85611,-261.28822633872437,2.7146943882561203,0.48729128
L85612,-48.36485891969225,18.09129511058486,0.22108579
L85616,50.59417344166316,112.43732456439363,0.3808091
L85619,52.837097973810216,127.10882122759766,0.6627368
L85620,-168.7718799049535,122.49203976206303,0.69257116
L85624,-217.42964216648207,7.690030649808525,0.6627368
M81001,554.3489246089058,26.253414828744344,0.12996843
M81002,551.7795964392865,57.69047101539044,0.12996843
M81003,488.00671751062555,98.58519938229101,0.09888136
M81004,1262.2167809368818,200.88892626302447,0.8224601
M81005,701.0892238407447,78.76635424586183,0.002761502
M81006,885.9920896983141,128.38782140312966,0.4340502
M81007,-4.327030718868249,21.96189411238371,0.8224601
M81008,761.709991668168,114.90047860858435,0.4340502
M81009,153.77590914459944,49.11206683494556,0.09888136
M81010,759.1285924775483,399.14146665591227,0.002761502
M81011,6.853605035801659,85.41219962252615,0.4340502
M81012,225.61851449807716,13.879010335567745,0.7777948
M81013,346.36763726801627,18.517092219485594,0.0748867
M81014,7.063301646500245,13.118449207618571,0.0748867
M81015,232.85969884564943,110.83074773181471,0.002761502
M81016,463.24056290237604,122.94830635268883,0.09888136
M81017,951.1766840560608,83.75272396442547,0.4340502
M81018,107.56519390077415,118.36984055189163,0.09888136
M81019,1017.9019464077613,84.57199666499838,0.12996843
M81020,609.9280193092698,86.39173073926696,0.12996843
M81021,316.99149337064046,29.623236259146385,1.779728
M81022,851.6181124003127,143.01208712390994,0.4340502
M81023,205.19713726592784,-29.60506232201316,0.072985955
M81024,114.434919175148,39.204256508763415,0.09888136
M81025,18.945101256631975,22.924020712687113,1.779728
M81026,2117.7642717951803,1103.3876182234237,0.09888136
M81027,-45.03312915583713,32.171587940672936,-0.07799347
M81029,331.0103454252276,82.90143799738959,0.8224601
M81032,524.1363016867133,45.153395618413064,0.09888136
M81033,196.65473438308658,64.84290924646558,0.7777948
M81034,302.5463929333481,-11.19261143350458,0.4340502
M81035,392.4107928563889,51.92141926696925,0.4340502
M81037,566.1021852339748,63.943867774666096,0.4340502
M81038,836.6062212025192,128.88524722620988,1.5889176
M81039,247.94565185598833,137.59948169864984,0.7777948
M81040,696.1692371703836,-79.9934444495587,0.002761502
M81041,330.7159431068205,103.28948019824827,0.12996843
M81042,329.95830072049574,68.29906202027036,0.09888136
M81043,639.6898167914593,304.5435148558272,0.09888136
M81044,578.0836244388796,30.782170807560664,0.3636576
M81045,4.508614365023124,60.33575728028813,0.7777948
M81046,940.5144802296118,71.05909500322832,0.8224601
M81047,462.59143164829214,76.24879419914863,0.4340502
M81048,815.1011408049045,90.30659295493379,0.7777948
M81049,407.14423720283304,93.79281697915555,0.4340502
M81054,321.2105519786119,-16.770556436708826,0.09888136
M81055,2.7998757368043665,28.707017961136437,1.779728
M81056,1141.2328684418355,21.00596618382787,0.002761502
M81057,879.3497375901851,48.15700417727398,0.002761502
M81058,1205.5532176746265,173.37264077340996,0.8224601
M81061,165.29814136418634,37.12438603837719,0.3636576
M81062,-31.734608423449487,-1.1005879345239664,1.779728
M81063,449.6848280957249,31.93083732351398,0.4340502
M81064,-60.743693232437835,68.91039122588919,-1.2242851
M81065,140.36187997523123,49.55724759197564,0.019913
M81066,286.63196163398663,6.390567498824603,0.09888136
M81067,-47.95003131424898,45.004174465162976,0.09888136
M81068,927.7962282285715,244.02467322136178,0.002761502
M81069,352.5428892172965,-12.870174336273104,1.779728
M81070,571.6986603121841,54.70061216822777,1.779728
M81072,12.73368142665697,21.34195288027686,0.4340502
M81073,339.57224162999483,88.23666748464328,0.002761502
M81074,806.6406860848001,124.84016625532357,0.8224601
M81075,701.5113017197355,240.41393631518565,0.7777948
M81076,-157.23419111972862,24.46950113744273,0.7777948
M81077,-53.884336157126135,33.04199267759727,0.12996843
M81078,-93.96002970549294,37.98486995018958,1.779728
M81079,121.59420911831863,137.50048076077064,0.7777948
M81080,119.88681419714055,33.847235026213234,0.072985955
M81081,-95.11095286199424,14.094147509329298,0.7777948
M81082,497.255687379118,147.44410318032197,1.779728
M81083,-54.31142912984416,25.052870020071353,-1.2242851
M81084,-189.0281519447033,14.707438901511502,1.779728
M81087,-100.96117722070527,-30.61200391911957,0.13943557
M81089,107.48774307555252,39.00023460865006,0.12996843
M81090,-160.7683832510162,44.425129369569134,0.002761502
M81091,473.2336976885235,49.1167502321375,0.4340502
M81092,87.03355488575504,53.75408561390025,0.12996843
M81093,398.7524233734653,67.77988070818087,0.09888136
M81094,662.8707476721307,155.7603287606459,0.8224601
M81600,-161.83666106320783,47.58021082001957,0.7777948
M81604,139.15732659715124,79.20697821907982,0.09888136
M81605,83.47696824779942,45.513310197143475,-0.07799347
M81608,-68.1469666041857,68.99295398668652,0.002761502
M81616,-289.374906993066,18.274401261111503,0.12996843
M81617,-57.67126527094737,59.64675846094832,0.12996843
M81621,-100.62060664773306,43.44929723613199,0.7777948
M81627,194.1513303090677,51.960135521421506,0.8224601
M81629,274.88869344308887,26.654770860755853,0.7777948
M81636,-320.66874582792354,-15.378349612844797,0.4340502
M82001,-253.74889111406702,-17.481458473767507,-0.26880386
M82002,291.43453988063055,44.15511622648887,0.6162848
M82003,1020.5191435531563,238.00592105571278,-0.25165236
M82004,905.0332964451509,101.74378480508236,-0.25165236
M82005,632.2687339678378,97.27849733023308,0.6162848
M82006,423.740107830443,-62.09600997376319,0.6162848
M82007,1031.4381808133558,151.53364456386186,-0.25165236
M82008,42.448426726694215,17.59027606301284,0.6162848
M82009,843.0698043195124,126.81061089767438,-0.25165236
M82010,948.5146838008459,89.32213707374795,0.4358368
M82011,5.612041819712858,47.79047616447675,-0.25165236
M82012,916.6503758613813,156.43013209830843,-0.25165236
M82013,-212.1091060178551,-2.1594431230464446,0.6162848
M82014,247.07558502161783,44.22530542640814,0.6162848
M82015,-129.82771165613028,-126.47847149483479,0.6334363
M82016,303.17152104045397,16.820803944628537,0.6162848
M82017,-20.05709930174723,12.91304292981816,0.6162848
M82018,322.2088291214287,91.80892828252183,0.6162848
M82019,318.28447178090255,39.30247551606752,-0.25165236
M82020,-68.71399629184435,70.37608233965838,0.6162848
M82021,404.7314698937164,53.79948918132856,1.4377701
M82022,1097.8946408753436,139.4837911985876,0.6162848
M82023,211.1187179498391,75.89810131656816,0.6162848
M82024,-145.75621874796627,15.033514662946041,0.6162848
M82025,888.7755949607127,396.9114372094636,0.82424676
M82026,1077.9629633944935,413.7181077794521,0.6162848
M82027,327.84702496391924,-89.92989873430606,-0.25392154
M82028,1362.5937601526844,225.229148663545,-0.25165236
M82029,726.4233536277982,-318.2201619507736,-0.26880386
M82030,651.856049920311,185.95039667020708,0.6162848
M82031,-106.86922195539061,22.124685286722315,0.002761502
M82032,919.8583876150931,630.6150700828077,0.6162848
M82033,-122.26628026705487,35.63643016690296,0.6162848
M82034,86.08561355878548,36.63129910496755,0.6162848
M82035,760.0209232980113,185.8990589933483,0.6162848
M82038,326.5826017351939,19.684999601118815,-0.25165236
M82039,1046.4284456987916,-31.140214717561147,-0.25165236
M82040,-2.3685153060901643,48.93910385179233,0.6162848
M82041,231.62426897984895,-6.957528891197213,0.002761502
M82042,167.89470742373913,7.202921952780091,-0.25165236
M82043,211.8277151486343,76.29245522860873,0.6162848
M82044,60.87177573146576,-41.58939847258648,0.82424676
M82045,-3.230051132706798,92.71607719301554,0.83864355
M82046,31.97960048397406,-5.416920933989156,0.6162848
M82047,129.15076078183202,33.65634689894602,0.6162848
M82048,-86.8011190556039,26.19665760458673,0.6162848
M82050,388.91241860975765,53.48971996447015,0.6334363
M82051,-47.25978020179644,15.365676787818732,-0.25165236
M82054,-259.9698263112267,-128.98484025124534,-0.26880386
M82055,-169.55442297264435,-46.44968764929932,0.849974
M82056,371.31301638042856,75.4183760575082,-0.25165236
M82057,-84.79142434449359,84.18392962858427,-0.25165236
M82058,85.02872060308552,35.58999121238477,-0.25165236
M82059,480.176699287094,55.16292017100982,-0.25165236
M82060,460.5953371106258,95.54869011806144,0.6162848
M82601,-139.11582877688969,47.604993018113525,0.002761502
M82604,-267.5997559149502,-7.769405429258442,0.6162848
M82606,-147.17593181318023,44.479784694430066,-0.25165236
M82607,-243.21110430048208,29.227443946891583,-0.26880386
M82612,-305.54057030932006,-35.45846910896729,-0.26880386
M82616,246.76946698676164,128.12311187540743,-0.25165236
M82619,58.69977156509607,7.179514357387261,-0.26880386
M82620,-169.24033207860435,51.018192051978275,0.6162848
M83001,947.8393841124829,66.1614973670503,0.09209221
M83004,1451.480888359886,101.11175238053936,-1.1435302
M83005,343.23280233830474,-155.86905764713322,0.4358368
M83006,1732.574338588891,500.95943750787006,1.4720731
M83007,497.40124844420404,169.005016992896,-1.1435302
M83009,649.6832621052183,162.69048630073473,1.4377701
M83010,630.0098083783853,16.790020005213616,1.1937186
M83011,395.4262200122412,104.27716112545176,-1.1435302
M83012,413.61416822591184,143.0747895744895,0.9668186
M83013,-20.638769437041425,-40.172841643457566,0.4805022
M83014,1041.6087463005642,214.2236932569425,-1.1435302
M83015,450.43053107642334,49.752752709095425,0.4358368
M83016,215.76295451519545,111.85367969545433,0.09209221
M83017,11.916444055625378,-5.626070633718616,0.4358368
M83018,234.24063286296487,114.33224868032464,-1.1349545
M83020,626.3139762953969,-17.266687067329954,1.3466527
M83021,1464.1462594502032,244.4756149922846,-1.1435302
M83022,396.2148507748447,74.22554146561386,0.09209221
M83023,625.8613540937113,35.26968526541103,1.3019874
M83024,165.56000624317986,118.93049780320129,1.3466527
M83025,395.60306237207396,71.103126665264,-1.1435302
M83026,869.6776225016422,334.3702090284613,1.1937186
M83027,660.7534622223425,54.350255312436964,1.4720731
M83028,880.6503356651885,400.99642196455045,-1.1435302
M83030,923.7895137952439,241.8968971755998,1.4720731
M83031,70.59530962998015,21.692578610464928,-1.1349545
M83032,851.5954537477272,121.87918173190641,0.20214766
M83033,-143.69908860279165,14.151280349811591,0.09209221
M83034,1448.8872137113574,263.2448516623085,0.4358368
M83035,-31.382470998658,37.34341479995531,1.4720731
M83036,630.5225476025831,39.27620566906556,1.3466527
M83037,66.32297611699357,64.26960730870807,0.4805022
M83038,1016.386629017347,170.36011533546136,-1.1435302
M83041,42.07304244575303,46.63605904301063,0.002761502
M83042,818.2926640895752,54.15659148571794,1.1937186
M83043,-328.6546957859305,-28.66269513447106,0.23645066
M83044,595.0820316424375,255.39191422314505,1.3466527
M83045,523.7715772012001,107.0170954674116,1.4377701
M83046,903.4574333260132,180.24060100738174,-1.1435302
M83047,187.19327867044322,195.4892251209765,-1.1435302
M83048,472.193504072979,460.1101693941783,0.09209221
M83049,499.84876190033907,100.90870070847022,1.3466527
M83050,622.6753030439174,-62.61570241676846,1.3466527
M83051,559.4093719289496,103.79970844758613,1.1937186
M83052,1136.9408113990467,305.60506849415896,1.3466527
M83054,973.3856351396319,187.1292426958915,0.4358368
M83056,822.5035621288803,165.1839358199597,-1.1435302
M83057,636.2832129324034,113.47166922537801,1.3466527
M83059,-145.54977855677075,34.35508584867764,0.4805022
M83061,857.5983953704535,214.09851149845846,-1.1435302
M83062,1088.9567864271737,80.83413423804511,0.20214766
M83063,-80.35707097795762,48.61021789555626,0.09209221
M83064,495.465944315247,-11.428329519117375,0.23645066
M83065,324.96150676269707,116.36539062371023,1.4720731
M83066,137.99163119214714,88.62464316340527,-1.1435302
M83067,372.95329594115157,153.21079820011772,-1.1435302
M83068,916.5603611084609,213.62761606995596,-1.1435302
M83069,1113.7429999895426,183.84734415190036,1.3466527
M83070,423.13212563794,120.7287879880712,1.3466527
M83071,1075.9587539981032,408.6477341355401,0.9668186
M83072,999.7268202811207,83.57447158279888,0.09209221
M83073,796.3572944878515,107.12961176631656,1.1937186
M83074,1221.214931126897,188.37265817320034,0.4805022
M83075,660.9042141217451,131.84973604239727,-1.1435302
M83076,581.1284889846409,149.11415745918936,-1.1435302
M83078,46.14547598303427,-68.46479436160944,1.4644111
M83079,671.6427024751031,180.11983516138503,0.9668186
M83080,-327.0441892001046,-11.196738736780368,0.092092216
M83082,1730.0430101502347,277.96307196721415,-1.1435302
M83084,333.66559946394443,66.88007750237695,1.3019874
M83088,1054.9258153646695,83.19422020723893,0.20214766
M83089,831.7830092322355,207.73151568006617,-1.1435302
M83090,280.8576625739658,162.2288277264068,-1.1435302
M83092,246.8000573243638,60.188548137035504,1.3466527
M83093,37.310877170542234,32.027965347820924,-1.1349545
M83094,1358.7446812510084,233.94776145015288,-1.1435302
M83096,313.91593049633633,93.18295459112714,0.9668186
M83097,126.72818830921595,52.957073311527594,-1.1349545
M83100,191.69405734008734,75.39021970238026,-1.1435302
M83102,181.08032264569223,129.84575210491138,-1.1435302
M83103,-16.52999012557516,35.31559633812789,0.9668186
M83107,293.52823317286203,301.7568608890078,0.09209221
M83108,647.9772733009794,162.48218722531212,0.9668186
M83109,-211.91715211728385,25.392963331128172,0.09209221
M83110,479.64027485068016,604.8880158961052,0.20214766
M83111,-199.45299939432414,23.28659944141817,0.20214766
M83113,-172.87887793078394,74.17063576532962,0.20214766
M83115,-230.23595326490465,39.97286375721161,0.09209221
M83117,193.84971773712755,81.73722446549019,0.20214766
M83121,152.58043065911102,27.198996635840345,0.9668186
M83122,-134.55060990220838,26.505552452338257,0.9668186
M83123,699.3216633471152,163.82552568073174,-1.1435302
M83125,-83.30167150662898,25.954959724956645,0.002761502
M83126,441.5817365713303,201.54111835285207,-1.1435302
M83127,265.01357392420647,116.54689531618385,-1.1435302
M83128,198.968141174238,59.3696133673426,-1.1417924
M83129,405.3615411963837,115.42070278495162,0.09209221
M83130,40.57929113406454,49.06016231959058,0.09209221
M83132,-80.68882021021183,23.493830896100256,-1.1349545
M83133,-198.30984090394688,23.54833835540785,-1.1349545
M83134,-140.4858146410655,-15.236628902575681,-1.1435302
M83138,57.58658746688253,-32.69121798567538,-1.1435302
M83139,169.1702366708856,75.9323559967998,0.09209221
M83140,58.89815365369151,71.63435237983516,-1.1435302
M83141,479.24718957475915,122.08054860716328,-1.1435302
M83143,469.4771022665666,238.22665836565417,-1.1435302
M83144,-513.6647452922479,-193.3888115848733,0.092092216
M83146,1363.7666066147845,471.76632289337346,-1.1435302
M83148,1370.4030535833494,409.50605305821637,0.20214766
M83601,35.46005601066977,113.2991179976157,-1.1435302
M83608,-35.08373009037616,89.75399414465188,0.09209221
M83613,-329.6857269245903,-36.78514142119012,0.092092216
M83616,294.7188754163508,-146.3404647863345,0.09209221
M83617,1239.0397016085067,628.751767166683,0.09209221
M83619,-193.0417512231901,52.72722251595121,-1.1435302
M83623,70.6832120265111,52.803988661602496,-1.1435302
M83624,27.637057485297316,122.58681769651312,-1.1435302
M83625,711.2218532073447,105.29702694943215,-1.1435302
M83627,292.2519589727517,-7.359522166393403,-1.1435302
M83629,107.75355947586674,74.67254974936932,-1.1349545
M83631,37.5808266035577,9.44089265262012,-1.1391027
M83632,21.17509019458197,27.970184381308666,-1.1435302
M83637,-50.15009210243157,10.073664839304772,0.09209221
M83638,1111.336498142466,169.79868817726614,0.09209221
M83639,69.10993568486555,-49.97988858734103,0.092092216
M83640,-207.52550298458667,35.91382123423799,0.9668186
M83641,-270.1692827328988,1.2732339900827672,0.4805022
M83650,530.4969237390059,769.0496775466245,-1.1435302
M83661,99.16646105897433,312.0685519039986,-1.1435302
M83662,-156.18317668659557,-8.813090349132947,0.09209221
M83665,34.46120594356084,52.74110048872947,1.3060852
M83668,-144.9394922330177,50.15683525597596,-1.1349545
M83669,226.96933437791202,213.97220673632006,-1.1349545
M83670,-255.66555491771066,68.12166346899933,0.4358368
M83678,-264.4677145970309,-5.607046148432015,-1.1349545
M83680,209.12778389851397,137.8590713656181,0.4805022
M83681,230.20590311465102,41.28253820661929,1.1937186
M83682,559.8398714269634,89.93556612068635,-1.1435302
M83691,-344.8411079847062,5.51853811948899,0.4358368
M83692,502.1913856818355,340.23749983989677,0.092092216
M83693,-28.925515658730376,90.08544696646317,0.20214766
M83695,-381.921723830707,-13.502217586959967,-1.1349545
M83697,-137.92512321814922,64.9378374710629,-1.1435302
M83698,-54.49585065264575,88.23953854831643,0.09209221
M83700,3.791745493284332,137.91639277630918,-1.1435302
M83701,93.77010075770795,-1.0326287151913354,0.4358368
M83703,35.549833039745444,70.61439428850353,0.09209221
M83704,-468.87150059321857,-8.51061528646726,-1.1424731
M83705,-115.58227580473145,186.0228363503717,0.20214766
M83706,-214.30532837511905,34.87967360686405,0.20214766
M83708,-99.74149894747164,137.67680822857122,-1.1349545
M83709,6.022049005720782,88.58095802527575,-1.1435302
M83711,-8.680738587915874,86.31656513098204,-1.1435302
M83712,-139.67224999913242,-56.643089944034365,-1.1414813
M83713,203.4149810421359,133.26186172814175,-1.1435302
M83714,-292.1973736261295,-7.376527632793905,-1.1435302
M83715,-33.00576061266235,34.25902166306537,-1.1349545
M83717,-191.19502120858402,35.28898900823042,0.09209221
M83718,-174.2492401491706,9.144665399459424,1.1937186
M83719,67.42562745275124,98.74137607679346,0.09209221
M83722,-33.7643865806834,29.380546938291705,0.09209221
M83723,636.5109880183379,598.7687642960381,0.4358368
M83725,48.40409090113986,60.31221590419439,-1.1435302
M83726,-179.53845624856777,-41.554516164005165,1.21087
M83727,-8.224014832761979,-1.3815026187262052,0.09209221
M83732,-477.59313197861917,-63.54013694475327,0.09209221
M83733,-297.20772813385594,-30.29994235769741,0.2345999
M83738,294.22959422339073,87.34696177715912,0.09209221
M83739,-121.46987981817796,0.18861518713119582,-1.137155
M84001,1585.6114763740036,58.63529377870526,-0.14159694
M84002,282.5150962275682,137.28287564059525,0.12996843
M84003,802.2045755097026,-95.20498999589836,-0.14159694
M84004,750.0557154709845,74.82136362629352,1.3209256
M84005,-148.01092564506862,100.08708304792968,-0.14159694
M84006,782.5130050320952,167.0800298870329,0.63700956
M84007,1305.1938927601675,151.4367284874884,0.63700956
M84008,908.6878560600385,167.0088226524672,0.63700956
M84009,58.04885829900848,46.045863279116325,1.3209256
M84010,311.653726473451,73.60831107130174,1.6439453
M84011,1465.4836262567678,567.3456062194762,-0.14159694
M84012,956.471301559439,47.92207507317664,-0.6057593
M84013,343.7687058813643,37.986308596285134,1.6439453
M84014,261.81500852120803,125.9393809538216,1.5803419
M84015,771.6294396515822,259.30735408764974,1.6439453
M84016,-86.21158894685419,19.60107773191056,1.3209256
M84017,521.4974392949634,36.52026062866698,1.6439453
M84018,885.5569802747375,197.60984675191614,0.12996843
M84019,2236.0866667945083,421.6794452252007,0.63700956
M84020,486.8662078096187,-1.6422412703030675,1.3209256
M84021,709.9092291979003,81.28081027874626,1.5803419
M84022,816.3565462657174,-15.93038926945891,-0.14159694
M84023,1098.6886707029753,128.3713784425928,1.3209256
M84024,120.43121970352581,30.764756484235903,1.0493602
M84025,810.6487894020371,94.49771068333935,1.5803419
M84026,443.8333933369912,46.1633031324048,1.3209256
M84027,-158.2043647546743,21.482349954616893,-0.12444544
M84028,1194.5080957884838,369.69135191315104,1.6439453
M84029,134.01992782557866,112.10552490584269,1.6439453
M84030,758.427139337434,132.55903631799094,1.5803419
M84031,278.95069582777774,146.25458590135207,1.3209256
M84032,211.9270395162821,116.95345712082636,1.6439453
M84034,-286.9688421763069,28.772362555544014,-0.14159694
M84035,422.70853394927775,77.18583448223858,1.3209256
M84036,472.0497196813089,196.07027595888638,1.6439453
M84037,823.8881500118114,-29.927449261688203,-0.14159694
M84038,-165.64350035684106,-3.2428629448012116,1.6439453
M84040,263.5803614857571,3.4777713063132185,1.6439453
M84041,-30.151992687666834,86.2135405364378,-0.14159694
M84042,618.3612291148129,148.6275777460675,1.0493602
M84043,1098.1089813117799,154.68443301385935,1.5803419
M84044,115.50867729640994,48.008013596096745,1.6439453
M84045,227.90592516229177,-56.62642959356744,-0.12444543
M84046,-8.674915872609436,-23.46359773923488,1.3209256
M84047,-9.91193997530618,69.50782149227969,0.12996843
M84048,-112.32928383869806,29.487082870028946,1.0665116
M84049,157.58299042670686,102.13507688379936,0.12996843
M84050,294.3039904731847,109.42117630472492,1.3209256
M84051,1004.1753963755306,14.314570817643462,-0.14159694
M84055,-93.90415102477579,-16.83739076608104,-0.14159694
M84057,-131.6392455904219,-6.269876772560987,-0.12444544
M84059,-67.0576644384593,-32.53412425980223,1.6439453
M84060,-14.306265416912147,90.56993272245069,0.12996843
M84061,107.46385858881204,56.45905100020196,-0.14159694
M84062,102.70667210856469,120.60453813069752,1.5803419
M84063,-64.19432725790124,49.24291493055413,1.6439453
M84064,-4.894430442467538,74.8252715043347,1.6439453
M84065,-18.97298762311493,71.90574288768,1.3209256
M84066,-92.39182820959886,60.41169543275048,1.5803419
M84067,303.852592445843,-19.124362939296862,1.3209256
M84068,-28.65097849622041,-117.5564925354123,1.3552285
M84069,-99.02337549005908,43.765927621039836,1.6439453
M84070,-104.165042757393,73.11933264812862,1.6439453
M84603,-67.12523172701582,45.39066409900874,1.6439453
M84608,-310.9884886042772,-44.412969234649836,0.16427143
M84609,-27.676248782656774,66.09732898682911,-0.14159694
M84612,15.352346413788947,85.23581309234238,0.63700956
M84615,328.21585496960745,8.846543729170943,-0.14159694
M84616,-94.7168225319075,44.976878456184274,1.3209256
M84617,-265.6139965407994,10.200306236756054,1.5803419
M84618,-59.5331847419304,85.25666254829274,-0.14159694
M84620,-239.5034532718673,44.022219687300385,1.0493602
M84621,-203.83275663062054,-9.414873314684296,-0.14159694
M84624,-244.07572565223143,-18.816474218470304,-0.13123877
M84627,-26.350713313049653,73.48555875857093,-0.14159694
M84629,-48.46126379955913,131.00361639732392,1.3209256
M85001,265.45107255603733,42.98186918307264,-1.2242851
M85002,590.7922802651967,193.92962250440834,-1.2242851
M85003,477.3954182676129,-51.19048221796734,-1.2071337
M85005,405.57711736232557,15.836557225596659,-1.2242851
M85006,379.87769831894275,105.29657754964158,-1.2242851
M85007,299.32386996205037,267.2707251893959,1.779728
M85008,81.56769778986484,-24.06039258277099,-1.2242851
M85009,4.58065099093719,61.858987901589,-1.2242851
M85010,-379.7469402887284,-116.86726654197888,-1.2071337
M85011,443.3099281660866,53.1892354173041,-1.2242851
M85013,41.773840130939554,88.40373917761225,-1.2242851
M85014,-44.98785705156736,18.327435363838482,-1.2242851
M85015,251.2031831964095,43.97036199837688,-1.2071337
M85016,464.1928355144577,39.89912853854813,-1.2242851
M85018,547.9485140188607,56.65379326808067,-1.2242851
M85019,2033.1560666828054,1074.6064637065228,-1.2242851
M85020,1251.5969780012417,341.49676301012244,-1.2242851
M85021,-309.82215932018846,29.697237784204443,-1.2242851
M85023,645.975877862238,190.41352056608025,1.779728
M85024,441.56859990118784,-12.060918825891964,-1.2242851
M85025,176.06004478785704,29.291569667991293,-1.2242851
M85026,702.877857948969,79.61678958847202,-1.2242851
M85027,437.3924262646594,124.29244136231193,1.779728
M85028,1438.2906998144801,200.4491923218283,-1.2157094
M85029,211.4814537821678,72.75479269202502,1.779728
M85030,396.34947808704834,203.91908014947632,1.779728
M85031,890.0148667339007,69.98141496235952,1.0493602
M85033,883.227907861663,154.61477420229372,-1.2242851
M85034,1073.7774646678088,249.44484515205235,-1.2242851
M85035,278.3961118872401,57.80436667713376,-1.2157094
M85036,374.0427754335871,80.2456718404396,-1.2071337
M85037,323.56088884805956,78.43526332153364,-1.2242851
M85038,320.649493562198,30.40439842167633,-1.2123514
M85041,-131.97240601440998,9.649838902281644,-1.2242851
M85042,-180.10973563055262,40.54790835670997,-1.2242851
M85043,388.18720394314613,80.97105499465188,1.779728
M85045,-274.982684764585,-46.30704739702034,-1.2071337
M85046,1148.2358929320787,1149.2019176496344,-1.2242851
M85047,159.37421393472985,75.93095906001129,1.779728
M85048,702.3704712398081,110.18853301622792,1.0493602
M85051,274.35970236227047,-23.549661976607574,-1.2242851
M85052,7.294237027928433,26.65906278639726,1.7820948
M85053,228.36798133936406,110.25863318686129,-1.2242851
M85055,-63.320383062318925,26.16093863920121,-1.2242851
M85056,185.89958227557807,144.50264117786242,-1.2242851
M85058,224.49147595015165,28.095130338565298,-1.2242851
M85059,-144.91388741144686,-35.37433206285473,-1.2071335
M85060,837.0696619932069,247.59240262224316,-1.2242851
M85061,1271.1873234807188,104.56220892579769,-1.2242851
M85062,107.83966828023459,17.777639161107086,1.779728
M85063,6238.282727196118,2531.988726142386,-1.2242851
M85064,-204.5316577238676,-54.05992074266761,-1.2242851
M85065,506.5416527402536,176.29231384471618,-1.2242851
M85066,1011.0876338603165,385.62820996557554,-1.2242851
M85068,70.09884564748305,-96.08161788626454,-1.2161561
M85069,818.1806876354506,242.19574324528676,-1.2242851
M85070,923.733323721206,106.18367246797303,-1.2242851
M85071,493.27526280575273,22.42882558298086,1.779728
M85072,-131.11514329531752,95.54951894216593,-1.208916
M85074,277.555784718826,63.92994427447461,-1.2242851
M85075,-117.49621505223013,-0.3408712826929824,-1.2168657
M85076,521.774482498501,80.91233740159278,1.779728
M85077,313.0363031904196,93.52182359014726,-1.2242851
M85078,676.1764500676549,176.55527197831591,-1.2242851
M85079,847.065584513756,114.67976592274562,-1.2242851
M85081,995.5835182878802,72.72040463058607,-1.2242851
M85082,66.35381641591985,118.34116140636493,-1.2242851
M85083,262.61904729126303,57.11526209292507,-1.2161561
M85084,322.3909938871722,-33.9810148855932,-1.2242851
M85085,-383.7139240141003,-14.245979383344915,-1.2242851
M85086,453.00702716281216,169.55618754348575,1.779728
M85087,1003.9997726600767,272.74172247276624,-1.2242851
M85088,452.7518459773348,71.62723581555187,-1.2242851
M85092,520.0858158754895,53.90635753582262,-1.2242851
M85094,-369.2315815765102,-48.37162846317233,-1.2242851
M85097,-329.54333857208013,-14.020667919872492,1.0493602
M85098,-131.30458334002353,12.532041865933179,-1.2242851
M85100,-192.5218195699375,-43.08792624773155,-1.2106981
M85103,8.964834573841665,-29.583682732449084,-1.2154301
M85105,52.50779345297754,6.8495409307396224,-1.2242851
M85107,-57.025982886600914,46.10818461900431,-1.2242851
M85108,193.9356504600646,19.546749855768468,-1.2242851
M85110,374.3200686034636,209.07994492966256,-1.2242851
M85111,95.12289323505868,-55.3143941732332,-1.2071337
M85113,266.13661583993104,142.18697329672005,-1.2242851
M85115,-229.08979657730362,6.3965111457831485,-1.2242851
M85116,557.3466782753909,173.25480457474714,-1.2242851
M85117,307.5826529425277,78.45211646667282,1.779728
M85118,-159.84724980293785,-2.3432312294891187,-1.2242851
M85123,584.7197362986217,-7.647644790611677,-1.2242851
M85124,218.85846068871444,7.116265887952582,-1.2242851
M85127,-126.3321007609631,-58.553690017777846,-1.2242851
M85128,35.818000718144276,6.5391431162143565,-1.2242851
M85131,-649.3967547732286,-293.58640834506093,-1.2071337
M85133,-260.0251516621864,-104.03643050463045,-1.2146872
M85134,-204.4304819251038,11.101213429945972,1.779728
M85136,380.1119353217658,355.82832428715056,-1.2242851
M85139,315.47319335184613,-3.2542275081849077,-1.2242851
M85141,121.39735168068401,37.61710316687216,-1.2242851
M85142,-309.536816294098,14.026093042733907,-1.2242851
M85143,205.01290107646346,-7.930415680964934,1.779728
M85145,-6.2740536335173225,31.033216223099426,-1.2242851
M85146,35.014286682544174,86.1067328756617,-1.2242851
M85149,915.9081149957217,13.693133965849894,-1.2242851
M85153,-117.39817638459613,28.398824853067662,-1.2242851
M85154,-45.03019186989409,20.442754297455703,-1.2242851
M85155,318.0419986837749,85.00257516335789,-1.2242851
M85156,100.8150881959923,59.084394090199964,-1.2242851
M85158,-240.1241287341218,22.339355702176782,-1.2242851
M85159,210.15692665947213,258.6525177808485,1.779728
M85163,-231.97871149815703,22.485235858466716,1.7883039
M85164,754.8736177734634,117.41379227703678,-1.2242851
M85166,-979.4357826535218,-649.7623730766359,-1.2071337
M85167,-164.34720307808686,25.613315415851872,-1.2242851
M85170,152.2429003652495,-30.731093660228204,-1.2242851
M85171,-243.6678336738744,85.27944273934962,-1.2242851
M85172,710.7659558042976,195.2166257992492,-1.2157094
M85174,18.18561927853259,-20.497556937555043,-1.2242851
M85175,323.5263394657915,7.582369348651518,-1.2242851
M85176,-14.965345060428524,42.3739591501981,-1.2242851
M85177,368.445892000894,73.18049413218105,-1.2242851
M85178,718.5366603538704,183.63868371980723,-1.2242851
M85179,76.85458404457647,59.565029345086415,-1.2242851
M85600,512.8961464643954,352.52042301080587,1.779728
M85611,-341.75769264745026,-21.482578513202046,-1.2208097
M85624,126.00139746026389,13.371349314072255,-1.2242851
M85634,289.980036263511,-98.48540020953568,-1.2242851
M85642,173.1702785980509,132.73391758622844,-1.2242851
M85652,-342.07521550488144,-46.34247993588488,-1.208961
M85655,-388.4258204028243,-152.0886569891429,-1.2071337
M85663,-91.8052462484889,-35.89120230975864,-1.2242851
M85669,-124.31590295332936,92.64069589208371,-1.2242851
M85670,-211.92985772722844,-124.94939230050915,-1.2242851
M85671,-324.6710670306225,-4.684349172492643,-1.2242851
M85676,44.175197561521486,7.688046633294895,-1.2242851
M85677,67.53158076592314,-34.538646815854115,-1.2168657
M85679,68.95536131787533,-33.73725642110998,-1.2242851
M85680,-298.78865502342273,-63.53769344485693,-1.2242851
M85684,-399.11908184825745,-13.676897825792965,-1.2242851
M85686,-184.60903710797268,-52.34473507111384,-1.2242851
M85689,-282.5223125183013,5.878459708049035,-1.2133427
M85693,-294.501873369929,1.2859771840514649,-1.2242851
M85694,-162.90002469350395,17.376932389590856,1.0493602
M85697,24.074982458927682,-63.70845572467664,-1.2242851
M85699,733.0981823558398,-359.18026355154984,-1.2242851
M85701,10.680100622885986,28.769505660938492,-1.2242851
M85704,-228.6146785015106,-264.46467242241704,-1.2071337
M85706,513.4364463805309,608.0983470087579,-1.2242851
M85711,-267.6252361617953,-6.245499776640374,-1.2157094
M85713,94.94856454277537,-42.867739410704296,-1.2242851
M85715,438.5587166397976,91.81452881185946,-1.2242851
M85716,-115.26392599147529,2.4186553993050084,-1.2242851
M85717,17.27959014386918,92.73010090675565,1.0493602
M85721,-190.77036582050633,28.52725011085423,-1.2157094
M85722,264.42033127916716,-29.90554308149108,-1.2242851
M85730,-138.9890508085743,3.7883455384318157,1.779728
M85732,-219.32725856720447,-6.437177894971485,-1.2242851
M85733,-139.40557901938698,-9.622731195661464,-1.2242851
M85735,123.25072050737832,53.82033491998622,-1.2242851
M85736,169.19866373714754,56.91672362679909,-1.2242851
M85738,-484.38446319818297,-171.5689497903111,-1.2071337
M85739,-63.47214498482267,-72.37003138210356,-1.2242851
M85741,-382.0493723203072,-65.89980962289499,0.23082629
M85746,208.34492521846488,297.58079445689185,1.0493602
M85749,-206.96063497897126,-62.271389878116025,-1.2242851
M85753,-204.40427387605104,-19.062668070918686,-1.2242851
M85756,-165.81788269551762,-7.4710382737888175,-1.2242851
M85757,-237.7677711498342,-1.013754467920034,-1.2242851
M85759,321.6366220424279,132.7744347331422,-1.2242851
M85766,-118.41236459516416,13.062251364973262,-1.2242851
M85768,-465.48789915133483,-7.128913550207423,-1.222016
M85770,-247.8229701312223,14.85792766354996,1.0493602
M85774,-90.79581699045413,67.10493536712136,-1.2242851
M85776,-242.63701318357693,-48.840243375963965,1.0582151
M85778,-271.0264943986537,55.24777887252583,-1.2242851
M85779,8.750558029546463,32.93728934595213,-1.2242851
M85781,-100.24939450837961,0.021698990467491717,-1.2242851
M85782,-390.603116361498,6.633912162964543,-1.2242851
M85783,177.82030208968314,-37.34225455743338,-1.2242851
M85784,-380.5167869599716,-82.46710457551869,1.0665116
M85786,-320.41621880088513,-91.39545394367514,-1.2071337
M85791,-341.21964950832614,-16.45047436809035,-0.8823272
M85792,-195.82618872707775,37.48268489738387,-1.2242851
M85794,-74.66959649520501,-117.03830031890689,-1.2242851
M85797,58.35478178572861,127.55931799597282,-1.2242851
M85801,-333.46632691022086,-42.86526594762087,-1.2242851
M85803,457.2006381942778,-262.3153727706371,-1.2242851
M85805,-469.31712220369866,3.016203083052786,1.0490136
M85809,-240.63830728166621,-107.00315267121132,-1.2071337
M85813,-398.5770048846277,43.19404506428683,-1.2242851
M86001,327.6888433162279,-14.059550674135435,-0.6057593
M86002,738.3930287610517,-238.30291804364725,-0.6057593
M86003,1006.9792968430164,-104.00874676524194,-0.6057593
M86004,506.4647687424063,35.18604114670887,-0.6057593
M86005,95.96300608878782,2.8025632420274085,-0.6057593
M86006,373.2200141416233,45.38687477799751,-0.6057593
M86007,66.06695320390536,7.945891802107924,-0.6057593
M86008,713.8180563238145,42.212149903759865,-0.6057593
M86009,834.8942653263448,117.53803644734253,-0.6057593
M86010,597.113302541556,-119.92939515226954,-0.6057593
M86011,136.10592997472028,58.20107177604136,-0.66578954
M86012,221.43208256493784,49.67156650184324,-0.6057593
M86013,-98.12210152389738,-75.75801397693442,-0.60965014
M86014,1023.1092487415295,90.60556281960059,-0.6057593
M86015,1053.4032561302733,129.93196441815363,-0.6057593
M86016,112.63810527081426,31.113357205789363,-0.6057593
M86017,688.6174949483983,-11.157137097408244,-0.6057593
M86018,529.1656507961435,79.09227579178588,-0.6057593
M86019,102.14034298895582,-117.30985585394288,-0.6057593
M86020,377.0652397943848,1.9183884495436454,-0.6057593
M86021,256.6519814432768,-86.82099941223045,-0.6057593
M86022,-193.7744061121257,64.16401819302081,-0.64752734
M86023,143.0858723697054,6.432474003551981,-0.6057593
M86026,-80.26450122814042,-148.66392497305836,-0.64752734
M86027,136.83453531036113,46.52521694477663,-0.6057593
M86028,-3.142649061890177,16.777445914315585,-0.6057593
M86029,449.49907345052145,121.44139618099886,-0.6057593
M86030,127.36678769763917,58.709525251047104,-0.6057593
M86032,793.473665622231,4.123755972717331,-0.6057593
M86033,200.0911816453533,88.64525964218576,-0.6057593
M86034,579.3459263035,245.97446012839285,-0.6057593
M86035,430.26562293360604,217.00579790943252,-0.6057593
M86037,-194.6744737877157,51.83335746712314,-0.6057593
M86038,-158.78545862726259,-13.85773158375595,-0.6057593
M86039,-97.99550556111848,-8.338968232027497,-0.6057593
M86040,-104.09315093625645,-70.41782703231947,-0.6057593
M86041,282.86557137258416,118.17800120907121,-0.6057593
M86043,-413.02191309282034,-79.50633591280784,-0.66578954
M86044,-129.7331174058609,-34.96697533170506,-0.6057593
M86045,443.0149764880294,-79.63560382432921,-0.6057593
M86046,174.20787235902358,75.53551351729361,-0.6057593
M86048,59.38534710424824,118.07167238250773,-0.6057593
M86604,-303.8789541566102,-73.3470530447088,-0.66578954
M86605,-247.26828119638978,-0.5644635171460415,-0.6057593
M86607,-264.0333946537512,-109.46408499476127,-0.66578954
M86610,-356.32731336712726,-38.118288749979676,-0.6057593
M86612,-204.0468772599579,15.661348843402116,-0.6057593
M86613,-188.0576582993829,9.877221425455698,-0.6179233
M86617,-69.53035090733322,-6.4622279411124515,-0.6057593
M86621,-423.91867306203426,-33.03370677018316,-0.66578954
M86622,-308.03911844205953,-31.934933822466725,-0.6057593
M86624,407.1826420303761,-3.7483860990040814,-0.6057593
M86627,82.9013680546487,106.33875331790483,-0.6057593
M86629,-273.1313626446923,-45.70323249186476,-0.66578954
M86630,-321.8879636528005,-42.03539341619682,-0.66578954
M86633,-28.948862213480826,-33.96240116659247,-0.6057593
M86638,33.44746847760883,73.0339386835606,-0.14159694
M86639,-411.3563402493478,-44.8926486132177,-0.63675195
M87001,213.80581966961273,44.24443357365117,-0.07799347
M87002,-32.7926399368553,33.77888756478222,-0.057612825
M87003,700.9306020544608,140.5839737598096,-0.07799347
M87005,335.8470155669683,96.45162365727107,-0.07799347
M87006,540.229288971031,166.10412357585884,-0.07799347
M87007,485.9633812484545,179.31826318848374,-0.07799347
M87008,327.72096525872024,71.25396318046141,-0.07799347
M87009,1686.056565477392,123.95041726749452,-0.07799347
M87010,414.48182528555793,143.3693659115967,-0.07799347
M87011,2082.172016144839,478.45720680066523,-0.07799347
M87012,515.2050594497337,108.4307798778286,-0.07799347
M87013,759.7190004194298,82.21826407931638,-0.07799347
M87014,135.16914589691905,82.03133764378285,-1.2157094
M87015,592.1067385488428,125.63857048580066,-0.07799347
M87016,180.82376844570146,60.38224850397613,-0.07799347
M87017,514.8226984016701,148.46978111595956,-0.07799347
M87018,251.91412047586306,45.91187994129381,-0.07799347
M87019,523.2993114765776,69.78281725355606,-0.07799347
M87020,275.4451557427362,111.27139380319299,-1.2157094
M87021,180.16671675199154,116.055954526532,-0.07799347
M87023,525.0616068815142,78.05067846723816,-0.07799347
M87024,2049.585610862554,330.00008873703064,-0.07799347
M87025,81.43816804503602,17.912334392323825,-0.07799347
M87026,72.20175849321255,8.789945245131573,-0.07799347
M87027,41.22221953235271,51.90982667936008,-0.07799347
M87028,307.9564559586261,18.910055217931546,-0.07799347
M87030,-39.177620927368075,30.315144049522406,-0.07799347
M87032,-261.5013893098045,-10.81917041748272,-0.052266218
M87034,-47.845654531433034,74.79657012908936,-1.2157094
M87036,-112.02816545839866,112.1069397157766,-0.07799347
M87037,-31.65161401280512,76.1642629236127,-1.1349545
M87041,62.76534553335412,102.4060314557808,-0.07799347
M87601,492.2240871785535,86.6501985208175,-0.07799347
M87602,490.660423799696,33.33234235992917,-0.07799347
M87605,-99.3710655533315,-30.246822737103205,-0.07799347
M87606,-398.61689491316616,-0.8324928791470021,-0.052266218
M87612,-156.06115478853596,14.568625185603398,-0.07799347
M87614,-399.189214327465,-34.34107345234627,-0.052266218
M87617,-150.3931729813723,50.08895770968156,-0.07799347
M87618,-266.29992437778225,27.971399359769254,-0.07799347
M87619,-542.9959304390577,-189.38504139375317,-0.05226622
M87620,-59.977695090159806,108.70839714897201,-0.07799347
M87621,-192.55702032876235,24.485752827339713,-0.07799347
M87623,-89.26874625711966,-8.799963895264089,-0.07799347
M87625,-249.3867660534422,-23.054038677827357,-0.067905046
M87628,-255.17662809777332,-47.9211885234476,-0.07799347
M87629,-222.74557733204492,-56.15389544120211,-0.052266218
M87634,-334.57254092334654,-0.9114429988829014,-0.052266218
M87638,-98.32024769765201,-61.25707417293398,-0.07799347
M87639,-471.60969884597256,-0.674694765218417,-1.2161561
M87640,-481.0347985730628,-1.8586330417907286,-0.076571465
M88001,1194.8545377672187,484.65367064873766,-1.2157094
M88002,771.7720184469869,-277.90035966520975,-1.2157094
M88003,1022.0679538866307,-86.23027898248738,-1.2157094
M88004,3663.4764660077617,2199.0917994619176,-1.2157094
M88005,681.0677847448544,74.62455278811598,-0.052266218
M88006,1335.7149339351092,205.10817531417504,-1.2157094
M88007,894.0581139227745,114.0421479792547,-1.2157094
M88008,40.56969266061598,6.23071815992333,-1.2157094
M88009,888.8791319749564,6.166456630891853,-1.2157094
M88010,616.4739623802413,238.64911146322598,-1.2157094
M88012,582.2219660569413,22.530060343228254,-1.208487
M88013,1124.1381038567836,101.29597810059089,-0.07799347
M88014,3.8990954471170585,-16.223907291994543,-1.2157094
M88015,673.1938281075892,124.49605123398575,-1.2242851
M88016,-137.6253733972969,-38.47439980749417,-0.07799347
M88017,-11.62957097916413,44.46314607360551,-1.2071337
M88018,1732.6163045880992,414.2662929735056,-1.2157094
M88019,-247.72472250539604,-6.16408317514684,-1.2157094
M88020,430.7600524336912,96.82161328320787,-1.2157094
M88021,-20.818876157604024,42.14521098001908,-0.9080545
M88022,179.80531656406646,88.79087234991222,-1.2157094
M88023,155.2724388574931,-29.534100951422275,-1.2157094
M88024,-51.019828122092235,15.482207414161104,-0.9080545
M88026,24.174913736274775,22.48648559359693,-1.2157094
M88030,653.2087626761661,-5.211122010587448,-0.07799347
M88031,8.260111236349175,-34.965799241265955,-1.2157094
M88032,909.4499876510836,144.22309134541894,-1.2071337
M88035,-88.33732770143864,57.68108870641599,-1.2157094
M88036,-129.6094338899389,-113.99617191586691,-1.2154343
M88038,1207.88223263683,220.81897823788378,-1.2157094
M88040,94.32770743252742,16.06721356349957,-1.2157094
M88041,-66.77238157681681,-21.975770889392283,-1.2157094
M88042,6.539849134708531,64.99430989696316,-1.2157094
M88043,-70.0484110273071,94.10461265359181,-0.07799347
M88044,-152.60979110067706,34.81620048769325,-1.2157094
M88600,-108.65110917745973,49.842744219827104,-1.2157094
M88610,-157.5181569042883,-5.577485487495346,-1.2157094
M88612,102.44909539868921,159.52684839831318,-1.2157094
M88615,-511.8140976900651,-143.61976117679708,-1.2071337
M88616,715.7797417106315,151.46591661709496,-1.2157094
M88618,-212.74707540982823,35.709931052910605,-0.07799347
M88619,287.43450638793536,104.14279069699454,-1.2157094
M88620,-184.89697883667176,16.09427039406595,-1.2157094
M88623,-240.40817612585067,-52.609162821049196,-0.9080545
M88624,-66.2315717684275,23.110923759020956,-0.88232714
M88625,-271.76099808579164,28.614746503957385,-1.2157094
M88626,-161.1806367086555,-3.4775078574981135,-1.2157094
M88627,-127.92645752228228,63.314303933766595,-1.2157094
M88628,-90.87452114419787,5.856490912502755,-1.2157094
M88629,-318.4247822530779,-17.199689875448975,-1.2157094
M88630,131.2196917368852,-48.52654333255085,-1.2157094
M88633,-1.2860910515437771,37.39139083885251,-1.2157094
M88635,-235.29262988250477,-38.3626420848514,-1.2157094
M88637,-145.26997230466955,-70.31274373868915,-1.2145748
M88639,-148.45147229879095,-38.157492316561445,-1.2157094
M88640,-10.611407056291467,-7.879119016051601,-1.2157094
M88643,398.201180162463,312.7621570179566,-1.2157094
M88645,1225.732044432442,209.58489525395163,-1.2157094
M88646,-246.90539062027025,-15.621626283354528,-1.2157094
M88647,-130.5759098551528,110.67310809254988,-1.2157094
M89001,-161.19258525066974,57.59044515968687,1.0493602
M89002,577.3143971451334,-55.332447000199494,1.0493602
M89003,2804.540636408692,1694.4449770000692,-1.2242851
M89004,47.405840375722796,4.031161351895395,-1.222016
M89005,237.85255251666706,82.58216879695442,-1.2242851
M89006,-65.49201160364284,-2.482857895595692,1.0665116
M89007,25.42093726018072,-14.02241762573482,1.0493602
M89008,1208.163188780961,96.51469138051465,1.0493602
M89009,1033.1957584987795,212.94602977969802,-1.2242851
M89010,165.56913253065966,0.17630848542223784,1.0493602
M89011,118.50574712421825,43.20844754440352,-1.2071337
M89012,1354.0717907474987,180.01129138328855,1.0493602
M89013,258.5761782254991,87.51603762298737,1.0493602
M89015,452.9923560563383,174.7087746264697,-1.2242851
M89016,779.7661850521758,60.933841531100725,1.0493602
M89017,1584.2038475953507,377.5560909646417,1.0493602
M89019,750.2566012319817,157.65230609639136,1.0493602
M89020,133.25031577452253,4.302212472434255,-1.2071337
M89021,-115.53297991341971,49.38141034426748,1.0493602
M89023,-22.304995034105485,-0.17319935884845533,1.0665116
M89024,-58.37815667255563,36.287396196610594,-1.2242851
M89026,753.4119598061592,114.42557370629503,1.0493602
M89027,610.1548328727312,217.05184897849648,1.0493602
M89028,47.17314408448307,-58.19538460839903,1.0493602
M89030,-280.43226963967805,5.461300321008493,1.0493602
M89601,150.7560771332695,1.698910935799456,-1.2237349
M89602,-4.355463417290034,35.21847611350882,1.0493602
M89606,-390.7916803294752,-13.741394623788587,1.0665116
M89608,-299.8955937728471,11.427080016409933,1.0493602
M89609,-57.64713314351872,64.33412445969202,1.0665116
M91003,133.6030561494128,45.47013931651714,-0.9080545
M91004,1155.0667713297123,112.06232194075923,-0.9080545
M91006,3.3972731011750272,12.972394528209476,-0.9080545
M91007,685.2839339864776,23.06392635254527,-0.9080545
M91008,630.7394696018088,-7.437819940096396,-0.9080545
M91009,291.49728097704366,-1.3964136477386908,-0.9080545
M91010,456.2273470440604,9.229739884428332,-0.9080545
M91011,306.46388903892,100.86037977265963,-0.9080545
M91013,872.4551101636561,85.9195243990434,-1.1349545
M91014,9.499478250837123,-84.30509852813522,-0.9080545
M91015,503.83069209972666,90.25819985216339,-0.9080545
M91016,51.00985835053111,48.56781500804154,-0.9080545
M91017,323.5699871049503,55.488271540100506,-0.9080545
M91018,-69.59497436013707,56.82354983532631,-0.9080545
M91019,1564.0621538772916,406.0462631178739,-0.9080545
M91020,15.644854483740955,98.3333085631587,-0.9080545
M91021,582.731547604602,273.2987761849539,-1.1349545
M91022,-54.13034537757798,78.24729249895232,-0.8969253
M91024,-184.3762058779318,-6.1266585968716605,-0.9080545
M91025,-198.75049285644263,-5.163966220624308,-1.2093343
M91026,-127.72589931007852,75.61517695694742,-1.2157094
M91028,350.9646033678906,254.63468012537723,-0.9080545
M91029,209.1814489900874,156.35036690768425,-0.9080545
M91032,18.5763610541393,-4.274797697953853,-1.2242851
M91033,6.706074242508728,77.75039500883226,-1.1349545
M91034,272.37777499194,221.8665212485556,-0.9080545
M91036,73.21541344028458,29.305010113447334,-0.9080545
M91039,-189.89357050612628,15.8079604127915,-0.8823272
M91602,-227.94707165711637,16.028379659178242,-0.9080545
M91604,107.83985504496873,118.49774769943897,-0.88767385
M91605,-274.8900530749346,-24.009940951078327,-1.1349545
M91609,-256.01518709300484,2.8327031854525253,-0.9080545
M91610,-237.78422505983903,-3.8255339295214856,-0.8823272
M91611,-103.80729877496223,11.585807019246351,-0.9080545
M91612,-38.14476414253502,45.069592550194066,-0.9080545
M91613,142.10483057945152,132.5304402562642,-0.9080545
M91614,-4.137848961019853,110.6216677892427,-0.9080545
M91616,645.0523450763407,3.8456346720606347,-0.9080545
M91619,-135.96377086407782,62.55015866739196,-0.9080545
M91621,-32.546261001210965,91.97587272784605,-0.9080545
M91623,-219.78027365713552,-2.2087739533326727,-0.9080545
M91624,20.316811308935527,-2.2677886488598835,-1.2157094
M91625,-108.67799938886566,-74.60439502362372,-0.89898396
M91626,-4.440584082891489,148.67753035892002,-0.9080545
M91628,-68.51994111005573,28.36049825858357,-0.9080545
M91629,-61.845063065259644,22.063212589721637,-0.9080545
M91637,-178.15092835214216,30.238691362236846,-0.9080545
M91639,-215.88448339312149,-15.281008283156284,-0.9080545
M91640,94.55105891052328,101.43818533520945,-1.2157094
M91641,132.04159622096324,8.245787801490916,-1.2157094
M91642,-308.41910223900044,21.024338668721054,-1.2242851
M91643,-91.12548323133838,-33.05051991043861,-0.8925172
M91647,195.16658351766011,33.21376127950402,-0.9080545
M91650,482.79577269456115,340.6265812608238,-0.9080545
M91654,-224.31671502297692,33.3430715564295,-0.9080545
M91655,125.26968909418558,-44.8591303769571,-0.8969253
M91659,-113.66610663828794,-56.493785385592815,-0.9080545
M91660,-136.60416295629025,154.91609773494136,-1.2157094
M92001,49.74461167403762,78.22028896931732,-1.1349545
M92002,425.72233276524173,80.87590625600441,-1.1349545
M92003,-217.26169076570807,20.131235168731266,-0.07799347
M92004,-71.69291442761929,26.490940168272363,-1.1349545
M92006,23.13112064102444,45.960273120975955,-1.1349545
M92007,384.9439302384605,62.11254588980862,-1.1349545
M92008,560.8937340435103,126.90354589234303,-1.1349545
M92009,1258.3106372246095,165.84188435128317,-1.1349545
M92010,428.57145583573856,42.566831963793376,-1.1349545
M92011,335.5098626939026,42.80340952839929,-1.1349545
M92012,369.35042524354674,-37.863876854895416,-1.1349545
M92013,438.4935571839882,87.93805087995425,-1.1349545
M92014,-302.00218865251696,-17.364717151711133,-1.1349545
M92015,-289.19810596376567,-134.7697370102811,-1.1349545
M92016,589.9482633270579,568.1388760731967,-1.1349545
M92017,-326.34557180435894,-56.00078804572711,-1.1349545
M92019,535.4070991113641,40.62723185413679,-1.1349545
M92020,-223.58593388442907,-40.60376637756077,-1.1349545
M92022,11.668649626420104,71.05414438878442,-1.1349545
M92024,741.0698648370153,82.26692961782942,-1.1349545
M92026,-24.182650031619364,21.768703851812433,-1.1349545
M92027,20.414994377549384,1.2006355522569687,-1.1349545
M92028,109.37952915222277,-34.465725184813635,-1.1349545
M92029,52.785615994363525,67.42781530550342,-1.1349545
M92030,416.40375183936004,97.57558747559214,-1.1349545
M92031,-26.905397053146448,-185.32849339091595,-1.1349545
M92035,27.086571704314636,175.19562614206706,-1.1349545
M92036,-256.423231709232,-30.167315392394546,-1.1349545
M92039,91.70441110794738,166.48407082192347,-1.1349545
M92040,522.5624769800249,256.2449148063645,-1.1349545
M92041,-111.33516612781945,-24.672823696308978,-1.1349545
M92042,-217.77034966440274,34.018116722603985,-1.1349545
M92043,73.02694317119207,78.60090076812035,-1.1349545
M92044,34.71777356292296,41.2813546779324,-1.1349545
M92607,1013.6826482810677,144.58544747189458,-1.1349545
M92609,76.97999618808778,80.0317865130436,-1.1349545
M92610,-220.38974187022916,-13.729485562330291,-1.1349545
M92612,921.0910031010415,942.2369690150558,-1.1349545
M92627,-93.53726579232269,36.23364479912031,-1.1349545
M92629,-149.5334890203767,44.52419779783944,-1.1349545
M92630,283.98141206387965,166.65414767015642,-1.1349545
M92637,-379.6685114850259,-77.1450546398863,-1.1349545
M92640,-338.14252478005346,23.73575283066862,-1.1349545
M92642,-406.41725502810596,-191.80912066870545,-1.1349545
M92643,-333.28284414673664,-25.73794627461341,-1.1349545
M92647,-141.59359902360367,-57.26445984327215,-0.06892296
M92649,26.081104193927985,107.63132425443861,-1.1349545
M92654,598.555444153419,401.2255072421367,-1.1349545
M92656,-500.1353851538253,-17.702890181140884,1.164709
M92657,-472.4681235543332,-6.20520645463319,-1.1349545
N81001,-88.67927877968422,17.313171067565637,0.4358368
N81002,343.16427290588433,46.45381749624001,0.60949576
N81005,335.2488119535167,134.4104155381824,-0.909841
N81006,50.53285054516183,47.52542120823205,0.82424676
N81007,756.1687625184055,43.26976035246257,0.669526
N81008,567.9176976720604,-16.967001950793378,1.3019874
N81009,304.8697173907011,90.08246016693775,0.82424676
N81010,123.70888618588073,30.665104308607024,0.4358368
N81011,1020.9283469540768,256.230084227671,-0.909841
N81012,556.2702331599268,69.0906912694215,0.669526
N81013,314.1183665490895,83.1766561403439,0.60949576
N81014,236.98769787176448,61.62075987839943,0.669526
N81015,610.1173552301286,65.19407989740513,0.45113754
N81016,1555.2155934391058,706.3059221691727,0.4358368
N81017,119.26685414300191,-42.449140273189656,-0.9170634
N81018,285.3030149298671,117.68170655535843,0.82424676
N81019,1726.7882859831557,221.10007469493917,-0.909841
N81020,780.9795162273023,53.05536312604706,-0.909841
N81021,3.974213235629246,-38.444360520326356,0.61539155
N81022,726.5600393954642,479.2648122041948,0.60949576
N81023,236.23704269313274,56.44085694241811,-1.2515239
N81024,797.3883326384499,-3.1134590037576086,0.82424676
N81025,312.4791661006416,-41.32359692930414,0.669526
N81026,319.8449472603509,51.25137790164346,1.1129636
N81027,908.2401445747471,170.54950714200197,1.3019874
N81028,208.6500938176854,65.35579492023528,0.669526
N81029,931.5830381787825,23.94631899938101,0.60949576
N81030,1166.9210170806666,366.7271935626974,-0.909841
N81031,-163.8201964665222,10.016899833796236,0.82424676
N81032,1486.6012265624831,190.20520838350515,1.3019874
N81033,9.782007450741615,49.72781858229659,1.3019874
N81034,455.64358867308886,53.883953015843154,0.82424676
N81035,758.0040845039956,47.483963676708974,-0.909841
N81036,179.2736813809926,30.950332757540846,0.669526
N81037,734.8715778196445,166.72179709689777,-0.909841
N81038,258.99447842623675,98.56661521324368,0.82424676
N81039,729.9981679110674,232.8336408568588,1.3019874
N81040,218.16797782109694,147.70534695756402,0.82424676
N81041,451.17741255945,42.538667444435774,0.669526
N81042,102.221269571189,45.83849453499095,1.1129636
N81043,66.39927255652069,-20.802461513674718,0.4358368
N81044,706.0847404602439,169.19413905157742,0.4358368
N81045,1295.2893178036772,140.5099003774444,-0.909841
N81046,279.0436097315374,73.02786387415881,0.82424676
N81047,872.6716484505596,155.72333202328366,0.4358368
N81048,1131.6274530722653,156.8657273722557,0.669526
N81049,159.66476718239835,63.09190808207484,1.1129636
N81050,557.7515437673551,285.8214672207344,-1.2517991
N81051,310.40363274266764,-123.59889806570176,0.669526
N81052,604.7382379503669,115.11036452588613,1.3019874
N81053,1334.2420032114965,82.51360527338022,0.4358368
N81054,819.4956301571825,80.73326657857882,-0.909841
N81055,496.7681972974877,122.20908714967807,0.669526
N81056,766.5697435643052,25.031880968051766,0.669526
N81057,1157.2057438973015,110.16643891781501,-0.909841
N81059,447.4159016352249,212.46794066392923,0.669526
N81060,752.8172971913458,82.10701694898594,-0.22914103
N81061,554.597397565932,95.52708390895751,0.669526
N81062,1046.9495811818263,154.11882464498828,0.60949576
N81063,1096.2143957221563,218.03667034513072,-1.2517991
N81064,643.9051925027768,-122.60488609111404,-0.909841
N81065,476.11296192814757,133.8792256091026,0.669526
N81066,1154.3904391036497,358.36388788546685,-0.909841
N81067,480.97618224136977,79.88323492523011,0.669526
N81068,1489.086847251222,89.7470430993924,0.4358368
N81069,-186.50173815507827,33.876190908954115,1.3019874
N81070,666.9246343089214,155.7835019312827,0.60949576
N81071,58.96517586703891,29.60881507998895,1.3019874
N81072,805.0269345640156,94.31133678645106,-0.909841
N81073,487.7530886950657,-11.674943504982243,0.6195268
N81074,230.34829084431894,11.713783148785518,0.82424676
N81075,854.3925820067773,49.52951211666242,0.669526
N81077,627.3018698342952,38.919303422918034,1.3019874
N81079,421.0562908484617,103.73661367741602,0.82424676
N81080,258.55047545088735,131.68010907332027,0.82424676
N81081,193.9867122267525,41.47385098125912,0.82424676
N81082,1196.158429101666,152.09970037724938,0.82424676
N81083,124.42933598464384,22.78498367114908,0.669526
N81084,918.9907299340827,105.05038591862217,0.4358368
N81085,364.1580339752281,114.52022445935846,0.60949576
N81086,371.1650931082021,53.36854292381835,0.60949576
N81087,2528.394607017763,199.12155867984134,0.669526
N81088,684.6753393211236,164.89528951395536,0.60949576
N81089,632.7625237863973,45.86123763983142,0.669526
N81090,-83.51298191461815,2.01126717933015,0.4358368
N81091,183.41988323268313,43.24673553876772,-1.2515239
N81092,740.081121717735,101.05570981362288,-1.2517991
N81093,236.381130048553,111.48049292178258,-1.2517991
N81094,176.12214198392147,77.41691465277314,-1.2512432
N81095,307.2122625724302,103.79792303856257,-1.2509568
N81096,802.2053062463216,106.05435044450216,-0.909841
N81097,-7.999032147522196,-50.027483023857926,0.669526
N81100,23.807962782833112,85.39832581001502,0.82424676
N81101,-55.633150944542514,2.5691769160812328,0.82424676
N81102,-200.66881566656903,39.18348204083831,0.82424676
N81104,-386.699906767746,-190.08664032918918,-0.16053504
N81107,-58.945048321440865,55.48126544675483,0.669526
N81108,365.532573163388,47.652539251779984,0.669526
N81109,247.94352430161607,-29.954464558527594,0.669526
N81111,57.14863890667398,45.26567263532168,1.3019874
N81112,-104.4974859304367,-4.766313000457345,0.6195268
N81113,498.5892498844077,34.68089302203461,0.669526
N81114,740.6916985674559,138.82751242215943,0.669526
N81115,91.47728179183163,115.80951492087365,0.82424676
N81117,568.2536221939841,174.9970831082828,-1.2517991
N81118,258.5116062702341,62.890363789506516,1.3019874
N81119,334.9781403079186,195.60323578965748,-1.2878886
N81120,-57.52808156726136,92.8226798121664,0.82424676
N81121,59.66547537505524,66.51009113390356,0.82424676
N81122,517.6765224080201,115.09891750082922,0.669526
N81123,359.2496393331427,64.52968097028923,0.82424676
N81125,294.6133092741061,52.02916109994211,-0.22914103
N81126,-179.90919628877828,15.922991359923067,0.84997404
N81127,815.7271440212153,88.13774089287271,0.82424676
N81607,-173.35207722445148,-13.613341648522677,-1.2517991
N81614,-52.067577456229536,85.34802980760823,0.82424676
N81618,-132.82951578172302,2.738545692971119,-0.9184168
N81619,37.24256848252938,9.011987980176222,-0.909841
N81623,-132.00662887548185,125.90936710748879,0.669526
N81624,145.7895854123311,234.17339722076227,0.82424676
N81625,-63.208210615546314,79.77947512485646,-0.9184168
N81626,188.9330009239072,88.7728812314567,-1.2517991
N81628,515.9095812701934,200.1541089422725,0.669526
N81631,-471.6793777143609,0.4592379602617113,-1.2487152
N81632,19.652441754221467,76.41365844644837,0.60949576
N81634,734.6963712085932,411.2567285557434,0.6695259
N81637,-195.51120982390734,20.594358510479932,0.669526
N81642,-34.82657592509477,48.49180831220535,1.3019874
N81645,-126.3415768415671,-17.09224585855631,0.669526
N81651,-201.27390347522334,57.15906420937217,-0.909841
N81653,-487.4909887720662,-23.81084066732943,0.669526
N81654,-378.1233684356784,-18.058174920825692,0.669526
N81655,-353.2948832930295,17.082339079318483,0.82424676
N81657,-486.2454556812529,-2.085140622803959,0.6239702
N82001,717.6269947929511,26.89081609026702,-1.2878886
N82002,403.84042473851,66.22842058930026,-1.2878886
N82003,131.9047052615904,10.388442800611568,-1.2517991
N82004,42.22059061681846,29.312180605451005,-1.2517991
N82009,405.8485400997669,46.96972425441162,-1.2517991
N82011,1669.5253353984283,12.086795322999501,-1.2517991
N82014,308.3515915961642,39.37659811190798,-1.2517991
N82018,1251.8927103000242,151.2973014055596,-1.2517991
N82019,382.1430884134297,68.93056789746544,-1.2517991
N82022,1392.8144834485668,-34.207108907780594,-1.2517991
N82024,1178.6527413468516,155.93542332090996,-1.2517991
N82026,106.16767940430621,52.57711039878238,-1.2517991
N82033,517.0420167129347,128.19208043993143,-1.2517991
N82034,580.9261490353599,73.73385159947702,-1.2517991
N82035,614.3391863637977,8.313894386409626,-1.2517991
N82036,525.7091103450678,21.335453748605275,-1.2878886
N82037,1394.5750598137213,204.4199841575788,-1.2517991
N82039,-145.41802324554104,58.617646521164346,-1.2517991
N82041,834.9258867965852,270.847684383372,-1.2517991
N82046,674.2922420937119,210.50830996160508,-1.2517991
N82048,800.776273944235,152.37858364707338,-0.22235191
N82049,606.1934714581703,143.4737465278502,-0.22235191
N82050,-116.62782285825809,22.492610989533897,-1.2878886
N82051,-108.73447441067545,34.71252982724836,-0.21015826
N82052,236.28790932413148,192.30051978729742,-1.2517991
N82053,1607.12100339114,460.41226575926413,-0.22235191
N82054,508.03370285627784,82.99808562605362,-1.2517991
N82058,325.42123281195967,96.67195173532049,-1.2517991
N82059,-131.48077399471387,47.35640775923408,-1.2517991
N82060,224.3117051862799,-74.3504606893222,-0.21015826
N82062,101.60903306888088,83.8994383676883,-1.2517991
N82065,337.56142798845025,33.58240404804432,-1.2517991
N82066,419.1198036432747,2.8507776477516975,-1.2517991
N82067,71.73217704183998,33.758083100202626,-1.2517991
N82070,964.0475624073172,90.10710322890878,-1.2517991
N82073,157.27701948837355,28.0708272339557,-1.2517991
N82074,1147.8617305437992,112.55026661185664,-1.2517991
N82076,525.3409895964242,-44.52151120217754,-1.2517991
N82077,11.931856031279901,15.048399621658369,-0.22235191
N82078,305.82470582382257,59.666432998241504,-0.22235191
N82079,-14.023683349700535,45.388091791016016,-1.2517991
N82081,242.32095658643945,129.37805959166005,-1.2517991
N82082,354.9338851691135,37.97490511339437,-1.2517991
N82083,620.3172552738922,144.82124112554217,-1.2517991
N82084,698.8273979781305,88.51145011013064,-1.2517991
N82086,186.35366961442975,171.16215331824748,-1.2517991
N82087,48.408093625879765,57.40365386618757,-1.2517991
N82089,-22.375345097269644,41.61633465609289,-1.2517991
N82090,1067.926657921312,134.3975604270528,-1.2517991
N82091,-73.6751904044157,-0.3805715707853632,-1.2517991
N82092,631.2302312816969,163.7470173036458,-1.2517991
N82093,9.700775677043396,31.345054240211358,-1.2517991
N82094,722.2678004917492,288.8156446797233,-1.2878886
N82095,292.77086992865543,107.90978210821375,-1.2517991
N82097,553.9774812504801,174.3865845219094,-0.22235191
N82099,1091.4745554381984,352.5569820469754,-1.2517991
N82100,-182.73508669027973,-5.117961001358624,-1.2477345
N82101,330.2702337675472,-92.70149078186725,-0.22235191
N82103,551.0482919819,268.1227202103431,-1.2517991
N82104,39.3033162479038,14.423855335890995,-1.2517991
N82106,-34.31859793637075,65.71382374378092,-1.2517991
N82107,-322.8244764436309,21.06639263675154,-1.2517991
N82108,97.0318973536519,112.93182472109518,-1.2517991
N82109,9.807737805531595,-0.2318673402889061,-1.2878886
N82110,1233.7557046556087,165.64518606444216,-1.2517991
N82113,223.0963995950568,184.96409387763288,-1.2517991
N82115,1211.9313005289775,236.88504438140015,-0.22235191
N82116,102.2579837231169,42.60895195772309,-1.2517991
N82117,1547.918444585891,671.9946064448944,-1.2517991
N82617,-87.90241870490082,34.78959834800615,-0.22235191
N82621,-24.553557455736005,19.569912105848065,-1.2878886
N82623,-116.56548976950387,-28.343197333219592,-1.2470001
N82633,-48.060365740110555,65.05361087379016,-1.2517991
N82641,469.1305940561779,107.53571693065356,-1.2517991
N82645,275.96813026393653,41.63369531583662,-1.2517991
N82646,1094.6972685129072,76.55057683666067,-1.2517991
N82647,-286.8182722324168,-25.1162200229775,-1.2505965
N82648,-295.2238303196978,-6.872929488728495,-0.22235191
N82650,97.82266065010921,-43.419385462006,-1.2878886
N82651,54.34589123416621,261.29863471190356,-0.22235191
N82655,26.103991908521838,31.974314402560314,-1.2517991
N82657,-261.22108033082816,-87.92252760913426,-1.2432233
N82659,-305.9361760461355,-22.23036908442469,-1.2432233
N82662,788.4304630050566,190.192406002338,-1.2517991
N82663,61.31502160764802,81.04963647904657,-1.2517991
N82664,-135.06990711203946,-38.178595403455866,-1.2517991
N82665,329.3166996649248,43.226867124201355,-1.2503661
N82668,-166.44815400713048,16.498855802286712,-0.22235191
N82669,216.9455832601366,96.34380118619895,-1.2517991
N82670,175.19983591481284,-40.35315276321794,-1.2517991
N82671,108.61453888076457,-51.353345483553426,-1.2517991
N82673,-452.01037523260084,-22.965963300098885,-1.2432233
N82675,-474.57587682996456,-29.17549034598366,-1.2459995
N82676,-38.9932908047796,112.32054951531948,-1.2878886
N82678,-6.954514446158023,73.14058604901803,-1.2517991
N83001,1628.613222455547,179.03769548042362,-0.7722718
N83002,1542.9769653532699,142.93130889628233,-0.7722718
N83003,618.4882026707198,-4.229240866195176,-0.7722718
N83005,825.7740515561411,38.256607456613,-0.7722718
N83006,52.300554194239496,6.906419579055707,-0.7722718
N83007,-67.41462569460747,72.35761176643075,-0.7722718
N83008,1373.5191276131486,20.864776170963463,-0.7722718
N83009,1993.2285548318207,219.5740136522959,-1.2878886
N83010,347.2937226948728,-12.577668763820215,-1.2878886
N83012,1233.4709543372005,426.95284663912855,-0.7722718
N83013,172.08100189068261,47.85284003869553,-1.2878886
N83014,1150.0502478575677,61.16317162961437,-1.2878886
N83015,253.6061963069186,158.866237447107,-1.2878886
N83016,-398.4221904769263,-136.18210616230115,-0.7379688
N83017,142.16609665267248,105.67974048394389,-0.7722718
N83018,1186.104486881755,92.70616555231562,-1.2878886
N83019,976.2566471570539,-40.07825801819491,-0.7722718
N83020,664.0324116594795,58.14084200593722,-0.7722718
N83021,715.2229703382872,47.98706577545419,-0.7722718
N83022,1066.5871773945248,123.6218834621768,-0.7722718
N83023,866.3649069607147,53.27675834046215,-0.7722718
N83024,949.0740137419905,6.983692812972323,-1.2878886
N83025,905.7059453629244,604.3876214316676,-1.2878886
N83026,-140.61397103750141,16.92092440976128,-0.7722718
N83027,783.6553410427255,70.22826732525488,-0.7722718
N83028,4135.285163203317,258.63464001820813,-1.2878886
N83030,240.85621144108805,58.42466475977195,-1.2517991
N83031,-71.42643376961149,47.82035390720977,-1.2878886
N83032,1563.2133097120031,102.76215692800496,-1.2878886
N83033,708.3539978589503,40.30599035288969,-1.2878886
N83035,771.3058261768342,160.85410925678656,-0.7722718
N83041,113.24468329633761,41.13341218587466,-1.2878886
N83043,153.3483882506071,-9.879641063440138,-1.2878886
N83045,149.13618586319902,30.390876799764122,-0.7722718
N83047,-19.045211371089156,97.21264431473539,-1.2878886
N83049,-1.6879731604876882,22.036735130349545,-1.2878886
N83050,76.03717349401526,24.518176702472115,-0.7722718
N83053,133.5193047792921,44.815113338065515,-1.2878886
N83054,-4.8672757218385625,59.2149194143788,-0.7722718
N83055,624.5634229967725,170.49111296535426,-1.2878886
N83056,-30.70005247392404,-20.973043250362377,-1.279313
N83057,-404.2476057652496,-371.5323432323999,-1.279313
N83060,314.2808750064665,82.38087660848903,-0.7722718
N83601,293.18973234944593,340.3744106692265,-1.2878886
N83603,411.59337714293474,90.36591855221343,-1.2878886
N83604,25.837421217162372,62.501330902846725,-0.7722718
N83605,130.06956201052492,52.721963407118714,-1.2878886
N83608,1409.704550514069,592.5129639372626,-1.2878886
N83609,189.45307355176772,118.26933936294948,-1.2878886
N83610,-56.594027969272226,67.82844870614319,-1.2878886
N83611,-70.52863054434641,-95.28330112324258,-1.2797817
N83612,16.065734200625226,53.1943144391149,-1.279313
N83614,-206.06526585210943,53.07121825038297,-1.2878886
N83619,-279.6701864115311,-9.295217521691114,-1.2878886
N83620,17.224976154681478,7.531535493824747,-0.7722718
N83621,143.6391623559874,-6.077016840535135,-1.2878886
N83622,0.9506564222156658,57.10335951869178,-1.2878886
N83624,-103.84579166513248,14.288837000552451,-0.7722718
N83628,14.537970065751896,91.71293698749778,-0.7722718
N83633,137.777647102727,29.438414055251197,-1.2878886
N83635,-117.09304636951993,-35.73805038537844,-1.2878886
N83636,162.7234353008267,-35.0160319800744,-0.73796886
N83637,64.07139983140469,40.14951439060264,-0.7722718
N83638,-442.5476987552831,-4.737315276090058,-0.7729648
N84001,380.40515003098363,308.6716086636181,-0.22235191
N84002,-0.40756770339280896,-6.354286378079284,-0.22235191
N84003,694.1513588983737,93.8562006422922,-0.22235191
N84004,862.5461336643258,174.28667949527014,-0.22235191
N84005,860.31201857192,315.57431862716004,0.5405324
N84006,411.72740510442395,95.28875076647967,-0.22235191
N84007,229.3966018619323,51.36868081625058,-0.22235191
N84008,451.5590797278728,165.95414868001572,0.5405324
N84009,-82.40031667956782,65.75358074767335,-0.19662465
N84010,-176.0945470282804,41.66692418463618,-0.22143626
N84011,323.32435055646084,128.21344376646547,-0.22235191
N84012,828.0642815681025,57.71603469248393,-0.22235191
N84013,314.96199606420413,301.6639364235246,0.5405324
N84014,-56.20378718839534,27.25398596495656,-0.22235191
N84015,849.8024287136909,74.52987778050324,-0.22235191
N84016,851.2415002931056,-10.02716761998774,-0.22235191
N84017,1173.32415002757,149.98427128799003,0.5405324
N84018,481.2491834459035,117.72803746877234,-0.22235191
N84019,690.2974246058933,-41.74668592918039,-0.22235191
N84020,417.3331701193735,146.80385004838058,-0.22235191
N84021,1564.0445808871873,60.1970649651705,0.5405324
N84023,803.0348581861126,33.01499564972416,-0.22235191
N84024,721.394623641186,169.48309965379343,0.5405324
N84025,542.0580787587052,166.27226328681755,-0.22235191
N84026,-166.1992257936126,15.240651640532155,-0.22235191
N84027,62.0748000118361,41.577264506758695,-0.22235191
N84028,809.4199780546768,74.34179529798327,-0.22235191
N84029,442.42721128605245,25.820304714563267,-0.22235191
N84032,-240.99833227752836,-7.038124829811989,0.48907796
N84034,590.5199238568292,58.432988390324425,-0.22235191
N84035,217.91815501163626,25.297519245024166,-0.22235191
N84036,-325.74285794163717,-81.40067954052036,-0.20795512
N84037,-144.25262013084867,29.188622907488863,-0.22235191
N84038,621.7476087902065,379.93538863606597,-0.22235191
N84041,52.60777236385309,29.114596632433432,-0.22235191
N84043,-167.7258446769633,-20.629083995932366,-0.22235191
N84605,-52.679595578706746,-24.030793581449956,-0.22235191
N84611,21.822407475849126,163.67197490841752,0.5405324
N84613,28.07874064884398,116.71150966894909,0.5405324
N84614,-149.8997666061793,70.58133742843546,0.5405324
N84615,-21.74133517271067,92.48252990186093,-0.22235191
N84616,-318.29637359016317,-78.2021447956636,-0.19662465
N84617,-102.26040756879588,42.47404927226598,0.5405324
N84618,63.27826541636726,16.021423109150085,-0.22235191
N84621,-80.43454927006779,26.002394901508673,-0.22235191
N84622,-271.8812478022508,-42.02530143863773,-0.19662464
N84624,-272.586230119923,13.158538040447764,-0.22287165
N84625,-98.24363209618298,11.307727894826776,0.5405324
N84626,-270.1932134657758,-0.8136483599323263,-0.22235191
N84627,-224.11484555466473,1.8575364445957203,-0.22235191
N84628,-488.3303975516972,-2.7505438956693733,0.5414277
N84630,-158.96083728684982,34.99280551918728,-0.22235191
N85001,-42.62368116095133,21.783765282808996,-0.22914103
N85002,999.3827450688285,405.0003150268249,-0.22914103
N85003,87.20790943951182,44.94014156294915,-1.2517991
N85004,-272.3143747026233,-133.05030676914146,-0.16053504
N85005,1019.3581254121058,-15.85291127748703,-1.2517991
N85006,537.0543904654356,93.84447929299769,-0.22914103
N85007,924.2748679261302,252.898839489457,-0.22914103
N85008,906.3752614291442,0.6174861662061738,-0.22914103
N85009,414.7127868884668,52.8668536337804,-0.22914103
N85011,-285.08183467609365,-145.75970524826033,-0.16053504
N85012,771.8062629740816,85.27743962575146,-0.22914103
N85013,346.19640296389616,44.40215744511744,-0.22914103
N85014,20.64660975283466,-22.65689818818643,-0.22914103
N85015,358.74668354000227,-7.062851892923389,-0.22914103
N85016,608.8617711627969,86.10327402907046,-0.22914103
N85017,367.0298282502453,36.591025939666196,-0.22914103
N85018,292.05915975233347,-3.9950447367492146,-0.22914103
N85019,899.3650964364002,92.61068541894399,-0.22914103
N85020,1365.7730086542063,634.016880518295,-0.22914103
N85021,-40.20059148273157,8.289836054246642,-0.22914103
N85022,-72.59197462104767,29.701418488248486,-0.22914103
N85023,350.6984323368349,28.24402138061926,-0.22914103
N85024,883.3766592877575,123.20963537304043,-0.22914103
N85025,112.07216347442542,53.18581029600173,-0.22914103
N85027,1102.5277011624778,64.06252958113436,-0.22914103
N85028,536.941461058111,26.993849828824388,-0.22914103
N85029,213.44152697630327,99.04570973922873,-0.16053504
N85031,453.59270746753367,-100.63829376697034,-0.22914103
N85032,181.66114391552443,-16.49283446010952,-0.22914103
N85034,470.46163085974473,-11.614313656910333,-0.22914103
N85037,359.07890020539946,39.533173647058526,-0.22914103
N85038,722.1244660763736,61.21222391346928,-0.22914103
N85040,256.95189291464555,63.78873463076859,-0.22914103
N85041,452.33600644246405,59.829279418368834,-0.16053504
N85044,1463.775201892472,644.9432917016672,-0.22914103
N85046,-22.579429088989095,52.296977926610694,-0.22914103
N85047,75.81236775803937,84.56090034229119,-1.2517991
N85048,134.17802451393078,27.442139415174754,-0.22914103
N85051,631.9848711599786,54.5396720976527,-0.22914103
N85052,-175.52601911015336,67.6061182470953,-0.22914103
N85053,35.71321212948417,51.44778443915717,-0.22469434
N85054,27.932930815619798,89.9475487191853,-0.22914103
N85056,15.85675810861202,15.676803112321567,-0.16053504
N85057,-261.31823482928377,-18.363577777520394,-0.22914103
N85058,-4.392954484207888,-20.27005499098647,-0.16053504
N85059,1.9127991104017323,59.640979130788395,-0.22914103
N85616,100.74387552141938,63.079292461330546,-0.22914103
N85617,-99.08409064667032,23.393179894048185,-0.22914103
N85619,79.69124912016458,124.60567246259352,-0.16053504
N85620,340.6313612456254,282.6737775888155,-0.22914103
N85625,1196.1699239338805,624.5558050410335,-0.22914103
N85629,265.75306172104166,27.159841545357953,-0.22914103
N85632,-497.83211494870733,-18.16163363993663,-0.16053504
N85633,-184.62871558580653,38.22393836251011,-0.22914103
N85634,-121.84679829815106,57.42006894734651,-0.22914103
N85635,-177.11098634137036,45.26954375447677,-0.16053504
N85638,-415.9226999618205,0.1344556971177304,-0.22914103
N85639,-494.04865867452764,-57.99592433621827,-0.16855496
N85640,91.7616881175179,34.71884580716346,-0.22914103
N85641,-474.450482799739,-5.934785232389535,-0.22982708
N85643,-185.53177035845295,127.12705340224433,-0.22982708
N85645,-439.57990971697535,-72.10830877756632,-0.23271425
N85647,-456.97914782847386,8.595754835735601,-0.20428002
N85648,-125.05777851241719,0.41906996172768013,-0.22914103
P81002,2921.8113416764572,2089.887671373843,0.030275362
P81003,844.6440493438705,25.022680309044958,-0.24986577
P81004,388.71910230122387,14.52521358121707,-1.2878886
P81005,709.8365241698783,26.037064987697768,-1.0885025
P81006,1462.6114815991855,585.1200618502655,0.48228878
P81008,552.2974141892635,118.99123457411807,-1.1521059
P81010,57.00850338772474,-11.502202322784257,0.79494625
P81011,439.2063780718588,253.4071601135928,0.056002606
P81013,934.0440057356161,102.73209689012663,0.030275362
P81014,396.0695455393073,95.8395499885671,0.5405324
P81015,422.10183772499227,137.59032410899783,-0.5900371
P81016,2053.236134292697,384.8711830069353,-1.2878886
P81017,747.4034146149537,105.17958195729285,-1.0524129
P81018,555.7262539085215,30.056268977474637,1.2040809
P81020,1662.483861508524,569.8210410441303,-1.1521059
P81022,1075.864012907105,-56.34785899394116,-1.0885025
P81025,1386.6008510901036,334.0765210450173,-0.86338913
P81027,1988.389452629904,172.61080965107982,-0.24986577
P81028,149.4115489378122,18.02435722235198,-1.1409694
P81029,1803.6199912915054,305.0922716519066,0.030275362
P81031,557.4483423287808,-16.86665186932046,-1.2878886
P81032,1114.7045432261812,83.45358783636367,-0.86338913
P81033,860.6497746798077,102.1837307999451,0.79494625
P81035,339.5034083234414,7.541610059465474,-1.1521059
P81036,1941.8934617085245,197.4878600345294,-1.0524129
P81037,710.1114144810138,132.93845522602143,-1.2878886
P81038,491.44461997519267,334.39739201752525,0.79494625
P81039,274.1702082210566,10.1579067567194,-0.7722718
P81040,562.9459827915676,41.691589267700536,1.2040809
P81041,119.38642456367023,72.48514966650933,0.5405324
P81042,1603.3181565858865,231.54108115903168,-1.2878886
P81043,576.1043923136634,14.346812007855258,-1.2878886
P81044,1821.6296270669045,160.3739520313432,0.79494625
P81045,-1.2467561439875792,0.015816301409798752,0.5405324
P81046,217.6550699563584,32.46148630591366,1.2040809
P81047,1142.0906446579227,399.7853030476172,-1.1521059
P81051,1271.5373458411068,88.61016170117253,-1.0885025
P81053,418.9675801236922,8.474761074783055,-1.1521059
P81054,913.4878826226451,250.9699423566286,-1.2878886
P81055,561.3953673244657,175.9931738027619,-0.5900371
P81056,451.0410894793386,-106.20331038506225,0.5251675
P81057,747.6482426529124,64.50534338778286,1.2040809
P81058,908.7633261395324,136.2452694478251,-1.0885025
P81059,527.6267699945851,33.60858167283082,1.0322087
P81061,280.2363771229516,-84.52360198042126,-1.0885025
P81062,528.6914695268681,33.415594753012755,0.79494625
P81063,1259.1505097064019,221.3218421696098,-1.2878886
P81064,166.8350913057775,-24.161788411477005,0.056002602
P81065,767.2871618411322,469.12396493863486,-0.86338913
P81066,713.8992639581119,233.74934749797572,-1.2878886
P81067,1006.1966088635627,100.78002228137507,-0.5900371
P81069,793.753841392491,136.3013626628982,1.860483
P81070,594.6977961547595,158.15777903311908,-1.1521059
P81071,335.58653456419535,-120.20198569035702,1.2040809
P81072,1946.9965086140235,355.3654327909502,-1.2878886
P81073,920.5167856695704,215.47425509108268,-1.2878886
P81074,1900.5326016993313,531.4278910013478,-1.2878886
P81076,583.8402820019694,8.223748828826666,1.2040809
P81077,803.7706740815767,196.35098127277473,1.0322087
P81078,828.0845092344643,113.58813663597822,-0.86338913
P81079,1054.309047592896,276.3290581746435,-1.2878886
P81081,239.07249897379526,131.12794756994828,-1.2878886
P81082,787.2813064781816,-18.806113466954127,1.2040809
P81083,448.3865034061962,8.43234560604275,1.2040809
P81084,252.30375179770817,23.954618099552384,-0.7722718
P81085,353.8900770837023,-82.09749207858096,0.5251675
P81086,1266.5856234111304,114.48137362639923,-1.2878886
P81087,1527.2995048438734,280.74369736044906,-1.2878886
P81088,539.9066450017731,73.89793098392204,-1.0799267
P81089,1759.6305641789024,64.74652783847736,-1.2878886
P81091,791.0224166781518,-13.3789628768742,0.056002606
P81092,707.3552213548603,-58.87330063580109,-1.2878886
P81093,-336.7351520730939,-17.780520908891777,1.2040809
P81095,552.7519380313673,3.91387565360362,-1.1521059
P81096,144.0168744293212,11.544416628856546,0.5405324
P81099,842.9788232709717,45.13732127321131,-0.24986577
P81100,1655.0948656487292,150.18248385051092,1.860483
P81103,570.6284281521648,70.09110983390876,-0.5900371
P81104,166.08810471357404,24.769250833850602,-1.1409694
P81107,141.42543825166067,-63.69563664274017,-0.5900371
P81109,253.2677555698604,-9.733947731593464,-1.0627753
P81112,1643.6101064041422,424.1685778039223,0.5405324
P81113,144.95400182770126,92.20520117920049,1.4274077
P81115,1845.4497152409024,262.3024191723036,-1.2878886
P81117,109.9441361697589,-3.798266512613141,1.2040809
P81118,735.0027502369865,170.16219406226276,-0.24986577
P81119,298.18960151162435,-21.999201728707252,1.2040809
P81121,-167.69393989188114,17.887366027204664,-0.7379688
P81123,2195.2159192031754,43.188350867974194,-0.86338913
P81125,723.2116091576587,-46.680547584381486,-1.0885025
P81127,-92.95972426730103,-16.824625996494174,0.79494625
P81128,813.6584736091202,82.98623001265466,1.0322087
P81129,938.8643384727286,109.15512114851913,1.0322087
P81130,1009.6065924374249,63.28173408699989,-1.1521059
P81132,843.3798605297939,148.40145915502004,-0.24986577
P81133,1057.9475428616358,172.67209828222695,-1.2878886
P81134,75.8854448663698,5.630626781720045,-1.1521059
P81136,-198.2456086580918,14.27920218203338,0.5405324
P81137,521.8195554877994,112.80879144568654,-1.1521059
P81138,-145.27421330900398,8.47598975730814,0.5405324
P81140,1705.3614533977327,714.4352235098671,-1.0885025
P81143,587.8001216128024,69.01399978402544,0.79494625
P81146,139.80157768285684,-159.42531746045685,-1.049886
P81147,409.26152976114696,70.56214494127038,-1.0524129
P81149,296.25686425431104,91.5038546729391,-1.2878886
P81150,583.675501919655,279.17347124710756,-1.2878886
P81152,405.26163016481104,338.2198969075307,1.2280756
P81153,947.9280290490224,300.3533445774883,0.5251675
P81154,442.69594254910356,5.893237319948769,0.79494625
P81155,-54.380948323350026,54.78462569608439,-1.0885025
P81157,571.6271953594645,167.37946949669578,1.0322087
P81159,1388.6834225024477,371.38649193932275,-1.2878886
P81160,1282.426231655122,240.85878601130608,-1.0524129
P81163,-250.32673249480337,-1.7410989850443586,1.2469597
P81165,-130.89282898921445,38.11139750325166,-1.1521059
P81166,-48.483577102563245,-32.809459737156686,-1.0524129
P81167,518.6043945354741,-108.69289627925345,-1.0885025
P81169,286.2694790066128,5.666477310101369,1.2040809
P81170,313.71943928838095,77.6817688309267,-0.86338913
P81171,-115.37485598596483,31.65342112785408,0.79494625
P81172,841.0641195607894,120.49665787978036,-1.2878886
P81173,-232.3642072015422,-30.81550830807799,1.2040809
P81176,-165.7369497493161,-155.64857048504865,1.2445537
P81177,-313.21196828435336,-56.19147835613876,0.5263317
P81179,-129.44398031812943,10.10058360176649,1.2040809
P81180,177.50019298719835,37.3551028391231,0.79494625
P81181,23.16426910559396,34.06217825822053,1.2040809
P81182,425.90563099304717,-146.32481888136806,-1.0524129
P81184,584.9899781114467,36.90748146872652,-0.5900371
P81185,840.3947824433252,215.21215131213083,1.2040809
P81186,-13.450193359952614,-33.98198724120789,1.2040809
P81190,271.45623042052136,25.225901229771498,0.52282405
P81191,597.2294541358463,85.6406061155083,-1.2878886
P81196,1756.551371372799,1214.0398088174309,1.2040809
P81197,50.24291858071542,51.2778478104832,-1.1521059
P81201,46.914655421485605,5.1618139490391615,0.5405324
P81204,323.2845488667035,-87.25602915026236,-1.0885025
P81208,1577.585011955343,626.8029039298294,-0.7722718
P81210,267.4403315883617,-88.24859432146303,-1.2858398
P81212,284.80377091557756,30.76854554346886,-0.24986577
P81213,443.481417924015,118.1706618944744,1.2040809
P81214,-43.33300876580498,-7.706079993031277,-1.0885025
P81215,404.6536617843627,26.488781360632768,-1.1409694
P81218,505.6358409407354,41.61920480137897,-1.0524129
P81607,169.62779107650758,72.62242040457153,-1.0627753
P81620,-392.3208044828727,-4.289286176490689,1.860483
P81622,274.21603691265165,19.365871333512715,-1.0885025
P81624,73.84592466306265,-165.55106808439217,0.5251675
P81629,139.83542199283409,-29.44824193942203,-1.279313
P81633,-75.08338059792047,24.52180076850107,-1.0885025
P81634,83.17416552476391,73.05320526980357,-0.8462376
P81641,-692.1235101417676,-318.47814126947384,-0.8462376
P81642,-230.21194589065337,5.451735084102064,1.2040809
P81643,64.39619855727918,-306.0929389429939,-1.0763088
P81646,-12.376464487522941,-21.256293102250368,0.5405324
P81647,-254.49465759544248,38.86428330600717,1.2040809
P81655,-6.366061356341911,218.7579429244398,1.2040809
P81659,90.57849806326259,114.59203671343452,-1.0462661
P81664,1495.55719906369,271.14915966682923,1.2040809
P81667,-254.86717658860735,-62.6839263769743,1.2244036
P81668,407.0931935826245,408.4457565645142,-1.2878886
P81674,30.427334815918822,-25.707059932267345,0.5405324
P81677,-417.85759411721847,-71.62302814231657,-1.0266856
P81681,1538.1929200136492,352.9441359766771,-1.2878886
P81683,306.2566126814215,-163.92875928795735,-1.0885025
P81684,318.70584974912435,49.83268675724509,-1.2802266
P81685,-16.094142888392316,21.179806772354716,1.2040809
P81686,-154.14473749480473,55.0478960250739,-0.24986577
P81687,-261.7895352231389,8.58778819515652,1.2040809
P81689,-242.25258954733772,-18.334090114083867,0.79494625
P81690,-224.70008133259154,-4.906923849141309,-1.2798142
P81691,-363.1973765711403,-35.82769544851434,-0.52143115
P81692,-296.9561505100098,39.77326138034799,1.2040809
P81694,-123.63121008756767,9.164457405100752,-1.0898424
P81695,18.909261937883453,76.54752742710387,0.5405324
P81699,-112.17918034336716,9.22257229841771,-1.0524129
P81700,-363.8756322325787,-20.80334423330424,1.2469597
P81701,-121.59515245415244,4.3545001813012885,0.79494625
P81704,410.47091815791987,283.44912650288336,-1.0885025
P81705,-185.9976622704599,-11.349943671050177,1.2469597
P81707,224.11256310628116,-113.49725578297998,-1.0885025
P81709,448.35701799083756,43.78712160134799,-1.0885025
P81710,373.00698015883427,114.05658537908903,0.5405324
P81711,-100.7381603207839,2.008077342396901,-1.0524129
P81712,75.89676585623718,65.86642008193304,-1.0627753
P81713,-129.41898270826172,-29.234447473623504,-1.2876135
P81714,328.34613519950705,292.36860094919535,-1.2878886
P81717,-655.4537829827633,-245.92555120637826,-1.0627753
P81721,-268.54184047354266,8.562241159028526,-1.0885025
P81722,-120.20438100797006,48.67513061032532,-1.279313
P81724,-236.61344246458037,-85.61821493296934,-1.0885025
P81726,-167.35192732118128,-17.723759842785416,-1.0524129
P81727,-207.86586587668955,-18.404743916617594,0.5354789
P81730,549.6216409258169,122.09181477819092,-1.0524129
P81731,-156.54139913598695,-89.87663514403354,-0.86338913
P81732,-45.359652132662106,41.34137669882459,-0.86338913
P81733,-160.48928631444235,-6.284620239765525,1.2445854
P81734,2440.5050194052787,175.03607845105276,-1.0885025
P81735,36.18906197833169,105.73725784500924,-0.5900371
P81736,221.6338931647287,-13.273997008974712,-0.86338913
P81737,-235.20553493493608,15.310090156260701,-1.2878886
P81738,-362.20580295732145,-55.31990173051072,-1.0524129
P81740,-338.470913323211,-0.9827707855845983,0.79342115
P81741,-225.65614311318464,10.992293084087645,1.2040809
P81742,-66.69533312156865,-7.538792836432307,-1.2878886
P81745,-91.24521419948907,14.340583587297907,-1.279313
P81746,141.32750168847542,168.4658232318146,0.7777948
P81748,202.50156061562478,95.59748008123832,1.2040809
P81749,-332.03465061091197,-32.6649411554239,-1.0357081
P81750,-286.7000198268035,-60.6291416406497,1.2097539
P81754,-179.58308200247427,-42.37181973080964,-1.279313
P81755,507.0611583522187,97.13111587736182,-1.0524129
P81756,-44.64234573854092,-74.24530577830464,-1.1515557
P81757,-216.97191895979543,-5.351690814691254,-0.86338913
P81758,-252.22601907666623,-31.838154855130902,-0.7615055
P81760,324.14556909464613,190.4394583179349,-1.279313
P81762,-235.51648199992206,-48.507778855504974,-1.279313
P81763,-222.60600479357134,-109.18512987557139,1.2262186
P81764,-349.0723516627039,-168.5371867107529,0.48907793
P81769,-334.70742913253815,13.956292492545881,1.2040809
P81770,-110.56797507317795,50.02947479220454,1.2040809
P81771,95.3128688039375,-82.75742967464801,-1.0885025
P81772,-180.12999418243422,-72.55466747825723,0.4945599
P81774,-312.4712600309654,-125.42306151115523,0.4919651
P81778,-95.89577650412711,-6.252500795323189,-0.86338913
P81779,-611.0634099799038,-263.2537691425182,-1.0266856
P81780,238.9046213061113,-57.542153542076456,-1.1521059
P81785,-209.86631674866234,15.754840333490526,-0.554617
P81793,-471.9444470245121,-0.5547455331823128,-1.0885535
P81797,-921.4416233619339,-626.1443430690733,-1.1349545
P81801,-484.49644532472774,-16.56913055481327,1.1180682
P82001,965.4530454678651,220.00721160668112,0.07672734
P82002,503.2251715663699,53.32830949390677,-0.6725787
P82003,1068.2110302215603,340.4839308523867,-0.6725787
P82004,472.2109841097129,-8.501545121231016,-0.6725787
P82005,247.56950994760706,2.620015243054861,-0.6725787
P82006,492.1009769875836,69.42655038161756,-0.6725787
P82007,1490.6253045636988,348.6469637409296,-1.0438372
P82008,1708.8994577714398,-72.54535150762666,-1.0438372
P82009,419.80953997924746,43.86268621364831,-0.6725787
P82010,459.9571535117153,137.69359929660504,-0.6725787
P82011,173.04892925322818,108.4200555807552,-0.6725787
P82012,457.689365056032,82.2546948012382,-0.6725787
P82013,259.1083949662996,-63.117629308368144,-0.6725787
P82014,291.77245658235034,-5.555315449720691,-0.6725787
P82015,1891.3842678500052,166.8684275912532,-0.6725787
P82016,789.6762629826917,71.76109899458255,-0.6725787
P82018,390.6717026295351,73.25805051816545,0.07672734
P82020,44.21873920417767,40.099795097183474,0.07672734
P82021,190.36717250799757,107.7628949451834,-0.6725787
P82022,84.60757708068535,1.6694492394163838,-0.6725787
P82023,286.87400600355716,94.49550729609896,-0.6725787
P82025,-18.00996545217274,-1.5571896647603611,-0.6725787
P82029,43.36554169920882,2.8775411884546043,-0.6725787
P82030,-134.82201744004217,26.35143596858966,-0.6725787
P82031,585.2887936242067,114.76872351368124,-0.6725787
P82033,-257.0681651452529,1.1891590391471378,-0.6725787
P82034,-204.11194457136446,26.048922844695397,-0.6725787
P82036,-110.19734726225914,26.980563251370924,0.07672734
P82037,159.55466161273233,-12.327897874402183,-1.0438372
P82607,114.6005943879398,38.77124022872002,-0.6725787
P82609,264.1398503057706,-3.4288784349736656,-0.6725787
P82613,363.759393518264,87.31646456696365,0.07672734
P82616,-68.8483933145212,73.25713300469339,-0.6725787
P82624,25.258910429108667,130.06013491721467,-0.6725787
P82625,-287.9078928255731,-11.48357354500919,-0.6725787
P82626,199.76708324330352,7.332245456285769,-0.6725787
P82627,-34.99775155195004,-9.001238175379223,-0.6725787
P82629,-270.86594165423355,-5.849325569351478,-0.6725787
P82633,-164.4658528221565,31.920872637038986,-0.6725787
P82634,-31.444743390144478,18.86966722748419,-0.6725787
P82640,-5.095852813102562,131.31276027797554,-0.6725787
P82643,-19.91862983696202,45.6004718157836,-0.6725787
P82652,124.28746128540948,9.035809344048229,-1.0438372
P82657,-610.4887215131157,-268.40110392144044,-0.6297
P82660,-96.52817421233853,-15.001962564042646,-0.6725787
P82661,-467.594643765864,-25.68080445702088,-0.66268504
P83001,422.6705413222216,107.00884753679335,0.07672734
P83004,476.88018548856604,-31.69566319208667,0.07672734
P83005,205.47764093335437,1.4019546578283664,0.07672734
P83006,320.7405065703921,45.47613869345533,0.07672734
P83007,618.7612793772009,108.39949375738787,0.07672734
P83008,461.6618750962494,99.07912950610685,0.10111462
P83009,268.57848734864837,81.17190786799102,0.07672734
P83010,29.79437629317013,-22.694848890888746,0.07672734
P83011,390.82937619500893,27.567045501205612,0.07672734
P83012,1741.2966190514373,945.7418951702142,0.07672734
P83015,428.7233936638099,-18.966285951276763,0.07672734
P83017,-113.64719030342046,-36.73922762776788,0.07672734
P83019,200.39986310873778,14.06734360104666,0.10111462
P83020,848.8943957147203,564.4415007402929,0.07672734
P83021,657.0860470935016,540.747791394536,0.07672734
P83023,416.93278025220604,-15.517079735726774,0.09690417
P83024,116.74159272290355,-17.19022490230896,0.07672734
P83025,-5.156403672844978,37.782747192601306,-1.3154025
P83026,-80.17882188553361,-36.6427751469181,0.12818183
P83027,-323.1287587612659,-2.4244155429801997,0.07672734
P83029,441.58745201562044,51.970929278758284,0.10111462
P83030,-186.75575744027762,-65.8849621025137,0.12818183
P83603,987.4965790364806,54.6542525219353,0.07672734
P83605,180.94764564603858,61.03085556870023,-1.3154025
P83608,255.78867405424882,-40.52836563102986,0.07672734
P83609,-99.84250403888568,5.6466087488596655,0.07672734
P83611,-185.33372195002977,9.541582932895901,0.07672734
P83612,-40.60198375243241,74.55736797456447,0.07672734
P83620,24.4650671288323,22.062081880750235,0.07672734
P83621,-25.438847956764093,8.29482082102623,0.07672734
P83623,-80.21200134398399,9.28433463668772,0.07672734
P84004,734.3013607689776,117.44861091809845,-1.3154025
P84005,-127.36267558502969,-10.876774011071744,-1.3154025
P84009,549.3526126305972,63.61766380921628,-1.3154025
P84010,608.332591644389,6.488931635186043,-1.3154025
P84012,942.295634688397,124.80356912695113,-1.3154025
P84014,274.9806499348272,151.46147417613113,-1.3154025
P84016,512.161587644773,129.81077780430917,-1.3154025
P84017,774.5196386451737,57.644740215278794,-1.3154025
P84018,-149.3892251536993,67.01791048096992,-1.3154025
P84019,1160.74490494268,168.29185950033536,-1.3154025
P84020,636.4404291256138,-83.29703058722357,-1.3154025
P84021,646.5188713099498,166.32771062304138,1.1129636
P84022,462.69670108658494,97.2753683003511,-1.3154025
P84023,210.55702133242096,40.61264175501532,-1.3154025
P84024,775.7637717754835,26.934221890488477,1.1129636
P84025,610.921104249128,-15.39385297034855,-1.3154025
P84026,293.5413112826855,86.78376383165806,-1.3154025
P84027,219.47064706487706,30.069741525737705,-1.3154025
P84028,842.3242167574416,156.2231054720203,-1.3154025
P84029,1785.5699137805168,329.75277300432884,-1.3154025
P84030,1050.2209433423716,211.25326515470076,-1.3154025
P84032,464.92203985540834,68.50193601830252,-1.3154025
P84033,192.94795223757066,-29.461940069993776,-1.3154025
P84034,325.6073141576586,104.63962257996207,-1.3154025
P84035,1048.0142206737933,156.11394995955197,-1.3154025
P84037,196.67834820606575,-69.19065073264653,-1.3154025
P84038,584.4317295214869,173.0032025073363,-1.3154025
P84039,395.3571353517692,34.807257311288225,-1.3154025
P84040,414.31770157221587,205.24328678037878,-1.3154025
P84041,438.7270260955445,106.91495796652731,-1.3154025
P84042,533.3979306967407,98.01355088991251,-1.3154025
P84043,818.0316666839815,148.93920902000784,-1.3154025
P84045,281.3058952307246,128.37563145622016,1.1129636
P84046,1128.1249975038843,354.17159919391696,-1.3154025
P84047,397.41997505621634,-38.01594621328656,-1.3154025
P84048,673.8071021498089,51.2848878360318,-1.3154025
P84049,1465.1481103352373,187.5085702332668,-1.3154025
P84050,502.5900694846957,-21.300342248857962,-1.3154025
P84051,324.3275916559797,91.98427867544076,-1.3154025
P84052,542.6559247016761,113.80826462324491,-1.3154025
P84053,605.9759158563578,194.4457359582541,-1.3154025
P84054,607.588092045818,115.61831793098506,-1.3154025
P84055,-3.339374668873799,82.83750121537645,-1.3154025
P84056,110.80989987814536,77.01562911006572,-1.3154025
P84057,-236.5856271408469,7.235362390747597,-1.3154025
P84059,384.0690484539485,207.76005060041493,-1.3154025
P84061,51.7343362109631,111.43345990664075,1.1129636
P84062,-155.8333190399479,-21.180395567536625,-1.3154024
P84063,-29.822864513495897,71.0540534315505,-1.3154025
P84064,240.31554279198315,115.30838506164206,-1.3154025
P84065,82.71423516409673,42.62533932234235,-1.3154025
P84066,163.7845775152186,69.5531279248757,-1.3154025
P84067,353.4574548242534,61.86223987304963,-1.3154025
P84068,716.9469511395617,692.9765080457356,-1.3154025
P84070,362.3218578342483,146.90766577259788,-1.3154025
P84071,-15.062456438820341,-0.2549988165701626,-1.3154025
P84072,1331.6231874273853,337.7092231039051,-1.3154025
P84074,597.979869735021,293.85793977029596,-1.3154025
P84605,-172.26930712333888,15.199973721019202,-1.3154025
P84611,129.27464278775267,118.6496780007179,-1.3154025
P84616,236.31952882810603,351.1090670572718,-1.3154025
P84623,-380.5446023525792,-43.147540541692294,-1.3154025
P84626,117.6856921707382,-66.9664067695577,-1.3154025
P84627,-310.6312925160075,15.541429445206452,0.669526
P84630,454.6577796770377,198.2158590968604,-1.3154025
P84631,-217.19273620593648,-47.57864832297859,-1.3154024
P84635,19.227261523386186,168.00409353144855,-1.3154025
P84637,26.733882922350865,66.65226673625821,-1.3154025
P84639,-185.09770533546515,65.12389430150479,-1.3154025
P84640,-3.0522763509576394,100.31089393391116,-1.3154025
P84644,148.6220231162089,189.72245118141566,-1.3154025
P84645,414.26318791871296,101.82800603608487,-1.3154025
P84646,-504.7623366365211,-64.59217181428932,-1.3154025
P84650,140.89700184163394,67.76858350015756,-1.3154025
P84651,16.902406778906975,99.22152381715586,-1.3154025
P84652,236.2279058189471,111.68218870611182,-1.3154025
P84659,-130.2366591346137,-6.179760100390985,-1.3154025
P84662,-500.5039618942786,-91.73899260231059,-1.3154025
P84663,185.50131536354286,44.50938683009827,-1.3154025
P84665,-235.44395964761924,-30.14219823314984,-1.3154025
P84668,-68.27335271543723,161.4054683049197,-1.3154025
P84669,498.33783856633994,271.66664771833297,-1.3154025
P84672,-114.28900990023881,50.30359051555405,1.1129636
P84673,738.5419148422287,219.3117293149443,-1.3154025
P84676,-220.1056638252649,-93.01170524854061,-1.3154025
P84677,-178.05145778647938,15.882088332393888,-1.3154025
P84678,251.2178108092988,249.49144149965315,-1.3154025
P84679,-227.93284863171667,-0.16084194851859246,-1.3154025
P84682,-199.98857679064028,-23.286730011169286,-1.3154025
P84683,-210.81994588975326,30.636532602758354,-1.3154025
P84684,137.3119299327421,63.95930611934091,-1.3154025
P84689,43.07702970605964,45.48542663965413,-1.3154025
P84690,-21.109731287390762,37.7327978262397,-1.3154025
P84696,-474.9456110010541,-4.1225226866487645,-1.3154025
P84697,-475.8607306878972,-8.626178793980515,-1.3154025
P85001,151.35463108815097,7.690140672458423,-1.0799267
P85002,320.616863303388,93.09280850555197,-0.797999
P85003,417.0573513578189,1.9831243767154914,-0.797999
P85004,253.99360329833792,91.07917531501796,-1.0799267
P85005,676.2999578071702,24.77538436150981,-0.797999
P85006,388.5460656294014,118.9317423345582,-1.0799267
P85007,-101.24352669437069,25.998099014185158,-0.797999
P85008,1352.1783092433463,91.27876827168502,-0.98023367
P85010,1029.3329768791625,54.186175849308924,-1.0799267
P85011,498.84406717267666,89.15526511958068,-1.0799267
P85012,425.54619844934837,85.90851964050033,-0.98023367
P85013,1421.1409928910616,174.93337395211742,-1.0799267
P85014,190.33881240201632,-72.11163030150925,-0.797999
P85015,573.2035076624366,148.68571626229087,-0.797999
P85016,852.3603012284626,145.77471580846853,-0.797999
P85017,943.8365943441039,97.60770259920731,-0.797999
P85018,166.7848066842238,98.71458197323295,-1.0799267
P85019,135.6023249925571,156.0005282196269,-1.0799267
P85020,701.4884503698216,309.0127991990799,-0.797999
P85021,771.3483484710385,466.6329270578027,-0.797999
P85022,26.805099066113694,7.783109817872707,-0.797999
P85025,53.85018444852954,-53.23190617743732,-1.0732012
P85026,227.3274764178767,86.7363573684485,-0.97940826
P85028,346.1275035627733,-25.7636287308153,-1.0799267
P85029,-149.2359429656364,-20.350653747409726,-0.7379688
P85601,-112.66697747934762,-45.30481466373249,-0.797999
P85602,-244.7675230980378,38.86887041945757,-0.797999
P85603,-248.6232275547498,-7.879030009753406,-0.7379688
P85605,64.67225146430836,7.536459895001153,-0.98023367
P85606,-84.09427690234992,83.21812065189482,-0.797999
P85607,-66.70405056837991,32.97442814846255,-1.0799267
P85608,131.142165541067,136.52099332073956,-0.797999
P85610,-156.60990791603118,19.55754863447306,-0.98023367
P85612,-115.77568117712113,54.822827116325456,-1.0799267
P85613,-124.450902248558,6.799574253682849,-1.0799267
P85614,-61.59102866405136,112.13587987080818,-0.797999
P85615,504.88172055362156,297.88403546957835,-1.0799267
P85620,-182.34522292754855,-42.86792746687467,-0.98023367
P85621,126.02927324726974,38.29232050125439,-0.797999
P85622,44.890320928289746,15.055040635617775,-0.797999
P86001,172.51389578880256,65.41288465663142,-1.0799267
P86002,-251.2464979595018,-25.08041934200904,-1.0799267
P86003,791.4532888912065,8.987283904430258,-1.0799267
P86004,803.3371164588166,228.22939813927485,-1.3154025
P86005,436.60122570774485,180.46385781293606,-1.0799267
P86006,783.7815291984919,131.6726903445533,-1.0799267
P86007,1406.5552480426609,99.16674922310564,-1.0799267
P86008,842.954318008174,121.26123591251421,-1.0799267
P86009,856.2472336637684,137.43096290095355,-1.0799267
P86010,610.3462050846533,119.61029992965179,-1.0799267
P86011,883.8958019753095,-42.22400373951179,-1.0799267
P86012,871.4425206850349,64.46636416062351,-1.0799267
P86013,326.31419788933465,-78.45652569504563,-1.0799267
P86014,535.8368159824093,-185.89841676537208,-1.0799267
P86015,143.94290299000662,-50.86838620929939,-1.0799267
P86016,966.7616288604712,342.0517056548042,0.07672734
P86017,103.39851687221399,-56.54676182720075,-1.0799267
P86018,557.4372852561138,81.1811487147333,-1.0799267
P86019,875.6493764561758,106.5102216258156,-1.0799267
P86021,-59.59707702005496,52.28538259435884,-1.0799267
P86022,583.9424779754387,94.47755303606422,-1.0799267
P86023,318.9547741124208,95.20355487480654,-1.0799267
P86026,344.67677843399446,149.47657053790113,-1.0799267
P86602,119.83293825767805,102.70956602964107,0.07672734
P86605,139.51323686737592,85.23695415915871,-1.0627753
P86606,269.29021357372903,83.4888505173819,-1.3154025
P86608,-104.4848392986108,7.351888810472432,-1.0799267
P86609,-220.73521419263406,-31.982289315566923,-1.0799267
P86614,115.12492562836354,-84.64030989568016,-1.0799267
P86619,297.182959489782,-256.9671606810371,-1.0799267
P86620,-59.744721224199345,59.65662697792585,-1.0799267
P86621,-473.34234906551836,2.9391944205845064,-1.0720887
P86624,55.93494035998779,36.17291695974911,-1.0799267
P87002,807.2551959646615,101.9294735274504,-1.0438372
P87003,85.57354397405186,1.5998665199791045,-1.0438372
P87004,42.62091393027471,94.61490652659533,-1.3154025
P87008,595.3175663329918,90.46228891905551,-1.0438372
P87014,172.41282937746186,77.01675368334993,-1.0438372
P87015,179.11167304123506,29.22941251484552,-1.3154025
P87016,572.2431562452052,37.2802807336416,-1.0438372
P87017,405.2859373949883,109.31245102585429,-1.0438372
P87019,1460.5713392382359,353.5302848378361,-1.0438372
P87020,388.811386172863,162.59140406691773,-1.0438372
P87022,-138.90549296575668,-6.22244522226164,-1.3154025
P87024,1309.446101600807,206.8696812642321,-1.0438372
P87025,776.3807236985208,151.65418266470058,-1.0438372
P87026,1189.6157753470209,621.0406764403732,-1.3154025
P87027,839.6471466283953,131.45551904348474,-1.3154025
P87028,218.76517281474887,159.95036427334412,-1.0438372
P87032,282.23512598105566,47.31804036854618,-1.0438372
P87035,576.712925191925,-4.861316882883412,-1.3154025
P87036,-110.71574160246622,-61.37203419398468,-1.3154025
P87039,175.94616708410075,89.20084655904398,-1.0438372
P87040,1177.1927446482641,116.16495812940099,-1.3154025
P87610,894.7872116308278,67.97307730576063,-1.0438372
P87613,4.81144234966862,118.19797756378145,-1.0438372
P87618,-158.13477713366473,7.032475367575214,-1.0438372
P87620,857.9804626083212,120.25840487438387,-1.0438372
P87624,-8.341556337320972,53.45404084156253,-1.0438372
P87625,-38.43293807008803,79.66988598400113,-1.0438372
P87627,-265.86440821452004,-6.570089772920437,-1.0438372
P87629,-185.5249968602818,31.715750004304752,-1.0266856
P87630,63.25380556120681,-0.06808707114292514,-1.0438372
P87632,-367.66116450672325,-47.17826340432955,-1.0266856
P87634,688.8780201728679,183.27436778182923,-1.3154025
P87637,-238.09221480699705,-329.66706670326073,-1.0266856
P87639,-163.6317951211967,30.4180014254071,-1.3154025
P87641,15.417215069372142,-21.933308027854615,-1.3154025
P87648,-363.86955254237165,25.61428709309401,-1.3154025
P87649,-259.0331902478686,51.739054491149766,-1.0438372
P87651,-378.3742543265603,9.89019877760548,-1.3154025
P87652,-91.78479977725266,-92.60593409191956,-1.3154024
P87654,692.5253863552257,263.1803285333603,-1.3154025
P87657,39.07383852558955,40.63621379301619,-1.0438372
P87658,-98.9422766959687,31.5042674971355,-1.0438372
P87659,58.50988159245177,222.8807140895485,-1.0438372
P87660,10.083031950869117,-36.09536214936861,-1.0438372
P87661,-164.69035470348493,33.754312610638294,-1.0438372
P87664,-452.9704876105987,-3.41466599849983,-1.3154025
P87668,-170.89301310459328,-52.91967741106606,-1.3154025
P88001,665.4231787687737,219.2246986865132,0.669526
P88002,-31.60538596163561,48.204325755186076,0.60949576
P88003,1031.0018730581367,112.03573481493794,0.60949576
P88004,518.2854641096567,147.26587655618533,0.669526
P88005,1115.779503901076,523.8956303985508,0.60949576
P88006,352.45089596703804,123.39318977000731,0.60949576
P88007,629.310100805194,59.36034174195852,0.60949576
P88008,468.0730167638197,130.36159529368777,-1.3154025
P88009,-163.0037879367921,-172.04174982945418,0.60949576
P88010,-228.47348535126667,-50.55729825167077,0.6662871
P88011,580.5905607484525,150.11085693957406,0.60949576
P88012,343.2516348806115,-31.502060700731,0.60949576
P88013,1091.5307792278345,101.58158207831397,0.60949576
P88014,355.57079873098695,85.27470116875666,0.60949576
P88015,351.54369080148945,61.459764374206515,0.60949576
P88016,1075.331003533426,227.37586029278134,0.60949576
P88017,394.8778911382777,73.52801507735948,0.60949576
P88018,528.0907484459104,195.0115847125729,0.60949576
P88019,146.72141713976686,137.2882144825038,0.60949576
P88020,847.510582791574,133.92051057499066,-1.3154025
P88021,351.2994392721964,-12.928220767415366,0.60949576
P88023,270.6126402946163,55.39633450732715,-1.3154025
P88024,299.953876300968,38.33475880867049,-1.3154025
P88025,501.7005052399487,97.7405977131455,0.60949576
P88026,2509.3785532924785,1697.4628379371952,0.60949576
P88028,35.26768959142827,76.91787339585012,0.6600524
P88031,226.9871711982519,121.70098103086558,0.60949576
P88033,-254.7855379867536,-25.49580250710424,0.669526
P88034,62.70323527548032,110.67283436496498,0.60949576
P88041,-133.84915035840228,64.78483536998995,0.60949576
P88042,213.28635794518527,40.90608804380273,-1.3154025
P88043,1293.3467313527467,783.1978929318069,0.60949576
P88044,148.04105729044025,62.25136403858872,0.60949576
P88600,-386.6957852810356,13.398457446008843,0.60949576
P88604,-145.03817525099245,-33.3181494335073,0.669526
P88606,37.78713767004354,108.43908014280407,0.60949576
P88607,-42.441015080712795,23.45875785986165,0.60949576
P88610,-57.90178166907758,113.62342062255912,0.60949576
P88615,-271.48640913807697,32.70291951651158,0.60949576
P88617,99.81466729565211,53.972911553410675,0.6260632
P88618,-387.53655029871953,-33.76000142578859,0.669526
P88620,-388.6881698197303,-33.75869750019425,0.669526
P88623,76.37124451094434,83.04433089465904,0.60949576
P88624,-201.35292069675032,27.923451843596606,0.6174379
P88625,393.0204223085744,251.37641078535512,0.60949576
P88628,-316.78013710972624,-75.1305038930661,0.669526
P88632,1506.2423584524722,683.7622402807914,0.60949576
P88633,-498.5480565380571,-294.38013273262544,0.669526
P89002,1034.8047070505718,226.22608502307662,-0.98023367
P89003,785.6549632097524,54.04815151402939,-0.98023367
P89004,362.90997307903586,48.72546966465747,-0.98023367
P89005,404.79875917261495,71.11169890725499,-0.98023367
P89006,889.3323557630791,193.09495718062345,-0.797999
P89007,271.367224930356,66.61231610130017,-0.98023367
P89008,1344.1613708935688,550.9163208396001,-0.98023367
P89010,577.8613214092032,147.48442080698237,-0.98023367
P89011,279.2459553538271,34.845767676091796,-0.98023367
P89012,729.4044020163828,155.53818200327262,-0.98023367
P89013,602.6640841505296,14.51664421501303,-0.98023367
P89014,1385.737815753,221.67706001577466,-0.98023367
P89015,1966.2248096764467,606.9665171857049,-0.98023367
P89016,709.4288810542698,103.30719713984494,-0.98023367
P89017,73.07221551002979,1.8314985251541303,-0.9711632
P89018,429.7806483707622,117.98293936985998,-0.98023367
P89019,534.8113965830886,-76.40820652294435,-0.95450646
P89020,729.6354296273173,477.1480471176895,-0.98023367
P89021,633.3159463443083,471.9232015223168,-0.98023367
P89022,35.381372997778804,26.45641007111332,-0.98023367
P89023,227.50545379498527,80.1773532868798,-0.98023367
P89025,-110.8887841521483,-9.03220571575264,-0.98023367
P89026,387.940948262144,132.14222522225012,-0.98023367
P89027,-43.789188111218486,18.516450332889246,-0.95450646
P89029,171.98905867081947,22.091555635831956,-0.98023367
P89030,172.56378046491665,1.404476774249408,-0.98023367
P89033,514.2182241564831,17.837899119040095,-0.96469647
P89602,27.519421836864744,47.58642301098275,-0.98023367
P89609,156.45025935986993,54.36613564289375,-0.98023367
P89612,-267.22559930801464,8.136637825572896,-0.797999
P89613,-100.07309641785241,22.704032918246572,-0.98023367
P89616,-377.2749659971966,-72.57929923206865,-0.95450646
P89618,-205.22816213565383,-0.6743847104568582,-0.797999
P91003,67.79985832485117,32.689524507805906,1.1129636
P91004,81.75176468940543,94.1987869977374,1.1129636
P91006,1509.3250987659533,19.407531548043842,-1.0438372
P91007,-170.21640984095575,86.5761040535051,1.1129636
P91008,-85.32519012868492,3.1724513205918963,1.1129636
P91009,774.1228309957434,115.72487974895512,-1.0438372
P91011,-85.93175196594741,13.397374070917214,1.1129636
P91012,399.46709174051006,79.18695471111211,-1.0438372
P91013,547.1738033022033,169.70821726523062,1.1129636
P91014,1089.4864232014154,158.6484894303657,1.1129636
P91016,308.80146042086506,102.69347483880408,1.1129636
P91017,283.49715080598787,102.00297776388574,1.1129636
P91018,1583.3914688602606,-75.64491660479156,1.1129636
P91019,180.4017382183957,-16.608600141954547,1.1129636
P91020,240.44538777817,-108.62229941892893,-1.3154025
P91021,1081.7116536197157,106.65665881371585,1.1129636
P91025,-306.08935682466876,-26.709630194714812,1.1386908
P91026,470.9871276096623,114.45340882760809,1.1129636
P91027,-238.13171026703444,-132.64728060134266,-1.3154025
P91029,161.18412610972675,159.92215625137854,1.1129636
P91030,-469.4603722312237,-101.37496962598813,1.1386908
P91032,-90.59342423076,77.45005369786443,1.1129636
P91035,322.28760770698335,80.9720474346857,1.1129636
P91603,134.49338686152268,49.76107593061327,1.1129636
P91604,775.8965749665861,120.63859816153217,1.1129636
P91605,-262.0612937637169,-47.48351372850032,1.1386908
P91615,252.49610864873063,-103.04404205887289,-1.3154025
P91617,-313.0121526363458,10.641276499122375,1.1129636
P91619,71.43108755727215,252.0304668659799,-1.3154025
P91623,-13.028927642073892,75.4467040291549,1.1129636
P91625,305.86532984848196,46.56214783603802,1.1129636
P91627,201.31745974696565,154.64161479124164,1.1129636
P91629,864.1846357334074,286.75238153569757,-1.3154025
P91630,-451.4649036588352,-202.9066498321995,-1.3154025
P91631,-240.2281020862935,20.04042892883166,1.1129636
P91633,-45.25016012674852,92.29846818166006,1.1129636
P92001,177.66921344806414,1.683688679538012,-0.7722718
P92002,-11.438328360420336,-33.546418306410686,-0.17768654
P92003,881.5998314039125,161.67448189796457,-0.17768654
P92004,555.3218899570031,52.165840183851024,-0.17768654
P92005,-46.61418062906017,12.223751242808865,-0.17768654
P92006,538.715217333193,32.05693705169234,-0.17768654
P92007,646.9141300161699,111.61569067148277,-0.17768654
P92008,876.7431016169976,32.3209077982958,-0.7722718
P92010,1048.7733451227296,88.36420871724819,-0.17768654
P92011,312.4533997889093,89.61887310831888,-0.17768654
P92012,178.90005047059665,21.756933540790683,-0.17768654
P92014,672.4482897531867,93.3725710417359,0.79494625
P92015,93.4118175695287,101.28315045554102,-0.17768654
P92016,1414.8095333708488,256.4073462683413,-0.17768654
P92017,1413.611468681555,56.13284355309512,-0.7722718
P92019,855.7794186887563,44.26144720130599,-0.7722718
P92020,51.88490475660405,90.50178012049527,-1.0438372
P92021,723.8420234822893,57.26582656039399,-0.7722718
P92023,440.10229274845375,105.40191344898716,-0.17768654
P92024,10.093809683663874,48.549118870587144,-0.17768654
P92026,739.1578424309439,-56.13042045689632,-0.17768654
P92028,297.45787959481476,172.3234993919107,-0.6725787
P92029,128.61174804188852,92.29897134377038,-0.17768654
P92030,-128.53871958836288,40.183071864421116,-0.17768654
P92031,-27.404573436893177,-24.559909329289976,-0.17768654
P92033,111.55306552482321,21.876547015369464,-0.6725787
P92034,160.44447183538662,39.028248455099714,-0.7722718
P92035,-39.89743792947974,70.74216066473554,-0.17768654
P92038,-282.13410469871434,3.732789651876913,-0.7722718
P92041,589.3625944081778,36.14338325416846,-0.7722718
P92042,278.9570616321313,191.55653925744446,-0.6725787
P92602,-189.56624366202564,26.112372068022733,-0.17768654
P92605,136.9850050614646,39.67688602853741,-1.0438372
P92606,-143.54308081387617,25.935609656674526,-0.16053504
P92607,596.0326406097328,510.7926594580489,-0.17768654
P92615,80.42959927027832,62.030286746310445,-0.17768654
P92616,103.25181412146925,29.6461785372101,-0.17768654
P92619,-290.03211107864024,-80.10239279808594,-0.6628858
P92620,25.121848914198196,76.41536310497202,-0.17768654
P92621,-150.12800151871733,42.783240426552275,-0.17768654
P92623,-161.1805754519888,-10.92890147158214,-0.17768654
P92626,274.30254432435913,125.2386167084627,-0.6725787
P92630,-201.5331222406762,-3.9992099232140395,-0.17768654
P92632,-142.80970209268668,24.417149698170057,-0.16053504
P92633,-152.27403827645836,21.20634280803803,-0.6725787
P92634,-3.3786312899657975,16.778143663530546,-0.17768654
P92635,-142.70653369486917,-8.709582718860442,-0.6725787
P92637,-197.97080517468575,47.924738613231604,-1.0438372
P92639,-159.04081464886463,30.398525895720883,-0.17768654
P92642,217.18242447877262,95.72299101853108,-0.17768654
P92643,-348.81428321716845,-30.992836702046336,-0.16053504
P92646,-133.81242558047475,1.4473202918002521,-1.0438372
P92647,-67.35887987433738,-10.200704034486304,-0.17768654
P92648,-193.3092041846954,71.38898140940641,-0.17768654
P92651,201.81513544895816,9.669063714716215,-0.17768654
P92652,128.17527409106228,34.98634388192889,-0.6725787
P92653,-28.054447848886912,79.93166107934626,-0.17768654
Y00016,-452.79661650971883,-9.154709287596619,0.07672734
Y00020,-142.51168279890766,41.385731904796806,-1.0388347
Y00023,-250.14598464028137,49.79786483241514,-1.2432233
Y00025,-222.23502312816998,-35.69025083443744,-0.23859844
Y00026,-225.44790959546123,17.746945235120204,-0.5746722
Y00028,97.92694779990737,-3.6117092021536648,-0.12444543
Y00030,-480.54323107003233,-22.69303086454361,1.6439453
Y00033,-56.41181265922631,67.04698375750029,0.5012269
Y00035,-479.447236889679,-4.374111948986839,-0.9761602
Y00036,-511.72576622598325,-35.951261865444295,-0.95450646
Y00039,-502.52919690446737,-20.969604871098237,-1.1349545
Y00042,-495.42461539853304,-5.638068820849063,1.503597
Y00044,-478.9977490613663,-7.260414820259374,-1.2071337
Y00048,-467.61084920396667,5.613721772147513,0.4358368
Y00049,-447.1653071995644,2.7818944829810195,-0.514642
Y00050,-227.89498031464368,33.334589480536906,-0.17768654
Y00052,-500.3596548916548,-12.933557106704491,0.7777948
Y00054,-463.594393684317,-4.477980279238404,0.20893678
Y00056,-392.852516280294,17.6898736684064,1.1319017
Y00057,-77.18956610008797,166.0733564294646,-0.72081727
Y00058,189.10853016270326,115.30921929915314,0.7624299
Y00060,-389.3888886732405,-0.4060107905419653,-0.6057593
Y00061,-465.6217985996699,-61.263372577392246,-0.4492519
Y00065,-314.82164869277767,22.10893985102454,-1.2071337
Y00068,-495.36549526410346,-2.1611094473813823,1.8243934
Y00071,-469.7392194367242,-79.285044648631,0.5748354
Y00073,-474.56515381960975,0.8104931173553931,-1.0521606
Y00075,-305.4798046777057,-57.95061579580182,1.7878412
Y00078,-72.48958073629983,50.116741466600665,1.1937186
Y00079,-366.50313288990657,-43.63037865934907,-0.12444544
Y00080,11.759000768584487,131.10702789205214,-0.041903853
Y00081,-464.56706629691746,-0.2736042138089411,-0.24173667
Y00082,-368.3263140256003,-22.22175082451434,-0.12444543
Y00090,143.32452372696343,-23.99059503318461,0.10388388
Y00092,-341.4120507303622,-12.040013120290416,-1.1409694
Y00094,-474.30903547596455,-2.7034860938546466,-0.7018792
Y00097,-466.96177474007817,0.6973991114963827,-0.99059606
Y00099,-482.22781073662753,-10.773699772357613,-0.99059606
Y00100,-468.37485272755964,-3.6778324833640195,-1.0163233
Y00105,-258.5383337987019,-8.268803123861906,-1.0818815
Y00108,-408.7312543563784,23.93049517062455,-1.2071337
Y00110,-134.06950667394722,17.044504538944736,-1.2517991
Y00134,-550.101419405567,-44.61160053822619,2.2935584
Y00136,-490.712236704939,-9.364374868617368,-0.0010085123
Y00137,81.8394410002043,155.26185476946603,-1.1538926
Y00140,-118.13475102662021,-33.390329822994474,-0.6057593
Y00142,-485.7474415883131,-3.506254865343678,-0.04269142
Y00151,159.42523864244654,-72.32607335487916,0.18794312
Y00152,-506.3174197692035,-47.874809421829546,1.2830493
Y00155,109.2778875486955,6.4717378462306945,-1.3068267
Y00159,2482.998746078589,155.66636582894336,-1.2242851
Y00164,397.6432965710167,95.14509068549127,-1.0003281
Y00167,-508.8895179120476,-10.018083397991415,1.424767
Y00172,-466.9754902326498,-15.900997900154433,0.085423484
Y00175,-417.40271923665716,22.572824995043938,-0.56080157
Y00178,-455.3417072392573,-12.24650683946357,1.0072216
Y00182,-453.6000099673359,3.328960874954276,-0.27059048
Y00183,-266.51368086765285,49.98384889834452,0.5251675
Y00184,58.92169494930588,61.42234667010439,-0.34777224
Y00185,367.52306507285294,146.1947767221579,1.5424657
Y00186,-345.4455213957387,-1.5217475656835973,-0.6725787
Y00189,-247.54620784673642,66.60342957198772,0.6848744
Y00192,-165.7116920540265,42.99685979309167,0.5748354
Y00195,-461.36994437620854,-48.34978853854,0.60949576
Y00198,443.2891823137172,100.62002698026343,-0.041065995
Y00200,-397.6501907916428,25.49266474208146,-0.16410828
Y00203,-431.96047845356003,-34.90711438484311,-1.0438372
Y00206,-124.68295912959849,108.44679954768313,-0.8565999
Y00208,-489.873014130425,-13.6836455115796,-0.62969995
Y00209,-454.5329645206422,5.84015133520565,-1.0885025
Y00212,-86.82661552564375,115.9103172696999,-1.298251
Y00217,-498.77689074929356,-5.770976263683566,1.4779333
Y00219,-484.96673960301496,-3.7067799668490538,0.09882079
Y00225,-413.9739969590501,-16.628213072079603,-1.2432233
Y00226,-515.6178986911186,-67.06709144898505,-0.99059606
Y00228,-246.6469608434059,-70.45784937991112,-0.9080545
Y00234,-420.4311827347719,-6.925671791219603,0.5165918
Y00243,-285.38850371187976,-64.93021194203557,0.8537508
Y00252,-252.44989121669676,31.925708292179166,1.3173523
Y00258,-555.8989390417491,-99.11141410190702,-0.48534152
Y00259,-483.06197128729127,-68.74973382325082,1.1441044
Y00260,-134.04992761888252,73.39850848959945,1.6610968
Y00265,-101.40275851975625,103.99679362393171,-0.45782766
Y00268,-308.726898494068,-0.8126182611154709,0.57660556
Y00271,-490.5912563390368,-5.04321730360241,1.2450993
Y00273,-483.3783261365591,-4.828985675580967,-0.16053504
Y00277,-481.39097668187907,-19.43785968125363,-1.3154025
Y00278,-119.61045879767964,33.294428911949,-1.2157094
Y00280,-388.25831504876305,-77.97409351643174,-1.1674798
Y00282,-480.1213170286487,-2.18141048863155,0.38394734
Y00286,66.07273574942288,70.46760310594965,-0.49213067
Y00293,161.77054691572107,305.9526617195533,0.9117909
Y00297,112.36528809117209,186.30161495031584,-0.36671034
Y00301,-467.0739262209733,-33.12239788641092,-1.2878886
Y00304,-280.05874602605246,53.320126975679436,0.20036104
Y00312,-178.02763788007033,-3.7715531419707666,0.5680463
Y00313,-481.6713756058316,-5.577207917556354,-0.46729672
Y00316,-154.9759985951535,20.542439794785427,-0.3860058
Y00327,-412.92738882055863,-48.32940580953715,-1.2517991
Y00328,-328.8445188806502,-7.329164035205511,0.39796057
Y00329,-489.3087041279518,-3.5167704899416963,-0.24007949
Y00332,-426.19111662468794,-15.314234106987273,1.9326622
Y00334,-186.789162077879,-153.50260829828267,0.669526
Y00344,-423.91732577140334,-19.58095584409578,-1.1538926
Y00346,-503.68079074791143,-21.15598366553442,-0.23271428
Y00347,17.88989890126573,24.388077836913297,0.79494625
Y00349,-491.330860408407,-8.960492132442347,0.59438854
Y00351,384.0174093374563,164.372713826151,0.3104165
Y00352,158.8798529647587,186.44165316433015,0.35329524
Y00372,-478.7248088084404,0.4347887595347675,-0.042952772
Y00384,-466.255822605351,-10.755716477286033,-0.80004287
Y00390,-407.9423821163071,-36.19319339076704,0.54589224
Y00394,-488.36431895654084,-13.00580333431022,-1.0627753
Y00399,49.989564103175326,-27.94655726226909,0.119606085
Y00400,-481.24663940595354,-4.738250430074392,-0.48195812
Y00401,-464.8640043656653,-12.50413410451303,-0.54215586
Y00403,-197.200197090719,52.18687014741546,-1.2192827
Y00408,-418.5770628715346,-3.0117317253625284,0.4358368
Y00411,1251.344722055477,577.1280592174068,-0.66400295
Y00412,100.59143802405062,-94.52675522330527,-1.2242851
Y00415,-295.42280864291956,14.460728899908553,1.2401706
Y00416,-491.5386327030822,-1.286134187416116,1.1394929
Y00417,-445.126417055733,8.43626981330543,-0.6026327
Y00419,-475.3765433202533,-9.897263258842193,-0.49156386
Y00420,-488.5244924066364,-10.870086875056026,0.53840035
Y00427,-465.5506856155494,-12.011566003136748,-1.2432233
Y00433,-246.46078833704956,-36.98611292415427,-0.07120433
Y00434,-437.04276626084135,-8.976379034345442,0.60949576
Y00436,-389.15147732658966,-0.9156550033083458,1.8604832
Y00437,295.17813733065753,109.23496822548015,-0.45782766
Y00438,-471.3818702928697,-1.9643712355078355,-0.41316232
Y00442,-485.575095147848,-5.755641294937245,-0.23961376
Y00445,1493.678134894865,133.96457310119177,-1.0438372
Y00446,-93.37132852632773,-31.261886058937623,-0.22235191
Y00449,54.676937188699306,416.14677252043583,-0.0676311
Y00451,-474.44452630696196,-5.907955565860139,-1.1349545
Y00454,-394.67022089944385,-22.449643447231185,1.1404774
Y00459,-463.5868023686448,-8.202101664669176,0.097644456
Y00469,1038.0955821301507,498.4652763754034,-0.07978008
Y00471,-125.63955599837332,56.47755337026727,-1.2242851
Y00475,250.65185222333903,130.37349113009822,-0.7722718
Y00481,-476.2311460209497,-14.856074502361071,-1.2071335
Y00482,-476.9696000404761,2.064334457625697,0.5286885
Y00483,-414.5160519090856,11.132375238123725,-0.59361035
Y00484,254.99442253317955,76.00678936075667,0.7777948
Y00486,148.14148345213195,105.19999555352368,-0.71045494
Y00489,-504.34375518220884,-17.76966349531743,0.669526
Y00492,-192.31229168175338,43.5669290912995,-1.2242851
Y00493,-523.7143007619526,-39.66017556652476,-0.16053504
Y00496,-497.8024878068504,-10.839459050121125,1.9687519
Y00502,-362.0728035567568,-0.1408783633211767,0.54589224
Y00504,-453.7019581409431,-9.19519693917686,-0.62969995
Y00505,-476.7021872812084,2.710211870402283,-0.3782961
Y00507,-288.19239799003225,9.618266866255262,-0.4253113
Y00511,-485.3223910826558,-6.159964269157589,-0.14641303
Y00514,-500.64376419405284,-21.331052837410972,-0.3770727
Y00522,30.213088686819084,110.7611696086564,0.39796057
Y00523,-482.6920738177838,-1.51345021047705,-0.23271425
Y00525,-460.90952077515357,-12.376161386903208,-1.2432233
Y00527,-67.4597119013344,7.446098554485386,0.08843757
Y00528,-458.8393914132889,-1.3735938247640245,-1.2432233
Y00529,-473.2232811092722,-21.502578897153604,-1.2432233
Y00533,-473.4451398908226,-9.894950059052652,-1.0762486
Y00534,-445.42935941029026,-25.75291136412773,-0.7501178
Y00539,-476.97288061282353,3.9047800433346485,1.4806489
Y00540,-441.4384524268352,2.774914406605519,-1.2432233
Y00542,229.0045709579072,76.14693495975156,-0.7483311
Y00546,-525.9946838520734,-56.90875527278828,-1.3154025
Y00549,-482.1884585056043,-5.53847224151888,-0.3570229
Y00550,-408.61584963404266,1.4668463933677798,-0.3478766
Y00552,-489.19063283657226,-82.10927784048002,-0.63829273
Y00560,-17.6910792479809,103.2325205144719,1.5974934
Y00561,-297.2040585761917,45.34021648013002,0.39830706
Y00568,-271.199467192841,-8.561916705084133,0.5748354
Y00570,-496.3227890138068,-4.796527710564993,1.7522143
Y00572,-468.2322197942565,1.5775172573163896,-0.7018792
Y00580,-429.1944110522934,3.9994964779366766,0.48907793
Y00587,-440.0286484286429,-10.171220816417156,2.2935584
Y00589,-113.23485786142756,150.50343636060126,0.76921904
Y00592,815.62126776774,-9.88662851553086,-1.1405067
Y00597,-262.8930392772181,-36.4391948070351,0.60949576
Y00599,-455.8461063027888,-35.48301280389963,0.54589224
Y00601,-506.64180354876447,-78.7474387899178,0.5973467
Y00605,-456.1573352648884,-1.725869552978152,-0.5092822
Y00610,-430.0234616020132,-101.90231299081366,-0.7834731
Y00612,-80.82522049242951,53.48954441066806,-0.72081727
Y00617,-420.5297319710959,-12.466313025394884,0.94109136
Y00618,-477.4933596785182,0.6051115115251228,0.099310145
Y00622,-494.0369744126692,-130.66412031667835,0.5973467
Y00623,-367.202775502704,-41.266959916251096,2.2574687
Y00626,-381.5748892324504,-29.595039539794566,-0.514642
Y00630,-474.5265977530081,-2.1014900652599082,-1.0189945
Y00631,-479.88939114408595,-7.718477426131025,-1.0191671
Y00641,-503.3974178035388,-8.691170732575808,1.980938
Y00644,-483.88326448349454,-8.12369234755754,0.20036104
Y00647,-449.346290952383,-17.403412440208992,0.3808091
Y00650,-461.4405750874885,-5.091716006353192,-0.5092822
Y00656,-450.8684708238959,-8.113560550910034,-0.34777224
Y00658,-325.81319716895047,-18.75640700661696,0.62128735
Y00661,-440.10233045171066,-23.81749754203844,-0.34777224
Y00672,-324.6334075984654,-48.880606080387274,1.7522142
Y00673,-498.503561961339,-3.8102002054738553,1.5721382
Y00674,-500.82631921171696,-6.326261567854731,1.5825297
Y00675,-456.1963301626842,8.461312573468609,-0.17768654
Y00681,-434.5694926529458,19.10136453901958,-0.7095579
Y00683,-274.5578694890531,-15.59267178481887,-0.23924111
Y00688,-442.2892912890143,-22.56852337018276,-0.98023367
Y00694,-411.3161578731082,36.88515594032881,1.0493602
Y00696,-514.411472307001,-20.955260299241488,1.21087
Y00697,-489.42126837639745,-4.816033093488347,0.6415381
Y00700,-537.7673814684421,-191.53356969169928,0.5973467
Y00701,-439.5514159334976,-15.626618790780393,0.12996843
Y00705,-395.16830619553076,-5.395472933570859,-0.14159694
Y00707,-419.07920958448904,2.705528956960686,-1.3154025
Y00710,-516.7263114120101,-12.862202811005757,2.221379
Y00716,-499.5120647861104,-16.966050866250537,1.6078558
Y00717,-499.75909052394405,-16.819989890444734,1.788304
Y00718,-512.5708979802356,-22.353533994822765,0.3808091
Y00720,-516.9621296010837,-20.03214049781541,1.5717661
Y00723,-488.404488317739,-9.956363730002602,1.6439453
Y00724,-491.1249540814769,-5.019980791839614,1.6439453
Y00726,183.13049445809204,142.65428238395089,-1.0799267
Y00729,-473.52025164067464,-3.7718272780958393,-0.8823272
Y00732,-473.509239748972,-2.164914759147586,-0.99114287
Y00737,-380.3413989390925,-99.7156018744972,0.5612571
Y00738,-457.81641096884965,-7.683842754668181,-1.2264988
Y00741,-394.67702249969267,-2.8675414732513707,1.2518257
Y00747,-477.517720098,0.3771558451199469,0.07672734
Y00751,-330.1692974199367,26.447262642556552,1.8690587
Y00752,-485.53460464402514,-4.4016268120321,2.0030549
Y00753,-475.58353884034983,-16.318264311847628,1.1819984
Y00754,-456.86309898150284,-11.775073886241582,1.8519073
Y00755,-499.552844614474,-4.118521996994677,1.8521547
Y00757,-518.5453188913754,-22.172784735846566,1.4274077
Y00758,-231.31266458071778,52.33084266703829,-0.07978008
Y00759,-521.776701542499,-23.833457988201992,1.5717661
Y00760,-478.0809098463909,-29.819115080537443,1.21087
Y00762,-472.6795677539456,-2.300352332672876,-1.0551199
Y00767,-487.5705826484623,-11.776997264638931,-0.66578954
Y00768,-490.44135506440915,-18.967640639072915,0.6218213
Y00770,-477.05658986280685,0.47044550728444895,-0.2323422
Y00771,-437.6118091293563,2.1490344716470675,-0.91841686
Y00774,433.1137120248043,45.024491721485,0.6420121
Y00776,-395.2378841986201,45.31789287217805,1.2555355
Y00779,-549.1144399592732,-81.961674730537,0.27254027
Y00780,-489.9770625793625,-13.341610711493908,1.1386908
Y00781,-353.74875152900637,-304.8540486148324,-0.009528523
Y00782,-489.383994131978,-30.942446823071354,-0.3048935
Y00783,-485.49543107022396,-8.189441245299891,1.4341968
Y00804,-517.1015836189162,-16.52189620842096,1.5356766
Y00806,-493.07995455850084,-22.811862629067466,1.5492102
Y00807,-408.03557306269767,33.748764790134494,0.5026562
Y00808,-466.973852232518,5.3460837082702435,-0.85377276
Y00809,-427.29711786768786,8.316916701164649,1.7522142
Y00812,-482.86287835682936,-13.64064061640562,-1.0627753
Y00814,-461.49646903526826,-3.5003195180603393,-0.060841966
Y00819,-471.6410247394916,-0.22269212224715343,-0.9905961
Y00820,-470.16992742827307,-3.9252572409990987,-1.0069385
Y00824,-450.3670286993373,-36.881488604617466,-0.022965742
Y00825,-411.73012289372537,-27.74952823774022,0.7777948
Y00827,-472.22840582587224,-2.715440391243812,-0.12444544
Y00828,-471.33645267616834,-5.309270170917528,-1.2257606
Y00833,-477.42809117200386,-30.732945174681156,-0.24728891
Y00835,-486.94633106724535,-3.7381005273175476,-0.24683629
Y00839,-481.56232821079016,-14.528364238203187,-0.2606017
Y00840,-471.4105096272564,1.8485342199453403,-0.234218
Y00857,-486.5962360158389,-3.858825936352903,0.27254027
Y00859,-523.3763326041127,-53.83701115399469,1.5356766
Y00860,-360.90920206540227,-5.718446336444728,0.54589224
Y00862,-398.32169182540775,-23.337962340085298,-0.5746722
Y00864,-472.2747615394936,-9.966284609319256,-0.50988245
Y00866,-481.50603121346194,-7.458584503762292,-0.022545364
Y00868,-461.7568339090614,2.9417840408383977,0.669526
Y00881,-487.59145428951535,-25.074565106333964,-0.70275944
Y00890,-471.6519425936688,-2.500954141794213,-1.2911354
Y00898,-485.46053612519,-36.505120596470945,-0.5195317
Y00902,-95.55100691448037,35.333869793785674,-0.16410828
Y00904,-321.80600008289866,-9.240431342153705,-0.7722718
Y00911,-371.2786882981533,7.9430787066378565,0.6162848
Y00912,-262.3585034639488,36.00379337733085,0.60949576
Y00915,94.3994877358515,-4.486605482397737,-0.99059606
Y00918,38.219671703942566,77.27992217357009,0.10388388
Y00922,-494.3416628019075,-20.917498987104977,-1.2107426
Y00931,-473.64651163082357,-0.9139604036455239,-0.100908734
Y00934,-452.7727034880725,-137.59002198288238,-0.6742261
Y00945,-453.66369106198755,11.730193255588247,-1.0799267
Y00954,-427.0349534998991,-68.66317136362358,-1.2177964
Y00955,-79.09732229353463,-33.472224107513924,-1.2432233
Y00962,-491.3182345726328,-6.691124453066246,-0.052266218
Y00969,881.7050172129728,178.95187662741375,-0.43888953
Y00972,-471.7064523665873,-14.495414993404875,0.541047
Y00973,-468.18914628641835,-29.132985746095887,-1.2555267
Y00978,-672.5840642678118,-261.25458699945733,-1.1349545
Y00982,-470.8657283553824,-53.45870006488754,-0.8823272
Y00983,-462.7719102734623,-0.9059593193509266,1.6439453
Y00984,187.0088703380148,-6.906850050968535,1.8389915
Y00987,-476.2732330688047,-7.645745564284476,-0.23271427
Y00988,-401.14362855883576,-79.18481421429193,-0.17768654
Y00990,-518.2338161054745,-29.090583653094807,-0.62969995
Y00992,-479.3620953520485,-5.279600372565565,-0.60337573
Y00993,-474.8919329289959,-17.779251961906976,-0.14572905
Y00995,-474.5684748299078,-13.540163399458354,-0.5974316
Y00996,-302.15877431738613,61.397498162361686,-0.6057593
Y00997,-476.4785992603739,-2.7579870688533483,-0.6288889
Y00999,139.90762419919807,269.7651420881112,-0.07120433
Y01003,-392.69547599825364,-29.876024730222944,0.07672734
Y01008,6644.687987485341,2247.6909597603953,0.48228878
Y01009,-309.8376479285009,21.545901974228524,-0.3409831
Y01010,-476.28668685160665,3.1389136280743704,-0.47526997
Y01011,276.8222223300611,150.435542604869,-0.4253113
Y01013,-478.2110409727114,-5.965782079343414,-0.46615466
Y01025,-433.5303075729892,-12.718290932949834,-0.8823272
Y01026,-443.83384500771007,-10.705898127134029,0.99433243
Y01027,-561.9967124280794,-78.11638038285403,0.99433243
Y01031,-388.7749479920005,-11.072008047260326,-0.52143115
Y01034,-458.4319959572222,6.452753211387133,-0.19662465
Y01039,-470.6060959871594,8.16592688651161,-0.05845301
Y01049,-390.2438756187985,51.44426369073009,-0.62969995
Y01050,242.03952661535382,12.958613077385984,1.3809558
Y01051,521.5062275936846,407.99598983719125,1.3809558
Y01052,-466.9343311482964,-2.3607701923677524,-1.0387156
Y01054,-477.0123601320967,-5.701095213392532,-1.0127419
Y01056,-490.0728477504093,-9.156304772346394,1.4634974
Y01057,-411.45130225503203,22.10417623129376,-1.2242851
Y01061,-325.9227439026395,24.05567255435286,1.2401706
Y01063,-477.8012926201497,-2.2405501007340805,-0.4442896
Y01065,-447.89594955430664,-33.42448230138459,0.20036104
Y01066,15.278909907171496,100.03176772931947,-1.0559862
Y01068,67.62104355106064,-82.72811243065883,-1.2242851
Y01069,-435.34376728826436,-36.78428105835945,-0.23092765
Y01071,-488.0839715094412,-7.609950101786878,0.27836117
Y01072,-515.487613405432,-17.801757466461993,2.1131103
Y01075,-484.19542323077866,13.121204423834307,2.0322695
Y01076,-445.2054283752723,-8.389440908929332,-1.2517991
Y01077,-465.90814177859073,-10.712891071255134,-1.2432233
Y01083,-367.3377126466204,-11.204604520507432,0.60949576
Y01085,-500.2261919618828,-3.896023623958147,1.8866168
Y01086,-429.86401531199823,-36.601796964998876,0.54589224
Y01090,-337.2174847988672,-1.602015831234154,-0.3409831
Y01091,-477.99758393130855,0.05114625383801844,-0.052266218
Y01095,-471.1229506496502,12.098853035471635,1.1026013
Y01101,-504.9854047660332,-10.295064968692673,1.9740984
Y01106,-482.1318807687245,3.9385836121391637,-0.0565626
Y01108,-225.33085895435755,56.15921217020478,0.669526
Y01112,-492.2054940083216,-11.358389576624202,0.669526
Y01116,-489.049270851637,-14.918029975282536,-0.59361035
Y01117,-404.553896068258,-0.027614328681635127,-0.052266214
Y01118,-109.04285179518382,0.20130470983694265,-1.0163233
Y01124,252.51448696275077,141.89798217568367,-0.797999
Y01126,-270.009128497968,4.043263244040803,-0.23092765
Y01127,133.94396088121385,173.83530928670683,-0.5850346
Y01128,-499.8390543423186,-6.20023664770923,1.860483
Y01129,-203.38209883098477,134.73889612716243,-1.2518848
Y01130,-481.6790802952567,-6.263547798902379,-0.6145319
Y01132,90.94780571986922,91.90654397479383,0.35829774
Y01133,-385.5238749617884,39.655346471442755,-0.9102676
Y01135,-538.1526620124145,-32.010942645360025,2.0048416
Y01138,-473.0061866297636,-6.619362431629091,-0.20906936
Y01139,-51.42426599396101,-0.03501432229984724,0.119606085
Y01141,-482.8972958766599,-6.868988318011419,-0.24236612
Y01142,-503.64335743874494,-1.4410458487304194,2.2044764
Y01156,-424.7890710306427,20.629406673776803,1.788304
Y01163,-163.7443971472975,158.58710957346216,0.6627368
Y01165,-121.76387523818548,30.44856959036764,0.8585497
Y01166,-471.5763243350866,-0.3477848123677305,1.4865333
Y01173,-391.7131719519593,0.9276459875204015,-0.26880386
Y01176,-335.77548595627644,40.092561743364726,-1.2242851
Y01177,-60.810326979368504,36.038755979125845,-1.3154025
Y01184,-497.4323439069863,-12.344486616511562,-0.810148
Y01186,-486.007545211024,-14.743762508893301,-0.23345079
Y01187,-478.38787365736863,-1.5035342260190832,-0.22577396
Y01195,-488.0834585257862,-5.84323839962441,0.18432121
Y01200,87.71134378824055,204.32033789197575,-1.2432233
Y01201,-509.319691220354,-11.906628623154964,1.7883039
Y01202,-502.02190149707116,-11.500943789661543,1.2469597
Y01206,6.696485387954333,49.89142116110266,-0.4253113
Y01208,-536.6806404803178,-25.75483372280259,2.0770206
Y01209,-474.31222273975516,-3.264132210894751,-1.0044767
Y01215,-517.3504657850607,-16.167187878275897,1.7522142
Y01221,-168.39125501133276,17.79443732457495,-0.3409831
Y01231,-349.460321498811,-53.588459663199316,-0.23092765
Y01233,-491.64895917935763,-3.236599523812717,0.77009565
Y01236,-483.03017671523156,-6.437811906762997,0.62312496
Y01242,-426.55637893268494,26.541969832367577,-0.20564705
Y01243,-465.2195963125272,-3.76526673011824,-1.2881513
Y01249,-472.47307650249275,-6.9193962634826125,-1.3154025
Y01250,-527.6377381123723,-23.648439795329807,2.040931
Y01262,-472.79407846801854,-0.3711291206257529,-0.9293808
Y01264,-492.1617819924356,-9.511488048313161,0.5612571
Y01280,-348.5974965091639,-14.228371406573203,-1.3068267
Y01281,-215.40937589793543,-7.099710532602374,0.21929917
Y01282,-475.81739675748804,0.7345367266165909,-0.56783205
Y01285,-487.6684181287869,-5.591424468613135,0.9794501
Y01287,-447.81857058986856,-30.97123157970377,-0.62969995
Y01291,212.01326260746004,85.90346294421327,-1.0852866
Y01297,-484.9947834922265,-1.0099633171856066,0.7756294
Y01298,-503.839964501829,-4.114095432928106,2.1041992
Y01299,-481.3423907406865,-9.36511119171348,-1.0988649
Y01303,-458.10158171095077,6.683464981608661,-0.8325821
Y01307,-490.1781185127091,-2.6515549765235082,0.8919692
Y01620,-474.60419148393595,-13.774605506855153,-0.5440756
Y01635,-558.3806187848036,-83.11277786615167,1.7522142
Y01652,539.3005667210501,123.37794894503566,1.1815696
Y01655,-103.15219358742098,105.26933175046203,-1.0559862
Y01660,-372.17021183766497,-56.73821010218513,2.0323553
Y01665,-482.8171193124649,-5.049954487428076,-0.76775706
Y01666,-475.24540023817974,-0.19116436128123335,-0.77040887
Y01676,-461.1690218779599,-0.7129782438467314,-1.2519723
Y01680,-291.43196672248644,-98.1845035848818,-1.2071337
Y01685,-479.56665184912003,-3.7544032694279466,-0.3681473
Y01690,-248.39349932416624,157.67010557595202,0.6467617
Y01693,-468.3397335424218,7.274873824994806,-1.2432233
Y01695,-168.4027657232317,52.99251553671366,-1.3154025
Y01696,-482.44556968139415,-1.5279554257143615,-0.05729135
Y01704,-485.2328660414656,-6.650247033352168,-0.45066717
Y01710,-479.83597509640254,-7.22638010479909,-1.2071337
Y01716,-496.89386942243505,-21.608445089464546,0.59416234
Y01717,-412.6933963432702,21.49975939306914,-0.9991718
Y01718,-420.2211866076758,11.440277760899095,-1.3154025
Y01719,-74.42302581774533,51.30144969321518,-1.3068267
Y01724,-475.7336467299244,-5.159000375470529,-0.17785805
Y01726,-483.66450506127967,-12.977249819485966,-0.9214242
Y01730,-497.5081573002998,0.17685530692269447,1.6898776
Y01731,-485.9780966627004,-4.168882175794707,-0.16886343
Y01734,-489.28120969707675,-16.240925343724083,-0.73519266
Y01735,-489.44908816794214,-3.742174907097304,0.858084
Y01740,-509.87949205538115,-28.437218393870022,-0.6297
Y01741,-506.36907788965635,-24.20467559640937,0.48907793
Y01742,-502.3218383221192,-15.19256458473652,0.5075854
Y01746,-415.1591096509297,-3.7328172004525864,-1.2242851
Y01747,-489.6723201558759,-2.994972111090921,0.7657649
Y01749,-485.05087350490277,-11.506891039428407,-0.2009554
Y01756,185.93097188208932,-5.445348146297914,-0.07799347
Y01764,-485.8522098538121,-12.684154038207934,-0.70187926
Y01771,-481.84517797357813,-4.441688527597414,-0.35855302
Y01776,-472.40250906021953,-3.1912338714994863,0.019913
Y01783,-512.6086699815056,-33.75017632814108,-1.0627753
Y01792,-489.9610407206762,-65.11572210575311,0.019913
Y01793,-512.3340932228177,-21.73980109540747,0.3808091
Y01794,770.898430122477,139.42005516788095,-0.49391726
Y01795,-306.1811134755594,20.505941096904166,-1.3068267
Y01800,-475.6230148438572,-2.408731924161783,-0.8606735
Y01801,-490.62921558325843,-6.952215769654139,0.86412674
Y01802,-502.08019098505395,-3.185520579154049,2.1804483
Y01803,-493.4039542995396,1.1441681150081169,1.5205944
Y01810,-488.8520733196412,-0.39999808838299944,0.4395836
Y01812,392.84457387809664,63.57218851541044,1.1937186
Y01815,-438.240331565244,-16.038215852297288,-0.07978008
Y01821,-480.3629620383381,-9.258098585849506,-1.3154024
Y01834,-471.63321124329815,-6.4471484160047865,-0.96260816
Y01838,-439.12166943811866,-0.20045837523882742,0.54589224
Y01839,58.771566897637385,76.47282362291934,-1.0852866
Y01845,-481.26861111170024,1.1766161410942573,0.80907243
Y01851,-158.16278086488887,60.47239317042727,-0.1985241
Y01863,-485.5906225088132,-6.423856787788288,0.19538318
Y01865,-588.0388169275873,-151.88347586009826,-1.1349545
Y01866,-312.1939192273192,21.549191178426128,-1.2242851
Y01882,-474.72617083612647,-30.642240003378106,-0.22787751
Y01894,-471.1769656093268,0.24609540793756046,-0.3409831
Y01895,-503.5653079793066,-30.18222198478443,-0.810148
Y01897,-243.52397210280702,30.55251777903692,-0.3599212
Y01915,-489.2171597019552,-15.082649751841497,-0.26880386
Y01920,-463.8159128490036,-3.6348322891280946,-0.24408497
Y01922,741.5806564287296,26.525601459279915,1.3809558
Y01924,-438.12749835850826,2.0632543222887896,-0.44424942
Y01928,-477.38720600196064,-1.9726254040866062,-0.44925195
Y01929,2668.7659656799897,2178.435626966232,-0.25165236
Y01931,-492.4741023769926,-8.025041814539025,1.1766156
Y01936,-520.7834694708727,-20.48995560969423,1.7161247
Y01948,-223.14170355863214,97.44813924300428,-0.59361035
Y01949,-483.6274261981465,-18.59014333639931,0.34471947
Y01950,-493.5372778495427,1.856419759351816,1.1449673
Y01952,-310.80623879989497,47.65121473077603,-0.23092765
Y01953,-462.13574521860266,1.7375089263251506,-0.54205376
Y01956,-466.3072324211955,1.6096778624851595,-1.0022557
Y01960,-470.35053033410185,0.3603885779246893,-1.0417229
Y01962,-160.00195914833049,108.62616473212849,-1.0576756
Y01964,-42.58126465337074,212.35656419285257,1.7968795
Y01968,-453.71250812403997,8.22484180209902,-0.079694316
Y01982,-475.82739493331593,-10.821628428056751,-1.2226007
Y01986,-509.0820089722351,-28.375703383075574,-1.2071337
Y01992,-476.0341170866136,2.5398769154186724,-0.4131623
Y01994,-393.65466568294545,22.115041417119063,-0.3599212
Y01998,-490.1527830115696,-17.066730864651838,-1.3130488
Y02002,-56.29851484636608,136.72077481194526,-0.24129
Y02005,-501.00073676018684,-10.45252396864819,2.040931
Y02011,-474.9970392113986,3.0066110056085873,0.23742606
Y02012,-456.8706448604415,-12.138743576083945,-1.2242851
Y02018,-441.21568138319276,-11.86144774043601,0.60949576
Y02025,-463.8077057376455,3.7521580357142805,-0.26880386
Y02026,-480.1639420355628,-8.761084831804597,-1.1710441
Y02029,-480.36979570843727,-6.780243348192118,1.2401706
Y02045,-466.17395892007943,14.769057381767487,0.5864705
Y02052,-528.3442462550424,-29.9310173981459,0.5612571
Y02059,-478.8953262068122,-1.6979801013066047,-0.4408897
Y02064,-379.60692506494587,-21.41307399955953,-0.022965742
Y02065,-498.81024648383914,4.864656646501238,2.1123083
Y02068,-286.4970899079928,-36.66205564618194,-1.0885025
Y02071,-409.0319214256036,-25.058689682437265,-1.3154025
Y02077,-421.63913556602495,5.659236587348285,-1.1538926
Y02080,-376.95676228441033,84.12331311677866,0.7690458
Y02081,-427.9189659320972,-11.814199903445264,0.76921904
Y02082,-411.10700733744466,12.596834735901274,-0.76726925
Y02085,-476.9565511264352,-5.553866989436939,-1.0059533
Y02115,-473.0502056007898,-3.5661314238755413,-0.45604104
Y02117,167.0292937753871,129.70165569395047,-1.0559862
Y02121,-124.75872032904087,-60.90913767753701,1.3913181
Y02128,-500.85998264476046,-12.581633457975522,2.2574687
Y02129,172.9702212466401,189.15731318653366,-1.0438372
Y02131,-508.0238836451024,-30.78622892218322,-0.66578954
Y02132,-504.8350291929431,-5.986936362853403,2.1113918
Y02139,-478.9093240533534,-11.016889413170473,-0.73796874
Y02141,-559.1836492315196,-57.01628561087901,1.7522142
Y02146,-511.691825579404,-12.689544413669518,1.6849563
Y02147,-385.616959727998,57.647081223102695,0.8409516
Y02162,-196.9458927561289,-82.80970114182247,-0.2200643
Y02164,51.36430105516763,-71.05253706041682,-1.2071337
Y02167,-489.4124635801934,-5.095644627570681,0.6892112
Y02175,-501.5708351948683,-0.3072214794349085,2.180066
Y02177,-45.22247589588514,150.74505188519592,-0.09192905
Y02181,138.82295725147614,22.249835386787947,-0.55752075
Y02182,-518.1043504603206,-81.50520597051302,0.99048287
Y02187,-489.34131111652755,-4.816215552342066,0.6806305
Y02192,-480.3644530734472,-30.303384230743887,1.2078625
Y02194,-480.2744841469613,-2.470280870417777,1.772939
Y02195,-537.4387543978497,-80.80909917213508,-0.7018792
Y02203,-474.22178705879844,-12.828316188510527,-0.9286585
Y02204,-262.31814312498494,-33.24655951224641,-1.2517991
Y02208,-452.31580608339414,16.53943187345483,-1.0996327
Y02210,-467.9720581154502,-5.031555827156504,-1.3154025
Y02211,-446.8229963306244,4.069652711389758,-1.3154025
Y02212,-172.67253554161573,68.1873685526716,-0.07799347
Y02222,-55.225561189735686,45.28774397088808,-0.7483311
Y02232,-508.43366778743234,-26.452898867024867,1.6439453
Y02234,-496.76295217291556,-14.491908553579005,1.6439453
Y02241,-521.0225929199174,-20.269246610789658,1.5717661
Y02245,-495.8095822780266,-15.741830686520933,1.0391333
Y02247,-477.2735557109411,-1.6128533019926892,-0.15194228
Y02250,-504.5675543201679,-8.756666781235845,1.5809414
Y02251,-494.019595642384,-13.738366339519711,1.6439453
Y02256,-478.1998113582821,-1.6757402021569707,-0.14884405
Y02260,-262.21932779512355,26.085633752212207,-0.5975409
Y02262,-477.96713003191974,5.244600890485962,0.3808091
Y02265,-495.98764766182086,-7.269392793352282,1.3191389
Y02273,-536.2363716795401,-37.64058072216743,0.48907793
Y02274,24.339341834396084,149.7714791071611,-0.17768654
Y02276,-501.3117311563044,-16.710818111001103,0.5251675
Y02278,-480.1606949874423,-18.07691368511133,-1.3154025
Y02285,-480.1503238700956,-14.365994025212236,-0.9184168
Y02286,-427.3433811430922,5.11690626163702,-0.909841
Y02289,-505.5673220496815,-45.69590693876657,-0.23271427
Y02291,-465.88044961922384,-5.255112557335079,-1.1661671
Y02299,-504.897995362753,-20.163691582904022,-0.052266218
Y02301,-483.29305083681356,-13.352977031041577,-0.95450646
Y02307,-488.43727444879005,-12.576906616315615,-0.47531664
Y02314,-473.9105785907364,-12.991490596677126,-1.1098753
Y02315,-469.2482066402999,-2.6686051866727363,-1.1364377
Y02319,-51.7263521490438,143.40327748836475,-0.6725787
Y02321,150.2394749811089,68.69028943625476,-0.6725787
Y02322,698.3577976684301,142.0100595284732,-0.17768654
Y02323,-475.4312767054427,-13.128023045232904,-1.2071337
Y02325,59.33231365743498,137.44562880390333,-1.3154025
Y02327,-478.7346789839282,-9.069943788835529,-1.1349545
Y02330,-431.68887476512344,24.70716052942396,-1.3154025
Y02331,-549.5783577870885,-43.70864638206619,1.21087
Y02332,280.77237615854256,64.10791214823738,-0.8480242
Y02333,-486.21777189172457,-9.279910199353003,-0.23910989
Y02342,-96.17175012885315,51.7601923543066,-0.35134545
Y02344,141.16633267361237,124.37328251750846,-1.2432233
Y02345,-516.0035590980902,-28.002413540658747,-0.23271427
Y02352,-475.0211809150284,-1.0279192823557681,-0.45639464
Y02354,956.1710375444578,57.50445531617693,0.09209221
Y02361,-480.1346231365166,-3.5387888489346793,0.61839896
Y02364,-500.2517643107395,-8.02235307776699,2.21263
Y02365,-423.24475767235754,-111.44685862597532,-1.1710441
Y02372,-501.38099186064466,-7.443133079039951,1.9905201
Y02378,413.8148505730443,162.86754667492076,-0.7722718
Y02379,-453.4196311913224,-56.399932277643245,1.9326622
Y02382,-491.710514967765,-9.178310531749075,0.4955225
Y02384,-353.075342986749,6.103746025336616,1.21087
Y02387,-474.35351529988776,-4.063984509648092,-0.8007155
Y02389,-446.5219537326508,3.811747785934115,0.20838097
Y02390,-421.89601332101296,-155.2214922817465,-1.1710441
Y02403,-459.84927747905675,-3.0645736228210008,-1.2242851
Y02404,-414.78348417690984,30.33097415308554,-0.12444543
Y02409,-479.7291886497529,-5.445845783200335,-0.45232338
Y02414,88.57046810875525,203.73955025273406,0.09209221
Y02420,-484.09917554754816,-2.55673958113999,0.056002606
Y02421,-253.84222929451602,0.9009393758341964,-0.26880386
Y02422,154.89285230405775,87.1845545745811,-0.26787847
Y02423,1779.0090391195354,356.1112598326325,1.0200597
Y02426,-495.7472938937493,-8.466161857764007,1.2830493
Y02428,-414.08863360927955,-29.70846976498812,0.39796057
Y02429,-463.92712007423296,-6.644874270440147,-1.2432233
Y02437,-498.70344469786465,-21.864731577398175,-1.2071337
Y02439,-473.82347616903655,-1.3014282344476433,-1.2174449
Y02442,-227.4400238780284,-38.20964324274052,-0.3599212
Y02453,-444.7939071971415,9.758046201818962,-1.2432233
Y02460,-490.9869437567214,-35.66237468942498,-1.3154024
Y02461,-45.215712870194096,107.41656969239838,-0.01617661
Y02462,246.62151307313292,119.03247262110463,-0.06082355
Y02463,143.26659025205032,130.50536543353297,-0.8480242
Y02464,-176.4099296925791,34.66427156003069,-0.8823272
Y02465,-499.41829807994816,-11.408005933896062,1.8348709
Y02466,247.17600441670527,320.6728903593021,0.79494625
Y02469,77.99615308573686,276.8282239155701,-1.1538926
Y02470,-306.51441049793675,90.12661913963524,-1.1538926
Y02471,17.739353187216892,115.71663129108411,-0.06598027
Y02472,-424.5322942718663,-111.74733041102978,-0.01617661
Y02476,-240.05900525536956,31.740435655108747,0.24502641
Y02477,-198.9033667120856,76.92553205149943,-0.8823272
Y02478,-493.8726171085782,-13.230969889342429,0.9522279
Y02482,-480.2768747927001,-4.108941530033709,-0.78726184
Y02483,244.81704820362955,128.88084079593818,-1.1349545
Y02489,-496.5192143851993,-6.26023763286842,1.1514969
Y02490,-493.44611568098964,-4.845508657338895,0.9011459
Y02492,-469.3801741706862,-1.5539934838428848,-1.0904183
Y02493,-530.5017937862364,-31.000258455966513,1.21087
Y02494,-101.11362707386698,122.99733791913809,-0.24129
Y02495,-226.87697849929367,40.94369263075472,0.6162848
Y02496,-382.86309175368405,-58.50098751305786,-0.95450646
Y02499,-190.6581701540472,51.25635404867427,-1.1349545
Y02501,-204.76363193181717,40.98026674107003,-0.9611082
Y02503,-466.19907100294495,-170.26085081202208,-0.7018792
Y02504,-482.22066874449723,-6.4373583176514035,-0.1738725
Y02506,318.4643995530057,245.52942958559117,-0.39243758
Y02507,-464.9836692662585,4.718222774715551,-1.279313
Y02508,-467.8077372745827,-5.537256827933825,-1.279313
Y02509,-282.9275484347619,-88.58219028488745,-0.5385826
Y02510,253.0189495044162,359.7412753298005,-0.7722718
Y02511,-176.0731819661642,-18.80174706999533,-0.74162346
Y02512,-176.43865760243398,102.37422656688285,-0.9184168
Y02514,-415.6229484114749,11.74432026608175,-0.22369187
Y02515,-445.9225859555498,5.220252805317891,-1.279313
Y02516,-214.93805976792618,79.26500996493611,-1.279313
Y02517,1197.4406855240777,251.2521970271646,-0.514642
Y02519,263.29141891262464,397.2938285840408,0.20893678
Y02520,34.10462249293184,166.28662006138944,-1.3154025
Y02521,1031.575197061276,556.8152164754362,-1.1435302
Y02522,-427.8092923853685,-4.807479001766094,-0.7483311
Y02523,-367.04182202530797,31.47462198870412,-1.3068267
Y02525,-324.7004068413664,-0.44067413146935436,-1.0988649
Y02526,35.03266712501133,141.60448852631515,2.1045344
Y02527,-498.5091809843301,-1.034529748986074,1.7522142
Y02528,-480.5357907689456,3.503509747763509,-0.09516518
Y02529,-285.3905097314507,-37.16141582724778,-0.19662465
Y02530,-475.43754548124093,-8.978934604406394,-1.1710441
Y02531,-126.00583874510882,89.73463979285638,0.34471947
Y02532,-445.08189072988705,10.063428022617742,-0.22914103
Y02533,-473.5861488802584,-4.376257477009707,-0.22469434
Y02549,-436.74360621418055,-18.133707586836454,-1.2245562
Y02563,-476.5428890206036,-7.576893608031819,-1.1525983
Y02565,-347.18283283468435,-2.3201209692195786,-0.26880386
Y02566,-253.28510016850007,70.97670101099415,-0.26880386
Y02567,71.66535258451111,176.61612267996168,-1.2242851
Y02568,-67.15853065702998,34.27356009424866,1.0665116
Y02569,-378.1569224862117,-10.423205695149093,-0.16053504
Y02570,-71.24049524455437,62.68095931507041,-1.1414813
Y02571,-109.36042357863695,108.95067213120934,-1.2242851
Y02572,167.44349229074857,209.28463886372595,-1.0799267
Y02574,-556.3978688059191,-138.65859413346516,0.30862987
Y02575,-64.39117871779521,183.6036335261643,-1.3068267
Y02578,-154.4081187757184,104.61611275000003,-0.46819004
Y02580,-482.60281217980736,-76.9498311733042,0.27254027
Y02581,-220.73222278690054,75.61972587258047,1.1386908
Y02583,86.07019474385105,153.58900046004015,0.09209222
Y02584,-459.44560421837394,-19.392275650133143,0.5612571
Y02585,-252.1833455775326,-34.785227473573855,-1.0852866
Y02586,37.86587773058544,147.29403068758597,-0.98023367
Y02587,-481.80106100567684,-15.834106701576927,-0.020687811
Y02589,-96.25438673628156,93.08764092054197,-0.4253113
Y02591,-405.3328783339601,-37.38908818216557,0.60949576
Y02592,-521.9255671973172,-71.21568439828569,1.6439453
Y02594,-204.19612314916606,73.42355403058514,-1.1349545
Y02595,-373.53042518812737,-143.82227306508597,-1.2432233
Y02596,-117.2548329690568,42.92211525899724,-0.55752075
Y02597,-240.69252131214185,32.269942162046824,-0.9572475
Y02604,-485.84556459391604,-5.967787244893764,-0.20384258
Y02605,72.404410669895,162.6506688799223,-1.0524129
Y02606,301.31944316650765,327.6324878879028,-0.24986577
Y02607,-510.91625666448147,-83.41414023358377,0.019913
Y02608,-510.38958553377245,-29.21656769792104,-0.62969995
Y02609,-476.8632196517015,-11.688088632170407,-0.8328329
Y02610,-122.39747853697271,28.7026994022311,0.5354789
Y02611,-117.30458201921842,185.7180786078071,1.5614038
Y02612,-176.66685165941604,157.9864530806366,-0.66578954
Y02613,-279.1478785016032,27.66444510721508,-0.66578954
Y02614,-307.09844595832215,-9.019849093647517,-0.9184168
Y02615,-125.36637272650546,74.72179862244012,-1.2242851
Y02616,-383.1310071433949,-166.59133288189565,-0.62969995
Y02617,-473.5356999022667,-5.546768030145411,-0.33217052
Y02619,-491.5471438707267,-13.59871153580285,-0.22313946
Y02620,-175.87959015289877,-247.03775234401962,-1.2242851
Y02622,-242.05878896118793,102.85823009577437,-1.3154025
Y02624,-106.44364459655408,97.6999295096808,-0.8969253
Y02625,-49.42260138964636,97.61556107034221,-1.3154025
Y02626,50.793805366213455,91.19884132496286,-1.1349545
Y02627,878.7125789555475,755.1275171611027,-0.9080545
Y02628,-323.01330534048446,-152.43359831987266,-0.907229
Y02633,49.54827977775211,235.6615640880254,0.4151121
Y02635,359.02654184539784,290.6076574328629,-0.7740584
Y02636,-198.52014326894982,109.71702920876479,-1.1349545
Y02638,-336.4593004126665,47.62657303949209,1.5108408
Y02639,165.55703498833122,275.8949218574781,1.2401706
Y02640,88.70371849890773,148.46611340469795,-0.12444544
Y02642,-493.03851440092865,-22.402406479060605,-0.52143115
Y02643,-495.7221400448468,-18.773297391259657,-0.52143115
Y02644,89.01004913362011,133.7885978604616,-0.52143115
Y02645,-483.3759741326333,-10.586255667527,-0.24068211
Y02646,120.45629538581719,225.80233231029518,0.76921904
Y02647,-446.48442271376865,-51.75339551552102,-0.91841674
Y02648,-470.6924715261838,1.0707777082845629,-0.17768654
Y02650,-321.1774536010414,19.76270971707469,1.0304221
Y02652,-315.10310358541363,17.34510017057732,-0.605159
Y02653,100.26521029879179,174.21064345370297,-0.07799347
Y02656,188.32152733026535,330.15734496468417,-1.2432233
Y02657,368.3242407143482,287.83757632032234,-1.08929
Y02658,-360.48491523735765,32.87336925759052,-0.5130735
Y02660,-147.16696500170656,13.171370836417498,0.12818183
Y02661,-487.7168045922393,-6.814060750470411,-0.58241016
Y02662,225.5270425895733,156.65863522755023,-0.9905961
Y02663,-15.420441321518906,129.4373122628509,-0.98023367
Y02664,-287.48808862051817,32.52932996915431,-0.4492519
Y02666,-426.6660377279377,-27.8660575369351,1.2555355
Y02669,33.97360561948805,126.9704834646994,-0.34777224
Y02670,-472.67162584685803,-5.537221784653058,-1.1443691
Y02671,148.16729392290958,89.19241101628197,-0.35134545
Y02672,-30.583014272824183,147.99031543664478,-0.35134545
Y02673,-290.71153396074516,11.996595803668693,-1.1349545
Y02674,-356.3952824621471,16.52364717750459,-0.5975409
Y02676,-267.6121232037129,75.15995832402507,-0.030112201
Y02684,-30.303541683454128,82.58888069808918,-0.59361035
Y02686,-219.43913688602788,102.4316585321436,-1.1538926
Y02687,-474.0585836948713,-9.896986082925167,-1.279313
Y02688,-285.13130141152845,24.86916181725303,1.2469597
Y02692,-152.26320068249385,11.828354980660011,-0.3409831
Y02694,-472.0939406548708,0.34093733636868967,-0.4131623
Y02696,-372.31095269061007,-264.2298110050649,-0.7352278
Y02701,-0.8409369771270907,170.82577390842735,-1.2157094
Y02702,-228.68981867332337,29.36656478945703,-1.2071337
Y02704,198.8077145201289,55.9925788203652,-1.2154343
Y02706,-479.69074277256107,-1.1117527347458223,-0.52143115
Y02707,272.2333539365308,44.94595618788628,-0.09192905
Y02708,-225.25089288925054,-20.67212318667295,0.4168987
Y02710,-143.42691521293997,70.42407904976889,0.18730736
Y02711,-159.35055848405074,82.02961131654254,-0.3237776
Y02713,-0.294889101028049,219.04485100405932,-0.98023367
Y02718,-130.2939032578026,68.59362415770188,0.07672734
Y02719,-168.96513734059147,52.95211432216913,-1.0627753
Y02720,-145.04539856697596,97.41294526030653,-1.0799267
Y02721,-149.61436904153874,135.02431295151945,-1.0799267
Y02724,-436.03134795211065,21.24408719912628,-0.79188573
Y02725,-311.5397465567802,44.19525481068274,1.4274077
Y02726,-505.1818061113789,-206.64599773669815,-0.44925192
Y02728,-436.31238308965595,16.91912747159976,-0.9080545
Y02732,-496.34216316610093,-21.381508823305932,-0.52143115
Y02735,15.69204756254167,131.82503660101835,-1.1349545
Y02736,157.53702040809998,56.533548585132635,-1.1349545
Y02737,-233.2523947448647,-25.90888216547197,-0.05226622
Y02738,-470.573954693885,-12.844956738321205,-0.997814
Y02743,-488.634361595178,-5.039365399810265,0.42076543
Y02747,766.7985660021864,761.0746050215292,-1.2432233
Y02748,-129.63942233563944,96.45427319029234,-1.2432234
Y02751,312.8053055942887,279.687576620348,-0.76726925
Y02753,314.29041106379714,263.51769434667887,-0.98023367
Y02754,-93.67268734735323,140.63691407924512,1.4248815
Y02755,210.67004337893914,390.4477916359769,0.07672734
Y02757,190.43157541856658,259.0928959281168,-1.1349545
Y02758,-428.4998259695882,-39.78025680211132,-0.41316232
Y02759,-460.4949594524387,9.285681561703104,0.12962541
Y02764,-477.2889053026156,-9.308538322813309,-1.2199249
Y02766,-439.0525927157487,-11.499159737984419,-0.030112201
Y02767,-36.33212023822315,133.6757507817061,-1.0438372
Y02769,-69.38699203860861,151.84401651308033,1.5735528
Y02771,-492.4044401411602,-4.3599609384559175,1.1457994
Y02776,-543.528442022613,-96.3763624958955,1.7161247
Y02778,51.223967133987294,184.52974031187904,0.7056156
Y02784,-225.21925672372714,100.1130546993518,-0.66578954
Y02785,-482.0209589287705,5.216946058804783,1.1394274
Y02786,-104.8252720118928,128.8148339755125,-1.2432234
Y02787,58.70378573111598,191.58474975933112,0.12996843
Y02790,7.856997433973741,249.4413480202349,-0.6725787
Y02792,-475.0058425050375,-6.195183654236678,-1.1349545
Y02794,160.61820701934698,266.8213799563987,-1.2242851
Y02795,-119.45227909138366,99.79229544292895,-1.0800983
Y02800,-429.412771294621,7.060919457069272,-0.52143115
Y02801,-434.1579489020451,16.528598799035162,0.897832
Y02804,-477.5625491890003,-2.874928980358584,0.11952032
Y02807,250.01973443265624,226.640332931535,-0.07120433
Y02808,-288.64729263841934,-6.390000186276477,0.6884641
Y02811,-5.345622814986126,125.29742803982337,-1.0009583
Y02812,-134.96177778546158,-55.25538925440799,0.3484963
Y02813,-503.48730041170376,-24.270703131456234,-0.48534152
Y02814,-480.66892349827594,-12.089750214140873,0.7417052
Y02815,0.877960987896504,219.9334691903792,-0.52143115
Y02816,-136.5994286393158,80.7070727855974,-0.041903853
Y02822,-477.54741692957316,-10.88347072575717,0.849974
Y02823,-219.0897918449793,3.3224032206989285,-1.2432233
Y02824,-200.21221954971173,-8.760560663862776,0.10388388
Y02826,307.4562875752745,149.1960893917883,0.019913
Y02827,-1.5431655140294382,125.56679124434069,-0.797999
Y02833,-126.8775368746379,6.633908476289709,-0.052266218
Y02837,-402.67722495904536,4.664377824079646,-1.2878886
Y02838,-19.941990570987816,152.88009478111925,-0.7018792
Y02842,-185.47249227243103,81.80483451355286,-0.16410828
Y02846,-321.7695445005419,79.43245673042426,-1.2071337
Y02847,88.08733333322967,332.6714189918356,-1.2071337
Y02849,-60.157821368261146,144.31188285563982,-1.3154025
Y02850,-7.804652010018329,221.05565664598234,-0.62969995
Y02854,-229.7831176909686,-22.012354759907176,-1.2878886
Y02857,-272.45878934119634,-77.22828089181914,-0.66578954
Y02859,-507.3606303015235,-5.719041599604639,2.2141612
Y02860,-505.21756743419724,-1.8868093931835617,2.2159657
Y02861,-505.7021838609721,-3.8271593638897707,1.971528
Y02863,-511.4516157779428,-5.400933370592453,2.21574
Y02865,-471.6835715032881,-19.874878533910728,-0.7740584
Y02867,134.41817882928524,207.14590102977823,-1.1435302
Y02868,-20.057907245147238,40.54886573043166,-1.1349545
Y02869,-467.4141200103829,-52.65618398592079,-0.42471096
Y02870,-481.8570493852397,-3.690092122744387,0.45298833
Y02873,-421.768142906728,26.36206093555446,-0.46819004
Y02875,-30.516036784154693,169.09986149651138,-0.797999
Y02879,-502.78064545837424,-10.360861346006786,1.0633734
Y02880,-313.0623580473315,69.98054369706809,-0.4492519
Y02884,-84.70140477302232,164.78702021376378,-1.1349545
Y02885,-88.43732154829429,109.25031357375357,-0.7722718
Y02886,-226.83062070865782,100.71633841685947,-0.17768654
Y02887,-358.6323303985472,29.20595452360227,-0.17163953
Y02888,-483.14087729121684,-6.5684448822065145,-0.7090971
Y02889,-318.6183824982543,37.497008265884226,-1.2242851
Y02890,25.25184810058206,187.65571151952554,-1.3154025
Y02893,1322.6464416597257,269.2353875137697,-1.2242851
Y02896,-199.68853792043498,-36.394437650570964,-1.2432233
Y02897,-261.27720266359444,19.347824186841045,-0.7740584
Y02900,11.904997108315102,179.62080402495792,0.6884641
Y02901,-491.3056223679787,-20.3084768944795,-0.88703454
Y02902,-397.5439422604629,-49.666959527343764,0.06502501
Y02903,-373.8512454609348,12.502761390358518,0.48907793
Y02906,-170.41409848392078,139.48291375140502,-0.4253113
Y02907,-489.78647737751675,-1.3576228681379245,1.1675626
Y02909,-488.68132711221307,-3.442775559482364,1.5356767
Y02914,-488.38041835011535,-35.03155837276028,-1.0947639
Y02919,-489.9505472641234,-20.100541553869864,-1.2071337
Y02928,161.5384925536561,203.1968317274195,-0.7483311
Y02931,-473.045904747115,-15.673237909051657,-1.2322395
Y02933,85.8247773678142,235.35537250613342,-0.98023367
Y02936,-205.30116058204857,92.96857264262307,-0.98023367
Y02942,-442.6752892400202,16.38434190134593,-0.12444544
Y02946,-249.12415059079737,18.164955116194633,0.35829774
Y02949,-494.438474972863,-14.70299155795005,0.019913
Y02952,-500.1530216988449,-0.3703209647553511,1.5652044
Y02953,-509.35855500535246,-32.38763146900643,0.97079575
Y02955,-389.50820745375506,16.498091904863685,-0.052266218
Y02957,-378.26632467461326,-45.5317659602174,-1.0200838
Y02960,130.05206346595799,254.86114803831686,-1.3154025
Y02961,148.38639781535852,63.5018586148528,-1.2237349
Y02962,-148.66225497416588,-26.22007237147032,-0.27059048
Y02963,-365.9574815286652,39.907224285694035,-1.2071337
Y02967,-483.531918600779,-12.371394451412115,-0.48534152
Y02968,-107.52987902126199,47.95089478984345,0.99433243
Y02973,-121.948509086034,204.70282104995033,0.5680463
Y02974,-17.322132760683274,77.965455593961,-0.7483311
Y02977,135.11476439957895,129.44972791505512,-0.66578954
Y02978,-496.92733888600077,-34.314287479928865,1.5910699
Y02986,-245.06765258472709,128.03731051692495,0.5026562
Y02987,170.57538799232736,135.18987090028565,0.10388388
Y02988,-316.9468631529099,35.23256347051647,-1.2071337
Y02989,-380.72193027774455,-37.95939913359426,-0.49391726
Y02991,-376.2108545499351,-56.32791194314746,-0.7080881
Y02992,-477.2317524152974,-6.433478811205163,-0.70718646
Y02993,-491.99519181161673,0.7036858306050954,1.5163728
Y02994,-487.32016665230555,4.784731144926099,1.5956221
Y02995,-474.13499960608704,0.7269717573359193,-0.48534152
Y02997,-488.3035954002212,-9.897475132970042,0.40090963
Y02999,-351.45889974775696,28.16703768360147,-0.99059606
Y03005,-498.8137264530546,-7.062247396266735,0.9696859
Y03006,-488.2145877814212,-4.842757107084068,0.12818183
Y03007,-438.0645508188255,-16.34780710546907,-1.2191635
Y03009,-479.00036834837385,-5.629199094962976,-0.2238621
Y03010,-492.3413132821796,-6.55225243008444,1.2278534
Y03015,-483.4448860265677,0.7280785039804741,-0.06773319
Y03016,-478.1056317280288,-1.6944246345711493,-0.07741958
Y03017,-436.0265057293163,-13.212578380717257,-1.2878886
Y03018,-476.95508826880075,3.8106582402956315,-1.1349545
Y03023,280.5942555505261,338.6182528429976,-1.2192827
Y03027,-491.42658289936435,-13.14665661771973,-0.7018792
Y03032,-479.69059440015,-2.670030139089106,-0.4262858
Y03034,-287.2268630595531,47.58873554803767,-1.2242851
Y03035,688.2709423263032,180.81048325624383,-1.0559862
Y03038,-497.8759162955884,-8.433803558699294,0.99294436
Y03044,-474.1701214296537,-3.1811923605105283,-0.96270865
Y03047,-384.6949275457763,18.299750920054763,-1.2192827
Y03049,-23.63017788088588,157.75593837096113,-1.298251
Y03051,34.034259217001605,142.82041582853475,-1.1160164
Y03052,506.5865054011711,180.72552950592913,-0.079694316
Y03054,-306.48742177035234,74.45444962848846,1.7522142
Y03056,-477.13347262699966,-4.467343494314949,-0.58619463
Y03058,-465.277783580885,2.862714259322184,-1.2585614
Y03060,-459.4620954020006,-4.598165344902888,-1.2517991
Y03063,-76.11316424882814,97.23272031528937,-1.0388347
Y03077,-410.8809715942112,-1.7840315052179365,-0.4253113
Y03079,1104.130760827618,141.80647062823613,-0.6725787
Y03081,-436.46562181468846,30.424853994450494,-0.12444544
Y03082,-367.4054591350168,-27.01724229277309,0.5680463
Y03085,-464.417556292336,-2.5291774720833025,-1.1349545
Y03086,-417.484617878806,10.7787695221984,-1.2192827
Y03094,-396.5733159142171,98.4511816175121,0.41224197
Y03098,-470.01683146722735,0.3037554591164914,-1.2466605
Y03103,-443.2829413934071,-62.96631968414628,-1.0266856
Y03105,-478.9958340436993,-6.229207859101175,1.1783537
Y03106,-480.67568745406754,-8.890572484618875,-0.7740584
Y03108,-478.7047145440743,-0.573319480838356,-1.2432233
Y03110,-471.41929679728946,2.003542185090696,-0.58494884
Y03112,-1.2070566166544356,302.21440788947814,-0.32129785
Y03114,-477.27105408830994,-3.857229272074083,-0.24932693
Y03115,-504.467259930214,-5.0405615688391645,1.7522142
Y03117,-474.5813541083542,-14.210175266466868,-1.2907096
Y03121,-500.72878387602054,-9.179554064699133,1.6920648
Y03123,-482.9355832161955,-16.811958230434925,-0.19181271
Y03124,168.18414545698704,416.16286164660073,1.1302444
Y03131,-392.8827954376978,44.499502162828634,-1.2071337
Y03132,-484.2851775868836,-2.9994685605547287,0.9120817
Y03135,-27.355397792912704,-0.1763437314436133,-1.0555574
Y03138,-477.75444086835864,5.450325086852668,-0.5394759
Y03142,-493.4680622697128,-2.422931520537524,0.43674797
Y03159,-508.78636002623057,-13.577766335295399,1.5758517
Y03160,-482.05500684984025,-20.200119050833415,0.20427437
Y03168,-471.21155444513033,-115.50257398628794,-1.1645802
Y03191,-438.2764178429091,-18.373072170959333,-0.31251806
Y03192,-481.8274914139077,-6.673871770638102,-0.36504284
Y03193,-500.4743193632222,-23.62250120393808,1.6944708
Y03201,-386.19565992440386,12.297095953898472,-1.019061
Y03203,-475.11876923417606,-1.5676491407709907,-0.6102671
Y03204,-471.3021798344446,0.7243687793257684,-1.0820789
Y03217,-483.3161466443588,6.475138420852964,0.95652425
Y03218,-384.4633790962767,-49.01004571229985,0.92215323
Y03220,-487.10696941299034,-0.5174990732136954,0.849974
Y03222,357.18898615253283,34.19792660623064,-0.36777127
Y03228,-451.43173210610945,-0.2920051153726009,-1.0437602
Y03243,-470.6371588109429,-17.038841165605128,-1.0562135
Y03244,-466.8596148057997,2.0118654157341798,-1.2330333
Y03245,-497.47659888572036,-20.51260237879322,-1.1710441
Y03259,-447.33092427479824,-111.93252398079002,-0.7501253
Y03266,-440.21252253755654,-7.55537184743497,-1.3063802
Y03267,-450.7475837356723,5.528392114730662,-0.23691073
Y03268,-480.808245675067,-2.042739873717847,-0.23374538
Y03272,-482.5296296625171,-11.317788929580757,-0.7090971
Y03274,-497.32276817016077,-27.494369382316016,-0.810148
Y03287,-488.3241007780926,-5.83263566561493,-0.37871313
Y03291,-470.63865054749573,-0.40774873664985384,-0.26880386
Y03296,-135.75614123430447,89.57361817625079,-0.7458144
Y03304,-439.332307835469,27.530308474718375,-0.8521126
Y03306,-481.23474901724353,-8.90588152307404,-0.66578954
Y03307,-487.22426571737805,-9.926948812979262,0.24477904
Y03308,-457.99863065398597,-132.72998530102936,-1.0627753
Y03312,-432.25430875220576,30.140179827787374,-0.96621114
Y03317,-482.16362281330294,-1.0763747796106746,0.91252935
Y03321,-491.9708751916434,12.414189418526725,2.1150098
Y03322,-482.9724777596589,-4.241660587649132,-0.24091645
Y03324,-464.6949336913585,-35.66207298303132,-0.3409831
Y03325,-431.28368900205595,13.585075297448622,-1.1349545
Y03327,-471.0568989203865,0.16427798845335737,-1.2793131
Y03328,-474.8697629585821,-4.4589799959420855,-1.3154025
Y03331,-381.4412556410451,-2.9850136171386903,-1.2164471
Y03357,-380.4753620534743,34.01674162776669,0.24586535
Y03361,-442.94594252906023,6.736499455383372,-1.2083781
Y03362,-168.23402451424664,153.11000523268515,-1.0757675
Y03363,-202.6640947206796,155.86264731449256,-1.2071337
Y03364,-218.94321929420877,-30.506986079814936,-0.6323536
Y03365,-476.38656820649186,-17.564210556681545,-0.19662465
Y03366,-115.13932061729305,36.943079921662175,-0.6772907
Y03371,-501.8700777179586,-5.889882124057298,1.8535722
Y03374,-444.54039179889566,20.262175064970695,0.18817495
Y03375,-439.98986088957133,-13.099897919019273,-0.3524842
Y03385,-472.81776661381815,-5.758288454758742,-0.9283725
Y03387,-488.5849599978486,-16.81719316102802,-0.8462376
Y03389,-473.53901555667113,-0.48167022351130084,-0.48534152
Y03392,-434.8385227167771,-24.94512712578242,-1.2165483
Y03394,-473.4001510539232,3.454576683404118,-0.9293808
Y03395,-457.4530395291121,11.990798249959097,-0.7018792
Y03396,-459.70577361604876,-8.235540909298201,0.27254027
Y03402,1089.4606561161613,417.5797758824815,-0.7189325
Y03403,-471.4051901050311,-3.8699640680191028,0.4168987
Y03405,-496.3761502214131,-5.788432225036156,1.5356767
Y03407,-485.51828098061196,-13.979782147630623,-0.2206844
Y03408,-498.51462663938895,-43.22999873216427,-0.46494305
Y03411,-506.5862477461847,-28.42036308656872,-0.16053504
Y03416,-480.219506980399,-2.064291004845932,-0.2631513
Y03418,-433.27934399982803,8.60027783673869,-0.23555277
Y03419,-474.0424746450959,2.3939752239026255,1.9326622
Y03420,-436.5533389881441,-82.29442031306,-0.08835582
Y03422,-452.53947609981435,5.334065889763557,-0.85279936
Y03428,-485.02904589428107,-18.999631444825273,-1.0266856
Y03430,-70.61971294170282,-209.97614634163372,-1.1349545
Y03432,-233.65526008206928,64.36764904924622,-0.9118551
Y03439,-510.55680235658997,-22.118260623944238,1.3913181
Y03441,-305.46610213642435,83.94379471407649,-0.1511942
Y03444,-487.2898437643247,-0.1671332475944361,-0.24344362
Y03451,-488.3092766129656,-15.513502941626808,1.0260209
Y03452,-484.75252109441925,-18.63606930748292,-0.90088755
Y03457,-461.96939017546487,-8.014616688378116,-1.1349545
Y03458,-479.8286107683067,-52.489173313362095,0.8174933
Y03461,-482.96334548247023,-11.790919223632859,-0.36847994
Y03465,-491.8551381778649,-0.02412395676618852,0.6454662
Y03466,-371.37189622128454,199.902907999189,-0.8130352
Y03474,-493.8035585131498,-18.71571063103413,0.48907793
Y03476,-479.6291852260621,-8.914323774725135,-0.59361035
Y03482,-483.3704386697433,-14.810295939892026,-0.0714531
Y03484,-475.67053304291085,-1.7547190722193664,-0.4003085
Y03490,-473.53277024345107,-15.236539935408835,-0.7966144
Y03492,-461.8669204154887,-2.0320654288430644,-1.0249252
Y03493,-501.5145993814482,-18.9025896501896,1.1507207
Y03498,-473.7348669058939,-8.616119852685596,-1.0454929
Y03499,-495.7066597062131,-2.18418784449987,1.9635961
Y03500,-487.4118745695998,-4.490034675923077,0.75390446
Y03502,-451.9228513690501,-39.7006322030805,-0.30248752
Y03504,-288.61997083021924,-12.614920660301161,-0.41316232
Y03506,-257.36695601213324,-72.5969675184952,-1.0988649
Y03507,-449.0893051407662,23.430848287507192,-1.0480721
Y03521,-500.36969413395786,-6.948499451668788,1.6810662
Y03527,-474.6472311767263,-25.936743394071296,-0.50789756
Y03528,-492.30973417956244,-10.69477973761363,0.6190005
Y03534,-468.4875959154006,-14.590466359751064,-1.2987459
Y03537,-479.0026681032975,-9.844875344752264,-0.47521108
Y03539,-486.7630182186456,-25.667034114884917,-0.3409831
Y03546,-473.8909268611316,-12.860693746980221,-1.2441486
Y03548,-469.4248604149097,4.66987201762745,0.2076765
Y03550,-475.5918943100752,26.957124313908807,1.1537981
Y03557,-477.25070120165134,-26.117205169358833,-0.55566996
Y03558,-478.6777980788296,-13.882174852220226,-0.53947586
Y03564,-481.6653018192776,-2.6295702875242264,-0.24435608
Y03568,-481.32396670520126,-3.869714109715392,-0.3876873
Y03569,-520.2578394789551,-68.4264441483422,1.1747805
Y03571,-335.37479750638215,17.278258433809675,-0.49565282
Y03574,-456.55711554167385,-11.18646637822288,-0.9839128
Y03580,-472.7743190078469,-15.380497005857238,1.2314928
Y03583,-503.22041693162527,-31.384560002345633,-1.0627753
Y03584,-498.6393789212598,-1.9980759969714377,1.860483
Y03587,115.57548306919219,132.77510132150863,-1.1504215
Y03594,-518.9740939829946,-53.301719349282344,-0.088355824
Y03595,323.33901963931726,304.29125666525596,1.6594124
Y03596,-491.1527380741067,-30.92725735034239,-0.9184168
Y03597,91.37581902965341,-4.879182235611617,-1.2277563
Y03600,-429.65732691469935,-11.30374445913221,0.47361094
Y03601,-494.7809678428983,-28.232061350007754,0.20473553
Y03602,-37.78463521809875,112.3704966375504,0.12302617
Y03605,-441.05723686905355,-26.89467372528525,0.7520165
Y03608,-440.4696051707815,16.66272717161863,-0.7018792
Y03609,-429.71665532538594,6.940276197758935,-0.7018792
Y03610,-372.48321944687945,-188.11939829549482,-0.7018792
Y03614,-468.1205144543211,-11.914797464700346,-0.95450646
Y03617,-494.86189311364143,-4.18460697249499,1.1534213
Y03620,-409.83994222148397,93.64756582862331,1.8862613
Y03625,-528.4106841322044,-57.78159385315117,-0.48534152
Y03626,-501.134315510488,-41.35427796033804,-1.3154025
Y03640,-405.28392989127315,30.40087550053943,-0.40285102
Y03643,-470.7916559784572,-5.31403904519442,-0.8367403
Y03645,-481.67800457790827,-1.2935611883435614,-0.23963554
Y03646,-505.8498753542294,-55.002835719737256,1.658879
Y03653,-484.5843918873728,-28.594948051498083,-1.2196866
Y03654,-467.03146151778543,-5.542004383879703,-1.0944637
Y03656,30.900675393159858,35.20111530345657,1.1934936
Y03659,-492.55064716812177,-13.863432360296251,1.1524898
Y03661,-172.5513433116799,-46.699544731959904,1.3913181
Y03662,-344.03650366186196,20.180919945374978,-0.46447042
Y03663,135.14451606467156,-40.09077305852136,-0.8502475
Y03664,-122.45148648570863,107.80729141296263,0.5238309
Y03668,-473.6031332707406,-46.362615229068936,-0.47110897
Y03671,-219.9051628644802,181.70736951353146,0.7505075
Y03699,-483.0578510749643,-23.506023678671994,-0.7379688
Y03700,-406.49922533743717,-31.95808035549083,-1.1455173
Y03703,-478.4796215397822,-53.23412996144835,-0.47587538
Y03704,-482.4091671075249,-5.455557900913039,0.24904005
Y03705,-482.71610245700924,0.8092472667180923,0.24634619
Y03706,-478.2990583322189,-13.816784925106713,0.24769937
Y03707,-483.2594830244376,-1.371261764809029,0.24658108
Y03709,-486.474141577987,-14.304395144575915,-0.24173667
Y03711,-353.49134361110424,34.374099905245025,-1.1456476
Y03712,-476.27213411089815,-6.1629332378108135,-1.2083781
Y03713,-476.76428011268723,-6.2780088989722875,-0.14913833
Y03715,-431.7829353885428,47.13467279297001,1.3258222
Y03723,-470.086279193906,7.398902003763512,0.7669679
Y03726,-486.56491795517417,-22.199849533401938,0.52749586
Y03727,-481.8617716535541,-19.610147714911285,0.58223945
Y03728,-481.6829453391818,4.2509811706765435,0.5251675
Y03730,-483.5991387315322,-5.604013382538235,0.48907793
Y03731,-486.6005318988976,-8.915694929537608,0.521266
Y03733,-479.140666818638,-1.8313198394445065,-0.12444544
Y03734,-483.6544821079885,-8.807669603709037,0.117354944
Y03740,-493.08408687912697,-7.976472885387992,0.83609337
Y03741,-490.6068415113049,-13.844928827790007,0.8410752
Y03742,-474.13111518308966,-5.601579625137763,-1.0904183
Y03743,-477.4275621714775,-16.242218611079593,1.1359147
Y03744,-482.36450455878986,-1.2016221299760808,0.2059133
Y03745,-489.6371523466984,5.130305205338977,0.65973896
Y03746,-493.9815087514672,-11.139663400017557,0.669526
Y03747,-449.342381063737,7.009263505974319,-0.9165174
Y03748,-529.1040148459676,-53.63452445026464,1.0304221
Y03749,-501.5823502959624,-19.274692864748346,1.0304221
Y03750,-457.9441861170962,-55.81361817113352,-1.1234058
Y03752,-464.52936494079654,12.595972182350643,-1.0865054
Y03754,-478.6234884330427,-4.91307436062322,-0.46014687
Y03755,-74.8979470526591,-35.42022468653347,-1.2325301
Y03760,-454.6893398762333,-9.397473456094422,-0.9869871
Y03761,-463.13929346490977,-7.961368020772179,-1.1493903
Y03762,-453.12852501165077,-5.927438530511995,-0.06323015
Y03765,-470.58738027161644,-6.12232757814862,-0.79904354
Y03766,-502.96982869367827,-47.61877187607756,-1.0266856
Y03768,-474.27119506622125,-5.818716866058329,-0.9981938
Y03770,-470.2554767927657,1.9077160441309453,-1.3044386
Y03771,-478.0989597881003,-10.274935796120465,0.5840506
Y03772,-502.9308693679385,-40.50809910317222,-0.23271427
Y03773,-457.0590130072327,-1.7021741571762634,-0.24340747
Y03776,-468.2681109353109,-7.211030222473036,-0.24411099
Y03781,-492.71949861701296,-4.096630143148762,1.136916
Y03782,-501.4848538633231,-14.159545577468647,1.9671828
Y03784,-483.31228961040307,-6.451446412489129,0.6039085
Y03787,-457.19535894173896,-14.60783539915532,0.53318745
Y03788,-480.2380494001765,-6.98838088211434,0.6115085
Y03789,-450.88586270279467,6.7728354422634975,-1.3154025
Y03791,-472.3361694167894,-10.72588070925808,-0.46395507
Y03792,-473.7230122312245,-9.687767135070123,-0.47030416
Y03793,-425.6155774833565,-13.689596407833456,-1.2901399
Y03794,-479.9762767109486,-7.4435947206829285,-0.22369187
Y03796,-501.2461334934048,-15.244543198430732,1.164709
Y03797,-415.2441160774104,87.02098781761245,-0.08280358
Y03798,-268.17234427320994,-81.52624643043296,-0.22870432
Y03799,-492.02428581018,-1.6136079201011302,0.90668625
Y03802,-485.87031084076665,-20.775814030374494,0.9077174
Y03808,-472.51907110920797,15.514930870861662,0.050616104
Y03809,-422.7298944580367,-20.108450404948417,-0.22910531
Y03811,-462.14157996376997,-11.78563706662758,-1.2902769
Y03812,-477.7638104599456,-33.00482528979323,-0.9184168
Y03813,-470.85034949547895,-11.301550605917239,-1.3052975
Y03814,-473.85409129801866,-9.896022813768377,-1.3058789
Y03815,-507.3363057387814,-40.834505629762035,-0.59361035
Y03816,-480.1407230515141,-6.785592572791456,-0.59361035
Y03818,-484.2418522117398,-7.778106928486555,0.121813074
Y03819,-461.19389707120064,-15.97132575260577,0.53238547
Y03820,-491.48488546508287,-17.782996486288756,0.669526
Y03821,-438.2188173174268,-32.92288723988227,-1.0847031
Y03822,-483.6418992491054,-25.45490856746341,0.669526
Y03823,-490.52325003561265,-45.25278507380862,0.2859068
Y03824,-493.39605165043236,-5.05041234510934,1.466902
Y03825,-467.489592226707,20.692571694497232,1.4776591
Y03826,-481.16693826989007,-7.044951208943497,0.2102486
Y03830,-492.20477497675904,-16.89054636797192,1.1586864
Y03831,-486.27144894630396,-10.355265001876957,1.8581394
Y03832,-485.03982221222526,-12.766300895204001,1.8590395
Y03833,-474.7016174654506,-3.8397499291827937,-0.4131623
Y03834,-462.92860326366036,-30.298511877804497,-1.2432233
Y03835,-475.2898056173935,-12.405224767202585,-1.2311934
Y03836,-464.22536765708736,-24.13634679830327,-0.24715011
Y03837,-498.19612933121846,-2.817156618159951,1.2365704
Y03838,-465.41986200379705,11.360898251358936,1.228915
Y03839,-505.9801977116642,-28.983301064802273,-0.12444544
Y03840,-499.5078921582255,-44.601072870623945,-0.5418296
Y03841,-477.6830353344099,-8.25558950817206,-0.49135646
Y03850,-498.9684006656044,-8.22215781669375,1.3831688
Y03853,-475.954637769105,-25.015942210811378,-0.46987456
Y03856,-476.6431730390657,-19.77892882017846,-0.4572718
Y03870,-485.4294590324393,-4.955171347685619,1.0232041
Y03880,-483.57474078887134,-8.702538197166447,0.42925814
Y03881,-473.60445630561395,-9.638579836975017,0.42957884
Y03882,-462.51794787119843,2.1178243502919254,0.5886853
Y03883,-465.2939439252018,3.0811749455269184,-0.8367403
Y03884,-466.9050410470466,-3.9680023146946666,-0.7135702
Y03885,-472.98567504836114,-13.02266192400947,-1.2432233
Y03886,-481.41920052825395,-33.48415272255568,1.3444016
Y03887,-475.1018498649364,-8.429759882749414,1.3444016
Y03888,-491.19618637895553,-29.837590925628092,-0.99984974
Y03889,-483.3167149585534,-25.106966707825364,-0.2382665
Y03892,-481.8934431397159,-9.745354904882566,-0.25468186
Y03893,-467.5500226280737,2.767276724178514,-1.0849842
Y03894,-476.2244712845849,-5.517381825702451,-0.26880386
Y03897,-474.6565595644846,-18.28051940545056,-1.1039007
Y03900,-482.8910870138325,-9.054297462810693,-0.3409831
Y03902,-480.3919643099465,-11.873568570450745,-0.24349429
Y03905,-481.334622501297,-10.139208290411679,-0.24187134
Y03908,-493.5826367455419,-9.450758282215507,1.1073499
Y03909,-473.4143145106137,-3.897790724183255,-1.1449102
Y03910,-458.21217451727716,3.3781276404149305,-1.1476346
Y03915,-501.24296655275583,-25.800610182169294,1.0033549
Y03916,-473.23050237243973,-2.911691169461163,0.19860059
Y03917,-482.13286860549414,-11.507917287704549,0.17815205
Y03920,-478.15549892596493,-6.086114622534156,-1.1181127
Y03921,-441.80578828602864,18.763074290929573,-0.9292437
Y03922,-487.3633276714413,-1.7762438694182605,0.78638756
Y03925,-523.677896161364,-40.53875466515677,1.6487573
Y03926,-500.5092175054948,-32.10757724020644,-0.26880386
Y03927,-479.0259677584758,-1.7920019953813766,-0.9938769
Y03928,-461.98214189066556,-8.893488178634849,-0.98825264
Y03930,-401.27841896159026,67.8042113634738,-0.98825264
Y03934,-477.74066483655986,-10.977887694978632,-0.98019737
Y03938,-477.5982595252245,-6.4279830025776485,-0.08691224
Y03939,-484.6832364842305,-16.10204961195241,1.3442645
Y03940,-364.5156361517485,57.15520591790252,-1.1349545
Y03942,-380.2605313035171,16.058126611675267,1.7774769
Y03945,-423.2761903382661,35.348935165460134,-0.063514926
Y03946,-481.31476229033603,-4.132934893797937,-0.063514926
Y03947,-480.49824941138854,-7.742206898046502,-0.06886744
Y03948,-478.71057308871417,-5.102433530106247,-0.06940878
Y03949,-477.5129053483002,-1.6060339342246672,-0.06366294
Y03950,-483.88846907818595,-13.962582419253945,-0.07169908
Y03951,-437.26542180351345,-128.85521481595757,-0.6741179
Y03953,-487.00173184885153,-0.17352162610670313,1.4490615
Y03955,-409.0472515880761,24.63339529955297,-0.6735557
Y03965,-467.68517866870116,-9.188494054169217,-1.2284173
Y03967,-477.4833413994909,-21.835915744327025,0.80000377
Y03968,-498.2168153139432,-3.8956004850780848,1.8604829
Y03971,-461.1990436065696,-12.354612380752613,-1.1571635
Y03978,-477.49126880459636,-1.320571846608415,1.8493786
Y03979,-479.9226628782667,-6.632524569362073,-0.18303245
Y03980,-493.2016757937656,-5.639081652424068,1.1515363
Y04018,-471.53839815510537,-2.682530958679093,-0.8069502
Y04022,-505.1851367708817,-42.24304294653507,-0.37517324
Y04023,-476.44680135835756,-10.713438532678845,0.80000377
Y04024,-481.7818036564025,5.564673385946382,0.80120426
Y04026,-473.61516413521827,-14.010231904731391,0.3074657
Y04027,-493.70941797201056,-34.361993814296866,0.36970457
Y04028,-484.1090450349239,-23.065293605700724,0.37420115
Y04029,-478.4249825823782,-9.360556914218664,-0.18332848
Y04031,-462.7062540889187,-13.804965454322367,-0.036330543
Y04032,-444.0825410366192,-28.002654882108832,-0.03422141
Y04033,-472.9647589664365,-21.081684310186553,-0.035609476
Y04036,-496.31153965768544,-22.74475313184484,-0.59361035
Y04037,-506.3618672382507,-17.610478642069445,1.6740199
Y04045,-482.11250534955894,-14.256708669914389,0.4932421
Y04048,-494.0522049681678,-10.479647479635105,1.6439453
Y04049,-484.0358644647908,-24.68853703005877,-0.48534152
Y04050,-476.2526719169023,-2.1698195941909635,-0.45293453
Y04051,-486.09404860524495,-26.834402961531858,-0.4282696
Y04052,-479.56515843788145,-10.603403710268923,-0.45552838
Y04054,-463.93928065635976,7.324812169101141,-0.44827652
Y04057,-481.26717642056866,-9.625546416505552,-0.44100285
Y04058,-479.76143771270085,-4.048569547259348,-0.46188325
Y04066,-481.26684843518007,-13.032210546430846,-0.4368461
Y04069,-490.1660350240664,-17.97835066246362,-0.4579632
Y04072,-462.10986390074225,6.0187664123193105,-0.69844204
Y04073,-480.53189584088227,-6.865734003279136,-0.44110265
Y04074,-477.6257185255656,-5.059598674700152,-0.44409624
Y04077,-486.64746857086925,-14.621113393433884,0.12951848
Y04078,-458.17694870057943,3.827116633587148,-0.6906964
Y04084,-475.63901103146384,-9.353705711189944,-1.3154025
Y04085,-464.23674675440105,-6.587904004927557,-1.3154025
Y04086,-480.2804798024188,-14.497169462103031,-1.3154025
Y04087,-475.8312745329006,-4.691271435174058,-1.3154025
Y04094,-471.9834614323693,-7.312998550170349,-1.1236429
Y04098,-483.60946579637204,-10.520634934510532,0.3558648
Y04099,-443.1314524988306,-5.986357770179477,-1.0226756
Y04100,-477.52781610922904,-19.201744960423213,-1.0278134
Y04101,-425.0201264993017,-54.20288884366583,-0.6462657
Y04102,-489.611400243338,-16.22357956874786,-0.075834945
Y04103,-475.5534888710619,-7.898950897619736,-1.1439769
Y04104,-468.0418615777626,-2.471883140919028,0.7472574
Y04105,-474.4057980698549,21.4731960689344,1.0697925
Y04106,-442.6142123206078,13.630944677170724,-0.5279929
Y04107,-481.4239206184703,1.1091030091639433,-0.3409831
Y04108,-479.11568438657594,-0.7102684610339705,0.42721
Y04109,-474.74680657765174,-16.55137925034809,-1.257307
Y04110,-482.9205980297465,-1.151566951403598,1.1303625
Y04112,-487.1621464849211,-5.9044402756469,1.188661
Y04113,-478.43871874830006,-19.64805316164561,-0.53735304
Y04115,-493.37231469349524,-7.826062653257921,1.7522141
Y04120,-477.536133091859,-8.38699864847052,-0.59361035
Y04121,-497.25503200624695,-27.82257911740809,-0.55752075
Y04122,-486.9519168670683,-27.159298644432475,-0.55752075
Y04126,-488.3109042590548,-15.839028903318859,-0.5523651
Y04127,-471.67151841016886,0.14625926601414196,-0.55752075
Y04128,-476.65410484181575,-1.1421918452039277,-0.55752075
Y04130,-493.20304114632705,-30.20513226029653,-0.55752075
Y04131,-481.1930811478327,-13.424356912494162,-0.55752075
Y04133,-483.1200833335937,-12.879819396782143,-0.55752075
Y04134,-475.30963833302786,-18.6760467618253,-0.8473312
Y04141,-486.4191730434936,-7.318365752387571,-0.052266218
Y04142,-501.41315556656343,-24.69910391192625,1.5845722
Y04144,-465.86430042393283,-7.31618518295938,-0.7222777
Y04160,-479.7699838705663,-21.67103247143167,-0.2688039
Y04161,-514.3604698863865,-27.22290077358864,1.487034
Y04165,-497.21940658780375,-8.857659054424543,1.4567305
Y04167,-486.1020626123264,-1.9685524678160888,0.019913
Y04168,-333.430704091627,13.72744036746484,0.5973467
Y04169,-485.87213542343216,-7.2901594000885686,0.17448547
Y04170,-499.79183225351676,-7.774219452671405,1.8005106
Y04171,-476.64452341663144,-7.486490343131365,-0.54111636
Y04174,-477.2986264427858,-5.8959168026217785,-0.2619945
Y04176,-491.08925346389907,-27.75086717777911,-0.50010544
Y04183,-474.66752165096943,-11.42202755694512,-0.33543086
Y04186,-510.4981958733529,-28.663895365028534,1.5996068
Y04187,-482.3695740604026,-15.787165043521068,0.17792697
Y04189,-477.27995472755407,-2.748521552872591,-0.3648734
Y04190,-472.8666638835844,-3.22178217095715,-0.3659682
Y04191,-478.6381475921865,-0.9171162993229384,-0.3650428
Y04192,-478.6184427545821,-7.574384063478742,-0.3660052
Y04195,-471.7323629326093,-0.8018624790999587,-1.2916864
Y04196,-511.62383140074223,-45.12668265904674,-0.34098312
Y04198,-467.38890026678655,-11.390363316115456,-1.3057448
Y04202,-314.86815747594824,-85.21655023497411,-1.04309
Y04203,-477.68091627440634,-20.405944894616873,-1.0252421
Y04204,-480.9153537930287,4.3337175479976064,-0.25247762
Y04205,-477.7177091871855,-12.36859666393641,-0.25382328
Y04209,-470.9521065519741,-3.2078236149214967,-0.7546255
Y04211,-499.9166308184981,-12.026835937124327,1.6692082
Y04213,-479.9335936098601,-19.341516105453902,-0.782622
Y04215,-478.5120207449175,-6.594326732587016,-0.37609732
Y04216,-504.3451955868432,-18.391645473107296,1.7864994
Y04219,-471.2448403490483,-2.626624366781095,-1.0855687
Y04221,-472.10051836003413,-10.16742609490643,-1.2509568
Y04224,-480.19879016161235,-16.554911361627735,-1.2816414
Y04225,-361.76351966043705,174.9320220916512,-0.3409831
Y04244,-473.28884541481,-13.66288785188474,-0.37191704
Y04246,-502.0315725918945,-20.766466656389294,1.9687519
Y04250,-482.375188846702,-0.7449971232679393,0.7668308
Y04263,-460.8103621806345,-102.19510302519205,-0.66578954
Y04264,-476.0700337094049,-4.439489091259815,-0.5806181
Y04265,-489.83795542153484,-27.121709421139027,-0.23927602
Y04266,-98.68886489374945,13.992830490767256,-0.24161948
Y04271,-474.8429400389757,-6.556571930769722,-0.36582398
Y04273,-39.549489548084914,345.0974767977428,-1.231024
Y04277,-490.45648483704235,-41.932247508219476,1.7537833
Y04283,-491.9990500582168,-13.215155832008888,0.43055424
Y04284,-493.7468610653812,-33.12423273591308,0.42978784
Y04286,-490.00804970939924,-16.626044189417115,0.4349435
Y04291,-483.60178890889443,-4.076639652896194,0.011710816
Y04292,-482.1663349692462,-19.04595711052089,-0.013400486
Y04297,-469.7144615621807,-16.2250795849409,-0.07725133
Y04300,-484.3887833136499,-8.623968647595431,0.40246284
Y04301,-487.10916509880883,-12.28595930763751,0.3988539
Y04326,-486.9778283303576,-16.529126801215213,-0.2625274
Y04331,-459.9470720732431,15.055300745422434,-0.36589003
Y04333,-145.57206410662744,-319.6608566686488,0.24217917
Y04334,-440.4020762648206,-8.422304841598699,-0.73241657
Y04335,-512.9758228639967,-31.867153078964872,0.7777948
Y04338,-483.71540746673475,-14.729245032377225,-0.26880386
Y04347,-472.37657740626605,1.905697452618911,-0.9937805
Y04359,-465.0039025031229,-5.670942238230299,-1.0972958
Y04361,-490.8578969071151,-18.17210831274045,1.1567357
Y04366,-483.3016782971073,-31.97337082970301,0.2227615
Y04367,-477.38922949794033,-47.582609407817465,0.22682676
Y04370,-485.00126650384607,-41.36742862884499,0.21907417
Y04372,-483.6862527864921,-16.247937739273898,0.22517265
Y04376,-478.2259810383165,-3.187156282783979,-1.2255323
Y04377,-478.11845460945443,-4.765079509732684,-0.25492325
Y04380,-469.7320148272811,-2.5922661376475364,-1.3154025
Y04395,-473.17160220104637,-8.546764821032125,-1.2432233
Y04397,-488.9548757356092,-27.989043116905233,-0.16053504
Y04399,-439.278875318693,-17.390335522705037,-0.7134279
Y04400,-495.81103851658133,-5.885475616855416,1.694157
Y04404,-497.38654005947745,-18.70811061591167,1.0838624
Y04405,-481.40509999279755,-6.299566210237392,0.35626817
Y04406,-486.81955303842204,-16.838509033587435,0.68456334
Y04419,-470.33645971945623,-18.59389696101979,-1.2432233
Y04422,-486.8624045051718,-11.98667981596865,-0.06730355
Y04425,-497.3486392499676,-30.83910979370853,0.7743022
Y04426,-426.92670240842796,-12.325290517226433,0.5271183
Y04430,-502.2232499423346,-46.774607345907896,0.019913
Y04433,-510.24753025400804,-52.681225872576356,-0.19662465
Y04438,-486.1807989416666,-16.821914205476265,-0.45764485
Y04441,-473.60835318565137,-13.430039588515026,-1.2307024
Y04446,-488.8972217016147,-8.912847563758367,0.42838174
Y04456,-485.8530669512084,-1.3452821084069728,0.44167665
Y04458,-487.23574382053187,-9.481334215531534,0.44154525
Y04460,-435.01606329205345,33.13372739138255,-0.9874578
Y04462,-486.1610494631766,-36.864284496911736,-0.9219377
Y04463,-490.6281585857722,-9.505290619963109,1.1619267
Y04467,-481.17446088220163,-2.6419860250164073,1.7522142
Y04468,-530.3042719094707,-75.64384166702291,0.5251675
Y04474,-448.152518097698,-17.967662736515496,-1.2916723
Y04476,-491.1235279351036,-14.654776200910247,0.50316167
Y04477,-394.0588823467536,-6.372997923206603,-1.3154025
Y04478,-473.03916891479184,-17.45975430295643,-1.2919931
Y04485,-479.46061572815887,-26.849972784400496,-0.7668405
Y04487,-491.78177015468646,-13.404867693201227,0.8253414
Y04488,-452.81340260456636,21.013599750650382,-0.17497088
Y04493,-493.18416973459773,0.1002631458161768,0.9149353
Y04502,-495.72259318966843,-7.944407214652944,1.1249112
Y04506,-449.9286905310177,-63.761730794606834,-0.3048935
Y04507,-511.53282368299193,-29.185674895875614,1.8931354
Y04508,-494.4439622917137,-33.68987688709096,-0.23271427
Y04510,-485.27279752822983,-19.088828916855817,-0.48534152
Y04511,-498.51664281589314,-38.43521283596412,-0.23271427
Y04512,-498.45377758219234,-18.331197838146256,1.6570687
Y04513,-471.94391304288087,-24.34767166854552,0.3680716
Y04516,-469.77792248176723,-22.01910358687343,-0.74529946
Y04521,-493.7830408416714,-16.11153081075523,1.1581237
Y04531,-481.48156008900537,-32.77163052649448,-0.301192
Y04537,-486.8089439645149,-7.661929155566702,0.43923986
Y04538,-469.91735198491216,-18.21953869931142,1.873036
Y04542,-474.8210683757598,-56.618283831983966,0.47103313
Y04543,-496.4434825058939,-19.090686602703126,1.7058133
Y04549,-481.5380635570253,-13.802224430360567,0.13802445
Y04551,-480.12526288223665,-6.531886092029631,0.41224197
Y04553,-489.6590962748248,-8.955026363654229,0.7567972
Y04555,-485.83110575120486,-11.013808921442791,0.027732415
Y04558,-466.54756262340453,-5.287529650884764,0.6098996
Y04566,-496.58140131936955,-12.388611298959495,1.7720635
Y04567,-483.7329537905782,-49.600643681924794,-0.24474414
Y04572,-469.60721318460753,-3.106747604517078,-0.24727674
Y04584,-471.2550680446316,-2.004109614924074,-1.3154025
Y04585,-416.44330635586795,-51.80743903733775,0.5220293
Y04586,-468.97502828559584,-10.80329888912379,0.5220293
Y04587,-454.60555315806823,-29.847617800485434,0.5220293
Y04588,-472.14366014267745,-14.910557155752262,0.5284484
Y04596,-474.86245732182505,-37.42827719484949,-0.8462376
Y04600,-305.42986289087395,-3.8282518295591452,-0.6933875
Y04601,-494.1309173167202,-15.835803945864201,1.1567357
Y04602,-497.38838905560453,-13.273948092322831,1.1270149
Y04603,-484.7722264280595,-17.40678191711728,-0.30088353
Y04605,-426.68678654249936,17.966112137487123,-1.3154025
Y04609,-479.9866573175061,-0.8732325504219973,-0.038577054
Y04610,-488.79185364790453,-23.440851180136864,-0.24624786
Y04628,-479.3578765827791,8.019815873049636,0.43855247
Y04629,-416.00806708596394,-73.48803137803833,0.23645064
Y04630,-505.197096855977,-10.630200089608387,1.6850475
Y04631,-500.9587428554342,-6.5014241270252,1.6950157
Y04632,-476.16605507201757,-6.732792539809078,-0.6874433
Y04633,-484.1472731688635,-7.66379217985995,0.6804368
Y04635,-470.45400919065514,-5.925415821393155,-1.2929205
Y04638,-484.61487428655454,-8.409411513804812,0.1070728
Y04641,-488.73465515116175,-3.6300121657936706,0.45010114
Y04645,-323.62410244941384,124.59396038845217,0.83622557
Y04649,-504.93662165027996,-17.590442986042675,2.2574687
Y04654,-440.0915195131896,13.050264184990063,0.122629575
Y04657,-483.9678190297582,-12.278542328689372,-0.25752586
Y04660,-287.8970405452221,-434.5528783031587,-0.52143115
Y04661,-482.3497195112069,-18.62339739920582,-0.04639116
Y04662,-353.0078230162767,157.11239947240435,0.6437477
Y04664,-84.4411824346051,-10.253116086170698,-0.2671382
Y04669,-499.8883562108513,-18.69076807671961,1.480683
Y04672,-476.4713514185571,-10.100170190664834,-0.7018792
Y04679,-483.39822220584557,-55.664017507832014,-0.9184168
Y04680,-469.2493500318977,-8.988106103289194,-0.9184168
Y04681,-490.97028500946055,-26.20632016383841,0.8558491
Y04684,-398.2831681972872,39.205465379239634,-1.3016541
Y04687,-449.3882113704595,-17.183871954349428,-0.93130594
Y04688,-436.7981626680681,-10.269979469620958,-1.0047952
Y04689,-437.5522646052142,-8.594488644842919,-0.93065053
Y04690,-332.4572114221641,-25.684887690487557,-0.97895426
Y04702,-360.56861621615553,208.81792628729323,-1.0135622
Y04707,-470.91647706263797,-14.798660653462642,0.59283555
Y04711,-487.8121033446439,-15.305024642244188,1.1675626
Y04721,-474.36229723948065,-16.25308399148727,-0.06455205
Y04722,-458.21664289906505,27.920554488745875,0.7099463
Y04723,-483.22846798639546,-17.513633151929444,-0.06987091
Y04727,-457.20758499255993,17.935938937352173,-1.2432233
Y04755,-462.9310681475433,-60.923392502427134,-1.2304858
Y04769,-477.70177213114806,-46.33319051561563,-1.1349545
Y04775,-463.37005439854477,-5.272703305925453,-1.1349543
Y04786,-137.07747001516145,80.82057187769558,-1.3058277
Y04788,-473.3478631968875,-20.31945564800923,-0.5646204
Y04789,-461.23800069060604,0.10688043321716134,-0.984088
Y04792,-482.8955480179732,-36.94792741801422,-0.997814
Y04795,-392.8051286549818,40.8243348070044,1.4788798
Y04799,-448.676091493562,-40.02081392864207,-0.45495027
Y04804,-466.45269938107157,-2.514889229591849,-0.54849833
Y04805,-402.7175070471712,-25.537639242912647,-1.1349543
Y04806,-485.45158938034183,-26.61079494362095,1.9745727
Y04808,-496.7107389579198,-12.940087336834624,1.6439453
Y04809,-165.29030969406256,104.58635571165276,-0.6855807
Y04810,-424.1435933768536,80.66607669307247,1.7522142
Y04812,-464.92830575765475,-1.0181479196723797,-1.2071337
Y04817,-480.5452728488004,-12.948557739644976,-0.1883937
Y04831,-439.8161569979425,-11.847732284569712,-0.38594717
Y04832,-455.352640922799,9.685889760744104,-0.37707272
Y04833,-433.24907917846974,5.069927913924398,-0.5658491
Y04836,-468.616857468137,-47.61710826991958,-1.0086409
Y04837,-458.2928745568179,-15.591209333950765,-1.0266856
Y04838,-479.27694601852795,-17.65322964832953,-0.3682086
Y04846,-488.3655533437744,-32.83792153382188,0.60718936
Y04852,-484.791633029019,-30.925600148085877,0.75564885
Y04862,-481.8851980138657,-28.23568477356768,-0.06899067
Y04872,-479.14541529318876,-1.1036097893541676,1.1117878
Y04882,-95.32883747206061,24.320767609209007,-0.15380648
Y04883,-201.70491419543455,-77.3076756085736,-0.15380648
Y04884,-127.85760969286373,7.580475947819519,1.0371506
Y04886,-429.30484559586,-30.950890572364063,-1.3009666
Y04887,-346.38902396926335,-345.23298104162916,-0.62969995
Y04893,-495.05809754416816,-37.74317879976399,1.5852998
Y04896,-452.42931452616233,-18.343642883542923,-1.1068168
Y04900,-379.9649967966811,49.79255381106183,-1.0135622
Y04901,-490.34694150756434,-38.12298509932965,1.1699685
Y04905,-476.2182893817542,-1.4544227764154387,-1.0764308
Y04907,-466.6407508322516,-14.753066923424752,-1.1349546
Y04908,-424.55866926186394,-15.247319985194752,-1.1498882
Y04909,-486.95501030619465,-15.008463951315989,1.340548
Y04912,-487.7671931276352,-28.8974421764104,1.322085
Y04913,-420.6681245412621,-21.870433548431937,0.040098716
Y04917,-472.6447675137265,-18.054510462884743,-0.9022133
Y04918,-481.87761031716155,-9.571995081435373,-0.26712528
Y04919,-418.5724480519821,-141.8695816223501,0.20036104
Y04920,-467.13207048129834,-18.830765981795,-0.37306273
Y04921,-478.27174829365197,-18.146146970417448,-0.36645812
Y04922,-470.33359521725816,-7.5415689627215,-0.37306273
Y04923,-466.9099521217159,-28.818880240960482,-0.37306273
Y04925,-281.8427617488681,287.2672987665426,0.6695259
Y04926,-347.1423253474642,144.13830663089686,0.669526
Y04927,93.95944784689794,191.50307511263466,0.669526
Y04929,-493.1314965390848,-10.280501195538514,1.7229989
Y04933,-445.81467005923037,-53.58140142485923,1.113998
Y04934,-390.6969592277161,-59.72441523078353,0.6646046
Y04938,-193.24135425011949,-48.45176026245315,-0.097853094
Y04941,-446.3224127655442,5.469169917683152,0.04270644
Y04942,-333.5109359362206,117.21364495154715,-0.7037786
Y04943,-315.81862316907416,-341.5792030099927,-0.810148
Y04944,-382.47164814598324,-10.6798242775601,1.6078558
Y04945,-116.21189575354522,-266.63975412686034,-0.052266218
Y04947,-196.58172837657506,-162.09270378799573,-0.55942017
Y04949,-156.79659123446893,-271.9304321208071,1.3042785
Y04950,-434.69247571625965,17.169942069988565,1.7047279
Y04951,-240.22815863418052,117.27147877643586,-0.55942017
Y04952,-115.75581690613366,-35.213942547378124,-0.55942017
Y04954,-426.3152630694025,-40.98326468417974,-0.38087162
Y04955,-76.96957091286662,-127.41320901401872,-1.0627753
Y04957,3026.0350450334754,653.3278956563571,-0.48018584
Y04958,-492.876806625762,-20.665588552686945,0.68080395
Y04965,-280.55170077028527,82.80432176166467,-0.55942017
Y04966,-461.0806055289578,9.426843732623478,-1.1349545
Y04968,-155.87281658786173,245.46036755992506,0.44728994
Y04969,-70.2845943570302,49.75459180853233,-0.15483668
Y04971,-474.43200469619416,-27.0414493897863,-0.060069375
Y04972,-466.54425619548977,-7.77690999837298,-1.167034
Y04973,-501.6492803212615,-16.342550162926415,2.13717
Y04974,-498.11137883803036,-19.7888091295873,1.3385718
Y04975,-408.8884648060799,-8.404399958711968,1.457799
Y04976,-505.7174766739531,-10.302272011398813,2.019702
Y04977,364.720269938649,134.3571083212207,-0.66578954
Y04979,-395.4705692727441,-113.06527912378544,0.20036104
Y04980,-424.30269152146525,-7.720184143762626,-1.1118027
Y04983,-468.3987242530046,-22.629403490449445,-1.3154025
Y04985,-481.722133647706,-19.984754847867055,-0.57007366
Y04988,-413.9140774299452,103.41040165026435,-1.1229246
Y04994,-494.3885501423658,-26.151277143870733,1.0396543
Y04995,3118.386844658773,462.8942043524229,-0.3616057
Y04996,-462.12504146676315,-14.984716656478442,-0.5604469
Y04997,-438.303196902571,-15.615182283880765,0.031942874
Y04999,-471.64491910266,-1.7240499854651439,-0.07169908
Y05003,-485.7806910294181,-33.44219569023489,-0.07725133
Y05006,-470.80324175068284,27.160338967457307,0.75373507
Y05008,-332.90801714914767,-292.77891734580436,-0.810148
Y05012,-493.8291484900646,-19.722187715870437,1.0474054
Y05013,-480.03956820713535,-20.298695162413136,-0.46391332
Y05014,-457.7339542991967,-54.93854567673058,-1.0881717
Y05015,-466.88503943266653,-44.92458763089047,-0.8650042
Y05018,-475.79723177114533,-19.314812313687202,-0.25417295
Y05019,-448.5346243169664,-32.190222073707474,-0.85024756
Y05021,-446.30960158138816,-278.1652202677796,-0.41316226
Y05023,-74.9324880587579,278.24680168685495,0.9341831
Y05027,-422.2915603575586,-89.15763090596789,-0.26345727
Y05048,-486.37650503442825,-11.320698242032853,1.0524279
Y05050,-486.73707154179334,-35.9894959678688,1.0550686
Y05062,-492.10625220909054,-26.618727529059743,1.4274077
Y05063,-482.182341299235,-49.3972050646523,-0.990596
Y05069,-493.39684960166863,-52.65053165865386,0.35503078
Y05071,-476.75122504294393,-52.132561820809066,-1.3154025
Y05073,-465.86603545516647,-7.520377958596196,-1.1137253
Y05074,-418.3385573246459,36.13500034756294,-0.7018792
Y05075,-475.57469039631974,-15.194970336369309,-0.053002737
Y05076,-432.36714716628535,-5.45259769456152,0.36046767
Y05078,-383.24676591879927,-67.95122586526259,0.6133866
Y05080,-235.325984630808,83.92762766757416,0.9622528
Y05084,-498.13976513340856,-20.51812220447579,2.2574687
Y05088,-335.14636414009755,191.8011305735492,-0.80212814
Y05095,-384.4327407685648,-150.66672474122248,0.2173444
Y05100,-397.0082754952024,-1.8059584919362393,0.9163789
Y05106,-465.3905433539137,-12.14479519462708,-1.2237349
Y05107,-373.593240197039,55.824431525719596,-0.5325356
Y05109,-501.051516464699,-37.81305764564596,2.0642147
Y05110,-447.9361865667716,-10.831272608321184,-0.46559438
Y05111,-475.76975773895055,-18.72229960257531,-0.3828936
Y05113,-451.94549482551764,-19.66505092965354,-0.9184168
Y05117,-382.4051103484465,69.11246379222685,-0.5019983
Y05118,-468.1389857060535,-27.90864551495502,-0.07223068
Y05119,-464.368887294059,-30.521627560962337,-0.06500372
Y05125,-463.2176234190122,-36.713008316853866,0.09209221
Y05126,-470.7018064048799,9.913313610472338,1.3467368
Y05127,-470.4631690408535,-12.65087039916616,-1.1169097
Y05129,-460.00460359651794,-59.062346420664284,-0.055670895
Y05130,-479.86781105232643,-33.86241097613219,0.4349435
Y05131,-467.47059935237843,-17.297193214594536,-1.1143318
Y05132,-476.4534263019924,-27.106420613357617,-0.06354422
Y05136,-469.77029060271343,-20.6998844092112,-0.9360934
Y05137,-438.02255485225936,-37.62118558236617,-1.3154025
Y05140,-456.4814925233302,6.726314807056907,-0.719924
Y05141,-307.7410498498333,-91.88457885095782,-0.8250084
Y05142,-416.0316901793427,16.17335905547725,-0.8250084
Y05147,-480.09442440148905,-18.27145102486385,-0.2515436
Y05148,-397.7701114668475,-56.612440535385105,1.9826324
Y05150,-478.26898418429954,-58.437441011555684,1.4713428
Y05152,-466.8904944592761,-17.908768518711245,-0.26880386
Y05153,-466.23169844952645,-32.576247509729455,-0.26880386
Y05154,-460.5488469510433,-23.996116272461716,-0.26880386
Y05155,-468.24488792808677,-3.4631012327864106,-0.26880386
Y05157,-475.168104589961,-0.3862511525472429,1.8781595
Y05160,-457.87174621773397,19.420921359395155,-1.1580518
Y05161,-423.94879516672864,-59.41183660208839,-0.9799814
Y05162,-420.91199788869693,-26.660338247650397,-0.9799814
Y05163,-447.4660244014245,-55.84931806631102,-0.97760385
Y05164,-484.1562278236217,-49.819347596830006,-0.6087447
Y05165,-471.6655558127757,-24.532220324511538,0.8688034
Y05166,-481.927861972173,-30.200378115928494,0.8680188
Y05167,294.685055823416,332.18132190152375,-0.8250084
Y05168,-337.3704483204436,235.39804935512208,-0.5394759
Y05174,-452.7942719134318,-4.648716897013252,1.3496763
Y05175,-472.525775107101,-42.36159323575988,2.1158864
Y05177,-484.95942817438197,-34.81445324951346,0.8956875
Y05178,-439.09731810415775,73.76334712658202,-0.7018792
Y05185,-493.4164147786372,-57.45465817836746,2.108709
Y05186,-479.0006135477674,-29.522468020909024,1.3467368
Y05187,-442.47459920604825,-69.77333777980239,-0.9799814
Y05189,-486.96480475266475,-16.970768907797936,0.65612125
Y05190,-406.8332808694157,-23.743192270808084,-1.1031107
Y05192,-312.6270120857021,298.7118999787981,-0.69114983
Y05193,-420.42485122351485,-134.48550618702836,0.14585836
Y05197,-456.8959560431353,-35.15877124053829,0.67096955
Y05201,-478.33862846545946,-21.098617980081382,1.0553114
Y05203,-462.0613675761757,-56.01524259785564,-1.1579207
Y05204,-476.2377730705515,-17.832179826042985,-0.3590279
Y05207,-487.09030208152524,-23.24301262131691,0.7777948
Y05212,-266.6639235360799,48.96387725153224,1.2815763
Y05215,-451.57100433977513,14.963662610567903,-0.90109384
Y05222,-407.96807033389246,120.95327773881155,-0.55992675
Y05227,-406.1290310368892,-229.65937050544133,-1.1614202
Y05228,-438.7733391033617,-35.71060494045995,-0.8472991
Y05230,-442.24404128913756,-30.76839358615315,-1.0864202
Y05231,-316.6091809703158,46.78370104109146,-0.973656
Y05233,-459.80048094472613,-20.607840174892296,-1.007536
Y05241,-462.8877134754033,-42.16820830326314,-1.2552532
Y05244,-487.85968873126933,-29.559407156120482,1.093799
Y05246,-471.75461047211877,-22.629881609117966,-0.4763191
Y05247,-480.1533789525496,-45.181530588118555,-0.4647189
Y05248,109.73007623005311,269.33385729178985,-0.5567842
Y05250,-456.5092751375112,-45.823317330814234,-1.0908449
Y05251,-464.8072641804914,-26.155876716301176,-1.0981283
Y05252,-465.6600426492223,-14.59919395283019,-1.0981283
Y05253,-460.66405222274216,-5.225500449589952,-1.0988649
Y05257,-426.4027827910927,56.25364582203592,-1.0973291
Y05258,-378.6838996049166,72.4316134774745,0.5936641
Y05260,-452.5336445202881,-26.479665223062657,-1.007919
Y05271,-492.6692035778204,-11.436568885658037,1.9495553
Y05273,-420.20409460374674,32.71748215241972,2.0232546
Y05274,-448.892951000247,47.57794128250057,-0.88584816
Y05277,-481.88556550495,-35.64859083686355,0.69960064
Y05279,-464.61424287716915,-3.8344241381436857,-1.0996327
Y05286,381.88610760866317,315.8231297710883,-0.34098306
Y05288,-477.0995756655345,12.501351928640803,1.3371836
Y05291,-5.737754474600253,70.58072427487289,0.11052095
Y05294,-474.0885463855639,-21.3708236921381,-0.8231032
Y05297,-479.34831164881643,-20.300515152170338,0.41449273
Y05299,-465.15801643976,1.8384473706139968,-0.33148584
Y05300,-475.7794737680961,-13.610782969362818,-1.1127454
Y05305,-468.5821585964143,-8.628755895762625,-0.55992675
Y05306,-460.26028009551703,-61.85942858007885,-0.58458793
Y05311,-425.8245321627885,-67.52412091060863,0.16427143
Y05313,-473.81475738945426,-20.560532899852383,-0.445971
Y05317,27.369338420209903,128.72240687816247,-0.22790231
Y05318,8.28979300111882,-63.76349284832818,-0.22790231
Y05327,-460.81010261134173,-6.562146068581872,-1.1053425
Y05330,-404.2310431545544,38.96584219560453,-1.272095
Y05332,-485.4584538716997,-58.521926486620835,1.2600832
Y05333,-347.28821619368745,-6.6118914480103115,-1.1349545
Y05336,-375.7323988893572,-12.349852961474031,-0.06910804
Y05339,-412.70702957682016,2.2675643772090353,-0.06910804
Y05346,-228.5124729291604,231.73367710822487,-0.0771556
Y05349,-239.7115828892551,125.60514347256391,-0.26880386
Y05351,-469.7021281234192,-19.893445580995486,-0.8305465
Y05353,-454.3337426225467,-5.5547380431984985,-0.7238468
Y05362,-469.13089352351824,-33.533123599993274,-1.1416378
Y05363,57.857191322086166,27.76495086836504,-0.55992675
Y05364,54.72687704438411,88.45306892763286,-0.55992675
Y05367,-399.30910163397,-37.04833397044842,-0.28805164
Y05368,-489.76347071716043,-23.896932566212985,1.172881
Y05369,64.81511774249248,115.72709841373057,0.3775282
Y05370,-465.95121038743736,-13.941154695963476,-0.3409831
Y05373,-414.6810909805913,41.29683454688112,-1.2474197
Y05383,-472.099918553609,-18.434151711731833,-0.25705376
Y05389,-467.1126465545647,-9.60192577270131,-1.2451228
Y05401,-449.7507051014351,-19.19225430715474,-0.34754485
Y05404,-444.7003220902509,125.02283203110068,-0.25148088
Y05408,-450.2793516916787,39.62211252075885,-1.1021457
Y05412,-466.9208220802926,-21.81719007717656,-1.1249297
Y05427,-471.743590816589,-43.759914997847986,-1.1537839
Y05436,-287.33980465527276,-129.02474737474788,1.860483
Y05445,-432.50083836897426,-41.62727101381818,-1.0215299
Y05448,-482.06973488264185,-40.50686012784175,0.44998083
Y05449,-457.77612094456924,-36.15404645608602,-0.9390395
Y05454,-353.0445556885059,-70.15553008288099,-0.96481776
Y05455,-475.0136319982123,-24.49041908225582,-0.9605214
Y05456,-456.9275695618315,-16.39543637183453,-0.61001474
Y05460,-473.2938554792397,-56.19996575997362,-0.442034
Y05472,-402.5899360417692,-100.0839957085385,-0.719924
Y05478,-484.02067755221725,-37.67141432439859,1.8543214
Y05482,-490.0214877489892,-56.65283911564485,1.1112628
Y05491,-484.3151108384531,-41.53949844308584,1.2502406
Y05493,-389.2941909472251,-65.71968128647394,-0.3298786
Y05495,-474.555868092951,-36.22158102403145,-0.46729672
Y05497,-471.7548810341215,-56.16000075576867,0.019913
Y05498,-487.584708535111,-46.77376997708678,1.6068246
Y05502,-485.58075227908495,-31.57750771876848,1.0785416
Y05507,-465.010633897412,-26.818861135093503,-0.6047149
Y05509,-473.87799806722546,-48.66404391222352,1.7522143
Y05515,-485.3431765071833,-59.16096745356845,1.2406832
Y05540,-462.3381452484444,-41.35240170839428,-1.1567982
Y05541,-473.05911022826757,-80.13754144497945,-1.2552532
Y05549,-456.0323801913445,-17.986438123225923,-0.8245838
Y05552,-404.3315324848421,22.103234515332062,-0.7074314
Y05555,-465.8232525771571,-14.000595980965416,0.62209386
Y05564,-476.3112578079916,-46.7960735008939,0.7777948
Y05565,-485.78401070750414,-68.96862023576873,1.1335351
Y05566,-224.57967103589186,90.59590197842796,0.94874555
Y05568,-432.6845092149005,-65.05655452129214,1.1709815
Y05570,-463.2061189720889,-37.19352468222683,-1.0287479
Y05574,-477.803182953342,-42.59202939021932,0.17442164
Y05576,-488.5277652953814,-38.991879131876956,1.304508
Y05583,-480.33614740747777,-44.083729674066305,0.22265169
Y05600,-486.03937981627126,-56.06873068569783,1.3002348
Y05608,-470.7272279614752,-37.77685253337875,-0.32729393
Y05609,-413.33191948789806,-11.123718401515601,0.8233816
Y05611,-405.33970115515694,-14.031337675641785,-0.7037786
Y05612,-421.98587882050106,22.045541425131393,-0.207354
Y05613,-470.0326421899373,-50.68364772876938,-0.20961691
Y05614,-404.0660632341485,28.47849338284432,-0.20612192
Y05615,-464.5754962899907,-60.202424046952586,-0.80112565
Y05620,-440.49085991448544,-42.2287264448536,-0.4686848
Y05622,-199.60241468653018,76.36829709606914,-1.2071337
Y05625,-442.39709521521263,-21.049030757496045,-0.066146836
Y05632,-464.91338535144587,-52.00882750847715,-0.6550964
Y05638,-472.1615970930924,-33.22888639425868,-0.6366851
Y05645,-475.2023137159887,-32.368381605491294,-0.72698504
Y05648,-463.5203967905894,-31.850930774063862,-0.42194086
Y05657,-445.5226925279915,-40.6364911818963,-0.88854957
Y05658,-491.6031871789552,-47.82107404329748,1.0809475
Y05660,-273.5065729525908,-15.160633455412192,-0.3409831
Y05671,-444.3895493780281,26.045846551921077,-0.42519218
Y05675,-465.02762475813495,-35.76023438826738,0.82203364
Y05676,-462.35219599615084,-43.833027188277796,0.8229068
Y05682,-462.8189433559291,-25.343587036484365,-0.11542303
Y05686,-440.07753945466175,-62.74051040431161,-0.107462086
Y05687,-472.4793119923014,-63.47677224448081,-0.3409831
Y05690,470.87648434673605,68.89112017913702,-0.60847074
Y05696,-396.3240892970601,-19.07458413486405,-0.3409831
Y05697,-462.5942716244645,-48.56237138692476,-1.1626232
Y05699,-459.4677234101943,94.1980063451006,0.43175912
Y05712,-463.1643819620192,-33.41720970942144,0.43175912
Y05715,-468.6843277433449,-34.452103745187124,-0.8450734
Y05717,-456.28393506783607,-35.90827693818118,-0.20113586
Y05719,-185.68891778757347,133.21740287094417,-0.19990553
Y05730,-442.6619710898761,-43.076299213761104,-0.21031381
Y05731,-381.8757254432766,-26.17021670639911,0.22830139
Y05733,196.26668856226505,-52.27094204983724,-0.32457873
Y05735,-463.89501777720085,-45.0838885344626,-0.11542303
Y05736,-457.147114010252,-40.59074991023147,-0.11132193
Y05738,-396.1944237327838,0.9936455049087876,-1.0357081
Y05741,-451.35788540591597,-29.883438472866832,-0.9400705
Y05743,-484.2831516591546,-37.770154522527136,1.1838028
Y05747,-489.95764118972386,-47.92410659208929,1.6937242
Y05749,-425.3466677900001,107.14667798923388,-0.3770727
Y05751,-438.99771667264014,-21.3459288142486,-0.9472885
Y05753,-458.84208998457274,-31.767628122565604,-1.0332474
Y05754,-467.47903242122527,-36.35247404014981,-0.01617661
Y05755,-467.2609516126794,-38.255772069583486,-0.01617661
Y05757,-428.5037642096045,-75.79003977978587,0.65148115
Y05758,-467.91014060837904,-32.8168541995269,0.66694814
Y05759,-462.7787571099631,-84.6872868686686,0.65749615
Y05762,-465.6407456077996,24.544629388565752,1.0746609
Y05771,-402.09405814860366,5.316800581766044,0.94183844
Y05776,-430.89945008522034,4.631362654481859,-1.0744171
Y05782,-459.29921405910915,-39.572604254881846,-0.9482841
Y05783,-463.6428934914951,-60.974129599215054,-0.7018792
Y05784,-476.006734053082,-55.49042631140255,0.76669025
Y05785,-456.3364768458871,-57.650494517750616,-0.6657896
Y05788,-411.3641400625345,9.281411421305277,-1.3081845
Y05795,-363.53392608011103,-7.025684435790696,-1.1638262
Y05805,-455.64828743977404,-17.577921060795923,-1.0744171
Y05807,-459.9574601223378,-54.2104065491996,-1.0788151
Y05808,-457.5886874711605,-57.95725929971282,-1.0795312
Y05810,-453.92310374339786,-66.99071187014735,-1.3154025
Y05813,-465.47750912222716,-76.87652136357636,1.0665118
Y05819,-424.27576799376453,-34.9862698652982,-0.58329904
Y05823,-454.7906030266275,-49.78856964622269,-1.0795312
Y05825,-434.00729857799723,-52.385396629415524,-1.2775085
Y05826,-171.57035023110572,160.04103600481398,-1.2764258
Y05827,-460.4637813727303,-60.57982193133542,-0.5802438
Y05828,-363.0423775113347,-176.54531010240967,-0.9530629
Y05834,-485.6262967343642,-71.40969037757911,1.9375836
Y05837,-400.8350544906998,-110.35738945736999,-0.7957122
Y05843,-436.93072211986066,-54.75112007687765,-0.9493508
Y05845,-454.5450780487342,-65.8675859994375,-0.6657896
Y05849,-468.7143201162674,-79.92588503386139,0.5990653
Y05853,-448.2595327764037,-56.966177672453426,-1.2380676
Y05861,-474.12399868185366,-56.02686892781991,1.9354383
Y05863,-444.61981645601816,-59.34497761124333,-0.26602775
Y05864,-446.2908988436118,-50.6742229840747,-0.26602775
Y05868,-454.4498787757215,-56.45371162805729,-1.0958575
Y05870,-457.6292638131556,-72.47692228320606,-0.3976953
Y05871,-458.20099457000157,-61.60244504580089,-0.58667004
Y05873,-453.26631490750617,-59.5347123791798,-0.67380947
Y05879,-460.855942206071,-74.39695713932167,0.3184725
Y05886,-453.68582730366114,-55.44318561643497,-0.7018792
Y05889,-469.9948429736678,-68.82298248147153,0.5883243
Y05892,-445.2084897624636,-65.08584726090054,-1.0266856
Y05898,-458.78414358339694,-62.77669019833646,-0.51854396
Y05918,-442.83971377251754,-62.20834873762541,0.3894706
Y05919,-448.13830604844935,-56.978075484853356,0.3894706
Y05920,-443.33295087710104,-49.598903576489185,0.3894706
Y05924,-433.66877225909855,-62.48481876217611,0.3894706
Y05925,-465.11867263574146,-31.6654984974197,1.8299457
Y05927,-473.1202603894018,-83.39805721914998,2.221379
Y05928,-445.3893472500766,-71.74243280419181,1.8299457
Y05942,-474.7703234697476,-58.43067492865827,1.2054565
Y05943,-457.36137790194755,-59.56700320308494,-0.31044576
Y05945,-449.671164056392,-66.13118486795487,-1.1710441
Y05948,-425.6566913770335,-73.00647008727951,-0.3048935
Y05954,-470.723573785664,-77.03460137107366,1.0304221
Y05960,-398.3807737366591,-13.509743434156327,-1.2071337
Y05961,-456.77162680902717,-64.33176220626439,-0.16053504
Y05963,-469.95814373467726,-69.2585357076602,1.8258971
Y05964,-469.5775480829049,-73.04181649920852,1.21087
Y05989,-462.1757355377044,-63.895037968769266,0.23645066
Y05993,-450.17090165276625,-81.80455702642956,-0.26880386
Y06001,-455.62513570453626,-79.28416342133386,0.7056156
Y06005,-451.00138087603943,-40.97767550446078,0.92215323
Y06007,310.2794627124736,55.02076751765138,0.27254027
Y06010,-451.19534229168727,-73.36511010946825,0.5612571
Y06014,-472.0823899817356,-79.6996208221006,1.7161247
Y06032,-456.3984351784816,-54.96957726414794,1.8243933
Y06034,-435.2954970479638,-65.5167869867257,-0.16053504
Y06039,-393.6378115318514,30.811505758193658,-0.12444544
Y06044,-479.10883256335455,-77.69635252592974,1.8604829
Y06046,-457.9767165035554,-76.49006284435772,0.23645064
Y06047,-449.0351894817202,-72.35526969714114,1.3552285
Y06048,-448.3608870841223,-66.14502863788063,1.3552285
Y06056,-446.0752320008882,-78.14089398231684,-1.2432233
Y06063,-449.5654935537334,-66.94047821026209,-1.1710441
Y06077,-398.94391023287653,-52.85639096342793,-0.4131623
