,practice_intercept,practice_slope,imd_centile_practice_mean
A81001,41.59811560363723,58.47803746949981,0.05778922
A81002,2425.2150887966864,371.7173997118824,0.05778922
A81003,183.9601824320758,52.29938293336849,-0.95450646
A81004,653.0901546101169,216.46651598917114,0.05778922
A81005,536.180515472269,114.23127494505478,-0.49213067
A81006,1785.2404890399753,600.264029633177,0.05778922
A81007,942.4424266338607,258.2621699269324,-0.98023367
A81008,194.87096214222566,-86.42656803257563,-1.1349545
A81009,660.9680569563737,-17.54001201316571,-1.1349545
A81011,1148.1638560411707,321.76388577919556,-0.98023367
A81012,583.6674370987595,204.15089001486288,-1.1349545
A81013,455.38480989915456,169.5415235534478,-0.49213067
A81014,130.26067738313876,15.109844943917722,0.05778922
A81015,-1.737141127580796,1.7898881752506741,-0.46428925
A81016,921.6885842109291,143.58167504378315,-1.1349545
A81017,1880.8323578781537,214.21236576804097,0.05778922
A81018,1102.0525627359568,551.4957656272338,-0.49213067
A81019,1407.0394074065289,150.16088718581273,-1.1349545
A81020,599.0712597463117,144.54458669601186,-1.1349545
A81021,1711.147890939482,181.14708344701063,-1.1349545
A81022,1138.5719828081071,67.49996714445,-0.49213067
A81023,397.03486894495273,76.67472516529567,-1.1349545
A81025,52.31814955052279,51.438751691085585,0.05778922
A81026,1774.665553366198,396.5323576814755,-1.1349545
A81027,791.6918806248058,272.35152219273414,0.05778922
A81029,390.50119726700945,184.7721683491444,-1.1349545
A81030,863.318271334744,286.69055574733545,-1.1349545
A81031,1261.4703460188537,348.31851679026823,-0.98023367
A81032,1113.2980747551817,144.73219563514456,-0.49213067
A81033,96.07431135348784,-46.80966195745271,-1.1349545
A81034,2694.165369007516,332.21838134716467,0.05778922
A81035,1011.2298682776795,89.22140729543587,-1.1349545
A81036,2030.9651153018074,257.3060975897782,0.05778922
A81037,704.4543344813327,60.4034944252382,-1.1349545
A81038,122.8089867952716,74.37537202428636,-1.1349545
A81039,620.0066641796511,167.9339734777449,0.05778922
A81040,837.27965289924,208.6918086018178,0.05778922
A81041,597.7078389590753,90.4128083877802,-0.98023367
A81042,1498.6871125332736,758.9724540626701,-1.1349545
A81043,943.074781616267,210.2031945449083,-1.1349545
A81044,2321.973546915112,667.5825864183851,-0.98023367
A81045,802.4947755358177,118.1592173872581,-0.49213067
A81046,1332.7803829486083,182.4349181183103,0.05778922
A81047,3.614867701025551,-152.19234619469142,-0.44925192
A81048,343.9558700033762,230.30033478373755,-0.49213067
A81049,555.151673756849,128.00787872290346,-1.1349545
A81051,375.2267047561384,147.09216161744266,-1.1349545
A81052,771.9501786077514,263.01639874722986,-0.49213067
A81053,734.1589832169914,91.37269074443255,-0.49213067
A81054,575.3353471080702,-8.501423190615098,-0.49213067
A81056,-224.7230576072577,64.6456963172093,0.05778922
A81057,834.4800107853788,234.79981441562944,0.05778922
A81058,654.3517913786603,195.2810485862764,-1.1349545
A81060,208.21497516165098,156.4928331322287,-0.98023367
A81063,354.72199148623093,100.32122257719381,-0.98023367
A81064,389.97840877332703,244.09411933765568,-1.1349545
A81065,179.46460242578573,68.99575125415656,-1.1349545
A81066,124.04818039514765,62.79711135982116,0.05778922
A81067,1283.0010205183557,361.242485040477,0.05778922
A81069,-248.46624396096237,-73.90011051475682,-0.44925192
A81070,97.57666423853854,342.36957630170866,-0.98023367
A81602,-74.18888164914826,30.792368658262,0.05778922
A81605,-306.19109380003965,-70.02581004455413,-0.44925192
A81608,209.3630363291069,362.35897479871187,0.05778922
A81609,-236.984507490142,42.96373934720171,0.092092216
A81610,641.7686267864568,108.85120715685721,0.05778922
A81611,202.94652412090906,249.96826767174008,-1.1349545
A81612,-102.96691812236081,61.41549645197336,-0.98023367
A81613,-116.74510309994835,-4.568921258433256,-0.95450646
A81618,614.2104908929217,198.79369465581328,-0.49213067
A81621,-26.485394201124407,89.72453304831062,-1.1349545
A81622,273.96432833656047,158.01099939661395,-0.98023367
A81623,-198.25170143752973,52.49356919226341,0.09209221
A81629,339.231289451184,258.9815853600184,0.05778922
A81630,-305.94970728669153,-13.37985909350499,0.05778922
A81631,349.545465430626,184.79652514328413,-0.98023367
A81632,-378.91469131350283,-78.7970288095882,0.06352127
A81633,-447.268449500156,-10.243284226959055,-1.1349545
A81634,-381.78214648922625,36.27280505966984,0.05778922
A82003,692.3178112997705,206.3355429144778,-0.84623766
A82004,-213.41618578876347,-14.253015093411948,0.70740217
A82005,5.413280008878298,103.46971950823745,1.4274077
A82006,72.5743087320581,42.51804037094639,0.70740217
A82007,1072.3906554659297,153.10392237503837,-0.84623766
A82008,1231.6351578214926,66.53111587301537,-0.84623766
A82009,1088.2784055749985,74.45551402819834,-0.84623766
A82010,332.49448607093115,53.36321106014959,-0.84623766
A82011,-57.98769962544018,9.80075886971403,-0.8462376
A82012,1567.1807719274357,278.92907303440813,-0.07120433
A82013,258.50667065630137,115.95721757876673,0.70740217
A82014,-21.477727625653316,27.077881285769056,-0.060841966
A82015,119.26847565260016,38.039540466145176,-0.07120433
A82016,2526.021954908553,1535.957726872794,-0.07120433
A82017,1101.5610473677475,103.04680180008057,-0.088355824
A82018,535.3508875098698,79.61525986974166,-0.07120433
A82019,404.3168817213706,121.00586067198194,-0.07120433
A82020,912.4209373568351,186.58468160973425,-0.07120433
A82021,1143.047389526873,651.3800483127912,-0.060841966
A82022,27.502094981282262,8.084948626110307,-0.07120433
A82023,267.1820151150499,202.14783156444378,-0.5868212
A82024,190.0370975810726,31.388995959939336,-0.5868212
A82025,417.3207352744143,79.58848299235686,1.4274077
A82026,1252.7724046986725,210.22141812492083,1.4274077
A82027,762.5661992762274,-87.60416698865558,1.4274077
A82028,228.52453038468116,184.99200167422055,-0.060841966
A82029,-79.03249480467093,59.59068278079668,-0.060841966
A82030,156.21595041272067,22.263599509045477,0.030275362
A82031,-155.20826636514556,34.543986530844634,0.70740217
A82032,1881.1163212567594,264.2998617808775,-0.060841966
A82033,690.0183177159722,126.1585839306512,-0.84623766
A82034,249.99850128136754,10.935764254426047,1.4274077
A82035,772.6231441811073,14.31346934375513,0.70740217
A82036,482.3685060604366,104.65860979363919,0.70740217
A82037,94.41982331776792,73.62598171562497,-0.060841966
A82038,-101.79586073076071,40.681205738766174,0.70740217
A82039,331.5115892309471,91.31515262330355,-0.84623766
A82040,-66.38205920125299,-113.07751799400194,-0.62969995
A82041,1166.0158404791318,187.92007937350382,-0.5868212
A82044,3080.94593251132,829.0681910779982,-0.5868212
A82045,637.3646945567174,191.9175528720671,-0.060841966
A82046,-73.43186802542667,-12.098254783299291,1.4274077
A82047,950.9107651042561,230.58828534854962,-0.5868212
A82048,359.5367388124041,40.334365668133074,-0.5868212
A82049,278.9970445126142,165.88805908321308,-0.5868212
A82050,480.8927206688587,171.31452121557527,-0.5868212
A82052,109.3626248101062,74.94542560810059,-0.088355824
A82053,39.43732205593393,41.075098554936844,1.4274077
A82055,459.34713200538386,119.49113344639566,-0.060841966
A82057,170.01249815081874,54.30420340713615,-0.052266218
A82058,260.79809162443263,148.12981002079832,-0.5868212
A82060,24.208679119375585,153.1348125594743,-0.60363525
A82062,149.11629432834766,109.01413650067035,-0.84623766
A82063,-344.2297419843588,-80.67957055306881,-0.052266218
A82064,351.27775082851025,99.73319413133535,-0.5868212
A82065,12.94771738138322,57.439562187966864,1.4274077
A82068,-54.38149795448448,26.254292664369434,-0.84623766
A82070,40.080211841169884,25.535390896464495,1.4274077
A82071,189.4875888203533,64.13626020359334,-0.84623766
A82072,608.4067597288551,234.0253409302244,-0.84623766
A82074,-274.4163532990341,-21.295946172354707,1.4274077
A82075,528.5556252073919,168.6219080440655,-0.5868212
A82077,312.49967956289373,65.39696181425363,-0.84623766
A82608,-110.24709239997634,5.13971702500958,1.4274077
A82613,-392.49032937494695,-10.180069171289533,-0.84623766
A82617,-236.7215380964888,8.49533554081403,0.70740217
A82619,-328.3584984351201,-31.15731760559107,-0.8462376
A82620,-439.0507841539014,0.5764082494244842,1.4274077
A82621,-218.86143885138517,2.8027510376895313,-0.84623766
A82623,326.25513981994953,57.09384313297257,-0.5868212
A82629,170.12956127598693,137.90175066219808,-0.84623766
A82631,-115.39270028847157,39.30661538916432,-0.07120433
A82635,-376.547133056844,-37.08479728633381,-0.088355824
A82641,-359.0907886858139,-47.13302531607836,-0.088355824
A82642,-378.2027165123576,-4.985446153107554,1.4274077
A82646,116.77404832666915,62.06063131256068,-0.07120433
A82647,-148.53007625409327,49.66840741250948,1.4274077
A82650,-196.0328942705049,37.89442192769812,-0.84623766
A82651,-133.5160020517185,18.710717382041828,-0.84623766
A82654,218.59452095399044,247.60980674456187,-0.07120433
A83001,803.1059939138889,210.5222565965078,-0.022965742
A83003,833.7042574641212,245.91392801604297,-0.45604104
A83004,143.50877225543087,108.21584599141782,-0.92615026
A83005,928.6448617752617,182.5000438440129,-0.022965742
A83006,353.61343437233194,114.74641525934163,-0.022965742
A83007,1549.3172341735044,364.4091009296444,-0.98023367
A83008,556.1770507051594,14.861042627469955,-0.022965742
A83009,585.1395250763701,-2.565392501872492,-0.5092822
A83010,1032.1751199517983,122.90508855033913,-0.022965742
A83011,529.240210184717,76.46916811792603,-0.9269926
A83012,2671.3952512884193,578.9567434876615,-0.98023367
A83013,947.863766269969,312.45608779407314,-0.022965742
A83014,306.98564456398,-39.117702718018315,-0.9269926
A83015,787.9261087238194,115.08297231909434,-0.022965742
A83016,1586.3987976601265,163.3487093101955,-0.5092822
A83017,730.9079328286319,108.49454750722153,-0.9255595
A83018,2427.5057573783424,279.7123903034335,-0.5092822
A83019,321.51521182655307,51.2387719913372,-0.9252548
A83020,1495.7731045562898,174.40813680492158,-0.45604104
A83021,2214.0733420229626,405.8379333285134,-0.022965742
A83022,2993.0966514214892,397.9766954400673,-0.5092822
A83023,1674.5661210621456,561.6218119024034,-0.5092822
A83024,317.3085506171695,33.94267253060246,-0.9269926
A83025,1840.793937307271,504.83078830173724,-0.022965742
A83026,1072.6545336613065,114.49831036356439,-0.5092822
A83027,269.4132470234949,176.6470893515705,-0.9269926
A83028,941.4458604241394,127.55424230960286,-0.5092822
A83029,42.323457418901846,43.26209281358668,-0.9269926
A83030,1152.9098781375615,206.1047302699421,-0.5092822
A83031,604.8110511786516,108.24716345489517,-0.022965742
A83032,-116.90113190010106,18.595371962180202,-0.45604104
A83033,834.6868415776032,143.56553762992033,-0.5092822
A83034,489.68033712940826,123.65015971007777,-0.022965742
A83035,595.3788036096221,74.7400043500313,-0.45604104
A83036,531.8416632762813,-0.9632097365527779,-0.9269926
A83037,1724.2146552399404,293.4535071578548,-0.022965742
A83038,280.73993503579993,32.910225009888684,-0.5092822
A83040,1021.6581614634001,177.92723757328596,-0.022965742
A83041,1253.5049850098544,57.558699983756846,-0.9269926
A83042,450.00316433618747,79.50644565627397,-0.96695113
A83043,-173.6802314351149,4.057151297670228,-0.45604104
A83044,843.8594886796966,272.25025403529264,-0.98023367
A83045,2111.074497273746,423.72353177370724,-0.022965742
A83046,784.3235099830152,27.433323018490753,-0.45604104
A83047,1346.242441593504,267.1961174440529,-0.022965742
A83048,203.28462253560394,89.48716983031723,-0.022965742
A83049,1412.7838160354409,299.2157580399793,-0.5092822
A83050,985.5827595675689,145.73852800475507,-0.5092822
A83051,1039.4706695746204,152.29422666309512,-0.9269926
A83052,1049.4695648643362,146.60693679033494,-0.022965742
A83054,1767.8106730328825,286.4546142495909,-0.022965742
A83055,-118.89237963871594,41.71412022605894,-0.9269926
A83057,1343.5990409230758,824.3990625846931,-0.98023367
A83060,-3.4258070630120154,93.06478595398339,-0.45604104
A83061,-143.50734888192295,21.016022025335168,-0.022965742
A83066,819.1546137296341,205.88112850940124,-0.022965742
A83068,-218.0229541412101,-12.642360284706912,-0.95450646
A83070,146.86522076657172,30.689781019526325,-0.022965742
A83071,110.28316652825028,-18.010680135188327,-0.9269926
A83072,-52.61653049915275,37.026162517865494,-0.5092822
A83073,464.46808298049757,90.94025811139885,-0.5092822
A83074,1322.0199497910344,286.57861895663524,-0.022965742
A83075,366.9860998916506,113.48526058597969,-0.9269926
A83076,-120.75708992267532,-8.668175595327043,-0.48331404
A83603,-110.88725063298494,29.49362806301322,-0.022965742
A83610,141.15462735024923,162.79325667726712,-0.98023367
A83616,283.12131825989997,288.3282584614451,-0.9269926
A83617,20.033569504996446,-12.657412365576752,-0.5092822
A83618,364.0289111416202,222.14112685409464,-0.5092822
A83619,116.22254234488575,132.17685173610315,-0.9269926
A83622,-126.54602254207659,-51.06888677904866,-0.5092822
A83626,-100.82415894286193,14.10263381234967,-0.45604104
A83627,439.966853469308,211.16276859725494,-0.9269926
A83630,-220.50086330742286,30.963520023188796,-0.5092822
A83632,-108.44705623844574,13.05110106479961,-0.5092822
A83634,112.75469234125798,86.94317847535632,-0.022965742
A83635,-5.213841904512244,47.477192017617824,-0.9269926
A83636,487.2147529594342,163.71467349811522,-0.5092822
A83637,20.398771715632055,26.534739647674726,-0.5092822
A83638,-304.06228324575324,-38.860650863745875,0.019913
A83641,164.94104394626976,92.89179197501434,-0.022965742
A83644,187.8877726232723,112.13434756445685,-0.5092822
A84002,44.417992504050154,92.66382785888516,0.24681303
A84003,1637.1784704813024,319.64082375164554,0.18320954
A84005,965.9255757032233,257.86098934475984,-0.34777224
A84006,1144.8530290714327,594.6864949621934,-0.34777224
A84007,552.4321159079998,-10.259621106200912,-0.34777224
A84008,160.876454408939,67.04517956742187,0.24681303
A84009,2056.6351798757823,780.3128525375059,0.18320954
A84011,247.53836594354595,64.767182836376,-0.34777224
A84013,419.49691188283606,7.264520113378312,0.18320954
A84014,910.8030980999497,139.78741658396106,0.18320954
A84015,269.12942440713533,120.341887317071,0.18320954
A84016,187.6718579651514,34.66265792698671,-0.5092822
A84018,291.13232641853364,6.459160255023049,-0.5092822
A84020,826.9941983640592,20.60383252055431,-0.34777224
A84021,588.5823533539543,268.8066479349049,-0.3048935
A84022,1226.0043684663065,221.8383231211141,0.18320954
A84024,488.42793541322874,150.87323964553906,0.24681303
A84025,204.64499803291855,-48.80937711642962,-0.34777224
A84026,782.8258378191915,115.1532098628366,0.24681303
A84027,-122.46704337735784,12.129992832877535,0.24681303
A84028,2308.614835836628,219.78764612011457,0.18320954
A84029,-25.86044547626137,7.834167468398056,-0.34777224
A84030,596.1969112025339,104.67381411475489,-0.34777224
A84031,181.66561324479122,32.53797279405789,-0.34777224
A84032,-167.01832843649825,12.82738285662643,0.24681303
A84033,124.32436310641673,33.711519210708516,0.24681303
A84034,338.67772242745406,97.55624930851613,-0.07120433
A84035,290.953543175059,92.28979996927102,-0.5092822
A84036,2146.02015058477,352.6002462037658,-0.34777224
A84037,245.49911876076555,42.96163560833365,0.18320954
A84038,464.96696016474476,140.57389191957543,-0.34777224
A84039,45.08225342153056,57.46744371151753,-0.34777224
A84040,-59.69687642207644,-0.060908500702973524,0.24681303
A84042,-263.82656832292065,20.13309041399427,0.24681303
A84043,1442.4178763846571,123.44345554700568,0.18320954
A84044,562.126355111537,134.2773717358021,0.24681303
A84045,72.56239813558525,146.16808662119365,0.24681303
A84047,181.55096755029416,94.43082693368305,-0.5092822
A84048,749.8390243864236,127.5451285221652,0.20036104
A84604,-210.425676638925,24.193287946334117,0.24681303
A84609,-273.10373078271584,41.46769447223996,-0.34777224
A84613,-315.6472459966433,29.1089788917513,0.27254027
A84614,-241.98193231247163,27.16340020909492,-0.5092822
A84618,-338.41887412690545,-0.4645190460104498,0.27254027
A84619,-40.57774729792855,25.09366507743584,0.18320954
A85001,291.97129568141804,67.66950103499329,-0.5092822
A85002,94.11003228490965,-6.91649505523845,-0.5092822
A85003,485.3757009491712,115.70382458724343,-0.5092822
A85004,1026.3998302754947,161.8923481433721,0.18320954
A85005,1592.73989549702,543.6041845065429,-0.34777224
A85006,584.8995201697992,32.60302661985672,-0.5092822
A85007,339.04506824505904,60.61481165227457,-0.5092822
A85008,1492.3268918201952,259.6481556885372,-0.5092822
A85009,480.74034663964653,49.67870473063983,0.18320954
A85010,654.0539538560699,157.94114156417504,-0.5092822
A85011,789.539052884268,131.68612905395597,0.18320954
A85012,352.2444869169923,-1.1964083732551647,-0.34777224
A85013,103.352928119685,-37.32360687377388,-0.34777224
A85014,554.9388625701204,74.43116702042721,-0.5092822
A85015,-307.7796399214309,-128.4446340430203,-0.44925192
A85016,1403.8046791863512,431.20618733902216,-0.5092822
A85017,62.54888195773524,49.031299216330254,-0.34777224
A85018,276.498092257342,72.25590671673551,-0.5092822
A85019,875.3202846718831,77.22047705813418,-0.34777224
A85020,882.6737143461577,52.08385850117527,-0.5092822
A85021,-230.50754212191015,0.7122471183329789,-0.5092822
A85023,611.4388167885115,93.59411619904179,-0.5092822
A85024,-42.64621901821351,18.083101001463113,-0.5092822
A85025,294.24864101472855,57.99860425869022,-0.44925192
A85026,274.31886280138866,152.33595406206248,-0.5092822
A85601,-399.9182064420144,-47.36476676435806,-0.44925195
A85605,-214.68765467681132,-40.79392464346079,-0.45253277
A85609,-303.9061590788788,21.870272208077782,-0.5092822
A85611,81.88132481246332,58.463010124050946,0.18320954
A85614,27.155892225551277,46.471999550271825,-0.34777224
A85616,63.6114294067153,190.8755414849954,-0.5092822
A85617,-10.66796136334264,54.737302471847705,-0.5092822
A85620,-19.96496180436533,92.91874134850967,-0.5092822
A85621,-459.944033179807,-6.811874571593594,-0.5092822
A86003,1792.878977353616,185.20129758511965,-0.34777224
A86004,1269.0591631410161,169.8129112795129,-0.34777224
A86005,323.85690916820255,64.14592808243063,-0.34777224
A86006,20.71132504760799,3.1179386834117553,-0.34777224
A86007,-361.3325031144165,8.796479749121207,-0.34777224
A86008,708.5281047644111,78.0106287502492,-0.34777224
A86009,462.45150403096216,-58.91268031062114,-0.3048935
A86010,370.1855090576728,100.93333681313787,0.18320954
A86011,1762.1386143254174,119.34786339197419,0.18320954
A86012,621.4245455186901,-20.017254957629994,-0.34777224
A86013,794.3730681908767,64.24358686594823,-0.34777224
A86015,-36.301214864745276,-22.983453469267808,-0.34356093
A86016,255.02849838390932,40.976980088442545,0.18320954
A86017,1309.7241423385526,114.81202801203727,-0.34777224
A86018,338.0888547293714,109.092410339324,-0.34777224
A86020,-141.94720151019914,103.50123353747935,-0.34777224
A86021,1211.09407116881,126.505289971511,-0.5092822
A86022,580.5343890628343,179.69516526052303,-0.34777224
A86023,721.2713200531257,145.2362128604949,0.18320954
A86024,430.23823036898017,126.35798699211355,-0.34777224
A86025,1564.664212630443,330.0230950844638,-0.34777224
A86026,611.0088382680686,113.87339342033361,-0.5092822
A86027,-334.9321707457629,30.417638285853073,-0.34777224
A86028,-88.87438716635533,10.87485114010032,-0.34777224
A86029,1716.3940547133036,726.6654045498757,-0.34777224
A86030,1566.4185583564627,287.5398266889843,-0.5092822
A86031,528.9675788849851,235.60880410275976,-0.34777224
A86033,-121.7261115332603,56.2829271876657,-0.34777224
A86035,-225.06431193263083,-1.144195433324412,-0.34777224
A86036,314.98466969573246,89.84199557443215,-0.34777224
A86037,771.1081107166733,31.002924765342513,-0.34777224
A86038,625.4085138656127,148.90164926106087,-0.5092822
A86040,759.4091813850835,142.61231561845148,0.18320954
A86041,71.19428310739276,10.423459910721355,0.18320954
A86601,541.0641908966818,113.8938512677006,-0.34777224
A87002,542.0882311780073,-69.04003630946278,-0.9991718
A87003,938.883441168718,-10.60925681796706,0.18320954
A87004,1629.932820957108,235.85052800885558,-0.9991718
A87005,496.99225610905614,72.99084780490558,0.18320954
A87006,-27.31038729028829,17.86719944774937,0.18320954
A87007,819.587574792315,205.5704286662549,0.18320954
A87008,141.25238716137866,19.330630867140233,0.18320954
A87009,914.7085286854796,140.1363125432186,-0.9991718
A87011,172.44091238542507,56.06912685096714,0.18320954
A87012,781.6872752731584,89.39745372573005,-0.34777224
A87013,756.8018338559508,103.90664549138596,0.18320954
A87014,20.171136956369896,2.7439452447878123,0.19514327
A87015,390.23977761946986,10.74077510687468,-0.9991718
A87016,932.0123805788235,70.09088371802677,0.18320954
A87017,358.11543721985964,71.69442767320771,-0.34777224
A87019,193.0731873889306,-43.88267273249531,-0.9991718
A87020,181.95980343191576,46.27520472764039,0.18320954
A87022,237.8085702565929,207.41758924154374,0.18320954
A87023,138.16945569399786,-15.2562759027582,0.18320954
A87027,430.8082960607693,7.185786292450964,0.18375982
A87029,405.958205873175,124.42590850167943,0.18320954
A87030,277.98110017157654,74.72555999434178,-0.9991718
A87600,-94.70824927691363,31.87290062243285,0.18320954
A87612,248.70598009569537,69.4333228938078,0.18320954
A87615,26.79248686950649,41.900059938043164,0.18320954
A88001,69.7388345019074,1.6788308278205655,0.18320954
A88002,1920.636265461173,612.9417439532087,-0.9991718
A88003,1419.8793654641502,245.33296508609973,-0.9991718
A88004,846.1246217759862,99.44834020534839,-0.9991718
A88005,335.99660443936904,75.36006389133237,-0.9991718
A88006,773.0181726834028,73.2354898439412,-0.9991718
A88007,537.5240637752339,41.12569565792583,-0.9991718
A88008,577.6361275885514,148.71870882388006,-0.9991718
A88009,220.94854889542438,-1.1814894376823892,-0.9991718
A88010,280.9317748858182,83.0468305778923,-0.9991718
A88011,9.343190851004172,85.83067035871075,-0.990596
A88012,635.7763819015478,168.1749085336131,0.18320954
A88013,2086.366478687817,867.1160297779815,-0.9991718
A88014,-94.93885951476216,-18.22237876246228,-0.9991718
A88015,711.7937573157608,340.1455953462755,-0.9991718
A88016,423.2139039733674,78.87310087103357,-0.9991718
A88020,-113.96449281895107,-16.46413743716733,-0.99059606
A88022,892.5030063840271,161.1982983979271,0.18320954
A88023,292.0402494896576,37.70652661722997,-0.9991718
A88024,-437.98442915849256,-159.5911436648492,-0.99059606
A88025,274.81164987657826,147.41382808279633,-0.9991718
A88601,-73.96961453491807,122.01931732330853,-0.9991718
A88603,-122.64685578789363,-63.0821262504867,0.18639086
A88608,489.1505188549014,149.419080600654,-0.9991718
A88611,-209.1765967964058,-3.999921886958115,-0.99105877
A88613,221.68805754345567,19.68073247191803,-0.9991718
A88614,-224.82596382543014,-24.977126027731625,-0.99059606
A89001,2161.862191436206,289.2566369216465,-0.9269926
A89002,203.99723088265497,193.30042674422566,-0.9269926
A89003,432.7554229756259,47.060217518365675,-0.91841674
A89004,1304.604129092088,83.1442545841695,-0.9269926
A89005,265.17064383478476,78.5968266898129,-0.9269926
A89006,491.0621852903052,135.15582645899,-0.9269926
A89007,586.1984577870112,131.8062254319322,-0.9269926
A89008,493.72472634387105,-6.408383875851426,-0.9991718
A89009,591.7995897376367,116.87507178720709,-0.9269926
A89010,946.8257366882922,190.10720077482137,-0.9991718
A89011,139.40142449960797,45.07817294700318,-0.9269926
A89012,741.6699657572527,529.1335307816963,-0.9269926
A89013,401.42751632792374,33.71762630692694,-0.9269926
A89014,-230.47727717827385,2.146551709410116,-0.920199
A89015,430.0006074451012,93.76780009470816,-0.9991718
A89016,407.0812437668565,154.65552493547082,-0.9269926
A89017,1219.1582061423771,144.8551399881034,-0.9269926
A89018,342.4212771983088,68.94477116069605,-0.9269926
A89019,1324.5403568682532,163.7726027532405,-0.9991718
A89020,740.9327582212986,240.43367509414085,-0.9269926
A89021,559.6513887893391,63.17623084539981,-0.9269926
A89022,347.6069845642994,127.97241448998776,-0.9991718
A89023,600.6820896274078,173.62709242710116,-0.9269926
A89024,401.5348464563265,-1.6189177176597518,-0.9269926
A89025,930.3527845817531,670.8798326945368,-0.9269926
A89026,288.8540409451331,291.6246130833896,-0.9991718
A89027,468.3310064654691,77.78103755151258,-0.9269926
A89028,530.5596978033079,66.30205598906011,-0.9269926
A89029,-279.2287532939457,-55.525455969270816,-0.920199
A89030,635.2090392109395,95.66144675207674,-0.9269926
A89031,206.64120437309836,38.10174778894475,-0.9269926
A89032,449.7179482713795,351.92137101970127,-0.9269926
A89034,-99.59755337390568,-19.186743202570433,-0.9269926
A89035,872.4618068036203,310.1789402715166,-0.9269926
A89036,-150.26990169071925,-11.8512444222034,-0.9991718
A89038,16.98434505676278,-31.111469095589285,-0.9184168
A89040,5.418755265966646,146.43151467203674,-0.9269926
A89041,374.3193031200596,268.2314936926166,-0.9269926
A89042,175.4486384557553,-87.12462522633626,-0.9184168
A89603,-150.49217850490356,-100.14183368105981,-0.9991718
A89604,510.84298201339186,199.248690843243,-0.9991718
A89610,-44.643207188137595,-10.940348435272885,-0.9184168
A89611,-217.13892699874748,66.90136242366917,-0.9184168
A89612,-122.07897919988342,-1.7977050335511666,-0.9214242
A89614,197.57915801359817,75.33224908362232,-0.9269926
A89616,-216.61204201161158,36.38889542685242,-0.9269926
A89617,-61.609122267335685,195.88826110521177,-0.9269926
A89618,-333.6765650763639,-57.3602349253894,-0.91841686
A89620,-33.360327324090896,37.18376973441924,-0.9919494
A89621,-210.53431460866366,-170.30986771140792,-0.9184168
A89623,-161.6929660516275,8.306489135719517,-0.9269926
A89624,-83.12146520049646,56.31888714654855,-0.9919494
B81002,106.47144006104557,3.415388588377983,-1.2432233
B81003,1142.1370565684408,140.04327437690569,-0.59361035
B81004,1970.7036196789581,369.38491526574904,-1.2432233
B81005,2043.7693858163057,279.10745521743144,0.12996843
B81006,721.584150418966,160.39945417454982,-1.2432233
B81007,917.7960440175756,156.37643643315695,0.12996843
B81008,3249.6123572890215,1223.6271064332266,-1.2432233
B81009,800.9722443256908,166.71505676468325,1.0561494
B81010,1032.7728508668172,18.69164907806453,-1.2432233
B81011,1124.8591553768294,322.0106589808325,-1.2432233
B81012,162.00810095692157,-66.77400222240249,-0.59361035
B81013,636.685639874315,78.92374982459351,1.4806489
B81014,599.0650949290412,-95.58887486090114,-1.2432233
B81015,1397.3410717909428,79.18735541724192,-0.59361035
B81016,684.8182494685966,140.9498853475188,-0.59361035
B81017,1050.244802537434,447.91881469043267,-1.2432233
B81018,1383.2778902176253,95.78352232982533,-1.2432233
B81019,-72.53678732524514,-106.41475027497393,-0.59361035
B81020,597.9874462391265,195.77765250833968,-1.2432233
B81021,429.2046044444372,149.48457939178027,-1.2432233
B81022,1532.7620429913559,314.018359473759,0.12996843
B81023,343.3262588299002,87.73544208406948,-0.59361035
B81024,275.30323816486043,156.84957611790958,-1.2432233
B81025,2826.111989398696,981.4655199359593,-0.59361035
B81026,2303.571762026967,587.5354860302627,0.12996843
B81027,828.9138433212166,339.60175311888884,-1.2432233
B81029,928.8219269049388,187.09925475245814,1.4806489
B81030,692.0859769235385,227.14391735380727,-0.59361035
B81031,1299.3769914169766,-9.573229685627433,-0.59361035
B81032,-16.70880092168028,156.9230528885294,-1.2432233
B81034,1177.9637335713958,184.96873016910726,-1.2432233
B81035,284.96175324084754,89.94386792409698,-1.2432233
B81036,1264.3483316975355,190.27095462851568,1.0561494
B81037,1737.0164128266654,172.66800229313588,1.0561494
B81038,986.9637633397952,172.28758822983778,-1.2432233
B81039,2692.275116967629,884.3011115109596,-0.59361035
B81040,2016.7956164265,-0.43102164532827975,-1.2432233
B81041,344.8777007795879,108.6595035546474,1.0561494
B81042,963.121601639201,119.63214840961668,-1.2432233
B81043,1565.7899553664333,153.9351689877504,-0.060841966
B81044,257.0172697932782,92.97914512194218,1.0304221
B81045,1542.1477897244097,389.9449007209744,0.12996843
B81046,1460.8787565722932,239.27676609910486,-1.2432233
B81047,459.6421229140114,91.59500037684795,-1.2432233
B81048,2205.8240862840844,1738.6339567933267,-1.2432233
B81049,576.8179465861003,20.4032954530602,-1.2432233
B81050,1046.4067752192814,100.66809051361707,-1.2432233
B81051,405.075124940396,65.17386248154784,-1.2432233
B81052,-60.430966134670335,25.20596369381294,-1.2432233
B81053,1572.3250508765086,210.4716575499878,-1.2432233
B81054,1026.8331331308018,55.81518600786696,-1.2432233
B81055,27.370882154539782,87.83295902385302,-0.59361035
B81056,1317.675813758915,207.38273159735508,-1.2432233
B81057,-290.16339235180084,-94.59417705721857,-1.2432233
B81058,637.1332628141504,-65.35819161865643,-1.2432233
B81060,840.9261561779539,-231.61247875436968,-1.2432233
B81061,2282.9884702525633,647.3282513213843,1.0561494
B81062,1303.627594635724,207.11621185343668,-1.2432233
B81063,302.21820903121676,72.86969747574963,0.12996843
B81064,770.8535664018341,187.7966889176025,0.12996843
B81065,1315.0655193122234,142.55868798967063,0.12996843
B81066,-147.3288621970323,30.185424952892685,-1.2432233
B81068,1739.7425325718614,363.6650684233931,1.4806489
B81069,1332.5671895922396,184.7374366693518,-1.2432233
B81070,623.9641273315101,65.40162323956578,-1.2432233
B81072,5.575744123187427,-167.16406856368187,-1.2432233
B81074,286.5857274992979,299.41723272114456,-1.2432233
B81075,-198.3983346194527,125.21212055349295,-1.2432233
B81077,611.4843954749791,103.97401218029795,-0.59361035
B81080,-230.7421969312051,-38.51874870916501,-1.2432233
B81081,182.73937363476657,95.24148260201757,-1.2432233
B81082,21.25368216615155,50.970323216207646,-1.2432233
B81084,251.30262595405165,68.67488951764658,-1.2432233
B81085,64.28776316031801,129.18029735146962,-1.2432233
B81087,794.554576575968,276.5589971808625,-0.59361035
B81088,306.1111459709795,124.0958785282348,1.0561494
B81089,-19.409894565618256,-14.569810187297076,-1.2432233
B81090,348.21676363565956,136.45567717386865,0.12996843
B81091,75.15701430097005,-21.14973136293389,-0.59361035
B81092,1217.5067257608034,104.54653792747166,1.0561494
B81094,-338.55465563201693,0.3190991793170957,-1.2432233
B81095,101.64875901640802,50.34717832457021,-1.2432233
B81097,-216.12515399241087,60.913954223176994,-1.2432233
B81098,-240.81419391268392,-271.3034761149234,0.16427143
B81099,648.5864585276892,380.7980741362593,0.34471947
B81100,-41.86005387880982,147.188258587382,-1.2432233
B81101,1206.6060734684372,911.2842170805922,-1.2432233
B81104,-269.1917510780319,21.625951769665672,-1.2432233
B81108,178.54814151382877,68.05587948049792,-0.59361035
B81109,1219.470279775745,142.31524241543323,0.12996843
B81112,565.688199956572,476.65826696732,-1.2432233
B81113,780.7821821874984,341.83365904211087,0.12996843
B81118,384.7013546399174,320.04693090694684,0.12996843
B81119,293.5614381215465,113.44698352613356,-1.2432233
B81120,-214.5039105971198,-7.849432393195594,-1.2432233
B81121,-120.94713127119908,129.61264689802042,-1.2432233
B81602,-144.8397320344687,11.792518040362644,-1.2432233
B81603,-51.034288109303375,-88.55571017537042,-0.59361035
B81606,365.226429924315,165.95068487631227,-0.59361035
B81616,-69.53123609502762,17.64022606319971,-1.2432233
B81617,575.1199981827464,398.59876460882214,0.12996843
B81619,26.92031101206094,62.112199946351424,-1.2432233
B81620,-42.330271254233296,92.59708399842098,-0.59361035
B81622,21.053451406298777,24.483273323731005,-1.2432233
B81628,-133.93039270372552,47.47276368880988,0.12996843
B81631,244.18924304740742,111.15585128069097,-1.2432233
B81634,-136.69088239733938,-43.84767383526248,-1.2432233
B81635,-77.9277531510299,73.74559705231461,-1.2432233
B81642,-28.114108254434072,99.54634789987333,-0.59361035
B81644,-276.484418523466,-36.134061312942244,-1.2432233
B81645,69.24918202138512,89.5252184975547,-1.2432233
B81647,-55.739380838419166,102.01443201757665,0.12996843
B81648,-261.6140853677106,58.007338798556894,-1.2432233
B81653,-52.69817501886261,42.892401448421865,-1.2432233
B81655,-214.88551245409118,10.150075967828029,-0.59361035
B81656,680.9030166572276,271.7563448632238,-0.59361035
B81658,-129.12670485665373,136.08921991364682,-1.2432233
B81663,-185.71046779943293,84.80835399562191,-0.59361035
B81664,-182.38217899194532,25.30727796272402,-0.59361035
B81665,-313.52976750164845,10.4014826713965,-0.59361035
B81666,-372.21741285771293,-0.49217010093597136,0.12996843
B81671,-470.18075352766874,-12.768978539818423,-0.59361035
B81674,-154.76830693768983,-152.56019966726947,-1.2432233
B81675,658.9540391492898,197.25470527264724,-1.2432233
B81677,-39.08326460508244,-8.891824856167707,-0.59361035
B81679,-316.7668456940147,-5.283537680099366,0.16427143
B81682,301.23092899345835,-72.3564202109761,-1.2432233
B81683,-55.10166971685854,55.382328178948754,-1.2432233
B81685,-243.37141730821037,-48.86677395473949,-1.2432233
B81686,-219.3902693066994,-131.22242837536672,0.16427143
B81688,-145.62373525154678,-8.21094067599086,-1.2432233
B81689,-247.3862256280537,-22.658286147596378,-0.59361035
B81690,-441.02435733174906,-98.89969058592379,-1.2432233
B81692,-83.35346968950532,111.30410823970936,-1.2432233
B81693,-188.51095586030803,-14.2962389784165,-0.59361035
B81697,-33.49136161960925,60.60389849802359,-0.59361035
B82001,489.3449734424999,-65.88210687660721,-0.32922357
B82002,241.2983028469872,100.62547470161287,1.6782483
B82003,-140.39920678751085,-18.695908827150593,1.6439453
B82004,594.0388228116113,115.69108044157356,1.8519073
B82005,4174.17391005863,1041.3089397722788,1.6782483
B82006,-175.55909826641818,-82.29253228614945,1.6439453
B82007,780.6049786801349,224.36754114951054,1.4188321
B82008,432.82673332867466,50.29787004457644,1.8519073
B82010,300.31164320721126,72.9760368705002,1.8519073
B82011,219.65008756443584,97.83170838914268,-0.34777224
B82012,617.3115217887166,46.24219422080133,1.8519073
B82013,1225.9968669788564,398.5821804350694,1.8519073
B82014,50.74889575526744,34.36035453282012,1.8519073
B82016,43.64495968758473,52.34020067056063,1.8519073
B82017,1730.399534396827,145.81538436542573,-0.34777224
B82018,32.252361367826985,-6.972530023513661,1.6782483
B82019,-236.1836771642153,23.766436198644495,1.4341968
B82020,1068.8509445335924,210.11704405566766,-1.0163233
B82021,71.81964971417361,19.482095069727887,1.6782483
B82022,103.29017524482056,74.17043510258138,-1.1349545
B82023,354.0831923489101,45.13267304455009,-0.022965742
B82024,874.4110216489955,192.60206163618926,-0.34777224
B82025,2117.0354824794667,334.0891059030788,0.73312944
B82026,2949.1923326448705,1158.2545445311594,1.6782483
B82027,796.5792038034605,446.2639666716544,1.8519073
B82028,972.9694238011986,127.99148542903642,1.4188321
B82029,-159.53817406758617,6.139930318252491,-0.022965742
B82030,65.2723277139042,45.66020482729851,1.8519073
B82031,694.2878002097843,230.62097571478645,1.4806489
B82032,808.3408299103453,179.57967914790103,1.8519073
B82033,776.5082093568456,178.1572468644932,0.73312944
B82034,215.57290314992304,45.19503453712565,-0.022965742
B82035,-92.28339180926001,17.695149927123623,-0.022965742
B82036,359.80451419699597,119.57866170538071,1.8519073
B82037,830.7678032778925,118.42580572378247,-0.34777224
B82038,1401.2781655531026,1126.1732744898177,-0.34777224
B82041,1667.0861582883283,241.06646692649116,1.4806489
B82042,701.2147670032306,99.668831921105,1.4341968
B82043,-332.97153649902685,-137.83620027247125,1.6439453
B82044,124.17310536300079,-15.070995689980222,-1.1349545
B82045,28.012412221952538,95.139184670422,1.260538
B82046,-96.35617023039522,54.25150744001454,-0.49213067
B82047,138.23539241257183,59.547195572567816,1.6782483
B82048,-327.02560207438415,-261.6420790547124,1.6439453
B82049,397.67926303862157,-43.34476552472064,1.4341968
B82050,1922.9434234184544,273.1273961913306,1.4341968
B82051,-555.057242736399,-464.095343896157,1.6439453
B82053,659.4557382636134,171.41320226516797,1.4188321
B82054,1110.2189900051133,261.70803966679193,-0.34777224
B82055,671.0738836995703,70.20019545932509,1.6439455
B82056,-50.53813300851263,-107.12197257032982,-0.3048935
B82057,162.29034116289904,80.3991394895797,1.6782483
B82058,85.90880207829704,-156.29052876720974,-0.3048935
B82059,576.7662123689089,-18.756940969976295,1.8519073
B82060,908.1088766932237,151.35661204845638,1.8519073
B82061,445.43590598327717,113.86546685112877,0.030275362
B82062,-183.0180955765174,27.21542093290348,-0.34777224
B82063,519.876576404564,102.19273278897973,-0.34777224
B82064,-121.73260125631492,39.55071592656412,1.6782483
B82066,539.6627600777769,54.992839482456844,1.8519073
B82067,97.22955656361634,94.7343239268586,1.8519073
B82068,-106.96695175882998,10.234745272481646,0.73312944
B82069,313.22451330153893,54.51463541319725,1.8519073
B82071,140.8438937844103,63.500866458000374,1.6782483
B82072,193.11581459176773,8.939004796013991,-0.022965742
B82073,757.5359155456416,75.92883155697145,1.4806489
B82074,1275.5739908490254,260.8227172740374,1.4806489
B82075,679.8186345651199,120.67731173426358,1.4341968
B82076,-45.656497149319904,-4.819309144177107,1.860483
B82077,29.79923740846364,-7.740506724766325,0.73312944
B82078,215.4234136082675,70.08329595485961,1.260538
B82079,-174.06954213682818,31.293701255922407,1.6782483
B82080,1270.3527567879933,175.180943249398,1.6782483
B82081,204.66383165076462,66.46139170948037,1.6782483
B82082,-74.10573230158087,-2.2876033413545764,1.6439453
B82083,3053.417803239108,1719.402717454655,1.6782483
B82086,-210.4896859141379,18.85878156831521,-0.49213067
B82088,737.4735521063657,387.0429477028635,-0.34777224
B82091,-24.827078637274393,76.13011388160594,1.8519073
B82092,171.44967361342788,69.6407222386465,-0.32922357
B82095,-253.361631510969,-50.98523557229347,1.6439453
B82097,446.99026310345727,73.63938663481767,1.4806489
B82098,708.5029861264791,269.90752316669034,1.6782483
B82099,-126.21673600623008,-4.302066043866311,1.4274077
B82100,161.2534639083965,268.08450359561397,1.6782483
B82101,211.58783915946043,135.73742244674602,-0.34777224
B82103,-367.07960227979424,8.46488423996502,1.6782483
B82104,183.39130165984207,103.53783863437643,-0.022965742
B82105,586.9247580982288,132.73803897932765,1.4806489
B82106,-21.607476177924752,42.24071272607898,-0.34777224
B82609,-91.68969670357899,6.712867585581164,1.6782483
B82611,499.6365569978527,316.5963859913022,-0.3237776
B82619,-375.81785893241056,14.609537318546945,0.73312944
B82622,-259.0516308279634,24.796795643845815,1.260538
B82627,-193.52845349582736,43.34554826865955,1.8604829
B82628,315.16117487706504,92.94103814947216,-0.34777224
B82629,-522.6950261293516,-70.03584485856229,1.6439453
B82638,-477.6766341568838,-3.8382697426493806,-0.022965742
B83002,-183.86377500195306,41.971650563495565,-1.0163233
B83005,372.2676801326519,-122.19760484885937,-1.0163233
B83006,917.6855181317973,153.539656664904,-1.0163233
B83007,84.66405276704528,-232.48834779895404,-1.0163233
B83008,996.5518951842292,163.48308675323338,-1.0163233
B83009,687.4899302058334,48.90844948556884,-0.23092765
B83010,1123.933052075257,166.10407914203154,-0.23092765
B83011,231.9946505552869,-38.2354335559608,-0.2298271
B83012,648.8859583626303,397.99637746267985,-1.0163233
B83013,1003.8905269312917,20.445396804509848,-1.0146558
B83014,781.8447432243493,64.85270151379451,-1.0163233
B83015,944.2031219050957,184.3327779527374,-0.23092765
B83016,624.4865687256945,277.4832796551942,-1.0163233
B83017,323.61933944293196,49.7953520901438,-1.0163233
B83018,593.0753833413379,91.59500075973735,-1.0163233
B83019,-57.05640026608072,40.404962658607005,-1.0163233
B83020,472.64609954214075,129.49566376153666,-1.0163233
B83021,1316.7865123308472,244.06580970979695,-1.0163233
B83022,314.54350757621,9.514952513393416,-1.0163233
B83023,950.0269553669796,213.49647841837603,-1.0163233
B83025,-25.425968225739393,-71.93410206899341,-1.0163233
B83026,224.28064665489507,89.58263716414727,-1.0163233
B83027,632.0651381895387,96.53064029407018,-1.0163233
B83028,1200.0771450249617,148.75860463596732,-1.0163233
B83029,786.7618818373294,242.3774499496645,-0.23092765
B83030,689.1551786786421,174.7580591275231,-1.0163233
B83031,-120.19129807319571,43.75685585316624,-1.0163233
B83032,-151.0480629043662,-67.0144424199918,-1.0163233
B83033,1079.228490995683,254.30535630699086,-1.0163233
B83034,618.0936207737346,-282.0601744685206,-1.0163233
B83035,808.6406276984935,184.55511845708173,-1.0163233
B83037,752.4731087001696,96.78361825298299,-1.0163233
B83038,1036.5858451525144,250.02919216914438,-1.0163233
B83039,1288.6603882151092,141.9552233951669,-1.0163233
B83040,468.620161910269,24.48191278509517,-1.0163233
B83041,958.1674442535015,456.4747102659295,-0.23092765
B83042,809.5815671721418,-13.211431395696358,-0.23092765
B83043,-45.43632563527201,-103.21616572037603,-0.21883366
B83044,479.2117073051457,46.498989171787294,-0.2020381
B83045,753.6608778817325,463.89610982872176,-1.0163233
B83049,52.583810953542375,79.23834568862631,-1.0163233
B83050,290.3566321578307,-24.27509451184347,-1.0030407
B83051,-401.36172288755495,24.557215930683025,-1.0163233
B83052,1361.3682583488564,487.5887438255666,-1.0163233
B83054,302.5960336966842,23.938806920019736,-1.0163233
B83055,2786.3991166017026,343.08111867741115,-1.0163233
B83056,532.8114800492148,221.58627114179188,-1.0163233
B83058,369.1455574382241,32.48337603805913,-1.0163233
B83061,-160.89163020691004,25.384463050109634,-1.0163233
B83062,942.2950957596619,124.27277787385145,-1.0163233
B83063,1058.3284447166125,506.96026383732993,-1.0163233
B83064,491.5697791494588,157.20509317378983,-1.0163233
B83067,202.97284686206652,101.03469453510736,-1.0163233
B83069,-350.7711520718539,-154.36360896637993,-0.9973629
B83070,-195.17411391409942,-44.619696876168646,-0.99842274
B83071,-8.250718891165409,75.99958471005414,-0.99059606
B83602,82.20941139639034,-131.07356220733521,-1.0163233
B83604,39.95582302075559,60.64732762678579,-1.0163233
B83611,-92.24514979717772,77.35285988788253,-1.0163233
B83613,-51.884859736653105,7.960753722231884,-1.0007861
B83614,248.66136227197796,139.80946905054037,-1.0163233
B83617,-258.5667045340327,-43.079605734977775,-1.0163233
B83620,-198.87440544400263,11.521310593329156,-1.0163233
B83621,45.60730857804909,153.99605186769344,-1.0163233
B83622,75.06808121537084,40.218476738965606,-1.0163233
B83624,1027.93052234881,404.61438078593676,-1.0163233
B83626,307.3861220458421,64.31433925557778,-1.0163233
B83627,-73.32999241812843,5.183314883776746,-1.0163233
B83628,173.47794508365317,105.07049093618036,-1.0163233
B83629,-156.03720926841464,-49.03958226446732,-1.0163233
B83631,-138.33277706510535,-51.598138044455595,-0.99059606
B83638,62.92506388967722,-54.95506383549432,-1.0137966
B83641,346.194273057566,22.884850827987115,-1.0163233
B83642,-187.46763186074676,-21.845001666898458,-1.0163233
B83653,787.6711262068651,85.23555782389661,-1.0163233
B83656,-483.76182251564546,-31.21128849905712,-0.99059606
B83657,-38.87624519491828,190.02019634453833,-1.0163233
B83659,-76.4085221974573,47.97891380591389,-1.0163233
B83660,521.9658153069034,62.78094183446291,-1.0163233
B83661,-123.22729100293219,9.27556536831346,-1.0163233
B83662,-487.2392376025641,-12.617208864917448,-0.990596
B83668,-498.0892629163324,-20.602892682150618,-0.99059606
B83690,-450.6157781825325,-3.2870764562478114,-0.99059606
B83693,-477.87533494215296,-5.310891246187874,-0.99059606
B83695,-514.780343411439,-67.3201620067578,-0.990596
B83696,-477.13440111100147,-6.5448342165679385,-1.011417
B83698,-472.45301594278527,-10.625209909353112,-0.99059606
B83700,-655.2788585942312,-210.0432713287156,-0.990596
B84001,797.6779214932499,19.97171138030013,-0.32025835
B84002,200.3777869317655,51.00998140499971,-0.32025835
B84003,455.1871910557761,122.33629519592267,-0.23092765
B84004,1693.8795388309316,0.9671412801342028,-0.32025835
B84005,502.16604366058607,152.29405326611757,-0.32025835
B84006,1536.85906756192,105.27075190446014,-1.0799267
B84007,270.61098092745004,145.61142216905986,-0.32025835
B84008,715.1048670573158,186.0935373065457,-0.23092765
B84009,694.4167349298948,135.11383050339958,-0.23092765
B84010,990.9898546727428,128.8161726129596,-0.32025835
B84011,1222.9028559047413,172.07279745876843,-0.23092765
B84012,592.1203758049876,69.32102219594847,-0.32025835
B84013,639.2379255839221,107.74395962708888,-0.32025835
B84014,-24.49843887528284,-15.392967534884225,-0.23092765
B84016,383.88668850982754,226.45834309226294,-0.23092765
B84017,-272.01949236788187,-36.58050312338382,-0.21173193
B84019,590.8123324742513,179.77041719926137,-0.32025835
B84021,385.46440053075463,139.35869684057465,-0.32025835
B84610,72.32729229402915,32.750861026801594,-0.32025835
B84612,536.3146851184409,290.6603305582087,-0.32025835
B84613,1099.2989069945488,378.6533128046543,-0.32025835
B84614,-305.4881458238929,-10.333654129090029,-0.26880386
B84615,-176.68662653263038,59.72084325272547,-0.23092765
B84618,1028.187779526236,147.4019256196885,-0.32025835
B84623,-81.2849281389319,69.74358144109402,-0.23092765
B85001,228.22317775252753,50.26165343960488,-0.23092765
B85002,-82.31402360601786,-15.923598004831826,-0.9184168
B85004,-51.702296889928945,75.40246546464125,-0.23092765
B85005,116.86829021844504,41.4554421256235,-0.23092765
B85006,533.412813069431,162.02512151851536,-0.23092765
B85008,-64.95547370486025,22.26997742854991,-0.23092765
B85009,553.9445777678568,237.76489814290395,-0.23092765
B85010,243.1403347992407,52.30781850257861,-0.23092765
B85011,-10.328229457301003,-200.56349507507392,-0.19662465
B85012,768.8501473699143,239.848940821922,-0.23092765
B85014,834.47484298255,180.63491972182985,-0.23092765
B85015,636.0727955872511,120.84955934836981,-0.23092765
B85016,764.8373106012085,164.11919098211078,-0.23092765
B85018,600.9682239901314,47.14900492524437,-0.24129
B85019,892.2285387410267,93.18232605177597,-0.23092765
B85020,640.5117533903727,143.785839715887,-0.23092765
B85021,492.1175998578277,244.70455315674576,-0.23092765
B85022,176.11911680717856,-9.10789432705524,-0.23092765
B85023,28.39054357475442,61.2642487199903,-0.23092765
B85024,575.360605731837,105.18374129190734,-0.23092765
B85025,620.1125706086061,108.96175674674187,-0.23092765
B85026,106.52989580764502,5.498904397421127,-0.23092765
B85027,315.5650700836414,125.70332248028285,-0.23092765
B85028,1655.8109212921065,151.3841583548317,-0.23092765
B85030,363.0516327796279,129.22328634046556,-0.23092765
B85031,38.19558395257155,6.47672088824026,-0.23092765
B85032,76.14833847003433,37.53988899254626,-0.23092765
B85033,-97.6208022087125,42.271835405949034,-0.23092765
B85036,328.577851722479,116.22989195209571,-0.23092765
B85037,228.60056026019078,26.683796508167887,-0.23092765
B85038,179.05106154987064,77.4046154070598,-0.9184168
B85041,1082.364566153855,133.49883435131022,-0.23092765
B85042,499.24605228749954,94.59459359363645,-0.23092765
B85044,-117.14629853179753,-21.56744315022932,-0.23092765
B85048,99.59461281933655,88.40638845107998,-0.23092765
B85051,317.11722000315683,89.93075898156057,-0.23092765
B85054,486.32238646767064,371.333849591853,-0.23092765
B85055,759.4110908252593,254.74054690566172,-0.23092765
B85058,-203.60806776447433,51.17464951776899,-0.23092765
B85059,2.090663747482996,78.86660749017986,-0.23092765
B85060,-163.17007781653209,-30.12169781030723,-0.23092765
B85061,464.42988584335137,93.22054567806958,-0.9184168
B85062,-233.20229767952452,28.913132928004007,-0.23092765
B85606,480.4732109892237,-117.28004758244154,-0.23092765
B85610,387.52736694858066,172.78058583322445,-0.23092765
B85611,82.74773017014202,73.8054443675713,-0.23092765
B85612,-1.8747529781763255,51.21921815918442,-0.23092765
B85614,427.6405926209803,28.838134748708683,-0.23092765
B85619,-108.28759921219101,32.578651392059896,-0.23092765
B85620,-265.1864059996625,8.385272402902476,-0.23092765
B85621,-182.22500497416684,15.313180227443771,-0.2020381
B85622,-93.49524071274557,77.29864850620493,-0.23092765
B85623,-175.0945953383791,47.87796493873604,-0.23092765
B85625,-508.4884915234783,-168.49738639784138,-0.19662465
B85628,-392.9531595334377,-125.9296221099548,-0.19662465
B85629,-232.28911800360265,-22.26115205561466,-0.19662465
B85634,-191.6347921286652,58.36099990334547,-0.23092765
B85636,-227.23284442024254,17.536672518712894,-0.23092765
B85638,-211.52804516268577,-86.79788057051188,-0.22787751
B85640,60.5372788723491,88.38752417866885,-0.23092765
B85641,69.58224978213865,30.537209912923117,-0.23092765
B85644,-281.52889023472136,1.613928059476628,-0.19662465
B85645,44.85117070997756,-111.20410293295893,-0.23092765
B85646,413.63666536531855,79.33777710134684,-0.23092765
B85650,-71.01083677847097,37.7408665820534,-0.23092765
B85652,832.3992729714437,-27.774299748390042,-0.23092765
B85655,-37.154030284722765,59.79804516330398,-0.23092765
B85656,-504.04137832408344,-20.309062686289117,-0.26880386
B85657,-498.5638700464177,-14.24376296939123,-0.19662464
B85658,-483.4147373347485,-20.21468851877831,-0.23127067
B85659,-365.43221512577674,15.193308588420411,-0.23092765
B85660,113.28039185836226,95.64337652453499,-0.23092765
B86001,-182.51110797139182,0.042220913001706536,-0.24129
B86002,978.5217259244114,52.52535858580338,-0.24129
B86003,1362.1246033214693,123.58753091886702,-0.24129
B86004,208.5095490896423,31.0852530272233,-0.24129
B86005,180.28694278938312,135.3801096216048,-0.24129
B86006,1028.7030491716578,159.8779368457756,-0.24129
B86007,750.0344523453579,155.7974124473506,-0.24129
B86008,689.4271038272293,390.55166713668257,-0.24129
B86009,229.3229640293246,110.35204848417374,-0.24129
B86010,383.7538828741518,115.85827350228514,-0.24129
B86011,300.99577337316094,25.635931155151923,-0.24129
B86012,1701.7552463532966,289.9810379062705,-0.24129
B86013,802.7720921083334,182.0832785549711,-0.24129
B86014,965.5866656586148,204.078290618041,-0.24129
B86015,1674.182195710167,265.35653974521665,-0.24129
B86016,2180.452659244471,355.26439448623233,-0.24129
B86017,465.84382298450254,71.96070557343411,-0.24129
B86018,287.7212806240275,68.27083251708416,-0.24129
B86019,257.88782394513976,4.824403001362326,-0.24129
B86020,525.3351712395577,123.80081246503842,-0.24129
B86022,1100.9190027759369,281.32079674630654,-0.24129
B86023,-102.41247777380057,-9.347795517329025,-0.24129
B86024,721.8998379707436,124.26932842414108,-0.24129
B86025,361.51887381948217,39.319687968306994,-0.24129
B86026,-5.4354167770214925,-32.295028602485985,-0.23271427
B86028,-41.32624841639694,43.18569725161809,-0.24129
B86029,34.855350393027834,38.78140892808947,-1.0163233
B86030,235.37109069005348,103.44203194388751,-0.24129
B86031,-119.50907319996081,44.011269844203014,-0.24129
B86032,1048.0190494814308,470.40286507154025,-1.0163233
B86033,680.2129061924951,181.98652957945197,-0.24129
B86034,135.35503590428857,62.904116004485694,-0.24129
B86035,849.8570201647995,145.87363250759006,-0.24129
B86036,665.2830725041832,40.31852669388827,-0.5385826
B86037,-306.7901419027802,-34.27342067469991,-0.52822447
B86038,417.03554473031903,16.17872382199333,-0.24129
B86039,72.91155300106226,5.087422715863317,-0.24129
B86041,295.90041833608535,74.92041901795072,-0.24129
B86042,1665.7824965756322,117.55503444444037,-0.24129
B86043,600.9465041586611,203.07434967701397,-0.24129
B86044,1329.8767083951693,114.92521531466154,-0.24129
B86046,296.1958179492984,132.3743684116402,-0.99059606
B86047,-48.404786787406294,-31.327449714522174,-0.24044774
B86048,980.2549151871459,151.51268723664418,-0.24129
B86049,267.08108416301303,85.72504859384927,-0.24129
B86050,1632.0780090750277,261.30771884407767,-0.24129
B86051,181.08865695441852,128.26887388617217,-0.24129
B86052,322.12303412000057,14.672486403242159,-1.0163233
B86054,764.8289685834734,84.78173192340948,-0.24129
B86055,319.0204002189775,171.9281703133964,-0.24129
B86056,-117.71520428736486,-24.806404302083124,-0.24129
B86057,1293.2923503684428,133.43839904321928,-0.24129
B86058,-11.352385843463637,36.35359218158818,-0.24129
B86059,1066.3377301143166,140.68628497779363,-0.24129
B86060,762.3804024154213,67.85437201973953,-0.24129
B86061,-57.33642286749156,48.703043515729256,-0.24129
B86062,1000.2525265227288,53.951571113628255,-0.24129
B86064,744.4584040143828,74.54851093276594,-0.24129
B86065,62.65921885547718,39.94096981471077,-0.23271427
B86066,426.1699666638733,102.73331858906391,-0.24129
B86067,1445.267179993322,298.03335253004593,-0.24129
B86068,373.980684623971,280.9997394512099,-0.24129
B86069,360.63881594892206,0.8041950115359355,-0.24129
B86070,95.56211093486714,33.59803210903668,-0.24129
B86071,357.8174214616198,63.13254366672764,-0.24129
B86074,-125.22155233989923,8.216381062580616,-0.24129
B86075,1038.3224413258656,260.6159801701353,-0.24129
B86077,138.32655291869068,-127.02335395254835,-0.24101488
B86081,1226.5851179539827,134.77192680656108,-0.24129
B86086,18.912248215152303,65.22888679874414,-0.24129
B86089,151.1357773109594,-5.576437570683275,-0.5385826
B86090,-368.6325871016311,-71.0587409381652,-0.23271427
B86092,181.1295678034541,126.99004802537264,-0.5385826
B86093,99.85399607137158,87.84224626165634,-0.24129
B86094,-7.032937030167258,26.417664530744304,-0.24129
B86095,-150.1565555006305,-2.3603183690415737,-0.23955229
B86096,368.5278125174816,-50.75982074937903,-0.24129
B86100,104.01547370076818,86.1104379832522,-0.24129
B86101,-103.01001062568633,-10.163403961502308,-0.24129
B86102,-263.6048269985315,-107.20769217606403,-0.23271427
B86103,-154.23536815522158,-28.317673836570737,-0.24129
B86104,436.15273471955277,298.4786846113845,-0.24129
B86106,374.48824414519504,100.47214865560201,-0.24129
B86107,72.61716432251737,30.778713253670514,-0.23271427
B86108,-190.3970466523237,18.804429601503184,-0.24129
B86109,71.5838960358845,35.51071823913941,-0.24129
B86110,-123.63528157988857,30.54040910819658,-0.24129
B86623,-299.2617570448348,-28.91401549226435,-0.24129
B86625,-71.560293905034,-52.76822565033096,-0.24129
B86633,-80.05108363133138,-51.589929007925015,-0.24129
B86638,-362.3071989373282,-145.43966570138878,-0.23271427
B86642,-212.09217387596195,24.134307272035066,-0.24129
B86643,-113.74682360967718,39.660911003759054,-0.24129
B86648,-236.98845281964356,23.422448072716435,-0.24129
B86651,-441.0518196888201,-97.57748111166411,-0.23271427
B86653,-615.1796551943437,-221.3337686098137,-0.23271425
B86654,-160.98134224143809,-0.2174655454810414,-0.24129
B86655,-304.06728931368866,-7.594122834817391,-0.24129
B86658,-2.039210824826497,129.22956525423012,-0.24129
B86666,-69.86031618627578,-36.983640863960936,-0.24129
B86667,215.45017344168141,117.96652726270558,-0.24129
B86669,-340.4650220740353,16.24642949930046,-0.24129
B86670,-375.8080152569258,-68.05404275140326,-0.23271425
B86672,219.25250972391592,146.54213803711855,-0.24129
B86673,-24.742550008836854,36.61284194125128,-0.24129
B86674,-479.3882991283213,-1.8569061796189008,-0.23722547
B86675,69.18515379157502,22.259420503764993,-0.24129
B86678,-119.67924367479407,52.03349952914208,-0.23092765
B86682,36.29054409473734,-10.221330584262333,-0.24073417
B86684,-482.3829951641426,-4.979920029973293,-0.24270831
B87001,576.8909692858844,113.33969947903915,-0.9184168
B87002,490.4294837665252,53.161640991475785,-0.5385826
B87003,536.4041102958718,11.317098738951232,-0.5385826
B87004,654.8789524019049,91.19546106572629,-0.5385826
B87005,969.5112561438101,48.6514818767411,-0.5385826
B87006,1562.3056826308352,19.207243307945085,-0.5385826
B87007,966.2987914375025,108.65457104690417,-0.5385826
B87008,1717.800811242937,151.9734283113958,-0.5385826
B87009,558.448519801593,-26.395027913554216,-0.5385826
B87011,1386.912975574539,99.79723741198214,-0.5385826
B87012,607.2988901436026,-95.71873294628534,-0.5385826
B87013,913.0035199476391,77.44173850059983,-0.5385826
B87015,937.8035804591043,163.65488375249964,-0.5385826
B87016,3218.100447196467,520.3254004281738,-0.5385826
B87017,1472.9005207899015,779.709525857281,-0.5385826
B87018,658.4103639435467,89.15282659235932,-0.5385826
B87019,276.0599656231639,49.3758509979871,-0.5385826
B87020,535.3384657155091,73.08049024094746,-0.5385826
B87021,1753.96909161765,-200.12388115017447,1.4806489
B87022,237.85219642705653,4.899596812225963,-0.5385826
B87023,1679.4968885603241,2.4917835165843374,-0.53116316
B87025,417.9094848024207,171.6827975441054,-0.5385826
B87026,2265.0768896053437,-25.170248386403824,-0.5385826
B87027,560.4637338181088,88.0253909459527,-0.5385826
B87028,1149.7218772464985,-32.446097570320156,-0.5385826
B87029,342.75359231520054,-149.50634209664773,-0.52143115
B87030,2014.3060232138334,1021.2260650408289,-0.5385826
B87031,531.24865894242,95.51257029960948,-0.9184168
B87032,464.172426238386,92.18087258546504,-0.5385826
B87033,31.410636212704485,25.77221268909282,-0.5385826
B87036,20.84142674956518,-26.01928961537599,-0.5385826
B87039,1384.78508134043,276.2978005398242,-0.5385826
B87040,367.1108931188241,22.419863702607532,-0.9184168
B87041,-72.4184539379536,-58.929330442326076,-0.5385826
B87042,374.23690279051766,2.306815620659129,-0.5385826
B87044,-58.07339777559185,127.65791652505195,-0.5385826
B87600,-70.84846782165116,59.32332125788833,-0.5385826
B87602,-231.0738109725452,-20.013508084478335,-0.5385826
B87604,-105.7364807328291,-135.21683252217537,-0.5385826
B87614,-387.156466387733,51.90053580542738,-0.52143115
C81001,1028.92343965146,146.13324617313538,-0.66578954
C81002,997.4030890741733,300.00487162745156,-0.36849695
C81003,601.7078517230742,81.06347523693586,0.60949576
C81004,561.005137530703,42.50268941636358,0.47871554
C81005,1324.338302224473,314.5306356995747,0.47871554
C81006,876.3123212837488,165.86906039782107,-0.3599212
C81007,238.20555473771256,-78.60482982294504,-0.3599212
C81008,943.241528460474,238.88366621142194,0.7795814
C81009,783.4381346807195,162.31531189597126,-0.3599212
C81010,817.1791596683445,29.018916076044288,1.1283286
C81011,-318.66857416959374,-498.7208931315666,-0.66578954
C81012,1282.9514600004477,100.92894113797576,-0.36849695
C81013,5.009187261569251,63.7680887550672,1.5699795
C81014,671.459668319571,-20.06320415192714,-0.3599212
C81015,659.2285078938551,0.7469184962464299,-0.36849695
C81016,188.62743731582196,19.078600875620513,1.5699795
C81017,543.8737275598594,47.894030249219405,0.47871554
C81018,404.73200516474077,107.53882616249889,0.4805022
C81019,134.89070328782822,-3.766298835004296,-0.3633966
C81020,607.4217644968808,9.65168699870892,1.1937186
C81021,941.9401655920864,167.87689092707373,1.1283286
C81022,-104.70203507473627,10.274223494213787,1.1283286
C81023,405.84304220818706,24.38149073442559,1.1283286
C81024,3237.0424795176023,712.7477132828127,-0.37707266
C81025,586.9330759320333,83.01410163978493,-0.36849695
C81026,216.05314842575322,20.441591945505458,0.36866012
C81027,420.38815671224626,53.00251014769399,0.47871554
C81028,226.96212743787098,42.215913677140485,0.7795814
C81029,2380.057445546351,108.77936237867635,-0.5746722
C81030,531.4579835897282,133.94173705341868,1.5699795
C81031,312.3658652464115,20.46061587445866,0.36866012
C81032,990.2997573077876,181.00721486690304,1.1937186
C81033,2334.998522705568,89.25250877589414,-0.6743653
C81034,441.3523844234217,129.976340919965,0.90321517
C81035,693.8340969881583,32.66883887378638,-0.3599212
C81036,-69.6233411407512,-2.0936012164501063,-0.3599212
C81037,338.00365639970875,123.2517252808606,1.5699795
C81038,598.3819997963218,-9.96092940344625,0.47871554
C81039,-133.19649896467092,7.333030326460262,1.5699795
C81040,-53.68978787605755,12.1363297669997,-0.3599212
C81041,1342.6138295579817,176.25469061024847,-0.66578954
C81042,160.5195604214154,-0.27477229795527996,-0.3599212
C81044,632.2144446464675,118.52896760973563,-0.36849695
C81045,1101.8458143114287,333.94309418558015,-0.36849695
C81046,25.5484707370052,27.490208752489135,0.36866012
C81047,668.6055813689813,78.07692309019001,-0.3599212
C81048,296.3557473874528,-6.571243860195993,0.47871554
C81049,600.0859975626623,106.16816998704535,0.36866012
C81050,953.07938446404,122.43390974244132,-0.57575554
C81051,1136.4536144171584,194.4658297156083,-0.3599212
C81052,406.8960044954891,37.447357235023716,0.36866012
C81053,465.9519349631897,83.31526629325715,0.7795814
C81054,1056.2946541424474,197.70518839561709,-0.3599212
C81055,258.77737512471424,39.136081585485,0.7795814
C81056,681.2149842330493,110.27280703039884,0.7795814
C81057,156.07685856456342,35.306768822751714,1.1937186
C81058,629.8017235663287,136.92808269286283,-0.36849695
C81059,108.98985895685401,28.27218101375629,0.47871554
C81060,298.28725328541776,102.79189840783273,1.1937186
C81061,763.7009340913887,-74.80224973878934,1.1283286
C81062,173.15488972720092,59.86162244852806,0.47871554
C81063,419.4509586906174,74.58821662429004,0.90321517
C81064,409.4893120153752,22.058143146210288,-0.3599212
C81065,206.47322975756168,29.949233314058898,0.90321517
C81066,368.23112796875654,-2.2932076619507953,0.36866012
C81067,263.25901344340286,50.23791349980085,-0.36849695
C81068,485.03565027199414,72.37464633788824,0.36866012
C81069,622.5568541195975,54.99039757431293,0.47871554
C81070,160.58149741018414,-1.603895300716849,-0.36849695
C81071,942.0079205875535,68.74791898926661,-0.3599212
C81072,1249.1619012122,72.92223997558473,-0.3599212
C81073,428.4866067429303,83.87805964993335,-0.3599212
C81074,425.9199832462934,-32.249979228623516,0.90321517
C81075,114.85956307222152,43.21003402423433,-0.3599212
C81076,-176.36771102116168,7.982782008588031,0.90321517
C81077,3.729168489463685,-3.2983145284208777,0.90321517
C81079,-335.01651183845496,-101.67031438259893,0.4529883
C81080,486.5344499738068,100.50658659835331,0.90321517
C81081,1321.2276367300187,121.1836754450651,0.90321517
C81082,-108.22032084654039,-51.625858330498694,1.5699795
C81083,303.33713899641,50.810103042496266,1.1283286
C81084,1208.3157181630418,547.9090000083056,-0.36849695
C81086,279.526950808194,114.08006930397796,1.5699795
C81087,719.2692046102674,159.77920063960977,-0.3599212
C81089,80.37362682348638,2.537227206665346,-0.36849695
C81090,-63.393663060130315,-7.744234144459971,1.1283286
C81091,582.957579586329,191.81354192626222,-0.66400295
C81092,64.09704606598393,-5.441068169131476,0.90321517
C81094,190.32629518696953,64.43583501610168,0.47871554
C81095,26.403871413647007,11.613418348058785,-0.66578954
C81096,200.85734959948303,15.968295398393087,-0.66578954
C81097,63.191484742458,4.204590706959844,1.1283286
C81099,619.6380640653284,62.65873735807044,0.7795814
C81100,76.82988088599377,-182.38963912238845,-0.37614733
C81101,356.7183968955748,44.01880786407103,0.7795814
C81104,-262.6093779622054,41.05122131263151,1.1937186
C81106,401.02459121423465,51.288509275774686,-0.98023367
C81108,589.5104806430568,83.54788501165008,1.0561494
C81110,499.0134829196734,30.75600197780266,1.1937186
C81113,-3.537321102397537,70.755471756967,-0.3599212
C81114,480.391839310445,109.40786231886028,1.1937186
C81115,151.40182943504252,28.003874541721082,1.1283286
C81116,144.30024026162505,91.69595664789428,-0.3770727
C81118,384.2237603273648,143.03509058330073,-0.3599212
C81604,-92.78839195411952,-61.09248954116304,1.1283286
C81611,-264.41571492614463,7.506450908493516,0.7795814
C81615,-103.47259982637627,16.682810579856888,-0.98023367
C81616,34.478795449280604,-9.570347256665677,-0.3599212
C81617,-21.754101315039286,105.35279278433494,-0.3770727
C81627,-197.7930808559427,-72.13381593378949,-0.3770727
C81629,-269.0181435948734,-132.5028444580937,-0.3770727
C81633,-367.4294117721624,-71.40916139036226,-0.3770727
C81634,-28.73062289740422,51.88837849488362,0.60949576
C81638,11.745054156521602,94.2051915357108,-0.66578954
C81640,-152.28823068828777,31.390684269874562,-0.98023367
C81642,-116.3911934912669,59.576342175554224,0.36866012
C81647,242.50269286676473,86.91999466038726,0.7795814
C81648,-204.42756972716586,52.473575163445155,-0.3599212
C81649,476.71764642964894,167.45242057293723,-0.36849695
C81652,-153.3995910912594,51.40764101061058,-0.3599212
C81653,-210.26562895069853,-1.0399502048938873,-0.3599212
C81654,-76.51904317941192,-1.2968113190503578,-0.3732959
C81655,152.35655246649011,56.14854707195286,-0.66578954
C81658,49.05073511305188,132.35671083387285,0.7795814
C81660,-118.32674883510367,21.077382767747764,-0.98023367
C81661,-53.22616196203154,-10.714141783452344,0.7795814
C81662,481.27562141523146,182.02620843441466,-0.66578954
C81665,146.58663325317661,-57.54500310059116,-0.3770727
C81667,-484.8724818933637,-7.831576020174257,-0.36850905
C81680,-518.939677797743,-29.472262086999553,-0.37707272
C82001,630.3393620237081,443.2258787420827,2.130262
C82002,224.916010755026,34.532785383398206,1.4445592
C82003,536.6125860298688,141.25056034650137,-1.1538926
C82005,479.3553284032059,28.39509675459357,-1.1538926
C82007,532.7485844313536,139.9035160778426,0.36866012
C82008,775.1985789411233,249.98180574535803,1.860483
C82009,2389.811519470463,310.6038331344465,2.130262
C82010,1175.7036779447646,49.505591948778324,2.0030549
C82011,476.9259299727701,81.75706855863653,1.3173523
C82012,771.2841200731565,106.20359412567107,1.0561494
C82013,663.7276238077247,151.91363458230626,1.4445592
C82014,1000.0529525076079,125.0515797084628,1.0561494
C82015,-291.445409318432,-63.491150443245225,-1.1666429
C82016,207.71343039764696,100.29012220456829,1.3345038
C82017,1036.0281605118153,89.18611367078215,1.0561494
C82018,1993.1465782220207,277.99027479145343,-1.1538926
C82019,307.39883640169063,106.8445547940054,-1.1538926
C82020,145.649826901254,124.69908912306322,-1.1538926
C82021,280.3688518906402,19.233944443571925,1.4445592
C82022,149.2814520692513,89.45002329165935,2.130262
C82023,-117.27652989054256,-81.48210782920492,-1.1692168
C82024,1099.0717854766783,-351.47891420280934,-1.1538926
C82025,307.0445902666937,-0.588649882733977,1.860483
C82026,356.1918060906504,55.60610308213494,1.3173523
C82027,401.81774420447954,105.92839898500371,1.860483
C82028,388.6281209509401,69.59624120423145,1.860483
C82029,994.6399557004216,233.8016132090611,1.4445592
C82030,50.035574484235575,46.83316337780997,1.4445592
C82031,642.4496912447646,44.7926629507392,-1.1538926
C82032,61.449253319262496,30.790480986984218,-1.1538926
C82033,683.241355158329,134.68558992239343,-1.1538926
C82034,97.97412295859118,59.36606544799383,1.3173523
C82035,174.96613444450824,51.89175154618792,1.3173523
C82036,1136.9737328456436,224.7532502911899,2.126164
C82037,551.4631028599803,-148.8081488197402,-1.1538926
C82038,2539.814505555119,32.29371148411238,1.3345038
C82039,416.5680739052215,-28.745664368991562,1.860483
C82040,318.661126440508,77.62313496944522,0.36866012
C82041,768.9104805423837,248.6530403506983,1.3173523
C82042,578.2164371301479,139.20387328782792,1.3173523
C82043,1041.2493182442956,112.78212937362447,1.4016805
C82044,289.7301588257237,94.47360555044776,2.0030549
C82045,281.09323233768305,61.72976539174428,1.0561494
C82046,1622.0406868926113,531.8859655746504,-1.1538926
C82047,1005.1619516040985,309.07308993940063,1.4016805
C82048,-185.4990593324039,15.896185955880398,1.4445592
C82050,1077.935086034691,552.5916357239838,1.0561494
C82051,717.5881094472754,143.4724786466542,1.4016805
C82052,-82.77823508680598,46.27703307734183,1.0561494
C82053,1030.7299185884422,276.0553191009829,-1.1538926
C82054,892.456371834732,313.1485255217217,1.4016805
C82055,735.4829075540628,42.96314960321519,1.860483
C82056,683.762375540284,111.30433373962799,-1.1538926
C82058,-84.37912804381466,-146.84483929901774,-1.1710441
C82059,-348.4522741303745,-8.4081688017651,-1.1538926
C82060,-40.29329480086206,28.552997974217956,-1.1538926
C82061,994.9104336003256,382.97055587230085,1.4016805
C82062,169.6658118402916,74.08800463068752,1.3173523
C82063,856.7646439874945,-50.553878338012495,-1.1538926
C82064,747.6515531766673,139.39868211417254,1.0561494
C82065,-363.2310483285141,-10.740314504533307,-1.1710441
C82066,622.3711038114617,66.24842200151427,1.860483
C82067,151.01424996828234,-0.4613149648743882,1.4445592
C82068,873.8954645811459,-4.191993509033273,1.860483
C82070,400.1673741822466,64.21704517471302,1.3173523
C82071,697.7010202718126,320.10584538950184,1.4445592
C82072,374.1985511387047,-80.65025816045431,1.0561494
C82073,1140.0626816854292,63.78824371950719,-1.1538926
C82075,613.3623411223042,106.93679495078538,1.4016805
C82076,-1.5735705284039654,116.13596885382792,1.3345038
C82077,784.8564460138258,184.5113184714178,-0.49391726
C82078,455.99958507675774,143.14134760074955,1.3173523
C82079,406.92667635462897,-28.851998412097583,1.4445592
C82080,-60.728595926897896,-0.3646706770930349,-1.1538926
C82081,-283.2758549748649,-30.981935405488457,-1.1710441
C82082,248.8704786647073,53.54155300724182,1.4016805
C82084,-234.63500288058833,9.99157699109867,-1.1538926
C82085,-1014.3951839599774,-686.9072412029631,1.860483
C82086,257.7772305549862,23.196827894961366,-1.1538926
C82088,381.5510535062157,-169.94414865751273,-1.1538926
C82091,453.1387040453104,46.11475287813941,-1.1538926
C82092,-199.30748767850798,39.369220537161134,-1.1533675
C82093,478.6084411260927,41.65174903686279,1.860483
C82094,283.4386621622679,-17.12407862003461,-1.1538926
C82095,307.1081062638333,165.2109204534232,1.3173523
C82096,503.65501771816173,140.17989564142286,1.0561494
C82097,-385.9825071369227,1.860676761914257,1.3173523
C82098,292.04502925795987,63.04129409425647,1.860483
C82099,-81.72611109694766,45.1964308962597,-1.1538926
C82100,449.1145510637549,149.8488236973546,-1.1538926
C82102,-68.49295347222909,-19.267586317969354,1.0561494
C82103,378.1995539469353,116.7299451361333,1.3173523
C82105,-377.58405851876233,-44.39130197735264,-1.1538926
C82106,-155.14187739564505,21.5674223439749,1.0304221
C82107,185.56383177882856,200.23571603714402,-1.1538926
C82108,-323.51363362240664,-170.66062689871845,1.4274077
C82109,-84.24307508389907,35.97550344089253,1.4445592
C82111,-292.41678489972605,35.38451753712324,1.3173523
C82112,-107.93414038360845,-39.66567406981344,1.4445592
C82114,-278.6293733615673,3.6192289418226213,-1.1538926
C82116,-151.4203691157688,-71.05101440372627,-1.1538926
C82119,-253.01109312302128,-44.12043658738402,-1.1538926
C82120,-171.5230177633611,26.00088132980254,1.0561494
C82121,852.8776549896799,186.8276625525344,1.4016805
C82122,-43.163163673885066,52.25305479584598,-1.1538926
C82123,-135.37861386401917,102.01414329307363,1.3057103
C82124,-29.29379951132129,150.17832470295644,-1.1538926
C82600,-51.15327078462671,42.449941740750646,1.3173523
C82610,-98.4780443318003,50.80285844577926,-1.1538926
C82611,26.27195997235173,37.35893693814922,1.860483
C82614,-110.70550286268926,48.69508473142252,1.4445592
C82620,-304.0246629730535,5.804757483209551,-1.1538926
C82623,-122.76838748007418,64.27799330488213,-1.1538926
C82624,217.2096626523894,-28.578802903954838,-1.1538926
C82625,-380.557917068269,-131.62673491950179,-1.1710441
C82626,-254.25161423986938,-5.876282179520598,-1.1538926
C82627,-79.62147116569413,16.202977859244623,-1.1538926
C82628,-219.60494635298653,39.2841824195491,1.860483
C82631,6.932974721630832,41.31809449284538,1.860483
C82634,-197.60948463902312,37.66867053451368,1.860483
C82639,51.34136703440486,82.13700950523938,-1.1538926
C82641,-306.5444462795615,18.99935638323949,1.4274077
C82642,241.89425803051512,-283.348784392486,-1.1538926
C82643,418.6042164709498,-66.14322164517004,-1.1538926
C82644,-124.41126368843503,56.18529468720698,1.3173523
C82649,-63.5060683441056,110.58606277519797,2.0030549
C82650,-37.59413620939683,79.79614792651519,1.860483
C82651,-245.94294778791937,-38.525747791936105,-1.1538926
C82653,-319.705318930556,-25.56560088382158,-1.1538926
C82655,-302.8037566968732,12.461014094087345,1.0304221
C82656,-140.6998871522581,55.439223278763485,1.0561494
C82657,-365.0097673318553,15.865376931630736,1.3162519
C82659,-277.72488251250553,22.610638734917583,-1.1538926
C82660,95.31869087544096,-25.15823727626955,-1.1538926
C82662,-241.8612731681651,23.020826390321623,-1.1538926
C82663,-105.49282476993604,53.41965678143885,1.0561494
C82667,371.48339598925634,-56.52622683871457,-1.1538926
C82669,-134.24690432722838,43.82944108971464,-1.1538926
C82670,-319.29495057391273,22.45170129058708,-1.1538926
C82671,-231.50915823257952,34.16587520962304,-1.1538926
C82676,153.14921425179438,87.80227002445636,1.4445592
C82678,315.5792546295543,100.83341253935728,-1.1538926
C82680,-35.06683157088797,92.42199049940392,-1.1538926
C83001,506.5932870825356,77.59093654064348,-0.7501178
C83002,451.1052017647822,101.6058200372664,1.633583
C83003,1435.0464458754893,261.3964316168466,0.19857442
C83004,425.7733165622687,74.86598847184459,-0.54215586
C83005,729.646976503951,153.91744961521468,-0.9630822
C83006,258.6297852754821,107.71277381790387,-0.956707
C83007,2096.662866569834,1109.1807957127512,2.0030549
C83008,227.7716160715869,-18.287604631354743,1.1815696
C83009,931.8827721544857,292.60541065856467,-0.7501178
C83010,563.6395854627524,186.92615839655443,-0.54215586
C83011,594.1250745916899,135.94724157281777,1.633583
C83013,439.4084554570777,20.8912902104416,1.633583
C83014,835.8160282276432,185.8691542651865,-0.7501178
C83015,753.5305673272914,26.69200481095797,-0.54215586
C83016,-195.9053091591982,15.53429083985416,-0.78909576
C83017,741.1318625685542,-53.56029995975009,1.9706513
C83018,1138.2258613044703,535.7489877023497,-0.060841966
C83019,4464.091857964739,539.0442247764868,-0.9630822
C83020,560.9740312990723,93.49659161465348,1.633583
C83021,-231.72800450027555,-52.51528307759019,-0.95450646
C83022,1828.8432688989249,46.327563316342996,0.19857442
C83023,1899.3053554332969,235.79854882309408,1.633583
C83024,-84.2481784036538,-5.058792752510629,1.1815696
C83025,574.1342379901944,260.63699480157914,-0.7501178
C83026,2404.263760107157,403.0440412841204,-0.71045494
C83027,760.9286356711565,170.53113848687477,-0.9630822
C83028,627.5529379378087,109.8512204725919,0.19857442
C83029,201.2540370298053,3.0602108096622582,-0.7501178
C83030,391.39715073757765,97.15536574631558,-0.54215586
C83031,1412.8454773130416,289.5626993170561,-0.7501178
C83032,642.4686186721464,157.0903842875189,-0.9630822
C83033,85.38106608815232,82.97998326557884,0.12996843
C83035,915.1490897719975,129.08724517028384,1.1815696
C83036,781.5716943464354,350.777435910877,-0.54215586
C83037,673.4281840763031,138.76736098658958,0.34471947
C83038,597.9258264635655,59.394421298249576,-0.7501178
C83039,478.81161721000643,84.87198851451303,0.19857442
C83040,1488.6657753356458,216.99480828654873,1.1815696
C83041,356.68821613807165,93.88186484712406,-0.7501178
C83042,591.447648645538,161.8299557876649,-0.9630822
C83043,1096.6629512151308,148.92511170076904,0.34471947
C83044,1013.3115740196858,246.717902613364,-0.060841966
C83045,1832.5121874750619,566.62230253196,-0.9630822
C83046,229.48051178800537,27.11709774740446,-0.7501178
C83047,492.77879640406456,111.92738622128945,-0.5755655
C83048,959.9941546889625,196.9389562201544,1.1815696
C83049,539.4729491446747,65.82426916678963,-0.54215586
C83051,354.0111326610906,238.36153978408072,-0.7501178
C83052,-34.844033142868376,-11.456509385608555,0.34471947
C83053,-259.0046662203541,-6.015805038383562,1.1815696
C83054,848.522932097702,141.0656534781084,1.1815696
C83055,314.54651549056643,203.90425720999525,-0.54215586
C83056,1755.9506389615306,430.5018698388671,-0.9630822
C83057,288.8068520097568,158.22534521926192,-0.54215586
C83058,340.89721901249163,70.51449853293568,-0.7501178
C83059,427.73098514963397,26.191876828248553,-0.54215586
C83060,857.0387997815153,545.1160233343633,-0.54215586
C83061,891.5188932599424,214.0186733565015,-0.59361035
C83062,202.44294486853596,237.5074874099877,1.633583
C83063,2046.126354734784,213.420413395253,0.19857442
C83064,3772.1006328159892,600.978610694578,-0.9630822
C83065,467.6197062716338,100.79375481001789,0.19857442
C83067,232.22787187710063,99.26573965253559,1.3345038
C83068,-149.3267617411481,37.86616976771165,1.9758807
C83071,534.872015765816,79.7032742095816,-0.7501178
C83072,700.2061993392622,96.5934756849268,-0.7501178
C83073,10.368056987389112,-6.552771234971489,-0.7501178
C83074,113.48218763630989,110.46316338502139,-0.7501178
C83075,242.78558209764338,77.30496248055411,1.1815696
C83078,556.8768205633955,179.5464109196635,-0.7501178
C83079,-20.39257397418379,80.3148874096848,-0.7501178
C83080,88.74415935168243,41.86512061146853,1.1815696
C83081,-292.27610606753495,-164.47549251051393,-0.81014806
C83082,586.3257141880324,48.63815852927686,-0.7501178
C83083,803.1011389878422,120.04069328712731,-0.54215586
C83085,1461.0428705558886,485.88694399781303,-0.9630822
C83605,-124.34689871230904,74.62825513187656,-0.95585984
C83611,286.5438094481504,149.32738875014374,-0.7501178
C83613,325.04517220706015,94.90457662741578,-0.59361035
C83614,88.62564354494779,11.94884737228863,-0.54215586
C83615,-230.03289374424847,-77.98008908538789,-0.810148
C83617,373.7282806724689,114.81083566545081,-0.71045494
C83626,202.03302789555022,164.8131593094845,-0.7501178
C83628,-327.9812404412669,34.79513040846972,1.3079388
C83631,-208.0127121638815,-76.27134121218626,0.19857442
C83633,15.703045228178345,97.24591278825241,0.16061679
C83634,128.59410316053481,114.8563946933511,-0.54215586
C83635,363.4507966008345,130.57019591231062,-0.54215586
C83637,315.78175380391605,19.911942815854697,-0.7501178
C83641,220.1339238650911,162.20228859221592,-0.7501178
C83643,-49.819608660487226,-60.72835753269437,-0.59361035
C83644,-186.0889771223853,-160.9948960349538,-0.052266218
C83649,98.92402678528974,151.90192080371926,1.1815696
C83650,172.68663380449436,87.9619687501048,0.34471947
C83652,-314.03436931570656,-67.71914196607894,-0.7976726
C83653,-270.5220081055788,59.962336314805626,1.3345038
C83655,-291.76929994492195,-60.05738399301635,1.6078558
C83656,-408.59594130556496,-41.16131540134697,-0.81014794
C84001,4052.1328813748237,615.4774479434826,-0.060841966
C84002,824.872207300694,-28.089154512432025,1.1127913
C84003,-136.80892242284253,-123.15362420066154,-1.2071337
C84004,554.5397821821205,264.63794556752725,-1.2071337
C84005,714.688837177028,140.43440247422174,1.3173523
C84008,78.61883426554705,-3.957141998165784,0.3997472
C84009,818.1039373215042,191.43239070173775,0.3997472
C84010,744.9433975286586,155.31035197609523,0.9478805
C84011,424.31867278323597,20.964462638248488,-1.2071337
C84012,1509.3762350145387,240.4951920822125,-0.5746722
C84013,1214.3316202238464,592.3932968526925,-0.060841966
C84014,738.8214339775756,117.68632270877093,-0.5746722
C84016,1508.8534281996563,-87.00927508525956,-0.6743653
C84017,2036.5366146596505,206.74013138237285,2.202441
C84018,689.6723220704309,230.4403775921565,-1.2071337
C84019,1073.202019451134,6.487957924644392,0.3997472
C84020,249.37634688789987,50.7903385833749,-0.6743653
C84021,1178.7373569431252,274.1601532717411,0.3997472
C84023,43.076177761630916,46.65653753372192,-1.2071337
C84024,3537.051301682961,402.9861253547422,-0.6743653
C84025,154.10333773039932,71.81852715416451,2.202441
C84026,813.8328811262633,166.36511208502017,0.9478805
C84028,-17.199065438440147,12.992424836567137,-1.2071337
C84029,1770.2854695740684,69.07658978155713,0.3997472
C84030,230.40001939655073,94.8993999521829,-1.2071337
C84031,-84.32688135422417,18.173464262915893,-0.6743653
C84032,1109.6346331356372,631.3916797305101,1.1283286
C84033,402.82886754661365,-47.004896818065205,0.9478805
C84034,902.5715709813493,153.83908688085776,-1.2071337
C84035,591.3523683672253,156.680060191182,-0.060841966
C84036,1909.3419988420992,731.8456977798452,-0.6743653
C84037,745.2917456255088,14.650113197937683,0.9478805
C84039,336.09096113605995,167.65304156626027,-1.2071337
C84042,199.8445853859357,25.692907584981807,1.1283286
C84043,895.4266579472485,217.77842554197855,-1.2071337
C84044,84.76779543213335,145.91961968903783,1.1283286
C84045,376.99537488150696,92.59655281535814,0.3997472
C84046,852.5942020036971,52.682867304285416,-1.2071337
C84047,738.8766341300045,128.4046054823555,0.9478805
C84048,526.986146723838,29.668430430109083,2.202441
C84049,985.2636346814832,201.0536165452619,0.3997472
C84051,1849.7635714991068,748.6229954285769,-0.6743653
C84052,278.8056339439564,30.715099963382386,-0.055273686
C84053,1377.1105881477956,22.62056329650045,1.1283286
C84055,617.2816982600659,4.399299017453817,0.9478805
C84057,-35.06465351832906,50.30909678105445,-0.66578954
C84059,1637.33318738528,498.16257614511494,-0.6743653
C84060,568.9985327991151,102.93911040352774,-1.2071337
C84061,248.9006345401219,87.55998940875999,-0.5746722
C84063,465.86843621783174,205.7668192003673,-1.2071337
C84064,519.7823493874583,156.21473313933785,-1.2071337
C84065,175.8531583127074,65.51013767302196,1.1283286
C84066,462.4523031421181,62.197900876428704,0.9478805
C84067,423.5994302973789,51.646536298793244,-0.5746722
C84069,1086.601822008805,205.9820478982464,-0.6743653
C84072,748.7534377088872,169.70418150301828,-1.2071337
C84074,184.2559627492462,60.81794810623927,-0.5746722
C84076,74.14056396681028,117.53927254526874,-0.5746722
C84077,731.7774823394058,84.0214822258983,-0.5746722
C84078,958.605555805381,102.02693433984425,-1.2071337
C84080,310.21769162608206,121.8587834609652,-1.2071337
C84081,588.7552087002139,56.04406931861431,-1.2071337
C84082,-546.1566061582477,-149.10677065822765,1.2830493
C84084,329.88646070185246,29.690627694357534,2.202441
C84085,254.65893441401218,108.9649490159085,-1.2071337
C84086,420.6251767884552,200.07831382274486,-1.2071337
C84087,280.04143555296923,63.44641342253975,-0.6743653
C84090,50.80787096954715,35.297175517657855,-1.2071337
C84091,545.7349062523011,106.25434355497417,-1.2071337
C84092,61.031826614242895,68.00328097652617,-1.2071337
C84094,1621.1756459871845,794.9363643551145,-0.060841966
C84095,228.4177518890837,144.0049250451943,0.9478805
C84096,49.16793741061155,-26.192059403470363,-1.2071337
C84101,-218.12917860087848,41.99443101639557,-0.060841966
C84103,25.54624355567291,-68.9787326033887,-1.2071337
C84104,-323.6814380428026,13.850765629982947,-1.2071337
C84105,355.6738966885201,97.63369406053567,-1.2071337
C84106,634.5814675387867,107.39573978007218,-0.6743653
C84107,249.2683893756706,-61.87113568129038,1.1283286
C84112,-239.48537090451578,40.49638255324433,1.1283286
C84113,152.75216012608593,8.623442294464242,-0.6743653
C84114,580.0698232913218,400.87369628379093,-0.5746722
C84115,-118.48128604458373,54.551562797493105,0.9478805
C84116,542.9771190783832,82.99431909860128,-1.2071337
C84117,-44.78208113849975,69.76188198012585,-1.2071337
C84120,574.7729111937022,82.72951255988235,1.1283286
C84121,-401.00061495473307,-194.92894760823114,-0.55752075
C84122,170.6366724013844,104.33519923973141,-1.2071337
C84123,-79.01592873359637,1.2292788252284776,0.3997472
C84124,777.4088521310937,-77.45974339017714,-0.57412195
C84125,-201.97028835973774,-35.61207386317509,2.1879964
C84127,263.889725875881,74.28353135501824,-0.6743653
C84129,246.3402781498685,108.01551396043281,0.9478805
C84131,210.61903024075056,88.83731743663304,1.1283286
C84133,79.05963843525181,53.68321276627669,-1.2071337
C84135,3.543827260457848,39.09372270291912,0.9478805
C84136,-80.8990870540917,37.41669585926816,-1.2071337
C84138,-107.0163881742274,70.1621050902243,-1.2071337
C84140,590.8009040904911,34.62637113549737,-0.5746722
C84141,-652.5203123642058,-341.2508663683259,-1.2071337
C84142,195.13011968888983,51.57347242991097,-0.5746722
C84143,291.0782980202222,60.00466236183011,-0.052266218
C84144,-46.42218106547871,1.4258785034893653,-1.2071337
C84145,-416.8713730752517,-27.50833334607021,-1.2071337
C84146,-58.90496649713621,62.556451399529905,-1.2071337
C84149,-123.55860457541449,-48.43697358703678,-1.2071337
C84150,-109.0443213664622,5.383251427487844,0.9478805
C84151,-328.09568870838774,-5.089405416799343,-1.2071337
C84602,-371.73735305315296,-16.96164935251824,-1.2071337
C84605,825.9919102447716,616.5127113842652,-1.2071337
C84612,-195.72937803291097,-7.75828616917858,0.92215323
C84613,-262.09404371113214,27.656226689109452,0.9478805
C84619,145.9471640072663,37.04261340577626,-1.2071337
C84621,-195.73119036261022,51.70177292503763,-1.2071337
C84624,-55.31159828053154,9.30373994244481,1.1283286
C84628,-98.51090673259947,-39.91921056346062,-1.2071337
C84629,258.0439772529248,47.81329211218305,-0.5746722
C84632,-248.44833441569136,-112.87730907676375,-1.2071337
C84633,-323.2666227481023,22.765667342566548,-1.2071337
C84635,-304.4344623248776,-5.433925610932064,1.1026013
C84636,-244.50779630644638,4.399331825384477,0.92215323
C84637,355.7237566662805,19.61114063863253,-0.6743653
C84646,-82.45987865400747,102.75890241566256,2.202441
C84647,-304.7176724318347,-25.41485717938528,1.1283286
C84648,-40.509219563011705,-39.85322180823996,0.4168987
C84650,-272.29030315088755,-12.134932437024663,-1.2071337
C84654,-13.180615751420099,8.311498911738939,-0.5746722
C84656,-94.06619375981977,13.919061321335011,-0.6743653
C84658,572.2551878302629,-38.523235202428175,-0.6743653
C84660,-94.82909044625937,42.97174624427398,0.3997472
C84664,-147.0485281652468,24.94796343667634,-1.2071337
C84666,-217.84713727150822,9.38820252791371,-1.2071337
C84667,27.620578223703394,76.27210753769035,1.1283286
C84672,-65.64423101962163,-15.57681587810481,-1.2071337
C84674,-192.90992596116976,-15.8353070323189,-1.2071337
C84675,-399.888515225198,-138.75556706045174,-0.66578954
C84676,-118.03216589518871,84.99013891128662,-1.2071337
C84678,14.73687314405286,15.97032326163817,0.41689867
C84679,-76.28275983473564,41.66609204852113,-0.6743653
C84680,-51.42898096340318,-2.1061434673224984,1.1283286
C84682,-220.59266878414581,12.683095699755066,-1.2071337
C84683,787.3866325257359,209.06504613098767,-1.2071337
C84688,762.5348781910294,-8.011383614738548,1.1258017
C84691,252.79064181611244,41.34293737672194,-1.2071337
C84692,-68.34830743487863,51.88282199597049,-0.060841966
C84693,-1.8618070616017148,39.5869119997365,-1.2071337
C84694,-145.5618999418919,-27.61084679346086,-1.2071337
C84695,-1.1982233149899455,60.439065789612975,-1.2071337
C84696,-52.67312260180951,36.21361243685493,0.9478805
C84698,10.4855606266879,-9.95568544451657,1.1275032
C84700,-277.58147588401255,-159.47012501229617,-0.052266218
C84703,-27.827384243938244,41.161226644361435,-1.2071337
C84704,130.65924044595886,29.018144464525008,-1.2071337
C84705,2.41832881791026,140.2495875470175,1.1283286
C84706,-374.9366944076093,-68.14733668967672,-1.2071337
C84709,443.0116562818726,276.6851236840587,0.9478805
C84710,-58.81625232160475,27.23889673245301,-0.6743653
C84712,-88.77430636893259,-11.354775298334824,-0.56654316
C84714,-394.65022397684487,-2.2607619120927236,-1.2071337
C84717,-19.581828084734962,83.59089503236439,-1.2071337
C84718,48.684845153098955,-3.98560893125341,-0.55752075
C84720,-467.1402906303576,3.6880465292848745,-1.2071337
C84721,-473.23180857705273,-2.069629467712303,-1.2071337
C85001,470.6248891228576,91.31349175471536,-0.66400295
C85003,1192.284063869487,305.4769775801805,-0.9184168
C85004,1751.83212354321,306.5715100755298,-0.9184168
C85005,779.013362336066,162.44052745033733,-0.5385826
C85006,211.2097796955177,15.49710198194434,-0.9184168
C85007,1816.6091376486545,469.9834456868873,-0.9184168
C85008,1651.453492004966,316.4642832614957,-0.9184168
C85009,543.8299824951057,200.01158899453398,-0.9184168
C85010,1753.2237477704293,934.6750170108697,-0.9184168
C85012,-98.78715862684257,-39.260264666904696,-0.52143115
C85013,1606.6857859676352,477.4109074126581,-0.5385826
C85014,1084.3549586820868,155.97315642307836,-0.5385826
C85015,274.50860606971133,35.209338085916464,-0.91841674
C85016,1545.7520027865512,298.00621994797643,-0.5385826
C85017,1794.8104807393418,652.389630436666,-0.9184168
C85018,768.6911992909229,217.95588162687045,-0.5385826
C85019,365.9071764966899,279.3514677019593,-0.9184168
C85020,1637.8755139461268,364.8089690578397,-0.9184168
C85022,1591.116669420043,651.3648115544937,-0.9184168
C85023,1784.4258228559886,763.8043732458485,-0.66400295
C85024,213.38527021832286,122.39503792732661,-0.5385826
C85026,276.72932841000784,-75.8795829211382,-0.9184168
C85028,137.22823444265578,-28.024691992350192,-0.5385826
C85030,1180.1517440753046,266.83380188507005,-0.5385826
C85033,893.248008519714,244.016123675263,-0.9184168
C85609,-227.98253500945575,14.001707657770561,-0.6297
C85614,-41.218525530083504,44.133014949629036,-0.9184168
C85617,-78.13763480695711,-98.98861716036953,-0.62969995
C85619,499.03966271455704,229.39554104471307,-0.9184168
C85622,-175.7032906952201,36.812435003856855,-0.5385826
C85623,-153.1257980964178,16.369045255607887,-0.9184168
C85624,-146.29971441892076,-108.20223713241465,-0.91841686
C85627,-92.01619874028803,-181.8556815062055,-0.52143115
C85628,-331.0158704280695,-6.982346843263853,-0.5385826
C86001,2388.487868236318,643.3774420232611,-0.7997857
C86002,558.1521442888015,16.706076143703978,-0.7997857
C86003,1114.4783948691093,-96.93281780057814,-0.7997857
C86005,796.547170345806,16.481908699245352,-0.66400295
C86006,1021.8996986961772,128.43984906032057,-0.7997857
C86007,1011.1390164862715,255.8957024160747,-0.7997857
C86009,635.1075449980972,107.80466842990958,-0.060841966
C86011,1407.196929803056,268.24150693816034,-0.7997857
C86012,157.25959450543596,105.11501109692631,-0.7997857
C86013,1154.8590141683728,27.19829463250829,-0.7997857
C86014,524.6835095150743,9.050672140566244,-0.78308076
C86015,798.670606951136,101.49457506524409,-0.7997857
C86016,1000.0288026393702,216.07951761533124,-0.7997857
C86017,908.4954828440624,152.83243080242497,-0.7997857
C86018,1153.0149211265273,-8.384662299825271,-0.7997857
C86019,1499.1490191216556,213.85536361600975,-0.7997857
C86020,1147.9373353103174,94.77923883341674,-0.7997857
C86021,668.0233914045313,60.056490924526045,-0.7997857
C86022,913.274777756356,255.7079754950684,-0.7997857
C86023,711.5818296788394,137.39928953102628,-0.7997857
C86024,1425.1795907586718,232.561076545901,-0.66400295
C86025,661.9488206219048,-35.826409214988914,-0.7997857
C86026,343.45002257836114,-74.87238277715332,-0.7997857
C86029,1415.0001859261863,142.3031989602054,-0.7997857
C86030,-167.81694491014522,19.56943633663779,-0.7806601
C86032,253.20732534925716,33.84506546827542,-0.7997857
C86033,451.76765710427037,128.23284357943106,-0.7997857
C86034,1000.9655404904726,234.7754085224934,-0.66400295
C86037,1144.6714197524561,174.3223977376386,-0.7997857
C86038,780.505701192033,130.72953747631618,-0.7997857
C86039,201.0611666656993,126.29899126662603,-0.7842485
C86605,544.1693799889042,-40.949455168516806,-0.7997857
C86606,-175.30302758197658,54.62679069018938,-0.66400295
C86609,175.8186163801136,322.3974245330361,-0.7997857
C86611,402.64602659726097,107.80866829825825,-0.7997857
C86612,-93.53089796938366,-58.80987759561756,-0.7740584
C86613,151.40862643701132,164.55960124445835,-0.7997857
C86614,1286.320558301713,591.0728509012552,-0.7997857
C86616,387.78829341090363,-93.29862549755353,-0.66400295
C86621,504.8841670593273,-14.288140341700693,-0.7997857
C86623,-195.26966255506633,9.950583023974113,-0.7997857
C86625,-151.78600195925713,-1.9143543898781914,-0.66400295
C86626,-242.74209945323105,10.552450789291338,-0.7997857
C87002,2478.3393936876996,596.5010902937828,-0.66400295
C87003,1597.7967903617784,-0.806566842796867,-0.66400295
C87004,1211.0321221573377,133.46125866123919,-0.66400295
C87005,2495.6025222508506,401.82881043130993,-0.66400295
C87006,1748.3923974880483,804.6547477284381,-0.66400295
C87007,1165.2290245964134,439.9106888849921,-0.66400295
C87008,1690.294062984582,362.2920217408032,-0.66400295
C87009,766.7724790925063,301.59127970351653,-0.66400295
C87010,180.54333186269227,-68.66415243071854,-0.66400295
C87012,1224.6146192337205,126.07511345060793,-0.66400295
C87013,584.672012157192,40.4912801474024,-0.66400295
C87014,383.8871754165716,92.3493777555151,-0.66400295
C87015,506.7247252189821,136.903598532447,-0.66400295
C87016,883.7007984142251,133.34344585790754,-0.66400295
C87017,1658.64119048487,229.37185154182652,-0.66400295
C87018,630.7192145465152,147.4752000458674,-0.66400295
C87020,450.78331374721506,176.4408183763042,-0.66400295
C87022,865.8176816833195,95.23605730156477,-0.66400295
C87023,1.9537116935975796,33.31030465322751,-0.6368288
C87024,61.1107789257628,4.0189157208986455,-0.66400295
C87029,1249.5750067318859,340.42351048520777,-0.66400295
C87030,900.0408548209539,209.990299805481,-0.66400295
C87031,191.71112055314418,55.959652137595626,-0.66400295
C87603,41.27459573952475,133.1294452277603,-0.66400295
C87604,312.4256002299289,59.00458760226131,-0.26880386
C87606,-169.00833731464147,24.20543321042148,-0.66400295
C87608,90.58679354879962,27.225594722977203,-0.66400295
C87609,-39.54626164803688,46.016491387118194,-0.62969995
C87610,-149.50927509413688,-24.416706597185016,-0.62969995
C87612,-354.71789369882407,-59.82900587779622,-0.6297
C87616,604.9138717163147,188.90952391566017,-0.66400295
C87617,-200.72057572186625,37.27648420728819,-0.6296999
C87620,589.2110271494481,188.39705117363903,-0.66400295
C87621,-225.43455269251248,-9.065482104624603,-0.66400295
C87622,575.401082941496,736.5749777651337,-0.66400295
C88005,499.3904990529041,95.22466504591196,-0.26880386
C88006,380.9540670394736,39.85458145500989,-0.26880386
C88007,524.7250492861659,119.56043176597127,-0.26880386
C88008,859.384499534485,230.15088310662088,-0.26880386
C88009,499.4230251115991,36.422778640842665,-0.26880386
C88010,1796.84816914399,146.79472802825265,-0.26880386
C88011,392.3662853960574,42.125930524888844,-0.26880386
C88013,-321.9929818306918,-155.7710864736224,-0.62969995
C88014,1009.767570160962,161.432389594911,-0.26880386
C88015,876.543015710108,497.7951645018695,-0.36849695
C88016,580.5110883299469,39.53706735073062,-0.26880386
C88018,499.9006626531979,95.14056595217761,-0.26880386
C88019,691.3564954247391,72.80346637628473,-0.26880386
C88020,716.1633852498171,27.673867346846905,-0.36849695
C88021,359.56372234060666,62.12728133175705,-0.26880386
C88022,177.26363190662371,101.67093212574694,-0.36849695
C88023,743.0119085713889,-29.40896703012326,-0.66400295
C88024,269.98350303846,23.10177300173176,-0.26880386
C88025,693.5031912461345,54.005914327843406,-0.36849695
C88026,1217.6014205562833,172.67245228192044,-0.26880386
C88027,314.87630093551974,107.25709187608568,-0.26880386
C88028,78.18646470076722,81.65763501356287,-0.26880386
C88030,312.51356222527767,67.12421536184797,-0.26880386
C88031,792.2452897274848,154.77363648767246,-0.26880386
C88032,121.58073813395852,93.92709685245802,-0.36849695
C88033,513.6546552939452,150.37083346096205,-0.26880386
C88034,305.1705606350555,41.260737934441245,-0.26880386
C88035,775.3662587218746,202.2437796392198,-0.26880386
C88036,758.7193121117606,175.94527612265946,-0.66400295
C88037,1136.7872652829128,436.0758684064772,-0.26880386
C88038,678.490895703332,-50.72784667381618,-0.26880386
C88039,826.6401558590521,142.02715372051986,-0.26880386
C88040,195.67323601098883,32.76100673495603,-0.26880386
C88041,496.70734984098794,178.4835950959623,-0.26880386
C88042,290.6774682658206,-157.72650634162443,-0.26880386
C88043,611.8727749562752,62.58734289451585,-0.26880386
C88044,-148.40906151051772,28.979652173857883,-0.26880386
C88045,614.1135887924622,128.50827194635454,-0.26880386
C88046,-135.01463923733618,12.260861351423719,-0.26880386
C88047,634.8651324662316,158.93174979014606,-0.26880386
C88048,515.6579351887992,87.40222074087718,-0.26880386
C88049,142.93989168994133,97.99782659144675,-0.26880386
C88050,167.19613192391893,67.61613447436594,-0.36849695
C88051,247.67595873492667,86.07999792645836,-0.26880386
C88052,268.5474881575804,207.21699574978715,-0.26880386
C88053,-190.05322803804577,52.8724398993514,-0.26880386
C88054,207.34161042702647,79.41081539726919,-0.26880386
C88057,-267.60760198220055,-29.878047478413553,-0.26880386
C88059,-167.72017564085232,87.39425884129868,-0.26880386
C88060,27.76445900433005,69.74017681158426,-0.26880386
C88061,-399.93242245104096,-50.660150487742406,-0.26880386
C88062,-118.90122340224575,40.31461115443487,-0.26880386
C88068,-217.07039630722116,22.18492797601805,-0.26880386
C88069,1711.2349419786851,391.3103942298884,-0.66400295
C88070,764.012883952003,143.16251581357756,-0.26880386
C88072,2032.3204508297115,194.90751610098286,-0.66400295
C88073,288.4858308903483,111.73316811444471,-0.26880386
C88074,222.26059890434885,42.65465768099206,-0.9184168
C88075,-76.11682056975899,-35.888696666415,-0.62969995
C88076,214.6640770910001,66.35847739480175,-0.26880386
C88077,75.22625698727681,46.35843585373569,-0.26880386
C88078,418.630315269837,97.88868984192088,-0.36849695
C88079,143.33707397893343,91.5400519757486,-0.26880386
C88082,-302.53943796457736,15.83903565208931,-0.26880386
C88083,-252.73728235275595,-9.597656835771899,-0.26880386
C88084,108.64674568677982,47.01423804371064,-0.66400295
C88085,681.86130649507,240.13371486320273,-0.36849695
C88086,169.09172026381017,55.485732516108136,-0.26880386
C88087,860.6979075203427,369.23593273593235,-0.26880386
C88088,679.6877146882102,196.54581618202627,-0.36849695
C88090,638.7950668279301,192.35548001872363,-0.26880386
C88091,-127.07558981107991,0.8287474625099753,-0.26880386
C88092,719.7169040110183,64.5130262274476,-0.9184168
C88095,50.2770886710217,46.08270392463495,-0.26880386
C88096,530.4928897365478,123.26995644854257,-0.36849695
C88622,-234.24238451591293,3.479317708797937,-0.26880386
C88626,-106.27727778140708,146.77573171350463,-0.3770727
C88627,-162.83505215816496,31.688862964069042,-0.26880386
C88631,-301.3329329085074,-1.6110803066339048,-0.26880386
C88638,-366.25329082821753,-28.933918703889315,-0.3770727
C88643,31.16686044138265,22.724460127541054,-0.26880386
C88647,217.98935664645316,256.8937386595599,-0.36849695
C88648,195.84135233450152,48.87832981557421,-0.66400295
C88652,-227.05055679276117,36.97261449148201,-0.26880386
C88653,-213.71087253012627,-118.23995302715838,-0.26880386
C88655,-323.00231232556825,-4.475449122963677,-0.66400295
C88656,-170.89380493334735,19.516669969484322,-0.26880386
C88662,-470.89189882094075,-21.84192839129113,-0.26880386
D81001,-54.34289416300902,44.09086723300928,1.1319017
D81002,371.7449231716738,88.9105161749,1.1319017
D81003,290.5205034278344,65.43378712926075,1.1319017
D81004,919.9509503887839,225.2173970967066,1.5735528
D81005,-47.693175547881125,63.70097927532562,1.1319017
D81006,868.143648740915,102.17677646505261,-0.7018792
D81007,796.593539501908,202.38122014483787,-0.7067452
D81008,2598.6564587981297,261.81025573082815,-0.71045494
D81009,106.33608825262549,-20.699999241152458,1.1470193
D81010,1037.086254714484,260.3103820374047,1.5735528
D81011,1494.826219599028,132.07929385823653,-0.71045494
D81012,435.32031771272153,39.32983819147687,1.1319017
D81013,106.19039303509638,91.27924450716691,1.1319017
D81014,1926.5720042517821,397.3379884914423,1.5424657
D81015,634.9301245654574,201.1056894200743,-0.71045494
D81016,540.3900967999768,150.30528378324811,1.1319017
D81017,-40.78421963934811,81.18521440737138,1.1319017
D81018,380.83799016831034,139.4216402734659,2.1320486
D81019,-89.91732975954723,4.073751681379138,-0.7067452
D81020,860.8230812640783,59.56363389632801,-0.70743144
D81021,972.196701599062,144.04224249163366,1.5424657
D81022,2775.459782582009,2455.05937403478,-0.71045494
D81023,1145.174762295268,238.9461168316446,-0.71045494
D81024,351.22585043668676,45.36427768090298,-0.7080881
D81025,521.7508732885937,106.25222380206718,1.1319017
D81026,2029.8420170603865,899.8511055340945,-0.71045494
D81027,367.7600569833026,107.8180283013912,1.5735528
D81028,470.92884996197176,113.84843281182341,1.1319017
D81029,795.2317116338052,84.59729808807936,-0.71045494
D81030,820.8756334364176,175.00049915368953,1.5735528
D81031,1096.843089894664,216.47004058824922,-0.71045494
D81032,808.4948006624123,-23.33642298390929,1.5757762
D81033,3.408318530552871,45.22653236071294,1.1319017
D81034,1410.2038985825825,-22.084517190865068,1.5424657
D81035,596.8718669468551,105.41490542211297,1.1319017
D81036,201.09040200615672,45.585391028436604,1.5424657
D81037,-234.78878926060102,16.918191840746495,1.1319017
D81038,162.20092015843466,98.25046103954867,0.39796057
D81039,423.6963704409288,124.80190214315294,-0.705656
D81040,-264.1214597633356,-38.70041090854355,-0.71045494
D81041,36.488956980965156,21.852461747103423,2.1320486
D81042,-20.352854468858467,65.5235811331313,1.1319017
D81043,3056.1257988392767,1699.4824578587188,2.1320486
D81044,776.6162425908966,116.04038822728842,1.1319017
D81045,480.99174116079683,123.0893733075589,1.5735528
D81046,1497.2348028453346,238.47022511028302,-0.71045494
D81047,359.43257440823163,25.518000849206647,1.6610968
D81048,416.8751870214196,-154.27867374821685,1.968752
D81049,598.1609530712709,81.68839369453299,1.5735528
D81050,939.7009798461668,55.83932338214859,1.5735528
D81051,394.16842593118275,28.268381683241564,1.5424657
D81052,691.804205299032,-165.03072405666197,-0.71045494
D81053,712.6405591644024,-113.46284070441018,-0.7098991
D81054,181.2523047444224,64.47740744490258,1.1319017
D81055,212.47681965616837,46.489711996403734,1.5424657
D81056,-176.0275043729464,19.60591833929929,1.1319017
D81057,1128.9615943903839,407.681465099097,1.5735528
D81058,126.71181552995071,82.54631952052303,2.1320486
D81059,528.2491387137039,-26.606231652672715,-0.71045494
D81060,376.2089545843317,107.32311672995482,1.5735528
D81061,1291.5819048223284,191.8131226765969,-0.71045494
D81062,318.7275347241845,26.266664870671,1.5424657
D81063,397.4294416454257,-29.027481360965112,-0.70743144
D81064,329.61319046424364,48.92650352762746,-0.71045494
D81065,5.726651664521424,-89.59709334133456,-0.71045494
D81066,-9.919395207283102,76.74123118147666,1.1319017
D81070,-84.98060073134793,3.879062320613587,1.1319017
D81071,441.97025794238596,192.35510453947683,-0.7018792
D81073,64.69063532332913,66.55127035747039,-0.71045494
D81074,-202.91243794607811,-46.75405421277328,1.5912628
D81078,-190.37097957056076,25.56437681169824,1.1319017
D81081,-95.75771043744396,51.90938188307739,0.39796057
D81082,265.24997920048884,34.35146809503601,1.5735528
D81084,226.84539302405668,59.03446356052434,1.1319017
D81085,327.8950092367364,56.810012818102834,1.5735528
D81086,134.94790285855905,69.58730221313353,1.1319017
D81087,57.8222708738933,44.80281797856854,-0.7040798
D81602,-95.16081496707949,76.24828273608509,1.1319017
D81603,550.2560982661432,27.317137189909772,-0.71045494
D81605,-170.16408840856568,-0.29442074686987846,-0.7048867
D81606,76.27518758817924,274.3322593191057,1.5735528
D81607,-223.73109828270333,13.635642819850592,1.1319017
D81611,494.05466225143005,670.5335342650562,1.5424657
D81612,-33.76860522817729,41.286632323057965,1.1319017
D81615,31.464809821824872,171.50916598528678,-0.71045494
D81616,-96.918506896097,18.10417327462365,-0.70709217
D81618,-159.19850180972915,88.26829497908095,-0.71045494
D81619,-34.283259440990534,11.059294243784798,-0.70709217
D81620,-340.08510177367157,5.753217318339987,-0.7018792
D81622,1052.054433835838,41.48296020222944,-0.71045494
D81623,-166.87396039016693,72.8164921366426,1.5735528
D81624,144.49321593327406,108.94984116194686,-0.71045494
D81625,811.2445397069213,-77.80615035825127,-0.71045494
D81629,171.74179218980856,77.0145410083006,-0.71045494
D81630,173.25260415764512,63.63311144174764,-0.71045494
D81631,233.53704229891935,46.28612842921113,-0.71045494
D81632,-505.49487025365266,-65.36599562621053,-0.7018792
D81633,553.4472483258078,143.4297108813697,1.5735528
D81637,174.24696018661115,161.34704386332183,2.1320486
D81645,-170.9573479514082,13.13610108678599,-0.71045494
D82001,1609.9719723826065,205.64900775946182,-0.26880386
D82002,1182.0660754015623,-7.574535931468278,0.6420121
D82003,1729.9631715255891,770.8862664290348,-1.0077475
D82004,1701.0675644698963,255.62420227280265,-0.26880386
D82005,1047.4230225959825,30.511532150735444,-0.26880386
D82006,469.4508962063356,113.82784618115645,1.21087
D82007,2270.2220971782626,1129.0672476380419,-1.0077475
D82008,836.9762931306293,263.5109873016796,-0.76726925
D82009,775.5039935073266,241.61941907784424,-1.0077475
D82010,320.9272449595099,120.56316441623618,-0.36671034
D82011,1227.8321335565283,123.70871516124762,-0.76726925
D82012,665.6025885724207,159.49291291466824,-0.76726925
D82013,100.8959189298324,-32.26364611649644,-0.76726925
D82015,816.7789332242882,145.1943535185031,-0.36671034
D82016,606.4643795537868,199.73275244111923,1.6628835
D82017,721.1903872044752,113.4573871633813,-0.76726925
D82018,200.17038003173747,97.61288474639761,1.6628835
D82019,1128.2918029283364,588.5245887589093,-1.0077475
D82020,727.3694036905648,149.49208354612185,0.10066796
D82021,-231.6648704837401,-235.89588358354231,-0.3409831
D82022,451.14367233136943,90.92448922674136,1.3105632
D82023,810.3724783826923,222.39803903677895,1.6628835
D82024,283.2430460652809,-141.10960221862805,1.6628835
D82025,802.789504192542,244.77349418925422,-0.76726925
D82026,474.78632984561057,71.86258333641041,-0.76726925
D82027,927.2759107851589,102.39240517335723,-0.36671034
D82028,485.8918143846722,184.09553840912469,-1.0077475
D82029,1793.521079699048,577.6177642281712,1.6628835
D82030,734.4272284077992,89.26306404631586,-0.26880386
D82031,511.8771428147967,137.74280048544122,1.3105632
D82032,600.8601305570801,60.859256359722096,1.21087
D82034,1819.078108434151,236.79939488284694,0.10066796
D82035,1454.3248464125425,251.3204410893183,-0.71045494
D82036,422.49010454839646,42.833606697710685,1.21087
D82037,815.5528256755481,257.6636899365934,1.21087
D82038,-24.30458968354468,8.79995608477524,-0.26880386
D82039,648.4415825756231,165.97093131488663,-0.26880386
D82040,1031.9003906232495,220.29831941449163,-0.76726925
D82041,777.0037249086879,118.50392474480529,0.6420121
D82042,599.0515912651591,139.9520809826725,0.10066796
D82043,451.77783148212376,116.74493842195618,-0.36671034
D82044,4621.947732355091,1326.608075514513,-0.36671034
D82045,1445.746364146008,161.15058352962285,-0.76726925
D82046,146.36264563137027,101.50496718128139,1.21087
D82047,362.6118169922635,44.936736143716864,-0.76726925
D82048,761.213554851434,119.31249674703504,-0.76726925
D82049,107.25516502179892,113.53464537629618,0.10066796
D82050,348.10027671640705,-65.61390795272389,0.10066796
D82051,1811.7185056878088,512.7542978417498,-0.36671034
D82053,858.9728792723674,242.38451618987568,1.6628835
D82054,1457.3938324598387,165.39105402306814,0.10066796
D82055,-105.61171600893194,9.69846972749964,-0.99059606
D82056,885.5115006344867,140.00758623206178,0.10066796
D82057,742.3278956412979,202.30542836854204,0.10066796
D82058,2353.9614986344254,152.77302709372213,-1.0077475
D82059,1030.2740881824607,116.2270556640206,1.6628835
D82060,147.44955888630463,87.07294672685897,-0.76726925
D82062,381.04726904547783,144.05498903963428,1.6628835
D82063,905.3958502920918,160.72970555932037,0.10066796
D82064,1312.5961764768274,231.57598255656978,-0.76726925
D82065,682.4412021196817,66.07462147457414,0.10066796
D82066,541.3210976660897,60.23637522384679,1.6628835
D82067,1235.219178164215,388.30492814174767,-1.0077475
D82068,525.0363647963875,98.59303002045294,-0.36671034
D82069,-123.04949853673516,-52.12927359855762,-0.7744343
D82070,534.2665304538104,112.60541469782599,-0.36671034
D82071,1252.9317501408493,194.6935444159183,-0.76726925
D82072,247.57099491046372,63.60161823740621,-0.36671034
D82073,241.7142215202289,91.37565784307611,-0.76726925
D82076,240.14077896310602,144.17675617668567,-0.76726925
D82078,421.1825706912824,105.8440434155894,1.21087
D82079,276.7856046802333,109.1081057655502,0.6420121
D82080,430.6372139484466,180.36175812131725,1.21087
D82081,222.27179099296814,70.67888046010306,-0.99499726
D82084,664.6184939677235,70.16697083026823,1.21087
D82085,296.1306072633002,179.48955536696974,0.10066796
D82086,347.3703854393427,140.2792836174189,-0.3409831
D82087,218.1079845614225,70.84184113982894,-0.76726925
D82088,5.568054408374321,105.39292406749178,-0.76726925
D82096,312.7476263184814,176.39162657832156,-0.76726925
D82098,452.86084082421826,69.46002013489752,-0.99059606
D82099,1009.2613440053524,222.1879392428374,-0.36671034
D82100,26.81496939047777,88.66344490486712,0.10066796
D82102,552.0340305777744,274.7588148001989,-0.99059606
D82103,-258.74556058281115,-53.12151127170774,1.680035
D82104,825.2808023953869,145.73355762665324,-1.0077475
D82105,522.7440525053524,182.57464113069616,-0.36671034
D82106,-73.9577404809052,27.695056491808682,-0.76726925
D82600,-255.65945199326697,25.199027174898074,-1.0077475
D82604,-35.37837638697861,-8.798640633205247,-0.36671034
D82613,631.606121814984,259.377626164582,-1.0003281
D82615,-489.69778973796144,-121.92686508647799,-0.810148
D82618,46.89446557171816,112.70493526382515,-0.36671034
D82620,-442.28844064540806,-90.500112584529,-0.810148
D82621,653.4412304332352,177.1322722580942,0.10066796
D82624,-60.687292344451734,75.25643988101314,-0.76726925
D82628,-119.04162055083894,41.7114262648158,-0.26880386
D82629,-176.36150621124713,-10.345567671889086,0.09209221
D82632,-160.81084771369646,-24.11474356233745,-0.810148
D82641,-435.88606579685484,14.788408905621349,-0.76726925
D82643,-478.16499738866935,-4.523175851643477,-0.7838326
D83001,597.7627931299534,-20.47876738348129,0.95645624
D83002,1261.959549213243,75.49285316181705,-1.0077475
D83003,112.0555323676121,85.01116058317373,0.6420121
D83004,425.5539816425639,118.99449733638653,-0.49391726
D83005,1428.6253650955825,384.3208603641564,0.6420121
D83006,200.35218449931972,38.4165348972289,0.95645624
D83007,778.616621232227,160.69982974903888,0.6420121
D83008,917.4861024898568,218.9081681813241,-0.49391726
D83009,1449.549809695096,16.983460145372298,1.21087
D83010,689.8418275236943,137.78820769730154,-1.0077475
D83011,650.1382100435997,225.10392446978383,-1.0077475
D83012,1807.5943515373667,176.63240227072205,1.9859033
D83013,1025.1271790948153,304.9837520841683,0.6420121
D83014,577.8805898310985,95.66971455536164,0.95645624
D83015,188.3695255931581,73.84477593790503,-0.49391726
D83016,667.7444058662251,136.9576638060825,-1.0077475
D83017,1049.0221780895765,123.10818651071669,1.3105632
D83018,1056.637857435306,296.0312240837339,0.6420121
D83019,373.2740106608572,77.54723953860547,1.3105632
D83020,219.85788556997056,5.032158765554206,-0.49391726
D83021,1276.9362226178105,523.8803946085569,1.9859033
D83022,99.67822332307938,34.593552175043634,0.53552985
D83023,1112.6403568762842,322.5567701529872,-1.0077475
D83024,338.1947571614822,68.10799762991289,-0.49391726
D83026,456.3256865223464,56.291875382233634,0.53552985
D83027,692.8944671936622,91.99432901460018,1.5424657
D83028,248.84952540850728,138.09009343683118,0.53552985
D83029,1185.434131055795,236.69800113166136,1.5424657
D83030,204.05799707811053,217.34986009800872,-1.0077475
D83033,541.0005354672858,107.8695377145576,1.3105632
D83034,1022.7283402601655,110.4136330011379,1.21087
D83035,854.8727771259123,105.72513102494987,0.53552985
D83036,-129.20838527569686,39.28042429225201,0.53552985
D83037,1494.8647358815326,203.85653028530925,0.95645624
D83038,934.0458770772773,401.31536460995267,0.6420121
D83039,982.7239694206901,327.7213935618536,-0.49391726
D83040,770.9986124825798,125.75444644666435,0.6420121
D83041,424.9391296955228,80.57268759216691,1.3105632
D83043,210.67725978401126,75.11704871299386,1.3105632
D83044,2007.833697145966,102.249631991055,1.3105632
D83045,125.40880158146764,31.323675861996165,0.6420121
D83046,955.3041946324219,545.1957743079786,-0.49391726
D83047,847.3639403700595,318.2055758295727,-1.0077475
D83048,1318.1444500096159,329.854971263476,-0.49391726
D83049,185.6695489394984,73.60047284195298,-0.49391726
D83050,116.78845408984758,-12.903929164264932,-0.49391726
D83051,739.5953772934284,164.26375300645378,-0.49391726
D83052,-48.59895563713168,-186.55738263930178,-0.48534152
D83053,383.2311107022293,90.50066125164291,0.53552985
D83054,-68.2769830111037,-3.274986200165251,0.53552985
D83055,1347.3884164052752,225.3097192697947,0.95645624
D83056,422.62209800876906,155.23217425355168,-0.49391726
D83057,682.7535943023214,156.0352525170511,-0.49391726
D83058,154.79613184598355,37.763335437703184,-0.49391726
D83059,1039.7646636301781,308.2446665616644,-0.49391726
D83060,2561.377166913483,344.5998602879843,0.95645624
D83061,574.2534674226721,46.52998634398136,0.53552985
D83062,673.5821167008162,303.1022642599754,0.6420121
D83064,224.44095179032578,126.34354559469804,0.6420121
D83067,155.2116851535897,112.5628460890903,1.5424657
D83069,182.67622839241557,102.08856653269252,1.21087
D83070,151.94659210129902,114.17454458529883,0.6420121
D83071,-4.86134848617719,-49.93987234855386,-0.9905961
D83073,-139.27682598546318,28.89370627691082,-0.49391726
D83074,368.2139325785095,109.50557344377249,-0.49391726
D83075,473.2630689369265,139.1761101584829,0.95645624
D83076,-88.27853776352629,68.39000991233753,0.9117909
D83078,535.5212338550366,164.32036874267249,0.6420121
D83079,581.9528472506084,34.60551958596957,1.3105632
D83080,30.666211311705034,9.07490295035159,-0.49391726
D83081,185.66226315964664,149.6346805669359,-0.49391726
D83082,-16.404755659652317,104.57358489960005,-0.49391726
D83084,-23.207176623600603,13.299282807649565,-0.49391726
D83608,278.94341939285283,133.5436118360721,-1.0077475
D83610,749.578118341957,220.48428300552183,0.6420121
D83614,-1023.9524861583621,-633.4019220126298,-0.48534152
D83615,-251.7085966792616,67.66947845361184,-0.49391726
D83618,65.0417322208892,116.96847666363513,1.9687519
D83619,-316.989356667174,-31.974132250518156,-0.990596
E81001,-132.20619397369674,37.09064902030556,-0.8480242
E81002,244.02086677835578,141.75754930256753,1.5974934
E81003,1311.3284555941377,217.9495621324916,0.6884641
E81004,784.0247728829181,127.89431199993449,0.6884641
E81005,450.76171452559356,-9.568780685525898,-0.8480242
E81006,369.6490848969291,76.16292993975347,-0.8480242
E81007,216.96246230578365,22.640662043843278,0.119606085
E81008,1005.4953369704052,215.96865552678202,-0.8480242
E81009,589.2139950119397,27.52417930740341,-0.8480242
E81010,231.86973513922678,71.34653661485919,-0.8480242
E81011,473.47131608203335,-37.244116263706765,0.38910556
E81012,722.4104543482811,90.08254380324803,1.6610968
E81013,376.9512931759278,228.01272138614223,-0.8480242
E81014,457.742172448003,208.5585238403116,-0.8480242
E81015,1045.091170588849,-15.95950964081834,1.5974934
E81016,-14.823085782551834,4.209484060545917,-0.8480242
E81017,325.51042164409535,108.04740973970397,0.38602686
E81018,485.30015296255715,79.73573590615625,-0.8480242
E81019,1012.8650781707777,194.19385277821414,0.39796057
E81020,3.323114302969527,-180.08077436313235,0.3808091
E81021,525.5706417836711,11.961154146578444,0.39796057
E81022,725.037459389247,89.13424799149155,1.6610968
E81023,-161.8338979980023,-54.37446082158121,0.39796057
E81024,270.31371295372276,46.9124293832272,0.39796057
E81025,-49.81402008559937,38.359955390873054,-0.8480242
E81026,121.32492655597791,44.64607893372782,-0.8480242
E81027,761.7352552304126,29.898420646538955,-0.8480242
E81028,915.1440315059452,84.45909750693173,-0.8480242
E81029,691.600925206664,158.05472678374431,0.39796057
E81030,130.84439718014974,122.24281615488165,0.39796057
E81031,-9.521441736913635,20.253729498298515,0.39796057
E81032,1364.3569852564247,216.01583006286984,-0.8480242
E81033,1220.9636307074472,178.91834406392564,1.6610968
E81034,43.97824187863521,54.72467450134135,1.5974934
E81035,567.687269361923,30.408520103321322,0.39796057
E81036,837.7050117809891,167.9335570912201,1.6610968
E81037,1490.5039787645337,630.4904667894248,0.39796057
E81038,775.9688780624291,105.36631995483606,0.39796057
E81040,378.9128878316572,57.844078154122535,-0.8480242
E81041,579.2264622028557,46.84439112825934,-0.8480242
E81043,120.5769553993845,110.34368816005593,1.5974934
E81044,1547.2179711922292,561.0327230083669,0.6884641
E81045,384.4418034923104,160.22253433783473,-0.8480242
E81046,683.1630597356813,106.93674768361211,1.5974934
E81047,149.0102499860554,113.110630169454,0.39796057
E81048,266.94680963212403,64.32420939275634,-0.8480242
E81049,106.34833775562413,63.573332646927874,0.39796057
E81050,504.207447453251,70.71344111195812,0.6884641
E81052,293.46593103164184,83.21377275773351,-0.8480242
E81054,-228.7113171745161,-10.929514680602518,-0.8513932
E81056,85.98838415083485,33.39729559214804,0.39796057
E81057,1107.6316880621632,133.5633828564013,1.6610968
E81059,262.30413921634215,115.11201302817844,0.3956914
E81060,-5.5732421369724845,133.2614165886025,0.39796057
E81061,54.45560646972308,35.89327874972817,1.6610968
E81062,-43.38142047105105,-54.8661294321457,0.386824
E81063,389.9994176239943,-80.54116870144519,-0.8480242
E81064,-77.91131005608506,-101.0903523015653,-0.8480242
E81065,-105.44424798979018,-134.01202484197395,-0.8480242
E81069,73.39938978641439,47.35705780268464,-0.8480242
E81072,326.84093578406697,243.03670311183387,1.5356766
E81073,485.03844638628453,121.80552096328944,-0.8480242
E81074,608.8585108792104,125.2612520533903,1.5974934
E81075,-77.00073659627125,-128.44820598069316,-0.86573434
E81076,-16.796441636456677,-14.611939111867684,-0.8480242
E81077,-54.48399600173676,130.06456758796915,1.5974934
E81611,-271.8150792503753,16.775216490877007,0.39796057
E81612,104.9712690428922,38.943207892429385,-0.8480242
E81615,-254.09466516362588,-15.698391592826331,0.39796057
E81617,-67.99942395353081,-16.142348484067522,-0.8480242
E81618,-310.0290171848874,-43.731053331073696,-0.8823272
E81626,-277.5195269025729,-220.86879726997586,0.3808091
E81631,-177.80429561822277,-31.426199700286325,-0.8480242
E81632,96.82513855681057,53.52901675497433,-0.8480242
E81633,-265.18237620448485,48.124784572445336,-0.8480242
E81635,-218.5510068068272,-15.386057546574426,-0.8480242
E81636,-217.85591913558923,11.933343720684585,-0.88232726
E81639,-478.90637633932346,-6.753026174196571,-0.8823272
E82001,1363.7441994591047,385.7312688652347,1.5013736
E82002,586.7945626525411,57.76776274913592,1.2401706
E82004,-206.62862720939503,28.846876864727086,2.176714
E82005,3073.271197332117,1364.712048985584,0.12139268
E82006,420.00046521667275,45.13990556843644,0.554468
E82007,347.7613716234634,43.7807024370878,0.554468
E82008,770.7518549127973,117.76581224270174,1.6610968
E82009,387.6485881513725,119.20429368775915,1.9962658
E82011,82.99881652145865,2.9927509231339813,2.1492
E82012,614.0308525650443,39.025191168934754,1.3484393
E82013,1046.5675528596835,632.8985278815096,0.8585497
E82014,378.77021278175835,217.9471188779314,2.176714
E82015,285.44477337918596,-22.050894675678734,0.8585497
E82017,185.46121646768722,89.48025309168929,0.8585497
E82018,879.923598868654,180.04046107301252,1.2401706
E82019,1265.7487843067497,288.22861508567195,1.2401706
E82020,119.08895605571115,-90.2173485033849,0.8585497
E82021,157.7865570751933,37.32777006207642,2.1492
E82022,725.9962943427756,86.66182183260158,1.5013736
E82023,475.5436300871051,160.03889332919383,1.2401706
E82024,728.3337781850332,37.709737548269324,0.554468
E82025,855.2785592445335,113.54975517524716,0.8521745
E82027,244.8148108499718,54.73390327757144,1.2401706
E82028,113.2515259125188,126.96394298742861,1.5013736
E82031,645.4224342651825,87.50460958279442,2.176714
E82032,1141.004132824347,37.18033612339544,0.8585497
E82034,-2.949413620216082,17.766764647158002,0.8585497
E82035,1102.4236664949187,219.9786787374383,0.12139268
E82037,327.68375540092626,9.865015242547802,2.176714
E82038,103.49966955969394,31.547024239261972,2.1492
E82039,405.5975498530802,-293.14283346203973,0.161958
E82040,1900.8675243156126,347.31935356940505,1.2401706
E82041,563.8977090224396,109.50587570739943,1.2401706
E82042,657.6879482714733,153.5776749073502,0.554468
E82043,530.810518030273,49.00087419666906,1.3484393
E82044,742.4131906749209,-13.946629129453452,1.6610968
E82045,228.93436413461126,52.77737270736899,0.8585497
E82046,545.698685068638,23.36661751707721,0.8585497
E82048,170.7555835530527,20.936062424127478,1.3484393
E82049,-190.79713588246898,-4.516317155454794,1.9962658
E82050,-118.05024749768319,15.97933043977171,1.5013736
E82051,733.9932722368342,28.90607603578712,0.8585497
E82053,372.09519873610293,364.1474476000269,1.6610968
E82054,219.3227056181079,-5.298975386956023,0.8571167
E82055,361.1276431017607,39.53378887861382,2.176714
E82056,599.1367785305443,93.21282062227301,0.12139268
E82057,-65.66821689347918,52.92468772417102,0.554468
E82058,295.2849623447836,66.26990922457209,1.2401706
E82059,177.03830138319765,60.25158072324183,2.176714
E82060,683.6322124256236,175.57867526701605,2.176714
E82061,741.6816321471332,144.59628390066808,0.554468
E82062,941.459682026105,128.6656530535708,1.2401706
E82063,682.4651503345351,193.5752532288768,0.554468
E82064,-123.49491221025534,1.2093412509394093,1.9962658
E82066,-346.21396258042944,-1.1151246176839147,1.9962658
E82067,976.8560718914323,83.3384848811068,-0.44424942
E82068,532.2825515892276,-13.778844565115227,1.9962658
E82069,-229.4281966294347,84.53736227168262,0.8585497
E82070,-248.65106015537856,12.577922700493046,2.176714
E82071,293.7042367054544,-2.5487523100389744,2.176714
E82072,733.0786918416488,75.5768570306492,2.1320486
E82073,535.6713144604519,347.0863925078629,0.8585497
E82074,1452.795901704033,91.62002159347261,-0.44424942
E82075,702.3677626944362,100.080409793154,1.6610968
E82076,-216.10453342024238,-7.679766587802926,1.5205693
E82077,130.00641611291098,7.728242333596572,2.176714
E82078,264.11854309379265,40.69484430904722,1.2401706
E82079,531.7121347000017,232.08569149080304,0.554468
E82080,444.3337274726148,2.3161784342832745,1.6563632
E82081,507.6049862173789,134.73430817855214,0.554468
E82082,1476.8669484881923,162.8828883733181,1.6610968
E82083,411.9020731354018,86.48969644352702,1.9962658
E82084,312.73696754010746,51.45597072023767,2.176714
E82085,687.1469667228073,-1.3920809624301127,1.3484393
E82086,1328.2725606673648,194.28868830267132,0.12139268
E82088,323.95029750320424,128.62273063060877,0.554468
E82089,1017.9329479141769,160.97661681893553,0.12139268
E82090,392.3393668924675,105.86951306335267,0.554468
E82091,935.3467625172424,90.49945493206036,1.5013736
E82092,918.768316732597,407.0753725867024,2.1492
E82093,1086.6542965831504,116.89963753082345,0.12139268
E82094,-13.070227870240977,22.818834678934188,1.5013736
E82095,-80.16565122196963,-14.344567598813699,2.1815128
E82096,244.42482817707943,45.94906889049214,0.8585497
E82098,80.20096326674852,27.43065153554935,1.2401706
E82099,817.2488887994168,40.89087691822996,1.6610968
E82100,654.9261062637697,116.99054823750649,-0.44424942
E82102,344.34766225755567,110.2471528452681,2.1492
E82104,120.07408810486369,-19.1823886233555,1.6610968
E82105,-214.20601833776266,-13.686986614262779,0.8585497
E82106,152.06726590571097,7.129719097022708,1.9962658
E82107,266.976057528865,87.39321941805801,1.3484393
E82109,88.78674235033192,54.391079581914134,0.554468
E82111,46.54783425648223,98.38751632660708,0.12139268
E82113,-273.6142546355257,22.95537392205086,1.3484393
E82115,750.4735210671718,-118.52839628667344,0.554468
E82117,474.27054035279997,102.58321334618252,1.3484393
E82121,183.92527433476545,53.434183220009544,0.12139268
E82123,772.1424203540676,161.75546720062428,0.554468
E82124,1021.8135903895651,484.46626017995595,0.8585497
E82126,-200.79553866928086,-0.9902878457307952,2.1492
E82129,203.93753679488174,35.74143130809567,1.9962658
E82130,172.33316566921533,123.61989801778263,2.1492
E82131,-328.31691379449575,-7.9338214009161,1.5013736
E82132,224.38410622836315,33.09051330941418,2.1320486
E82133,67.43877023364901,-69.85035179907462,0.554468
E82603,-111.70721798033418,89.89486840013143,0.8585497
E82613,-277.8422215626789,-102.34429115227765,0.8558582
E82620,-460.7455889560098,-11.563217562146084,0.554468
E82624,-163.14195654419495,98.33489062476926,0.16427143
E82626,-230.43731034884408,34.433855781893506,0.12139268
E82627,-338.62936159977687,-16.763581583317094,2.1492
E82630,-309.44955093569956,17.07274656900953,0.8537508
E82638,305.40920202345296,52.74914838480331,0.554468
E82640,92.97137679481783,150.3506662715218,1.5013736
E82641,229.4290544583927,218.15014639804923,0.12139268
E82643,-355.5401752489758,12.557973936985329,1.5013736
E82644,-332.80937005610235,30.05183359796399,2.176714
E82652,-342.449937390038,2.5539224582847457,1.5013736
E82653,-267.39064414093804,-19.71303368900023,0.8499739
E82654,142.34228121365555,223.88974003182088,-0.44424942
E82655,-124.00829525270015,131.498636702024,0.8585497
E82656,-309.282314335139,41.972881627901884,0.8537508
E82657,-132.43665977598098,31.978534984872883,0.97718096
E82658,-121.46591599866476,55.54619597379272,0.849974
E82661,437.84656953960103,162.21318196241506,1.6610968
E82663,-216.86301207889883,-38.80714279126089,-0.87352484
E82667,-448.06563801219176,3.832202679721445,-0.44424942
E83003,172.7717683185195,37.49748491911774,0.5026562
E83005,-187.3237802560675,33.253445782315396,0.5026562
E83006,-78.06278599158108,16.1735219500289,-0.3860058
E83007,-189.91506432730213,-12.934085032554513,0.5026562
E83008,-95.1706658810055,-7.699018724163611,-0.3860058
E83009,-43.44736718291715,33.201365497988895,0.5026562
E83010,217.05495606562002,17.881105518335975,0.5026562
E83011,343.07985767507773,31.049111472064133,0.5026562
E83012,47.43067680215837,47.52677579299418,0.5026562
E83013,-210.92523956815774,14.831745597707261,0.5026562
E83016,588.7396013890333,58.79035517852593,0.5026562
E83017,334.4918978815033,70.07783663520519,0.5026562
E83018,905.1741024810806,161.5154137962474,-0.8565999
E83020,-29.000303341854078,66.83239098432371,0.5026562
E83021,240.18459399028777,66.1860634934529,0.5026562
E83024,80.17884229779189,34.02759647103417,0.5026562
E83025,114.64507374875305,65.25802187913847,0.5026562
E83026,-252.38722997199048,7.149925065877768,0.5026562
E83027,-64.4822095264786,38.98088889612493,0.5026562
E83028,24.1677530820527,-7.847825425688581,0.5026562
E83030,-0.8353494118187528,50.05341596587821,-0.8565999
E83031,-139.07176199429801,26.882363662330565,0.5026562
E83032,770.7113724189365,64.28946250977307,-0.8565999
E83034,27.111222150898723,-86.17786768739174,-1.0559862
E83035,119.1310714871879,84.62786153286797,0.5026562
E83036,-89.9847450365191,81.73212503745971,0.5026562
E83037,-115.12425596046876,34.31509063413673,0.5026562
E83038,212.8797134951997,26.933635115534983,-0.8565999
E83039,-238.16408016816595,27.241804385673685,0.5026562
E83040,-455.328596954807,-51.50661531935863,0.4168987
E83041,-288.0397992364589,2.593039122524608,-0.8565999
E83042,-257.0838406376685,-10.561869134177297,0.4168987
E83044,24.488314151004847,62.133278222307034,0.5026562
E83045,-11.381590598881912,100.2739606189184,-1.0559862
E83046,1.9901648314147928,119.66714080493007,0.5026562
E83049,-81.0382103117898,47.444368125721255,0.5026562
E83050,-176.80920556780265,30.47619501475264,-0.3860058
E83053,351.5833721061182,151.30153149487998,-0.8565999
E83600,-280.59189707290074,11.91325354334079,0.5026562
E83613,-202.80449517929262,114.57580846443864,0.5026562
E83621,20.441473089884116,201.05547443398817,-1.0559862
E83622,-245.0173134271088,108.31710246651313,0.5026562
E83624,-361.37286291619205,-3.8881122814614963,0.47242117
E83629,-273.75730806269274,-39.52242814672113,0.485279
E83631,-353.7397145136027,4.606698556506101,-0.5392475
E83632,-216.93419521979482,15.623752796513813,0.47574043
E83633,-338.0802609391729,-30.665147711762184,0.43890455
E83637,-183.6439821768381,82.39675641330133,0.5026562
E83638,-199.44468098608547,39.42914450069756,0.5026562
E83639,-153.65856328717268,75.60579514557728,0.5026562
E83640,-446.67550627292786,-3.4242817320203955,0.4168987
E83644,-422.0654788720658,-61.64341065909802,0.45466688
E83645,-257.40699695318926,21.764917479991034,-1.0988649
E83649,-347.0864346396144,-0.8129331110704305,-0.3860058
E83650,-399.18036954964236,-18.692671325486533,0.5026562
E83651,-451.9673390226311,-2.370812030972871,0.4168987
E83652,-404.46130471139503,-6.536424872359308,0.4168987
E83653,79.95974676296426,75.95162494323066,0.5026562
E83654,-355.0659511801839,-17.304032680422143,-0.4973714
E83656,-397.77477039687085,-9.438713359757102,0.4168987
E83657,-427.3565842334963,3.839330194356954,0.5026562
E83658,-407.2285702949841,-49.652823422497725,-0.8755604
E83659,-345.54321370858844,-20.35956426839272,-0.8823272
E83664,-444.32416789003804,-34.09646286089288,-1.0988649
E83665,-476.5206389432746,-9.510604143158416,-0.7379688
E83666,-484.69595386152815,0.220557102739292,0.43540618
E83667,239.65662039761463,-7.050191796526209,0.41689867
E83668,-306.4106759244385,-12.390714694406707,0.5026562
E84002,-135.2643741211773,31.914353296378177,-0.8565999
E84003,-105.34841360001947,67.66314852578076,-0.3409831
E84004,240.81151974184462,10.36753568234855,0.97718096
E84005,-29.88204942279714,23.24024776183638,0.97718096
E84006,443.8222829845856,135.13480717361443,-0.4253113
E84007,-35.47979788505916,28.541887491018073,-0.8565999
E84008,427.7119799235479,36.558167094381744,0.97718096
E84009,746.517245041315,15.643705790537718,0.97718096
E84011,-160.23715599185593,-93.72130093123275,-0.8565999
E84012,61.23132809923305,127.57644719154666,-0.3860058
E84013,263.5993814718372,24.294309172475476,-0.8565999
E84014,133.99735499973863,-46.849380603591925,-0.8565999
E84015,526.6936783569557,187.27909971285126,-0.8565999
E84017,113.74589090505962,-18.66565866793698,-0.3409831
E84018,78.76752340109138,19.70005375948041,0.97718096
E84020,-203.7674451555347,87.43566355261505,-0.8565999
E84021,479.55510231476325,31.492105071967124,-0.8565999
E84022,91.40459467203665,-112.9571462795967,0.97718096
E84023,-154.27878479650047,25.862612414817693,-0.16630937
E84024,1003.8550550109758,133.2459642999202,0.97718096
E84025,93.56690800903593,-6.287019773154629,-0.3860058
E84026,-172.5732329563168,-12.35717644983505,-0.8745005
E84028,-104.86462140512467,-21.891254525245802,-0.8565999
E84029,-295.3600457643233,52.8976339230987,-0.87572545
E84030,35.34296149933836,48.167506051134744,-0.8565999
E84031,80.90720713059007,-33.051190229726494,-0.8565999
E84032,283.8493749575847,123.6841396799338,-0.8565999
E84033,-54.25977130496445,61.75272478965878,-0.8565999
E84036,212.92089130598885,109.82253422600049,-0.8565999
E84039,380.69561766062384,96.06178798535215,-0.8565999
E84040,-213.4947737781586,-41.25659115929912,0.97718096
E84042,64.31561303114064,33.44691563695029,-0.16410828
E84044,238.76972068932767,-13.624487760172105,0.97718096
E84048,37.822676007567175,68.07217539375483,-0.8565999
E84049,-199.41873359903565,125.75352825052425,-0.8565999
E84051,3.504547397100479,54.145666969411295,-0.3409831
E84053,-144.75199606774925,-33.855070078380415,0.97718096
E84056,-370.89486109298724,-42.11861921994552,-0.55752075
E84057,528.7308766591229,48.322002795715065,0.97718096
E84058,982.2430581754279,196.3866643046888,0.97718096
E84059,-285.32295680630466,7.679805841827131,-0.3409831
E84061,414.6418454911133,46.29684696231326,0.97718096
E84062,-37.08040471425782,77.11183813247928,0.97718096
E84063,-305.6686955854897,-9.73511319561133,-0.8565999
E84064,-347.7935784037622,-69.50688154810364,-0.8823272
E84066,-179.8753435100055,133.573852018081,-0.8565999
E84067,25.819144984943676,-26.640377087505687,-0.8565999
E84068,866.6596346363633,91.1294042533369,0.97718096
E84069,534.4990179845713,-35.66463121517428,0.97718096
E84070,-294.0174018703737,-20.36393925246188,0.97718096
E84074,-96.82108253404142,-9.84707907434429,-0.8565999
E84075,-208.85199437105572,-43.41980510686597,-0.8565999
E84076,-5.779161748681154,8.155903948630527,0.5026562
E84077,-308.7306542999584,-16.77410997812595,-0.3860058
E84078,-170.65517235346408,90.68635284846584,-0.8565999
E84080,16.57410694372394,60.01666204970151,-0.8565999
E84083,-105.71746374014907,-15.30137670705226,0.97718096
E84084,-247.68588602942128,-42.081404808622395,-0.8823272
E84086,-145.08358717472632,11.25456675146587,-0.3860058
E84601,-99.95550265265176,38.73823760447104,0.97718096
E84617,-256.9316077829365,-51.920653830248575,0.97718096
E84620,-35.85794208145303,35.4908119722658,-0.8565999
E84624,-282.29944214881664,-4.724979907773426,-0.8565999
E84626,-312.9730012526898,-6.625236165997648,-0.3409831
E84635,-259.3627768023271,43.82484544134463,-0.8565999
E84637,-321.8726173017057,37.24784547710908,-0.8565999
E84638,-190.75863056383346,10.140145117008611,-0.3409831
E84645,-151.829117264358,75.61085799881342,-0.8565999
E84646,-274.349652966451,-41.33762508764901,0.97718096
E84647,-250.20976043819832,29.976966989185364,-0.8565999
E84653,-259.43246405409815,58.16589335264412,-0.8565999
E84656,-155.27204673731993,30.06192369137245,-0.8565999
E84657,-327.9460002171743,-22.89480718678002,0.9924817
E84658,81.74429730827762,10.58445428971162,0.97718096
E84661,-143.39361069717077,52.21073201827753,-0.8823272
E84663,-105.41876183518521,27.216268013564612,0.97718096
E84665,4.76759776794697,88.78215858913053,-0.8565999
E84667,-299.0680799331055,20.596046292372318,-0.16630937
E84669,-379.44956329693576,4.347162420652774,-0.3409831
E84670,-239.10109411791854,-30.319773305015097,0.99433243
E84674,-116.76431473734728,25.466887682960756,-0.3860058
E84676,-116.64574359928817,36.634777756214575,0.97718096
E84678,-356.7352122670621,15.629850964719992,-0.8565999
E84680,-235.58147522864485,-17.897890097929842,0.97718096
E84681,-307.61746047322305,17.42614608422756,0.97718096
E84684,-214.1197647994197,38.342064833674954,-0.8565999
E84685,107.2633976057549,110.17167165191827,-0.3409831
E84690,-250.84767159794953,-73.33942098317229,-0.8698825
E84693,126.99997271089056,5.046681227372391,0.97718096
E84696,-284.50969195976717,-43.123328310917024,-0.3860058
E84699,-278.84851793819547,-52.74834896326317,-0.8565999
E84701,-322.1149394701168,6.675484834739914,-0.3409831
E84702,-211.86216400996864,31.049866539062506,-0.3860058
E84704,-288.6390379530393,11.636956305505885,-0.8565999
E84705,-417.57490793704426,-7.62465457027697,-0.44647577
E84706,-359.6152413881754,-7.202983956403001,-0.8823272
E84707,-477.77697471757546,-7.2656084340907165,-0.8520119
E84708,-380.6288210190959,-18.45654847041472,-0.8823272
E84709,210.98233090032483,79.32285746939635,-0.8565999
E84713,-201.17944221644237,18.17337160731146,0.97718096
E85001,93.39432501829351,42.07694698576691,-0.35134545
E85003,424.1497309330102,151.63157770809138,-0.4253113
E85004,149.5481616036222,86.09344999770194,-0.3409831
E85005,-213.4210389733132,-17.795294221889577,-0.4253113
E85006,-35.547823669757506,53.32144080650127,-0.35134545
E85007,220.2987738309795,184.1568287827548,1.9583894
E85008,-0.586295897818318,32.26312510612878,-0.16410828
E85012,304.3672912055446,105.22033449244026,-0.3409831
E85013,-315.9440783861917,25.539194582604637,-0.3409831
E85014,-68.47733178435425,45.37307920241507,-0.3409831
E85015,-55.59269187278006,81.47681912172611,-0.35134545
E85016,92.55135678112552,-23.670130596520135,-0.4253113
E85018,-346.6821311268746,3.5964040217699207,-0.35134545
E85019,123.06989313161584,-27.108697513813567,-0.3409831
E85020,193.07043420041776,103.00485621953345,-0.4253113
E85021,-7.7729469961908375,50.58330065839959,0.35329524
E85023,-216.97858892346034,77.14028092132197,-0.35134545
E85024,-47.41881624410232,44.70545967041201,-0.35134545
E85025,-137.63123069369243,70.19594444051792,-0.16410828
E85026,242.2698635312298,63.66490624998758,-0.3409831
E85028,18.07923936204185,-0.019410269960691014,-0.3409831
E85029,756.3212144024628,-29.00029964815681,-0.4253113
E85030,-98.72465791271857,22.906689204204575,-0.4253113
E85032,-126.58432641589235,-15.685078459826865,-0.4253113
E85033,123.30210645396065,-1.259194603389249,-0.4253113
E85034,149.99185348790522,22.717239286649523,-0.3409831
E85035,-39.03849398706565,-12.844506324849668,-0.35134545
E85038,-193.3787767246086,-3.744730869206087,-0.4253113
E85040,169.35001449338125,-27.551717052081077,-0.4253113
E85041,-175.5650641147591,23.375168003278112,-0.3409831
E85042,-83.17454806302113,51.5213236648609,-0.4253113
E85044,-286.01572531141034,-10.773352700655995,-0.3770727
E85045,-203.832674649089,18.219543148041716,-0.35134545
E85046,-74.12285624842015,-57.60075643976244,-0.3409831
E85048,-44.952562942606214,39.98353473178733,-0.4253113
E85049,78.22366990919063,191.46595178261944,-0.35134545
E85050,27.754489033848493,35.8798645614246,-0.3409831
E85051,100.08230600934293,164.5967300651362,-0.3409831
E85052,-80.3435591077567,39.161458996149776,-0.35134545
E85053,-138.90174755877086,13.400539011743284,0.97718096
E85054,130.31695252819037,3.9705836696802757,-0.3409831
E85055,281.7379083272068,51.97307733259994,-0.4253113
E85056,211.7696255732927,45.348746387040485,-0.35134545
E85057,-70.08769900670869,-18.184989547823665,-0.3409831
E85058,255.28201034477098,63.523453474267406,-0.35134545
E85059,2.158350747302669,7.641075118644727,-0.35134545
E85060,38.11020535113139,28.492090919601296,-0.35134545
E85061,-139.4456628486394,43.47518163902488,-0.35134545
E85062,-95.21742809027758,5.5657445648278685,-0.35134545
E85064,13.31216719695323,-27.94602704982331,0.35329524
E85066,-337.3711499657662,7.154503268311355,-0.4253113
E85069,-16.055892682919815,101.55589424956001,-0.3409831
E85071,-317.4604012648934,-13.137180621145784,-0.35134545
E85074,-339.79188565889734,-17.643816094385905,-0.4253113
E85075,-234.98968952391158,32.016145668322906,-0.3409831
E85077,-308.41646100445564,-27.077988435685207,-0.4253113
E85083,29.038399617340673,85.38717853780204,-0.3409831
E85088,-83.71475681765142,64.71639484270506,-0.3409831
E85090,-105.81591533369662,-79.8254582014497,-0.35134545
E85091,-436.2570913589782,-6.531139973513907,-0.3409831
E85096,56.545448530329544,94.61636240517267,-0.35134545
E85098,-208.80626190478839,0.34410940528860756,0.97718096
E85099,-273.20274069695665,45.711900898250796,-0.3409831
E85103,-102.20129720874233,35.408129633903194,-0.35134545
E85105,-294.64855981891554,5.791143212732245,-0.3409831
E85107,195.68592151060412,81.5092633675867,-0.3409831
E85108,-208.25015642658786,-19.450235677002244,0.97718096
E85109,-302.49494614513776,-4.010878735759621,-0.3409831
E85110,-290.7811096855124,-41.13627935433532,0.29454613
E85111,-242.77492637030605,53.522584994818025,-0.3409831
E85112,-183.00703917452614,-9.94288993166804,-0.3409831
E85113,-100.54413810119674,43.86708622131048,-0.35134545
E85114,314.8537183005594,117.5332227718488,-0.35134545
E85115,-210.97497143149417,43.79158971069644,-0.35134545
E85116,-72.20825899175793,80.8000235049692,-0.3409831
E85117,-195.94503054347302,4.727223655037135,1.9340503
E85118,-39.4526524513462,34.74251809920403,-0.16410828
E85119,229.07483118565827,106.27058450295547,-0.35134545
E85120,357.2837398119242,171.3365481602967,-0.3409831
E85121,414.1098055533277,14.044059821201122,-0.35134545
E85122,231.62669524942382,71.7797112597932,-0.3409831
E85123,-266.96113356692985,60.27779015800549,-0.3409831
E85124,103.40851255694365,372.86836373056303,-0.4253113
E85125,-221.23696485911833,6.6457962888893105,-0.4253113
E85126,-7.343668159912068,-71.55835465626609,-0.35134545
E85127,-16.883783515760207,13.686030744384535,0.97718096
E85128,93.43716802653887,164.70724092788868,0.35829774
E85129,-42.74994578189326,36.6688024940456,-0.3409831
E85130,-186.8799916582191,26.471397701524317,-0.3409831
E85600,-71.32794878540155,72.16833395678461,-0.35134545
E85605,197.84665427237414,102.60298631324342,-0.3409831
E85617,-365.6838856993797,9.736894370754815,-0.3409831
E85623,-359.09023633764554,-32.06169639409745,-0.3409831
E85624,26.563975764560492,4.574257452639937,-0.4253113
E85625,-317.97127978089003,0.47500601210196697,-0.4253113
E85628,-65.81788325456347,60.506573735093006,-0.3409831
E85630,-345.4525638342317,-7.012484066425074,-0.4253113
E85633,15.398562615182094,14.502380746859028,-0.35134545
E85635,-237.00750547380127,-1.6264736672679938,-0.4253113
E85636,59.81854902840825,111.3702179670549,-0.4253113
E85640,-289.9397418457589,22.795809973825047,-0.3409831
E85643,-46.459787267810626,71.01224181402486,0.97718096
E85649,-371.87871952522573,-17.585859794324744,-0.4253113
E85656,-100.68742918566664,16.68987552848094,-0.35134545
E85657,46.729969008773026,59.274102204932554,-0.3409831
E85658,-354.12944806255575,5.719903384593421,-0.4253113
E85659,-386.701718851667,-40.01990362871431,-0.4253113
E85663,467.59158799963046,72.55352835302646,-0.35134545
E85672,-399.76985129328784,-39.257633426222164,-0.4253113
E85673,-362.77151117235564,-154.99132719737761,-0.48534152
E85677,-230.67832164090615,65.07139397765428,-0.3409831
E85680,-74.46025177641516,44.511356979950776,-0.8565999
E85681,217.83831788410984,91.48069250423748,-0.35134545
E85682,111.6299988846277,43.372124508460686,-0.3409831
E85683,-278.9994942410737,15.537694979367604,-0.4253113
E85685,-131.83598303838642,24.038967549340168,0.35829774
E85686,-483.5669643077927,-237.94550695395426,1.9326622
E85687,-434.4020615629403,-0.9293502574869111,-0.4253113
E85692,-113.17374860338079,-11.61406975832383,1.9583894
E85693,-124.40753692832986,47.43249487066244,1.9583894
E85694,-329.07364975218553,26.259604580376486,-0.3409831
E85696,-48.156261378685976,40.39471854444317,-0.35134545
E85697,-55.92404801512083,-60.39934478533996,1.1783537
E85699,68.70698196875212,93.25659958020475,1.1783537
E85700,-320.4530986825118,-30.838800313367894,-0.35942015
E85705,-371.47464832428574,-15.773760629125421,-0.3409831
E85707,-102.96719890079179,27.32955062703951,-0.35134545
E85708,-171.84235192339486,19.409318925697338,-0.35134545
E85712,118.03841866277875,91.3744400305908,-0.3409831
E85713,-249.79319046153927,-4.524887912525814,-0.35134545
E85714,-307.7102299820159,13.49308355936192,-0.3409831
E85715,-139.42896026316166,56.48367334080527,-0.3409831
E85716,77.20900496609022,-20.26222035903524,-0.35134545
E85718,-262.01461222720883,-4.814466359529467,1.1783537
E85719,-111.10333115940227,-13.532324321029975,-0.4253113
E85721,-321.2105231911429,-18.013857966167127,-0.35134545
E85723,-132.92700017758511,23.672400706882296,-0.3409831
E85724,-352.0917955037555,-12.996819456992554,-0.3770727
E85725,-98.77311139934443,37.85383532312645,0.97718096
E85726,-308.7917558573594,-0.30517887731502463,-0.3409831
E85727,-211.91248821459587,-9.890643013329592,-0.3730126
E85728,-370.1445376867883,-17.74769341355624,-0.3409831
E85731,-202.13203268628584,48.383038961257135,-0.3409831
E85732,-287.1377059224184,39.615043028174824,-0.3409831
E85733,-375.04335819827503,-74.70619182823617,-0.3635391
E85734,-178.74535725486842,-14.470886448819373,-0.35134545
E85735,-165.31574102257846,77.29214963036276,-0.3409831
E85736,93.45650698748045,40.884600288481934,-0.35134545
E85739,135.2543070971192,223.72951207420502,-0.35134545
E85740,-356.7711496428956,1.3778661598078943,-0.3409831
E85743,-253.2784199170998,-8.167076582747422,-0.35134545
E85744,120.24677006027802,211.05926924996828,1.9583894
E85745,363.3690364062259,-53.844252153420314,-0.3409831
E85746,-342.4330513091512,27.30601681178654,1.9583894
E85748,-237.15270450221345,-66.51412991952792,-0.4253113
E85750,-61.295412296921015,21.442691080838266,-0.35134545
E85755,-374.8429078366841,-23.435628635165035,-0.3770727
E86001,212.54620462057704,88.9079853503462,1.9962658
E86003,-158.45180236321247,-40.12393555716309,0.35329524
E86004,170.41035342401477,-16.47211403666676,0.35329524
E86005,77.55687375870079,18.45453206679908,0.35329524
E86006,48.76023853090288,23.976830559368242,0.35329524
E86007,552.7298209532696,76.6025177009078,1.9962658
E86009,51.993899996974676,18.007609529140574,0.35329524
E86010,584.4684950020102,105.0810392542293,0.35329524
E86011,-93.23560335761333,31.096871995856077,0.35329524
E86012,267.6181943865328,9.60577885721647,0.35329524
E86014,-162.55337894033545,36.348898288669744,0.35329524
E86015,832.4790816530348,45.19091461543811,0.35329524
E86016,-4.043698275292862,28.812963601376783,0.35329524
E86017,331.7696321419888,16.628334934721643,0.35329524
E86018,489.5279773395405,-113.95907568723469,0.35329524
E86019,114.71330874389247,-7.117638507428113,0.35329524
E86020,-62.98874469997328,52.278350725914976,0.35329524
E86022,-165.5738424307104,-2.9305929709939833,0.35329524
E86024,-123.21531322956685,4.971206951929763,0.35329524
E86026,146.8346608305101,119.56118637007093,0.35329524
E86027,334.94309259431105,-24.979901156768797,0.35329524
E86028,76.98619364166282,65.66674026759385,1.9962658
E86029,306.72197403699136,109.452447573563,0.35329524
E86030,-255.625915261394,20.1785537633874,0.35329524
E86033,-40.55589548351807,14.42875117788194,0.35329524
E86034,-347.71050742402076,17.644128308853908,0.35329524
E86036,159.63144011936808,25.2934001728057,0.35329524
E86038,-119.28444437001468,17.32978127832858,0.35329524
E86041,-178.46971557575404,9.42979406419707,1.9962658
E86042,144.82971570378484,60.76223985184434,0.35329524
E86605,-299.572488966379,20.58232796186398,0.35329524
E86609,-227.0312542478206,-13.565228426994768,0.35329524
E86610,-265.6165878059506,-22.881359425495585,0.35329524
E86612,-216.57718280617286,-84.05126154280971,0.35329524
E86615,-334.44331057294056,-1.0536055612020494,0.97718096
E86618,-9.617178431212466,81.3764939774109,1.9962658
E86619,-349.133893890032,25.09840196998945,0.35329524
E86620,-197.6889518322367,6.510259808369666,0.35329524
E86622,-324.2786708983103,-25.06905005534126,0.34471947
E86625,-225.9324768561775,1.364915406115243,0.35329524
E86626,-106.71479187544404,-3.2006450562179154,0.35329524
E86629,-297.50872082490616,-2.1414723741839103,0.35329524
E86632,-68.36877470929967,-13.267370944305634,0.35329524
E86635,-371.5943160572366,-36.09857147199153,2.0048416
E86637,-22.81875367519337,109.09423850524348,0.35329524
E86640,-216.218852441945,36.67394265234788,0.35329524
E87002,429.0418822916411,124.99776745092952,-0.5975409
E87003,-159.59794452331263,34.755680775665915,-0.4253113
E87004,14.736276298954937,22.953537798215475,-0.16410828
E87005,-98.90593958542597,10.95538566895947,-0.5975409
E87006,-224.64695022902416,-32.90808062778175,-0.3860058
E87007,-224.54977418114547,12.83505870035813,-0.16410828
E87008,325.62907178829573,97.94050288631105,-0.5975409
E87009,-250.33602898583405,2.9614103722128897,-0.16410828
E87010,-215.2652172295896,-1.2462877141907935,-0.3860058
E87011,284.6603287917056,28.238853081949575,-0.3860058
E87013,-89.26739906948958,41.777810753569824,-0.16410828
E87014,-34.78478150743486,-98.32854476047912,-0.8462376
E87016,-186.89522818975522,10.990821879475948,-0.16410828
E87017,-369.5324079885799,-13.757851560328701,-0.55752075
E87021,-222.53898926579478,-12.168944521590923,-0.16410828
E87024,65.37720256386787,-30.22391025392712,-0.16410828
E87026,-74.29476676228533,27.13752837982242,-0.16410828
E87029,-58.16448950055075,47.88774840711106,-0.16410828
E87034,576.5483101809823,412.273244892934,-0.5975409
E87037,-63.74951099277497,8.600751386362475,-0.5975409
E87038,48.30995259153534,55.52515581938348,-0.16410828
E87043,-327.5798930598668,1.543216316107565,-0.16410828
E87045,-197.25437157468687,71.88756674074564,-0.5975409
E87046,-192.00856242187618,47.33977267114357,-0.3860058
E87047,-127.70481330578696,-146.40525072985122,-0.16410828
E87048,-387.6346277418451,3.7865539376945216,-0.16410828
E87050,-354.27954005171,13.678468891452075,-0.16410828
E87052,-139.846456023212,-45.7610680341522,-0.3860058
E87055,-347.98602353530606,9.232658196093267,-0.23271427
E87057,-280.9080997514562,-18.809153526388673,-0.21184316
E87061,-164.716358999016,23.695141539406997,-0.16410828
E87063,-75.52044833820446,74.3145578668034,-0.16410828
E87065,-261.4009912550694,17.619483303034446,-0.16410828
E87066,-37.622591691164935,70.08032088375761,-0.5975409
E87067,242.72113919389372,314.1084492428312,-0.16410828
E87069,-360.9440492064272,7.47741422941966,-0.5975409
E87070,-322.16252421533187,3.690108662427987,-0.5975409
E87071,-364.4073288630017,20.174945807508635,-0.23271425
E87609,26.797618245767485,78.09287372803145,-0.3860058
E87630,-445.72932033926276,-64.95001605539296,-0.8462376
E87637,420.3089656088902,398.91650862860826,-0.16410828
E87648,-382.46191695109445,15.468285387579893,-0.5975409
E87649,-426.068783251986,-3.8928225690003413,-0.23271427
E87663,-291.95808679436084,8.431758928072544,-0.3860058
E87665,-259.2487840834675,28.67462711562853,-0.16410828
E87670,-375.2632394902752,-61.74590627006177,-0.84623766
E87677,-364.5145516710274,1.7345830638508375,-0.16410828
E87681,-54.93796998902984,37.22317450072184,-0.16410828
E87682,101.34829278442146,126.60349324076971,-0.2024997
E87691,-478.4260600646252,-8.677623363881473,-0.64632547
E87694,-472.7713232046283,-6.525699970711311,-0.5975409
E87699,-331.0212060869488,9.034500704472745,-0.23271427
E87701,-227.25842718823137,23.4871199647864,-0.16410828
E87702,-442.21917228788095,1.8402343020669405,-0.16410828
E87705,-382.64550613032037,-2.2038809342596757,-0.8462376
E87706,-118.21713674599395,72.80351237120401,-0.4253113
E87711,-317.9291480816503,9.030082897638302,-0.5975409
E87714,-234.99728912477693,-7.903749746017736,-0.5975409
E87715,-281.5022621564548,39.13060924104004,-0.16410828
E87717,-458.6270479742661,-26.753107181606676,-0.8462376
E87718,-427.51562329170275,-72.20164457969518,-0.23271427
E87720,-231.0599504796777,23.397812997877043,-0.4253113
E87722,-356.10068039461237,32.869316974919116,-0.16410828
E87723,-42.6255572467229,61.28694804741127,-0.23271427
E87727,-291.67027517371446,-59.79469683169381,-0.48534152
E87728,-348.1027064848322,-14.245693891528052,-0.48534152
E87733,-109.10120074568351,51.3821511360125,-0.4253113
E87735,-398.8730490734536,-29.706358430280268,-0.16410828
E87737,-212.37011920383912,-13.409099273165607,-0.5975409
E87738,-111.93808072059143,135.94769249260392,-0.5975409
E87739,45.45287100172,-12.972872599480903,-0.5975409
E87740,-226.81711531079569,84.81159419363316,-0.5975409
E87741,-270.574607828301,29.64702452675533,-0.16410828
E87742,-350.941988296628,1.7866285961370831,-0.16410828
E87745,-268.36086737936233,-16.646029457257217,-0.5975409
E87746,-332.6974571729909,6.82488408333925,-0.16410828
E87750,-331.5454516971096,59.48303039848747,-0.16410828
E87751,-114.31097608021571,17.146642917206368,-0.16410828
E87753,-116.64766952150896,65.8300479347193,-0.5975409
E87754,-227.04529337310552,31.17760696983833,-0.3860058
E87755,-341.54154526235527,36.81868360446036,-0.16410828
E87756,-79.87078620187017,16.41101236036842,-0.3860058
E87762,-258.70253056017384,48.0789347521716,-0.16410828
E87765,-493.8070058179698,-19.657503707950532,-0.8462376
E87768,-382.2721960791915,6.557309427907786,1.1404774
E87772,-439.1882578912198,-14.460871664972615,-0.5975409
E87774,-478.99779300388707,-2.94405285605206,-0.4131623
F81001,580.1721039824746,140.9674937900977,0.76921904
F81003,-87.75754239299131,89.13417616655025,-0.09192905
F81004,630.4840783106672,162.72653569132245,-0.44424942
F81005,157.34307817043887,37.14997261464807,0.7777948
F81006,267.3658609598266,-6.892548587781646,-0.07978008
F81007,1037.6489130206016,410.62872080912575,1.8501207
F81009,557.225801251174,146.38148583717154,1.9859033
F81010,1237.7601875118862,272.73356459609477,0.5012269
F81011,218.67474815260215,129.8050259125667,0.98397005
F81012,356.33961965991205,53.184489098124594,0.76921904
F81013,248.65269001113003,89.29780103475794,-0.07978008
F81014,901.3334100733277,-119.85025774144525,0.9117909
F81015,632.9098490635338,387.0234086213547,1.9859033
F81016,137.8974812760022,103.77802318244824,-0.44424942
F81017,994.9115657662417,-167.06525720544255,-0.81693715
F81018,382.92891543137836,-298.9228094326215,-0.80669266
F81019,1767.9390832266984,722.0502186287864,-0.49391726
F81020,207.77814922109894,84.69396139518365,0.9117909
F81021,726.1980916580803,121.65539075260902,-0.81693715
F81022,1456.6854418981363,174.0039648742079,0.98397005
F81023,310.0083901159859,96.93804665732324,1.9326622
F81024,-25.98518074486435,50.24926615561541,1.5614038
F81025,342.93736896069146,88.28731939977202,-0.07978008
F81026,552.3022922706616,160.86882013856004,-0.81693715
F81027,1675.3817598003861,209.31380543783007,-0.44424942
F81028,207.10697300370472,84.24413719791973,0.76921904
F81029,180.6024583917629,35.5361352270778,-0.07978008
F81030,1440.8726571133325,201.5311881375596,0.9117909
F81031,418.31269756503,17.828548075076988,-0.07978008
F81032,-210.83146544064576,38.914845906874284,0.76921904
F81033,-257.0493516473484,-64.97571348635303,-0.08835582
F81034,296.87998653278345,86.84399222315733,1.9859033
F81035,-57.2470057966546,-176.63739995251643,1.5614038
F81036,951.4859342666326,160.8032344667551,-0.07978008
F81037,1096.855088890847,-210.6239069532432,-0.81693715
F81038,381.63242569833994,55.88039459911559,1.9326622
F81040,-47.87679606228307,13.68997362745362,-0.07978008
F81041,581.8768013912942,202.49265329652494,-0.07978008
F81042,2078.333756102896,1479.813763229757,0.76921904
F81043,1455.8355768838237,370.1382029755031,0.90321517
F81044,289.6016405185542,129.1745714013413,0.76921904
F81045,-295.3864847159075,15.717377776513867,-0.07978008
F81046,22.876316927306338,55.08152875878463,1.8501207
F81047,779.1707737171107,99.71431609198613,-0.44424942
F81048,406.15216212552065,35.29842152287868,0.10388388
F81049,811.0949270876329,194.70435299912478,1.9326622
F81051,397.16812672099263,22.84731721724037,0.76921904
F81052,1958.627954448459,405.29023542022725,-0.81693715
F81053,486.8657825711166,207.82632832131824,1.9859033
F81055,280.94061639849616,6.798163440875666,1.9326622
F81056,553.2150783440745,102.38922908561848,-0.44424942
F81057,439.5470408640488,105.93347350529478,1.5614038
F81060,91.56103885512319,-12.522826866554851,-0.07978008
F81061,424.54035077275745,84.41354730411672,0.76921904
F81062,93.7519840480757,18.085301944197116,0.10388388
F81065,-195.664856168902,25.555381046345335,0.76921904
F81066,40.66018570025707,104.85886143633573,1.8501207
F81067,1314.2839460257458,298.595040718738,0.76921904
F81068,1550.6352385976206,331.3294769841814,0.9117909
F81069,168.5895754085338,197.44974923274532,0.76921904
F81070,-159.158368015632,-195.6110473746493,0.7725818
F81071,378.54659011295547,52.93919771195231,1.5614038
F81072,211.2487656275415,88.61582062798963,0.90321517
F81073,-315.7052456902305,-139.59259619729423,-0.14970815
F81074,261.74548745377535,75.01443399384684,1.5614038
F81075,776.1297243690532,81.29342484780769,0.76921904
F81076,-90.48797940888977,18.929149097068763,0.98397005
F81077,-705.9587177377165,-574.5215935692171,-0.48534152
F81078,283.82764824189553,91.98134131982896,-0.44424942
F81079,595.6024771322851,-109.66400392348028,0.7719106
F81080,523.542617873108,121.34399221030583,-0.07978008
F81081,1835.178349605613,-61.60482700114299,-0.09192905
F81082,321.0921738898874,131.40132706905706,0.019913
F81083,461.28830598520176,61.985956032201834,1.5614038
F81084,102.1888179653992,-45.168135057689554,-0.07792994
F81085,591.0090748383809,127.49889502605203,1.9326622
F81086,213.10779885168841,112.31898951013389,-0.09192905
F81087,1259.319428253672,134.71890402680557,0.9117909
F81088,-181.5826845661737,-17.636757186059764,-0.07978008
F81089,648.7162135894674,126.65425363932299,-0.09192905
F81090,491.6799927380404,90.57139030386368,1.9859033
F81091,529.6145628616146,111.64511383276827,0.76921904
F81092,-112.15786183942654,55.683376869754994,-0.09192905
F81094,520.0820899918958,-39.96813905044284,0.7712679
F81095,1422.7579810964683,606.1061461010689,0.76921904
F81096,1059.0696978595395,123.91932458809082,0.76921904
F81097,1115.3302332838357,275.6022006683044,-0.09192905
F81098,302.71463298371634,139.7857389027869,1.5614038
F81099,1171.2401600203984,16.389633648670905,0.98397005
F81100,1521.8050770262785,550.8734698667716,1.5614038
F81101,-145.98664425902777,-41.76452196617771,0.76921904
F81102,-66.15055511216768,90.82805390768003,1.9326622
F81103,-513.8081954003948,-229.03364215617594,0.5973467
F81104,72.21684110528446,25.167559536581173,-0.07978008
F81105,1358.1295217865204,252.89403993781613,1.5614038
F81106,786.0434307686018,162.90952373656165,-0.44424942
F81108,1099.5807807886035,523.2538967546024,-0.07978008
F81109,98.01811341419229,78.09644532436593,0.7729287
F81110,328.99417857771067,477.71949788934467,-0.07120433
F81111,71.11547310658966,102.54705342185561,1.9859033
F81112,280.8573631254926,116.77505864749811,0.76921904
F81113,721.3222768217084,237.59611958507156,-0.07120433
F81114,866.6266098747935,87.70639790809314,1.5614038
F81115,1122.895497102128,666.25110024576,0.76921904
F81116,630.8827924542849,196.6590595363943,-0.81693715
F81117,600.45588984908,28.117571115113687,1.5614038
F81118,970.544331967213,70.40740646552716,1.9859033
F81119,473.5703255987423,111.94953167905871,0.9117909
F81120,1048.5634156017668,147.0951669254064,-0.44424942
F81121,33.41121313907557,74.00882227814175,-0.09192905
F81122,480.89929084649947,222.74057038820146,1.5614038
F81123,1145.6960863589527,240.95237074972113,0.76921904
F81125,649.5758921616582,17.778542708221178,1.8501207
F81126,868.0819888674636,83.35931898866497,-0.09192905
F81127,80.88488660846738,55.55428432664944,1.5614038
F81128,670.6788689684392,208.93700371689076,1.8501207
F81129,-233.72082339625743,-447.5745981819378,0.7777947
F81130,334.32759246774987,195.5751204122355,0.98397005
F81131,379.5325790898733,119.54392415033725,1.9859033
F81132,1639.289600714063,251.0875010546393,0.9117909
F81133,756.3630506616812,123.0212335305882,0.98397005
F81134,440.5022925641846,51.98896807981434,-0.07120433
F81136,282.83653318859734,379.8589630579509,0.10388388
F81137,189.72551846274226,87.06838507135842,-0.07120433
F81138,-84.4239601978026,93.94324334947812,0.90371615
F81141,60.00087362651388,98.9751590504068,0.76921904
F81142,63.47372541352095,3.431636823229081,0.76921904
F81144,1023.0648698769907,424.43848469100925,-0.09192905
F81147,-25.477591905348387,-27.18292823492763,-0.09192905
F81149,674.536113117998,-43.59000904190306,1.5614038
F81150,350.51302935328414,137.32098087880257,-0.07978008
F81151,144.18403004998495,-7.323304615733056,-0.080055214
F81152,458.7369430919283,83.24290655936898,0.10388388
F81153,914.9074454219683,110.25936304662488,-0.07978008
F81155,102.96744282068337,29.749522753680676,-0.07120433
F81156,1041.14965576683,271.7162002104966,-0.81693715
F81157,419.3367927498869,-49.32944962087699,-0.7966144
F81158,-21.96592541077668,32.1339216560371,-0.07978008
F81159,-0.960795841951011,119.73792127561595,-0.09192905
F81162,-239.68672230490128,31.035582299835877,0.88606364
F81163,137.22277796664375,109.35412337902369,1.9326622
F81164,476.46535988299246,255.41423697449247,-0.09192905
F81165,-197.23140908474215,4.902816825874158,0.10388388
F81168,15.834185413527134,37.29498620969648,-0.08062234
F81169,27.694906818252562,18.463634535153005,0.10388388
F81170,-104.53264293546053,83.96010267010969,0.76921904
F81172,-243.29942587128812,-145.69056226552598,-0.01617661
F81173,267.9786473537993,168.0988767553886,0.9117909
F81176,-218.07461969787465,44.19808456843471,-0.09192905
F81177,-110.77947085739928,67.18134444940598,-0.07978008
F81180,-170.40111737860022,-135.90449031562312,1.5356766
F81181,1065.7661930144166,274.82007085408924,-0.44424942
F81183,60.407722925778415,177.312895375125,0.98397005
F81184,-160.7403963434234,28.291497992489912,0.90321517
F81185,-242.357763719106,-45.66270846936903,1.8243935
F81186,285.1990958631166,169.29002839850583,-0.07978008
F81192,730.9877776723738,169.9955299381894,-0.07120433
F81193,145.56854621702888,116.80354298361313,0.98397005
F81195,-249.65129936024218,-11.924792562868193,0.9117909
F81197,-258.25059037600977,-50.98661421783662,-0.07120433
F81198,-213.8088944111649,30.264082758077166,-0.07120433
F81200,-184.00587623048114,15.786386500115542,1.8501207
F81205,339.1218276120845,272.0660548508263,0.76921904
F81206,393.9507206235308,122.96210229676191,-0.07120433
F81207,-328.0078310612201,43.46505017399138,-0.09192905
F81209,-201.17453941203394,25.89755059271963,-0.09192905
F81210,-161.0718514283353,-78.3454979735112,1.9687519
F81211,156.86506526326116,43.7372191146895,-0.07120433
F81212,1400.6009921357931,437.3752012243223,-0.81693715
F81213,411.38239889385693,405.54010717277464,-0.81693715
F81214,196.08161913463815,62.53668824157485,-0.088355824
F81215,113.20123990869364,93.28502290146335,1.9326622
F81216,-142.70260440432907,-9.516815871973675,0.10388388
F81218,-302.5737046906471,17.186824487292323,-0.07120433
F81219,5.375704626943121,45.29694342035311,-0.07120433
F81221,137.79741178646825,45.98210841134526,-0.49391726
F81222,-105.7873704919841,-8.18565986415337,-0.07978008
F81223,-170.2556808115536,-34.93683125575425,1.8501207
F81606,-54.52367724979179,106.59591304051705,-0.81693715
F81608,120.70331141724947,-189.11781273771967,0.5803634
F81613,291.4049434801723,79.53754944479793,-0.09192905
F81618,-25.146912848758436,-6.828955697846336,0.76921904
F81619,-167.8053164108334,55.69125554009572,-0.44424942
F81622,-115.57744372401886,27.77284392689706,-0.10583078
F81623,-241.2873152236287,2.353725202011046,-0.07120433
F81632,9.42544027385081,-67.13991954238716,-0.07120433
F81633,-94.10165488667421,19.704060507214592,-0.81693715
F81635,-268.9931699409197,13.000604247377636,0.9117909
F81636,700.9738039199254,205.1017063824444,0.76921904
F81639,-407.9248856625447,-23.782431537149222,-0.16053504
F81640,-23.113305867860483,149.42720573221334,-0.07978008
F81641,-56.98699248365517,15.574019498382686,-0.07120433
F81643,-736.1341171700349,-332.1230311666375,-0.088355824
F81644,-322.58496006827164,-37.40900747334717,-0.08151779
F81645,12.467838406449422,67.94386506923578,-0.07978008
F81648,-419.50758051093857,-18.598937919181047,-0.084579006
F81649,21.25987515139919,35.793394431581824,-0.09192905
F81651,-238.15532502326224,17.59714462895376,-0.07978008
F81652,-172.88194775918248,27.581194434506326,-0.07120433
F81656,-186.25865252477666,3.3240546882872715,-0.09192905
F81661,-345.8456865536548,-61.17968082339569,0.7777948
F81665,-172.42484541739125,55.7736839217001,1.5614038
F81666,-136.49275150525813,24.546365084785293,-0.07978008
F81667,-406.90987289671756,-62.52766442023838,0.7777947
F81669,125.49478261542521,113.31476367479732,-0.07120433
F81670,-26.479075482816214,5.171996533901709,-0.81693715
F81672,-174.0206357031056,-91.5443432337111,0.7725818
F81674,-271.3041180803063,30.54352425544219,1.5614038
F81675,-152.7918321874942,121.82013477577762,1.8501207
F81676,-396.8858855847925,-11.339550577669177,-0.16053504
F81677,-476.9607411275274,-110.87453377651777,1.8243934
F81679,268.70444903029943,130.9209542152437,0.76921904
F81681,2129.384834134664,995.3906593006999,-0.81693715
F81683,441.1494908241885,65.14071004972561,0.9117909
F81684,-38.19980894493033,87.86647839867162,-0.09192905
F81688,-232.29964102995444,8.896910350997691,-0.09192905
F81690,41.15973951847923,247.30159619523718,1.8501207
F81691,-130.61938978215053,3.3568457350429863,-0.07120433
F81693,-406.78809678599083,-6.599077398286477,1.5356767
F81695,-394.9928145508431,-3.6384122977132405,1.8243934
F81696,-285.41444968741354,22.585486014545115,1.8501207
F81697,-161.5592351228305,6.835788111945291,-0.07978008
F81698,-95.4042340464175,68.31918515511153,-0.08234089
F81699,-222.2730336895334,0.30039603125480446,0.7777948
F81700,16.799818000947983,64.90798333213307,0.76921904
F81704,-264.7699374203418,37.542523638428804,0.76921904
F81707,-176.84722260551717,53.45747365384482,-0.07978008
F81708,-179.8317094956757,153.39182140358676,-0.07120433
F81710,-285.1601084388258,-167.6582367887186,-0.088355824
F81711,-269.42080969678346,21.42551155430093,-0.07978008
F81713,-338.26039614280654,-21.482833452053423,0.76921904
F81716,293.88672684417344,199.63775976076326,0.76921904
F81717,-317.3921433044253,-11.87680787088385,0.95824283
F81718,-415.6598927697382,-52.54800705970162,0.77601254
F81719,-248.0773871041637,-67.62512557910384,-0.088355824
F81720,-214.83405886177576,28.961212171766988,0.7713788
F81721,145.77808663233725,78.47187448501745,0.76921904
F81724,-199.5437607423844,-54.182792546925285,-0.118831486
F81725,196.16781167656893,204.29983094658587,0.554468
F81728,-316.1956893453158,-67.44775992574402,1.9326622
F81729,-26.161084924853306,51.2501893791031,-0.07978008
F81730,57.081331791958036,63.722137096997876,0.9117909
F81732,17.51902805078914,336.8872132058521,-0.07978008
F81733,-235.13678641839238,0.3630141213264842,-0.16053504
F81734,-476.8370887025112,-53.10651350057336,-0.088355824
F81736,-284.69497813165657,-21.762904501657218,0.7777948
F81737,-373.670388654731,17.95722473576225,1.9326622
F81738,-298.8295001948493,-55.18464788683156,0.9831447
F81739,381.20526728495696,413.70901092872253,0.76921904
F81740,-157.49898184464152,35.296479980199265,0.76921904
F81741,953.4328360375064,531.1299577673533,-0.81693715
F81742,-314.0033115748908,-0.6441498684461421,-0.088355824
F81743,67.44942564920326,21.46639802824739,-0.08534835
F81744,-236.1721835676659,19.000969995976767,1.8501207
F81746,-222.80398729548375,52.58816972060756,0.76921904
F81749,613.3214552040691,462.8084187544513,0.554468
F81751,105.90042878084483,231.65529672974583,0.98397005
F81755,-414.22590517760676,-24.933977084510325,-0.16053504
F81756,-275.6703255400091,4.423838753647745,-0.08151779
F81757,207.4767928196711,125.2940359887699,-0.81693715
F81758,-138.4933846190697,-53.68557353617823,-0.49086112
F82001,71.75556897388938,8.068927173584294,-1.3068267
F82002,-96.53507505608736,69.70396375350398,0.5680463
F82003,-57.212302687118104,45.597970209507935,-1.3068267
F82004,354.01075215712706,-201.78007575697924,-1.3154025
F82005,-80.67748275266848,-23.75395796977884,-1.3068267
F82006,606.2412845394005,158.84288601417535,0.5680463
F82007,364.3808280157933,74.1522380264252,0.5680463
F82008,752.0873929076376,30.853668367352093,0.5680463
F82009,787.3243045342883,228.88182076405104,-1.3068267
F82010,138.73769119003583,118.04513211454226,0.5680463
F82011,620.5384914687372,-26.861225207312806,0.5680463
F82012,-55.24909417639528,-83.62360421943534,-1.3068267
F82013,668.8719752871503,93.97328150905781,0.5680463
F82014,415.5527659079847,3.3490376271518105,0.5680463
F82015,117.0211841193147,43.760455798854466,-1.3068267
F82016,231.23632281918074,49.966163285553066,0.5680463
F82017,612.619106916177,60.39318804919488,-1.3068267
F82018,519.6818758750835,-15.047439394589125,-1.3068267
F82019,185.34386253645448,21.527936048595187,-1.3068267
F82020,-290.0060040644742,-64.5310716482263,-1.3154025
F82021,361.8872340473152,-42.00401715309075,0.5680463
F82022,568.5007363145751,171.85152189888663,0.5680463
F82023,-216.44815093083858,-86.75364288076317,0.5680463
F82025,57.717683626684824,61.42414911383946,-1.3068267
F82027,-308.13818208126054,-10.21304713483901,-1.3068267
F82028,120.74079929781675,115.20314560733424,0.5680463
F82030,651.8666681161054,121.41473874971759,-1.3068267
F82031,-0.17959203844968266,14.224289606931286,-1.3068267
F82033,-247.86607168371376,31.385140643173756,0.5680463
F82034,-128.7161534124953,-38.69609993073776,0.10388388
F82038,491.6739615166795,20.525018412585982,-1.3068267
F82039,-218.65680129354863,13.845787779642396,-1.3068267
F82040,-279.04048044822514,-28.044014155855454,-1.3068267
F82042,482.02526567599693,170.33840354952744,-1.3068267
F82045,-232.94658858312022,19.143915702070593,0.5680463
F82051,595.7474522837798,124.183887500612,-1.3068267
F82052,-214.53543088977545,36.67747990221058,-1.3154025
F82053,-141.1742594749517,39.66458014829879,0.5680463
F82055,-130.01448461244482,97.88408767352374,0.5680463
F82604,-37.20193212338707,84.17781260136925,-1.3068267
F82607,-18.718306634995297,76.84189242493596,0.5680463
F82608,-430.5964463359455,-18.222803470976892,0.5251675
F82609,-221.4260178134327,16.9908744486212,0.5680463
F82610,-229.96460151093714,10.248901027567277,-1.3068267
F82612,-56.321545979412925,52.6394814983628,-1.3068267
F82614,-198.43411961964202,67.0383652192235,0.5680463
F82619,-329.51553703006635,-10.61471744377024,-1.3068267
F82621,-74.29685161705557,73.37534501191381,-1.3068267
F82624,-252.216361693324,-9.969016229773839,0.5680463
F82625,-22.105108696412074,44.07612347028099,0.10388388
F82627,111.27092144408206,46.106459359764195,0.5680463
F82629,-380.6576882091752,-38.913587169104595,-1.3154024
F82630,112.94704512137145,78.81844774743193,-1.3068267
F82634,-139.0819422725001,17.286102982436127,-1.3068267
F82638,-71.35982764654524,4.921606668771371,-1.3068267
F82639,-339.03444451749317,-7.954933539736324,-1.3071018
F82641,-425.38612819383553,-5.671084848655165,0.5251675
F82642,103.80462171280269,73.18748248650994,-1.3068267
F82643,-368.99190966166975,-15.144296218686742,0.5251675
F82646,-50.37902181785036,-108.96896953381794,0.5251675
F82647,-220.01076824588208,-5.025143954054175,-1.3068267
F82648,-207.20338776527535,-19.584711928453018,0.5680463
F82649,-40.891373497958526,4.621417819959277,0.5680463
F82650,153.84455450392235,127.60734721021451,-1.3068267
F82653,-354.53319552663265,-23.607620111557047,0.55621237
F82657,-472.7194854756197,-72.90920641492401,0.5251675
F82660,1757.42594841646,1027.9714982167156,-1.3068267
F82661,-269.8863471008338,-17.14106347976535,-1.3068267
F82663,-224.84783663071337,26.16369656662961,0.5680463
F82665,-251.47806972464647,-87.5620876135906,-0.009698987
F82666,-151.98239136353325,8.586589252836593,0.5680463
F82668,-170.1819099305445,10.935880736605856,-1.3127936
F82670,-315.9574261441839,16.26966309600868,0.5680463
F82671,-200.6008271702353,14.295912886398083,0.5680463
F82674,-101.25498296791328,52.82324120835697,0.5680463
F82675,-182.7732517743982,-36.993946544402945,0.5680463
F82676,228.20093513555918,12.986569504387356,-1.3068267
F82677,65.77071662915993,78.85794129643837,-1.3068267
F82678,53.114669129028876,191.40623597059167,-1.3068267
F82679,-163.94838423694247,4.24783448358097,-1.3068267
F82680,272.92513435134674,202.7305751086858,-1.3068267
F82686,-286.8485752283931,-19.515571393078574,-1.3068267
F82744,-413.4559060551322,-82.95794531306258,0.5251675
F83002,314.40814076280435,137.32420234400246,-1.1367412
F83003,-206.48564213453395,20.71297086667994,-0.3860058
F83004,-65.91982352143299,16.33691236389472,-1.1367412
F83005,-373.72254176480976,4.607294003415503,-0.5975409
F83006,255.61473141414564,127.33146972088811,-0.3860058
F83007,-41.33015829507014,4.086303044219794,-1.1367412
F83008,651.5277091805254,160.51147049310612,-1.1367412
F83010,338.71076382063814,151.9163209290928,-1.1367412
F83011,-184.13374490406545,3.4026888794027452,-0.3860058
F83012,81.82396122411245,67.23024827234407,-1.1367412
F83013,-431.7827745196897,-55.257414732999244,-1.1710441
F83015,330.7498972080856,88.28261857689793,-1.1367412
F83017,434.10235362424663,108.52087517658822,-0.3860058
F83018,378.13506692235967,161.54434823930026,-0.3860058
F83019,184.93491228213227,73.13981133335832,-0.3860058
F83020,171.6329537745411,49.601766394534934,-0.3860058
F83021,428.3820451347535,146.87423167469913,-1.1367412
F83022,520.1479402321088,107.94560343696939,-0.3860058
F83023,994.6280862075533,124.66664239699381,-0.3860058
F83025,72.21913735449829,106.71072307994957,-0.5975409
F83027,-8.376504340662157,85.67670663815329,-1.1367412
F83030,-242.37812866420327,-48.41009969157283,-0.55752075
F83031,-356.5844547974795,-90.40359639476031,-1.1710441
F83032,157.98019784154184,5.276648829328877,-1.1367412
F83033,-164.4876254483952,24.03161461943668,-1.1367412
F83034,-275.2258145295336,-8.139038018535723,-1.1367412
F83039,-38.15338159203599,4.209222646879366,-1.0559862
F83040,-363.36664127323223,-40.97563269046784,-0.84623766
F83042,-270.93829680232074,-8.537538491639463,1.1404774
F83043,-364.0618737332874,-16.282550768746745,-0.5975409
F83044,-288.0202062838859,-4.673860001679404,-1.1367412
F83045,53.52258185465662,60.15374085766444,-1.1367412
F83048,-97.16135998925634,64.75545361435597,-1.1367412
F83049,-461.65008827631226,-26.42230780331128,-0.55752075
F83050,-353.73342928131177,26.567408663891744,-0.3860058
F83051,-353.67371303888774,-69.06697691731908,-1.1475074
F83052,-235.49247850240081,-5.970900764525995,-0.3860058
F83053,-47.36213958408645,24.077759103431998,-1.1367412
F83055,-2.704507155539345,37.34120920642091,-0.3860058
F83056,-150.5262258497366,-55.217214308726895,-1.1367412
F83057,-132.8441640154575,36.873270536383984,-0.3860058
F83058,-146.5327665520407,22.244194022683857,-1.1367412
F83059,615.2983981944085,138.84007474801928,-0.3860058
F83060,81.8074875592046,31.160987700643663,-1.1367412
F83061,-269.4540930698598,48.92436078655894,-0.5975409
F83063,258.8296719058114,105.77616739101347,-1.1367412
F83064,-49.01869773367085,11.59966264601195,1.1404774
F83602,-472.5100248732343,-42.54083482052739,-0.55752075
F83615,-247.34946516823436,27.987903749305318,-0.3860058
F83623,-126.20346943786367,25.107049138072433,-0.3860058
F83624,-50.55132552307,59.60987808584634,1.1404774
F83630,-425.12805911379354,-90.14397159236398,-1.1710441
F83632,-8.328285090812537,254.79729588407565,-0.3860058
F83633,-403.3846288843944,-9.881473467181245,-0.3860058
F83635,-270.2518699772456,34.25575908273448,-1.1367412
F83648,-174.81243767470983,70.8562542065658,-0.55752075
F83652,18.09547203771615,52.15161139319648,-1.1367412
F83658,-212.9939949848102,7.270678945562269,-0.3860058
F83660,56.04124626605889,56.18567638078881,-1.1367412
F83663,-424.90087741120806,-112.70331602566701,-0.55752075
F83664,-38.962549746566225,77.42735240397448,-1.1367412
F83665,-8.346360406282576,102.98899934623724,-0.3860058
F83666,30.93054372322315,77.12291007774147,-1.1367412
F83671,-272.4749944436847,23.243265845963414,-1.0559862
F83672,-416.65802614307466,8.749415853251218,1.1404774
F83673,-85.2780100466326,32.4125622673566,-1.1367412
F83674,54.47069069711774,284.52384697540083,-1.1367412
F83676,-470.71385012947877,-6.9301801517166925,-1.1475074
F83677,-404.85926700655045,-13.900006145151893,-0.3860058
F83678,-223.8320720406468,19.708839858187563,1.1404774
F83680,-169.15756940758277,61.25714064776311,-1.1367412
F83681,-230.25598551157455,29.086018906605094,-1.1367412
F83682,-392.7260161585092,-8.21472389558314,-0.3860058
F83683,-131.9687220881665,16.408054543850234,-1.1367412
F83685,-559.7539656912546,-74.56535851956684,-1.1710441
F83686,-175.9760631502806,-3.7747561906305207,-1.0559862
F84003,386.2318979538244,161.2286023820732,-1.298251
F84004,975.1820206269488,265.1245853029537,-1.2346475
F84006,705.3582504655791,77.29998511513932,-1.2346475
F84008,240.78755586665403,6.713138766822594,-1.298251
F84009,252.39004777840313,91.50104368707125,-1.2346475
F84010,154.60125608424147,92.05275348501192,-1.2346475
F84012,407.49526171181304,62.23626921424031,-1.2192827
F84013,-62.07413357971098,27.922436971452267,-1.298251
F84014,200.28737885351464,78.67683321145243,-1.2346475
F84015,-25.615836126957856,15.56961412308225,-1.298251
F84016,551.2827073198998,121.76203370441412,-1.298251
F84017,1425.0197936683765,249.60132309837047,-1.2346475
F84018,259.03758229774934,148.28434599541535,-1.298251
F84021,42.044360155259916,52.903586821715095,-1.298251
F84022,19.87669713261352,-49.143546909808364,-1.2346475
F84025,41.89346731218178,285.05248487434983,-1.2192827
F84030,-225.16431366767495,65.79620260680872,-1.2192827
F84031,847.739910749642,158.1106408495723,-1.2192827
F84032,-304.73439736284934,-60.42330179443658,-1.2432233
F84033,106.18804908545383,37.828431607869604,-1.298251
F84034,876.320470290992,313.21666665972754,-1.2192827
F84035,-246.61058312433306,46.9607688734921,-1.298251
F84036,-111.03832772894056,62.177065183959854,-1.0559862
F84038,-140.68029499875394,21.064426154233463,-1.298251
F84039,118.89448178272863,143.30213765039196,1.1404774
F84041,197.2050302774791,79.30419629835787,-1.1367412
F84042,-444.8296955227386,-32.582300089113055,1.1747805
F84043,-94.39831033695968,-5.691978831794111,-1.2999356
F84044,71.08903502868746,90.4374967123448,-1.2192827
F84046,-279.3342871158993,-12.395404466679965,-1.2192827
F84047,711.0711719476012,-66.6796162394287,-1.2346475
F84050,392.8557958621096,202.532904815659,-1.2346475
F84051,-82.80346361614701,88.18660618299923,1.1404774
F84052,513.64988648842,249.1652792261911,-1.2346475
F84053,170.46303658101726,11.338722926844756,-1.2346475
F84054,425.6698249569425,162.3864358225259,-1.2192827
F84055,-279.69377631305287,-17.814117167379717,-1.2192827
F84060,-142.11064211411778,33.09267184242321,-1.298251
F84062,901.3433547413802,175.70914151782372,-1.2192827
F84063,-67.90734322702846,36.14500659258909,-1.298251
F84069,347.9584954367298,109.32419927353155,-1.298251
F84070,5.762379814428882,106.85318741601147,-1.2346475
F84072,-117.78948956895177,123.38084310312708,-1.298251
F84074,684.0130235164795,53.934075788301854,-1.2346475
F84077,133.20480483360654,86.31424264924624,-1.2346475
F84079,41.893299855168266,64.27233278760396,-1.2192827
F84080,-147.35742874528114,14.482720916215952,-1.298251
F84081,458.81357695192844,103.79710871998728,1.1404774
F84083,222.71160171586476,72.10716737040651,-1.298251
F84086,112.31793371056732,13.16001401566399,-1.2346475
F84087,741.6009653987752,182.55254106387162,-1.2192827
F84088,27.26952359232662,61.50243715966378,-1.2346475
F84089,-349.66230580935274,-26.49590106606657,-1.2432233
F84091,-23.00104254539037,-24.111922490453107,-1.2432233
F84092,69.5456581651111,80.3296797687759,-1.2346475
F84093,755.4046703444687,229.575317706833,-1.2346475
F84096,405.4235792684058,134.5648302467314,1.1404774
F84097,549.5272787461082,142.577822305281,-1.2346475
F84105,67.46554902713002,-7.228404323142821,-1.298251
F84111,90.37616708754801,80.37307672023971,-1.2346475
F84114,-210.7147351800847,2.2726462618829633,-1.2192827
F84115,-78.86517751087547,-17.393117709701105,-1.1367412
F84117,126.48570260587854,87.63644088934636,-1.298251
F84118,-73.9601510107378,42.85015657429634,-1.2192827
F84119,226.76743902898156,112.97483811917533,-1.0559862
F84121,762.8830671210936,146.74155556742687,-1.2346475
F84122,911.4866300171119,224.70559402903606,-1.2192827
F84123,99.21341474836106,34.06402064482853,-1.2192827
F84124,-169.96927972115552,44.461526186611685,-1.2346475
F84601,-122.77739215506824,23.247449824111495,-1.298251
F84619,-215.76157307667756,21.408379654094052,-1.298251
F84620,67.57226371431194,80.99747080929816,-1.298251
F84621,-216.144910088017,-46.534284609934765,-1.298251
F84624,-339.3297583146512,1.1792228315802944,-1.298251
F84631,-289.1824776980364,-18.52724997525251,-1.2357821
F84632,-324.91083562437643,71.59909131659153,-1.2973577
F84635,-149.88111221792408,45.078022373504275,1.1404774
F84636,-290.82260349899127,17.917793103496997,-1.298251
F84640,-133.5684956912844,41.41540618378148,1.1404774
F84641,-116.0104736149982,-38.09438310701473,-1.2346475
F84642,-108.410124213684,-46.12451154729121,-1.2346475
F84647,-164.04912536079885,89.3412728153441,-1.2192827
F84654,-356.205894917375,-83.72801167507586,-0.01617661
F84656,-49.06556334095174,83.86822182014002,-1.2192827
F84657,-5.408730709023654,79.77146485861098,-1.2346475
F84658,405.76701741574556,387.27230998741373,0.10388388
F84659,-494.0557685292707,-3.5024073184901643,1.1704713
F84660,-424.6244725353209,-12.76198637866501,-1.2346475
F84661,-228.25603611044696,-23.279854408203498,-1.2373391
F84666,-116.71246158947989,43.86552405197535,-1.2346475
F84668,-227.57140357562875,-5.145703174019414,-1.298251
F84669,221.85933313183654,239.2343115764456,-1.2346475
F84670,-69.82182341756958,-1.620607404046673,-1.2346475
F84671,-441.8039760067595,-41.46749496819301,-1.2432233
F84672,-59.886115797585106,162.63637320079556,-1.2346475
F84673,-406.01123856414677,-15.600125307216956,-1.2346475
F84676,-80.01169912428276,75.76604865884127,-1.2192827
F84677,190.10514681103223,114.84231300552214,-1.2346475
F84679,-170.5842401049542,-42.34439794467166,-1.2410227
F84681,151.25115621856304,38.87245858315867,-1.2346475
F84682,235.8957960918672,181.0984090237092,-1.2192827
F84685,-314.4821558817044,11.98372090508583,-1.298251
F84686,-353.8830820172012,1.011170322889751,-1.298251
F84692,-162.26302532643717,52.856904625710506,1.1404774
F84694,-307.90900077353916,27.866499820653267,-1.298251
F84696,-14.79204611281545,49.02608878941187,-1.2192827
F84698,6.987694439215683,91.71496651428104,-1.2192827
F84699,-407.2998511235931,-130.8435413314599,-1.2432233
F84700,-469.490270496582,-46.541842119392726,-1.2432233
F84702,91.39217337746477,105.49654349600718,-1.2528752
F84706,-278.26534532188714,17.776418948464126,-1.2346475
F84707,-622.4506567247779,-165.5262854530849,-1.2432233
F84708,-141.50546240856787,5.223142149173926,-1.2366965
F84710,270.604933043341,61.23471446068077,-1.2192827
F84711,-329.9529895160541,-15.972511050553853,-1.298251
F84713,-354.5420308872431,-59.949461673855744,-1.2432233
F84714,372.23537656126706,118.13895625109079,-1.2192827
F84716,-261.5375996241987,9.913417423797124,-1.0559862
F84717,131.6186076931174,103.99226549270134,-1.2346475
F84718,377.3311374268768,231.82735907013117,1.1404774
F84719,-257.4719376649802,-28.914903696088437,-1.298251
F84720,-73.05133545969737,33.976712117588164,-1.298251
F84724,464.64130127560213,168.75643717786735,-1.2346475
F84727,-309.32495009203103,-22.901427885457903,-1.2432233
F84729,-233.5328539074416,46.94125354547094,0.10388388
F84730,-13.486569538501955,160.98377780216154,-1.2346475
F84731,-447.37081298568035,4.428493946561418,1.1404774
F84733,-217.87177858675946,-41.61082014973212,1.1404774
F84734,-117.6678281471506,-85.6575571066639,-1.2346475
F84735,362.57716873679533,42.32480564181643,-1.2346475
F84736,-564.9661795284986,-180.96573492416763,-1.2432233
F84737,119.3315436946662,327.66039857439114,-1.2346475
F84739,-218.96158702844107,-32.611946357007945,-1.2346475
F84740,-193.63665063451276,84.69071344477771,-1.2346475
F84741,-149.5048491853564,29.348419720168263,-1.2346475
F84742,-328.7801146843487,-13.012749481362496,-1.2346475
F84743,-466.30072771947596,-8.624531105214686,-1.2367353
F84744,-447.39434105174473,-3.404454065893179,-1.2192827
F84747,373.9966766982042,185.01027935823103,-1.2186824
F84749,333.83620085995847,370.0130773497996,-1.2346475
F84750,-481.3053664052318,-15.002853686795174,-1.2321187
F85002,1878.179555092818,1499.2024580902676,-0.72081727
F85003,220.54856573070197,-209.5633119946422,-0.72081727
F85004,907.1310008465617,163.01021527336806,-0.72081727
F85007,591.4289303491619,293.2518962424647,-1.0559862
F85008,667.4817334005974,-79.07811036059533,-1.0559862
F85009,-31.149647603941084,34.894629916930306,-0.7379688
F85010,167.30810455221888,95.7882925743283,-0.72081727
F85011,-302.9224372785037,-71.72701706203122,-1.0988649
F85013,106.02103172401809,44.8595441302945,-1.298251
F85014,166.53667090492164,26.330148212404385,-0.3860058
F85015,-182.38937051641858,-68.13668435045426,-0.72620046
F85016,-102.50212381073408,34.13748531417357,-0.72081727
F85017,253.82167258837424,19.199650810054713,-1.0559862
F85019,762.7819895363286,185.30428096774043,-1.0559862
F85020,59.473892028959845,28.46393071722446,-0.72081727
F85022,-425.42245626904014,-58.80918008148379,-1.0988649
F85023,11.489952336576877,119.08586798554789,-0.72081727
F85024,-370.36825916696813,-54.710455405446375,-0.72081727
F85025,656.4658352319947,56.851887924304854,-0.72081727
F85026,-360.95497493506554,-99.43134064144012,-1.0988649
F85027,326.2202510249236,-310.0904182897538,-0.72081727
F85028,-143.69846098645928,-64.62402261906743,-1.0559862
F85029,487.77665785025505,76.57396300318787,-0.72081727
F85030,941.4028403076347,147.76894454946037,-1.0559862
F85031,96.88260671884721,47.11678816071425,-1.0559862
F85032,-55.560351433187634,16.826734117397358,-0.72081727
F85033,838.6340776617711,502.86117611872953,-0.72081727
F85034,-240.92654976930248,6.732637851899429,-1.0559862
F85035,203.1162659872505,15.649034574560622,-0.72081727
F85036,-244.87700101733077,3.792614403930622,-0.72081727
F85037,-407.07284591111977,-43.610175236654655,-1.0988649
F85039,-85.11430863520378,34.27665316046069,-0.72081727
F85043,-232.12993682601248,-3.6386957179832042,-0.7206457
F85044,-129.95757562083995,12.958926900500293,-0.72081727
F85045,-185.84769552043812,-53.14151470234206,-1.0559862
F85046,-282.65975639102413,-3.2493977872137303,-1.0559862
F85048,-133.82877828677115,-40.001273388242474,-0.72081727
F85049,-358.92629720226637,-33.163273976240056,-1.0988649
F85052,-397.81150549610743,-1.9633050486175077,-1.0559862
F85053,-238.54251634390525,-182.71990385957812,-0.72081727
F85055,-198.65974510740747,1.5050081955397636,-0.72081727
F85058,204.4993050373534,47.37850541965694,-0.72081727
F85059,-333.98985721849164,-45.58796014519825,-1.0988649
F85060,-49.290008268426945,36.59583086961674,-1.0559862
F85061,-265.68901243146155,25.362210278917605,-1.0559862
F85063,108.6286348374961,69.66484221544923,-1.0559862
F85064,-151.98345371242922,-14.064586362674575,-1.0559862
F85065,-212.80970774542794,-10.343025865695076,-1.0559862
F85066,462.5276045846936,116.39881302937094,-1.0559862
F85067,-176.75704904329464,52.85510350778446,-1.0559862
F85069,-78.41764052986191,52.85383408355151,-1.0559862
F85071,-75.90654664831094,88.01789213200371,-1.298251
F85072,152.3790998239418,178.29465019241323,-1.0559862
F85076,643.7464659452601,-121.36237255138207,0.554468
F85077,-258.96436728717373,12.097567773309207,-1.0988649
F85615,-29.963121957512342,11.631569742484658,-1.0559862
F85623,-205.10972958709613,14.953574345815843,-1.0559862
F85625,-106.53134050813793,-7.323355877913753,-0.72081727
F85628,-245.14664586404137,40.147906142899174,-1.298251
F85632,-404.49311279352844,-16.203502737374,-1.0988649
F85634,-279.95249704825505,-9.769289941631396,-0.72081727
F85638,-548.3692150004015,-159.1936715755891,-0.7379688
F85640,-158.26055497145,60.516675617720736,-1.0559862
F85641,-398.4631105498466,-106.84230505567872,-1.3154025
F85642,33.28987352333966,94.19356871905859,-1.0559862
F85643,-212.95476073467086,-11.302413058806206,-1.0988649
F85645,-360.09964388689946,5.566633668024467,-1.0559862
F85650,-46.31884317615536,41.66482709710683,-0.72081727
F85652,-64.39519042301146,-87.66050230654487,-0.72081727
F85654,-116.71648103631185,13.851760486774475,-0.72081727
F85656,-341.0912358015897,-6.177042105448709,-0.7213676
F85658,-356.4766890838058,-37.76658566688692,-1.0988649
F85660,-433.82963296309197,-70.17828208397995,-1.1710441
F85663,65.44911002682721,-39.230785112119726,-0.72081727
F85665,-465.04219434884993,-45.78483702586252,-1.1710441
F85666,18.20945239347648,19.70156323563714,-0.72081727
F85669,95.82663313047097,96.94908961967256,-1.0559862
F85675,-64.06384321785956,126.22478005082596,-1.0559862
F85676,-60.82982488564513,88.8283279752271,-0.72081727
F85678,-242.8307078487675,8.752854375654566,-0.72081727
F85679,-316.4983310794587,-1.560658861614541,-1.0988649
F85680,-336.8260825711635,11.499357600975594,-1.0988649
F85681,-340.3003973994324,-85.12228668147371,-0.72081727
F85682,-205.12541544755481,1.3969348816932783,-0.7204708
F85684,-79.94303295675819,-135.08561372814913,-0.72081727
F85686,-325.16997900365317,-55.485284125384936,-0.72081727
F85687,62.794060941364464,-23.152352820063005,-0.72081727
F85688,-101.49710252234658,41.13429472143561,-1.0559862
F85697,-309.1342542231582,31.994924497667753,-1.0559862
F85699,-315.7835089806555,-31.002414224754514,-1.0988649
F85700,-167.14046530230993,125.60502878336877,-1.0559862
F85701,138.92581850357598,96.01949077408857,-1.0559862
F85703,-165.54139602826535,-3.455084338516925,-0.72081727
F85705,148.92692847089054,330.31647041710517,-1.0559862
F85706,-346.98487597115036,-93.33366303501924,-0.7379688
F85707,-260.0899727446404,-41.29091698082237,0.554468
F85708,-456.6708662892495,-12.821450608930176,-1.0988649
F85710,-481.58838334423564,-28.286842613243422,-0.7379688
F86001,161.38734183947687,48.86724605119095,-1.0852866
F86004,485.5538537765581,44.69442302711112,-1.0852866
F86005,23.256015839404466,-61.54064816346037,-1.0852866
F86006,-46.42640988766443,-47.457184341191656,-1.0852866
F86007,517.0126883624534,88.41093143476893,0.10388388
F86008,48.323211180047394,32.893621375624164,0.10388388
F86009,24.16703543566031,-47.746838174668156,0.10388388
F86010,485.12643116933504,-17.583769908232963,0.10388388
F86011,217.15389965276293,140.89001317407104,-1.0852866
F86012,256.89423639349883,-4.982810563866286,-1.0852866
F86013,-131.35931376529632,-10.565596430819614,0.10388388
F86018,239.66505051864644,113.02377206432232,-1.0852866
F86020,-135.60559701821964,9.737283863319638,-1.0852866
F86022,489.1918868900366,89.72229231900543,0.10388388
F86023,1.45501108769852,22.858940274818334,0.10388388
F86025,433.0391760506193,142.9693060040513,-1.3068267
F86026,44.72027287888185,-8.618938394952776,-1.0852866
F86028,175.77299259724035,65.34346384181573,-1.3068267
F86030,38.2358132469859,68.2555589294667,-1.0852866
F86032,76.18215242876448,44.95518831341599,-1.0852866
F86034,-69.41955901466298,-26.846786481551607,-1.3068267
F86036,484.85925094133404,76.8792754805997,-1.0852866
F86038,447.05926440610614,5.9589267425123245,-1.0852866
F86040,41.53315236505835,28.242076678294232,-1.3068267
F86042,-101.31657803656566,-52.7169295195416,0.10388388
F86044,-102.67407386676386,7.33708998942065,-1.0852866
F86045,-305.4006143818947,11.723320272230003,-1.2346475
F86049,-340.43897506768565,-37.48053054247258,-1.1710441
F86057,46.698946515072784,-25.784132043660716,0.10388388
F86058,323.7756528967661,116.79132480926141,-1.0852866
F86060,385.8415549245335,106.5389293059035,0.10388388
F86062,-123.76657461048462,23.937855556036055,-1.0852866
F86064,-165.3921196169672,-15.696391237537664,-1.0852866
F86066,53.02590932677527,48.605124916767785,-1.0852866
F86073,-282.533053550311,-45.11584196568419,-1.0996168
F86074,250.72098796129671,26.108615074442177,-1.0852866
F86078,72.04222009516045,47.73237138704943,-1.0852866
F86081,-207.87056867977245,15.825410070390731,0.10388388
F86082,-80.13386659600353,120.01354689585648,0.10388388
F86083,98.94946195437677,64.46990340438992,0.10388388
F86085,-260.9749597234742,-47.32305380966574,0.10388388
F86086,-72.20413266305185,41.80919999438854,-1.0852866
F86087,-161.79582409397415,-29.39028115716896,-1.3068267
F86088,-197.11122162710396,55.90352009826264,-1.0852866
F86607,488.41462431534495,70.76614049585544,-1.0852866
F86612,-236.48275323612367,-15.449447323199777,0.10388388
F86616,-114.69211245326953,67.87539175095019,-1.0852866
F86621,-217.12085699847523,-27.50146949563561,-1.0852866
F86624,-354.67269465441865,-10.640654548833812,0.10388388
F86625,-53.152738858943884,-1.9724940675222251,-1.2346475
F86626,-229.58281375467067,-19.76218032879682,-1.0852866
F86627,730.5669055905187,45.07131956255985,-1.0852866
F86635,-378.81944782344465,-44.85683731362043,-1.3154025
F86637,-206.63645920128533,26.808750264953606,0.10388388
F86638,-95.61269716308064,32.01716148785648,-1.0852866
F86639,-137.11526364185204,20.695477254911374,-1.2432233
F86641,-92.92496302332992,56.715538676946174,-1.0852866
F86642,-215.2049006102592,-17.01743665072923,-1.3068267
F86644,180.11496443768596,-2.915851215461743,-1.0852866
F86650,378.54761809885224,53.68873698295504,-1.2346475
F86652,109.65760181077871,29.690341629296267,0.10388388
F86655,-351.5241997259489,0.901799335489299,0.008774232
F86657,-136.20943381331332,7.95580998178986,0.10388388
F86658,-247.88734397209325,22.676177421898686,-1.0852866
F86664,-17.64178124781778,20.466698970118912,-1.0852866
F86666,238.07797481426078,264.7256453768322,-1.2346475
F86675,-303.6280232405935,22.784062175886604,-0.01617661
F86679,-188.47673781662198,50.06194766043346,-1.0852866
F86680,-538.7566353544811,-120.24228869906962,-0.01617661
F86686,-348.3545962939976,-339.78829779048596,-1.1710441
F86689,-260.34895570207124,56.39062775005789,-1.0852866
F86691,-29.33111128535905,123.29587269089353,0.10388388
F86692,217.1543584209598,176.85474379917815,0.10388388
F86696,-200.77349553671837,-17.058821902956467,-1.0852866
F86698,-259.5249623241145,21.85793159080834,0.10388388
F86700,-234.58465909938806,2.242735243905174,-1.0852866
F86701,-276.71446179898686,-28.247437504596643,-1.2346475
F86702,-219.30255058040993,31.10691246800115,0.10388388
F86703,-208.00498252728792,49.310256624048435,0.10388388
F86704,-422.1062988013489,-20.131787918347882,0.025927935
F86705,-330.73994031017844,-17.96426717039971,-1.2346475
F86707,-39.32386076624851,51.947581713315216,0.10388388
F86708,-254.93397050808161,-11.14535022168597,-1.0852866
F86712,-302.9445450059046,4.232539695835317,-1.0852866
F86731,-195.77030752669904,11.118528696251865,-1.2346475
G81001,430.30360767706367,94.40846998788794,-0.030112201
G81002,323.001828799658,-37.33995159124285,-0.041903853
G81003,1164.5457221986837,179.26321414845577,-0.041903853
G81004,964.584182541963,25.106620609911886,-0.041903853
G81005,-225.0342470594657,-149.464210641839,-0.12444544
G81006,426.8221418957705,187.6988574794408,-0.030112201
G81007,155.55243400046774,-21.856815916873753,0.91357744
G81008,1049.740991627873,181.44112361163215,-0.041903853
G81009,163.0470224743194,-22.359318583941366,-0.12444543
G81011,891.8058655528081,208.0997833218482,-0.030112201
G81012,259.72496586392083,145.5895064712394,1.6818216
G81013,975.2670890127462,953.2193344396718,-1.1015717
G81014,38.01589294136401,49.9682766906066,-0.030112201
G81016,514.7593915856645,76.46363018723018,0.91357744
G81017,651.7955647670593,89.75531571185165,-0.041903853
G81018,145.94740060880324,-13.624366653698626,-0.030112201
G81019,315.15166679138434,68.7801494189119,1.6818216
G81020,-406.00374135417076,-28.894807095053324,-0.12444544
G81021,102.55738709073623,37.47987810595502,0.91357744
G81022,1555.590724794822,200.0844904214078,-0.041903853
G81023,264.691682755584,12.872184074847087,0.28290263
G81024,253.0486043632817,37.447157962433444,2.221379
G81025,787.5841079923742,145.43974144722287,-1.1160164
G81026,513.1563545247965,130.88480802068148,-1.1160164
G81027,15.920506446459008,15.82180196690069,-0.041903853
G81028,574.5852361981314,75.39028588226319,-0.030112201
G81029,1058.128779950312,120.19149494942658,0.91357744
G81030,186.242188860948,28.9432304019219,1.7607899
G81031,721.5403424478556,136.03575641631105,-1.1160164
G81032,430.31471962879,63.543071629731834,-0.041903853
G81033,67.42291939968592,-164.43810559931055,-1.1064185
G81034,967.1058998675869,370.9269511398208,-0.030112201
G81035,530.8245403831027,-43.75996493837402,0.91357744
G81036,263.2750567592673,-26.052805779869303,-0.030112201
G81037,112.78176041152474,26.09712638234389,1.6818216
G81038,367.00852015241486,35.352591258402356,-0.030112201
G81039,969.9929131407454,272.31819660166315,-1.1160164
G81040,-227.0780017764718,29.603137491735755,1.6818216
G81041,1425.4604901423202,-1.8880152243123225,-1.1160164
G81042,192.46626248474834,75.6390994707904,-0.030112201
G81043,118.01344889044783,43.806878638244044,1.6818216
G81044,-193.76320022443588,-8.940096963426248,-0.030112201
G81045,40.649898397680396,78.55701705877237,0.91357744
G81046,590.6159979282446,87.6144930920531,-0.030112201
G81047,-14.529922232682543,24.87196460581202,-0.030112201
G81048,526.8471257052183,100.8023583064914,-1.1160164
G81049,383.3628742700831,104.13518074029493,-0.041903853
G81050,913.0702500964954,92.41563981596495,-0.041903853
G81051,536.8207355969821,143.1140733159086,-1.1160164
G81052,-55.35528692996365,17.757205065132315,1.7607899
G81053,311.719375548978,151.3071218298255,0.91357744
G81054,426.8901898682597,136.18328484025446,-0.030112201
G81055,366.2564756620974,56.46628431321799,1.6818216
G81056,169.23722029390476,-4.670580476663689,-0.041903853
G81057,231.02265125423853,80.26474178565586,0.28290263
G81059,973.978221577574,44.133573739630194,1.6818216
G81060,-604.152727779187,-384.5146190341202,1.7161247
G81061,226.48747433617567,85.17928839902744,0.91357744
G81063,-237.0981012266787,-36.58122415483191,-0.12444544
G81064,-13.864506311720714,64.61648534420092,-1.0988649
G81065,240.24879295216604,131.30652931131397,-0.030112201
G81070,433.4899084858236,560.244974754535,-0.030112201
G81071,-273.31227741956485,37.70651646088088,-0.030112201
G81073,286.62532854448835,100.43142136079194,-0.030112201
G81074,871.4545653931654,670.5019006174632,-1.1160164
G81075,623.4236521426901,177.6018203710465,-0.030112201
G81076,259.8790089444103,69.70088575820812,0.91357744
G81077,259.7303482521707,61.69116919285532,-1.1160164
G81082,58.91499060672789,31.31047438484045,0.28290263
G81083,-10.003257743324658,98.77013035594281,-0.030112201
G81084,638.9175538692497,562.4174859998241,-1.1160164
G81085,9.084850825287443,2.707289056522031,-1.1160164
G81086,2.312433254774774,34.07561048936863,1.6818216
G81087,249.33095696817983,118.05429051216818,0.28290263
G81088,687.4466755931855,128.68871379249595,1.6818216
G81089,-81.90207090624173,68.21864122485309,-1.1160164
G81090,-38.91893278031632,-0.6845946440330637,-0.030112201
G81094,-242.09768012383998,-11.841908333259196,-0.06710306
G81095,568.4307980219776,574.8282041967669,-1.1160164
G81096,-116.91517206566532,6.111548763514906,-1.1160164
G81097,-101.96126415298696,24.020505839585503,1.6952728
G81098,191.88949926815616,217.88669156408196,1.6818216
G81099,481.41682766719896,125.30829747231401,0.91357744
G81100,772.3365359460855,280.3932715757855,0.91357744
G81102,718.2658889757687,268.01158324290583,1.6818216
G81103,42.408414464797254,30.80118608599286,-0.070919275
G81104,686.5224832517079,231.8054838598725,-0.041903853
G81105,327.17169912058165,143.2837148644012,-1.1160164
G81611,-163.3405390841063,13.930574824778821,-1.0988649
G81613,55.6445101622107,101.30567461471595,-0.030112201
G81614,-40.595664708276516,49.60876000035856,1.645732
G81627,-349.872698791385,-19.583322066545726,0.92215323
G81634,-144.72594716721136,81.13819530262433,1.6818216
G81636,-203.2058567825818,6.964620646799739,-0.12444544
G81638,188.81221700996912,226.9529257052568,-0.030112201
G81640,-268.53380206835857,32.06082830632721,-1.0988649
G81641,-93.37091271750118,101.15364774743028,-1.1160164
G81642,-312.8481990702183,-39.54442677015157,0.92037106
G81643,-58.67631743895177,-7.208691556453902,-1.0988649
G81646,-353.00843029713286,-11.583799051420176,-0.030112201
G81649,-117.30058106632333,-73.0289121190123,-1.0988649
G81651,160.21792964502563,32.777289609573444,-1.1015717
G81656,-102.44168490121703,0.4692846058758725,-0.030112201
G81658,1053.1784580635745,619.9625878646372,-1.1160164
G81661,-334.0197205322153,-19.44857361455857,-0.12444543
G81662,62.773053170303086,-9.703480475585923,-1.0988649
G81663,-61.57237655790303,73.970835024319,-0.030112201
G81667,-324.5841056651372,-16.886730691177114,0.91357744
G81668,-470.063876396436,0.0704159867700789,-1.0988649
G81669,-80.66961024035668,81.43266354745262,-0.030112201
G81670,-484.35842326794153,-8.225257205783592,-0.01617661
G81676,-67.53073967961764,0.3050289491356202,-0.12444543
G81677,-490.29180470622674,-10.41763960870088,-0.08627374
G81680,255.78086314884254,280.3297425598185,-0.030112201
G81684,-310.0294449285097,10.105539931399225,-0.030112201
G81685,-355.10758182352225,-58.83543035952538,1.7161247
G81687,-265.6978016105001,-200.52813593619166,-0.12444544
G81689,-110.20156802669224,165.76499707225477,-0.030112201
G81692,-353.9927665705139,-189.33768223647925,0.9221533
G81694,-349.68697748456384,22.209413223912044,-0.030112201
G81696,-471.756218065182,4.104843109119804,-0.04206698
G81703,-472.1743403597341,-2.3042043888916295,-1.1251119
G82002,317.3836030217109,203.43472789952207,-0.069417715
G82004,-63.211661418463194,17.03270672187714,-0.3409831
G82006,617.3124975312476,34.28854688641817,0.5012269
G82007,468.8225874112364,-96.98208263983864,-0.23950338
G82011,134.87826872476722,131.15962669545183,-0.05903302
G82012,12.432442356711524,-1.641197806593956,0.74261886
G82013,760.1841717076873,97.99237500893871,1.645732
G82014,1288.4492286797313,282.46468070365677,-0.0676311
G82015,459.50787632519683,107.91386073914697,-0.069417715
G82016,221.81926352765714,11.468702800027451,1.6303672
G82017,624.1549758291915,477.37657397797324,0.9514537
G82018,95.78318542173913,-28.40298954444336,-0.23950338
G82019,841.1050500720603,73.32279640024154,1.772939
G82020,1258.9573951812433,235.1465938888418,-0.9269926
G82021,957.9626398035394,141.9844362623457,0.019913
G82022,367.3293205289088,45.78610723938396,1.6303672
G82023,273.7379585156798,146.08984175301453,-0.39243758
G82024,348.08929780484857,161.81045985717347,0.9514537
G82025,514.303495223407,330.43204863914065,1.6303672
G82026,137.9005741907839,52.610170044462556,-0.39243758
G82027,688.9696161464736,343.87122245364907,-0.39243758
G82028,460.50074995002353,-23.981954290173455,0.84139824
G82029,87.00403107767035,-74.02505391084482,0.7439057
G82030,-274.15303537645616,-206.4504685017216,0.99433243
G82031,542.860544462776,158.49766868085342,0.9514537
G82032,688.001222198711,106.3596552356626,0.019913
G82035,327.26264465256173,101.65149039425228,-0.39243758
G82036,567.1513730892273,101.1163267573839,-0.069417715
G82037,1084.7634086037194,194.98991310698744,1.645732
G82038,473.5267270872283,86.08440350323242,-0.069417715
G82039,996.7368719374738,273.38035980753403,-0.39243758
G82040,-154.697918479425,-32.459156148653385,0.7417052
G82041,337.8531235656146,297.07964299900385,1.6303672
G82042,873.6082501613498,151.06496602075416,1.6303672
G82044,226.07665615806732,35.16885938283358,0.019913
G82046,630.4780792550948,-21.20577421892478,-0.9269926
G82048,369.791877899396,77.98998007032668,0.5012269
G82049,-201.62726793777836,-16.711866457112286,0.54589224
G82050,1453.932386078824,542.2764727315936,0.54589224
G82051,623.8019465481103,231.99711308234131,-0.0676311
G82052,1685.3789514469895,631.6747392851848,-0.9269926
G82053,49.06841556556286,147.90345550716808,0.54589224
G82055,149.91937193950062,99.35214820392424,1.7607899
G82056,102.17430687894586,-27.90639521756071,0.5012269
G82057,1313.8643303980011,250.8996777735774,-0.39243758
G82058,400.6466114443789,65.52699091710039,0.9514537
G82059,1165.0335019600068,257.28694837521573,1.6303672
G82060,1176.553142064152,200.11203670863063,0.7502809
G82061,-306.5733079012619,-14.454986664593195,0.7417052
G82062,-238.81437065659654,21.614301328291376,0.019913
G82063,436.0057305356555,94.51879496898384,-0.9269926
G82064,692.4547652041032,487.33057595342507,-0.9269926
G82065,-306.6546680832504,0.25391027299992214,0.9514537
G82066,864.6106466443103,64.609818985244,-0.9269926
G82067,391.0105972587138,-117.42922890154553,0.019913
G82069,327.3032629101621,-0.41664295074675356,-0.23950338
G82071,2905.2136263368443,572.875089578226,0.7502809
G82072,19.067684669396968,96.84114863992055,-0.23950338
G82073,452.9170643362442,40.591621865625264,0.019913
G82074,833.9897581608884,217.21496065766794,0.9514537
G82075,-48.284998956782765,-6.654758258782739,1.7114377
G82076,827.7739790486861,199.3721991315639,0.9514537
G82077,955.2002647210202,212.92103599221912,-0.0676311
G82079,655.054723870623,139.3457300368758,-0.9269926
G82080,945.7811343156959,479.1561014167011,0.54589224
G82082,442.96497984922684,183.15506076659636,0.7502809
G82083,1108.7445177959914,224.08840516819373,1.6303672
G82085,623.7473719678726,36.35134237654853,0.019913
G82086,678.9177920452975,231.85405247733567,-0.069417715
G82087,1253.1093198696656,345.54449674890776,0.54589224
G82088,-69.97446553558898,8.11551931047085,0.5012269
G82089,204.117277851912,98.51596963324151,0.9514537
G82090,1566.619835500697,329.86213142711284,0.7502809
G82091,469.3408051247922,197.5917022516787,-0.069417715
G82092,57.28317172811099,63.67909113672313,1.14548
G82093,582.2072953599379,198.90823640979468,-0.39243758
G82094,623.5979900778658,205.01053817228237,0.54589224
G82095,809.0513011212086,191.86484397061946,-0.0676311
G82096,-259.65163178545777,20.80345637312345,0.019913
G82097,1125.1800498896341,124.97140335331201,0.5012269
G82098,79.39214197305655,37.877039851770355,0.9514537
G82099,1224.0688651078935,297.46644987023035,0.9514537
G82100,399.3185787710802,320.56795040471144,-0.0676311
G82103,-135.27221401377284,-62.06692209124657,1.6303672
G82104,-316.2640512403065,30.802777921903402,0.9717764
G82105,1700.6941537139455,482.9488703299565,-0.9269926
G82106,-0.543846276975372,115.03936146297337,0.019913
G82107,638.5536933719385,169.27925732169808,-0.9269926
G82108,230.6120275616293,85.03595584550072,-0.0676311
G82109,-89.60539070755033,1.288158691973691,-0.0676311
G82110,-38.24405084801085,-8.563035582382275,1.645732
G82111,408.5990848684043,72.27142048522465,-0.069417715
G82112,293.2710575447449,105.75517704643671,0.9514537
G82113,424.35706558453074,127.76897198573431,-0.0676311
G82114,1196.390928091906,166.66698276154335,0.54589224
G82115,191.76799279509956,42.33406258488957,0.7502809
G82117,260.2166920942276,106.04029009452772,-0.069417715
G82118,597.0609308947502,169.09905340254048,1.6303672
G82119,1958.8288283572374,644.0501730373151,0.7502809
G82120,714.0177224800988,150.3824236000963,1.6303672
G82121,679.5199608769279,144.71547379063003,-0.23950338
G82122,898.419615851963,276.72340882068903,0.5012269
G82123,77.90578641344649,193.566930773457,-0.0676311
G82124,-116.06987905969717,70.30980328232332,0.5612571
G82125,213.26180665705428,66.19855215775718,1.645732
G82126,1364.0855275967726,283.0232890908741,-0.9269926
G82128,201.64204965597858,34.72879554617954,-0.069417715
G82129,-21.680233701547376,23.758394942139194,-0.0676311
G82133,284.9061409871952,29.422477654737182,-0.0676311
G82135,790.3106727026286,1.2237682941075958,1.6303672
G82137,178.6676580470876,88.12723431714647,1.6303672
G82138,-45.188926909141294,23.28765053492354,-0.069417715
G82139,-222.77116180958373,11.201444306819266,-0.0676311
G82140,-260.783332033342,21.166090286169563,0.7502809
G82141,118.79379610321863,27.909630484121227,1.6303672
G82142,384.22552926528846,39.43257871862513,-0.23950338
G82143,1.8668578304463803,10.821599625816582,0.5012269
G82147,105.65903916846116,116.62859723601471,-0.23950338
G82148,12.658474156883319,44.7256171485432,-0.92462575
G82150,695.2638468511612,187.17272050567018,-0.9269926
G82152,3.8459704598425666,50.90865326867039,1.645732
G82154,-13.502090938369458,74.76034918632949,-0.0676311
G82155,86.8131825424026,44.45788250622296,1.6303672
G82156,-314.07715736346887,-42.97409686136659,0.5612571
G82158,-54.872610388747255,0.3951531469174526,1.7607899
G82160,656.8449397833657,85.06623606673071,-0.23950338
G82161,889.5119154186093,368.71811630579083,-0.0676311
G82162,37.63816558249393,0.5620492630387595,-0.0676311
G82164,688.2681649999744,187.3520348433091,0.9514537
G82165,300.5159017257543,58.568099713742264,0.7502809
G82170,-305.41870389996825,16.50732250974299,1.7607899
G82175,-382.18420728306126,-17.93027357829642,-0.38014415
G82179,-298.6318655413187,18.13671541063352,0.7417052
G82180,-26.732477461437835,51.491969434041515,-0.0676311
G82184,-285.1988091788098,2.127441643032501,-0.0676311
G82185,90.63384292682865,-25.185184163740836,0.5012269
G82186,279.0919381091396,147.44201026345317,0.54589224
G82187,311.12239618667974,204.3732472670912,-0.052266218
G82197,-188.9492031500683,46.860189612419525,0.019913
G82198,109.73945461339842,170.28942196053615,-0.0676311
G82200,144.45419072941897,114.24983941063887,1.6303672
G82203,463.1051831928644,88.64332513403772,0.019913
G82204,191.59545073800243,21.13539920655266,0.74621636
G82205,326.9948422534483,53.10199913488294,1.645732
G82206,-242.22958868306515,36.46788026023965,0.84139824
G82210,-343.3592787879519,-24.021480604707868,-0.9184168
G82211,425.4077045644074,114.54250174359295,-0.069417715
G82212,28.318683560684395,127.28860533256656,0.5012269
G82215,70.90371733198815,93.05556596512035,1.7607899
G82217,-303.9504987899373,1.149160935018677,-0.069417715
G82218,109.3180052376731,71.34985957734197,0.5012269
G82219,-73.96081558443765,28.646924392034354,-0.9269926
G82221,243.89179399366898,293.6686099080424,0.5012269
G82224,-164.68918355021663,73.7784304406743,1.7607899
G82225,702.7435979608894,-62.500081720716146,0.84139824
G82226,-227.2650717490065,26.439019812863343,-0.0676311
G82227,162.570554838329,109.15562037801064,-0.069417715
G82228,1047.6664610474254,600.9208197801197,0.7502809
G82229,39.81140753032235,110.10185355699404,0.9514537
G82230,50.94990679444493,41.75169671666943,0.992019
G82231,241.40856278990572,81.09411571068215,-0.39243758
G82232,446.39025178270356,231.85382070209818,-0.069417715
G82233,1012.6369712086808,47.94209184162056,-0.0676311
G82234,97.75931123776175,54.4398102502476,0.019913
G82235,-132.9962123107582,43.52475220982067,1.7607899
G82600,-317.99778175396386,-0.7885816938024135,-0.0676311
G82604,609.88973670679,275.609946682791,0.9514537
G82605,-322.7584397247119,15.488537004200037,1.7607899
G82622,-155.83788587886693,-36.87779662028119,-0.0676311
G82630,-555.3816176025604,-634.8069081692533,-0.91841686
G82631,243.029052195662,203.695670386571,-0.0676311
G82634,447.179653422861,228.40903702624823,-0.39243758
G82635,-375.62461619632074,-4.070136400510083,-0.0676311
G82639,-147.82317308053265,19.180050510698564,0.5012269
G82641,28.561904683355106,47.108274681623044,0.9514537
G82644,-316.21178453267765,-52.99605035144314,-0.01617661
G82647,578.946022716919,545.9675071364226,0.5012269
G82648,-219.3681630951921,20.42797171046852,0.019913
G82649,-62.9492198057267,96.65011872307466,-0.91841686
G82650,500.0596321786167,370.2920900611638,-0.9269926
G82651,-496.33976472411894,-8.932264459180242,1.680035
G82652,-148.47523762646517,18.077820249195913,-0.23950338
G82653,-165.66173615167787,181.27503723156042,-0.0676311
G82656,-337.20592306714656,-41.03409410246036,-0.01617661
G82658,-11.354331493268294,59.635701220902874,-0.23950338
G82662,-221.78415619161834,99.77625884667943,-0.06805542
G82663,-480.78846645882004,-60.91719668681158,-0.3409831
G82665,137.76056056863555,261.8569255057443,-0.23950338
G82666,605.5391928979296,6.074027561531367,-0.9269926
G82667,-338.915960047337,-34.203564975732235,-0.3409831
G82670,-377.59704331554315,-12.638705139241672,-0.01617661
G82671,13.920449693711168,87.78506360917473,-0.39243758
G82674,-414.8151358317667,-36.58931856386077,-0.91841674
G82679,245.0738283704082,125.29209955062593,-0.0676311
G82681,33.235426510992085,-4.512173115539141,0.9514537
G82682,197.05235843618462,19.998259352932404,-0.39243758
G82684,-56.93409678648241,89.40535320049507,-0.23950338
G82686,318.5581410335373,141.19940891449517,-0.39243758
G82687,37.11338711771176,116.097164723656,-0.39243758
G82688,-137.15690767417811,98.17844270726953,0.56815064
G82690,-184.32805938207258,-2.6777586051051547,0.019913
G82691,-119.05475915855028,99.96156288842816,0.9514537
G82693,711.9165802042937,306.7395841110559,-0.39243758
G82696,-165.54315719551153,70.14557314209529,-0.069417715
G82697,23.704175711911372,216.75586102268562,-0.0676311
G82698,-241.06953729101244,52.62014977459004,-0.39243758
G82700,6.164287247063922,41.48333605647863,-0.069417715
G82702,-245.3917931286432,59.00510489386666,-0.39243758
G82704,-7.356402406817092,69.62854386051032,-0.0676311
G82706,-214.34895782621737,30.435313192911412,-0.0676311
G82708,-110.57727881053914,45.224821402989946,0.019913
G82710,-245.53804985258117,-5.137584951927656,0.5612571
G82711,-196.3344442409727,13.04987518963368,0.019913
G82712,-275.3040329506197,-14.955345919153581,0.5973467
G82715,-212.12899643928367,-11.506190487963785,1.680035
G82719,-318.0264759290588,18.39642222195508,-0.0676311
G82721,-62.64972315466827,21.835620164579602,-0.0676311
G82722,-128.24191820065155,80.96112109876279,0.84139824
G82726,-108.99744629594143,12.4305077190483,0.7443141
G82727,294.01292587698845,74.96534740967758,-0.0676311
G82729,392.86834001530815,211.525757089133,-0.069417715
G82730,199.75080188025436,97.56145386719116,0.54589224
G82732,-112.7786422259025,-1.3681200517892078,1.7607899
G82733,-205.61867571976413,39.72080896865892,1.7607899
G82735,97.8196292416176,-139.49680529033546,0.55094576
G82737,-128.9641864241181,148.1416586760814,-0.0676311
G82739,-423.0277276122567,-42.19463139887798,-0.01617661
G82741,-292.22243533430935,41.44231307816853,-0.0676311
G82743,-123.02684423250412,-4.990204481651956,0.019913
G82744,-120.93080948943513,44.50346626692094,-0.0676311
G82748,-105.59898371363107,-23.900111707177437,0.5973467
G82751,-64.82933369287161,121.95887619820549,0.97000235
G82753,255.44025645436233,-109.48800915896403,-0.0676311
G82754,-129.29204268133535,37.54680179907777,1.6303672
G82757,-195.5851215860077,85.2418755878074,-0.39243758
G82760,-175.72611863427315,-6.005916426620986,-0.069417715
G82762,-320.0737887199305,17.630064555523415,-0.0676311
G82763,-296.4571400770464,39.168991827451144,-0.0676311
G82764,-357.2076526908139,-27.724640358833465,-0.01617661
G82768,-13.497727545038241,48.03504999901905,1.6303672
G82769,-320.0586172404347,-19.71855494316953,-0.9184168
G82775,-234.06090932192706,40.992330893510584,-0.0676311
G82777,-239.7760810226851,27.386630731734805,0.9632876
G82780,499.85846619605223,82.39062187802126,0.019913
G82790,395.4293070272669,175.33819941555055,0.7502809
G82791,67.127032784378,88.2358404756653,-0.39243758
G82793,-161.35288697169253,-15.935828935066322,0.97359127
G82796,169.76194902103512,364.97952051725343,-0.9269926
G82799,-99.4953158522865,150.75406955478667,-0.39243758
G82802,-172.2514359814784,33.172159034556664,0.7502809
G82805,-545.7729885849889,-256.95020004548576,0.5612571
G82808,432.23555668448967,232.44994158035465,0.019913
G82809,599.6103564244006,146.74314229033146,0.019913
G82810,-84.25653339151432,-70.95637631074567,-0.9184168
G82812,-363.10570972113504,-11.867429804663997,-0.9184168
G82813,-342.844262766654,-91.25743476509003,-0.0676311
G82818,-315.8497708043725,-65.02229709733594,-0.052266218
G82820,62.965688494985216,256.7514549283192,-0.0676311
G82888,-147.18900251182637,72.1680171526335,1.645732
G83001,307.4841962445423,4.680138444631924,-0.7483311
G83002,48.982992543568365,66.45675431808974,-0.7483311
G83003,-53.36007614164176,-10.783412671364001,-0.7483311
G83004,630.1327729154588,170.71515420808524,0.84139824
G83005,188.50278632769763,-115.21292873629731,0.843765
G83006,649.9505709629323,81.87448474177612,0.84139824
G83007,162.5798952179657,72.80264581254329,-0.7740584
G83009,292.84626679941806,171.86450265125254,-0.7483311
G83010,787.9823536910671,232.8118021341446,0.84139824
G83012,915.2406153400602,-34.614658878640086,-1.3068267
G83013,-16.17578525856333,-61.39387511644678,-0.7483311
G83015,-17.409354777751172,-4.693236298601315,-0.7483311
G83016,131.57574728395733,37.933223037369956,-0.7483311
G83017,-44.25928506615101,29.55563743307341,-0.7740584
G83018,894.1226835631765,103.24332936740998,0.84139824
G83019,469.84717948179235,384.6444739552217,-0.7483311
G83021,353.98190308896784,72.28609845574537,-0.7483311
G83022,-332.30896020968174,6.734691305321574,-0.7483311
G83024,-188.88997127876644,-4.321506334249885,0.84139824
G83025,375.30277290897794,-75.01467623986267,0.84139824
G83026,340.3092241033782,98.56316620922186,-0.7483311
G83027,833.0424408609965,392.6860737313664,-0.7483311
G83028,311.77206781108094,56.091205541488115,0.84139824
G83029,3.6290074192406467,-24.84695062161166,0.84139824
G83030,-78.26945372574532,-14.234818068589354,-0.7483311
G83031,278.2127830043681,-67.33518904280469,0.84139824
G83033,-178.18171156775486,11.408292206460457,0.84139824
G83034,-107.71471736528233,13.919122591564319,-0.7483311
G83037,-226.01990461091515,5.391388056513294,0.84139824
G83039,372.10943866632607,48.77345857396552,-0.7483311
G83042,-428.9602589125519,-173.20899761178126,-0.7740584
G83043,-115.11691058164895,15.429021985659334,0.849974
G83044,302.99722982422514,10.998759565768973,-0.7483311
G83046,-108.69958951626023,37.017163750557515,0.84139824
G83047,86.66837290694339,5.875210982793601,0.84139824
G83049,384.58231392986147,46.20283742806486,0.84139824
G83052,362.0865858996749,307.7496370630405,0.84139824
G83053,646.9238940752464,0.447947218906663,0.84139824
G83057,302.39925603086965,-17.0210830198571,-0.7483311
G83058,219.5857405371889,40.95219152005395,-1.0009583
G83060,7.071387791672926,-75.08452131347283,-0.7483311
G83061,182.40504050985126,-14.610618230811806,0.84139824
G83062,76.79398630718099,56.70928213550908,0.84139824
G83063,-232.51956903661676,-0.14579518286484716,-0.7740584
G83064,-314.61589455858234,12.008052655047189,0.8481918
G83065,156.55969917302085,121.41642095988165,-1.0009583
G83066,590.5985775836423,217.55586999699688,0.84139824
G83067,1818.8593837796225,304.17267402842657,-0.7483311
G83068,-409.9903686117467,-41.210216138858286,-0.7740584
G83069,-624.9480227806424,-294.8598299955696,-1.2432233
G83605,-362.07887792667617,-108.62356094522868,0.84997404
G83628,37.37277931433539,174.14814511473188,-0.7483311
G83630,5.883897890467624,70.90496140841213,0.84139824
G83631,-106.20007931175975,-47.47454638410668,0.84139824
G83633,-138.23828768410954,30.09974831642421,-0.7483311
G83635,-44.35577866345479,-2.9512474753500864,-0.7483311
G83641,-252.9702539841892,-3.0040942735724085,-1.0009583
G83642,200.0871313293941,249.99193501593612,0.84139824
G83647,90.09581335481651,58.824991674874866,-0.7483311
G83651,68.29927822132099,-4.425835669871682,-1.0009583
G83654,-57.576459646394206,42.21173684176918,-0.7483311
G83655,-333.35657430801353,-3.606047175743354,-0.7740584
G83663,-183.21574207762666,30.0125705331461,-0.7483311
G83668,-227.17156503544882,-50.39483692962931,-0.7740584
G83670,-331.7391153097243,24.754950527224942,-0.7740584
G83672,-284.2958586582994,12.435913875180578,0.845108
G83673,-97.62397520469032,78.0215612981937,-0.7483311
G83680,548.4624531902211,228.51523138874768,-0.7483311
G84001,199.31321345416802,209.24723114736366,1.14548
G84002,51.760767168716136,-16.82715038811622,1.14548
G84003,608.0705256313579,-20.03038248364308,-1.0009583
G84004,191.72714093525116,-71.92610694279628,1.14548
G84005,18.70409589481757,27.165816925490454,1.14548
G84006,177.0434837751016,13.48685980139779,1.14548
G84007,295.2526321050201,-7.3510757849537995,1.14548
G84008,-191.94245634506882,9.421922257627635,-1.0009583
G84009,-212.54648330115498,-4.927237272759772,1.14548
G84010,367.5621132958492,38.97957823542218,-0.7483311
G84011,0.49426869692557845,12.95591219577073,-0.27059048
G84013,-310.44423971094045,24.792891242117093,1.14548
G84015,102.03239980861153,-36.53374794270154,1.14548
G84016,535.2180127169648,-9.307751225485424,-1.0009583
G84017,55.88566296513096,-19.76574494710004,1.14548
G84018,-75.52909161065087,-3.1461497271010925,-1.0009583
G84019,419.6804196768871,93.28566190358593,0.84139824
G84020,74.75811368498884,-0.6606617874244302,1.14548
G84021,-82.90401907519497,-117.20567603020629,1.14548
G84022,-103.6428771121255,-16.974408034518696,-1.0009583
G84023,298.1436905489353,-38.968124270533316,1.14548
G84024,5.345671182581262,66.02099685322791,1.14548
G84025,31.675792004949543,-39.81574723712199,-0.27059048
G84027,503.024772579315,53.42710615600514,-1.0009583
G84028,59.8283778686061,18.84344716296436,-0.27059048
G84029,-9.36280894237937,-93.82366768860717,-0.27059048
G84030,-136.6940039148543,-14.812866519676724,1.14548
G84032,216.27272735913934,177.70419755573673,1.14548
G84033,-108.59378857685726,34.541010030903884,1.14548
G84035,-69.26756693968382,21.442535671784633,1.14548
G84037,-139.17784093368746,9.181677672503197,1.1026013
G84039,-321.7572960183103,10.569631342582806,1.14548
G84040,80.08521755507435,119.78443981192085,1.14548
G84041,-261.8178714983959,44.77209055493936,1.14548
G84604,-225.00444382374926,53.61272448684305,-1.0009583
G84607,-149.5900099619213,24.57594011688805,-0.27059048
G84609,-252.67503957918458,37.59252914107111,1.14548
G84621,-299.30110220848,25.497873090701173,1.14548
G84624,-302.14210739142817,-17.78556039844645,-0.27059048
G84625,-227.62386620052618,-3.9479611403547916,-0.27059048
G84627,-111.16713167621424,50.302638809079774,1.14548
G84628,-247.82580566800362,14.712671410049296,0.843765
G84629,-197.66888144976863,24.848306320915103,-1.0009583
G84630,-295.60988577030787,7.909933903522234,1.1463463
G85001,185.99629565637997,-72.34264231282891,-1.0113207
G85002,171.0071248973145,220.8716666804088,-1.0388347
G85003,-129.01320851880342,-2.1316962165089572,-1.0009583
G85004,474.2152394873449,-55.88389518630691,-1.0009583
G85005,1012.9348499695874,168.37826465615038,-1.0009583
G85006,192.18835896680443,-160.06451181939713,-1.0113207
G85007,-458.33034851660597,-42.5418463546064,-1.0627753
G85008,-92.83007785952628,-7.645944120064541,-1.0009583
G85009,-314.87494409903957,-26.85346220346321,-1.0627753
G85010,-336.38963553997917,-6.630505440846924,-1.0724272
G85011,344.4032975807119,198.01220058105477,-1.0388347
G85012,579.4661355278661,-223.42422396907185,-1.0627753
G85013,89.15858055532128,-59.40579454870008,-1.0113207
G85014,159.88988306512636,127.174131110909,-1.0388347
G85015,445.6822113809215,-28.273243157273217,-1.0113207
G85016,220.70122724758957,138.95331674077912,-1.0388347
G85019,-248.3679632128672,-27.78576858611919,-1.0113207
G85020,-295.6065180333715,7.321783556625555,-1.2192827
G85021,21.288514332385997,23.520249006431225,-1.0388347
G85022,222.60014182932218,118.64817718195481,-1.0388347
G85023,105.5828114115685,158.30145660697022,-1.0009583
G85024,858.0484305871712,-10.260491901907885,-1.0009583
G85025,10.473416432118956,29.802990963300655,-1.0388347
G85026,-198.2835132781739,-38.60184576635759,-1.0009583
G85027,78.6722039339499,-41.647101018826646,-1.0009583
G85028,351.45466819509863,-31.085063879154102,-1.0388347
G85029,-133.82272895659315,-84.15064843132136,1.1404774
G85030,-148.76478937415712,-1.003069144031396,-1.0113207
G85031,-121.80819423492765,-60.711459721687014,-1.0113207
G85032,282.269852425853,31.655109777551687,-1.0009583
G85034,2470.0100048379177,2026.476587486017,1.1404774
G85035,105.38016388038471,-25.764749825871423,-1.0009583
G85036,70.01265216930467,-65.72023391262677,-1.013152
G85038,197.7365701276386,41.496986783394576,-1.0009583
G85039,684.9584266236445,12.096073065731812,-1.0113207
G85040,-72.69001502122957,96.61821144811809,-1.0113207
G85041,39.513839194255226,43.507745904173944,-1.0388347
G85042,-105.66051414628032,30.739396685115544,-1.0113207
G85044,-183.98882849849738,-10.144272280756987,-1.0388347
G85045,84.2453629808884,18.169547030048225,-1.0388347
G85046,60.49464956249284,12.174437600560823,-1.0009583
G85047,-121.48269555834328,148.60801018987578,-1.0388347
G85048,-178.93541180160307,-13.433157946054536,-1.0009583
G85050,-284.9183464152461,-65.39455730215059,-1.0447305
G85051,-126.71172051460864,9.15260921165619,-1.0388347
G85052,-62.601293776294035,85.14932999697392,-1.0113207
G85053,373.8356073979584,5.32828614668385,-1.0388347
G85054,79.5088925671779,-11.53163949382154,-1.0388347
G85055,256.7708537357151,-40.055435523935536,-1.0009583
G85057,89.69230024067801,11.603765585434184,-1.0009583
G85061,17.977183845570146,-14.864806273692619,-1.0009583
G85065,-933.6988777858077,-567.4451371935475,-1.0266856
G85073,-110.61363172773198,-1.2675795357634736,-1.0388347
G85076,-243.22806971726067,40.56371934688493,-1.0009583
G85078,-167.1928064031784,-3.737357405611562,-1.0988649
G85081,-236.3603012277227,-35.21966641257379,-1.0034852
G85082,-56.984745919047555,85.33579111627003,-1.0388347
G85083,74.38805155438489,-133.24900845767968,-1.0388347
G85084,-48.09991591420628,93.08397696499794,-1.0388347
G85085,186.44069735481958,65.18902278223193,-1.2192827
G85086,-51.206574954460386,16.44910752857412,-1.0388347
G85087,32.35582955534141,170.5960278537556,-1.0113207
G85088,-91.9825448333065,33.83142959731473,-1.0988649
G85089,160.7416524873669,43.1075684379685,-1.0009583
G85091,-286.0757375916872,43.7523600501803,-1.0113207
G85094,209.49894687782208,8.93954656035715,1.1747805
G85095,-70.23312644698753,-157.49283820427323,1.1747805
G85096,-79.98859052960191,124.73101626526885,-1.0388347
G85097,-172.48578587515567,-109.51320059033517,1.1747805
G85099,-289.6158550052067,0.5543670964011197,-1.0266856
G85100,-151.06601924237177,31.29190635218239,-1.0388347
G85102,-269.3560508140581,-8.21539607814475,-1.0388347
G85104,583.4047237557523,332.9667804487888,-1.0009583
G85105,-243.23825211443767,72.12790502650286,-1.0113207
G85106,-262.0404849317589,-61.011695353796284,1.1404774
G85109,169.54753392485628,37.82169161509858,-1.0388347
G85112,-238.79073989379572,22.6980920806582,-1.0146557
G85113,-288.67769350410947,-27.15637807915031,-1.0988649
G85114,272.7200048806769,12.721870156362527,-1.0113207
G85118,-180.40776818694502,-97.75034475915452,-1.0388347
G85119,-141.38748715565765,13.86182118435247,-1.0113207
G85120,41.84001058104944,8.870683138036853,-1.0009583
G85121,-103.81521487924,65.53543073560665,-1.0009583
G85123,-144.63756927134477,15.220460517402124,-1.0388347
G85124,170.6271941065897,20.525269302867837,-1.0009583
G85125,42.29732027676015,32.06760349885731,-1.2192827
G85127,-220.3977655280932,-0.900497797075837,-1.0388347
G85129,-251.86450932729397,25.150818604140174,-1.0388347
G85130,-40.69830551170144,55.74328086116528,-1.0388347
G85132,-53.871230952244986,56.869653019240786,-1.0113207
G85133,-80.21916282168554,-18.65403974456335,-1.0724272
G85134,-212.83247788136725,-10.403352044950216,-1.0113207
G85135,305.33028423959496,221.33397391111532,-1.0388347
G85136,-35.7162933812879,50.560328909997125,1.1404774
G85137,-109.05271138902778,86.31978060645733,-1.0388347
G85138,379.01963147061923,93.6298907169695,-1.2192827
G85618,-423.79660488760504,-75.87835315187297,-1.0988649
G85623,327.0960412106902,206.9489945944563,1.1404774
G85632,-123.67810752115457,23.445396313210694,-1.0113207
G85633,610.8160453422965,281.68841559734494,-1.0009583
G85642,-236.72624197745478,16.93929758002452,1.1404774
G85644,-111.14107658272292,-2.9442364938954246,-1.0113207
G85647,-143.24306185622814,61.56654767240757,-1.0388347
G85651,69.54767119307955,-53.24899557992547,-1.0113207
G85662,89.93457612859436,-40.85907183100777,-1.0388347
G85673,-131.9590678834954,1.9089808718992827,-1.0388347
G85674,-270.48111206730897,44.25068320487414,-1.0388347
G85677,-564.74094730021,-205.9062246688999,-1.0988649
G85681,-215.79723886188648,-11.136214138823382,-1.0113207
G85682,-243.86092629411485,-3.8295131271016114,-1.0988649
G85685,209.15080024829987,23.05200514508479,-1.0113207
G85690,-128.64162366072978,4.282612462582244,-1.0388347
G85692,-57.231887955781865,14.576938882828076,-1.279313
G85695,-275.6625849918031,-20.13954079126146,-1.0388347
G85696,217.4940570971877,54.792735195849986,-1.0009583
G85698,64.89840185564519,101.31522702170616,-1.0009583
G85703,-333.4256576865811,15.98229013655956,-1.0266856
G85705,-282.1845684564712,38.68197666634957,1.1404774
G85706,-176.24557897083017,10.033540870012862,-1.0113207
G85707,-441.68769555204716,-93.88069402594995,-1.0627753
G85708,17.19648616044346,11.510669004578883,-1.0388347
G85711,-252.125518110018,81.25437137976922,-1.0009583
G85712,-341.92967647388866,-117.90292749104584,-1.0335792
G85715,-163.76107894896148,-9.692302270304491,-1.0113207
G85716,-32.477748521364795,48.42579680920806,-1.0009583
G85717,4.7921147253301255,-17.66044503305,-1.0052574
G85719,-464.0488221332854,-31.346727219367168,-1.0627753
G85721,-105.2978797085936,-3.3694115760024714,-1.0113207
G85722,285.56842712729286,181.3709029475281,-1.0009583
G85723,-157.8492859234439,-71.56347393031459,-1.0314976
G85724,50.076376948639364,132.8844841672748,-1.0388347
G85726,31.482002833596443,2.201018061701139,-1.0113207
G85727,-12.945609164256762,28.194235958531536,-1.0009583
G85736,-214.72525488300926,57.40096530383591,-1.0009583
H81002,-70.44894457062328,18.825180319780735,1.1783537
H81003,639.0219871349839,118.84077725380033,1.1783537
H81004,462.5302882638346,133.90034472167733,1.1783537
H81005,70.59732723497288,54.32069094802796,1.772939
H81006,-106.50838429388092,-0.5072690447658063,2.040931
H81007,99.57956517127396,37.28549168718378,1.1783537
H81009,457.0742185584154,41.02052976654954,1.1783537
H81010,909.9898170767926,157.02751241646345,2.040931
H81011,89.35340781634935,32.467208961151506,2.1045344
H81013,2007.7448506502458,509.426241060496,2.2128034
H81015,219.08124973902036,19.807800173630252,1.9791143
H81016,329.2223544451764,-15.38096563842012,2.2128034
H81017,880.7110119446854,76.1414896851762,2.1045344
H81019,187.634479986422,8.719830723600724,1.9791143
H81020,218.71865002487377,104.61686193857278,2.2128034
H81021,556.6411486479195,40.22946026641158,2.248893
H81022,-18.565159151349846,34.533783025831085,2.248893
H81023,233.600609121818,52.24951576254917,1.772939
H81024,390.2500207657116,21.051119995513403,1.9791143
H81025,269.65599124223223,11.46167427728124,1.9791143
H81026,277.24792581890125,49.311694027339804,2.248893
H81027,128.65781444037967,14.847864669100483,0.94109136
H81028,455.86371035736227,161.9193262392736,2.0323553
H81029,356.8944191945572,5.120211805977727,2.040931
H81030,383.6495236971321,49.48535371937719,1.8794211
H81031,520.9371583019831,122.21348185740833,2.248893
H81032,649.6509727257622,119.91042552316269,1.9791143
H81033,515.2520592133673,328.970110570402,1.7093354
H81034,-56.05774611804942,73.26226943559386,1.7093354
H81035,183.57961800784872,24.618796686245844,2.040931
H81036,160.55367091866572,23.878644413223302,1.7093354
H81037,736.2933423647709,185.48601622467004,0.3104165
H81038,-298.6841269823066,30.450603666962078,2.2128034
H81039,1.8060449395316254,14.04289580613781,2.2128034
H81040,151.2705286304768,46.70101553022683,0.94109136
H81041,92.70395224034625,58.31188878287815,1.9791143
H81042,837.6123008367022,92.34602917803193,1.1783537
H81043,545.0246196780154,166.09109267270122,2.040931
H81044,-138.95318574276604,10.518074244053567,2.248893
H81045,37.927654032931095,57.96115412891834,1.772939
H81046,-118.18497849544953,50.87489095884391,0.3104165
H81047,234.57784905512278,11.644523974376709,1.7093354
H81048,78.28565421572803,59.67414684829262,1.8794211
H81050,128.99533337288125,47.721245865487475,1.7093354
H81051,412.71193658721705,76.86962619128852,2.1045344
H81052,635.9790189035094,45.7042683007504,2.040931
H81053,39.06356928360478,15.943625303003097,2.040931
H81054,74.66606131241993,26.92812994695854,1.7391697
H81055,214.76961374089385,13.67245202905231,1.8794211
H81056,709.4689616255721,58.389723213429434,1.772939
H81057,-32.53113095587366,49.294810538076845,1.1783537
H81058,301.68178458717404,93.66119974208259,1.8794211
H81060,434.5448406443043,-19.18240559422341,1.772939
H81061,240.59823438021812,107.33052012567492,1.9791143
H81062,1171.9170872070213,343.5196879508923,2.248893
H81064,524.666894230806,79.46687033801182,2.040931
H81065,138.94344136850813,22.94793731331748,2.2128034
H81066,335.9949059487615,127.65163987231432,1.7093354
H81067,127.93778859984397,63.40724981120953,2.2128034
H81068,579.3264160252576,181.90862015673932,2.0323553
H81069,705.3867328907048,425.87066030389246,2.2128034
H81070,243.18852489003214,73.71943161220864,1.8794211
H81071,212.13809156075487,60.43374808430406,2.1045344
H81072,317.16583035262823,124.33361965994128,2.0323553
H81073,168.7112677968122,46.24638702745232,1.1783537
H81074,-89.0515284242249,64.5160201649944,2.1045344
H81075,472.9770124525929,126.60302840490898,2.2128034
H81076,630.397326680735,104.70717396706027,2.248893
H81077,212.35298647973025,60.19734633409678,2.040931
H81078,732.6300678418814,236.4562973129423,2.2128034
H81079,-200.27906649101533,-27.38124915655932,1.7107112
H81080,541.4242946916207,37.83573492056898,1.1093904
H81081,421.1103915321813,130.58487048027845,2.1045344
H81082,204.70804154117155,29.129186700012472,0.94109136
H81083,350.14908814200055,53.068912382223125,1.8794211
H81084,4.135541065833729,61.77030082437853,2.2128034
H81085,18.80432379260445,8.019434192828223,2.040931
H81086,-187.86100391304512,22.897860077444243,1.7522142
H81087,610.8057261885563,192.51096995647552,1.1783537
H81088,385.705789500281,94.3861990787216,0.94109136
H81089,694.7394940179056,234.81431435011882,1.8794211
H81090,338.69358362992784,-4.210823282681403,2.040931
H81091,70.99901848632335,81.40359890330434,2.1045344
H81093,-512.1665053432978,-125.68950414622185,2.221379
H81094,106.71603583738457,50.378446547053535,2.2128034
H81095,-87.35897635668138,74.76709001785974,2.2128034
H81097,82.6519403612455,19.9498246581691,0.94109136
H81099,16.76786553448143,90.01560511026705,2.2128034
H81101,-151.4353125415697,25.99747013543276,-0.27395952
H81103,-33.31324444191062,40.97060332667153,2.2128034
H81104,-25.415884298101194,29.802023345330536,1.1783537
H81107,-165.26228476795987,8.141950732574244,2.2128034
H81109,109.43124418711864,66.14009226863874,2.2128034
H81110,-108.90530951930958,26.803583422909405,0.94109136
H81111,-238.06266910084275,27.375734315539386,1.7093354
H81113,394.35646191013706,52.614363324276745,2.0323553
H81116,-112.54403454632318,17.424691240818074,-0.27059048
H81118,-276.982783347289,-24.414780042690136,1.7522142
H81119,388.06959524843046,223.3989470288817,-0.27059048
H81122,-157.5046369886923,45.563134567286596,1.7093354
H81123,-207.7231080593311,2.887839561157245,1.9791143
H81125,-124.09570289223058,10.617158333838958,1.7522142
H81126,41.0130748719954,69.49377629852657,2.1045344
H81128,-92.11278006389233,37.1323734012799,2.2128034
H81129,-273.9950029047565,30.543494840364982,2.2128034
H81130,59.66608179229253,93.28838759035729,2.2128034
H81131,-205.60439247571173,86.27115231038393,2.2128034
H81132,-304.071268620693,3.452485142583327,2.248893
H81133,1833.4310002426714,294.0577172635173,2.1045344
H81134,300.97129078245507,27.778343131126697,1.1783537
H81611,-318.69822441111137,21.187132443018548,2.0367827
H81613,-293.29563782124734,47.924910938582755,2.1045344
H81615,290.3907168945374,84.64300533965836,0.94109136
H81618,-14.395717394350227,-40.8353520350771,2.1045344
H81620,-86.94326277484697,36.75187056124803,2.2179823
H81622,-211.52609874465574,22.0490996918507,2.221379
H81632,-304.62758930724914,23.82900426491306,1.1783537
H81638,237.33236431450322,121.01375550161328,0.3104165
H81641,-282.1440160642547,-23.00228342053303,1.9791143
H81642,-257.6878358162815,23.78366863273237,1.1783537
H81643,-367.8727389562774,21.758722147354717,1.9791143
H81644,180.56541108382567,105.7036422125556,2.1045344
H81647,-400.13764839983264,6.091213329222323,2.040931
H81655,-670.8908947670891,-167.4025563902757,2.040931
H81656,-12.217372778322353,14.502832769075946,1.7522142
H81658,-158.9510215037837,44.57449913376848,1.7093354
H81659,-491.5663103604112,-3.251079736967883,0.92455924
H81663,-297.7751228275874,-13.202643671905552,2.2128034
H81664,-382.2401871211774,-15.657204728623098,1.9807818
H81667,-180.40311417468158,-23.730585890521525,1.8956228
H81668,-483.7525856844185,3.6985382262741515,1.9780533
H81669,-485.35668425612346,-5.271152586739995,1.2371726
H81672,-110.31796026922318,15.601863700437061,2.2128034
H82002,-102.16390567773331,-48.75373483383793,0.30862987
H82003,289.3862286693353,32.0517681516611,2.221379
H82004,-144.5897949739011,39.214356322299615,1.9412379
H82005,41.17909333022468,70.12678133974177,2.221379
H82006,221.42107386440802,35.35362290854659,1.1851429
H82007,652.592539099785,143.23783797489415,0.60592246
H82008,261.598145304824,53.07888173953238,2.221379
H82009,947.2930429460514,296.9221924651288,0.60592246
H82010,31.084071718915173,-33.057864582736926,2.221379
H82011,700.3514868004368,36.631496344054774,0.60592246
H82012,508.65946462132564,81.3517448225422,0.3104165
H82013,642.6541307973115,193.04756487488626,1.1851429
H82014,447.89764100273663,201.28672639559196,0.60592246
H82015,19.32518001540597,7.157184071017515,0.60592246
H82016,659.2143985291588,244.1108944157951,0.5734061
H82017,1275.392655553663,142.41059006391026,1.9412379
H82020,389.5148151716479,47.13469446307169,0.5734061
H82021,-25.394684971027267,-4.63636029450053,0.5734061
H82022,249.8383273843043,41.06571049435665,0.36008435
H82023,520.2361126528895,323.5682051244235,0.36008435
H82024,-23.573976723771995,-129.18441021726727,0.6334363
H82025,1052.2377980176366,69.11635624735374,0.3104165
H82026,809.5104174557714,176.02887561666705,0.3104165
H82027,-210.9564170927669,27.685233509745636,1.9412379
H82028,123.59846627371793,122.66669433016786,1.9412379
H82029,453.74612754205276,74.74818698766798,-0.030112201
H82030,943.4740241085177,119.47543620630314,1.9412379
H82031,72.9032331495307,59.27263859253354,2.248893
H82032,707.5599451237697,31.175656935054338,1.1851429
H82033,162.41447184721824,64.03222807916906,0.3104165
H82034,1317.4304733282427,523.5297321542133,0.60592246
H82035,361.467932800039,-22.236333910984317,2.221379
H82036,232.80768144265264,46.17394672286198,1.9412379
H82037,910.2019043623662,529.5155274208327,0.5734061
H82038,631.2296753578552,145.84902391372069,0.5734061
H82039,418.66907852651514,264.6737218147456,0.5734061
H82040,108.22934626578332,78.12443793770544,2.221379
H82041,614.6937086872646,167.73110165441653,0.60592246
H82042,1245.181824613744,259.1311376422735,1.1851429
H82043,715.1899712214401,78.68344282186487,0.5734061
H82044,251.42596347884898,-5.179239876024477,2.221379
H82045,1545.3322569988572,522.250859944912,0.60592246
H82046,363.29758585979204,107.42676982493398,0.60592246
H82047,435.0973874358782,49.319438968130854,0.3104165
H82048,631.1194642060744,109.79280271512849,0.5734061
H82049,327.17521055257583,72.25546473116368,1.1851429
H82050,550.2760484856581,42.7990377714222,0.3104165
H82051,680.331079545143,268.2480220378701,1.1851429
H82052,568.8930373189323,43.52987279637366,0.3104165
H82053,263.6059112570496,64.75559346314377,0.3104165
H82055,637.9363255230038,160.47349768302516,1.9412379
H82056,450.9433289381937,17.190875530729908,2.221379
H82057,876.5881626602031,123.47233195657793,-0.030112201
H82058,860.7734988875968,233.02966787348922,0.5734061
H82059,672.4038794266637,194.51020657494288,0.60592246
H82060,527.2819044290858,62.88297520374051,0.36008435
H82061,282.25262772097227,96.60835198235917,0.60592246
H82063,486.4401853750389,71.91343628811165,1.772939
H82064,635.8759709776417,214.28346826473665,0.3104165
H82065,670.2193157388136,335.3609313135935,0.36008435
H82066,1132.3426635536705,270.59069134398396,0.5734061
H82067,84.03869954471702,145.3893923321492,0.5734061
H82068,-325.6874534796672,-124.8329568243854,0.5973467
H82069,59.45042515907753,-81.2007092665992,0.6334363
H82070,387.9441561210775,220.1313252539757,0.60592246
H82072,196.5115650482907,30.399398639680843,2.221379
H82076,-192.69065822084946,-3.8870503332167394,0.60592246
H82077,832.6812342720767,164.385387292933,0.5734061
H82078,345.15586702741115,128.84084103788854,0.21929917
H82083,318.12013050345615,124.93455931093054,0.36008435
H82084,-21.527453555770066,18.147403200138296,2.221379
H82086,-324.32912561832023,-35.10552797490169,0.5973467
H82087,-149.48537772591257,-14.275785780976449,0.60592246
H82088,514.8946979805511,213.08433964813776,0.3104165
H82089,-26.45777813279517,40.786730640430584,1.9412379
H82091,113.67442798397457,68.10047916277303,0.36008435
H82092,84.52463131118441,106.49693506496574,1.9412379
H82094,-11.546523954792764,-40.018186377458996,0.31675002
H82095,673.4549190689321,83.64433751629106,0.21929917
H82096,23.418964671590924,21.382230142986455,0.36008435
H82098,270.440736275813,106.56449254922723,0.3104165
H82099,441.8090807471202,142.28470014251167,0.5734061
H82100,35.16156249097158,84.86313844175369,2.221379
H82101,161.37047138896332,92.05125404761628,0.5973467
H82615,103.77775831173945,79.8655923389785,0.3104165
H82621,-168.52425134283968,31.94702399240014,2.221379
H82625,-375.9556462562091,-24.23052373072527,0.30862987
H82640,293.66260210158714,56.40591921219001,0.3104165
H82641,-221.91387205244433,24.772366043603668,0.6056473
H82642,-537.6692026286868,-43.59489922119305,0.5973467
H82643,-211.88221680883427,-103.07085052738353,0.5973467
H82644,-524.5159058430628,-34.270978908675914,0.34471947
H82648,-511.7036550819482,-21.478601323858133,0.30862987
H82649,-512.5434191194454,-25.195341083652394,1.21087
H82653,-527.643336119497,-32.25932014183926,0.34471947
H83001,465.4002896190265,58.38938799885914,-0.27059048
H83002,-335.00949656285064,-45.89129868357792,-0.29445794
H83004,358.4564712908074,89.81444263705843,-0.27059048
H83005,139.8905856170727,80.81155658627702,-0.27059048
H83006,324.4722033464946,319.02575817232383,-0.27059048
H83007,250.60159962613145,56.074247498404226,-0.27059048
H83008,-220.95209406152674,28.360080039339543,-0.27059048
H83009,179.19795756364246,-32.45121454722131,-0.27059048
H83010,-120.76935088929582,-5.150350576515749,-0.27059048
H83011,-186.61727142974237,44.144465009674626,-0.27059048
H83012,315.56127882738997,95.9420208865428,-0.27059048
H83013,423.1605400664228,80.65399274014436,-0.27059048
H83014,37.79864852438184,71.13150451722547,-0.27059048
H83015,419.27182826159657,37.22528118799021,-0.27059048
H83016,557.0278573559217,294.50607707660384,-0.27059048
H83017,463.69280603106836,188.66787036913067,-0.27059048
H83018,359.73850772510735,100.18856361207823,-0.27059048
H83019,82.62094067584022,29.978294415298716,-0.27059048
H83020,366.48359209437393,61.07440033114292,-0.27059048
H83021,-79.78215550036415,43.473299579660114,-0.27059048
H83022,61.67748692617224,20.018453292755915,-0.27059048
H83023,35.301553796911506,30.253778191842628,-0.27059048
H83024,634.692906666187,40.00477820045657,1.1093904
H83025,419.4244677314446,80.6927866270666,-0.3048935
H83027,137.20237465699293,32.00048649080433,-0.27059048
H83028,-163.86444695233104,54.05103029241312,-0.27059048
H83029,-200.5755413375591,40.642089830185476,-0.27059048
H83030,-256.0707248193413,-19.316526828616738,-0.27059048
H83031,-193.25216389390366,10.429279270899137,-0.27059048
H83033,-154.08475818156063,59.94485574067759,-0.27059048
H83034,0.3883173706278742,-11.64642151582114,-0.27059048
H83035,-224.19483036212168,-5.877899755531054,-0.3048935
H83037,-104.93581287040317,57.90570475709066,-0.27059048
H83039,73.8343639873388,57.96030241362936,-0.27059048
H83040,-263.7725460061691,31.703838831810508,-0.27059048
H83041,-237.6229809953397,7.286637937963359,-0.3048935
H83042,216.1295719998208,45.63505881037841,-0.27059048
H83043,21.79150286784187,188.96983999476677,-0.27059048
H83044,335.3671547020836,166.16853232304595,-0.27059048
H83046,-105.6134325837151,-28.050095860870794,-0.29130682
H83048,-341.12065987550716,-4.184387982487726,1.0942729
H83049,-304.74747677777515,7.056994814115811,1.1472483
H83050,-92.62175332929819,12.413529196944804,-0.27059048
H83051,-26.246126556838636,81.36008638945249,-0.27059048
H83052,-198.0884730274863,67.83107207145268,1.1093904
H83053,664.6343508228629,23.417944192673428,-0.27059048
H83608,-223.82920354946037,-24.03949987722209,-0.27059048
H83609,-226.931933301511,41.008803472838245,-0.27059048
H83611,-264.7660483378568,16.09895197456997,-0.27059048
H83616,-449.61456996543126,-168.8237587138583,-0.3048935
H83620,-217.90101316767144,13.45848692305333,1.0925764
H83622,-356.09485960437615,-14.202604112386213,-0.29445794
H83623,-405.44816183930686,-54.43257668495513,-0.3048935
H83624,-123.25088595608094,32.874524292555606,-1.0388347
H83625,-177.28225751359804,-46.97529668689544,-0.27059048
H83626,-363.96740289438765,-39.60750891765785,-0.28978622
H83627,-110.02788612604198,22.086207704205805,-0.27059048
H83631,153.23219484132386,143.07467181886486,-0.27059048
H83633,-561.6529201060622,-177.59179786601152,-0.3048935
H83634,-453.315240792524,-67.51052486293422,1.07108
H83635,-394.89721506078104,-93.17386492263368,-0.3048935
H83639,-476.26727293724974,-5.86582914084502,-0.27754137
H84002,212.06931490249158,40.25931616350154,1.9583894
H84005,76.13882370128287,178.3233179304242,1.9583894
H84006,1.3774205895920553,78.17732623222322,1.9583894
H84007,-26.868962121035192,39.445972559249384,1.9583894
H84010,106.16968858016459,25.284849314208568,1.7522142
H84012,156.33982657091218,-11.86869224795415,1.9583894
H84014,-351.65781243604187,6.952221337835552,1.9583894
H84015,31.044991597149686,70.3058648860523,1.7522142
H84016,904.3313744535957,330.16460388198533,1.7522142
H84017,423.74882483573623,127.7218497299386,1.9583894
H84018,-84.13105955232,23.618318093342815,-0.35134545
H84020,332.0810277614257,80.54350971052855,1.9583894
H84023,-118.00193136350427,16.681735367365206,-0.4253113
H84025,11.459474043439272,107.12747124538055,1.7522142
H84027,457.2554847299622,129.87278855741255,1.7522142
H84030,790.3798543253353,304.6294069945917,1.7522142
H84031,-95.4654414681857,11.615496612608887,-0.35134545
H84032,125.04648746269353,72.06542864782651,1.9583894
H84033,-77.22229808574897,-15.479266189266193,1.9583894
H84034,90.18701551096487,142.09751660182937,1.7522142
H84039,91.18544711080543,50.00783353939986,1.9583894
H84040,703.3386588646417,60.21592500681612,-0.35134545
H84041,-343.0774668559018,48.71215844268647,1.9583894
H84042,459.73104454124774,40.14991102162112,1.7522142
H84043,-156.09314968603553,34.001159328004334,1.9558628
H84044,218.98290982246945,121.63034122752512,-0.35134545
H84048,-147.95655725221218,8.138358371743747,1.9583894
H84049,-386.2297837504185,-49.66758004638683,1.7522142
H84050,116.35318708013816,60.71744544944847,1.7522142
H84051,-98.64481725300935,14.805607629657692,1.7522142
H84053,-101.13141387635007,64.96775854528265,1.7522142
H84054,-284.35261682759716,25.433156306706266,1.7522142
H84055,37.206224566934864,65.01261288425542,1.9583894
H84057,-344.7370616596803,0.33720070209461295,-0.35134545
H84058,-147.93792908638568,22.44706437013321,1.7522142
H84059,-274.97877975059555,-16.971862658975276,1.9583894
H84060,-3.006857644800155,64.11758674065612,1.9583894
H84061,-117.34331996766896,109.65111272913394,1.7522142
H84062,-9.073746249573023,22.3599571523141,1.7522142
H84607,-340.12085610756463,-119.81683997895459,1.7522142
H84608,-409.23000741910175,-58.627903295169325,1.9531764
H84609,-522.6636654464774,-53.8583876540435,1.7522142
H84615,-408.41853528029725,-58.17192089834339,1.9326624
H84618,-223.1919476862143,46.20451818557705,1.7522142
H84619,-89.77002759348055,53.73807108939295,1.7522142
H84623,256.3421438293623,58.115084727182975,-0.35134545
H84625,-151.07726178715023,-2.225369976591998,-0.35134545
H84629,-304.8563042706724,25.21983722595565,1.7522142
H84630,-282.512096989203,27.144002990820145,-0.35134545
H84632,-264.1889574579435,6.524119978384031,-0.42723724
H84633,-423.857361581308,-74.84945707168987,1.9326622
H84635,301.01067753784923,227.25021783075908,1.7522142
H84637,-447.6358401696816,-109.40209744993966,1.7522142
H84639,-358.0134552999356,32.863255902180555,1.9583894
H85001,173.69095187435903,109.955445405809,0.35829774
H85002,160.72027943239104,35.59522387897274,-0.16410828
H85003,108.66925630757126,-20.96196868733956,-1.0388347
H85005,262.1986536515275,25.78305027425112,1.0200597
H85006,65.07976735960405,21.40598677612691,0.35829774
H85007,382.8735728323473,65.06954553491292,0.35829774
H85008,275.31564600370837,-25.44977548820379,0.35829774
H85009,104.99415541253097,81.60636518553335,-1.0388347
H85011,120.35971462426684,77.28081896439681,1.0200597
H85012,559.2021725188631,159.1897874506417,0.35829774
H85016,-38.242025753089564,-157.740795319893,0.99433243
H85018,91.81849013156884,45.53928630733645,1.1093904
H85019,-8.533500457700752,56.432840682462505,2.1072261
H85020,1301.398524559545,601.7214593952198,1.0200597
H85021,84.6125684719531,50.87655217680536,1.1093904
H85022,-105.62531720581016,49.87439886552072,1.1093904
H85023,43.658251945095856,92.31329470904939,1.0200597
H85024,314.74450623795366,-114.83759298772014,1.0200597
H85025,848.1668574476545,218.53879323624741,1.1093904
H85026,66.0402905717127,42.81017966301111,1.0200597
H85027,-74.98028858378542,61.25741020001285,0.35829774
H85028,49.855871418672564,-9.796637851705825,1.0200597
H85029,166.52517031236678,77.77026405816285,1.0200597
H85030,526.0814147834225,133.0101429260834,1.1093904
H85031,417.91931317641286,41.925289780395346,1.1093904
H85032,-213.31838550686172,38.236355914264124,1.1093904
H85033,168.38932703845288,48.43112680656901,1.0200597
H85034,-198.60613311895892,-64.93752774608248,0.99433243
H85035,17.180763349162543,-85.5013229386932,1.0200597
H85037,398.481140638401,26.80139469807155,1.0200597
H85038,660.4464950619312,133.84860039017607,1.0200597
H85039,-423.12354713605185,-224.99007308076452,0.99433243
H85041,399.4979726420998,113.7255830058357,0.35829774
H85045,471.4933054828817,104.33196830322845,-0.16410828
H85047,223.5218002740785,45.39406782189921,0.35829774
H85048,654.3544979338084,143.12451722648908,0.35829774
H85049,-197.4168713308108,14.602014423908356,0.35829774
H85051,200.82127896493927,284.8409517541849,1.0200597
H85052,43.640895811347214,-39.62369190869377,-1.0388347
H85053,-167.12877768098016,-11.036094019555042,1.1093904
H85054,25.693848886363032,56.89509435662014,2.1072261
H85055,125.09765083602535,78.8408219544066,1.0200597
H85056,-407.8639478148585,-28.246081014578646,-1.0988649
H85057,-251.83367891155538,0.7230563741574113,0.35829774
H85061,143.75772078616419,85.18813688219939,0.35829774
H85063,215.84662351337602,239.2725248661982,2.1045344
H85065,-178.2663545183941,-17.59215598830582,0.35829774
H85066,303.57089379281683,116.46446706911485,1.0200597
H85067,-173.124385335016,-47.57933391112812,1.9583894
H85069,68.6692009174651,17.40845714892789,-1.0388347
H85070,378.2059053468597,-44.81643022314679,1.0200597
H85072,39.24442979027416,50.35442029754197,1.0033548
H85075,-294.93315064034203,50.0163558153517,0.35829774
H85076,458.8026266350545,18.77887145463895,1.0200597
H85077,-101.43955809607372,35.55973389407022,0.35829774
H85078,-236.14307526832803,27.540680448034447,1.0200597
H85082,-121.53430462635798,32.03718951026107,0.35829774
H85086,-289.8219916780386,3.645812192276534,1.0665116
H85087,-24.207859125707806,2.288097903196349,0.35829774
H85088,-282.2068812376378,-6.551329111127251,0.35829774
H85090,80.26471535583508,20.560949151082642,1.0200597
H85092,45.02940120950824,58.582039819559846,1.0200597
H85095,445.2641938366586,182.74237543344543,1.1093904
H85100,-117.92472345238488,118.77088155282631,0.35829774
H85101,-56.264360008941615,33.12811900059376,1.0200597
H85103,-88.84594697939572,82.28761107485295,1.1093904
H85105,413.0401262479822,43.381681339790276,1.1093904
H85108,-310.66620851890957,20.862267418779137,1.0665116
H85110,-22.538353896890598,-21.89750177651571,1.0200597
H85111,158.2228217085432,67.58280220152663,-0.5975409
H85112,-330.38041680166805,-18.327454578338333,0.35829774
H85113,-226.14296119199264,1.5593714347151375,1.1093904
H85114,-15.103749713112327,53.7701941646057,-1.0388347
H85115,740.3338521910961,242.66744614445744,1.1093904
H85116,306.5295560898907,72.44862312166318,1.1093904
H85618,-122.84389321164332,196.64741335451262,1.0200597
H85634,-139.37956471115226,0.9155990755965038,1.0200597
H85637,-358.2545770335294,-1.1191244802084643,-1.0388347
H85643,-225.35197628780932,-118.31341368699378,0.27254027
H85649,438.18538123316205,78.48163868323167,1.0200597
H85650,-483.93126509047823,-53.338015769529164,0.27254027
H85653,1136.399086002544,398.08595012966714,1.1093904
H85656,-173.26284780928708,23.67873770184615,1.0200597
H85659,-265.43014002566525,56.45409074112028,0.35829774
H85662,-217.73016504045876,9.87682044111536,1.1093904
H85664,-450.0798090244332,-15.865401967531321,1.0200597
H85665,-225.8881709048945,-20.630713391582262,1.1093904
H85674,-283.9037827192443,6.527009339196218,1.0665116
H85680,95.69622129820777,107.93125058462192,1.0200597
H85682,40.77175068483994,86.37531451179889,0.35829774
H85683,-131.7060802610459,-35.60138382973643,1.0200597
H85686,73.91332862577912,30.10553346772281,1.1093904
H85691,-452.74889808776106,-13.505687969113822,0.35829774
H85693,986.8505182203398,260.60634011615224,1.1093904
H85695,-154.19278820955574,-39.23692926933978,-1.0388347
H85697,-481.7014679536053,-7.286029936388109,0.3591553
J81002,414.368141578664,48.602699902164666,0.5612571
J81003,35.15301962952622,-52.95633751234841,0.5612571
J81004,265.5718896203183,95.29144522749742,0.5612571
J81005,1855.3297815002165,549.5744167945542,0.6627368
J81006,2661.435936434536,363.5558127996859,0.5612571
J81009,1513.9724676116005,297.80507835114383,1.0046948
J81010,743.5445997364935,79.99676614165459,0.5612571
J81011,367.00306640349055,100.70607875228914,0.5612571
J81012,748.2418067769597,410.40163096939267,0.5612571
J81013,698.690038396566,124.36463320183958,0.5612571
J81014,655.7573232087242,150.21728574873035,0.5612571
J81016,77.73047951025046,42.99879876890976,1.0046948
J81017,-118.39064077928289,19.745294319567247,1.0046948
J81018,658.3339264195234,119.00262838060038,0.5612571
J81019,1533.9175162933418,312.2446417678597,1.0046948
J81020,-48.54542919425225,43.858061634388555,1.0046948
J81021,1109.1226218772244,657.7443556054818,0.5612571
J81022,106.31275185564557,-10.800178446235988,0.5612571
J81024,136.96168936664853,-32.11211334336541,0.5612571
J81025,321.3292107223454,94.27584471113731,1.0046948
J81026,487.30646635950063,-249.4619997929794,1.0304221
J81027,1552.5516144097949,238.08829329553603,1.0046948
J81028,1104.0950771485457,330.9850124620923,0.5612571
J81029,58.11932250285052,74.7981455299259,1.0046948
J81030,304.7821300785897,13.582184046869855,0.5612571
J81031,123.97806035210833,19.566991124906444,1.0046948
J81032,224.26326174782443,141.716964583931,1.009908
J81033,1133.2692254915826,505.50537364002633,0.5612571
J81034,715.380186756208,84.36415461465879,0.5612571
J81035,49.09183437709678,65.1545636295946,1.0046948
J81036,366.92305769925224,71.3123861891698,0.5612571
J81038,94.89845706121567,-6.293355977772198,0.5612571
J81039,137.36317725867116,41.28510914154302,0.5612571
J81040,-28.214316806620552,-68.95671555614085,1.0147833
J81041,993.0701202649824,135.45054497200357,0.5612571
J81042,191.95008652915823,49.25760747761479,0.5612571
J81043,124.87419183511179,23.864192328250837,0.5612571
J81044,754.949713194984,345.79602587047117,0.5612571
J81045,864.0265841269619,277.1806240233419,0.5612571
J81046,375.9233761875498,108.93473655153107,0.5612571
J81047,474.0687638681293,46.49597361005825,0.5612571
J81048,-95.98940236495332,37.302044541205454,0.5612571
J81049,339.50874883578325,-0.5049250662876835,0.5612571
J81050,698.5046123125052,90.98778642508127,0.5612571
J81051,759.7114243520099,560.477211014879,1.0046948
J81052,156.57490677971077,68.4123610925402,0.5612571
J81053,-7.8585425913311235,15.600212151292514,1.0046948
J81054,136.51338605734134,63.32411046591648,0.5612571
J81055,625.7008356212609,-61.75838874924025,1.0080986
J81056,1147.8497893467409,903.6034009895022,0.5612571
J81057,177.84144644722147,50.054706192522694,0.5612571
J81058,544.2763466499681,134.628241396696,0.5612571
J81059,194.96359234001753,91.59297321492198,0.5612571
J81061,289.0814907603571,42.34253322463148,0.5612571
J81062,442.5359188009841,59.225324585735045,0.5612571
J81063,-137.26299008175178,-4.277200211958001,0.5612571
J81064,-125.67966872643923,-1.4745213290258181,0.5612571
J81065,189.04124554072035,-52.092380226140165,0.5612571
J81066,397.47595580169735,152.22759004980102,0.5612571
J81067,-177.10275365697572,38.35810141683256,0.5612571
J81068,470.1311154008404,63.13823345729025,1.0046948
J81069,-45.413139291008655,13.305140203022335,0.5612571
J81070,461.72367563785014,190.76999966767627,0.5612571
J81071,-154.436110337059,14.449177990692128,0.5612571
J81072,218.73677192256443,50.96778231929839,0.5612571
J81073,1763.5139941175212,421.9080357819367,1.0046948
J81074,223.1073417209816,76.36662298780458,0.6627368
J81075,116.81960776144008,144.40084567879921,1.0046948
J81076,315.2766511414962,97.21737036987537,0.6627368
J81077,69.39251546802144,24.259873487972293,0.5612571
J81078,137.6204274998859,130.74997604358566,1.0046948
J81081,773.0838248727246,215.61117707341026,1.0046948
J81082,317.21202025974344,93.533325282345,1.0046948
J81083,13.400005982435495,-16.3156108984417,0.5612571
J81086,-61.79919292710392,96.59294647434189,0.5612571
J81087,235.65596572790778,64.4249976785392,0.5612571
J81090,-132.8161536965719,-21.134953992766764,1.0304221
J81609,-83.59065271404512,34.00256309187687,1.0046948
J81612,-153.07724099020416,96.31426006423115,0.5612571
J81613,124.37309999998931,150.149218918382,1.0046948
J81616,-66.68992160269305,83.8904538045362,1.0046948
J81620,1785.988732861745,1329.9362818852824,1.0046948
J81621,85.26442739541828,122.96935729503812,0.5612571
J81623,-436.9624230135246,-18.59056975770134,1.0304221
J81624,-334.86177117312917,7.050833784502764,0.5612571
J81625,299.4419228133034,128.65787340999188,0.5612571
J81626,69.23792517549514,148.12215845737364,1.0046948
J81628,-247.2709322640862,28.62007529628508,0.6627368
J81631,-222.34787792728207,86.0551073174329,0.5612571
J81632,20.793675939951783,55.04442613168052,0.5612571
J81633,21.657281573497265,68.07194165053082,0.5612571
J81634,963.0415048139313,663.8244855651673,0.5612571
J81637,186.49559741937256,153.53040926495305,1.0046948
J81640,-304.5152661815329,-43.07686633274578,0.5612571
J81644,-233.38990653752413,8.27905567418829,0.5612571
J81645,-322.5040895007419,-28.791443722113755,0.5612571
J81646,7.170930376792792,130.68235754733075,0.5612571
J81647,-216.2104241042298,90.36398826024977,1.3913181
J81648,-175.0492298847787,64.42482186957606,0.5612571
J81653,-487.57823763355987,-1.5091846841569143,1.02761
J81656,-496.1949264321049,-9.08402216481912,0.5612571
J82001,369.09625881163237,39.74132536989345,-0.7018792
J82002,807.0833573407998,183.27984653567907,-0.7018792
J82004,-131.08215049312304,-84.82875357786988,-0.7018792
J82005,-107.02259186973868,46.866354003311194,0.21929917
J82006,458.24960249846004,139.00466064025863,0.13675758
J82007,955.3896548353417,110.60893401891435,1.4824355
J82008,157.89158940126484,73.9829922262524,1.9601761
J82009,472.5752798787236,-5.446365672842996,0.21929917
J82010,1395.2968525622348,248.1809899237333,0.21929917
J82012,207.75128381163904,9.808961670888204,0.13675758
J82014,-500.7385061090112,-166.87825101932702,0.23645066
J82015,214.28979407651957,67.0471304466137,0.94109136
J82016,338.7502807364979,73.31154579240477,1.7815146
J82017,643.8812553959565,70.2795440138106,1.7815146
J82018,747.2242922602907,243.51875835115192,1.9601761
J82019,301.29823489147014,235.45472085545532,1.9601761
J82020,-11.950355094480845,35.19342307534871,1.9601761
J82021,487.7374946095668,33.04002754104933,0.21929917
J82022,809.2906399686769,101.98562536344554,-0.7018792
J82023,187.4907491414128,-34.26757660474766,2.1045344
J82024,571.8582644750752,719.5434438252346,-0.7018792
J82025,410.24970660988197,221.56837685220273,1.7815146
J82026,964.9656754253632,120.19220858390295,0.13675758
J82027,-25.566695178629125,43.13149332997518,2.0770206
J82028,705.8469407724712,532.4341770219761,-0.7018792
J82029,664.4102844027896,105.48221191930199,1.4824355
J82030,12.554017649507394,-86.36468519992204,0.9522279
J82031,-236.7735286681359,-86.88953009958885,-0.7018792
J82032,-96.57324114719007,21.767650122106588,0.23645066
J82033,112.23019442387334,23.67661533261829,2.1045344
J82034,1031.4297941847826,133.43534634441951,2.1045344
J82035,754.5201815976769,41.54411008313751,2.059869
J82036,-301.9546778064323,9.222543105257797,2.034142
J82037,-115.00655118653356,-486.4395021627489,0.23645064
J82038,-6.301805726979937,-48.899511980982616,-0.7018792
J82039,613.5677124152294,76.04800240603976,0.5612571
J82040,816.8002618474995,259.65102989722004,-0.7018792
J82041,623.229304331013,44.021542199481274,0.21929917
J82042,986.0526121344288,338.32382688116553,2.034142
J82044,120.91256154769441,-21.863304019427396,2.1045344
J82046,428.68762596146314,172.40201681086916,1.689687
J82049,1187.0624723021874,751.0394557734245,0.94109136
J82050,455.9026197305428,125.19724432303335,2.059869
J82051,587.1067278945927,208.5306343572369,1.9601761
J82052,355.33486100692744,22.572165962504418,2.2935586
J82053,241.26742370774733,3.5674376245723454,1.7815146
J82054,312.84055980672355,89.6846091995858,1.9137241
J82055,351.9648507386779,312.85337556311913,-0.7018792
J82056,1654.4083974140945,116.89711756187918,-0.7018792
J82058,628.1037773200668,111.60695384115901,1.6560944
J82059,113.50285781867848,80.40364692681018,2.034142
J82060,582.1505549352102,181.79351748858954,-0.7018792
J82061,456.3720034265087,110.49102915949032,2.2935584
J82062,1136.5644108857923,190.66630590034683,-0.7018792
J82063,256.1971134257717,-86.96753817282797,1.9601761
J82064,951.0504945686558,115.12788721252437,2.059869
J82065,652.8112123653639,205.31657629556605,1.6950724
J82066,1004.9874260577136,302.0292504268969,0.94109136
J82067,229.72352262741177,128.4661328694263,0.94109136
J82069,2281.8525972462767,945.1501828504865,1.6560944
J82071,156.30420135546998,95.91602213222839,1.9601761
J82072,379.7565395868144,120.98807637647353,-0.7018792
J82073,356.0943424289342,93.41257331404144,-0.7018792
J82074,743.5794214527025,72.50502864740328,-0.7018792
J82075,79.39375081427046,1.9689388601909608,1.4824355
J82076,1027.2774350272991,575.7865322295457,-0.7018792
J82077,907.1550839230654,462.8985271080549,1.6560944
J82079,216.95686138190646,119.87138777757868,0.24502641
J82080,-229.30017006242616,39.4283185152084,-0.7018792
J82081,1092.0777307283079,309.69877874476936,-0.7018792
J82082,600.8656072908078,109.33620305421215,1.7815146
J82083,2159.379977115582,1540.685153108165,0.13675758
J82084,-19.479354137594136,1.0813256354028864,0.13675758
J82085,1337.9771585649055,231.10185753888524,-0.7018792
J82086,-37.18779473111377,-51.75299704484325,-0.7018792
J82087,279.4287975151911,132.64175677961228,-0.7018792
J82088,801.3471117319007,335.3803666694738,-0.7018792
J82089,538.6331096231125,130.56706801101177,1.9601761
J82090,854.9081430909049,137.9905568066341,-0.7018792
J82091,276.6403226281433,68.2083957320325,-0.7018792
J82092,281.33477660035277,50.99794949904238,-0.7018792
J82093,244.30291364227992,17.25910501246809,0.23645066
J82094,2111.4500791071787,318.41424022520226,1.6560944
J82096,-870.928380279355,-676.503837545436,1.7161247
J82097,543.6157589077375,-70.44511370246676,-0.7018792
J82098,691.3710521993181,358.40577652869774,2.034142
J82099,385.7694038642952,131.23043313068285,2.2935584
J82100,451.35150358349733,-153.01339236052385,0.12818183
J82101,721.6410560431456,-72.31853881977216,1.9601761
J82102,915.3896529207262,466.47260053490714,-0.7018792
J82103,485.19716938735735,122.85701450377228,1.7815146
J82104,695.3145565614428,16.5672148493697,2.1045344
J82106,236.6140772408068,50.06104616346672,2.059869
J82110,348.94819222770553,13.3991603884184,2.2935584
J82112,855.3455926006117,311.78146269142997,1.4824355
J82113,435.868073273831,-128.04788268269903,0.12818183
J82114,576.2581687273345,118.7133795588994,-0.7018792
J82115,74.4321465513538,31.007194158173228,-0.7018792
J82116,368.5684314952213,89.0768045795164,2.059869
J82117,1122.2785613354126,189.38066192430873,-0.7018792
J82119,334.59685865422813,122.17607737308253,0.21929917
J82120,387.65347946553965,40.759276503875604,0.94109136
J82121,220.34936147075683,121.35347247689337,-0.7018792
J82122,590.785440172304,1.368874855100763,-0.7018792
J82123,538.8844770177918,-29.89331741710241,1.689687
J82124,385.36820233183255,125.05510147345582,2.059869
J82125,297.50996468495754,25.591508214318846,0.94109136
J82126,-146.5055348246297,42.72219740115462,-0.7018792
J82127,461.59761904187536,155.32982477396334,0.12818183
J82128,255.15822238840727,11.882685092462182,-0.7018792
J82129,122.93473616159352,25.011549620255437,1.4824355
J82130,961.5802136917868,135.66749668014262,2.059869
J82131,987.5421230813818,157.62995774469292,0.5612571
J82132,1207.9799104077654,139.6759785012428,-0.7018792
J82133,75.86786113412634,73.84064356261445,0.13675758
J82134,2051.3313666329946,1033.8739586515353,0.21929917
J82135,384.81262194745017,77.50622940153183,2.2935584
J82136,338.0336094606343,11.508666596071368,2.034142
J82138,989.2014383029151,294.1657828984907,2.2935584
J82139,1104.9779376229856,240.8810006509838,1.4824355
J82141,537.8325731218058,-141.88936792334886,1.9601761
J82142,328.12681681819043,59.386525823395814,0.94109136
J82143,481.175573906601,76.81397813033209,-0.7018792
J82144,1559.5043484723406,355.7117033463872,1.6560944
J82145,1283.1215576344325,585.6152050056822,-0.7018792
J82146,-73.50715226567819,45.64068805003477,1.4824355
J82147,6.468103008503137,24.041340602663443,0.21929917
J82149,593.8073104612145,114.50082195744815,-0.7018792
J82150,650.4176637235004,127.95390857296631,0.5612571
J82151,49.82677266386514,82.5065489748858,0.5612571
J82152,432.0720607641469,84.14180935463129,0.13675758
J82154,867.8534531273799,-8.283432695092307,2.1045344
J82155,3953.4410073922672,1116.9779577652025,-0.7018792
J82156,112.72436097282718,39.04212747157922,-0.7018792
J82157,659.4129381970884,119.90965720271656,2.034142
J82159,-177.76168157217597,16.86890183422608,-0.7018792
J82161,309.3558382302771,49.00627562508759,0.13675758
J82163,834.9900710277216,472.8786048704312,0.21929917
J82164,632.7277360444762,97.81406319363728,2.034142
J82165,-115.73371974691108,21.289586263012012,-0.70187926
J82166,828.3378260836464,168.19855579130268,1.4824355
J82167,-228.47529150231267,-146.91336116109971,2.0770206
J82168,-40.07426498185524,-22.505976738007533,-0.70187914
J82169,-39.827851080944406,115.13439060048442,1.9601761
J82171,298.57404328495454,94.17597912545953,-0.7018792
J82174,355.66871860549344,83.08851863249738,2.1045344
J82175,-17.16014850877513,31.442668940098187,-0.7018792
J82177,-102.1364138054423,25.42974534935874,-0.7018792
J82178,403.65746229557845,180.568492780835,0.94109136
J82180,-88.78063213066581,-7.532893547329781,1.9601761
J82181,381.87414463143625,88.70877670057298,0.94109136
J82182,-135.03117945569923,-54.30597596939175,-0.7018792
J82183,-27.367282744929422,176.72529449370973,-0.7018792
J82184,-128.55270972995447,45.858111312175176,2.034142
J82186,69.8871286446142,-164.21580765642688,-0.7018792
J82187,660.2464691275368,-17.932535105158834,-0.7018792
J82188,-181.13290592214202,39.41835314448105,1.9601761
J82190,-80.072306999586,-86.47238335264386,1.9665513
J82191,-334.5147693813578,-95.61174089027598,-0.70187926
J82192,284.30557167982965,36.85639796341826,1.9601761
J82194,562.4434859925663,518.4058572896329,-0.7018792
J82195,-117.84484617322987,-19.56704939340664,0.9427759
J82196,1101.7175743066105,249.99280193186377,0.21929917
J82197,-209.11178974809826,28.957579714578387,2.2935584
J82198,-171.42223869480853,44.29322121703677,0.94109136
J82199,-251.2888028770904,36.390159097084336,-0.7018792
J82201,69.72307589167174,99.2575489340653,2.034142
J82203,95.67292862250989,-8.09828658504077,-0.7018792
J82206,-153.96338007159295,14.586208038977318,2.2935584
J82207,10.940032498409527,42.564069596163165,-0.7018792
J82208,150.64080417464493,49.31305956869587,-0.7018792
J82210,469.03687685250435,46.547762363883656,0.21929917
J82212,-129.75287024960096,36.52198267234425,-0.7018792
J82213,133.18277400390664,84.25942733122224,-0.7018792
J82214,365.49851519017636,262.79402440242745,1.6560944
J82215,216.2247055613602,209.3122809635825,0.13675758
J82216,472.82272448951295,108.011158969164,2.1045344
J82217,-440.6207907989252,-4.8984396947643045,-0.7018792
J82218,430.35066261809004,137.49728379142078,1.6560944
J82219,-634.1345265858594,-157.80341232699158,2.0770206
J82220,138.35487243396153,235.66779459512023,1.6560944
J82605,-319.166392524354,4.387031397142413,-0.7018792
J82607,-449.31883626576445,-67.9648070147644,-0.70187914
J82609,-87.99464517225451,-7.22179146911503,0.23645066
J82612,-206.4491646507067,1.7149445505723453,-0.7018792
J82619,-67.48377965321977,-0.35237413614771546,-0.7018792
J82620,-322.92773619921996,-23.95869362527936,1.968752
J82622,1461.6003157571379,1022.2030016947016,-0.7018792
J82625,-161.64714251059752,38.969269698123234,2.034142
J82628,-123.36827819785022,25.204354973291963,2.2935584
J82629,-209.1474597372563,37.447693510385385,1.8243934
J82630,-197.02704598770774,43.08963852668089,0.94109136
J82631,-202.69986181109624,-22.769294149342564,-0.70187926
J82633,107.71728903459793,270.241866903007,2.034142
J82634,-413.2896229528768,-122.94890574317866,1.9687519
J82639,368.2193569947308,327.41190330547613,1.6560944
J82640,4.442314136767004,51.82057209804344,0.21929917
J82646,521.0708171030609,487.863077746495,0.21929917
J82647,-307.5281854839845,-3.6293471227166125,1.7161247
J82648,-6.196992616657601,3.118262341185946,0.13439079
J82650,-70.32131726090961,-59.02754486762463,0.23645066
J82651,-220.31324899811136,-28.174976626557417,-0.7018792
J82658,-534.9464898066054,-42.45814941431784,2.0770206
J82663,-314.1281674584663,19.73683528445004,-0.7018792
J82669,232.85829501402026,49.48892120542684,0.13675758
J82688,-71.49558999648329,14.339648717411489,1.7007207
J83001,753.6998471980575,63.53218842368642,0.7624299
J83002,821.1112051117145,304.9019410059293,0.7624299
J83003,429.4916685074056,107.04396196338715,1.2555355
J83004,165.76401925736485,96.48415681582146,1.4824355
J83005,623.5152203292176,203.3228198681116,1.2555355
J83006,467.24144365826237,115.13131118312408,0.7624299
J83007,874.3756009711909,76.61463655339085,1.2555355
J83008,914.7999716374629,104.48119157121369,1.2555355
J83009,1029.0342884017991,265.249107326121,0.7624299
J83010,620.803922447382,125.11690926708353,1.2555355
J83011,874.5605635602493,233.46736619887474,1.2555355
J83013,101.07616526995129,62.39264555487326,1.6782483
J83014,749.4563786830017,256.1589298165126,1.7815146
J83016,1350.2586429593441,754.55454339168,1.6782483
J83017,-13.51803252585863,-4.3406414459481635,1.2469597
J83018,1207.1745876102252,186.3887937276493,1.2555355
J83019,792.3364098904767,270.7556247501861,1.2555355
J83020,134.6539143372052,-70.14220064998945,1.4977597
J83021,1377.0445774520167,807.7671463595028,1.2555355
J83022,160.6384102185114,71.39052136532531,0.7624299
J83023,325.7191824595284,139.59595035433026,1.2555355
J83024,736.6334299116306,57.11221072044191,0.7624299
J83025,-17.335134633016526,57.856346319393865,0.7624299
J83026,1280.4720878517953,874.5059890683232,1.2555355
J83027,901.9290305393994,59.65371376018803,0.7624299
J83028,398.3649891948098,33.46043301246511,1.6439453
J83029,303.9976775385698,0.9409277871211963,0.7624299
J83030,1501.1661821496134,324.2002591531729,1.6782483
J83031,815.447583781049,38.69078265598044,0.7624299
J83032,193.34619803196262,29.48495350144033,1.2474223
J83033,221.36984573279764,-117.44118887478214,0.7624299
J83034,241.37475708797834,15.978725087663168,1.2555355
J83035,1361.0533517226638,-88.8117463497528,0.7624299
J83036,510.13471260361746,31.278205093862738,0.7624299
J83037,855.6501498874256,399.52553046464664,0.7624299
J83038,778.0296495611274,109.13562285364897,0.7624299
J83039,741.8233858177767,274.6659415879764,1.2555355
J83040,1229.1594445656847,210.20884094495437,1.2555355
J83041,757.1503792300477,132.97171111593568,1.6421587
J83042,752.3146378714408,64.8415229067328,1.2555355
J83043,220.0370237852206,34.309142118332936,1.4824355
J83044,-99.33111720142973,-47.25406566561993,1.6439453
J83045,352.6701394132698,127.98676990241627,0.7624299
J83046,810.4814199436819,273.0386271122072,1.2555355
J83047,308.66272890704465,-12.077215314784695,0.7624299
J83048,310.34294325350317,16.507499195930333,1.2555355
J83049,652.4758919291781,212.71095464157915,1.2555355
J83050,305.06741485955723,181.1710027736927,1.2555355
J83052,4.105439714580048,37.47953565855646,1.2555355
J83053,52.56210047506158,66.28226442863897,1.2555355
J83054,-90.59948434441091,80.51351363974692,0.8111083
J83055,503.3405856777334,156.86597602695073,0.7624299
J83056,-108.60711788313544,-4.954321999658577,1.2555355
J83057,748.1402791683058,297.76148975842926,0.7624299
J83058,-118.2702821988458,54.62644893468644,1.2555355
J83059,173.1041010163251,99.34473861464312,0.7624299
J83060,13.01874393866421,50.179057145875696,0.48729128
J83062,-177.20832187329015,34.793734149661766,1.2469598
J83063,29.316891546149147,13.959453526526849,0.7624299
J83064,347.3462770807822,78.34595613703493,0.7624299
J83601,-136.73674114272205,50.345446497936436,0.7624299
J83603,-91.30398807083922,34.30480559623728,1.8054553
J83609,-216.19852278336543,15.615973728779492,0.7624299
J83615,-68.99841118938556,70.52363794890654,0.7624299
J83618,-179.1689962456971,36.66221313224855,1.8054553
J83619,-282.3308800643227,0.770061443865802,1.2555355
J83623,-685.2697367717745,-271.8380566884757,0.8138844
J83625,111.20356866969641,13.267672851933918,1.2555355
J83627,-321.7617260353822,-97.85085790939311,1.2469597
J83629,-293.16210109015594,30.324408175272445,0.48729128
J83630,-261.2093463765516,22.219604560157972,1.2555355
J83632,-76.34676560433282,107.5580027518246,1.2546932
J83633,317.97966006567947,109.1323703560955,0.7624299
J83634,-475.7935969818994,-82.73738421967217,0.8138844
J83636,-31.958529078263535,68.0201472531586,1.2528439
J83642,-79.92334976495529,-8.064084558581248,1.2483131
J83643,-296.7996189116599,23.494659920598984,1.8154824
J83644,-317.67203998205616,-6.6701713361107,0.79122347
J83645,-27.590121680791547,-23.694253581308605,0.7624299
J83646,76.37792699154708,-11.288513198969959,0.7624299
J83649,-278.10066115938287,38.53886757807838,0.8138844
J84003,135.19814145786543,57.05302019723719,-0.41316232
J84004,711.0463168671027,112.65498075383381,-0.41316232
J84005,615.3110517798233,8.281625171590049,0.13675758
J84007,381.5440258519085,112.66687122433746,-0.7018792
J84008,116.41734872056904,156.8532188941173,0.13675758
J84010,1209.5022306452404,117.02343400107385,-0.41316232
J84011,1071.396216716458,275.16855083385536,-0.41316232
J84012,887.3437543846636,330.10599309225125,0.13675758
J84013,1347.4825410735957,246.88047646999064,0.13675758
J84014,1114.5382475350884,113.0555302267395,-0.41316232
J84015,917.8158891696426,210.08711159850984,-0.41316232
J84016,322.70420170487785,44.11261012128819,-0.41316232
J84017,697.4532411542011,113.12535874893486,0.13675758
J84018,45.66123395674843,66.55834416676211,-0.41316232
J84019,959.007729222323,142.0969244843372,1.4824355
J84020,141.05746380164132,11.771604719326028,0.13675758
J84602,-232.5382009728329,-68.53374351091391,0.12818183
K81001,351.7980246097317,94.13701453565312,1.8690587
K81002,652.8957273392122,172.7780585346016,1.9137241
K81003,544.1213329293672,143.39037485929003,2.2574687
K81004,1221.4954217614775,237.8092442939171,0.24502641
K81005,-59.9246700431164,-14.651479157156926,-0.45782766
K81006,705.6794356006643,-4.3193589726433075,1.8690587
K81007,28.957270403252483,-33.83419277611443,0.24502641
K81010,-32.16960341143208,-1.1863642464572917,2.2128034
K81012,489.01855687403867,117.75590419042896,0.24502641
K81014,1036.918264549226,289.85714799870675,0.24502641
K81015,-253.90486994193176,3.6400442443818,2.0580826
K81017,946.2215949594256,-1.564525232402666,1.9137241
K81018,124.15716323280952,-5.1307823325972555,2.0580826
K81019,-248.53153379410196,57.28056035904164,2.0580826
K81020,601.4273038760978,177.44043695406341,2.0580826
K81021,272.7486911359736,52.44486326035495,-0.45782766
K81022,1441.163630799279,378.17604628677196,2.2574687
K81023,-57.04840189647922,-25.38773771560329,1.8673211
K81024,1273.650109816153,123.86365062218995,-0.45782766
K81025,1026.096818679413,255.32614708048087,2.2574687
K81026,155.93237120473154,-66.00250059973776,0.24502641
K81027,859.4544992189915,161.17719068360614,0.24502641
K81028,-3.4568341797826285,-2.0305909071370163,2.2128034
K81030,1293.2144325616273,154.74427407657603,1.8690587
K81032,153.50945161755783,-46.98940022218464,1.8638798
K81034,241.4567966596118,11.98454366709224,-0.45782766
K81036,256.46268952355734,-35.163277991697285,2.0580826
K81039,461.46894432405804,-6.115276298432546,2.0048416
K81040,820.4473953057379,286.4966124844176,0.24502641
K81041,319.2385138013659,94.56136921414598,0.24502641
K81042,65.60452706289313,-0.729590418807908,2.0580826
K81043,616.1646748613047,106.5393980306525,-0.45782766
K81044,-374.5125477896386,12.652508925646517,0.23645066
K81045,512.7367794891958,74.27965062697507,2.2574687
K81046,-84.23708202207297,5.105086592245968,-0.45782766
K81047,1065.8482873777411,83.72748615991986,2.2574687
K81048,253.4058750360102,49.68429985154023,0.24502641
K81050,465.9770473892457,115.62522474883927,1.9137241
K81051,524.2199031009992,196.78597749147258,2.2574687
K81052,156.82204975704965,86.21286592374543,2.094172
K81054,-613.3470301872195,-439.92090919526646,0.23645066
K81055,132.97897051830816,38.21455169284144,2.2574687
K81056,34.13775418778563,40.311152364602464,0.24502641
K81057,48.57197108452865,79.37271530068436,2.094172
K81059,157.68351987871813,9.66405552562975,1.8690587
K81060,51.68253731918209,69.89211701534035,1.8690587
K81061,268.54546057630654,-44.61385375303351,1.8965726
K81062,738.4686376431769,240.26493666386784,0.24502641
K81063,1257.8819835007505,674.2799154193119,1.9137241
K81065,137.13035767063076,111.5333071056817,0.23645066
K81066,411.6544409732124,70.8730399876857,2.0580826
K81067,461.76288185026164,-210.0199114228226,0.24502641
K81068,15.019811174211334,32.03939354749477,-0.45782766
K81069,657.5211562002302,-16.041150994656334,2.2574687
K81070,504.5641298229946,93.957214936147,2.2574687
K81072,-361.95715244467016,5.11599270490148,0.23645066
K81073,1579.7869302243564,176.16395867530028,1.9137241
K81074,98.80795888110723,7.320445662764812,-0.45782766
K81075,1900.1691532127618,258.9544118589596,2.0048416
K81076,13.759682995144276,-12.351637136738407,1.8690587
K81077,647.1854061460607,139.512097238308,0.24502641
K81078,633.5785804406524,48.345553886344575,0.24502641
K81080,-68.89145225914315,58.446477604746036,1.8690587
K81081,-339.5197360986682,-33.57095059061666,0.24502641
K81082,355.9979143981877,43.75479300910097,2.0580826
K81083,593.8693273758615,-31.305926476533337,2.0580826
K81084,-96.4712830399591,47.96634924028243,2.0580826
K81085,176.97335212224016,43.14655067575361,-0.45782766
K81086,353.0540675812809,-122.09628256529359,-0.45782766
K81087,-12.596088447699904,30.816887412985867,1.8690587
K81089,-178.03769926194713,20.901826250994667,-0.45782766
K81091,-524.3314294743327,-147.58419890789182,2.040931
K81092,260.53076215337677,111.62401637431594,2.2574687
K81094,-246.4648188397026,-16.842118289262235,1.8690587
K81097,-86.00362702572585,28.485083722827685,2.0580826
K81100,-231.83639798589454,6.728868493029789,0.24502641
K81101,-58.43005128928934,-181.68912594066288,0.23645066
K81102,446.67227497851616,113.0022304468349,1.9137241
K81103,257.239917706456,98.85961074120536,1.9137241
K81605,640.7341809774243,602.9991714819254,0.24502641
K81607,-216.96541871677402,-26.22597921492969,2.0580826
K81608,-82.76992966448985,56.78495077197493,2.0580826
K81610,537.5161703986798,264.47927989164566,1.8690587
K81613,-101.50404213100579,57.60987758371653,0.24502641
K81616,8.811038407861917,-4.289025553300652,-0.45782766
K81622,-396.5790491850019,6.181091788853629,2.2574687
K81630,525.1885482537646,73.65459305145036,-0.45782766
K81632,-181.42458343419506,-22.631081963328338,2.2574687
K81633,276.8859652389079,141.33047009626378,2.2574687
K81636,174.00358457678325,62.58956102960505,0.24502641
K81638,-200.867140850791,58.65383381433854,2.2574687
K81640,-341.19987771789215,27.528199546317644,0.24475126
K81644,467.0154898023156,203.09105100554316,0.24502641
K81645,-19.760634492490798,70.79884375348492,-0.45782766
K81647,-411.81758992451034,-8.551915100946223,0.24447058
K81651,240.97674889006134,213.81041993325087,0.24502641
K81655,-167.87877188622852,78.97076738283356,1.8690587
K81656,-146.7873735160597,46.26407959717492,1.8690587
K81657,-245.31505441861086,21.109904342806438,1.8690587
K81658,-501.5762261996042,-1.359617353222331,2.2574687
K81667,-240.92577272675484,20.584251456809096,2.040931
K82001,138.47024381961026,59.81482243533074,2.2574687
K82003,899.1632902298768,57.128091887624,0.6884641
K82004,359.86103666376414,50.29363027245607,2.2574687
K82005,-64.13846086850666,-5.019587068862406,2.0477242
K82006,386.5058937469868,68.77759281008348,-0.45782766
K82007,1820.6905239153832,1051.2454775037963,1.7968795
K82008,95.77765238618326,-0.45573252607765247,2.0048416
K82009,364.6975800216296,-29.569662769216453,0.6884641
K82010,101.17200618932984,88.18127416379757,1.8879969
K82011,-103.10063469916294,29.02810419545806,2.0048416
K82012,-13.226282041755686,69.1505449600079,2.2574687
K82013,824.6246349316493,141.41760857116563,0.6884641
K82014,-74.62814550667484,18.08454935165208,1.7968795
K82015,350.2194993497932,104.58700653191116,0.6884641
K82016,1141.2395055815662,305.3894494512823,0.6884641
K82017,340.7517283242367,94.73191982388876,1.8879969
K82018,916.9434422039661,190.088618918235,1.7968795
K82019,935.6989518230995,-17.279681244443466,1.7968795
K82020,136.5322005990653,-109.12315777722971,1.8879969
K82021,517.0301263541129,0.4908441586133405,1.8879969
K82022,243.25027949338624,94.79692447042181,1.8879969
K82023,1181.611138832283,173.06626269107016,1.8879969
K82024,308.3854625230313,79.9906622384006,2.2574687
K82025,501.3388207180815,94.70879911016449,0.6884641
K82026,786.5794392938739,166.2741716589261,0.6884641
K82027,108.17146758883307,38.66203526551819,0.6884641
K82028,70.16339729193801,96.04837534156106,1.7968795
K82029,246.16071347530345,53.492095031136486,2.2574687
K82030,284.8028379883393,8.80154815121896,1.8879969
K82031,-112.49372615385369,35.67773793172098,2.0048416
K82032,470.25493502985097,142.31233106302716,0.6884641
K82033,1367.548149801634,376.2757897275174,2.0580826
K82034,69.89190531496816,-11.735394149105648,1.8965725
K82035,-257.7629822536471,20.060081610272473,1.8879969
K82036,331.68536205376535,61.38156412278664,1.8879969
K82037,555.2903291141724,118.73633452275354,2.2574687
K82038,1235.5676832482832,371.5426433583749,1.7968795
K82039,597.7873933667877,110.04535465149714,0.6884641
K82040,692.1092408469988,110.37542421927292,1.7968795
K82042,-54.853707283883246,33.72766426515622,1.7968795
K82043,415.1001593876406,49.4440796566674,1.7968795
K82044,364.6057056501593,185.30238745419996,1.8879969
K82045,-61.400986054150955,12.774481833634143,2.0048416
K82046,365.78478572601443,36.34393163115133,2.0048416
K82047,769.7705174623176,380.0648324688414,1.8879969
K82048,154.27033973192738,59.688716092533895,1.8879969
K82049,799.3269838353901,124.68116809838507,1.8879969
K82050,483.47420517894255,68.24430524264636,0.6884641
K82051,326.9402064610735,87.68054637295964,2.0048416
K82053,526.6833931088987,22.081943910439605,1.8879969
K82054,997.7616372538345,36.73431054560609,0.6884641
K82055,320.88317319560537,178.52132568337038,0.35329524
K82057,80.51175865153536,59.11331239807893,0.6884641
K82058,-8.65924964706696,27.568697055100877,2.2574687
K82059,168.47290792233915,115.86533867737171,0.6884641
K82060,-269.17122366128734,2.336577566238222,0.6884641
K82061,-49.616406178407736,38.8827104627269,1.7968795
K82062,-289.9951606654031,-12.42123484658853,0.6884641
K82064,-134.10877231674098,-2.2460689430340532,0.6884641
K82065,743.8723494312582,108.71147210160281,0.6884641
K82066,178.07984357812248,219.7209204988653,2.0048416
K82067,552.6596211800468,-15.239019409563147,0.6884641
K82068,34.48920102550046,60.70510913694961,1.7968795
K82069,115.96279950771144,-103.59987777728163,1.7883039
K82070,-21.443788066588137,56.50862245207444,1.7968795
K82071,215.3730465225529,96.75791601274649,1.7883037
K82073,2062.69580126429,245.67949173279044,1.8879969
K82074,-100.68135784097993,-51.33884833131909,0.6884641
K82076,338.3218259145896,36.641446839804566,0.6884641
K82078,17.307282336095167,31.054387673935377,2.0048416
K82079,335.4839556939988,111.09744612317894,1.5013736
K82603,257.8536640531008,87.16667870627688,1.8879969
K82608,-63.38800475087013,66.73886927084796,1.7883037
K82610,211.926377996951,85.35790206461783,0.6884641
K82615,124.75214839793627,-45.07339502243791,0.6884641
K82616,-847.6814516476824,-492.55016727803354,0.7056156
K82617,38.78911120615884,117.39555195002235,0.6884641
K82618,-292.64521462099435,-16.24162193283723,2.2574687
K82621,-138.98766137399198,16.580471607285872,2.2574687
K82631,194.68593138966844,50.83035591522034,0.6884641
K82633,203.7623420212083,73.13816017449139,0.6884641
K82634,-484.71912492256104,1.8732482965804056,2.0048416
K82638,-391.69794261353616,-16.449116871514676,1.7909126
K83002,6154.080387577089,1170.121162849668,-0.49391726
K83003,504.8784589210768,99.61397039281195,-0.12444543
K83004,-99.17335391782852,33.62858937586019,2.1852896
K83005,1034.9309435891605,5.2015245814176065,0.119606085
K83006,890.3429817775499,33.28724385016503,0.5165918
K83007,1030.7745872778478,121.24234414670735,0.119606085
K83008,670.3478741349518,106.44587161257559,-0.12444543
K83009,419.3802960727567,87.77106712703448,-0.12444543
K83010,1549.708604538402,323.4372804356649,-0.12444543
K83011,839.6322011970677,30.63825077358172,0.119606085
K83012,661.5247683944414,77.98386289449691,-0.12444543
K83013,1232.8985643373244,255.5442429627852,0.5165918
K83014,1170.3768998214825,387.9062510402213,-0.12444543
K83015,959.1396449614842,-157.05451124474692,2.1938653
K83017,496.8074352665105,137.50034677569954,1.1369042
K83018,540.746722930521,193.26129967092504,2.1938653
K83019,77.53794042664137,20.738866966209038,1.3448662
K83020,-182.40130321478892,-31.87744346973796,-0.12444543
K83021,1978.247267366497,251.89819049867134,0.5165918
K83022,358.7266594390043,80.64718276725166,2.1938653
K83023,592.8622179226046,89.59477209010467,1.1369042
K83024,944.6856688589066,157.2238526755535,0.119606085
K83025,1193.5000045263973,155.17771746452235,-0.12444543
K83026,1633.694925384443,160.26548464180104,0.119606085
K83027,630.5935146951664,119.73727289177413,-0.12444543
K83028,926.9101280019838,110.62639153582677,0.119606085
K83029,634.2136396819903,24.43828040132884,-0.12444543
K83030,824.6464250375668,-25.477433313543465,1.1369042
K83031,250.2807699288445,36.581290905749185,2.1938653
K83032,2125.547952069754,83.952211812052,1.3448662
K83033,-16.77587133122332,53.726123115273474,-0.12444543
K83035,-122.31706835549294,-54.322903035308464,-0.12444543
K83036,1509.2420382855773,153.7565169206189,0.5165918
K83037,1106.1720146259242,85.23812756675312,0.119606085
K83039,1007.9820293279068,-7.1332815647568175,0.5165918
K83040,941.7628855217529,66.67094128805842,-0.12444543
K83041,1688.5969311725698,256.8644441372621,-0.12444543
K83042,718.770030501287,108.62298545614222,-0.12444543
K83043,1054.7540137506578,184.25618176629055,-0.12444543
K83044,872.1062827390144,127.69840398001557,0.119606085
K83047,1712.0400109034438,146.5706848796004,0.119606085
K83048,312.9187001842491,-30.6871042383623,-0.12444543
K83049,674.5380142656262,282.4109185421539,2.1938653
K83050,-103.79787221898113,44.13185250023876,-0.12444543
K83051,1832.3223456229862,183.29218913394146,0.5165918
K83052,1349.3552187888422,125.2799565162129,-0.12444543
K83053,17.725012390780936,78.21711878220945,1.3448662
K83055,133.43426393964685,52.807605976800986,-0.12444543
K83056,-119.93999416371136,-11.227609233902294,-0.12444543
K83058,-11.870120616400227,-14.156345102908329,-0.12444544
K83059,1100.9471021881648,128.9565149818241,-0.49391726
K83064,1044.4522711044713,110.71701456811428,1.3448662
K83065,150.4124238125569,72.43721246832968,1.1369042
K83066,948.7214918045312,165.5311621994532,2.1938653
K83068,61.9195861647618,48.53151462997649,0.119606085
K83069,-31.763685789941253,101.88745954991818,1.1369042
K83070,454.4301045260249,29.634873785927184,1.3448662
K83074,-289.86127727651285,-70.56897731720315,-0.12444544
K83076,118.73250542826894,109.03823081744717,-0.12444543
K83077,626.8870782281916,202.3207550602978,-0.12444543
K83079,62.01669913083336,58.75793059717213,0.119606085
K83080,103.55944625695726,-21.142934686896695,0.119606085
K83081,-318.30653864525124,37.19064209035904,0.119606085
K83601,248.92044225316522,218.3553657180217,0.119606085
K83607,-218.59617835235505,35.93068002087878,-0.49391726
K83610,259.28191891766886,132.70385932290432,-0.12444543
K83614,307.3530900464774,120.2664725952797,-0.49391726
K83616,58.47362669014588,24.61764095848892,1.1369042
K83618,354.2257200392525,193.0384766427796,-0.12444543
K83619,-222.06520375911973,-5.558496942154425,-0.12444544
K83620,309.6633086240079,-36.88634465720552,2.1938653
K83621,212.30548450146648,205.0043292094064,-0.12444543
K83622,803.4110989549243,243.30750352328664,-0.49391726
K83624,-473.6571791273977,-6.557934015285616,2.1938653
K83625,4.204257814607735,120.47423740427944,0.5165918
K84001,65.29309042977172,22.284038315697327,2.2574687
K84002,680.8056887273605,117.11667246141711,0.62128735
K84003,27.34616799763615,28.97022752831262,0.62128735
K84004,654.2567156073726,5.143227711795648,0.62128735
K84005,-89.34169293330106,-11.00823570689973,0.5612571
K84006,729.2755458705481,71.08504953331241,0.62128735
K84007,121.81024814893492,33.21854379566056,0.62128735
K84008,53.94244664933706,9.787475549010898,2.0855963
K84009,721.0268861026656,355.37895986674994,0.62128735
K84010,420.5999164297375,40.02239769286323,2.094172
K84011,134.35003806634208,54.7724478960207,0.62128735
K84012,73.99130075043688,58.539135430894966,0.7624299
K84013,102.08953793884916,70.61489321015914,0.62128735
K84014,420.89824750748744,111.61921118705948,0.62128735
K84015,-145.44016827689555,29.393723932528385,2.0855963
K84016,-26.444098368873654,16.349026196030692,0.62128735
K84017,1032.5645644407998,315.00806080866465,2.1320486
K84019,449.4574802586964,192.69417572988607,2.094172
K84020,196.75305811091286,0.22491501969857766,0.24502641
K84021,-249.33315965149313,-20.3463273133561,0.62128735
K84022,-27.291863448545474,42.42071300725173,1.4995869
K84023,171.3520186840661,14.053381543333675,2.0855963
K84024,234.1344184663882,77.3398518901322,1.4224052
K84025,340.1297655387687,271.56145741727227,0.62128735
K84026,-7.133006008425069,100.993060069712,0.62128735
K84027,1163.4487454585603,41.27975075955892,0.62128735
K84028,809.7921295181239,61.7356849897941,1.4224052
K84029,-407.31730816824154,-110.52291093316947,0.5612571
K84030,1216.2051576398208,750.3686551264319,2.1320486
K84031,624.0157477774158,124.5694042352161,0.62128735
K84032,102.03087887658725,-32.2397435158786,0.62128735
K84033,517.9696915524248,67.69768456995796,2.094172
K84034,-221.972181051438,31.64070191597195,0.62128735
K84035,47.70650118842572,29.664599617746905,2.2574687
K84036,-207.08242954345587,-7.867151275201821,2.0855963
K84037,1101.830112234599,130.27921789789895,2.0855963
K84038,1242.9360275311333,313.1239149514983,1.4224052
K84039,5.252743133230316,-124.52112900312974,2.1492
K84040,716.7637876813357,-10.07132305079116,1.4224052
K84041,531.0096994643274,-32.11817496420078,0.62128735
K84042,9.185196379713787,26.876908980031054,1.4224052
K84043,480.8190002890119,60.423351233505706,0.62128735
K84044,456.93680576794895,163.66850338133693,0.62128735
K84045,56.08662614680601,2.5049879801013613,1.4224052
K84046,-0.025773207632686073,70.29571666560263,2.1320486
K84047,153.79171549065384,114.20168276407982,2.1320486
K84048,36.23173239907028,14.38239789479678,0.62128735
K84049,-261.28904820256935,-28.310203304800922,0.62128735
K84050,278.5554369848378,82.55950760439488,2.0855963
K84051,1172.4604377372834,489.16293795864743,2.094172
K84052,831.3085974447906,202.19295502212722,1.4224052
K84054,411.9796452889973,196.97108526138848,0.62128735
K84055,513.1243356120224,117.87300130771925,1.4224052
K84056,-127.64843371983007,61.71834093727591,1.4224052
K84058,292.0112101838636,98.66321457039886,1.4224052
K84059,299.5024914426906,124.07117199336616,1.4224052
K84060,-98.21360820484058,59.945295486838056,0.62128735
K84062,65.13836713850829,-43.458321484392556,1.4224052
K84063,-69.17745210873423,40.85974184966658,0.62128735
K84065,-317.99592274803166,-4.7967219297509285,2.1320486
K84066,-387.16451973068666,-27.414182155258157,0.62128735
K84071,522.0042900587433,149.88313281749637,2.0855963
K84072,461.41815018163663,57.05481628235063,2.1320486
K84073,152.1836487116287,118.04185730893647,1.4995869
K84074,-175.02810988964188,-3.015382036983843,2.0770206
K84075,365.29747439043666,92.36472838772119,2.1320486
K84076,-180.3753540819705,43.81074144844176,0.5612571
K84077,-124.68928253007276,-27.35986971787184,2.0770206
K84078,-327.38114765998347,26.31443220809818,0.62128735
K84079,87.68501067162721,97.7773498725303,0.62128735
K84080,-292.9239750386551,27.47969432000665,0.62128735
K84082,466.9662656898376,254.70279819259412,1.4224052
K84605,-385.25135595321626,10.555318120043882,0.62128735
K84608,-434.0344122396403,-94.11094433758676,0.5612571
K84610,-120.69569862080455,-24.97167897642186,2.1320486
K84613,970.3678446874571,621.6448107429895,1.4224052
K84615,-293.9861577632977,52.85645422863241,0.5612571
K84617,-290.782678656404,-0.45501910751162866,0.6173965
K84618,-16.18028537178628,32.60066916629937,2.1320486
K84620,-484.0567966239553,-67.35697794250322,0.5612571
K84621,-257.7607416711872,-28.65127061029135,1.4995869
K84622,-236.58164357909757,-52.0512178447053,2.1492
K84624,346.83092005186455,100.08366571439245,0.62128735
L81002,-0.29134767960662855,51.923429241000896,0.27254027
L81004,807.4073858940748,76.72041559197757,1.1472666
L81006,-241.64260998283663,-37.54703711183043,-0.48534152
L81007,975.5814175122545,986.4768584082727,-0.46819004
L81008,523.9279069606146,13.65476658495288,-0.46819004
L81009,519.6794205902798,97.31211191092243,-0.46819004
L81010,20.55525784515299,2.217805886680406,1.6782483
L81012,561.4088169393376,116.36507446651001,-0.46819004
L81013,550.8187980496584,11.77785839768858,-0.46819004
L81014,596.5245456924839,19.556211094277938,1.6886107
L81015,850.6594533201221,167.57296487018792,-0.46819004
L81016,564.7078414755482,107.92922266590533,0.22108579
L81017,127.92540688299268,62.5186674082045,-0.46819004
L81018,340.4187700258953,-6.732781828250615,1.6886107
L81019,436.4439399074767,50.03808761798616,-0.46819004
L81020,-116.92694785787806,-6.098253807782191,1.6782483
L81021,440.41184768382726,157.4324494100641,1.1472666
L81022,950.3062033361222,124.51067088758074,-0.46819004
L81023,230.00373506975092,52.54977961663684,-0.46819004
L81024,733.6483767202307,-1.7540031758572863,1.6886107
L81025,877.9088714412956,166.73286412379676,1.6782483
L81026,850.0265827959663,372.5869079477079,1.6886107
L81027,-103.98622437389888,13.490599660758274,1.6782483
L81028,-38.41335330144735,-32.80581176486576,-0.46819004
L81029,330.58023775320646,61.218532172449606,1.6886107
L81030,244.3449108738539,57.25078800091688,0.48729128
L81031,972.7528489810629,249.18987002113352,-0.46819004
L81032,285.60076092738046,-46.91656637554978,-0.4763191
L81033,549.1304748484339,29.080241529521594,-0.46819004
L81034,1375.3461585794273,801.291039998286,1.1472666
L81035,176.26332809787743,-113.0029155595646,-0.47704503
L81036,407.29730733830263,60.10236951457196,-0.46819004
L81037,1412.364878450196,633.5461778357668,-0.46819004
L81038,596.0536394284064,-58.41999778000089,-0.46819004
L81039,893.4034169406939,521.7414209808696,1.6782483
L81040,788.9136377182031,369.0390285811017,1.1472666
L81041,350.5936900755454,-50.344140418257034,-0.46819004
L81042,350.540949944914,-11.449778683191221,1.6886107
L81043,488.82149643066737,147.28590293327193,0.22108579
L81044,724.4873636863733,164.0565176587109,0.22108579
L81045,274.52646975357004,53.066959036932325,1.6782483
L81046,469.5237194678094,4.6521307553445865,1.6886107
L81047,566.2792639967101,123.20014841289084,1.6886107
L81049,55.890832253155494,-73.81257544231823,1.6647971
L81050,193.63876092612153,91.94097798890644,1.6782483
L81051,926.8450907146878,50.01917868575714,0.22108579
L81052,418.62693560810254,61.292943990581385,1.6826439
L81053,280.3834516913932,38.151345553103226,-0.46819004
L81054,762.7470712521017,175.45732662344858,-0.46819004
L81055,502.4818624100647,-45.46267563797303,-0.46819004
L81056,-18.678704266705584,20.346751676861807,1.1386908
L81057,86.73314104057447,-78.2640767050293,-0.4763191
L81058,719.0972285637845,160.5221620341919,0.22108579
L81059,431.1139508421873,1.3085833984588822,1.6782483
L81060,445.17794374330055,25.769814277125747,1.1386908
L81061,211.60442115321857,37.401294934741244,-0.46819004
L81062,703.0756728488445,377.9642190530927,-0.46819004
L81063,710.0536310914428,174.41670066841417,-0.46819004
L81064,388.7052129960574,58.80327585953602,1.6782483
L81065,138.93206869035302,62.58223906996728,1.6782483
L81066,738.1486829333566,82.17211292672303,0.22108579
L81067,729.3626154011353,-37.51734224062664,-0.46819004
L81068,142.28925461507023,12.646064035012852,1.6782483
L81069,407.5443794205059,66.31366984294196,1.6782483
L81070,-11.116704806487727,5.363732334667893,1.6782483
L81071,59.05106237001734,76.91564508601832,1.6782483
L81072,455.87366423310266,100.05408425568295,-0.46819004
L81073,133.7460973214805,37.10824266843726,1.6782483
L81074,330.4863137288961,-102.78888378049312,1.1386908
L81075,468.5459341776891,240.6011759778434,-0.46819004
L81077,120.80038283652019,82.95896160569022,-0.46819004
L81078,252.72700545528005,59.02138146813829,-0.46819004
L81079,1169.7756302789162,87.49251333691396,-0.46819004
L81080,295.02682112998195,119.75215081140726,1.6493587
L81081,84.88994470968025,134.74912940999124,-0.46819004
L81082,312.3037773723048,26.69134910314803,-0.46819004
L81083,408.60487732193786,3.2162726334299974,-0.46819004
L81084,359.9556509820525,130.1358473527111,-0.46819004
L81085,119.38511975219467,-0.2984665675519387,1.1472666
L81086,2152.7164875279927,1662.6008979666087,1.1472666
L81087,483.6620320772178,56.103569532820835,-0.46819004
L81088,318.53642510004033,-12.011109699040155,-0.47778785
L81089,555.1565558744775,-17.389419247751167,-0.46819004
L81090,129.28169865609635,59.280422513253754,-0.46819004
L81091,215.61957340221377,27.60263733004952,-0.46819004
L81092,-242.1701394046038,-65.78686314262583,-0.48534152
L81093,-244.65603233406517,-131.50222086807477,-0.4853415
L81094,564.6633198479515,20.162411300230037,-0.46819004
L81095,289.0109432290131,57.15309089734741,-0.46819004
L81098,505.58205201124235,60.75425654806519,-0.46819004
L81099,409.34441353039597,41.06285692718531,-0.48534152
L81101,131.42539783527985,60.34670925458997,1.6782483
L81102,10.960208984169817,23.43116312361684,1.1439037
L81103,62.72653366442273,30.065337257050317,1.6886107
L81106,-156.59761722598662,43.202699896656824,1.6886107
L81107,-444.05503441762414,-134.61631641027262,-0.48534152
L81108,-431.734691057192,-7.910927538120562,1.6439453
L81112,-95.52188130969479,10.526233683038756,-0.46819004
L81116,49.096561537916145,25.473119931552286,1.1386908
L81117,-58.24186579014682,27.809622651346018,-0.46819004
L81118,431.3769774696384,73.4705328373418,-0.46819004
L81119,98.87397147978665,11.008246381357317,0.22108579
L81120,112.93414454972238,63.08129128598834,-0.46819004
L81122,123.49624424763543,-25.768534480823323,1.6782483
L81123,-39.40625187987919,12.350533852448327,1.6782483
L81124,370.92738427488666,68.61655008525882,1.143202
L81125,63.455096823647004,60.04420789966803,-0.46819004
L81127,-183.73044128012825,41.68096223754176,-0.46819004
L81128,-179.21420524015818,54.02302003232771,1.1386908
L81130,383.6863571353486,335.3674052336743,1.6782483
L81131,98.27319725224504,35.637064449286946,-0.46819004
L81132,-149.58919946782896,45.54095634135432,1.6782483
L81133,-221.86403243429072,59.6124618994824,-0.46819004
L81134,-19.660291291123833,88.77626393789373,1.6439452
L81600,81.75390310403519,17.892382070998767,1.1472666
L81617,-344.6192852280653,16.460935204819066,1.6782483
L81622,-283.3361647285926,39.570908665604236,-0.46819004
L81632,192.52723123814266,110.93000448770613,1.6886107
L81633,-439.0351988099166,-34.308987929014386,-0.48534152
L81635,-58.775831339050846,5.940507565200799,0.27254027
L81637,-346.63158572064197,-8.611344218198832,1.6782483
L81642,-284.3316285619165,61.413714930215555,1.6886107
L81643,896.8363746394748,580.1624399247569,0.22108579
L81644,-121.98737280231909,51.99965109619309,1.6782483
L81648,-175.04601859713642,14.49880267994377,-0.46819004
L81649,374.83030067487056,98.87723855610811,-0.46819004
L81655,-255.4047615839711,-0.6727341883816128,1.6782483
L81656,-366.6258527702334,-18.2118734165985,-0.48534152
L81663,-400.4934773929814,-55.96177822395443,-0.48534152
L81669,-62.84570705497253,52.40569512383219,-0.46819004
L81670,517.1092085968627,149.5209720289693,0.22108579
L81671,-456.3166994910078,-2.251598516129651,1.6439455
L81672,-552.5766517806467,-101.30484336383066,-0.48534152
L81673,-478.06751749083054,-2.6192983894605444,-0.4684015
L82001,842.0453097470153,164.5074934345108,-0.514642
L82002,457.19454563587135,-19.833635144624985,-0.55752075
L82003,701.0030462208733,138.11045153099641,-0.514642
L82004,514.6802860915611,91.27977114964229,-0.514642
L82006,1200.5375354031307,216.86704767085055,-0.514642
L82007,-77.40771630603358,71.88429640172579,-0.514642
L82008,490.6879586099561,38.67320198628414,-0.5850346
L82009,1062.4007341539761,174.20149719703778,-0.514642
L82010,1048.6118386125204,69.3635767179186,-0.514642
L82011,190.0340242565922,89.48061984946372,-0.514642
L82012,1768.2031295788447,250.09082649712946,-0.43888953
L82013,317.10530358290004,74.94724445599175,-0.514642
L82014,21.153808290711797,-17.397987316371694,-0.5367796
L82015,142.1810889722101,57.89275054507353,-0.514642
L82016,1135.754856878448,220.87780327216748,-0.514642
L82017,-332.97596233480544,7.129389289206572,1.3809558
L82018,986.0783384160909,141.23125703625976,-0.514642
L82019,441.0718253516469,177.72620942616805,-0.55752075
L82021,200.8065752513572,47.03822720427607,1.3809558
L82022,1133.011127702466,252.50066886574015,-0.514642
L82023,1875.7992609273467,303.28355344846165,-0.514642
L82024,106.48334674628092,22.489822146396325,-0.514642
L82025,129.29533228885282,78.81957636795829,-0.514642
L82026,530.8031909736915,114.48262068098013,-0.514642
L82028,1185.812467834086,234.58254821501018,-0.514642
L82029,770.1639800866108,195.01813810449516,-0.514642
L82030,1854.5302416775116,388.81298204604417,-0.5850346
L82035,674.0895386474916,183.38764124711435,-0.514642
L82036,983.0544210767313,116.50989068505417,-0.514642
L82037,91.48047456549627,-14.092476535439365,-0.5248865
L82038,198.16645378069643,115.79523324680359,1.3809558
L82039,34.93714538584142,78.06875198046262,-0.514642
L82040,88.0061131787663,-173.146375059246,-0.55752075
L82041,2544.701923939363,1421.3115117900104,-0.514642
L82042,1075.7054844540125,116.97191679241718,-0.514642
L82043,36.63534183589904,24.85874173173401,-0.43888953
L82044,490.4409328228035,45.395567345110884,-0.514642
L82045,578.2146381614258,124.5775074414991,-0.514642
L82046,832.4747786546502,223.33586764809226,-0.43888953
L82047,440.94572849204184,101.28533827353131,1.3809558
L82048,-86.64427037085574,26.612657662048058,-0.514642
L82049,549.42889828034,-14.346178278553856,-0.514642
L82050,1056.096597201563,223.55154427730034,-0.514642
L82051,1246.3574769886782,315.9543657202027,-0.514642
L82052,583.2204971155355,205.73111355118422,-0.514642
L82053,87.60253709313905,5.7944152746642885,1.3552285
L82054,321.6176482114764,100.48698129365293,-0.514642
L82055,-146.11114213648096,-412.0457687938916,-0.55752075
L82056,427.31351892801683,104.15233721736277,-0.514642
L82057,-126.23709922994063,56.307593864660255,-0.514642
L82058,135.1651935023754,51.584321663523646,-0.514642
L82059,-0.08066452022772098,-5.271248230048455,-0.514642
L82061,35.021973236122,43.23158880508857,-0.514642
L82066,234.2170453565712,24.131651281852253,-0.43888953
L82068,332.7643159669617,180.57275540677887,-0.514642
L82070,113.89695725460518,5.874025978162145,1.3809558
L82611,516.8332653052205,252.91899444209554,-0.55752075
L82617,205.59591486455145,11.486293812139683,-0.5280999
L82618,-51.973688566282625,38.4936579309041,-0.514642
L82620,317.4597733338535,111.14080936106912,-0.514642
L82621,-358.2189364787569,-81.02434051281253,-0.4131623
L82622,80.27420461580004,4.079541383687972,-0.514642
L83002,1263.7896759419705,359.7326617464743,1.3913181
L83003,712.9999149821531,283.3067202497835,0.056002606
L83004,479.20350914917964,-0.7623722568303544,0.6952532
L83005,792.5691933176615,132.8438811297214,-0.80157226
L83006,2033.1358279741398,1018.3903507113458,-0.43888953
L83007,436.35908328097776,116.46805255777366,1.3913181
L83008,1533.7187406203734,682.3894402127888,-0.43888953
L83009,8.195630376023244,51.39672032305772,0.3808091
L83010,54.56773534757795,-44.6223287524611,0.6952532
L83011,292.1742983751,35.13886496231656,1.3913181
L83012,-161.89949630139336,11.703785290414906,-0.5850346
L83013,1391.418662811363,57.15623046875383,-0.80157226
L83014,1536.76227582567,660.3766687737341,-0.80157226
L83015,434.4457386641292,55.51785938586567,-0.43888953
L83016,1426.6365564035566,110.95723723580254,0.5748354
L83017,1083.0262582477617,163.83123157485088,0.056002606
L83018,466.43015606688084,173.14240263845406,-0.43888953
L83019,216.37834790391568,55.733325164130875,-0.43888953
L83020,905.533384279572,209.97084776190533,1.3913181
L83021,415.8044808763091,69.91473482746301,-0.43888953
L83022,522.2380015158968,162.43636518770842,-0.80157226
L83023,72.93971018128896,55.434748521558966,0.4151121
L83024,182.41791521155002,21.737288855047172,0.5748354
L83025,509.4775955505298,64.38726038774263,0.056002606
L83026,186.9275030021907,25.005943294857836,-0.5850346
L83027,359.16123444791333,51.26728878170322,-0.80157226
L83028,869.1565110159788,251.53338594773928,-0.43888953
L83029,530.0588919607826,136.31861700004953,-0.80157226
L83030,465.19227109209066,128.69379675427396,-0.43888953
L83031,618.0938811771163,84.59103286022983,-0.80157226
L83032,703.97802097989,-162.42668425915738,-0.810148
L83034,471.4992500408158,185.68555107599732,-0.80157226
L83035,1435.6528116912582,281.42407990036867,0.056002606
L83036,574.6340999155592,179.35321756495927,0.5748354
L83037,565.0423606751666,4.351412536048094,-0.4131623
L83038,582.8295697407227,272.00623135221826,-0.43888953
L83039,151.42933854763248,80.13071698570762,-0.43888953
L83040,603.1400988843538,156.4296191508295,0.5748354
L83041,258.926398282693,92.0357805747204,0.5748354
L83042,317.34964092128666,82.72777538437592,0.5748354
L83043,683.6249992642885,12.348303314124184,-0.80157226
L83044,270.9997911998668,31.462313730436957,1.3913181
L83045,633.8368829769,41.38868424396973,0.6952532
L83046,120.43846348376142,33.478218287624784,-0.80157226
L83047,174.20002239854807,34.81459557128473,0.056002606
L83048,479.1234361842481,124.65818404910978,-0.43888953
L83049,-250.1764124677057,23.76105429544025,0.6952532
L83050,1156.489497488389,169.5679512440512,-0.5850346
L83051,417.58557071221935,-2.1214344155482507,-0.80157226
L83052,773.0053677086025,106.01240152243976,0.4151121
L83053,722.0685172706452,117.5745196968659,0.5748354
L83054,266.9708110811148,119.71392277845491,1.3913181
L83055,942.03520644042,92.77534469513525,-0.80157226
L83056,508.7800167200156,59.00272797315259,0.5748354
L83057,391.9864896150178,115.98037897461768,-0.5850346
L83058,383.1594634512134,118.57759078328552,0.5748354
L83059,508.16579791473515,69.7124551067296,1.0372112
L83061,267.66105904181495,64.39193039923703,-0.43888953
L83064,515.2172602479092,71.49510732255187,-0.43888953
L83065,148.55167064932357,33.702621210418194,0.4151121
L83066,853.1538357736439,214.8069026121498,0.5748354
L83067,1036.54471975047,138.0126915052147,1.3913181
L83068,-214.97357336141292,-17.518225622131823,0.056002606
L83069,1158.885571814668,365.45034271457604,-0.5850346
L83070,-100.88012051016831,3.496518722177389,1.0372112
L83071,331.3553764790181,133.5910179264839,-0.43888953
L83072,659.4253144934452,10.71305709525517,-0.43888953
L83073,1286.963787406838,306.1586010301185,0.056002606
L83074,2162.55191890894,1030.6824039240673,-0.43081483
L83075,-82.30591281883605,38.21850735133232,1.0372112
L83076,262.1857034757013,125.73075456965698,-0.43888953
L83077,242.29255423016912,-2.6384042966275394,0.5748354
L83078,755.0168647377171,63.91154671918581,-0.80157226
L83079,234.28241503372502,27.967060712511486,0.5748354
L83080,-131.61449672679356,5.140302663291876,-0.4345905
L83081,217.6285887514939,87.78405214463514,-0.43888953
L83082,-294.52454694898614,-13.962820507769523,0.6952532
L83083,1014.1691143830234,140.7329065195766,-0.5850346
L83084,242.68924342407306,46.79257530542485,0.5748354
L83085,835.9438092567387,416.2294120753779,0.4151121
L83086,-13.415174095574196,11.21349184303821,1.0372112
L83087,1447.5447756412875,463.74349110306434,0.20893678
L83088,-61.421059287849374,25.663597356981306,1.0372112
L83089,777.830844386588,176.29753746657298,-0.43888953
L83092,1349.1750423627934,260.90216035529147,0.5748354
L83093,50.741488714960575,-522.773366609841,-0.4131623
L83094,478.3138721450207,7.961933880460901,-0.80157226
L83095,869.3543735063286,92.94651336184546,1.3913181
L83096,1594.2868132340236,1036.3700265676443,0.056002606
L83097,353.2763254001624,74.40639249751477,-0.5850346
L83098,-48.61800211717332,54.96249236254446,0.6952532
L83099,69.69235840987427,65.78770746443521,0.5748354
L83100,2913.3275531785657,1623.7012021401372,-0.43888953
L83101,1362.0245670297263,221.6185018214752,-0.43888953
L83102,291.6128579898796,69.33334377090134,-0.43888953
L83103,1510.5420970874366,386.4600848211929,-0.80157226
L83105,343.3983020047385,127.90240324222928,-0.5850346
L83106,608.3650213903421,124.18072045614102,-0.5850346
L83107,-177.43348977632078,-110.19139280290663,-0.43548575
L83108,2.2208418361116586,-58.68676709097773,-0.810148
L83109,-369.426646968671,1.3722672919812642,-0.41316226
L83111,1307.362282438264,223.11299986734508,-0.80157226
L83112,131.03392229571725,93.25405757414558,-0.43888953
L83113,436.8129809715556,150.5161680781719,-0.43888953
L83114,-31.353485062818567,59.96750690807945,-0.810148
L83115,34.46883186779481,8.951501314726414,0.5748354
L83116,-74.83191590515399,56.092595184714106,0.5748354
L83117,-408.96698975445264,14.371458616344121,-0.43888953
L83118,1231.0787574262163,899.4579853737623,-0.80157226
L83120,430.42852294485954,64.62052041362601,-0.80157226
L83121,-299.0804722872274,22.094881015383116,-0.59361035
L83122,439.7234577466423,206.59737134444552,-0.810148
L83123,-203.71934154630392,54.08620763080773,-0.4131623
L83125,-235.51625892986456,33.01887439502384,-0.43888953
L83126,-134.3103878711882,-31.088057264495493,-0.810148
L83127,316.82100984027596,210.833466703745,0.4151121
L83128,261.09643634212864,97.73173946659486,0.5748354
L83129,-136.30878118260645,34.920267682584004,-0.5850346
L83130,545.6176622021865,37.540684266327304,-0.80331
L83131,1467.1425028558228,733.6716146933894,-0.80157226
L83132,-488.0319588931516,-364.1567952322627,-0.4131623
L83133,-357.3843164329553,-269.7550684323549,-0.4131623
L83134,-118.9174514899367,18.22099305533496,0.5748354
L83136,156.2533691475634,84.25653358603873,0.5748354
L83137,566.3417457591622,449.99829739955237,0.056002606
L83138,-91.28487940634787,-77.4528483430473,-0.41455033
L83139,-42.91418610618498,-145.71807245216226,0.056002606
L83143,-99.17404590625648,55.38785131752256,0.5748354
L83144,-277.4031014085006,-29.352951391367327,-0.4221847
L83145,-237.25146278451388,-80.2253798251718,-0.8083658
L83146,-235.30666563222763,56.145657506310144,-0.80157226
L83147,477.6543651506091,106.85919910209923,-0.43888953
L83148,-87.21988865343974,40.18053596761272,1.0372112
L83149,-318.4960340279362,-108.36893458213541,-0.81014806
L83607,162.669086314729,98.1571729411147,-0.80157226
L83608,-141.89588061657747,1.4970022211292655,0.20036104
L83613,-250.10087086627044,24.848862903744582,0.3808091
L83616,-351.8782777456052,-8.927343601367916,0.35508186
L83624,426.4350554669376,55.44925844120971,-0.43888953
L83626,-111.34312575672472,-22.544011480606322,-0.4131623
L83627,-111.51904368061658,2.0678200452540456,0.5748354
L83628,53.591785245525024,51.522882449153535,0.5748354
L83633,-357.32408153009413,-29.815857610482887,0.20036104
L83637,-142.41804353899286,52.77841065346539,-0.810148
L83639,-292.5295683204346,2.598327476992262,-0.43888953
L83642,-184.566319899643,112.33281015274918,-0.43888953
L83643,-119.26616368974402,-8.338969931742856,-0.4221847
L83644,-86.68607510528089,23.900671908117165,1.0150735
L83646,582.7334695715991,180.25784231928432,-0.43888953
L83647,-91.65474980824536,158.74403817028247,0.20450927
L83648,331.4118081139781,155.88314772448564,-0.43888953
L83651,46.20108436816755,154.92621099164435,-0.43888953
L83655,200.91972336165702,67.6224334996575,0.5748354
L83657,-107.47049783100638,0.10693960551639757,-0.80157226
L83658,-296.5074330315976,0.9172298678077381,-0.4131623
L83661,-298.8846186452192,1.8213538640426927,0.48907793
L83663,-150.56614843916688,51.346275015938446,-0.5850346
L83664,-299.47495266773257,-10.749987311589614,-0.4131623
L83666,-99.21429073285896,53.82987688394277,-0.80157226
L83673,-369.5285533603864,18.233612364489865,0.5748354
L83679,-442.5917571932281,-31.88384286373337,0.5748354
L84001,437.4261487326617,25.626043196180902,0.20893678
L84002,184.95748416249177,-17.0868353576282,0.20256163
L84003,20.940366333613156,45.10303796968932,1.245173
L84004,314.2145640946641,54.807845110527595,1.245173
L84005,7.436410701029787,12.346905895958969,1.8054553
L84006,-36.96701225934427,29.591882689302913,1.5889176
L84007,298.314219506045,49.4488899438005,1.8054553
L84008,459.0014481440259,141.96849480603868,1.245173
L84009,975.2236404489757,111.16372738992635,0.20893678
L84010,480.31118233181485,207.08293657495184,1.6421587
L84011,344.59641441331416,47.53541982128759,0.3636576
L84012,790.209217416718,372.22593834191247,1.6421587
L84013,453.57493360877953,77.40019969496157,0.20296992
L84014,217.95172086884722,68.59925663080558,0.20893678
L84015,248.37183864286777,26.08092451035551,1.245173
L84016,258.93464188815346,60.17440724505063,0.20893678
L84017,236.88885687309514,75.9519866797573,1.6229631
L84018,392.45485184397825,253.7000048964416,1.6421587
L84019,528.2334127025971,130.76233738450796,1.7883039
L84020,370.0943369212108,-101.50502283575948,1.8037709
L84021,645.4341611781095,90.56033893241063,0.3636576
L84022,245.3641352099444,59.57720233750701,1.245173
L84023,715.6375515453167,44.72910175825136,1.5889176
L84024,100.47070361696532,11.76073645534585,0.3636576
L84025,-228.82794572944226,-8.26337361932258,0.20893678
L84026,1190.912324787653,848.8732998060524,0.20893678
L84027,126.48051866008315,33.23339603387776,1.8054553
L84028,672.1146043946862,53.60739119698777,0.3636576
L84029,56.00460049960387,51.527333689667024,0.3636576
L84030,-17.295859778116,47.349130375655456,1.245173
L84031,199.9908644060653,78.26686543557167,2.1320486
L84032,386.437315261566,23.78498964397499,1.8054553
L84033,786.1334480018195,53.70942915155798,1.245173
L84034,662.1524520787657,7.088842551977046,0.20893678
L84036,331.25522550210525,115.51375413659332,1.245173
L84037,672.1654213803207,93.16724764387769,0.3636576
L84038,608.9825931388841,128.3775028160238,1.6421587
L84039,67.64142359128901,78.00838222056241,1.8054553
L84040,455.228705274844,-2.3842188229784256,1.245173
L84041,316.9442973674192,32.96686331725121,1.245173
L84042,65.17630640064593,-71.95689750090224,0.20450927
L84043,-15.868592734848333,23.213614169755246,1.5803419
L84044,62.687206337905856,-74.64327634502001,0.3636576
L84045,288.45400998769736,67.65102517439455,0.3636576
L84046,181.0444406079248,84.0661814362016,0.3636576
L84047,711.0640397586983,-74.89844504077674,1.5889176
L84048,333.67902984796757,37.12240634289676,1.245173
L84049,21.871421939550434,60.356181691175905,1.245173
L84050,1872.5481138320874,361.0950996921827,0.20893678
L84051,282.5695154724439,60.519453303151536,1.8054553
L84052,499.9112215646824,94.59684575429026,0.20893678
L84053,457.3888881134358,103.45145322744797,0.7624299
L84054,543.9138010477309,346.65252677400224,1.5889176
L84055,-140.80489597199184,-56.82828733344425,0.8006809
L84056,255.70256445621334,-12.191218676943473,1.245173
L84057,-8.398077515021022,-8.850504004109236,0.20450927
L84058,430.0699543230342,-0.18151780651297342,1.245173
L84059,195.37655028017693,78.53938765969961,1.245173
L84060,885.5925854592489,621.7173113633108,1.8054553
L84063,-173.17534504803157,65.30596366723508,1.6421587
L84065,139.2178384561897,42.39167918462195,1.8054553
L84067,87.90001145478713,19.283309315978435,0.20893678
L84068,-86.44470735146659,26.169966419613647,1.5803419
L84069,505.4304693244551,-6.329045295367368,0.3636576
L84070,50.1613212270552,12.991814619148,1.8054553
L84071,400.6871495656213,95.15980264106452,0.3636576
L84072,30.36045291805735,25.41636765407077,1.5803419
L84073,-98.13686242979269,-24.99705820688758,1.8054553
L84075,52.32513213368767,68.68620759865094,1.8054553
L84077,-142.9621145725477,26.56703309389708,1.8054553
L84078,-139.2034550138749,8.015678677833753,1.8054553
L84080,-55.26627133392364,19.48413047803589,1.8054553
L84081,205.97234091469028,-2.820726144611196,0.20893678
L84084,556.6664935497281,-33.76276108835393,0.20893678
L84085,25.177252718389756,-3.332622960301568,0.3636576
L84604,-39.56777457058946,35.81320166370907,1.571766
L84606,340.6975432954064,274.80129108798764,0.20893678
L84609,-383.3358948602806,-10.239559664258696,1.7883039
L84613,-236.37480849952038,-15.379946470126301,1.8054553
L84615,-57.71985963735961,14.182909143513653,0.3636576
L84616,143.3257525160115,-31.812488673137704,1.245173
L84617,-42.14872510478327,78.14333821222395,0.20893678
L84620,-498.8515525029739,-17.62494424193317,1.2264163
L84621,-167.09979597251186,30.00119542424292,0.20036104
L85001,712.8036866777102,7.477585950413202,0.35508186
L85002,428.92794677452935,37.13639090596292,0.48729128
L85003,-59.182232127490124,29.10849818567928,0.4151121
L85004,676.1672609118289,208.4362744386373,0.6627368
L85005,-62.635421949645824,-74.01265822426566,0.6812855
L85006,468.0513269883732,25.606103458401176,0.22108579
L85007,633.9774714255107,133.93751673123148,0.6627368
L85008,2850.2163131280363,153.5880317663725,1.6782483
L85009,632.1093867534853,3.074527888859574,0.35508186
L85010,1190.1297238981663,-27.73069373877778,0.22108579
L85011,195.61920245539636,62.806120569258674,1.1472666
L85012,823.4841056376121,335.4518497586705,0.35508186
L85013,-101.94708778797127,43.7974261525238,0.35508186
L85014,566.0717613081468,256.60476362806276,0.22108579
L85015,465.94831985656094,51.470661111176945,0.6627368
L85016,1927.1795787898402,254.21668034101566,0.22108579
L85017,476.936224696855,76.09095856678847,0.6627368
L85018,95.78402702422822,10.400589822340308,0.22108579
L85019,361.58508613466256,172.13712680531486,0.35508186
L85020,541.220550959783,133.23842527949148,1.6782483
L85021,669.4464711206581,98.77649792856707,0.35508186
L85022,692.8891078228743,177.39057414894324,0.6627368
L85023,695.0444663030049,260.21491930237954,0.35508186
L85024,530.3167585906435,241.9355653020187,0.22108579
L85025,512.6834783250591,212.98744949116352,0.22108579
L85026,-19.770448815025777,12.462365698689181,0.6627368
L85027,263.51261565148144,53.565203317857026,0.48729128
L85028,197.8044084366367,1.864074760179608,0.6627368
L85029,439.92666156871303,215.61974995523386,0.6627368
L85030,442.12954563343686,72.40573389119486,0.6627368
L85031,140.5589989171649,137.87344036498686,1.0046948
L85032,44.99014109822749,59.59919497284298,0.48729128
L85033,757.8015062847406,27.076495099498015,0.6627368
L85034,48.174083359551716,21.205013490379358,0.48729128
L85035,1127.5176472483054,116.96790689541079,0.22108579
L85036,-24.488105433919966,33.9001634380907,0.35508186
L85037,-52.18214199634297,59.31847954032922,0.22108579
L85038,97.93733211971794,-11.070114087739313,0.35508186
L85039,711.2681563240651,69.50594567110856,0.22108579
L85040,4.672824549599777,79.7616126591668,0.48729128
L85041,119.2689715514874,-46.33355781346911,0.35938087
L85042,754.2772326648212,106.95452145488942,0.22108579
L85043,243.2861469280007,54.94047664226557,0.48729128
L85044,94.33126361813854,94.83417023902763,0.48729128
L85045,-299.384367216469,-7.718390417776683,0.7056156
L85046,204.34108479579956,67.12090815874275,0.48729128
L85047,-1.4641065159254518,28.48526704888686,0.22108579
L85048,63.50735764405511,-22.18955625612146,0.6627368
L85050,133.87209101123605,92.14284435017166,0.35508186
L85051,188.3221700067823,-34.735310738905454,0.22108579
L85052,42.61439652163751,72.30884054344335,0.22108579
L85053,50.3847882309217,10.510728351981664,0.48729128
L85054,320.5538648333506,119.16412290899618,0.6627368
L85055,283.89245841983603,17.08218730394844,0.22108579
L85056,112.25899070652066,92.43692664207869,0.22108579
L85059,291.2376849463713,80.77910331396733,0.3808091
L85060,-122.75018562166068,10.900740492911417,0.68863225
L85061,-101.95305178635832,23.58740551301707,0.6627368
L85062,139.44024419792427,65.77184801283362,0.22108579
L85064,139.41610257962537,267.1470268506849,0.6627368
L85065,100.6790476463774,285.8004304463438,0.35508186
L85066,-115.42881265259275,134.61808783034482,0.6627368
L85601,-189.3797058842714,12.195878110384342,0.22108579
L85602,-366.4955867883217,-19.45911276475349,0.3808091
L85607,-81.65946311053924,44.75292405538995,0.22108579
L85608,-279.89399705109435,-41.06380036337223,0.3808091
L85609,-130.07530273978344,35.13474621302985,0.22108579
L85611,-261.5160940728625,2.89340149428431,0.48729128
L85612,-49.13995992652575,17.900667138934093,0.22108579
L85616,50.10871721644868,112.43620801238228,0.3808091
L85619,52.637736374740356,127.08249025504071,0.6627368
L85620,-168.9505769624946,122.52804847465725,0.69257116
L85624,-217.62796158714505,7.66573441651993,0.6627368
M81001,553.4900934152059,25.973307943128983,0.12996843
M81002,550.9204416159953,57.40967809363724,0.12996843
M81003,487.2443115231798,98.51736647233602,0.09888136
M81004,1262.4703462324594,201.28342621464975,0.8224601
M81005,700.0611064780554,78.45065246923696,0.002761502
M81006,885.6453442270918,128.47764577042116,0.4340502
M81007,-4.080421760502427,22.33801684020857,0.8224601
M81008,761.363301230818,114.99034150781172,0.4340502
M81009,152.98464721142767,49.10324854107714,0.09888136
M81010,758.1686186982632,398.80957313290577,0.002761502
M81011,6.493160643829647,85.49544963862718,0.4340502
M81012,225.78930914325778,14.190255823108444,0.7777948
M81013,345.5746133232771,18.396624796010432,0.0748867
M81014,6.2410602278823335,12.969836111151432,0.0748867
M81015,231.90232555838466,110.50402416872441,0.002761502
M81016,462.47789088437503,122.87989531493004,0.09888136
M81017,950.8304392160186,83.84364792310255,0.4340502
M81018,106.78459367678333,118.35406463449283,0.09888136
M81019,1017.0428278967607,84.29157253625249,0.12996843
M81020,609.0686094567977,86.1104348971373,0.12996843
M81021,318.29348971802017,30.78050750864117,1.779728
M81022,851.2711942012157,143.10152466491434,0.4340502
M81023,204.35567566309004,-29.771087606064683,0.072985955
M81024,113.65924963165335,39.11584939829272,0.09888136
M81025,19.976972552188442,23.982920739942337,1.779728
M81026,2116.9744585942176,1103.2618990866276,0.09888136
M81027,-46.059535120435164,31.762435107198108,-0.07799347
M81029,331.3571613210199,83.3393200897109,0.8224601
M81032,523.3562594485967,45.04734223489017,0.09888136
M81033,196.7324891420134,65.11679083909952,0.7777948
M81034,302.1871354190564,-11.106666121809694,0.4340502
M81035,392.0645004623375,52.01189262242006,0.4340502
M81037,565.755885834444,64.03443512140754,0.4340502
M81038,838.0689457660277,129.94348191609615,1.5889176
M81039,248.09652611310452,137.92665461346974,0.7777948
M81040,695.1691717743727,-80.34777223195171,0.002761502
M81041,329.82855572253857,102.9934706556254,0.12996843
M81042,329.18811055217634,68.23902199950085,0.09888136
M81043,638.9172151421518,304.5140027086498,0.09888136
M81044,577.5530327093829,30.729709874579008,0.3636576
M81045,4.624115701791001,60.613820642389435,0.7777948
M81046,940.732449906666,71.43637177281998,0.8224601
M81047,462.2313857231761,76.33317240448066,0.4340502
M81048,815.2317912849928,90.59989596584367,0.7777948
M81049,406.79752589843963,93.88241363376025,0.4340502
M81054,320.41763336249426,-16.76722193994204,0.09888136
M81055,3.831677022884652,29.76575981518498,1.779728
M81056,1140.2056367509765,20.692413189306908,0.002761502
M81057,878.322052821059,47.842328938873365,0.002761502
M81058,1205.7873723745802,173.74700268179237,0.8224601
M81061,164.7672087675322,37.070945638110594,0.3636576
M81062,-30.70252499481301,-0.04127102663925716,1.779728
M81063,449.34457838226854,32.02472001131226,0.4340502
M81064,-62.82171964091238,67.58161082975282,-1.2242851
M81065,139.58507923547364,49.40753385264357,0.019913
M81066,285.8521575653646,6.284869023862757,0.09888136
M81067,-48.72725052563671,44.985439816502385,0.09888136
M81068,926.7665701783784,243.70585514799623,0.002761502
M81069,353.8453444569234,-11.711910329892508,1.779728
M81070,573.0005701267883,55.8578599739256,1.779728
M81072,12.387448370730839,21.432313881092202,0.4340502
M81073,338.5702152099065,87.87796905339135,0.002761502
M81074,806.8580155617726,125.21600523763927,0.8224601
M81075,701.6614263498661,240.73980801800883,0.7777948
M81076,-157.0647304623936,24.787875765407787,0.7777948
M81077,-54.743643434084426,32.76049792640046,0.12996843
M81078,-92.92838810229125,39.043213485543326,1.779728
M81079,121.64911532543019,137.7372520302076,0.7777948
M81080,119.05661318114227,33.69091401333058,0.072985955
M81081,-94.95904323653585,14.423295162548007,0.7777948
M81082,498.55659774880263,148.59919068106794,1.779728
M81083,-56.389002142124,23.72505251593988,-1.2242851
M81084,-187.9425643226917,15.735372925324633,1.779728
M81087,-101.81627026624547,-30.889661341292655,0.13943557
M81089,106.62848265479097,38.71894004132773,0.12996843
M81090,-161.7253396693887,44.09904083441419,0.002761502
M81091,472.8802506020266,49.2078320875301,0.4340502
M81092,86.17412971462015,53.472429811695406,0.12996843
M81093,397.97665126873073,67.69143480452968,0.09888136
M81094,663.1047199676644,156.1339649538562,0.8224601
M81600,-161.66744013371704,47.89807557766505,0.7777948
M81604,138.36744866883228,79.11640210426886,0.09888136
M81605,82.45051156695435,45.10413061083209,-0.07799347
M81608,-69.17549807877961,68.67589454598824,0.002761502
M81616,-290.2342204632602,17.992745890777474,0.12996843
M81617,-58.530847509508554,59.3646798366244,0.12996843
M81621,-100.45033287152054,43.75923679677549,0.7777948
M81627,194.40570667836695,52.355681689573586,0.8224601
M81629,275.04072177294887,26.984401338109887,0.7777948
M81636,-321.01482573195375,-15.287873577174999,0.4340502
M82001,-254.04490962234368,-17.267166111579034,-0.26880386
M82002,291.2029753445917,44.22600784963892,0.6162848
M82003,1019.4567857841528,237.5285885818433,-0.25165236
M82004,903.754946772634,101.43158099692076,-0.25165236
M82005,631.9910368061878,97.31946542678749,0.6162848
M82006,423.5097197336922,-62.02254748191884,0.6162848
M82007,1030.376138920953,151.04275315507581,-0.25165236
M82008,42.25744157239529,17.66302559232166,0.6162848
M82009,842.0078896743242,126.31987059640574,-0.25165236
M82010,948.0687539468347,89.30142783917003,0.4358368
M82011,4.594547210451938,47.423764563459756,-0.25165236
M82012,915.5887839892907,155.9543543109055,-0.25165236
M82013,-212.3235005556639,-2.0928797212870665,0.6162848
M82014,246.8685359517401,44.285799287047894,0.6162848
M82015,-130.96096917414212,-126.9714191004672,0.6334363
M82016,302.94024425041647,16.892311458633863,0.6162848
M82017,-20.35346834994992,13.007350768719766,0.6162848
M82018,321.9767971860975,91.8788507068776,0.6162848
M82019,317.10227122337227,38.85572823350227,-0.25165236
M82020,-68.93009667956261,70.44926539571712,0.6162848
M82021,405.33668684962987,54.46128446015751,1.4377701
M82022,1097.6168227804164,139.52479522696783,0.6162848
M82023,210.8917789991046,75.96130844453654,0.6162848
M82024,-145.95624041445495,15.11054822757098,0.6162848
M82025,888.716833551628,397.0376241451056,0.82424676
M82026,1077.6687206615206,413.752132508182,0.6162848
M82027,326.65231965818333,-90.40097458064349,-0.25392154
M82028,1361.3976384835955,224.75785059331366,-0.25165236
M82029,725.4335433433985,-318.6415259889998,-0.26880386
M82030,651.6384789692509,186.0161121039558,0.6162848
M82031,-107.88267756922048,21.859081267591943,0.002761502
M82032,919.5687922744554,630.7066401869063,0.6162848
M82033,-122.47235587814205,35.707382866083194,0.6162848
M82034,85.8539888017831,36.70193473106374,0.6162848
M82035,759.7324850103129,186.01249567522046,0.6162848
M82038,325.5220156932362,19.210979344352165,-0.25165236
M82039,1045.368284387937,-31.62711959687513,-0.25165236
M82040,-2.652770798439204,49.0413891823107,0.6162848
M82041,230.61463196763873,-7.21061215417969,0.002761502
M82042,166.71567163227138,6.732367646087405,-0.25165236
M82043,211.6203141533394,76.35218274059365,0.6162848
M82044,60.79510453127636,-41.34137800386747,0.82424676
M82045,-3.3219016577963463,92.94529988713792,0.83864355
M82046,31.77522448970332,-5.356333296801864,0.6162848
M82047,128.86674969654194,33.759231501560485,0.6162848
M82048,-87.08519810591206,26.299263190390068,0.6162848
M82050,388.6537633463458,53.61446297833026,0.6334363
M82051,-48.43904339753584,14.894506774589226,-0.25165236
M82054,-261.0805196482888,-129.5119785069988,-0.26880386
M82055,-169.89226429397067,-46.439084685506884,0.849974
M82056,370.1177661435452,74.94829995207861,-0.25165236
M82057,-85.85294582930571,83.70767335398192,-0.25165236
M82058,83.96307331835119,35.22765440573738,-0.25165236
M82059,479.11527573385723,54.67299112123567,-0.25165236
M82060,460.36335938364255,95.61881387644387,0.6162848
M82601,-140.12956686132858,47.33877141650209,0.002761502
M82604,-267.8136135302966,-7.696577808957419,0.6162848
M82606,-148.3555599228186,44.007780353535026,-0.25165236
M82607,-243.68556738276354,29.180718251352946,-0.26880386
M82612,-306.45398592023287,-35.81462759796113,-0.26880386
M82616,245.60399030992832,127.68069237408794,-0.25165236
M82619,57.71376406014929,6.755728400866489,-0.26880386
M82620,-169.42614857350372,51.070104461815106,0.6162848
M83001,947.1071382961707,65.88113514447907,0.09209221
M83004,1450.1949556636482,100.27104523113839,-1.1435302
M83005,342.7737951707615,-155.8686940601516,0.4358368
M83006,1733.2775825184094,501.97454446843057,1.4720731
M83007,496.16381586893084,168.05684475526598,-1.1435302
M83009,650.1444145983152,163.2779865489706,1.4377701
M83010,630.1795083492552,17.572331631223204,1.1937186
M83011,394.13954898769566,103.4342309744027,-1.1435302
M83012,413.84751724600363,143.50440455780915,0.9668186
M83013,-21.01580477588359,-40.11181729052035,0.4805022
M83014,1040.371214462614,213.27565200785835,-1.1435302
M83015,449.9694900182493,49.74888208551623,0.4358368
M83016,215.04730368506074,111.59943520771465,0.09209221
M83017,11.476997408874759,-5.64096425436174,0.4358368
M83018,232.1387224661533,113.16141252962076,-1.1349545
M83020,626.8417165898471,-16.4747743893467,1.3466527
M83021,1462.1323816133656,243.3477385247543,-1.1435302
M83022,395.48457054404486,73.93626408615533,0.09209221
M83023,626.264113634806,35.89355428258623,1.3019874
M83024,166.0475545816279,119.71848494386661,1.3466527
M83025,394.3665642565344,70.15686689323131,-1.1435302
M83026,869.8442306872633,335.1461321473733,1.1937186
M83027,661.3334776069559,55.368178620286685,1.4720731
M83028,879.4107837017845,400.04400763272025,-1.1435302
M83030,924.4948698727449,242.91596434417073,1.4720731
M83031,68.79309557610854,20.73571854849162,-1.1349545
M83032,850.8625033687022,121.59637116503302,0.20214766
M83033,-144.41397925019118,13.898418348694008,0.09209221
M83034,1448.424653926252,263.2383946434482,0.4358368
M83035,-30.684218162156675,38.36386480013317,1.4720731
M83036,631.0112223943983,40.0668663547244,1.3466527
M83037,65.9258725663789,64.3362808790459,0.4805022
M83038,1014.3732108144018,169.23293042607344,-1.1435302
M83041,41.11619897568206,46.31033644418824,0.002761502
M83042,818.4621072868385,54.93847802371674,1.1937186
M83043,-329.17879455463424,-28.742359790334614,0.23645066
M83044,595.5684697408816,256.1778224488103,1.3466527
M83045,524.380852746098,107.79641043371065,1.4377701
M83046,901.4438384616686,179.11297174202682,-1.1435302
M83047,185.9055344516049,194.6438948850027,-1.1435302
M83048,471.47445854075283,459.8489062772616,0.09209221
M83049,500.33671823321964,101.69776010631861,1.3466527
M83050,623.1650159527145,-61.822851189837806,1.3466527
M83051,559.5781337367918,104.57999177780674,1.1937186
M83052,1137.4270975225213,306.39099475746445,1.3466527
M83054,972.9226871760052,187.12309503369775,0.4358368
M83056,821.2663859931117,164.23650957042094,-1.1435302
M83057,636.7711318201605,114.26073490132029,1.3466527
M83059,-145.9391626323689,34.426775689828595,0.4805022
M83061,856.3109087217541,213.2541459535922,-1.1435302
M83062,1088.2244150080314,80.552696774092,0.20214766
M83063,-81.07227214096757,48.35673888239222,0.09209221
M83064,494.9934063863286,-11.466616456688318,0.23645066
M83065,325.5406626606579,117.38128589689593,1.4720731
M83066,136.75478145918385,87.67747839714234,-1.1435302
M83067,371.7159419109103,152.2627141132864,-1.1435302
M83068,915.2729186949273,212.7833810108004,-1.1435302
M83069,1114.2690067154624,184.63589594676694,1.3466527
M83070,423.7825791345197,121.38835453151262,1.3466527
M83071,1076.1898263176815,409.07294917091866,0.9668186
M83072,998.9993839293842,83.31918269793405,0.09209221
M83073,796.5261805838875,107.91030638106172,1.1937186
M83074,1220.836934500767,188.43382308571975,0.4805022
M83075,659.6672713051724,130.90270199355766,-1.1435302
M83076,579.8913160571568,148.16658678559017,-1.1435302
M83078,46.34170976598681,-67.92264776661486,1.4644111
M83079,671.8758446351804,180.54917430744376,0.9668186
M83080,-327.6546036641384,-11.347235806345525,0.092092216
M83082,1728.0289671431312,276.83501275694283,-1.1435302
M83084,334.0678400012479,67.50266586417536,1.3019874
M83088,1054.1933970303387,82.91266220726217,0.20214766
M83089,829.7690849527106,206.60314485428134,-1.1435302
M83090,279.5703215476292,161.38440885509593,-1.1435302
M83092,247.48719162880394,60.81414522352075,1.3466527
M83093,35.20967792514209,30.858509806602374,-1.1349545
M83094,1356.7308407637045,232.81989794251584,-1.1435302
M83096,313.8790391684642,93.54466677005837,0.9668186
M83097,124.92569163165332,51.99965070839842,-1.1349545
M83100,190.4075459315055,74.54749948810871,-1.1435302
M83102,179.79324652321708,129.00183095964795,-1.1435302
M83103,-16.566509782036768,35.677887539737895,0.9668186
M83107,292.8106897347485,301.4986625450448,0.09209221
M83108,647.9398956567744,162.8430801909608,0.9668186
M83109,-212.6322034785173,25.139718711032174,0.09209221
M83110,478.9021298786101,604.5939865640315,0.20214766
M83111,-200.1856427611568,23.00377973689416,0.20214766
M83113,-173.61202458172505,73.88676834017865,0.20214766
M83115,-230.96376530081193,39.71600985907828,0.09209221
M83117,193.11673874208753,81.45394134094633,0.20214766
M83121,152.54410715655024,27.561808610205823,0.9668186
M83122,-134.26486921524273,26.970249656954444,0.9668186
M83123,698.0844187816105,162.87787754593174,-1.1435302
M83125,-84.31410715321198,25.68522618403824,0.002761502
M83126,440.2941004256551,200.69617603486535,-1.1435302
M83127,263.776523177155,115.59938500812213,-1.1435302
M83128,197.60263436582483,58.43984279224832,-1.1417924
M83129,404.6459805759921,115.16676784957237,0.09209221
M83130,39.86416620282524,48.80692028419726,0.09209221
M83132,-82.49115383360166,22.53662319257835,-1.1349545
M83133,-199.36916515218132,22.95132239592477,-1.1349545
M83134,-141.72178699126306,-16.182112590621397,-1.1435302
M83138,56.35092624994432,-33.63591959419635,-1.1435302
M83139,168.4549225267959,75.6787943603694,0.09209221
M83140,57.66142503012367,70.68739419365859,-1.1435302
M83141,478.01022536652164,121.13335552032686,-1.1435302
M83143,467.46262353928864,237.09688800484645,-1.1435302
M83144,-513.2480693223782,-192.82071184169158,0.092092216
M83146,1362.5266529099995,470.81336158592785,-1.1435302
M83148,1369.6675047275621,409.2180721189771,0.20214766
M83601,34.22288507707443,112.35120971179185,-1.1435302
M83608,-35.799322298817415,89.49971649214194,0.09209221
M83613,-330.3097481142161,-36.94129563153106,0.092092216
M83616,294.005921245747,-146.5889567965269,0.09209221
M83617,1238.3068426631858,628.4851602539795,0.09209221
M83619,-194.27845464708028,51.78015979742655,-1.1435302
M83623,69.44668410154618,51.857462304586946,-1.1435302
M83624,26.349953125492473,121.7427407104337,-1.1435302
M83625,709.985215922038,104.35067057337292,-1.1435302
M83627,291.0161952222427,-8.30429361333734,-1.1435302
M83629,107.05050946796788,74.37658615569043,-1.1349545
M83631,36.49954684749401,8.80148222467743,-1.1391027
M83632,19.888950380156754,27.12814321081308,-1.1435302
M83637,-50.864878463301736,9.821081991028423,0.09209221
M83638,1110.620852601195,169.54501589923854,0.09209221
M83639,68.54317946898308,-50.092079598333946,0.092092216
M83640,-207.40157634884642,36.474178700750834,0.9668186
M83641,-270.57152548405577,1.3436130278475382,0.4805022
M83650,528.4770502252172,767.9085362763898,-1.1435302
M83661,97.87746423855158,311.220517466707,-1.1435302
M83662,-156.57273666308694,-8.791582370539325,0.09209221
M83665,34.76918726948034,53.35646336155659,1.3060852
M83668,-146.7421418307425,49.19891906638182,-1.1349545
M83669,225.64982112143215,213.51601405633602,-1.1349545
M83670,-256.12725605733965,68.11595454885168,0.4358368
M83678,-265.94155327617233,-6.701443921016689,-1.1349545
M83680,208.74962800406846,137.91926543630322,0.4805022
M83681,230.3750850384675,42.063503789701876,1.1937186
M83682,558.6032902520735,88.98923357584763,-1.1435302
M83691,-345.2926413310792,5.508064660050753,0.4358368
M83692,501.59934637520325,340.10660140648537,0.092092216
M83693,-29.65872905124474,89.80152857188901,0.20214766
M83695,-381.1307085537127,-12.745396045893234,-1.1349545
M83697,-139.16191483534377,63.990622765066256,-1.1435302
M83698,-55.21144032902083,87.98525408999511,0.09209221
M83700,2.55430131273584,136.96788677740355,-1.1435302
M83701,93.30849157997326,-1.0364960812524073,0.4358368
M83703,34.82188490054857,70.3574190518702,0.09209221
M83704,-469.8557341465214,-9.260108386091359,-1.1424731
M83705,-116.31652951148708,185.7366635671581,0.20214766
M83706,-215.03810038180538,34.59657254490931,0.20214766
M83708,-100.61305978231304,137.2323486628412,-1.1349545
M83709,3.823079829855992,87.35038514096998,-1.1435302
M83711,-9.917662728534996,85.36915112242552,-1.1435302
M83712,-140.96140715306066,-57.49361725468545,-1.1414813
M83713,202.12788486842604,132.41791216911508,-1.1435302
M83714,-293.4335278733854,-8.322491043559419,-1.1435302
M83715,-34.811653046745896,33.09657738073844,-1.1349545
M83717,-191.91016005250628,35.03557235693771,0.09209221
M83718,-174.07999949221568,9.925501826862893,1.1937186
M83719,66.71001173606446,98.48711292418153,0.09209221
M83722,-34.47935968920591,29.12757941248517,0.09209221
M83723,636.0396088043256,598.7536795437198,0.4358368
M83725,47.16747120043932,59.36548149902589,-1.1435302
M83726,-179.69951711446845,-41.07996047865443,1.21087
M83727,-8.93865586869013,-1.6337518630455468,0.09209221
M83732,-477.2942330133376,-63.05236490603714,0.09209221
M83733,-297.74437539473473,-30.39594153261823,0.2345999
M83738,293.49669456930553,87.06480734047707,0.09209221
M83739,-122.92596690447793,-0.39613830403163386,-1.137155
M84001,1584.6379749701227,58.138309246614014,-0.14159694
M84002,281.6549463984709,136.99980975680012,0.12996843
M84003,801.2321257503949,-95.70024121876047,-0.14159694
M84004,750.5459974374724,75.46036578532598,1.3209256
M84005,-148.98601033967734,99.58566408988486,-0.14159694
M84006,782.1510368409014,167.17700172761212,0.63700956
M84007,1304.8617617764,151.5218602035991,0.63700956
M84008,908.3632298446228,167.10089473229016,0.63700956
M84009,58.75467075729885,46.79713723297378,1.3209256
M84010,312.51470716061914,74.65616712959908,1.6439453
M84011,1464.5048354113592,566.8373600878022,-0.14159694
M84012,955.2497370136709,47.3122682863644,-0.6057593
M84013,344.63007280123753,39.035001595035986,1.6439453
M84014,262.996892885161,126.90662745121446,1.5803419
M84015,772.4535118453716,260.32470371336996,1.6439453
M84016,-85.91155428833525,20.204455122534274,1.3209256
M84017,522.3236256068745,37.54192459338666,1.6439453
M84018,884.6658911110425,197.29809862090448,0.12996843
M84019,2235.738436327273,421.74990201053805,0.63700956
M84020,487.3570968284655,-1.002120162558136,1.3209256
M84021,711.0918703859909,82.24993804773365,1.5803419
M84022,815.3832942039934,-16.427328375319295,-0.14159694
M84023,1099.1786373645423,129.00993217779015,1.3209256
M84024,120.67036490521191,31.229810062726425,1.0493602
M84025,811.8216732059842,95.54173017943081,1.5803419
M84026,444.33563001440666,46.81408548001026,1.3209256
M84027,-158.407886365524,21.61388514146272,-0.12444544
M84028,1195.3666347524263,370.73459716382854,1.6439453
M84029,134.84508114552312,113.12476152054839,1.6439453
M84030,759.61099150366,133.5304146978893,1.5803419
M84031,279.24967765735545,146.85596547504616,1.3209256
M84032,212.75219527042253,117.97274768761227,1.6439453
M84034,-287.9049452585861,28.287899127992514,-0.14159694
M84035,423.19857289055227,77.82411761738699,1.3209256
M84036,472.90955358570426,197.115807228751,1.6439453
M84037,822.9150463119487,-30.42406988504898,-0.14159694
M84038,-165.61897676585627,-2.9845974213104896,1.6439453
M84040,264.40671374678476,4.49962465718999,1.6439453
M84041,-31.126856536792157,85.71266246439666,-0.14159694
M84042,618.565642778139,149.21983057451502,1.0493602
M84043,1099.2911303445412,155.65276313338833,1.5803419
M84044,116.67287173935263,49.04335412973233,1.6439453
M84045,227.2806022594281,-56.79541088223666,-0.12444543
M84046,-7.909099127401405,-22.636591979159547,1.3209256
M84047,-10.735432822720421,69.22722761248615,0.12996843
M84048,-113.02634636707688,29.386609552548215,1.0665116
M84049,156.6755053452753,101.82816382267573,0.12996843
M84050,294.79361349670216,110.05849940039514,1.3209256
M84051,1003.2019601535977,13.817359901162808,-0.14159694
M84055,-94.87800225738808,-17.33616724852243,-0.14159694
M84057,-131.8375539203124,-6.133804930897656,-0.12444544
M84059,-66.23116443201705,-31.512165575596363,1.6439453
M84060,-15.213746970491,90.26291944336089,0.12996843
M84061,106.52773565372637,55.97479267555168,-0.14159694
M84062,103.81098865595814,121.61150246194406,1.5803419
M84063,-63.33334830471372,50.290531875182495,1.6439453
M84064,-4.068988232821203,75.84503205416011,1.6439453
M84065,-18.48318985299605,72.54323929521674,1.3209256
M84066,-91.05517569908899,61.541886402004224,1.5803419
M84067,304.3435381457132,-18.484236607413756,1.3209256
M84068,-28.324379689535398,-117.10589504960247,1.3552285
M84069,-98.1623637343281,44.81359211962651,1.6439453
M84070,-103.33964943598097,74.1389276199262,1.6439453
M84603,-66.52265112603837,46.19122928855874,1.6439453
M84608,-311.55538243429345,-44.41803030221764,0.16427143
M84609,-28.65090498882776,65.59689159814661,-0.14159694
M84612,15.006076661807763,85.3090253239562,0.63700956
M84615,327.24202289935636,8.348072205559221,-0.14159694
M84616,-94.41705340431207,45.57968896213259,1.3209256
M84617,-264.43127957666354,11.168983150814658,1.5803419
M84618,-60.46971418960873,84.77143989859803,-0.14159694
M84620,-239.28131630456278,44.50959515315388,1.0493602
M84621,-204.80675735007415,-9.914034802447564,-0.14159694
M84624,-244.99842159326528,-19.261276808605352,-0.13123877
M84627,-27.32544428792404,72.98496407610062,-0.14159694
M84629,-47.75639249611998,131.75283323255215,1.3209256
M85001,263.6070437919744,41.57056493706045,-1.2242851
M85002,588.7942523716423,192.58694194129674,-1.2242851
M85003,476.44932800967894,-51.55324475959518,-1.2071337
M85005,403.7334602298673,14.426126703386574,-1.2242851
M85006,377.7995938496823,103.9679080910685,-1.2242851
M85007,300.3534265892401,268.3249056933302,1.779728
M85008,79.72423261616323,-25.470620114729048,-1.2242851
M85009,2.5835836386070903,60.51797150600576,-1.2242851
M85010,-381.2926062630081,-117.7906625887411,-1.2071337
M85011,441.4659137679595,51.77807297155905,-1.2242851
M85013,39.92919673588784,86.99099496199341,-1.2242851
M85014,-46.83184086758548,16.916031704328546,-1.2242851
M85015,249.65452282689793,43.02586041302808,-1.2071337
M85016,462.19630025344,38.5595253537107,-1.2242851
M85018,545.8710199924707,55.326520088171726,-1.2242851
M85019,2031.1499848862154,1073.2476539437396,-1.2242851
M85020,1249.5978807454294,340.152234867295,-1.2242851
M85021,-311.8999506845506,28.368798436464804,-1.2242851
M85023,647.0064532165809,191.47007267705132,1.779728
M85024,439.57258158267075,-13.39944293010145,-1.2242851
M85025,174.0634255468156,27.95160838005041,-1.2242851
M85026,701.0337464424497,78.2055843763223,-1.2242851
M85027,438.4235392657656,125.34999984785006,1.779728
M85028,1436.175195431133,199.093892961869,-1.2157094
M85029,212.51294351513243,73.81300638661962,1.779728
M85030,397.3797482847646,204.97483052522202,1.779728
M85031,890.0943662324784,70.51632046061904,1.0493602
M85033,881.296750177571,153.12508254711207,-1.2242851
M85034,1071.9318620642102,248.03071884839792,-1.2242851
M85035,276.19798062902305,56.54057991828704,-1.2157094
M85036,373.21623005670347,79.83716307856916,-1.2071337
M85037,321.48302179158856,77.10706067452921,-1.2242851
M85038,318.67628764460926,28.868598743676806,-1.2123514
M85041,-134.0498732131851,8.322196527289348,-1.2242851
M85042,-182.18755139947868,39.21949865468452,-1.2242851
M85043,389.0866649114125,82.06087463966787,1.779728
M85045,-276.54788278282746,-47.17574329984727,-1.2071337
M85046,1146.29472791797,1147.6912280585047,-1.2242851
M85047,160.40563631354996,76.98899766851031,1.779728
M85048,702.4494335919331,110.7221849849161,1.0493602
M85051,272.36368991775214,-24.88827840494333,-1.2242851
M85052,8.353278493020834,27.757615335506593,1.7820948
M85053,226.37056796856876,108.91702520577338,-1.2242851
M85055,-65.39797344302147,24.833078759848476,-1.2242851
M85056,183.67341050025192,143.2113462420746,-1.2242851
M85058,222.49490133401468,26.75529376515818,-1.2242851
M85059,-146.32472610046486,-36.10281333318205,-1.2071335
M85060,834.9345881307902,246.080171016648,-1.2242851
M85061,1269.3433364185921,103.15162290606082,-1.2242851
M85062,108.87165169517681,18.83683199071436,1.779728
M85063,6236.417203750327,2530.535705612669,-1.2242851
M85064,-206.52767785793878,-55.39885343085941,-1.2242851
M85065,504.69642004621915,174.87861450248832,-1.2242851
M85066,1009.2405948475794,384.2110066092938,-1.2242851
M85068,68.2775037959834,-97.4650616951654,-1.2161561
M85069,816.1823174991487,240.85248133501523,-1.2242851
M85070,921.7364168896802,104.8435713446965,-1.2242851
M85071,494.17539348588457,23.520127396235736,1.779728
M85072,-133.08392080155127,94.21881428883191,-1.208916
M85074,275.4780354436259,62.60196189694755,-1.2242851
M85075,-119.40173337510703,-1.6000945028502584,-1.2168657
M85076,522.8060961128814,81.97100746540556,1.779728
M85077,310.9582746137179,92.19327276045254,-1.2242851
M85078,674.0978139758289,175.22566383358426,-1.2242851
M85079,845.2212103467167,113.26809555046877,-1.2242851
M85081,993.5870021446501,71.38117476228511,-1.2242851
M85082,64.3562119835255,116.9990478673974,-1.2242851
M85083,260.35921240606524,55.290863177273366,-1.2161561
M85084,320.39512036492494,-35.31930742625964,-1.2242851
M85085,-385.7104716123954,-15.586139823062638,-1.2242851
M85086,454.0376871056386,170.61279766187667,1.779728
M85087,1002.0012139435502,271.39817815319446,-1.2242851
M85088,450.75497817577696,70.28692219251386,-1.2242851
M85092,518.0083313581218,52.57908701131692,-1.2242851
M85094,-371.0750991393082,-49.78224918927931,-1.2242851
M85097,-329.4637941055485,-13.486431304021817,1.0493602
M85098,-133.30123642090317,11.191816465908456,-1.2242851
M85100,-194.23168579143152,-44.1864557837642,-1.2106981
M85103,6.763777758967801,-31.165507198744738,-1.2154301
M85105,50.562534845389976,5.431114663429075,-1.2242851
M85107,-58.87025922145773,44.69615478631502,-1.2242851
M85108,191.93914295384974,18.207036067603592,-1.2242851
M85110,372.3217408730607,207.73649465042539,-1.2242851
M85111,94.12269028735011,-55.98390501828191,-1.2071337
M85113,264.29157168358887,140.7735220836382,-1.2242851
M85115,-230.93378128354587,4.9849902745034145,-1.2242851
M85116,555.3488397339693,171.91250350917738,-1.2242851
M85117,308.6141485738286,79.51040283678144,1.779728
M85118,-161.79255622470157,-3.761891644434902,-1.2242851
M85123,582.7237684775528,-8.985972425791621,-1.2242851
M85124,216.86209712890565,5.776872136731729,-1.2242851
M85127,-128.40886579217596,-59.879843884218,-1.2242851
M85128,33.82152071585925,5.199388443123256,-1.2242851
M85131,-646.6575064848032,-291.57491707155805,-1.2071337
M85133,-262.1764794517306,-105.53427407978884,-1.2146872
M85134,-203.39863887896874,12.159913782136334,1.779728
M85136,378.03126558987594,354.4942298419122,-1.2242851
M85139,313.4770005663754,-4.593199574874998,-1.2242851
M85141,119.55328155942914,36.20562121584935,-1.2242851
M85142,-311.6144469966676,12.697993648270142,-1.2242851
M85143,206.04521269419797,-6.870467880298946,1.779728
M85145,-8.270812588806024,29.692845239541384,-1.2242851
M85146,33.01699137892244,84.76525346334151,-1.2242851
M85149,913.9121500276055,12.355019834794087,-1.2242851
M85153,-119.3949826441983,27.058284215582034,-1.2242851
M85154,-47.02686828613842,19.10253359260043,-1.2242851
M85155,315.9082427839704,83.4928057042884,-1.2242851
M85156,98.73727039764377,57.7561560791244,-1.2242851
M85158,-242.25761607132077,20.829804553145614,-1.2242851
M85159,211.1865119331038,259.7067030098832,1.779728
M85163,-231.7646115348514,22.828932644152662,1.7883039
M85164,752.8764830730686,116.07310346666387,-1.2242851
M85166,-978.9236596032911,-649.1449220359622,-1.2071337
M85167,-166.3440121970197,24.272739320334892,-1.2242851
M85170,150.24687982989303,-32.069803698780476,-1.2242851
M85171,-245.51263587807125,83.86618385473032,-1.2242851
M85172,708.6500186926138,193.85995553508346,-1.2157094
M85174,16.189404343093454,-21.83676208109108,-1.2242851
M85175,321.68271200914313,6.171950186096275,-1.2242851
M85176,-16.962225953378013,41.03332484276071,-1.2242851
M85177,366.5001653574347,71.76127595888863,-1.2242851
M85178,716.5388232277378,182.2964866257209,-1.2242851
M85179,74.77674530828767,58.23673204375987,-1.2242851
M85600,513.7929101551057,353.60461645587543,1.779728
M85611,-343.91844497068246,-23.001516840808094,-1.2208097
M85624,124.00490777942838,12.03163066681685,-1.2242851
M85634,287.9848015946557,-99.82236197778278,-1.2242851
M85642,171.17259818617015,131.39171027640447,-1.2242851
M85652,-343.61792495209994,-47.281259119158484,-1.208961
M85655,-388.73710419146437,-152.09462923312165,-1.2071337
M85663,-93.80137707717259,-37.23029848343826,-1.2242851
M85669,-126.31337166743003,91.29874993284893,-1.2242851
M85670,-213.9251569055654,-126.28680491372988,-1.2242851
M85671,-326.74851625689263,-6.012074252786854,-1.2242851
M85676,42.17871138091726,6.348284129260941,-1.2242851
M85677,65.73135888678674,-35.91446177031544,-1.2168657
M85679,66.95931589229971,-35.076071273307875,-1.2242851
M85680,-300.63197019992094,-64.94784202743718,-1.2242851
M85684,-401.1156455710875,-15.017102017357768,-1.2242851
M85686,-186.6050614881537,-53.6836642589668,-1.2242851
M85689,-284.7358877267477,4.411100217326144,-1.2133427
M85693,-296.57936356510623,-0.04181564035666314,-1.2242851
M85694,-162.82069034338986,17.910829033613926,1.0493602
M85697,22.079213935414167,-65.04671308690483,-1.2242851
M85699,731.1059133764163,-360.5106757614842,-1.2242851
M85701,8.683376180662256,27.429218287923714,-1.2242851
M85704,-230.17680652696467,-265.41695343755055,-1.2071337
M85706,511.4341257331378,606.7465394785901,-1.2242851
M85711,-269.7397643198199,-7.599803228719115,-1.2157094
M85713,92.95262998740249,-44.20630350641373,-1.2242851
M85715,436.5616326354987,90.47374906164225,-1.2242851
M85716,-117.26046479002603,1.0786817371891124,-1.2242851
M85717,17.358273324935944,93.26273330137437,1.0493602
M85721,-192.74328340735784,27.208883370284425,-1.2157094
M85722,262.57704818566117,-31.315270995346893,-1.2242851
M85730,-137.95708913566364,4.8473377633133214,1.779728
M85732,-221.32377624333844,-7.777172076040069,-1.2242851
M85733,-141.4828538376682,-10.949971372168731,-1.2242851
M85735,121.253814794128,52.47973470603064,-1.2242851
M85736,167.2529704478482,55.49745117519346,-1.2242851
M85738,-485.4999167503083,-172.33904566038578,-1.2071337
M85739,-65.46788333490876,-73.70827977545133,-1.2242851
M85741,-382.5509781695227,-65.97038494753673,0.23082629
M85746,208.42163846516533,298.10938043786086,1.0493602
M85749,-208.80390174082117,-63.68137854568786,-1.2242851
M85753,-206.481495478056,-20.389836421543034,-1.2242851
M85756,-167.89519720191993,-8.798378930507184,-1.2242851
M85757,-239.7643566877111,-2.3539037179427083,-1.2242851
M85759,319.6390404567856,131.4325294312911,-1.2242851
M85766,-120.40901448756773,11.722040784201287,-1.2242851
M85768,-467.84018255079735,-8.847697492644848,-1.222016
M85770,-247.74366675304526,15.391705607732755,1.0493602
M85774,-92.87384499942993,65.7761327603731,-1.2242851
M85776,-242.49024279175677,-48.23605075967535,1.0582151
M85778,-273.02367828076507,53.90634338316273,-1.2242851
M85779,6.753789619865789,31.596907779812643,-1.2242851
M85781,-102.24589872599371,-1.3181921325797243,-1.2242851
M85782,-392.68072555764303,5.305807469026846,-1.2242851
M85783,175.82436634901518,-38.68076924569367,-1.2242851
M85784,-380.55071022769346,-82.03362973231698,1.0665116
M85786,-322.26838357874004,-92.57919314118217,-1.2071337
M85791,-341.78162771819905,-16.63570132327974,-0.8823272
M85792,-197.8231404291097,36.141787541087105,-1.2242851
M85794,-76.66488493155116,-118.37560422914994,-1.2242851
M85797,56.357077613440715,126.21698851168544,-1.2242851
M85801,-335.4625478620323,-44.2047041039681,-1.2242851
M85803,455.3598638174912,-263.7196743741283,-1.2242851
M85805,-469.2352977129092,3.575938953547571,1.0490136
M85809,-239.55220460981224,-106.00667993668215,-1.2071337
M85813,-400.57415059784313,41.85261039300997,-1.2242851
M86001,326.4674931507026,-14.669297975355795,-0.6057593
M86002,737.1742493577524,-238.90697130043048,-0.6057593
M86003,1005.7593218153048,-104.61516032787517,-0.6057593
M86004,505.1751204863974,34.54612786518943,-0.6057593
M86005,94.7413283614968,2.19197803560166,-0.6057593
M86006,371.99808568565095,44.77593300495857,-0.6057593
M86007,64.84520282559842,7.335134222009821,-0.6057593
M86008,712.5963880472708,41.60197173429124,-0.6057593
M86009,833.6719066531081,116.92647404276907,-0.6057593
M86010,595.8253032459276,-120.5657643536875,-0.6057593
M86011,135.51609845635878,58.153423667125075,-0.66578954
M86012,220.21000877262364,49.060222278610276,-0.6057593
M86013,-99.40586146692713,-76.43450552621438,-0.60965014
M86014,1021.8872916647477,89.9949676355657,-0.6057593
M86015,1052.1809166046253,129.3205793921631,-0.6057593
M86016,111.41614879019244,30.502192925341326,-0.6057593
M86017,687.3963563226075,-11.766210924006932,-0.6057593
M86018,527.9434814411926,78.48092224535452,-0.6057593
M86019,100.8519860079122,-117.94729157544863,-0.6057593
M86020,375.8437590217331,1.3083958658694754,-0.6057593
M86021,255.43132886362636,-87.4293159282137,-0.6057593
M86022,-194.9631917764065,63.584577224556256,-0.64752734
M86023,141.864188971369,5.821906323622887,-0.6057593
M86026,-81.4480719047175,-149.2355683040234,-0.64752734
M86027,135.6124371877266,45.9137682712266,-0.6057593
M86028,-4.364536137132063,16.16635588570955,-0.6057593
M86029,448.27641719248584,120.82896300326638,-0.6057593
M86030,126.14455848023016,58.09779340147951,-0.6057593
M86032,792.2524406124198,3.514565142795165,-0.6057593
M86033,198.86869450121566,88.033027875108,-0.6057593
M86034,578.0541683122352,245.330130740143,-0.6057593
M86035,429.04197524907676,216.39125597032597,-0.6057593
M86037,-195.89684786007405,51.2211175317069,-0.6057593
M86038,-159.97977519126383,-14.445227172625566,-0.6057593
M86039,-99.28511217272086,-8.979172101129421,-0.6057593
M86040,-105.28685177204815,-71.0039861897718,-0.6057593
M86041,281.64283714604414,117.56529875453842,-0.6057593
M86043,-412.30129343032127,-78.66030155536879,-0.66578954
M86044,-130.95455924192,-35.577203050193766,-0.6057593
M86045,441.7943749038767,-80.24369574755191,-0.6057593
M86046,172.98550215582375,74.923512847806,-0.6057593
M86048,58.16246458270414,117.45851630973794,-0.6057593
M86604,-304.38216685385805,-73.33740209142422,-0.66578954
M86605,-248.55806719842207,-1.2051402799650557,-0.6057593
M86607,-264.95344545800526,-109.79264225725156,-0.66578954
M86610,-357.54887439985964,-38.72891049802234,-0.6057593
M86612,-205.2688871996734,15.049873121043039,-0.6057593
M86613,-189.29248579296075,9.248094285293181,-0.6179233
M86617,-70.75204438712889,-7.072950133286735,-0.6057593
M86621,-424.8495767138355,-33.37329854939614,-0.66578954
M86622,-309.26071051323856,-32.54559096338443,-0.6057593
M86624,405.9612394168438,-4.358194521778544,-0.6057593
M86627,81.67862139615582,105.72589930576667,-0.6057593
M86629,-273.70848472472164,-45.69943764545913,-0.66578954
M86630,-321.6211106030114,-41.485921310527765,-0.66578954
M86633,-30.170246967743143,-34.57244503048774,-0.6057593
M86638,32.50499133888613,72.6235106842435,-0.14159694
M86639,-412.6477342113685,-45.56695627716194,-0.63675195
M87001,212.77946309949726,43.835547349128326,-0.07799347
M87002,-33.613236904068664,33.60996118654916,-0.057612825
M87003,699.9227264304311,140.17092639789576,-0.07799347
M87005,334.9325013895272,96.05396704449946,-0.07799347
M87006,539.3141981768867,165.70537554191975,-0.07799347
M87007,485.04811886909454,178.919118284203,-0.07799347
M87008,326.7135500975076,70.84165583207535,-0.07799347
M87009,1685.1426722524413,123.55491970192203,-0.07799347
M87010,413.5668832379458,142.97085368018017,-0.07799347
M87011,2081.1616040124445,478.0396603879248,-0.07799347
M87012,514.2905424974699,108.03322975430521,-0.07799347
M87013,758.804915324501,81.82178044038672,-0.07799347
M87014,133.05398303804637,80.67594422520612,-1.2157094
M87015,591.1920967948431,125.24080460056375,-0.07799347
M87016,179.90951999069983,59.9850567401101,-0.07799347
M87017,513.9077711988509,148.07136313595896,-0.07799347
M87018,250.90691414251546,45.49996674276733,-0.07799347
M87019,522.3851956865519,69.38612059558096,-0.07799347
M87020,273.32978723488964,109.91565334422341,-1.2157094
M87021,179.2518977646824,115.65755576374637,-0.07799347
M87023,524.0542540334991,77.63862652419077,-0.07799347
M87024,2048.5575552960577,329.58875941083903,-0.07799347
M87025,80.52428804407926,17.51585959223895,-0.07799347
M87026,71.28796573062718,8.393649154507969,-0.07799347
M87027,40.3079645184549,51.51253359213645,-0.07799347
M87028,307.04271715591244,18.514020930260322,-0.07799347
M87030,-40.091708556599734,29.918154589054964,-0.07799347
M87032,-261.7519771375759,-10.686569148950902,-0.052266218
M87034,-49.96086564207399,73.44096001758517,-1.2157094
M87036,-112.94313932392215,111.70803036674191,-0.07799347
M87037,-33.477349885788975,75.02043384990601,-1.1349545
M87041,61.85058784374191,102.00768878301659,-0.07799347
M87601,491.30977789590287,86.25307318980062,-0.07799347
M87602,489.6343640298148,32.924257255113325,-0.07799347
M87605,-100.28457327001554,-30.64262348025233,-0.07799347
M87606,-399.23299405207433,-0.9322173497644646,-0.052266218
M87612,-156.9751593049896,14.171738275047147,-0.07799347
M87614,-399.4117836372878,-34.189370047079734,-0.052266218
M87617,-151.30753743375266,49.691313141227454,-0.07799347
M87618,-267.21413982572653,27.573997303884422,-0.07799347
M87619,-543.4206576380552,-189.3618076708808,-0.05226622
M87620,-60.8925993620551,108.30966758600519,-0.07799347
M87621,-193.47115079094428,24.08857669845971,-0.07799347
M87623,-90.18246683462164,-9.19620847753985,-0.07799347
M87625,-250.25140510369363,-23.404571840028325,-0.067905046
M87628,-256.0900589780245,-48.31692437228427,-0.07799347
M87629,-223.44513797255263,-56.357190159544864,-0.052266218
M87634,-335.24272827047656,-1.0926384310794421,-0.052266218
M87638,-99.23343717002871,-61.652201220597846,-0.07799347
M87639,-473.7236199289277,-2.1292688629688543,-1.2161561
M87640,-481.96538668380236,-2.293028104066143,-0.076571465
M88001,1192.6910899749842,483.13147947925523,-1.2157094
M88002,769.6609667849979,-279.24665974575396,-1.2157094
M88003,1019.9551068514423,-87.58021920382437,-1.2157094
M88004,3661.341983135685,2197.697757493622,-1.2157094
M88005,680.3189836348415,74.37727227917912,-0.052266218
M88006,1333.5993132783487,203.7525657959693,-1.2157094
M88007,891.8982600897896,112.52736904438645,-1.2157094
M88008,38.455242757986696,4.876773272287871,-1.2157094
M88009,886.7652497767345,4.814243766644665,-1.2157094
M88010,614.5594680335287,237.42829999144303,-1.2157094
M88012,580.7576435071448,21.771184881412097,-1.208487
M88013,1123.2240670013598,100.89982476811034,-0.07799347
M88014,1.784850965417692,-17.577440718313174,-1.2157094
M88015,671.1965662881863,123.15504241729094,-1.2242851
M88016,-138.53882243527866,-38.87010041833228,-0.07799347
M88017,-11.688831811348027,44.704712660169946,-1.2071337
M88018,1730.498807480533,412.9069636862528,-1.2157094
M88019,-249.83923819490184,-7.51834779145677,-1.2157094
M88020,428.6449357094815,95.46650260291351,-1.2157094
M88021,-22.533940773964748,41.04475281333139,-0.9080545
M88022,177.64524386427394,87.27518310802799,-1.2157094
M88023,153.11356139474964,-31.047277821088084,-1.2157094
M88024,-52.73463989958947,14.3822650432585,-0.9080545
M88026,22.060286417252588,21.13215522745628,-1.2157094
M88030,652.2955016534787,-5.605929587442762,-0.07799347
M88031,6.146061584801419,-36.31891790009418,-1.2157094
M88032,907.8868920301929,143.3724286354416,-1.2071337
M88035,-90.4523906177635,56.325766637430625,-1.2157094
M88036,-131.7561488339694,-115.38384663139173,-1.2154343
M88038,1205.7663656545294,219.46276769894817,-1.2157094
M88040,92.21319273944047,14.713165330186419,-1.2157094
M88041,-68.88661439987195,-23.329323931043174,-1.2157094
M88042,4.424774751809811,63.63902301280188,-1.2157094
M88043,-70.96317248958373,93.70617880200518,-0.07799347
M88044,-154.7246628450905,33.461242454192416,-1.2157094
M88600,-110.56415487097681,48.624542176392396,-1.2157094
M88610,-159.6326183026168,-6.931578777099544,-1.2157094
M88612,100.53506765945272,158.30670172264402,-1.2157094
M88615,-514.4837568623466,-145.0398768357831,-1.2071337
M88616,713.6642559533859,150.11020403802672,-1.2157094
M88618,-213.66133430230536,35.31247066588934,-0.07799347
M88619,285.3192188906464,102.78722907305168,-1.2157094
M88620,-187.01168045285877,14.739651929906183,-1.2157094
M88623,-242.12241724984557,-53.708016989257366,-0.9080545
M88624,-67.5164387385748,22.39134790682091,-0.88232714
M88625,-273.87588597404925,27.25967968806312,-1.2157094
M88626,-163.2951220585173,-4.831654095564909,-1.2157094
M88627,-130.086475045582,61.7985386052694,-1.2157094
M88628,-92.98905507772969,4.502285970384328,-1.2157094
M88629,-320.53923219785946,-18.553859741702528,-1.2157094
M88630,129.10586313743602,-49.879117473445035,-1.2157094
M88633,-3.400888014550491,36.03668575223978,-1.2157094
M88635,-237.40680755200572,-39.71618405307872,-1.2157094
M88637,-147.6743899866319,-71.97595557990718,-1.2145748
M88639,-150.56559402043408,-39.510861563231565,-1.2157094
M88640,-12.725746687241104,-9.232862758216346,-1.2157094
M88643,396.0389600047691,311.24206304774674,-1.2157094
M88645,1223.6163044166776,208.22896441317843,-1.2157094
M88646,-249.0198089176268,-16.975684417481855,-1.2157094
M88647,-132.69154363841406,109.31655226844366,-1.2157094
M89001,-161.11366154158506,58.123474431369615,1.0493602
M89002,577.5208719017821,-54.735860994165584,1.0493602
M89003,2802.5799365718976,1692.9956189169602,-1.2242851
M89004,45.10636014130931,2.2359301530252838,-1.222016
M89005,235.9066423070522,81.162480600137,-1.2242851
M89006,-66.39191800694272,-2.7370159148218773,1.0665116
M89007,25.526653882893825,-13.488824022552425,1.0493602
M89008,1208.2426292467724,97.04967133253167,1.0493602
M89009,1031.350502512586,211.53261109638584,-1.2242851
M89010,165.67479744107646,0.7098805195213883,1.0493602
M89011,119.16153433801482,43.87930515547703,-1.2071337
M89012,1354.2763748257778,180.6043654918738,1.0493602
M89013,258.7809771694152,88.10887987496302,1.0493602
M89015,451.0456462882239,173.2875302601979,-1.2242851
M89016,779.9178112142544,61.42157898853904,1.0493602
M89017,1584.3065964538234,378.08438468869093,1.0493602
M89019,750.3610444343717,158.18366068020515,1.0493602
M89020,133.386981299516,4.598592288034426,-1.2071337
M89021,-115.45394162376186,49.91471053907957,1.0493602
M89023,-22.654074428184714,-0.02625893077759344,1.0665116
M89024,-60.455847443639634,34.9593271033484,-1.2242851
M89026,753.490912890499,114.95923804809891,1.0493602
M89027,610.3585403935,217.6426032831003,1.0493602
M89028,47.279327574099085,-57.66079002783372,1.0493602
M89030,-280.2749752633968,6.031935506630397,1.0493602
M89601,148.78110238455508,0.24863496561161239,-1.2237349
M89602,-4.276205784756335,35.752309830642176,1.0493602
M89606,-391.07921896073174,-13.5671151765922,1.0665116
M89608,-299.7383734954934,11.997546301324482,1.0493602
M89609,-57.75474507565108,64.65390438715536,1.0665116
M91003,131.73017198375265,44.20285727242141,-0.9080545
M91004,1153.193888057612,110.7956816729054,-0.9080545
M91006,1.5685077097053284,11.732461735337054,-0.9080545
M91007,683.4555210612273,21.825166133046732,-0.9080545
M91008,628.8674595154077,-8.702942014734273,-0.9080545
M91009,289.6688552991921,-2.6354475212503954,-0.9080545
M91010,454.39892266845,7.990811958121162,-0.9080545
M91011,304.5905532303331,99.5922508612577,-0.9080545
M91013,870.6492939811453,84.75780859365082,-1.1349545
M91014,7.62784001446206,-85.56982336908486,-0.9080545
M91015,501.95759678534677,88.99070318651471,-0.9080545
M91016,49.13688725618783,47.30029738335397,-0.9080545
M91017,321.74100037246325,54.24807121476698,-0.9080545
M91018,-71.46811060982841,55.555607380815495,-0.9080545
M91019,1562.1865336291482,404.7740907828383,-0.9080545
M91020,13.77135015621977,97.0646410790739,-0.9080545
M91021,580.9236190126521,272.1324114687609,-1.1349545
M91022,-55.87512126346168,77.1017217663804,-0.8969253
M91024,-186.24877424865318,-7.393471979075249,-0.9080545
M91025,-200.8177147533271,-6.594838935671613,-1.2093343
M91026,-129.88604265913844,74.09914565237881,-1.2157094
M91028,349.0897226723059,253.36331189464912,-0.9080545
M91029,207.3074799420515,155.08083785100803,-0.9080545
M91032,16.443319169897055,-5.78324472269292,-1.2242851
M91033,4.899763006179267,76.58708990205841,-1.1349545
M91034,270.50317730788237,220.59570231378277,-0.9080545
M91036,71.34265443829652,28.037954941597334,-0.9080545
M91039,-190.27958727089327,15.806934006374561,-0.8823272
M91602,-229.81989601795132,14.760997603239778,-0.9080545
M91604,106.61315894387693,117.83068951280903,-0.88767385
M91605,-275.3880584295246,-24.051070097782826,-1.1349545
M91609,-257.8440220576294,1.592460749614713,-0.9080545
M91610,-238.69330828395084,-4.237602318197775,-0.8823272
M91611,-105.67999466362653,10.318774427735784,-0.9080545
M91612,-40.01775901018522,43.80196879841401,-0.9080545
M91613,140.23106060804864,131.26129019639222,-0.9080545
M91614,-6.011492343634514,109.3526938323614,-0.9080545
M91616,643.1802290162922,2.580297444930112,-0.9080545
M91619,-137.83701011734942,61.28195679996797,-0.9080545
M91621,-34.41973244223268,90.70724460465279,-0.9080545
M91623,-221.65290581211985,-3.475744408096683,-0.9080545
M91624,18.42466249341064,-3.5049855002791035,-1.2157094
M91625,-110.30243463625197,-75.62867724492747,-0.89898396
M91626,-6.270744320540971,147.43464277318523,-0.9080545
M91628,-70.39278518229138,27.09317438732039,-0.9080545
M91629,-63.717838192247655,20.79603870856948,-0.9080545
M91637,-179.97999190347542,28.99801427836552,-0.9080545
M91639,-217.71310604991763,-16.52077658166313,-0.9080545
M91640,92.39079971597351,99.9220482789143,-1.2157094
M91641,129.88231636740068,6.731745385085723,-1.2157094
M91642,-310.5526217619342,19.514676669189456,-1.2242851
M91643,-92.79567562462807,-34.12890520298307,-0.8925172
M91647,193.29386600784082,31.946870252493074,-0.9080545
M91650,480.9200995722852,339.35361975505947,-0.9080545
M91654,-226.1897142574907,32.0753219433705,-0.9080545
M91655,123.52735187136653,-46.00058186804048,-0.8969253
M91659,-115.53811198879347,-57.75936377216685,-0.9080545
M91660,-138.7651242735088,153.39833099320973,-1.2157094
M92001,47.938324394918425,77.05706148932585,-1.1349545
M92002,423.91626961251524,79.71338829673958,-1.1349545
M92003,-218.16930529146165,19.727580093548376,-0.07799347
M92004,-73.49875317750791,25.328585184473678,-1.1349545
M92006,21.32862636127123,45.00279069128033,-1.1349545
M92007,383.13803196287057,60.95035107429687,-1.1349545
M92008,559.0907703765802,125.94540765836805,-1.1349545
M92009,1256.5042605673127,164.67922494533104,-1.1349545
M92010,426.76926731838427,41.61025015856448,-1.1349545
M92011,333.7041290979762,41.64153201742532,-1.1349545
M92012,367.5455402929012,-39.02393841355193,-1.1349545
M92013,436.6874302527518,86.77540603887867,-1.1349545
M92014,-303.807732273696,-18.526592259110373,-1.1349545
M92015,-291.00243881059913,-135.9290434968644,-1.1349545
M92016,588.137320426915,566.9661410825684,-1.1349545
M92017,-325.0539182097992,-54.940115106293476,-1.1349545
M92019,533.6015214186037,39.465809279258565,-1.1349545
M92020,-223.40035312098152,-40.19926173277503,-1.1349545
M92022,9.862410276286738,69.89099441878734,-1.1349545
M92024,739.263998232563,81.10502487380856,-1.1349545
M92026,-25.988408668352196,20.60654805725905,-1.1349545
M92027,18.942907200067697,0.3322167108042915,-1.1349545
M92028,107.57443562909259,-35.626390698460916,-1.1349545
M92029,50.982921711487926,66.4699284770581,-1.1349545
M92030,414.5955531483551,96.40034414441769,-1.1349545
M92031,-28.369441119237912,-186.18722841336577,-1.1349545
M92035,25.702813948315928,174.40569446940572,-1.1349545
M92036,-257.68097525572455,-30.692239820598648,-1.1349545
M92039,89.89724806430694,165.3190175213566,-1.1349545
M92040,520.7546827986623,255.07879665458148,-1.1349545
M92041,-113.14050746443088,-25.834151561966056,-1.1349545
M92042,-219.57636313622965,32.85530071996997,-1.1349545
M92043,71.22066755751949,77.43771254383792,-1.1349545
M92044,32.915334939854844,40.32399721182014,-1.1349545
M92607,1011.8763257670479,143.42274932659532,-1.1349545
M92609,75.17370856475914,78.86857536640458,-1.1349545
M92610,-220.03064643607718,-13.210028387822037,-1.1349545
M92612,919.276450822937,941.0568081944524,-1.1349545
M92627,-95.34321890824704,35.071034264734976,-1.1349545
M92629,-151.33956446096715,43.36129348731609,-1.1349545
M92630,282.1743758048464,165.48948294977066,-1.1349545
M92637,-378.8273232716775,-76.29088836072826,-1.1349545
M92640,-339.94503297382835,22.77801465814126,-1.1349545
M92642,-407.0290225651684,-191.98191028252478,-1.1349545
M92643,-334.63325948855436,-26.50007056605325,-1.1349545
M92647,-142.49620952665077,-57.6655651524354,-0.06892296
M92649,24.274499931023406,106.46741157923014,-1.1349545
M92654,596.7462161825989,400.0564044529835,-1.1349545
M92656,-500.22727518815566,-17.135950120875304,1.164709
M92657,-474.0094537997543,-6.559619980024941,-1.1349545
N81001,-89.1237774356239,17.295719131683498,0.4358368
N81002,342.7076381011773,46.46875218808826,0.60949576
N81005,334.2304614754598,133.3566401010956,-0.909841
N81006,50.494767799922606,47.70889844835392,0.82424676
N81007,755.7540278317794,43.423313970032666,0.669526
N81008,568.2731322964794,-16.3052240389708,1.3019874
N81009,304.6165653353076,90.3623290523745,0.82424676
N81010,123.24286180866251,30.648089148773973,0.4358368
N81011,1020.4238923024919,255.44874275480677,-0.909841
N81012,555.8382475640589,69.26767717582342,0.669526
N81013,313.6760258082983,83.19208445691761,0.60949576
N81014,236.57242822999405,61.772856911833586,0.669526
N81015,609.6182513095532,65.14782270788206,0.45113754
N81016,1554.7436074485147,706.2771958784693,0.4358368
N81017,118.4027120370349,-43.32436210088908,-0.9170634
N81018,285.15167770805834,117.87284828039388,0.82424676
N81019,1725.6783022026984,219.99229532226954,-0.909841
N81020,780.4769816721968,52.27793204528676,-0.909841
N81021,3.5711726069414347,-38.38615336812325,0.61539155
N81022,726.1139184456265,479.2725043362331,0.60949576
N81023,234.92222384172564,55.00095350147617,-1.2515239
N81024,797.184653442978,-2.864398572277082,0.82424676
N81025,312.15380281647396,-41.09875948772201,0.669526
N81026,319.7483186952812,51.752086539655515,1.1129636
N81027,908.5669860936149,171.11184436498752,1.3019874
N81028,208.21791410198574,65.53215253061586,0.669526
N81029,931.1417166911812,23.96428968276955,0.60949576
N81030,1165.8091678547546,365.61511833649456,-0.909841
N81031,-163.97073142463302,10.209456872082072,0.82424676
N81032,1486.8937889292765,190.8488549962258,1.3019874
N81033,9.78664674129949,50.19055207513979,1.3019874
N81034,455.3909080702811,54.16491340176585,0.82424676
N81035,757.5015916420139,46.706606377043485,-0.909841
N81036,178.84183433745002,31.127375514982855,0.669526
N81037,734.0084903454145,165.82678941882543,-0.909841
N81038,258.8496460119564,98.7746003786471,0.82424676
N81039,730.1614083003969,233.36918313455237,1.3019874
N81040,217.96236708023642,147.94995962306098,0.82424676
N81041,450.7456286052794,42.71601395678295,0.669526
N81042,102.12455096418718,46.33887642029149,1.1129636
N81043,65.93190067994615,-20.81563194837528,0.4358368
N81044,705.6158506309935,169.17815910815662,0.4358368
N81045,1294.786231509606,139.73162463979023,-0.909841
N81046,278.7906150499983,73.30804940271723,0.82424676
N81047,872.2048441287492,155.70513658301095,0.4358368
N81048,1131.1949532625729,157.04198622366806,0.669526
N81049,159.56791029992283,63.592033521149006,1.1129636
N81050,556.4493568218527,284.3931698546092,-1.2517991
N81051,310.0622352503876,-123.38403775027344,0.669526
N81052,605.0654442867111,115.67328315499029,1.3019874
N81053,1333.776257082695,82.49793689531167,0.4358368
N81054,818.3864772471886,79.62667599820277,-0.909841
N81055,496.44128264156876,122.43075912772115,0.669526
N81056,766.138349699713,25.21025003411377,0.669526
N81057,1156.0965153341035,109.05989989925096,-0.909841
N81059,447.05307476539235,212.63617861516502,0.669526
N81060,751.7996745163748,81.59059853237228,-0.22914103
N81061,554.2707947866445,95.74945168412374,0.669526
N81062,1046.5070038564356,154.13421169762685,0.60949576
N81063,1094.913262818245,216.61093942819755,-1.2517991
N81064,643.4043650638096,-123.37879275392696,-0.909841
N81065,475.6802593233191,134.0546449396524,0.669526
N81066,1153.2786671416293,357.25196820982075,-0.909841
N81067,480.6496904418879,80.10579128613193,0.669526
N81068,1488.6211305574593,89.73153397360433,0.4358368
N81069,-186.52726972264492,34.29214989974949,1.3019874
N81070,666.467096394713,155.79672950356795,0.60949576
N81071,59.31979335400251,30.268546043897448,1.3019874
N81072,803.9176329441171,93.20442264456155,-0.909841
N81073,487.3415442465869,-11.625217167917782,0.6195268
N81074,230.14408078521174,11.961365668977315,0.82424676
N81075,853.9609959927708,49.70752983380169,0.669526
N81077,627.4670272408372,39.458835560056755,1.3019874
N81079,420.8030766397269,104.01642390286109,0.82424676
N81080,258.2968664775722,131.9589826327889,0.82424676
N81081,193.73398379940983,41.754546312968166,0.82424676
N81082,1195.9052377716048,152.38004454347887,0.82424676
N81083,123.99753589324126,22.962091368081403,0.669526
N81084,918.5244754593813,105.03338233662865,0.4358368
N81085,363.7154057286533,114.53507609174686,0.60949576
N81086,370.70840621443836,53.38338499612359,0.60949576
N81087,2528.0682628155455,199.3457097683087,0.669526
N81088,684.2324094858503,164.90970411977074,0.60949576
N81089,632.3308271882089,46.03888265004152,0.669526
N81090,-83.9788513954166,1.9944497889000465,0.4358368
N81091,182.10516869942992,41.807014944457954,-1.2515239
N81092,738.7809486324064,99.63178566697965,-1.2517991
N81093,235.08051351949476,110.05531542230001,-1.2517991
N81094,174.7086024623355,75.87204471592979,-1.2512432
N81095,305.7801061039187,102.23336964216232,-1.2509568
N81096,801.0958824923006,104.94717624178992,-0.909841
N81097,-8.430175167415419,-49.84906868137004,0.669526
N81100,23.554670818417506,85.6777227413977,0.82424676
N81101,-55.88564784864605,2.8502055112884377,0.82424676
N81102,-200.9217844455534,39.46342183755763,0.82424676
N81104,-387.00547384393093,-190.15272856381955,-0.16053504
N81107,-59.377305794864704,55.657290978483246,0.669526
N81108,365.1175324797456,47.80520102191585,0.669526
N81109,247.51234681891074,-29.77596276616194,0.669526
N81111,57.503094854751595,45.9250608315951,1.3019874
N81112,-104.94506333061969,-4.7066827812023835,0.6195268
N81113,498.26323272553356,34.9044642079823,0.669526
N81114,740.2759750332843,138.97896508572606,0.669526
N81115,91.22372365301595,116.0883913255561,0.82424676
N81117,566.9525770994804,173.5712071578434,-1.2517991
N81118,258.8391159013691,63.453706949154714,1.3019874
N81119,333.98104584107557,194.44393592190104,-1.2878886
N81120,-57.67939339809299,93.01366047127662,0.82424676
N81121,59.41240079301645,66.78997025779879,0.82424676
N81122,517.2440398947024,115.27482832755848,0.669526
N81123,359.0449746077563,64.77638269110426,0.82424676
N81125,293.59568830981397,51.51245926359009,-0.22914103
N81126,-180.51407191054724,15.65402432858638,0.84997404
N81127,815.5225426810199,88.38486261978875,0.82424676
N81607,-174.65168668863788,-15.036646035972254,-1.2517991
N81614,-52.131698852124515,85.53303577448975,0.82424676
N81618,-133.61419952937553,1.9356616953986445,-0.9184168
N81619,36.73998778061784,8.233993399702802,-0.909841
N81623,-132.3508770335343,126.1179215636132,0.669526
N81624,145.72954580832,234.32016328019773,0.82424676
N81625,-63.49837536346833,79.25027913077028,-0.9184168
N81626,187.52052416946978,87.49488275015017,-1.2517991
N81628,515.4762266190719,200.32817422630228,0.669526
N81631,-472.4179625872699,-0.1701450040911581,-1.2487152
N81632,19.20997343215922,76.42863248268893,0.60949576
N81634,734.0872725007376,411.21425861361365,0.6695259
N81637,-195.94320134557978,20.770860938057105,0.669526
N81642,-34.661959135579714,49.02978234415891,1.3019874
N81645,-126.77313622029489,-16.91478618491866,0.669526
N81651,-202.13649479841462,56.26451937388543,-0.909841
N81653,-487.8656251267805,-23.354186635770354,0.669526
N81654,-378.555086225347,-17.88120798800857,0.669526
N81655,-353.5477277805087,17.362446122213573,0.82424676
N81657,-486.7488722349124,-2.1455487243846663,0.6239702
N82001,716.4250542418691,25.524842855213347,-1.2878886
N82002,402.34831622114564,64.73348722255395,-1.2878886
N82003,130.43486449724693,8.925543035150504,-1.2517991
N82004,40.75049612652317,27.84868806724862,-1.2517991
N82009,404.378507862609,45.506591163572885,-1.2517991
N82011,1668.056505054574,10.626995670349668,-1.2517991
N82014,306.88157194078354,37.91343055325218,-1.2517991
N82018,1250.4221752918925,149.8336350283988,-1.2517991
N82019,380.67281545370764,67.4669108656828,-1.2517991
N82022,1391.3459421838993,-35.66647054549461,-1.2517991
N82024,1177.1821098872892,154.47150708490759,-1.2517991
N82026,104.69738942840445,51.113244498104386,-1.2517991
N82033,515.3491902241583,126.89945295522318,-1.2517991
N82034,579.4559597654229,72.27049608503195,-1.2517991
N82035,612.8696893228954,6.852023759141811,-1.2517991
N82036,524.7139278559043,20.180316897914082,-1.2878886
N82037,1392.6579464361473,203.1918443470201,-1.2517991
N82039,-146.88854324658908,57.153136549156336,-1.2517991
N82041,833.4538488861795,269.3805783955245,-1.2517991
N82046,672.8207146778644,209.04218296310407,-1.2517991
N82048,799.819001869716,151.85285115276383,-0.22235191
N82049,605.2361605000325,142.94780990735936,-0.22235191
N82050,-118.11983142901794,20.997562951912773,-1.2878886
N82051,-109.68638276278263,34.19029280299295,-0.21015826
N82052,234.81627557258102,190.83389352245408,-1.2517991
N82053,1605.9510038567657,459.8530568908873,-0.22235191
N82054,506.3413331270037,81.70641847533918,-1.2517991
N82058,323.95063786798823,95.20757822379743,-1.2517991
N82059,-132.95116936535499,45.89217009166901,-1.2517991
N82060,223.3622925529879,-74.86847366470688,-0.21015826
N82062,100.13841930833361,82.43488485696759,-1.2517991
N82065,336.0914871899014,32.11942155807739,-1.2517991
N82066,417.6502320508018,1.3886270625112174,-1.2517991
N82067,70.26205675287608,32.29455448889564,-1.2517991
N82070,962.3554247026442,88.81621243848635,-1.2517991
N82073,155.807014618138,26.607596304297857,-1.2517991
N82074,1146.3915227618445,111.08722709940629,-1.2517991
N82076,523.6499372243449,-45.81038150578647,-1.2517991
N82077,10.975462905711005,14.524031804301744,-0.22235191
N82078,304.8680522645777,59.14169851110032,-0.22235191
N82079,-15.493980051796175,43.92413637248733,-1.2517991
N82081,240.62793431758746,128.08484596651292,-1.2517991
N82082,353.2418741353206,36.68390063758739,-1.2517991
N82083,618.8463644072608,143.35642651866544,-1.2517991
N82084,697.3571361982055,87.04801510490613,-1.2517991
N82086,184.88221893932155,169.69588295096838,-1.2517991
N82087,46.49158584538956,56.175951503145,-1.2517991
N82089,-23.845608759560793,40.152443879787214,-1.2517991
N82090,1066.4561729933719,132.93388471893272,-1.2517991
N82091,-75.36709518323241,-1.6716198314676047,-1.2517991
N82092,629.7591539117984,162.2818151075265,-1.2517991
N82093,8.230638632728686,29.881451335007714,-1.2517991
N82094,720.7736255535593,287.31654063120783,-1.2878886
N82095,291.0781012160695,106.61713631840504,-1.2517991
N82097,553.0198188447831,173.85987193373916,-0.22235191
N82099,1089.7798154503566,351.26066765831627,-1.2517991
N82100,-184.15839790318572,-6.538742105882333,-1.2477345
N82101,329.31515678096724,-93.22287574897813,-0.22235191
N82103,549.5760922180594,266.6550940963837,-1.2517991
N82104,37.83337226257266,12.96067926472941,-1.2517991
N82106,-35.789116337901206,64.24938675177518,-1.2517991
N82107,-324.29473050984103,19.602333941051526,-1.2517991
N82108,95.56098324482909,111.46663315311356,-1.2517991
N82109,8.605601850228718,-1.598697230664414,-1.2878886
N82110,1231.8388808295995,164.41755786631796,-1.2517991
N82113,221.6248321499624,183.49759957699766,-1.2517991
N82115,1210.973437949201,236.35832062738308,-0.22235191
N82116,100.78779320685906,41.14529394933124,-1.2517991
N82117,1546.2207386948733,670.6923055686176,-1.2517991
N82617,-88.85908071191916,34.26459934785259,-0.22235191
N82621,-25.755919147840405,18.202583291850225,-1.2878886
N82623,-118.36561392289532,-29.744876613735475,-1.2470001
N82633,-49.530886566718266,63.58916014470889,-1.2517991
N82641,467.4379470602301,106.24343903206858,-1.2517991
N82645,274.2760289801405,40.34245050832786,-1.2517991
N82646,1093.0053569565493,75.2602461612396,-1.2517991
N82647,-288.41202838443337,-26.691810183556733,-1.2505965
N82648,-296.39031650803867,-7.425899887485006,-0.22235191
N82650,96.62102576353469,-44.78510053347069,-1.2878886
N82651,53.38700488237304,260.7690206780952,-0.22235191
N82655,24.187729612867635,30.747117229644807,-1.2517991
N82657,-262.83076163803037,-89.43684363934061,-1.2432233
N82659,-305.5015258620932,-22.21438702041293,-1.2432233
N82662,786.9592199158972,188.72695181355604,-1.2517991
N82663,59.84441009457647,79.58506247945627,-1.2517991
N82664,-136.5394290121066,-39.64098806454455,-1.2517991
N82665,327.51128234109876,41.8141530388493,-1.2503661
N82668,-167.40468122208196,15.974092661993588,-0.22235191
N82669,215.25288229676292,95.05125117607562,-1.2517991
N82670,173.73054367966483,-41.81486535279956,-1.2517991
N82671,107.1453147778784,-52.814955695543595,-1.2517991
N82673,-446.66362473992575,-19.91466535369648,-1.2432233
N82675,-476.76805294211266,-30.861242368519704,-1.2459995
N82676,-40.48616731044807,110.82371456388987,-1.2878886
N82678,-8.871220377986274,71.91242994519165,-1.2517991
N83001,1628.0676888492226,178.31831885952303,-0.7722718
N83002,1542.1341518213276,142.21835429292628,-0.7722718
N83003,617.7088597052715,-4.778821332469606,-0.7722718
N83005,824.9318304735001,37.54445650534173,-0.7722718
N83006,51.5207187362228,6.355442884572759,-0.7722718
N83007,-68.19521138909072,71.80497344387244,-0.7722718
N83008,1372.975043166286,20.14830449465859,-0.7722718
N83009,1991.2800386803772,218.32043993145953,-1.2878886
N83010,346.29876821167,-13.732435183230077,-1.2878886
N83012,1232.687607191798,426.39518320433734,-0.7722718
N83013,171.0853114854439,46.69640749787314,-1.2878886
N83014,1148.5586900064418,59.66987029373265,-1.2878886
N83015,252.60942363053962,157.70756714180652,-1.2878886
N83016,-397.38853802103665,-135.6212946075964,-0.7379688
N83017,141.38530983585778,105.12680810872268,-0.7722718
N83018,1184.6126301330785,91.21225468169878,-1.2878886
N83019,975.47791042988,-40.62633226380014,-0.7722718
N83020,663.2524604737479,57.59000378020814,-0.7722718
N83021,714.6781681285563,47.26866375770438,-0.7722718
N83022,1065.806824776125,123.07044844254177,-0.7722718
N83023,865.5851408306778,52.726438227893105,-0.7722718
N83024,948.0792612085071,5.829730465654161,-1.2878886
N83025,904.2086616171598,602.8820576516451,-1.2878886
N83026,-141.39403799531325,16.369337279266585,-0.7722718
N83027,782.8753460440449,69.67741137881838,-0.7722718
N83028,4134.28996359187,257.4817281425901,-1.2878886
N83030,239.38595161879215,56.96094700309856,-1.2517991
N83031,-72.42228661305465,46.66342529161292,-1.2878886
N83032,1561.2657022622261,101.51023558919275,-1.2878886
N83033,706.4064585282456,39.053677557837446,-1.2878886
N83035,770.445797013751,160.02999550375011,-0.7722718
N83041,111.80394632996155,40.01176464402198,-1.2878886
N83043,152.35327649856308,-11.034861577665838,-1.2878886
N83045,148.2935930315272,29.67751578177485,-0.7722718
N83047,-20.04153497281752,96.05475293237913,-1.2878886
N83049,-3.1285914046508583,20.91526666874553,-1.2878886
N83050,75.17807564920973,23.695596998587845,-0.7722718
N83053,132.5236197037535,43.658667912109685,-1.2878886
N83054,-6.048094887985451,58.39760366889055,-0.7722718
N83055,622.6144945736664,169.23580996687858,-1.2878886
N83056,-32.113266288539045,-22.34537873400363,-1.279313
N83057,-405.1715117445218,-371.9090714505468,-1.279313
N83060,313.50044181665595,81.82879991922935,-0.7722718
N83601,291.2388428340455,339.11475267875835,-1.2878886
N83603,410.5974115089551,89.2090539848685,-1.2878886
N83604,25.056998783713126,61.949096268938945,-0.7722718
N83605,129.07379366365632,51.56533971421645,-1.2878886
N83608,1407.751825451525,591.2501234816234,-1.2878886
N83609,188.45667370082052,117.11141733737229,-1.2878886
N83610,-57.590075778942186,66.67111705882633,-1.2878886
N83611,-71.28452580052728,-96.21791502235534,-1.2797817
N83612,15.02778636706685,52.02753446936671,-1.279313
N83614,-207.50633850097748,51.94866076320593,-1.2878886
N83619,-280.6655935963926,-10.451334091096276,-1.2878886
N83620,16.445110849516855,6.980473704449936,-0.7722718
N83621,142.64400517522668,-7.232339511387718,-1.2878886
N83622,-0.04524309833017019,55.94637752834171,-1.2878886
N83624,-104.62580709330824,13.737381880564795,-0.7722718
N83628,13.928822446883132,90.8748328951532,-0.7722718
N83633,136.7821223296871,28.282310311430837,-1.2878886
N83635,-118.08807410881684,-36.893262641352806,-1.2878886
N83636,161.81517849451367,-35.63231741110339,-0.73796886
N83637,63.29123183560778,39.59784180405319,-0.7722718
N83638,-443.33550497823256,-5.255962593889713,-0.7729648
N84001,379.23588431783287,308.1131832436462,-0.22235191
N84002,-1.5738621345867898,-6.906666555286504,-0.22235191
N84003,693.1041523201699,93.34577918988968,-0.22235191
N84004,861.378566323546,173.7321479015005,-0.22235191
N84005,860.1076799577851,315.76088831859107,0.5405324
N84006,410.3861561461447,94.8264106616708,-0.22235191
N84007,228.2298699644844,50.81551942452501,-0.22235191
N84008,451.3602962030868,166.1595668279389,0.5405324
N84009,-83.41922759801307,65.33880898150827,-0.19662465
N84010,-177.17081999207747,41.141803976611484,-0.22143626
N84011,322.15689456145304,127.65880986162638,-0.22235191
N84012,826.8535359599301,57.32815268841949,-0.22235191
N84013,314.7574353552273,301.8496947894945,0.5405324
N84014,-57.414811950977516,26.86495965005513,-0.22235191
N84015,848.8459865735877,74.00593118002386,-0.22235191
N84016,850.0758127514882,-10.577730812930763,-0.22235191
N84017,1173.126012491083,150.1915077455247,0.5405324
N84018,479.90775118314053,117.26535325439622,-0.22235191
N84019,689.1319542868358,-42.29689055191205,-0.22235191
N84020,416.16558659971963,146.24900534033694,-0.22235191
N84021,1563.8433277160773,60.390600735903945,0.5405324
N84023,801.8686976730532,32.463401998182064,-0.22235191
N84024,721.1916881279988,169.67254966232895,0.5405324
N84025,541.010028981889,165.75996332217557,-0.22235191
N84026,-167.36585217702557,14.687465577015832,-0.22235191
N84027,60.90805653229313,41.02397380357677,-0.22235191
N84028,808.253398627152,73.78931970786407,-0.22235191
N84029,441.26088339998535,25.268131195904033,-0.22235191
N84032,-241.3363570849454,-6.9844516566088855,0.48907796
N84034,589.3533610114774,57.88041074115795,-0.22235191
N84035,216.75168240738594,24.744899027929563,-0.22235191
N84036,-327.02112410971847,-81.79843512678752,-0.20795512
N84037,-145.46372355948557,28.79937506851205,-0.22235191
N84038,620.7878868861119,379.4043629822383,-0.22235191
N84041,51.44115017262522,28.56155650462481,-0.22235191
N84043,-168.8921047783963,-21.18149638618902,-0.22235191
N84605,-53.84574394514419,-24.582897599708666,-0.22235191
N84611,21.62336006520162,163.87656577491992,0.5405324
N84613,27.88017829069194,116.91713026527721,0.5405324
N84614,-150.09797556446952,70.78759391736615,0.5405324
N84615,-22.908655943449777,91.92796581169647,-0.22235191
N84616,-318.5823906333357,-78.07330803112725,-0.19662465
N84617,-102.46259308877956,42.664569428515,0.5405324
N84618,61.93759522943188,15.560088732230723,-0.22235191
N84621,-81.60122852391623,25.449150751935726,-0.22235191
N84622,-272.48991546740046,-42.15578360824984,-0.19662464
N84624,-273.62220395633744,12.654645799775558,-0.22287165
N84625,-98.44549579127008,11.498931177198152,0.5405324
N84626,-271.37258276237435,-1.2922563791238724,-0.22235191
N84627,-225.28137360966684,1.3045220497365746,-0.22235191
N84628,-488.5535275862424,-2.542891211572417,0.5414277
N84630,-160.12766109211225,34.43920647399798,-0.22235191
N85001,-43.93623926280684,21.28609245461839,-0.22914103
N85002,998.0669593904636,404.4964691309327,-0.22914103
N85003,85.7142209589244,43.641461363338834,-1.2517991
N85004,-272.0793382007372,-132.43013439474367,-0.16053504
N85005,1017.8656825359974,-17.14837328006167,-1.2517991
N85006,536.0254733583278,93.25381848595325,-0.22914103
N85007,923.2556109697781,252.37907222954703,-0.22914103
N85008,905.21023543426,0.019113643565486366,-0.22914103
N85009,413.5468972162481,52.26634657120632,-0.22914103
N85011,-284.83536916782737,-145.13177706962577,-0.16053504
N85012,770.777590511402,84.68744326097091,-0.22914103
N85013,345.03055416991236,43.801693912335374,-0.22914103
N85014,19.48123002516601,-23.256573656181494,-0.22914103
N85015,357.71868052536007,-7.651691235919008,-0.22914103
N85016,607.8329813243524,85.51292735792339,-0.22914103
N85017,366.001383761024,36.00125813553524,-0.22914103
N85018,290.8937703531929,-4.594570634649457,-0.22914103
N85019,898.3364341474402,92.02079047895728,-0.22914103
N85020,1364.7391141875623,633.4162125120732,-0.22914103
N85021,-41.22901838094396,7.699850346227672,-0.22914103
N85022,-73.75795281735263,29.10041894360573,-0.22914103
N85023,349.67006240333916,27.654401019894866,-0.22914103
N85024,882.3476729814726,122.61904517049295,-0.22914103
N85025,110.9060682378902,52.584678910526236,-0.22914103
N85027,1101.4994670068281,63.47366734528125,-0.22914103
N85028,535.7759180257468,26.39415242486641,-0.22914103
N85029,212.68132796120705,98.80356755205193,-0.16053504
N85031,452.56572605466573,-101.22491316439067,-0.22914103
N85032,180.4958086976191,-17.09231493085991,-0.22914103
N85034,469.43374912698334,-12.20282652522745,-0.22914103
N85037,357.9131098804457,38.93284183750916,-0.22914103
N85038,721.0960068296281,60.6226473445339,-0.22914103
N85040,255.78578594899847,63.187669198904324,-0.22914103
N85041,451.30172337702277,59.26025287266097,-0.16053504
N85044,1462.603950655196,644.3321029387753,-0.22914103
N85046,-23.745605230928973,51.695591087468216,-0.22914103
N85047,74.31826594763325,83.26133887559016,-1.2517991
N85048,133.0122076664733,26.84161062745933,-0.22914103
N85051,630.956419985738,53.95005613472331,-0.22914103
N85052,-176.69245425217952,67.00408785076489,-0.22914103
N85053,34.64180143825976,50.81188621925173,-0.22469434
N85054,26.9037132940261,89.35593364716823,-0.22914103
N85056,15.659082918342614,15.844775845025719,-0.16053504
N85057,-262.34653660387704,-18.953437385620553,-0.22914103
N85058,-5.069363619240382,-20.465656830398274,-0.16053504
N85059,0.5998831246104471,59.14257733310856,-0.22914103
N85616,99.71498179802857,62.48840778405685,-0.22914103
N85617,-100.03569097657926,22.807367369439714,-0.22914103
N85619,78.85208653466248,124.19554456404623,-0.16053504
N85620,339.46306885394193,282.0681427409136,-0.22914103
N85625,1195.1360129762995,623.9549959152966,-0.22914103
N85629,264.72464610858685,26.570071366853313,-0.22914103
N85632,-498.76558561299925,-18.63144796093769,-0.16053504
N85633,-185.65754554821848,37.633009760554486,-0.22914103
N85634,-122.87578286089581,56.82885271895314,-0.22914103
N85635,-176.05653975430232,46.09282992597977,-0.16053504
N85638,-417.0886048922436,-0.46660397862205305,-0.22914103
N85639,-495.1078784480544,-58.60251488274692,-0.16855496
N85640,90.59576840432537,34.118072903204144,-0.22914103
N85641,-475.16772304187987,-6.290470187971383,-0.22982708
N85643,-186.70497986297377,126.52239706514246,-0.22982708
N85645,-440.7632311279602,-72.71737132577277,-0.23271425
N85647,-457.9825448296322,8.039046722338943,-0.20428002
N85648,-126.22349193065672,-0.18140248551329388,-0.22914103
P81002,2920.830262748364,2089.5926773743677,0.030275362
P81003,843.5316955726604,24.519918302051604,-0.24986577
P81004,386.3606737934314,13.451112571601323,-1.2878886
P81005,707.8738533258387,25.04013599449864,-1.0885025
P81006,1462.151934021653,585.0563425125359,0.48228878
P81008,550.4179001441619,118.02004848854507,-1.1521059
P81010,56.94078092953342,-11.173476303920681,0.79494625
P81011,438.3940057535158,253.2950972277554,0.056002606
P81013,933.0819463706894,102.47608109423066,0.030275362
P81014,395.84715003316217,96.04579760594368,0.5405324
P81015,420.6451848559194,136.74409799049363,-0.5900371
P81016,2050.8750261158234,383.79245763320466,-1.2878886
P81017,745.6144778553215,104.17379057516526,-1.0524129
P81018,555.8609072643983,30.540126343180034,1.2040809
P81020,1660.6004731083194,568.8423567655716,-1.1521059
P81022,1073.9064308859909,-57.417753580584495,-1.0885025
P81025,1384.753121942197,333.3082429231841,-0.86338913
P81027,1987.3077229325936,172.09692381551127,-0.24986577
P81028,147.9666705103294,17.332703805037763,-1.1409694
P81029,1802.6510061373053,304.8839924560338,0.030275362
P81031,555.0903480562695,-17.93972883942421,-1.2878886
P81032,1113.0827436775164,82.66113556934889,-0.86338913
P81033,860.5220237513079,102.46577310392315,0.79494625
P81035,337.62489327100303,6.572403384440281,-1.1521059
P81036,1940.1043781701833,196.48250651617718,-1.0524129
P81037,707.723522673619,131.834592508768,-1.2878886
P81038,491.3736459353083,334.7195135958204,0.79494625
P81039,272.9900779146964,9.342222642942744,-0.7722718
P81040,563.1160364542228,42.21719819688184,1.2040809
P81041,119.16408325736072,72.69133858220736,0.5405324
P81042,1600.9583177478917,230.4647583952572,-1.2878886
P81043,573.7460908887974,13.273097145393983,-1.2878886
P81044,1821.561324163211,160.70255592976173,0.79494625
P81045,-1.4684360079423275,0.22332849515759026,0.5405324
P81046,217.78947270102753,32.94460188729173,1.2040809
P81047,1140.2086495531037,398.8092393769022,-1.1521059
P81051,1269.5784102609884,87.5375271252254,-1.0885025
P81053,417.089108632949,7.505696306053095,-1.1521059
P81054,911.12738372283,249.89179152610987,-1.2878886
P81055,559.9368046153263,175.25441065513849,-0.5900371
P81056,450.72557631449376,-106.12774689886368,0.5251675
P81057,747.7369998501197,64.94752273166583,1.2040809
P81058,906.8036602862985,135.17086320210265,-1.0885025
P81059,527.8239157788962,33.91229687336716,1.0322087
P81061,278.27855178596786,-85.59450955496925,-1.0885025
P81062,528.6236024082214,33.7443103192159,0.79494625
P81063,1256.4217596924864,220.3251202385646,-1.2878886
P81064,166.09670280823232,-24.2064002814228,0.056002602
P81065,765.4232066727084,468.4567971359105,-0.86338913
P81066,711.5388079812391,232.67116241333446,-1.2878886
P81067,1004.7407233623173,99.9357849280724,-0.5900371
P81069,794.7441452410022,137.23241172112364,1.860483
P81070,592.8179093912266,157.1858312657569,-1.1521059
P81071,335.72257939779865,-119.7153234684516,1.2040809
P81072,1944.6356315570392,354.28712964868475,-1.2878886
P81073,918.0266938014397,214.53013479847564,-1.2878886
P81074,1898.169890721522,530.3456802953464,-1.2878886
P81076,583.9295060205734,8.666812811676806,1.2040809
P81077,803.9724187322072,196.68179533278126,1.0322087
P81078,826.2386645291838,112.82349393951125,-0.86338913
P81079,1051.8184220101625,275.3838929716806,-1.2878886
P81081,236.7127764356416,130.05101614193413,-1.2878886
P81082,787.3709432690608,-18.362049091811492,1.2040809
P81083,448.47563474569455,8.87512873300085,1.2040809
P81084,251.5238754586969,23.403680238270347,-0.7722718
P81085,353.6402016283578,-82.00212665465871,0.5251675
P81086,1264.0967970271154,113.54014642839398,-1.2878886
P81087,1524.8091502222273,279.79940150026334,-1.2878886
P81088,538.0764742896773,72.74577783520535,-1.0799267
P81089,1757.1425766487876,63.80738354696458,-1.2878886
P81091,790.1660499954859,-13.471518028221345,0.056002606
P81092,704.8677962912438,-59.81191458333474,-1.2878886
P81093,-336.60060543361556,-17.297448305483773,1.2040809
P81095,550.873602670956,2.9451825872881754,-1.1521059
P81096,143.75189670093152,11.724890301851788,0.5405324
P81099,841.8662624146748,44.63412027041522,-0.24986577
P81100,1656.0856031123144,151.11498951927376,1.860483
P81103,569.1725657503989,69.2466484731325,-0.5900371
P81104,164.55610380541862,24.142963877247674,-1.1409694
P81107,139.9690492061937,-64.43006591659912,-0.5900371
P81109,252.2595352776489,-9.923133520608422,-1.0627753
P81112,1643.3419058394368,424.34317508455484,0.5405324
P81113,145.67934074119265,92.64285652868327,1.4274077
P81115,1843.08972326209,261.2259242187482,-1.2878886
P81117,110.03316651999548,-3.35590897657538,1.2040809
P81118,733.8888369628676,169.65606526478106,-0.24986577
P81119,298.3246157608104,-21.51474245966436,1.2040809
P81121,-168.65776589228355,17.280799142413727,-0.7379688
P81123,2193.595254226816,42.398974922554025,-0.86338913
P81125,721.2496918752951,-47.67587453325256,-1.0885025
P81127,-93.02749246971135,-16.496090665741306,0.79494625
P81128,813.7944719162796,83.31180443573594,1.0322087
P81129,939.0001525060865,109.48038429524956,1.0322087
P81130,1007.8830576343308,62.31719898403256,-1.1521059
P81132,842.2662425268279,147.8960227031098,-0.24986577
P81133,1055.4579811476494,171.72918527619805,-1.2878886
P81134,74.1618762654142,4.6654352796433605,-1.1521059
P81136,-198.51084317328633,14.458918383124209,0.5405324
P81137,519.9400843779337,111.83767706818851,-1.1521059
P81138,-145.5393529915264,8.655939698268888,0.5405324
P81140,1703.3963994164542,713.3499212353728,-1.0885025
P81143,587.7319294808045,69.34206502565645,0.79494625
P81146,138.03168539943596,-160.41037317106426,-1.049886
P81147,407.4727214526528,69.55641338588563,-1.0524129
P81149,293.76762454855304,90.56114550868702,-1.2878886
P81150,581.3144937574639,278.0940367980846,-1.2878886
P81152,405.3629496310685,338.66203708922427,1.2280756
P81153,947.6547509461367,300.4207768871929,0.5251675
P81154,442.55474389954657,6.197375499027676,0.79494625
P81155,-56.344424375178434,53.7855150753946,-1.0885025
P81157,571.8290815008125,167.71043736314664,1.0322087
P81159,1386.322008190667,370.3067028365099,-1.2878886
P81160,1280.636263186058,239.85114788514758,-1.0524129
P81163,-250.5364943467603,-1.5882755485982618,1.2469597
P81165,-132.61686840940206,37.14508075690567,-1.1521059
P81166,-50.27163287326632,-33.81388654160705,-1.0524129
P81167,516.6469760247376,-109.76279415515157,-1.0885025
P81169,286.4042019944065,6.1503131386814305,1.2040809
P81170,312.0971634303467,76.88780747173335,-0.86338913
P81171,-115.49783834847332,31.93706871332284,0.79494625
P81172,838.7049082829161,119.42118480084531,-1.2878886
P81173,-232.19394269318255,-30.28995168821552,1.2040809
P81176,-165.86206357316635,-155.41991472375926,1.2445537
P81177,-313.4903405642051,-56.02420275847827,0.5263317
P81179,-129.35525230808594,10.54215177263392,1.2040809
P81180,177.4320507769763,37.683016628592995,0.79494625
P81181,23.25285376131471,34.503538856988115,1.2040809
P81182,424.1190547099137,-147.32581962129464,-1.0524129
P81184,583.5344651066281,36.06376802480571,-0.5900371
P81185,840.4820584144726,215.6512561918314,1.2040809
P81186,-13.360936413520689,-33.53922778878378,1.2040809
P81190,271.0891695975612,25.256044326925885,0.52282405
P81191,594.8704367907084,84.56539042627129,-1.2878886
P81196,1756.6747035388116,1214.5004758730167,1.2040809
P81197,48.51886541625831,50.31161546826898,-1.1521059
P81201,46.64967814309157,5.342227744653447,0.5405324
P81204,321.32678028465074,-88.32678972957666,-1.0885025
P81208,1576.3994385246351,625.9765249670371,-0.7722718
P81210,264.99137726880264,-89.4183528328083,-1.2858398
P81212,283.6909840859997,30.26451697789181,-0.24986577
P81213,443.56942227549695,118.61105854389592,1.2040809
P81214,-45.291836994312646,-8.779311224530481,-1.0885025
P81215,403.0226641590999,25.769300287252538,-1.1409694
P81218,503.84739342524523,40.61429664108628,-1.0524129
P81607,168.4515102185983,72.39105179652188,-1.0627753
P81620,-390.9124044898033,-3.3906423476603558,1.860483
P81622,272.2531431936807,18.368198103224522,-1.0885025
P81624,73.51162606098237,-165.49679901327983,0.5251675
P81629,139.4553067879584,-28.998254073294667,-1.279313
P81633,-77.04256005999935,23.44780684278393,-1.0885025
P81634,81.87643828878392,72.82680523645938,-0.8462376
P81641,-692.3523418773069,-317.8682369085089,-0.8462376
P81642,-230.12323763454765,5.8931983532665635,1.2040809
P81643,62.85915323819622,-306.65585564352455,-1.0763088
P81646,-12.641210879874953,-21.07542816098144,0.5405324
P81647,-254.36063602018,39.346296999411145,1.2040809
P81655,-6.198201388195549,219.27855588995862,1.2040809
P81659,88.86345270106256,113.65909174369888,-1.0462661
P81664,1495.6900118752103,271.62971331801197,1.2040809
P81667,-254.85169926636422,-62.32027985253696,1.2244036
P81668,404.60078251107973,407.4964098873344,-1.2878886
P81674,30.16266261091804,-25.52601128227417,0.5405324
P81677,-418.36287992891073,-71.55893091002565,-1.0266856
P81681,1535.8317944880785,351.86505127128925,-1.2878886
P81683,304.2956172981403,-164.92239776113385,-1.0885025
P81684,316.84847912122785,49.23402799616805,-1.2802266
P81685,-15.959780868524234,21.662689796905372,1.2040809
P81686,-155.25806635457553,54.542446174178615,-0.24986577
P81687,-261.70088018792615,9.029119129275868,1.2040809
P81689,-242.3204420868733,-18.005826666318647,0.79494625
P81690,-226.58117701680285,-5.281934198420725,-1.2798142
P81691,-364.11261628254573,-36.128235416039,-0.52143115
P81692,-296.7866519997247,40.29715757042191,1.2040809
P81694,-125.52359147853348,8.16187440782188,-1.0898424
P81695,18.68153496931771,76.74661489138784,0.5405324
P81699,-114.01417863709854,8.258705315942066,-1.0524129
P81700,-363.9050724773623,-20.49746156004695,1.2469597
P81701,-121.66315666985406,4.682518442204032,0.79494625
P81704,408.5054113315876,282.4460123121137,-1.0885025
P81705,-187.42733322222088,-12.005496375067107,1.2469597
P81707,222.15499694092784,-114.56765040788139,-1.0885025
P81709,446.3979911439837,42.71377833786981,-1.0885025
P81710,372.76886330690616,114.26286393398681,0.5405324
P81711,-102.52660754884833,1.002789932107676,-1.0524129
P81712,74.86579324438998,65.66748633773125,-1.0627753
P81713,-131.8030821175176,-30.33620514928902,-1.2876135
P81714,325.98482124755503,291.2883598529988,-1.2878886
P81717,-656.2144112409559,-245.88624189803494,-1.0627753
P81721,-270.5009858273693,7.488198176657272,-1.0885025
P81722,-122.35350086654196,47.827887466091646,-1.279313
P81724,-238.5716020775949,-86.69015322551638,-1.0885025
P81726,-169.14021702456424,-18.728755842790942,-1.0524129
P81727,-208.0849812312253,-18.193908270742522,0.5354789
P81730,547.8323987806467,121.08525365455885,-1.0524129
P81731,-158.16227355550146,-90.66792726921263,-0.86338913
P81732,-47.127130153679055,40.540878303266354,-0.86338913
P81733,-160.55843650273007,-5.977482249157408,1.2445854
P81734,2438.5459802205833,173.9639570580167,-1.0885025
P81735,34.73247732100405,104.89093423139181,-0.5900371
P81736,220.0124871305627,-14.066176511832442,-0.86338913
P81737,-237.56438853784798,14.234699284026266,-1.2878886
P81738,-363.99383792900113,-56.32448107655924,-1.0524129
P81740,-338.5579248711358,-0.6349348093949714,0.79342115
P81741,-225.56748854656638,11.433645662319053,1.2040809
P81742,-69.18380125342256,-8.480097610146197,-1.2878886
P81745,-92.17027109045827,14.6411238855764,-1.279313
P81746,141.15353826942533,168.6729114071347,0.7777948
P81748,202.63530672476523,96.079197487745,1.2040809
P81749,-333.5226712241102,-33.36587564413747,-1.0357081
P81750,-286.53249177303684,-60.10945875244978,1.2097539
P81754,-181.46650018052986,-42.99349585690763,-1.279313
P81755,505.27214335333235,96.12500847020748,-1.0524129
P81756,-46.54386382478274,-75.23894828420077,-1.1515557
P81757,-218.59369930066987,-6.144936678915499,-0.86338913
P81758,-252.76080225797674,-32.141815675498236,-0.7615055
P81760,322.22494072151426,189.7820619253106,-1.279313
P81762,-237.01928077712688,-48.60687158770572,-1.279313
P81763,-222.56537175590296,-108.79641795629769,1.2262186
P81764,-349.4215070177931,-168.44156299715905,0.48907793
P81769,-334.6188778114248,14.397358408055068,1.2040809
P81770,-110.43397162137455,50.51154031861579,1.2040809
P81771,93.35090123068841,-83.75325632290613,-1.0885025
P81772,-180.5232781317898,-72.5048265618602,0.4945599
P81774,-312.9022935329221,-125.39957701336267,0.4919651
P81778,-97.7410116816394,-7.0164332547864605,-0.86338913
P81779,-611.3483381907887,-263.03245492106134,-1.0266856
P81780,237.02670546044357,-58.51015600737365,-1.1521059
P81785,-211.04255143905198,15.191478030091304,-0.554617
P81793,-474.02142733691267,-1.8490713966031729,-1.0885535
P81797,-921.5368930842367,-625.6669934579597,-1.1349545
P81801,-484.3627587103863,-17.0358770716484,1.1180682
P82001,964.6577599232038,219.71119512037401,0.07672734
P82002,501.8854039955141,52.55485329966328,-0.6725787
P82003,1066.890164071196,339.66834965346305,-0.6725787
P82004,470.87182893898125,-9.27372561260688,-0.6725787
P82005,246.25155493736534,1.8100765698570616,-0.6725787
P82006,490.7825013404347,68.61566382704635,-0.6725787
P82007,1489.544527073623,347.705297465571,-1.0438372
P82008,1707.8231391522347,-73.47745122765916,-1.0438372
P82009,418.49127778065025,43.05220578351788,-0.6725787
P82010,458.6379573305935,136.8811687882408,-0.6725787
P82011,171.70837684432016,107.6447327399362,-0.6725787
P82012,456.3492708436145,81.48051928565772,-0.6725787
P82013,257.7696566119401,-63.88906179441111,-0.6725787
P82014,290.4546148340888,-6.364986901360273,-0.6725787
P82015,1890.065729750432,166.05828552617248,-0.6725787
P82016,788.336498138447,70.98782801105787,-0.6725787
P82018,389.87753557291853,72.96403939339689,0.07672734
P82020,43.42468010073233,39.805795243940274,0.07672734
P82021,189.02663840446397,106.98762166653495,-0.6725787
P82022,83.26805866923041,0.8962577393057076,-0.6725787
P82023,285.533672266143,93.72071821642217,-0.6725787
P82025,-19.349519417193406,-2.3305206389702406,-0.6725787
P82029,42.025983349036444,2.104239388477585,-0.6725787
P82030,-136.1619352687063,25.57726230318738,-0.6725787
P82031,583.969915968612,113.95704515022595,-0.6725787
P82033,-258.4079070294563,0.41528088913654854,-0.6725787
P82034,-205.45190561886037,25.27461437239867,-0.6725787
P82036,-110.99137524444366,26.686532482075517,0.07672734
P82037,158.4766907238203,-13.264462461940216,-1.0438372
P82607,113.26071610641277,37.99730644834094,-0.6725787
P82609,262.8219683121271,-4.2386523094530055,-0.6725787
P82613,362.9650645158972,87.02209409243355,0.07672734
P82616,-70.18874735329993,72.482078151474,-0.6725787
P82624,23.93950184278406,129.24698289190897,-0.6725787
P82625,-289.24752555672643,-12.257240172842398,-0.6725787
P82626,198.42758382299607,6.559166260142058,-0.6725787
P82627,-36.31577644188986,-9.811501645115447,-0.6725787
P82629,-272.20562068810295,-6.623079444146241,-0.6725787
P82633,-165.80584749684624,31.14651788474766,-0.6725787
P82634,-32.763051300368666,18.058807439550993,-0.6725787
P82640,-6.436758720749229,130.53657824510745,-0.6725787
P82643,-21.258667967533405,44.826115710969546,-0.6725787
P82652,123.20924806011888,8.098710159959916,-1.0438372
P82657,-611.4564959790465,-268.71390855788644,-0.6297
P82660,-97.84617878496309,-15.81222161119956,-0.6725787
P82661,-468.9250966193443,-26.442968616809914,-0.66268504
P83001,421.9627467359101,106.7081488999483,0.07672734
P83004,476.173847458102,-31.993247479465673,0.07672734
P83005,204.66481053803142,1.090210775302536,0.07672734
P83006,319.92730190661075,45.16367549655131,0.07672734
P83007,617.9476295942713,108.08627589570753,0.07672734
P83008,460.9733548134117,98.89381612458378,0.10111462
P83009,267.7648822961454,80.8585652352355,0.07672734
P83010,28.98167521235531,-23.006429348479077,0.07672734
P83011,390.016401768956,27.255113127937843,0.07672734
P83012,1740.4751453174854,945.4128340700867,0.07672734
P83015,427.9109210641359,-19.277133300806625,0.07672734
P83017,-114.4598434537522,-37.050796577559204,0.07672734
P83019,199.7125899469063,13.88390196456264,0.10111462
P83020,848.0762299387919,564.1188764189418,0.07672734
P83021,656.2679957259738,540.4252888721346,0.07672734
P83023,416.2378527541033,-15.70740137673592,0.09690417
P83024,115.92889339465283,-17.501747186328323,0.07672734
P83025,-6.481252098369882,36.602590912775376,-1.3154025
P83026,-80.60412388709699,-36.59526738185944,0.12818183
P83027,-323.8359312867038,-2.724265816731621,0.07672734
P83029,440.90796296359497,51.79484328299757,0.10111462
P83030,-187.20553350605059,-65.8555243402725,0.12818183
P83603,986.6837260775866,54.342950811239305,0.07672734
P83605,179.6226835620052,59.850575502453324,-1.3154025
P83608,254.97630665122477,-40.83909883976928,0.07672734
P83609,-100.54960995668726,5.347039215796716,0.07672734
P83611,-186.1468969295379,9.228865487939773,0.07672734
P83612,-41.41572774213877,74.2435378274435,0.07672734
P83620,23.651904179213666,21.749521303856287,0.07672734
P83621,-26.25190328897136,7.98245657641348,0.07672734
P83623,-80.9191313898649,8.984726373858544,0.07672734
P84004,732.8862557160182,116.17646869426801,-1.3154025
P84005,-128.77704257133993,-12.147895122682588,-1.3154025
P84009,547.9379351747295,62.34631002467159,-1.3154025
P84010,607.1943422273514,5.424871805414334,-1.3154025
P84012,941.0688319518614,123.68912262869483,-1.3154025
P84014,273.75312816148414,150.34508899370786,-1.3154025
P84016,511.0220111398931,128.743851143741,-1.3154025
P84017,773.3809764842294,56.57991160303287,-1.3154025
P84018,-150.5286008758176,65.95099402338562,-1.3154025
P84019,1159.329564313868,167.0194862108666,-1.3154025
P84020,635.215552871506,-84.40759447477744,-1.3154025
P84021,646.3382849539843,166.74905353090728,1.1129636
P84022,461.5574246760271,96.20904530685108,-1.3154025
P84023,209.1423529798605,39.341094987349805,-1.3154025
P84024,775.5846991874865,27.358847147289435,1.1129636
P84025,609.5072770181835,-16.663370091974198,-1.3154025
P84026,292.1262256127263,85.51138648736777,-1.3154025
P84027,218.33189625020026,29.004377719374713,-1.3154025
P84028,840.9087868664202,154.95034393279562,-1.3154025
P84029,1784.3415760651546,328.6356085272397,-1.3154025
P84030,1048.8050889145522,209.97973602245725,-1.3154025
P84032,463.5072559478231,67.23030421453089,-1.3154025
P84033,191.533989671094,-30.73200524090028,-1.3154025
P84034,324.46787070118773,103.57286043226038,-1.3154025
P84035,1046.874733012981,155.0475468728857,-1.3154025
P84037,195.26479495121825,-70.4598479362881,-1.3154025
P84038,583.1058905580086,171.821320736508,-1.3154025
P84039,394.03258511555856,33.62798255373061,-1.3154025
P84040,412.9014836208835,203.96859049602168,-1.3154025
P84041,437.31183133259907,105.64244085782764,-1.3154025
P84042,531.9828903651659,96.74141968587084,-1.3154025
P84043,816.8045337375606,147.82398633497104,-1.3154025
P84045,281.12545337631497,128.79705117749444,1.1129636
P84046,1126.707731680935,352.8951339828683,-1.3154025
P84047,396.00623675987924,-39.28540899801838,-1.3154025
P84048,672.5808727675854,50.17148570128176,-1.3154025
P84049,1463.7327764064614,186.23640180223384,-1.3154025
P84050,501.1762303227058,-22.569952466297728,-1.3154025
P84051,322.9124733122021,90.71185151680095,-1.3154025
P84052,541.2407288223951,112.53581025929601,-1.3154025
P84053,604.8357402049209,193.37760096618192,-1.3154025
P84054,606.1729210355307,114.3459568367282,-1.3154025
P84055,-4.566379780994189,81.72203434045878,-1.3154025
P84056,109.67059570885782,75.9490269748592,-1.3154025
P84057,-237.53335201924318,6.527067217128493,-1.3154025
P84059,382.65278451130075,206.4852381033339,-1.3154025
P84061,51.55391438730204,111.85477817639064,1.1129636
P84062,-157.2313501731333,-22.460548777083897,-1.3154024
P84063,-30.781844667407455,70.33656908851438,-1.3154025
P84064,238.90012945442874,114.0352814083339,-1.3154025
P84065,81.29946074606583,41.353488156678814,-1.3154025
P84066,162.55782014670183,68.43828968239956,-1.3154025
P84067,352.042664398684,60.59052445883735,-1.3154025
P84068,715.7141797356088,691.8492975767796,-1.3154025
P84070,360.9062024777053,145.63412671617863,-1.3154025
P84071,-16.288618528323216,-1.3686901733718924,-1.3154025
P84072,1330.2062262043294,336.43352955432925,-1.3154025
P84074,596.5628671461469,292.581699153239,-1.3154025
P84605,-173.68397115034122,13.928196282880148,-1.3154025
P84611,127.85912101113404,117.37627545506338,-1.3154025
P84616,234.9016982440873,349.8308487999875,-1.3154025
P84623,-380.8706508730888,-43.37670792858093,-1.3154025
P84626,116.2720633374239,-68.23581329354538,-1.3154025
P84627,-311.09989106020936,15.593383502508205,0.669526
P84630,453.24166065089696,196.94139729463586,-1.3154025
P84631,-218.73408875315621,-48.984484375494375,-1.3154024
P84635,17.901095943407118,166.8211669495585,-1.3154025
P84637,25.31882505135534,65.37978104310486,-1.3154025
P84639,-186.23708553209923,64.05694601166654,-1.3154025
P84640,-4.467698793282285,99.03761856976082,-1.3154025
P84644,147.20578649401472,188.4475489686793,-1.3154025
P84645,412.8480288929646,100.55554918083477,-1.3154025
P84646,-504.75651169021717,-64.71882032942746,-1.3154025
P84650,139.67024744750535,66.65373721056343,-1.3154025
P84651,15.675247426474536,98.1057434283189,-1.3154025
P84652,235.00076547740903,110.56658591652916,-1.3154025
P84659,-131.3063945746886,-6.974418259201722,-1.3154025
P84662,-497.1216430594042,-89.71147972949935,-1.3154025
P84663,184.08659036035834,43.23770455928445,-1.3154025
P84665,-236.58239798269892,-31.207186170972008,-1.3154025
P84668,-68.39985851773105,161.18571059663495,-1.3154025
P84669,497.0109317503938,270.4824536722723,-1.3154025
P84672,-114.4689167372627,50.72589389797639,1.1129636
P84673,737.1257695569661,218.0373898154422,-1.3154025
P84676,-220.5776660216816,-93.41599230295101,-1.3154025
P84677,-177.61224933403713,16.140435634148247,-1.3154025
P84678,250.07683435948968,248.42139070869058,-1.3154025
P84679,-229.34739257343804,-1.4324002948655634,-1.3154025
P84682,-201.13323763467045,-24.35845182131411,-1.3154025
P84683,-212.23479375440556,29.364342226683632,-1.3154025
P84684,135.89697355242572,62.68710433409356,-1.3154025
P84689,41.662199505851994,44.21343267286778,-1.3154025
P84690,-22.524525006708927,36.4608408017126,-1.3154025
P84696,-476.57747149752504,-5.6225759730517115,-1.3154025
P84697,-473.8455620077509,-7.423701078509592,-1.3154025
P85001,149.95524534622788,6.601045474841695,-1.0799267
P85002,319.3054700447325,92.13181696836594,-0.797999
P85003,415.74695551789085,1.0243026400592872,-0.797999
P85004,252.59343226941147,89.98848365464424,-1.0799267
P85005,674.9895018657832,23.816597919851613,-0.797999
P85006,386.8762074150598,117.7805212001236,-1.0799267
P85007,-102.55451489979872,25.037699831129416,-0.797999
P85008,1350.8996575071624,90.21268250575704,-0.98023367
P85010,1027.9337019014524,53.097864902246634,-1.0799267
P85011,497.4440795126565,88.06511464114725,-1.0799267
P85012,424.190374264649,84.87555914261141,-0.98023367
P85013,1419.4712514568898,173.78304664944932,-1.0799267
P85014,189.0290237367184,-73.06930998449592,-0.797999
P85015,571.891713977727,147.72403611710098,-0.797999
P85016,851.0270438520868,144.90732349485955,-0.797999
P85017,942.3021082631013,96.5878287618161,-0.797999
P85018,165.38449917529906,97.62354704780138,-1.0799267
P85019,133.93191811899936,154.8479883018317,-1.0799267
P85020,700.1751007028299,308.04790875654527,-0.797999
P85021,770.033431486824,465.6647657465356,-0.797999
P85022,25.494382973583168,6.823366326283358,-0.797999
P85025,52.73640536734166,-54.029594542429834,-1.0732012
P85026,226.02642036647907,85.64594305386677,-0.97940826
P85028,344.7285905786633,-26.85160210523521,-1.0799267
P85029,-150.1891898974451,-20.865806188650463,-0.7379688
P85601,-113.97724318607062,-46.26369303029013,-0.797999
P85602,-246.30220221343055,37.847843753065725,-0.797999
P85603,-249.52457016646315,-8.378650715720308,-0.7379688
P85605,63.3169885776539,6.504460389371758,-0.98023367
P85606,-85.6293027487664,82.19646135580234,-0.797999
P85607,-68.02159621242687,31.847551598056032,-1.0799267
P85608,129.83020092901893,135.5586747652099,-0.797999
P85610,-157.88883377335435,18.489937977475357,-0.98023367
P85612,-117.17572811456337,53.732166251595665,-1.0799267
P85613,-125.8504632316165,5.709935672496576,-1.0799267
P85614,-63.12633558319034,111.11364024636846,-0.797999
P85615,503.47959956814856,296.78937712070405,-1.0799267
P85620,-183.70013479542177,-43.89933936441321,-0.98023367
P85621,124.71831106920176,37.332118735125825,-0.797999
P85622,43.579542460886216,14.095176560143804,-0.797999
P86001,170.84444119704952,64.26238178959433,-1.0799267
P86002,-253.00821856682987,-26.381959812284908,-1.0799267
P86003,789.6919164196074,7.687132877468706,-1.0799267
P86004,801.9209231688972,226.95499770881625,-1.3154025
P86005,434.8378601342989,179.15926939208865,-1.0799267
P86006,782.0188953123802,130.36986681618905,-1.0799267
P86007,1404.8862727007104,98.01803295067312,-1.0799267
P86008,841.2847396862388,120.11089136704611,-1.0799267
P86009,854.4845892521311,136.12816250941236,-1.0799267
P86010,609.0282248680724,118.48292845728616,-1.0799267
P86011,882.1350156955593,-43.52285715357252,-1.0799267
P86012,869.6806335813525,63.165174875560034,-1.0799267
P86013,324.5534099142939,-79.75573198456416,-1.0799267
P86014,534.1701776537964,-187.04273607262502,-1.0799267
P86015,142.18171061034818,-52.168561996729466,-1.0799267
P86016,965.9122548871353,341.67558199646584,0.07672734
P86017,101.7302649350748,-57.69476456285475,-1.0799267
P86018,555.7679264973684,80.03108965347059,-1.0799267
P86019,873.8870616390249,105.20813042977969,-1.0799267
P86021,-61.26655234064147,51.13469048539306,-1.0799267
P86022,582.2730007809566,93.32726010382912,-1.0799267
P86023,317.19220295639434,93.90057282393134,-1.0799267
P86026,342.9136687213431,148.17246563692504,-1.0799267
P86602,118.98544899969461,102.33689770107402,0.07672734
P86605,138.63394105004025,84.78745452462356,-1.0627753
P86606,267.3639565573342,82.01820941061582,-1.3154025
P86608,-106.1538845095651,6.202078196846706,-1.0799267
P86609,-222.49684373047052,-33.28361807443661,-1.0799267
P86614,113.36405980658206,-85.93981311660113,-1.0799267
P86619,295.4239799730173,-258.26256061098064,-1.0799267
P86620,-61.50718152244877,58.353642141155056,-1.0799267
P86621,-473.875090151315,2.857304990512344,-1.0720887
P86624,54.26570725604143,35.02280947535916,-1.0799267
P87002,806.0380803493813,100.9104607740385,-1.0438372
P87003,84.35697332059688,0.5815541850525666,-1.0438372
P87004,41.295515485571286,93.43361697132583,-1.3154025
P87008,594.2388341657908,89.52438732582802,-1.0438372
P87014,171.36033431533897,75.93883009323304,-1.0438372
P87015,177.78703537377126,28.049817388680108,-1.3154025
P87016,571.1649532323684,36.34348376518079,-1.0438372
P87017,404.20688517844854,108.37375353473277,-1.0438372
P87019,1459.3520839610098,352.5071562953523,-1.0438372
P87020,387.59336967963117,161.57022396593993,-1.0438372
P87022,-140.22998018619901,-7.4019213954135,-1.3154025
P87024,1308.3666547882965,205.93071566622012,-1.0438372
P87025,775.163078269102,150.63403009616187,-1.0438372
P87026,1188.2857530555536,619.8503266937821,-1.3154025
P87027,838.3219037065379,130.2750576846188,-1.3154025
P87028,217.68547739278983,159.0101896578254,-1.0438372
P87032,281.0182186351646,46.299139178420674,-1.0438372
P87035,575.3889023843005,-6.039362602759635,-1.3154025
P87036,-112.03964525340378,-62.550258549061084,-1.3154025
P87039,174.8935496201351,88.12266632106612,-1.0438372
P87040,1175.867883930022,114.98551652486422,-1.3154025
P87610,893.7352920411025,66.89682327597207,-1.0438372
P87613,3.732031451900348,117.2582706435197,-1.0438372
P87618,-159.21315862825188,6.094843399095762,-1.0438372
P87620,856.9016009068833,119.32039387972371,-1.0438372
P87624,-9.420313055741941,52.51570916948712,-1.0438372
P87625,-39.51198335045808,78.73092519763462,-1.0438372
P87627,-266.94272243117075,-7.507646945657508,-1.0438372
P87629,-185.59207562830443,31.670591835228915,-1.0266856
P87630,62.17564476144854,-1.0051136175369146,-1.0438372
P87632,-366.04458624469515,-46.22585328991482,-1.0266856
P87634,687.5521458508117,182.09247666120282,-1.3154025
P87637,-235.6534917061169,-328.1935577625458,-1.0266856
P87639,-164.9566740642307,29.237681330175434,-1.3154025
P87641,15.523152423927074,-21.917511137399323,-1.3154025
P87648,-365.19451614325754,24.433662522113824,-1.3154025
P87649,-260.08571486602756,50.66079811890634,-1.0438372
P87651,-379.6990666098682,8.709885133338695,-1.3154025
P87652,-93.22540507978697,-93.90779489208333,-1.3154024
P87654,691.198696241608,261.9967144263329,-1.3154025
P87657,38.0216268671445,39.55880602831086,-1.0438372
P87658,-100.15927690587307,30.4849311287654,-1.0438372
P87659,57.29102695492334,221.8575545290599,-1.0438372
P87660,8.86679683159607,-37.11301217189647,-1.0438372
P87661,-165.76901420900927,32.81608858547631,-1.0438372
P87664,-454.29521351702914,-4.59484369876661,-1.3154025
P87668,-171.29255633634,-53.22316562811406,-1.3154025
P88001,664.6716358710537,219.09076470238085,0.669526
P88002,-32.08085884275628,48.26613675965657,0.60949576
P88003,1030.5264568413772,112.09833131890413,0.60949576
P88004,517.9913555176527,147.45960283407672,0.669526
P88005,1115.292093869192,523.9298879262137,0.60949576
P88006,351.97490987921776,123.45415601096705,0.60949576
P88007,628.8271223903423,59.40366670768996,0.60949576
P88008,466.93340514719955,129.29456675972918,-1.3154025
P88009,-163.47709335258628,-171.97543728588522,0.60949576
P88010,-228.99117605699607,-50.54677912880405,0.6662871
P88011,580.1066204915714,150.15211723814247,0.60949576
P88012,342.7772287552131,-31.437758847065286,0.60949576
P88013,1091.0476774396486,101.62493568344576,0.60949576
P88014,355.0873719767905,85.31690648425632,0.60949576
P88015,351.0605052178498,61.502477205441025,0.60949576
P88016,1074.8466027966062,227.4164566736086,0.60949576
P88017,394.4024440248892,73.59014774352228,0.60949576
P88018,527.6063133167711,195.0517655454567,0.60949576
P88019,146.24515124985402,137.34846010796147,0.60949576
P88020,846.3711883643284,132.85417905852643,-1.3154025
P88021,350.8248483326147,-12.864304726668228,0.60949576
P88023,269.4736643238742,54.33052656795823,-1.3154025
P88024,298.8150946518769,37.26938021021098,-1.3154025
P88025,501.21704851577147,97.78283118821813,0.60949576
P88026,2508.8800575914606,1697.4745240058674,0.60949576
P88028,34.701089767707536,76.88240303879427,0.6600524
P88031,226.51111857321607,121.76172796005888,0.60949576
P88033,-254.9246345950108,-25.216387807484264,0.669526
P88034,62.219352681661654,110.71389218601476,0.60949576
P88041,-134.33269444792293,64.8264859466823,0.60949576
P88042,212.1474920335255,39.840476951172015,-1.3154025
P88043,1292.864617866891,783.2464900929418,0.60949576
P88044,147.56556065240935,62.31323733903827,0.60949576
P88600,-387.1711391113298,13.460297781163508,0.60949576
P88604,-145.43882386445875,-33.20435585228555,0.669526
P88606,37.31109437604044,108.49972828299342,0.60949576
P88607,-42.91624181278225,23.521082643603958,0.60949576
P88610,-58.3857750942647,113.6641685006142,0.60949576
P88615,-271.9618836329979,32.76457683625908,0.60949576
P88617,99.29242473736193,53.976482886053205,0.6260632
P88618,-387.9838902457598,-33.67328173840992,0.669526
P88620,-389.2108237976403,-33.73637736646069,0.669526
P88623,75.8954870479038,83.10560769362749,0.60949576
P88624,-201.78703854940014,28.029273297441495,0.6174379
P88625,392.5431528039624,251.4346882133588,0.60949576
P88628,-316.90835951038844,-74.84221264597086,0.669526
P88632,1505.7535724036486,683.7938323507005,0.60949576
P88633,-499.0664203016378,-294.3647866820233,0.669526
P89002,1033.4478532831722,225.19132878174878,-0.98023367
P89003,784.2997059845915,53.01661563393341,-0.98023367
P89004,361.52501647021006,47.80005948108647,-0.98023367
P89005,403.4136013315259,70.18588938918383,-0.98023367
P89006,887.9986385447562,192.22661553576955,-0.797999
P89007,270.01149527666666,65.57945893828342,-0.98023367
P89008,1342.801399116834,549.8751642891618,-0.98023367
P89010,576.5049685070215,146.4504375711125,-0.98023367
P89011,277.89055625299807,33.81361451638018,-0.98023367
P89012,728.048067941615,154.5043335189073,-0.98023367
P89013,601.279638098952,13.59246397202893,-0.98023367
P89014,1384.5218766259081,220.62723971813026,-0.98023367
P89015,1964.8646797675838,605.9254158924605,-0.98023367
P89016,708.0730684677364,102.27443900725882,-0.98023367
P89017,72.14895894433809,1.2357932629737474,-0.9711632
P89018,428.42449857763654,116.94929291351562,-0.98023367
P89019,534.054550963307,-76.84519425737486,-0.95450646
P89020,728.2758024559062,476.10723438696175,-0.98023367
P89021,631.9563082900188,470.88230543878,-0.98023367
P89022,34.0258967934928,25.423941082717413,-0.98023367
P89023,226.14955591778266,79.14411288002688,-0.98023367
P89025,-112.24399472979206,-10.064204574882973,-0.98023367
P89026,386.58462551166247,131.108186778279,-0.98023367
P89027,-44.38011181026063,18.21467078578839,-0.95450646
P89029,170.6337184768114,21.059459864512334,-0.98023367
P89030,171.20865248861296,0.3728301705843664,-0.98023367
P89033,513.1437066740756,17.092076430412188,-0.96469647
P89602,26.13425270265956,46.66035326587648,-0.98023367
P89609,155.09457829054614,53.33330923918226,-0.98023367
P89612,-268.55819566447616,7.269942112584728,-0.797999
P89613,-101.42862474190495,21.67136885056738,-0.98023367
P89616,-378.8310429781616,-73.53154710916704,-0.95450646
P89618,-206.56062682613015,-1.5407631330276084,-0.797999
P91003,67.62025357007998,33.11258081543492,1.1129636
P91004,81.52872772173224,94.68023318234478,1.1129636
P91006,1508.247705155693,18.47303336459305,-1.0438372
P91007,-170.3967254891703,86.99750782852718,1.1129636
P91008,-85.50459498693976,3.595834454336681,1.1129636
P91009,773.0439596633219,114.78679585390326,-1.0438372
P91011,-86.1112619319025,13.820534538351106,1.1129636
P91012,398.38834411661657,78.24889774065456,-1.0438372
P91013,546.9931159239653,170.12928429220992,1.1129636
P91014,1089.306211577664,159.07090233359548,1.1129636
P91016,308.57848823830926,103.17520026712226,1.1129636
P91017,283.27416877948264,102.48466652226286,1.1129636
P91018,1583.2593925427834,-75.18695946683208,1.1129636
P91019,180.17990184919972,-16.12455307972966,1.1129636
P91020,239.1222026962003,-109.79878412984147,-1.3154025
P91021,1081.4891575012205,107.13987522633467,1.1129636
P91025,-306.80890947201044,-26.73968800410351,1.1386908
P91026,470.7641434181228,114.93521045929077,1.1129636
P91027,-239.42812413878664,-133.6828869221843,-1.3154025
P91029,160.9604692374345,160.40234119361082,1.1129636
P91030,-469.53911461110954,-100.9571705883404,1.1386908
P91032,-90.77359320577662,77.87181754321708,1.1129636
P91035,322.1076786547805,81.39457732499494,1.1129636
P91603,134.27084018631672,50.24359204718939,1.1129636
P91604,775.6737312546527,121.12088789235257,1.1129636
P91605,-262.6413536115244,-47.4055594185557,1.1386908
P91615,251.16099968764982,-104.23342404733604,-1.3154025
P91617,-313.1917861702446,11.064033386509115,1.1129636
P91619,70.10409645090782,250.8458271267514,-1.3154025
P91623,-13.2090242555194,75.86866949758165,1.1129636
P91625,305.64293048246486,47.0450828430029,1.1129636
P91627,201.1821014801392,155.09176532852985,1.1129636
P91629,862.8578189892274,285.56860715832374,-1.3154025
P91630,-447.7874630957067,-200.74796596923605,-1.3154025
P91631,-240.4077832147644,20.463130756420977,1.1129636
P91633,-45.43045083872298,92.72000297731593,1.1129636
P92001,176.82693364784248,0.9710075486735886,-0.7722718
P92002,-12.086017901275353,-33.899416532532,-0.17768654
P92003,880.9507397658643,161.31907789029827,-0.17768654
P92004,554.6737015783534,51.81214203513814,-0.17768654
P92005,-47.262362364975004,11.869690065095417,-0.17768654
P92006,538.0672237667949,31.70364049806826,-0.17768654
P92007,646.2195467874677,111.21291678239842,-0.17768654
P92008,875.9635570103572,31.771062673931223,-0.7722718
P92010,1047.867066978887,87.93948878970475,-0.17768654
P92011,311.80466555119455,89.26386840954783,-0.17768654
P92012,178.25192185953506,21.40312598490273,-0.17768654
P92014,672.3205032473071,93.6544202093803,0.79494625
P92015,92.50476853260527,100.85620172986475,-0.17768654
P92016,1414.1598280990565,256.0509785435593,-0.17768654
P92017,1412.2087722689387,55.309818595628705,-0.7722718
P92019,854.9997377988774,43.71130072708193,-0.7722718
P92020,50.877619112590274,89.53344201906944,-1.0438372
P92021,723.0621212357381,56.71512930106221,-0.7722718
P92023,439.4076349057323,104.99885220831928,-0.17768654
P92024,9.445293885753,48.19438672777726,-0.17768654
P92026,738.510885879361,-56.48139832089485,-0.17768654
P92028,296.5430241037374,171.56426703370087,-0.6725787
P92029,127.9170161581807,91.89555838746199,-0.17768654
P92030,-129.44529132794,39.75699350947637,-0.17768654
P92031,-28.05236567122072,-24.913134738080803,-0.17768654
P92033,110.63962632835519,21.12019344230623,-0.6725787
P92034,159.60179811695699,38.31472345793865,-0.7722718
P92035,-40.592061712381984,70.33887076361124,-0.17768654
P92038,-282.9141312097538,3.1811994063960927,-0.7722718
P92041,588.5202369379801,35.43079576477904,-0.7722718
P92042,278.041996829849,190.79685264899013,-0.6725787
P92602,-190.2605104855447,25.709743321955283,-0.17768654
P92605,135.90648656222479,38.739149191708464,-1.0438372
P92606,-143.80218513084458,25.914507080178932,-0.16053504
P92607,595.3339358369703,510.3811372703676,-0.17768654
P92615,79.73514512781807,61.627430986330914,-0.17768654
P92616,102.60355415864393,29.29204580382237,-0.17768654
P92619,-291.06398586932323,-80.9351807418797,-0.6628858
P92620,24.473057814118917,76.06005815505557,-0.17768654
P92621,-150.82241268780962,42.380331117334585,-0.17768654
P92623,-161.87444400246216,-11.330670149904078,-0.17768654
P92626,273.38815549945105,124.48035677178446,-0.6725787
P92630,-202.18124140951485,-4.353235829113101,-0.17768654
P92632,-143.06855942433256,24.396266482508118,-0.16053504
P92633,-153.1876469634853,20.449465516441624,-0.6725787
P92634,-4.284879703028763,16.35282749942428,-0.17768654
P92635,-143.6198296503979,-9.465792638607464,-0.6725787
P92637,-198.97782184849515,46.956812822190386,-1.0438372
P92639,-159.68925764337652,30.043841767780542,-0.17768654
P92642,216.53356405234467,95.3676597683987,-0.17768654
P92643,-349.2834409254017,-31.169910076755624,-0.16053504
P92646,-134.89073362546347,0.509858894222292,-1.0438372
P92647,-68.00684585263869,-10.554321913887085,-0.17768654
P92648,-193.95808982414695,71.03333968966082,-0.17768654
P92651,201.16714593381639,9.315564680214653,-0.17768654
P92652,127.26171176271352,34.22974031667111,-0.6725787
P92653,-28.703310500790234,79.57617149650683,-0.17768654
Y00016,-453.6097788247492,-9.467567499137592,0.07672734
Y00020,-143.85107216094752,40.20011331554884,-1.0388347
Y00023,-250.00637075094278,48.806110115777734,-1.2432233
Y00025,-222.94894445569776,-36.238879473453025,-0.23859844
Y00026,-226.47603183075572,16.965278761862496,-0.5746722
Y00028,96.62606191914378,-4.115617716725581,-0.12444543
Y00030,-481.3913142765265,-22.898864214308002,1.6439453
Y00033,-56.885334813897586,67.0215591574825,0.5012269
Y00035,-480.88251496946776,-4.7177325353356245,-0.9761602
Y00036,-513.6835907386954,-36.71312209245652,-0.95450646
Y00039,-505.15946442529764,-23.311702396843607,-1.1349545
Y00042,-494.16836626065236,-4.965836255046396,1.503597
Y00044,-482.7581354038974,-9.668991488175655,-1.2071337
Y00048,-468.07701232102454,5.5960427715858625,0.4358368
Y00049,-448.77581491091576,2.3466854686935807,-0.514642
Y00050,-228.5893467135482,32.931726137327146,-0.17768654
Y00052,-500.303015405254,-12.667393549722046,0.7777948
Y00054,-464.30300796033725,-4.585606870326341,0.20893678
Y00056,-392.7104973524626,18.26757675817995,1.1319017
Y00057,-78.4767696033461,165.07447078942528,-0.72081727
Y00058,189.04693124553737,115.49947618772985,0.7624299
Y00060,-390.6108579753705,-1.0175166767146364,-0.6057593
Y00061,-466.9444767073874,-62.076253911135346,-0.4492519
Y00065,-316.61165020946385,20.799428437564877,-1.2071337
Y00068,-496.4823214303023,-3.090664419077576,1.8243934
Y00071,-469.8134171116132,-78.94920616353156,0.5748354
Y00073,-475.4281361363396,-0.19168785965867216,-1.0521606
Y00075,-304.9819452100723,-57.21555457668976,1.7878412
Y00078,-72.32069160863698,50.8968982104255,1.1937186
Y00079,-367.67044738180033,-43.84087372997175,-0.12444544
Y00080,10.62680339533595,130.74575910035495,-0.041903853
Y00081,-465.1992646192576,-0.8204572489841139,-0.24173667
Y00082,-369.31881575334535,-22.67328235329491,-0.12444543
Y00090,142.9404814511833,-23.85345855143973,0.10388388
Y00092,-342.4456294630743,-12.906264378453676,-1.1409694
Y00094,-475.73063015728104,-3.5573671024474436,-0.7018792
Y00097,-468.4727776171636,-0.5083473383910464,-0.99059606
Y00099,-481.71038043370214,-10.157114905041446,-0.99059606
Y00100,-469.9913303620554,-4.9834868872393985,-1.0163233
Y00105,-260.1486819566502,-9.292734611298235,-1.0818815
Y00108,-410.41024869999933,22.554171709958336,-1.2071337
Y00110,-135.36940381312758,15.620616371590812,-1.2517991
Y00134,-539.9098853202145,-38.43925829973441,2.2935584
Y00136,-491.7605306262499,-9.781176866323982,-0.0010085123
Y00137,79.45290706516924,153.96317815999842,-1.1538926
Y00140,-119.35620125459013,-34.00056802324142,-0.6057593
Y00142,-486.7066218522638,-3.8525318278593197,-0.04269142
Y00151,158.70124845212268,-72.42876535333602,0.18794312
Y00152,-504.7404798796812,-46.41526628185753,1.2830493
Y00155,107.32750558371464,5.425452380733718,-1.3068267
Y00159,2481.0535882467293,154.2496752469837,-1.2242851
Y00164,396.1297337950306,94.71411725512402,-1.0003281
Y00167,-508.1618968902252,-9.563599041706635,1.424767
Y00172,-467.7663770133379,-16.005403816119703,0.085423484
Y00175,-417.95615258723524,21.83193346306896,-0.56080157
Y00178,-455.2212414036387,-12.324748361601424,1.0072216
Y00182,-454.5518830563951,2.965659770539771,-0.27059048
Y00183,-266.7600073599388,50.14633980051629,0.5251675
Y00184,58.04302397032284,61.09217333349578,-0.34777224
Y00185,368.81706238759335,147.12824999795953,1.5424657
Y00186,-346.7852945956814,-2.295747307037976,-0.6725787
Y00189,-247.6603924225791,66.68204667823098,0.6848744
Y00192,-165.786938658815,43.33067041100662,0.5748354
Y00195,-461.8214870366983,-48.29051365500047,0.60949576
Y00198,442.483686388701,100.24533145393255,-0.041065995
Y00200,-398.39656422642923,25.16325263303999,-0.16410828
Y00203,-433.1770212213809,-35.92569195056878,-1.0438372
Y00206,-126.17576353917428,107.39229321241734,-0.8565999
Y00208,-491.15605824757296,-14.266781541998656,-0.62969995
Y00209,-456.4922063252481,4.765787862268469,-1.0885025
Y00212,-88.46807287330152,114.3901174561594,-1.298251
Y00217,-499.1532403545196,-4.606237514184824,1.4779333
Y00219,-485.8744297638927,-4.103019842181035,0.09882079
Y00225,-418.07896014202646,-19.4124545817126,-1.2432233
Y00226,-515.6616360351925,-67.12966054176744,-0.99059606
Y00228,-248.518912093406,-71.72339665711,-0.9080545
Y00234,-420.71620380343336,-6.8334490949770474,0.5165918
Y00243,-285.1639110139853,-64.42566169831785,0.8537508
Y00252,-251.8481234010861,32.86653092475506,1.3173523
Y00258,-557.4227745564787,-99.61287378716958,-0.48534152
Y00259,-482.72530601586965,-68.06674623098293,1.1441044
Y00260,-132.62367385591372,74.56774944618799,1.6610968
Y00265,-102.60572535584559,103.19670540108933,-0.45782766
Y00268,-309.03771716231813,-0.7967222556529996,0.57660556
Y00271,-489.6816469006624,-4.397582758447714,1.2450993
Y00273,-483.8947663130015,-4.995882850201215,-0.16053504
Y00277,-482.2317439101652,-20.10007082388692,-1.3154025
Y00278,-121.77016336183625,31.7793306531771,-1.2157094
Y00280,-389.598430511475,-78.62039137006592,-1.1674798
Y00282,-480.47458787965957,-2.049313446930365,0.38394734
Y00286,64.74047554001129,69.71338368813878,-0.49213067
Y00293,162.104457687984,306.3779073237647,0.9117909
Y00297,110.6932516352745,185.69219795828928,-0.36671034
Y00301,-469.4324388708364,-34.197212948035684,-1.2878886
Y00304,-280.6828042571031,53.371559424205245,0.20036104
Y00312,-178.1399017910844,-3.530571301224861,0.5680463
Y00313,-483.11139008117686,-6.385187403889977,-0.46729672
Y00316,-155.81069404708586,20.212766707140364,-0.3860058
Y00327,-414.3388639706897,-49.60566308386266,-1.2517991
Y00328,-329.216295859542,-7.255575086881961,0.39796057
Y00329,-489.9734371918988,-3.833914762488789,-0.24007949
Y00332,-421.8672395317117,-12.601302136857475,1.9326622
Y00334,-187.27827316299275,-153.44490284127545,0.669526
Y00344,-426.30240740329936,-20.87687788496879,-1.1538926
Y00346,-503.7808351802192,-21.365597374076636,-0.23271428
Y00347,17.821782781576456,24.71594681747271,0.79494625
Y00349,-491.20368841014374,-8.43392282713775,0.59438854
Y00351,383.41479568730404,164.25446031997706,0.3104165
Y00352,158.4413694360941,186.4216114325163,0.35329524
Y00372,-479.8449512274944,0.02144764451816924,-0.042952772
Y00384,-467.12456988007693,-12.164392336055023,-0.80004287
Y00390,-408.3188126999526,-36.254918504060306,0.54589224
Y00394,-488.42787221772096,-12.725236839770142,-1.0627753
Y00399,49.0834373360737,-28.186215956363725,0.119606085
Y00400,-482.77816241826037,-5.333950127393924,-0.48195812
Y00401,-466.48790388585763,-13.150726969960441,-0.54215586
Y00403,-198.37426054030107,50.84064474804041,-1.2192827
Y00408,-419.04310488832067,-3.0291239012364732,0.4358368
Y00411,1250.6285368408476,576.287090189005,-0.66400295
Y00412,98.59603622375597,-95.86418908985652,-1.2242851
Y00415,-294.68304368507177,14.858288063275907,1.2401706
Y00416,-491.56068744099787,-0.8440741657403779,1.1394929
Y00417,-446.6729554733131,7.4602092625312135,-0.6026327
Y00419,-477.385630333003,-9.035367933294959,-0.49156386
Y00420,-488.797199242935,-10.815883220327995,0.53840035
Y00427,-466.38752356567085,-12.5281400372128,-1.2432233
Y00433,-247.34512785985532,-37.05680713690478,-0.07120433
Y00434,-437.4846654724103,-8.960487510400224,0.60949576
Y00436,-389.72898562222184,-1.0933860171590033,1.8604832
Y00437,294.0162574448907,108.39845814241906,-0.45782766
Y00438,-472.68670815670623,-2.363280863512333,-0.41316232
Y00442,-486.2497740431764,-6.375406221310488,-0.23961376
Y00445,1492.5995577699732,133.02756217187735,-1.0438372
Y00446,-94.41778032149347,-31.771204600410574,-0.22235191
Y00449,53.85427249928753,415.7459117275989,-0.0676311
Y00451,-474.34813057776256,-5.828933852955736,-1.1349545
Y00454,-394.6078825938607,-21.83728808701233,1.1404774
Y00459,-464.46976038894104,-8.808645457467996,0.097644456
Y00469,1037.1638897719292,498.2116111909753,-0.07978008
Y00471,-127.63665529017342,55.13638785234913,-1.2242851
Y00475,249.87088506145525,129.82024531324782,-0.7722718
Y00481,-477.3458066280568,-16.35852905228509,-1.2071335
Y00482,-477.31064907557953,2.080508927484757,0.5286885
Y00483,-415.51634856018984,10.675252571082513,-0.59361035
Y00484,254.85380584351452,76.09778390331843,0.7777948
Y00486,146.19592497131933,104.2824654226658,-0.71045494
Y00489,-504.6722107197388,-17.283771812325252,0.669526
Y00492,-194.3093033370005,42.2259071445233,-1.2242851
Y00493,-523.5787709776213,-39.28564769216461,-0.16053504
Y00496,-497.1245760780665,-10.757728206779904,1.9687519
Y00502,-362.4495726512425,-0.2032906399349483,0.54589224
Y00504,-454.27674498292106,-9.257638590753748,-0.62969995
Y00505,-477.63126140689917,2.16704422147724,-0.3782961
Y00507,-289.2002050297428,9.035127828018158,-0.4253113
Y00511,-486.36122591640225,-6.870450822764969,-0.14641303
Y00514,-501.78325922647525,-22.08927930043386,-0.3770727
Y00522,29.84034248416732,110.83293372825827,0.39796057
Y00523,-483.3211735520965,-1.912791238500651,-0.23271425
Y00525,-460.9849998320983,-12.133157569860405,-1.2432233
Y00527,-68.09837151497949,7.333050501474608,0.08843757
Y00528,-461.3769198566274,-2.250865923936958,-1.2432233
Y00529,-473.2797646157366,-22.49751433595363,-1.2432233
Y00533,-475.5251337207458,-11.431203294201584,-1.0762486
Y00534,-446.39829652923413,-26.508278999678517,-0.7501178
Y00539,-477.6559788151946,4.867255468029313,1.4806489
Y00540,-443.1086703224047,1.9387252004664128,-1.2432233
Y00542,227.81810781032,75.43863862911957,-0.7483311
Y00546,-530.3413037388899,-59.625645894520616,-1.3154025
Y00549,-483.4024993284864,-6.095104078378856,-0.3570229
Y00550,-409.6978549415818,0.8760291074852234,-0.3478766
Y00552,-490.26455318840374,-82.46946939707537,-0.63829273
Y00560,-16.41780647454498,104.32391767604908,1.5974934
Y00561,-297.58214478234567,45.42269583480435,0.39830706
Y00568,-271.274256353368,-8.227204745821638,0.5748354
Y00570,-495.6570627822293,-3.973723889237341,1.7522143
Y00572,-469.6659358140065,0.9092323142466526,-0.7018792
Y00580,-429.60496614041233,4.1178875626672795,0.48907793
Y00587,-437.02378579031284,-8.622164927637092,2.2935584
Y00589,-113.19401208520914,150.6604936558031,0.76921904
Y00592,814.4904419317689,-10.573829304482803,-1.1405067
Y00597,-263.367800019962,-36.376022628457726,0.60949576
Y00599,-456.2225761795786,-35.544851024876834,0.54589224
Y00601,-506.1263575467768,-78.21316491833474,0.5973467
Y00605,-457.4410193582034,-1.8919912947979345,-0.5092822
Y00610,-430.8841925964117,-103.31372811768385,-0.7834731
Y00612,-82.11127357876707,52.49308944577441,-0.72081727
Y00617,-420.2715908445309,-12.062908299705786,0.94109136
Y00618,-478.1305166495804,0.450801581720811,0.099310145
Y00622,-494.2027055448891,-130.55023157011618,0.5973467
Y00623,-365.7176759522617,-39.80783050684851,2.2574687
Y00626,-383.18502156367265,-30.029413595067744,-0.514642
Y00630,-476.8385210932235,-3.8419832918000996,-1.0189945
Y00631,-481.63793488785024,-9.08296796597119,-1.0191671
Y00641,-501.77698469006606,-7.0473246893044985,1.980938
Y00644,-484.49687884044835,-8.196742199327606,0.20036104
Y00647,-449.72546277992706,-17.34197937933995,0.3808091
Y00650,-462.44767383711667,-5.336284951425741,-0.5092822
Y00656,-451.7467705279578,-8.443268052374613,-0.34777224
Y00658,-325.7571130839184,-18.314537293442644,0.62128735
Y00661,-440.9804621524399,-24.146842998275893,-0.34777224
Y00672,-323.7526810099202,-47.88791242723863,1.7522142
Y00673,-497.1892550875448,-3.1626656527883337,1.5721382
Y00674,-499.85325516075073,-5.479021142320638,1.5825297
Y00675,-456.89059446818254,8.058522124468457,-0.17768654
Y00681,-436.71145739554885,17.88414094014984,-0.7095579
Y00683,-275.24750487226663,-16.15552505450375,-0.23924111
Y00688,-444.2520032251497,-23.02548847666889,-0.98023367
Y00694,-411.2112544724783,37.416756114329566,1.0493602
Y00696,-513.5851658022083,-20.402007928136996,1.21087
Y00697,-489.368969829227,-4.3241613971141755,0.6415381
Y00700,-538.0635655266212,-191.51451432286567,0.5973467
Y00701,-439.6431548852016,-15.751446815542927,0.12996843
Y00705,-396.1041317280198,-5.879417166628662,-0.14159694
Y00707,-420.49391064816666,1.433518580321355,-1.3154025
Y00710,-514.5215556244115,-12.126019873445147,2.221379
Y00716,-497.23374711116423,-15.721685255967392,1.6078558
Y00717,-498.10525017680663,-16.089112250599847,1.788304
Y00718,-512.6641435101832,-22.082446282508197,0.3808091
Y00720,-514.5490317355246,-18.69191833670359,1.5717661
Y00723,-487.4177021087815,-9.493509222375119,1.6439453
Y00724,-490.5714132811868,-4.991405358219505,1.6439453
Y00726,181.36734662057586,141.34999565532218,-1.0799267
Y00729,-474.68936515030583,-4.283656041868959,-0.8823272
Y00732,-474.81421883261226,-2.671409550725759,-0.99114287
Y00737,-380.4534410717738,-99.54912015121369,0.5612571
Y00738,-459.83921095467525,-9.16534303913847,-1.2264988
Y00741,-393.82242606792835,-2.2486848048013455,1.2518257
Y00747,-478.3117211968228,0.0829518253662935,0.07672734
Y00751,-329.0606145576684,27.627836265319374,1.8690587
Y00752,-484.3940122219479,-3.0877696133725077,2.0030549
Y00753,-474.9435704387154,-15.648789994367249,1.1819984
Y00754,-456.0744112240461,-10.947074539858988,1.8519073
Y00755,-498.66973808693376,-3.380204448559322,1.8521547
Y00757,-519.1644917882571,-22.608649105850684,1.4274077
Y00758,-232.24063709434623,52.08424916601547,-0.07978008
Y00759,-520.5844813213051,-23.2877774856333,1.5717661
Y00760,-477.24955849510576,-29.262089274031833,1.21087
Y00762,-474.18681777610243,-3.5343661531374013,-1.0551199
Y00767,-486.45014485389567,-10.428207792400858,-0.66578954
Y00768,-490.76945274514804,-18.901912114288233,0.6218213
Y00770,-477.82220833032096,-0.1041332055374262,-0.2323422
Y00771,-438.96435856805067,1.953153065770152,-0.91841686
Y00774,432.9921158856128,45.25436051909273,0.6420121
Y00776,-394.27554972156685,46.0440808530908,1.2555355
Y00779,-549.1233377286153,-81.59247764778355,0.27254027
Y00780,-490.6996643740406,-13.689924701167802,1.1386908
Y00781,-354.019327735373,-304.79996523944874,-0.009528523
Y00782,-490.7173350073196,-31.237678808342753,-0.3048935
Y00783,-485.23868530195256,-7.70997097554838,1.4341968
Y00804,-517.1955187243441,-16.68264096054017,1.5356766
Y00806,-491.81599487815896,-22.214553984486027,1.5492102
Y00807,-408.096331191717,34.08775436264585,0.5026562
Y00808,-468.4932827082459,4.3878119177512565,-0.85377276
Y00809,-426.4170456011002,9.308162252610064,1.7522142
Y00812,-482.27284786047034,-13.144980226878664,-1.0627753
Y00814,-461.9317036639549,-3.873301473693343,-0.060841966
Y00819,-471.88602759720123,-0.3522443583109856,-0.9905961
Y00820,-471.191509920324,-5.095464550591474,-1.0069385
Y00824,-451.3268971964115,-37.13385306693686,-0.022965742
Y00825,-411.85446836568775,-27.480545126281562,0.7777948
Y00827,-473.265521736569,-2.9663499962056536,-0.12444544
Y00828,-474.1706517656597,-7.860071478708099,-1.2257606
Y00833,-478.16511424920964,-31.36012988359385,-0.24728891
Y00835,-487.6362042901313,-4.220991102423568,-0.24683629
Y00839,-482.4714403066712,-15.761757148904916,-0.2606017
Y00840,-471.8312168324776,1.620118549424919,-0.234218
Y00857,-487.07755112720525,-3.9079332090746695,0.27254027
Y00859,-522.4776963955051,-53.34449526399257,1.5356766
Y00860,-361.28591326811477,-5.780735452479403,0.54589224
Y00862,-399.31382557777994,-24.210698360815147,-0.5746722
Y00864,-473.58485423936105,-10.253419723445692,-0.50988245
Y00866,-482.47653046930674,-7.743903430484126,-0.022545364
Y00868,-462.18921967760264,3.115501621215389,0.669526
Y00881,-489.2829201781198,-25.943991869253317,-0.70275944
Y00890,-474.08309860485565,-3.2169569657235058,-1.2911354
Y00898,-486.92073392134375,-36.83353734386141,-0.5195317
Y00902,-96.2972791862096,35.00486087660436,-0.16410828
Y00904,-322.9863301283614,-10.056911217495418,-0.7722718
Y00911,-371.5627705911817,8.045499226913458,0.6162848
Y00912,-262.84183873981607,36.04580505912906,0.60949576
Y00915,93.09784509946832,-4.31006815223806,-0.99059606
Y00918,37.83452217161589,77.41465113766655,0.10388388
Y00922,-495.39366711952727,-22.575541058898928,-1.2107426
Y00931,-474.53564073096726,-1.537640479490712,-0.100908734
Y00934,-453.90193917184274,-138.08762542475154,-0.6742261
Y00945,-455.0635225940322,10.63977627258544,-1.0799267
Y00954,-428.3940585792671,-69.37000338282267,-1.2177964
Y00955,-79.40920316689318,-34.92399622622596,-1.2432233
Y00962,-491.5306775757453,-6.858533222255181,-0.052266218
Y00969,880.0910435561734,178.46238938315238,-0.43888953
Y00972,-471.9225200794265,-14.284013405815648,0.541047
Y00973,-469.77362668037813,-30.49608796372909,-1.2555267
Y00978,-672.316671466423,-261.0418034172485,-1.1349545
Y00982,-472.3193029984958,-54.26315631532705,-0.8823272
Y00983,-462.15121551953155,-0.8418082018127663,1.6439453
Y00984,187.82819149214896,-6.500913655409018,1.8389915
Y00987,-476.76183867040027,-7.906120522862419,-0.23271427
Y00988,-402.0491602040862,-79.60886370241222,-0.17768654
Y00990,-519.396672038741,-29.90215536822241,-0.62969995
Y00992,-480.5235098812758,-5.923078282272471,-0.60337573
Y00993,-475.9319917759327,-18.56341144762234,-0.14572905
Y00995,-475.82577408724705,-14.469845014838688,-0.5974316
Y00996,-303.3813181725725,60.78483182970709,-0.6057593
Y00997,-477.7114539190719,-3.357843374594603,-0.6288889
Y00999,139.22777729744533,269.40733109748027,-0.07120433
Y01003,-393.50838595511607,-30.188311593164844,0.07672734
Y01008,6644.2173684868,2247.5959130211936,0.48228878
Y01009,-310.7146868374294,21.46938260436852,-0.3409831
Y01010,-477.46412710621604,2.849374495543853,-0.47526997
Y01011,275.8133510157974,149.8505067397716,-0.4253113
Y01013,-479.8645070240196,-6.608323424079075,-0.46615466
Y01025,-434.74463106723863,-13.286019586526022,-0.8823272
Y01026,-442.4486492214292,-9.596586562825724,0.99433243
Y01027,-560.3003083456308,-76.80305357827402,0.99433243
Y01031,-389.4556162761989,-11.181347353228546,-0.52143115
Y01034,-459.25930957113366,6.144540501638911,-0.19662465
Y01039,-471.38620656180836,7.9138341237253265,-0.05845301
Y01049,-391.1299964041712,49.958838119967545,-0.62969995
Y01050,242.97997954225002,13.568196249171503,1.3809558
Y01051,522.442822185329,408.59758829836255,1.3809558
Y01052,-468.58883757008084,-4.509950333342414,-1.0387156
Y01054,-479.19223262477146,-7.162944003456476,-1.0127419
Y01056,-489.7742209058179,-7.391906161578982,1.4634974
Y01057,-413.44824061577106,20.763172013159704,-1.2242851
Y01061,-325.183097583665,24.452961708774748,1.2401706
Y01063,-479.3275523785226,-2.722111632779049,-0.4442896
Y01065,-448.4323157872245,-33.39489300138908,0.20036104
Y01066,13.780855262996251,98.7835216731287,-1.0559862
Y01068,65.62549889499826,-84.06586906895774,-1.2242851
Y01069,-436.0978244327206,-37.30140640844019,-0.23092765
Y01071,-488.4732979278722,-7.491257150511577,0.27836117
Y01072,-509.2993950124108,-14.42806278923837,2.1131103
Y01075,-481.9662771183141,13.975957531203974,2.0322695
Y01076,-446.67546262143287,-9.853111383855918,-1.2517991
Y01077,-467.315644924713,-12.06879497695754,-1.2432233
Y01083,-367.78957281473987,-11.145942210827911,0.60949576
Y01085,-500.04329099331983,-5.4211136057636455,1.8866168
Y01086,-430.24045636466946,-36.663557951825354,0.54589224
Y01090,-338.28009749223264,-2.281541186437346,-0.3409831
Y01091,-478.07072537134167,0.33260316966330733,-0.052266218
Y01095,-473.19057656030543,11.095570518996386,1.1026013
Y01101,-504.8160337545803,-9.520849276018525,1.9740984
Y01106,-482.6803174569681,3.5548135585367673,-0.0565626
Y01108,-225.76323458934178,56.33488357759772,0.669526
Y01112,-492.48523844714254,-10.888816738733304,0.669526
Y01116,-490.4652412670037,-15.302492091350082,-0.59361035
Y01117,-404.85732734876825,0.05206162378855078,-0.052266214
Y01118,-110.29894798263804,-1.0566919870772125,-1.0163233
Y01124,251.20254842129611,140.93579478821792,-0.797999
Y01126,-270.76349319535984,3.5255910393461845,-0.23092765
Y01127,132.11314744492265,173.48457695231627,-0.5850346
Y01128,-499.3712604951995,-5.700449321511504,1.860483
Y01129,-204.85718723657612,133.23485186001912,-1.2518848
Y01130,-482.7277242931042,-6.61255732938999,-0.6145319
Y01132,90.7244174412942,92.08527840099944,0.35829774
Y01133,-387.37459761052094,38.281439093907316,-0.9102676
Y01135,-534.4028241326279,-29.110589273484408,2.0048416
Y01138,-474.19745574915504,-7.2004882277434366,-0.20906936
Y01139,-52.32683531442108,-0.3038853334564491,0.119606085
Y01141,-483.7257686933527,-7.503088679130245,-0.24236612
Y01142,-501.9754406694688,0.7697537253921523,2.2044764
Y01156,-425.43580367232687,20.38008917425282,1.788304
Y01163,-163.9188782708935,158.60461961575393,0.6627368
Y01165,-121.73613991696499,30.85249439675014,0.8585497
Y01166,-470.28497317018446,0.3878113707843104,1.4865333
Y01173,-392.68317158832093,0.443500397867105,-0.26880386
Y01176,-337.7062857791583,38.60286327525543,-1.2242851
Y01177,-61.37655751527247,35.65449106677984,-1.3154025
Y01184,-497.56641606156074,-12.31933508265985,-0.810148
Y01186,-486.33981621875984,-14.862661730430371,-0.23345079
Y01187,-479.55891751406193,-1.8706931615828164,-0.22577396
Y01195,-488.7559181322761,-5.980086995440786,0.18432121
Y01200,87.63356599633295,203.08332934966145,-1.2432233
Y01201,-509.2417710561467,-11.811207493558191,1.7883039
Y01202,-502.5811682817162,-11.541423065533861,1.2469597
Y01206,5.688463071594151,49.30801157692272,-0.4253113
Y01208,-527.9662799496738,-20.372723711459393,2.0770206
Y01209,-476.1311623071707,-3.568038967114282,-1.0044767
Y01215,-516.688170048131,-16.593819489095566,1.7522142
Y01221,-169.4668893890372,17.09824208638642,-0.3409831
Y01231,-350.2141491619617,-54.105045895014996,-0.23092765
Y01233,-491.47792812930953,-2.882426843452683,0.77009565
Y01236,-483.3615046957195,-6.429598402527741,0.62312496
Y01242,-427.86839744918336,25.870674188590552,-0.20564705
Y01243,-466.7018585602502,-5.211958845994867,-1.2881513
Y01249,-472.8249991763032,-7.148458293836635,-1.3154025
Y01250,-526.3421340435018,-23.166852471577332,2.040931
Y01262,-474.36967516319976,-1.0380437619217326,-0.9293808
Y01264,-492.3562481899739,-9.266576428080223,0.5612571
Y01280,-349.85920599366017,-15.397448963815334,-1.3068267
Y01281,-216.18571247758302,-7.258748425727192,0.21929917
Y01282,-476.6378549676817,0.10559127746548246,-0.56783205
Y01285,-487.4699925576978,-5.019803381114606,0.9794501
Y01287,-448.5419960573072,-31.719718268518758,-0.62969995
Y01291,210.68692262899302,84.74261258459765,-1.0852866
Y01297,-485.3281568085831,-0.8319867494160157,0.7756294
Y01298,-501.64074347046403,-2.6539507353143748,2.1041992
Y01299,-482.1576164203058,-9.75574510876085,-1.0988649
Y01303,-459.9565522982326,5.3466213542451575,-0.8325821
Y01307,-489.97971006987245,-2.315965812105013,0.8919692
Y01620,-475.6334103525878,-14.234598895314537,-0.5440756
Y01635,-554.1857103249108,-80.15837730208241,1.7522142
Y01652,539.90164207016,124.04368394925511,1.1815696
Y01655,-104.65038102825206,104.02073065993775,-1.0559862
Y01660,-369.9358986945845,-55.85396456601031,2.0323553
Y01665,-483.8327205747784,-5.9852456917258765,-0.76775706
Y01666,-475.6896043005995,-0.9460025844753182,-0.77040887
Y01676,-462.8695842649788,-2.0041289913400027,-1.2519723
Y01680,-291.11319771069935,-97.71827745082645,-1.2071337
Y01685,-480.46876514771685,-4.408312648889995,-0.3681473
Y01690,-248.6547566661389,157.80818996010896,0.6467617
Y01693,-467.3590889656806,7.315245541062605,-1.2432233
Y01695,-169.81781415741176,51.71992755908295,-1.3154025
Y01696,-482.77445105923874,-1.859205546192756,-0.05729135
Y01704,-485.95555535314486,-7.078803170284701,-0.45066717
Y01710,-479.94197513646935,-7.7660817343894415,-1.2071337
Y01716,-497.3487807747326,-21.741227604028985,0.59416234
Y01717,-413.9488597949106,21.0495460437466,-0.9991718
Y01718,-420.8809349106996,11.151248145115018,-1.3154025
Y01719,-75.94296241500739,49.916372517210185,-1.3068267
Y01724,-476.3730313380519,-5.452003603984808,-0.17785805
Y01726,-484.20624311751243,-12.683496926541583,-0.9214242
Y01730,-497.0207443183554,-0.07264921478123365,1.6898776
Y01731,-487.01254515955304,-3.367525178255014,-0.16886343
Y01734,-490.9386210872385,-16.656030229877945,-0.73519266
Y01735,-489.21160053806267,-3.2559702791945244,0.858084
Y01740,-510.97047348092207,-28.84071934746595,-0.6297
Y01741,-506.1387933538847,-23.757124242500776,0.48907793
Y01742,-502.5134674356251,-14.894700315863743,0.5075854
Y01746,-417.15578592173665,-5.073269462151405,-1.2242851
Y01747,-489.73376763967894,-2.7552130358784064,0.7657649
Y01749,-486.05058147966395,-11.900183100589876,-0.2009554
Y01756,184.92447609824254,-5.863431102843859,-0.07799347
Y01764,-487.12859845690866,-12.73835464981193,-0.70187926
Y01771,-482.7411470984483,-4.623661720536123,-0.35855302
Y01776,-473.2307440975513,-3.502553131238931,0.019913
Y01783,-514.886001690558,-35.11753587731756,-1.0627753
Y01792,-491.4975951940375,-65.6934985002276,0.019913
Y01793,-512.1375395138457,-21.269441813201162,0.3808091
Y01794,770.0951703083952,138.69738804428184,-0.49391726
Y01795,-308.52264467138076,19.519450884859534,-1.3068267
Y01800,-476.65223234269456,-2.894680289160031,-0.8606735
Y01801,-490.53846024314765,-6.378720263321584,0.86412674
Y01802,-500.40273003780845,-1.904497950191494,2.1804483
Y01803,-492.6190060225289,1.767559627269947,1.5205944
Y01810,-489.1792717455927,-0.33112195541760037,0.4395836
Y01812,393.01363627284076,64.35300319668885,1.1937186
Y01815,-439.16774230578164,-16.283750918915853,-0.07978008
Y01821,-480.11193328677354,-9.340153725676256,-1.3154024
Y01834,-473.88707847675363,-7.505942505994942,-0.96260816
Y01838,-439.4984894249988,-0.2630265485487241,0.54589224
Y01839,57.445221054529696,75.311864863693,-1.0852866
Y01845,-481.37747290704084,1.3479974330749827,0.80907243
Y01851,-158.40977588782394,60.3210534715989,-0.1985241
Y01863,-486.33517519480154,-6.491336240176406,0.19538318
Y01865,-587.815854105855,-151.49349493644374,-1.1349545
Y01866,-314.1907855573234,20.208401473391646,-1.2242851
Y01882,-475.4369838392322,-31.122535502280193,-0.22787751
Y01894,-472.20444345342867,-0.39980656841557044,-0.3409831
Y01895,-503.34497938572576,-29.517641051551884,-0.810148
Y01897,-244.26784469407568,29.983112869185945,-0.3599212
Y01915,-490.9158435807284,-16.1645793590112,-0.26880386
Y01920,-464.5485094773893,-4.182955609026846,-0.24408497
Y01922,742.662982065485,27.094788500926104,1.3809558
Y01924,-439.37563852389394,1.6776611248543416,-0.44424942
Y01928,-478.8471156252158,-2.4056188468578035,-0.44925195
Y01929,2667.68426297606,2177.9041816837193,-0.25165236
Y01931,-492.3618454660877,-7.126543728986126,1.1766156
Y01936,-519.2629995815894,-19.337371966635597,1.7161247
Y01948,-223.60509512424315,96.84034585014412,-0.59361035
Y01949,-484.2838277545145,-18.738032884211233,0.34471947
Y01950,-493.40607986517784,2.1429482869984278,1.1449673
Y01952,-311.5610773091588,47.13251493111198,-0.23092765
Y01953,-462.97874016312767,0.6697255587518177,-0.54205376
Y01956,-468.3588898464844,1.3115180542073384,-1.0022557
Y01960,-473.1769430566447,-1.3493768501666779,-1.0417229
Y01962,-160.88890397422765,107.8988406818038,-1.0576756
Y01964,-40.4769622581746,213.6336969531039,1.7968795
Y01968,-454.63752329066443,7.970116942395651,-0.079694316
Y01982,-477.80754650990394,-12.05696896857094,-1.2226007
Y01986,-511.40906843639834,-29.373833103645577,-1.2071337
Y01992,-477.1951356896562,2.4730223135500826,-0.4131623
Y01994,-394.3985522290481,21.54551294668931,-0.3599212
Y01998,-492.5135987858249,-17.906209716860005,-1.3130488
Y02002,-57.07123048294182,136.09563106821844,-0.24129
Y02005,-499.28376788043926,-7.729111069114533,2.040931
Y02011,-475.6273741891721,2.918183022732157,0.23742606
Y02012,-458.8672629370069,-13.47909889620013,-1.2242851
Y02018,-441.66758420839875,-11.802921924345204,0.60949576
Y02025,-464.7926868732823,3.150427746738845,-0.26880386
Y02026,-482.0851569352367,-10.165131445757764,-1.1710441
Y02029,-479.62993687195626,-6.382601504097514,1.2401706
Y02045,-466.59603229879446,14.801253822110365,0.5864705
Y02052,-527.9349404106412,-29.43204879108101,0.5612571
Y02059,-480.70123852629825,-2.40781934938205,-0.4408897
Y02064,-380.5274432275285,-21.736111383898532,-0.022965742
Y02065,-496.4636344017315,7.334711563873155,2.1123083
Y02068,-288.36454927123634,-37.648309860461964,-1.0885025
Y02071,-410.3562711126831,-26.32022988742473,-1.3154025
Y02077,-423.6384682883353,4.272686377862005,-1.1538926
Y02080,-376.9581798234739,84.3192394205911,0.7690458
Y02081,-427.9326886508853,-11.59737777850797,0.76921904
Y02082,-412.9952048276683,11.82704281583284,-0.76726925
Y02085,-478.24400621896297,-5.166271761287813,-1.0059533
Y02115,-474.6653359400168,-4.017325980221439,-0.45604104
Y02117,165.53103675102898,128.45307669787348,-1.0559862
Y02121,-123.87559125170786,-60.53988413744634,1.3913181
Y02128,-498.6958009198952,-10.463654046407605,2.2574687
Y02129,171.8901961368391,188.21641264515648,-1.0438372
Y02131,-507.3780490110206,-30.556283928426083,-0.66578954
Y02132,-504.2241964830311,-5.556041897151033,2.1113918
Y02139,-480.679416548657,-11.897867540644786,-0.73796874
Y02141,-553.779320996806,-53.30221240355976,1.7522142
Y02146,-510.1594712165672,-11.354794703327029,1.6849563
Y02147,-385.74591031361723,57.86692196743527,0.8409516
Y02162,-198.1379906463226,-83.43746016618286,-0.2200643
Y02164,50.14099697936686,-71.71712685307305,-1.2071337
Y02167,-489.3290241432568,-4.894302586773456,0.6892112
Y02175,-500.5524418623054,0.08166584930080194,2.180066
Y02177,-45.93190991026852,150.54119981133877,-0.09192905
Y02181,137.87041492926517,21.48274554027041,-0.55752075
Y02182,-518.0026703693464,-81.07017896136274,0.99048287
Y02187,-489.4280364219047,-4.747713501374703,0.6806305
Y02192,-480.5416116850582,-29.78116390233792,1.2078625
Y02194,-478.4765776656708,-1.688181593198629,1.772939
Y02195,-537.1418029053189,-80.52034650376184,-0.7018792
Y02203,-475.78108965975815,-13.274523536872474,-0.9286585
Y02204,-263.78780058698493,-34.70931857901778,-1.2517991
Y02208,-454.1655186067112,14.150004302705902,-1.0996327
Y02210,-468.17689413168125,-5.172464394963676,-1.3154025
Y02211,-448.23772990829923,2.797556193537603,-1.3154025
Y02212,-173.58710021236712,67.78928659670085,-0.07799347
Y02222,-56.16082761808179,44.54346649161086,-0.7483311
Y02232,-507.21728879103694,-23.77540692222338,1.6439453
Y02234,-495.46802435695554,-13.333775674354163,1.6439453
Y02241,-520.7920931486018,-20.168698490934528,1.5717661
Y02245,-495.54790178499013,-14.251482994457563,1.0391333
Y02247,-478.2848837958715,-2.1779185298151353,-0.15194228
Y02250,-502.664066861706,-6.511987457266646,1.5809414
Y02251,-493.2690830226566,-12.025637420048284,1.6439453
Y02256,-479.2176055723542,-2.2984303325984623,-0.14884405
Y02260,-262.8978286386395,25.813781584733093,-0.5975409
Y02262,-478.5939750132681,5.05906232354678,0.3808091
Y02265,-495.249258837781,-6.9109042863175185,1.3191389
Y02273,-535.7727048414275,-36.983271989887285,0.48907793
Y02274,23.68979905198716,149.41458397569613,-0.17768654
Y02276,-501.12148655098486,-16.34341092647738,0.5251675
Y02278,-485.2690567487474,-21.519488923514846,-1.3154025
Y02285,-479.95933628317215,-14.42978822989813,-0.9184168
Y02286,-427.84623250871147,4.338048232877526,-0.909841
Y02289,-506.0038528792906,-45.89472338243738,-0.23271427
Y02291,-466.3384191999212,-5.586401375644691,-1.1661671
Y02299,-505.4549868164107,-19.84519384371632,-0.052266218
Y02301,-484.9069103288133,-13.756125827098318,-0.95450646
Y02307,-490.1046064611505,-13.04176241726355,-0.47531664
Y02314,-474.4662218864626,-13.372261210935376,-1.1098753
Y02315,-470.50636515127877,-4.011977249887668,-1.1364377
Y02319,-53.06741303222997,142.62673849505725,-0.6725787
Y02321,149.32558227634797,67.93300099824563,-0.6725787
Y02322,697.662937591254,141.60673237501175,-0.17768654
Y02323,-475.05352661278005,-12.689719162173684,-1.2071337
Y02325,57.91655265966464,136.17167652795362,-1.3154025
Y02327,-479.78502043444996,-10.087467022772886,-1.1349545
Y02330,-432.9155709558894,23.59207863967655,-1.3154025
Y02331,-548.7087563315615,-42.57769684377863,1.21087
Y02332,278.8807542876098,62.92480240529478,-0.8480242
Y02333,-486.9427123422374,-9.835379914810806,-0.23910989
Y02342,-97.19836250091595,51.107164306650795,-0.35134545
Y02344,140.4397471440536,123.8926812135704,-1.2432233
Y02345,-516.3527293914802,-27.969550778895456,-0.23271427
Y02352,-476.7974364858022,-1.4855157947738749,-0.45639464
Y02354,955.4388859443872,57.224297566077915,0.09209221
Y02361,-480.31369910323855,-3.4101716279654224,0.61839896
Y02364,-498.2830665657511,-7.053016783850869,2.21263
Y02365,-424.7533813378895,-111.88515974678248,-1.1710441
Y02372,-499.74083366410514,-6.523449663101859,1.9905201
Y02378,412.9710781160477,162.1518567386255,-0.7722718
Y02379,-452.739274567883,-55.72299839948806,1.9326622
Y02382,-492.21381518350034,-9.186976555458438,0.4955225
Y02384,-352.92472491916385,6.198626508805341,1.21087
Y02387,-476.5160124957082,-4.664424007436954,-0.8007155
Y02389,-447.32023097422604,3.605290147928594,0.20838097
Y02390,-422.2616582697258,-155.46879710678098,-1.1710441
Y02403,-461.8459904652196,-4.405131528004582,-1.2242851
Y02404,-416.00794792830703,30.082443615810938,-0.12444543
Y02409,-481.0454962835444,-5.89890145692744,-0.45232338
Y02414,87.84119222263067,203.47980025187337,0.09209221
Y02420,-485.05769406314596,-2.673993507002472,0.056002606
Y02421,-255.08276386752357,0.28742233118413346,-0.26880386
Y02422,153.8835333989205,86.73923504952377,-0.26787847
Y02423,1779.3363570084437,356.6603631097767,1.0200597
Y02426,-495.9870219401581,-8.030684974259541,1.2830493
Y02428,-414.4606306020334,-29.640747176048457,0.39796057
Y02429,-458.5992557249761,-3.6062526319016337,-1.2432233
Y02437,-502.551611109098,-23.951718030866573,-1.2071337
Y02439,-475.36357467712196,-2.269715156776117,-1.2174449
Y02442,-228.18318160051632,-38.77752624041799,-0.3599212
Y02453,-444.6817126380863,9.91080532778242,-1.2432233
Y02460,-491.3768543976675,-35.9812061672325,-1.3154024
Y02461,-45.69732393499698,107.33884506066123,-0.01617661
Y02462,245.77274121586862,118.60712680465925,-0.06082355
Y02463,141.3741965629738,129.32053727593893,-0.8480242
Y02464,-178.01923217431013,34.00370419451843,-0.8823272
Y02465,-498.6864657483016,-10.143613204136582,1.8348709
Y02466,247.0503048686696,320.9510186360072,0.79494625
Y02469,75.6083717542874,275.526906848816,-1.1538926
Y02470,-308.9005370475238,88.82856080682184,-1.1538926
Y02471,16.916883824886316,115.31912204087945,-0.06598027
Y02472,-425.2090641048991,-111.98973663697521,-0.01617661
Y02476,-240.63868307114888,31.652815004065875,0.24502641
Y02477,-200.11762963154584,76.35682201903187,-0.8823272
Y02478,-493.84128422820476,-12.243781401335049,0.9522279
Y02482,-480.35282109834316,-5.044958710368645,-0.78726184
Y02483,243.84427326054882,127.45665650330503,-1.1349545
Y02489,-495.91089402970266,-5.654296169703719,1.1514969
Y02490,-493.30144369254026,-4.288012275340777,0.9011459
Y02492,-471.37718121512665,-2.896310062438185,-1.0904183
Y02493,-527.5172605264862,-29.18173718385733,1.21087
Y02494,-101.88623214021855,122.37239994028036,-0.24129
Y02495,-227.1088566125822,41.013596395109516,0.6162848
Y02496,-384.33877181888073,-58.957562962099225,-0.95450646
Y02499,-191.40318425680198,50.057339697011585,-1.1349545
Y02501,-206.26282988727218,40.49950938653282,-0.9611082
Y02503,-467.87979985838166,-170.9897865736278,-0.7018792
Y02504,-483.1234470112022,-6.8636083564665435,-0.1738725
Y02506,315.75498749408223,244.31480089270596,-0.39243758
Y02507,-465.3583928848681,4.2392923807247405,-1.279313
Y02508,-469.2362887989439,-6.922808556042224,-1.279313
Y02509,-283.75949065295396,-89.52686001636592,-0.5385826
Y02510,252.47064600566603,359.01517908604245,-0.7722718
Y02511,-176.17736976342985,-19.09569509318568,-0.74162346
Y02512,-177.44305711162903,101.37726688598197,-0.9184168
Y02514,-416.7815425175153,11.192341369109528,-0.22369187
Y02515,-446.3731803175447,4.505257777795858,-1.279313
Y02516,-216.64312452766362,78.27909154830174,-1.279313
Y02517,1195.7431943989718,250.93230305919622,-0.514642
Y02519,262.5777700719815,397.1830212844259,0.20893678
Y02520,32.68854930309047,165.0119917439052,-1.3154025
Y02521,1030.2843173218987,555.9637840564096,-1.1435302
Y02522,-428.74429489472686,-5.551431735257491,-0.7483311
Y02523,-369.3835062209249,30.487770079563482,-1.3068267
Y02525,-325.0509338082771,-0.09558719268091917,-1.0988649
Y02526,35.98076729277512,142.89788057771005,2.1045344
Y02527,-496.937743087462,-0.33138509580884795,1.7522142
Y02528,-481.5483607032559,3.1223509062080774,-0.09516518
Y02529,-285.6980607600987,-37.34759589239537,-0.19662465
Y02530,-476.57064939587656,-10.459808460634921,-1.1710441
Y02531,-126.45390411417169,89.76225266699643,0.34471947
Y02532,-446.11060642931125,9.472577909814722,-0.22914103
Y02533,-474.62903353254353,-4.9825188787200005,-0.22469434
Y02549,-438.9505022463614,-19.629356291164864,-1.2245562
Y02563,-477.9673862078326,-8.407449154743972,-1.1525983
Y02565,-348.15276944815935,-2.8041053797550917,-0.26880386
Y02566,-254.23185143901605,70.54098553633689,-0.26880386
Y02567,69.81982588437114,175.20152913640388,-1.2242851
Y02568,-67.44711578501703,34.44674021018467,1.0665116
Y02569,-379.1297497052335,-10.83349694390031,-0.16053504
Y02570,-72.5916954949407,61.61054872390083,-1.1414813
Y02571,-111.43889249313247,107.620925448123,-1.2242851
Y02572,165.64110708037524,208.1309493100989,-1.0799267
Y02574,-556.5948654465203,-138.50151258292198,0.30862987
Y02575,-65.65472400649234,182.4308515670286,-1.3068267
Y02578,-155.8732945104978,103.95532690317059,-0.46819004
Y02580,-483.1515124830784,-76.9214386704772,0.27254027
Y02581,-220.35047490781932,75.820723825636,1.1386908
Y02583,85.79518859466354,153.63562792949497,0.09209222
Y02584,-459.6194342786502,-19.261282990788654,0.5612571
Y02585,-253.5087600051986,-35.94441122860188,-1.0852866
Y02586,36.509165821912994,146.25894993282043,-0.98023367
Y02587,-481.876343683038,-15.60228759914959,-0.020687811
Y02589,-97.26292019434773,92.50308585824477,-0.4253113
Y02591,-405.7844957730167,-37.329936340338605,0.60949576
Y02592,-521.60588389671,-71.24797191146057,1.6439453
Y02594,-206.00253105518595,72.25991236449102,-1.1349545
Y02595,-375.3947954603915,-145.21885528541884,-1.2432233
Y02596,-118.74844655386357,42.531846773457666,-0.55752075
Y02597,-242.10823934450704,31.8667582108493,-0.9572475
Y02604,-486.53027330859265,-6.403396885828031,-0.20384258
Y02605,70.61443421381698,161.64225585356075,-1.0524129
Y02606,300.2036275199454,327.1220641906083,-0.24986577
Y02607,-511.9708646490845,-83.73998702067021,0.019913
Y02608,-512.0650514560195,-29.18476374248926,-0.62969995
Y02609,-478.1030508065701,-13.071039945288902,-0.8328329
Y02610,-122.554467269668,28.94156147027219,0.5354789
Y02611,-116.15723049605677,186.51415558767226,1.5614038
Y02612,-176.5458253792844,158.42929571346093,-0.66578954
Y02613,-279.1309612542037,28.03365095418186,-0.66578954
Y02614,-308.8905104493618,-9.33425778830801,-0.9184168
Y02615,-127.4445018398424,73.3927605392329,-1.2242851
Y02616,-384.0246357757325,-167.46658838689686,-0.62969995
Y02617,-474.439832247255,-5.809903962340799,-0.33217052
Y02619,-492.59382056790554,-14.066568098075766,-0.22313946
Y02620,-177.9544582458499,-248.35992551942954,-1.2242851
Y02622,-243.384462108934,101.67618125113307,-1.3154025
Y02624,-108.18883640279228,96.55364402316559,-0.8969253
Y02625,-50.74809208669613,96.43401875598288,-1.3154025
Y02626,48.98738588934916,90.0353349245303,-1.1349545
Y02627,876.8329260331436,753.8463870150468,-0.9080545
Y02628,-324.9808080004911,-153.80049955212655,-0.907229
Y02633,49.173827817555114,235.78113521545762,0.4151121
Y02635,358.56145063129657,289.5273500394517,-0.7740584
Y02636,-200.3269190224756,108.55261315807354,-1.1349545
Y02638,-335.4558813341499,48.39485777645345,1.5108408
Y02639,166.29443102497066,276.2877598976499,1.2401706
Y02640,88.4851462710846,148.5849070965883,-0.12444544
Y02642,-493.3905066990001,-22.96504528352144,-0.52143115
Y02643,-496.07833395461813,-19.338756338299188,-0.52143115
Y02644,88.43526166543782,133.24309506718296,-0.52143115
Y02645,-484.1242148202911,-11.194970428508546,-0.24068211
Y02646,120.4405060556695,226.01512739749685,0.76921904
Y02647,-447.52491070613263,-52.01374460782806,-0.91841674
Y02648,-471.3866698427938,0.6681177337709754,-0.17768654
Y02650,-320.77017846426014,20.0728190077644,1.0304221
Y02652,-316.335938905979,16.640498946805952,-0.605159
Y02653,99.34974240367906,173.8108222981142,-0.07799347
Y02656,185.78103663363493,329.27421356849857,-1.2432233
Y02657,366.4215179970151,286.79828104606685,-1.08929
Y02658,-361.6151206236743,32.4530221130448,-0.5130735
Y02660,-147.6223627647971,13.200700635938073,0.12818183
Y02661,-488.52547779669794,-7.8674080211665345,-0.58241016
Y02662,223.82975150403047,156.06152900367593,-0.9905961
Y02663,-16.77700599804426,128.40250950040868,-0.98023367
Y02664,-288.85725809950253,32.43122230489009,-0.4492519
Y02666,-425.64262683745324,-27.174946452474117,1.2555355
Y02669,32.42864533061919,126.53571294987199,-0.34777224
Y02670,-474.09134292132546,-7.824604761295232,-1.1443691
Y02671,147.14046157560614,88.53907081896911,-0.35134545
Y02672,-31.687788792096498,147.35845466232348,-0.35134545
Y02673,-291.77308694186365,10.543535388659615,-1.1349545
Y02674,-356.93418508134215,16.15959558102813,-0.5975409
Y02676,-268.57302741635243,75.27613958703853,-0.030112201
Y02684,-30.76665219041718,81.98180250247461,-0.59361035
Y02686,-221.82533123294928,101.13351136574973,-1.1538926
Y02687,-473.98037504644583,-9.568246480067936,-1.279313
Y02688,-285.00986956958195,25.28182834373409,1.2469597
Y02692,-153.3258272699147,11.148916104401541,-0.3409831
Y02694,-473.34265663034023,0.010177478027218237,-0.4131623
Y02696,-372.732414628278,-264.3918861933095,-0.7352278
Y02701,-2.957099997118083,169.46818010206778,-1.2157094
Y02702,-229.15899930565894,29.29801953497283,-1.2071337
Y02704,196.65940593999787,54.60181471333525,-1.2154343
Y02706,-480.5141691531714,-1.8885626495558565,-0.52143115
Y02707,271.40159088323503,44.873983663270174,-0.09192905
Y02708,-225.5025920198798,-20.52403937333454,0.4168987
Y02710,-144.09267602161728,70.30632623215232,0.18730736
Y02711,-160.22360969171854,81.81742677120434,-0.3237776
Y02713,-1.6523612390797635,218.00813857651713,-0.98023367
Y02718,-131.1412103674297,68.22118435456308,0.07672734
Y02719,-169.93977184962762,52.46073453627609,-1.0627753
Y02720,-146.71539310676903,96.26110155528319,-1.0799267
Y02721,-151.37766117013885,133.71951262481144,-1.0799267
Y02724,-436.92021589659385,20.573721236341324,-0.79188573
Y02725,-312.15762021001007,43.86252527103062,1.4274077
Y02726,-506.2432662867578,-206.99039907223093,-0.44925192
Y02728,-438.1853558518183,15.65130104082229,-0.9080545
Y02732,-496.6954988846901,-21.945052099517287,-0.52143115
Y02735,13.885188613950715,130.6605787970216,-1.1349545
Y02736,155.7310272520847,55.37101065553212,-1.1349545
Y02737,-233.64171042065772,-25.881186048697472,-0.05226622
Y02738,-472.0732623942668,-13.638114634766925,-0.997814
Y02743,-489.1455800886353,-5.158119835597731,0.42076543
Y02747,765.8989330542548,760.1881157777214,-1.2432233
Y02748,-130.97314438721412,95.17063012046944,-1.2432234
Y02751,311.0783434804049,278.7760683272495,-0.76726925
Y02753,312.932693810501,262.48066060812215,-0.98023367
Y02754,-92.71127197199523,141.5239154141586,1.4248815
Y02755,209.85323266418322,390.1276332487605,0.07672734
Y02757,188.62353006342974,257.9260385224354,-1.1349545
Y02758,-429.8042479382571,-40.17826001350416,-0.41316232
Y02759,-460.4832529780964,9.145209092848942,0.12962541
Y02764,-479.1455455377325,-10.270235663694459,-1.2199249
Y02766,-440.01272414593933,-11.381451557545901,-0.030112201
Y02767,-37.55012482249846,132.6543295390963,-1.0438372
Y02769,-68.25612905127119,152.6732016033982,1.5735528
Y02771,-491.9154640351589,-4.105721401931759,1.1457994
Y02776,-541.5601293112245,-95.30046503507161,1.7161247
Y02778,51.16352920382215,184.63427445762366,0.7056156
Y02784,-225.0896338240855,100.56348433954786,-0.66578954
Y02785,-481.9946668833549,5.585462236338806,1.1394274
Y02786,-106.16197587990177,127.52827815516758,-1.2432234
Y02787,58.71180161219846,191.44381982734097,0.12996843
Y02790,6.514890559677476,248.66263424368293,-0.6725787
Y02792,-476.0286396963156,-7.6543679714213795,-1.1349545
Y02794,158.7718160863179,265.4050144183542,-1.2242851
Y02795,-120.85058641767336,98.60518453818271,-1.0800983
Y02800,-429.13490355290566,7.813322210031789,-0.52143115
Y02801,-434.10398688821823,16.698459458951127,0.897832
Y02804,-478.4643810760673,-3.1446040449270853,0.11952032
Y02807,249.34040272840542,226.2836804821909,-0.07120433
Y02808,-288.78903487584085,-6.133164450198014,0.6884641
Y02811,-6.857649251712566,124.36688591137978,-1.0009583
Y02812,-135.35790887911517,-55.231860147037956,0.3484963
Y02813,-503.7627247628723,-24.099204155249442,-0.48534152
Y02814,-480.65402523315345,-11.905780574485767,0.7417052
Y02815,0.29740337072488193,219.38159736872856,-0.52143115
Y02816,-137.73120909123048,80.34659277982001,-0.041903853
Y02822,-477.6328333167664,-10.467425919134707,0.849974
Y02823,-218.95996776173428,3.2435321856098667,-1.2432233
Y02824,-200.54683274974795,-8.758559455528015,0.10388388
Y02826,306.84269185622287,148.91545021682845,0.019913
Y02827,-2.8551066487842367,124.6044392201037,-0.797999
Y02833,-127.35128971194138,6.233845223371148,-0.052266218
Y02837,-405.1660426351622,3.7221233459788183,-1.2878886
Y02838,-20.252561744013754,153.0671650999586,-0.7018792
Y02842,-186.21930050954484,81.47463578223028,-0.16410828
Y02846,-322.4342163204579,78.82916933467246,-1.2071337
Y02847,86.72020496954613,331.41333445257953,-1.2071337
Y02849,-61.57373254810305,143.03753811426793,-1.3154025
Y02850,-7.805787985623851,220.81515167169752,-0.62969995
Y02854,-232.14158549142036,-23.086926322640466,-1.2878886
Y02857,-272.897940621539,-77.14079950173598,-0.66578954
Y02859,-505.78145711824794,-3.408325289233964,2.2141612
Y02860,-503.85217149499437,0.6015908670606208,2.2159657
Y02861,-503.84443804958653,-2.319644211490064,1.971528
Y02863,-510.3143987516006,-4.451326141883322,2.21574
Y02865,-472.59675893211164,-21.290961156676786,-0.7740584
Y02867,133.18011306185906,206.19616230102025,-1.1435302
Y02868,-20.87847213105226,39.98871402095472,-1.1349545
Y02869,-468.4157868153379,-53.23693242110138,-0.42471096
Y02870,-482.3026241871984,-3.688177537626771,0.45298833
Y02873,-423.23269604275623,25.702424302777434,-0.46819004
Y02875,-31.828443059944707,168.13650762152176,-0.797999
Y02879,-502.71312801315065,-10.183425222395547,1.0633734
Y02880,-314.6382264369025,69.0633748635982,-0.4492519
Y02884,-85.48720950820804,163.95541712120442,-1.1349545
Y02885,-89.21829907280241,108.69683342203663,-0.7722718
Y02886,-227.52567637811288,100.31201803962622,-0.17768654
Y02887,-359.1398553766866,28.992802842774815,-0.17163953
Y02888,-485.85066025827564,-7.654611490508609,-0.7090971
Y02889,-320.4627455151622,36.084631241748035,-1.2242851
Y02890,24.111353797311434,186.58653883860484,-1.3154025
Y02893,1320.8008027569867,267.8213403463551,-1.2242851
Y02896,-198.7669708013775,-37.168407813854486,-1.2432233
Y02897,-261.04776297281524,19.48551005868557,-0.7740584
Y02900,11.761551041101297,179.87422470402208,0.6884641
Y02901,-493.37338935716934,-21.43433883919415,-0.88703454
Y02902,-398.39438121428867,-49.82868156202233,0.06502501
Y02903,-373.7186924798223,12.888205305088581,0.48907793
Y02906,-171.42315659644464,138.8972026696466,-0.4253113
Y02907,-490.0409222637112,-0.6470571423509046,1.1675626
Y02909,-489.1990601244558,-3.8162546345610497,1.5356767
Y02914,-489.8627330790454,-35.995321528897634,-1.0947639
Y02919,-489.1553935281119,-19.44100676099631,-1.2071337
Y02928,160.6017540465555,202.44957682023193,-0.7483311
Y02931,-474.9958628561247,-16.76610213422644,-1.2322395
Y02933,84.46719577758921,234.31848255351966,-0.98023367
Y02936,-206.68695005216625,92.04104513480874,-0.98023367
Y02942,-444.23311916513387,15.959364321593673,-0.12444544
Y02946,-249.34701108162812,18.344592696217642,0.35829774
Y02949,-495.4595540660942,-15.071065930460145,0.019913
Y02952,-498.5470067847785,0.7862063121546302,1.5652044
Y02953,-509.29547756974415,-31.47595999613747,0.97079575
Y02955,-389.5581972152098,16.743806774848068,-0.052266218
Y02957,-378.48927672339175,-45.85830510153505,-1.0200838
Y02960,128.63514741704037,253.58479731069087,-1.3154025
Y02961,146.35930355036814,62.12864549014432,-1.2237349
Y02962,-149.61362165043798,-26.58211146602151,-0.27059048
Y02963,-367.0345745165382,39.346256215788834,-1.2071337
Y02967,-483.67744634281894,-12.30802716094097,-0.48534152
Y02968,-107.6866291792488,48.0363754317545,0.99433243
Y02973,-122.0628702678187,204.9394026187225,0.5680463
Y02974,-18.257708469195528,77.22054777938698,-0.7483311
Y02977,134.80372181244178,129.13580296176056,-0.66578954
Y02978,-496.22201476483707,-33.91877783194111,1.5910699
Y02986,-245.12926728413694,128.37459066586916,0.5026562
Y02987,170.29261798741,135.22722462075828,0.10388388
Y02988,-318.0403629850245,34.64131005042702,-1.2071337
Y02989,-381.5241435368973,-38.680574378637736,-0.49391726
Y02991,-377.93623122811186,-57.23819133888523,-0.7080881
Y02992,-478.84514364089637,-6.81499848137248,-0.70718646
Y02993,-491.67128193834503,1.146585164412995,1.5163728
Y02994,-486.9441399355159,5.233476787960875,1.5956221
Y02995,-475.1044115971907,0.2368028067298482,-0.48534152
Y02997,-488.6790950981848,-9.732213866430426,0.40090963
Y02999,-352.2672231994622,28.165194441498073,-0.99059606
Y03005,-498.3481850390668,-6.3142318943298825,0.9696859
Y03006,-488.57761487809427,-4.7352324436594655,0.12818183
Y03007,-440.13793330178436,-17.81094381017425,-1.2191635
Y03009,-480.0842906686366,-6.188180117970425,-0.2238621
Y03010,-492.7092537950315,-6.727793926015232,1.2278534
Y03015,-484.221387549572,0.5169326088335541,-0.06773319
Y03016,-479.02017251988684,-2.104939065238807,-0.07741958
Y03017,-438.38520150040557,-14.287761265685004,-1.2878886
Y03018,-478.4619756199694,3.4194049492831344,-1.1349545
Y03023,279.4175784507732,337.26679928976824,-1.2192827
Y03027,-490.7155132520579,-11.733918265349855,-0.7018792
Y03032,-481.22708239721874,-3.079400310059926,-0.4262858
Y03034,-289.0713084314536,46.17620402116131,-1.2242851
Y03035,686.7725103730141,179.56186084022036,-1.0559862
Y03038,-497.3774508155828,-7.69887863618037,0.99294436
Y03044,-476.3982709057357,-4.15609313014056,-0.96270865
Y03047,-385.86876932393454,16.953876866251935,-1.2192827
Y03049,-25.39670801355288,156.22057858311766,-1.298251
Y03051,31.529462300314478,141.68575662565047,-1.1160164
Y03052,505.6601854392412,180.47389893132905,-0.079694316
Y03054,-306.9598281295331,74.20010877177643,1.7522142
Y03056,-478.34899145746857,-4.894087370210515,-0.58619463
Y03058,-466.3690494233904,-0.048635123317602634,-1.2585614
Y03060,-460.93217800002225,-6.061947007830243,-1.2517991
Y03063,-77.45308109462623,96.04602777430597,-1.0388347
Y03077,-411.88874388579273,-2.367173913926907,-0.4253113
Y03079,1102.7904889212525,141.03232427347186,-0.6725787
Y03081,-437.8312214665568,30.098002027967556,-0.12444544
Y03082,-367.5176116011915,-26.776143396908562,0.5680463
Y03085,-465.5050868400389,-3.1488545691634733,-1.1349545
Y03086,-418.65840456119,9.432991447111052,-1.2192827
Y03094,-396.7982706472634,98.70032494047297,0.41224197
Y03098,-471.6712902025655,-1.9125619748921596,-1.2466605
Y03103,-445.7627413343947,-63.684947534325005,-1.0266856
Y03105,-478.7675255677976,-5.705656069877918,1.1783537
Y03106,-479.8968864838752,-8.327426979295613,-0.7740584
Y03108,-477.88058567324754,-1.057272227332579,-1.2432233
Y03110,-472.7511858482677,1.4107983315313772,-0.58494884
Y03112,-2.2713908384937573,301.5184511984706,-0.32129785
Y03114,-478.06428410048755,-4.661831471083006,-0.24932693
Y03115,-504.060226974591,-3.870940613113348,1.7522142
Y03117,-477.1090150114995,-15.518488456929537,-1.2907096
Y03121,-499.2264338033132,-7.857070307565676,1.6920648
Y03123,-483.9537053808876,-17.56995045801206,-0.19181271
Y03124,168.19645668403416,416.657138283212,1.1302444
Y03131,-396.4051664258118,41.9010967124083,-1.2071337
Y03132,-483.8086945004933,-2.6272950713922607,0.9120817
Y03135,-28.860179729682713,-1.467978371900732,-1.0555574
Y03138,-479.02770703151805,4.722951680958895,-0.5394759
Y03142,-493.7232226189249,-2.3379988618759033,0.43674797
Y03159,-506.68181350457905,-11.516991231897737,1.5758517
Y03160,-482.6445040278688,-20.242725193457275,0.20427437
Y03168,-471.67724538528915,-115.96415309409736,-1.1645802
Y03191,-439.36162315374975,-18.847355387830845,-0.31251806
Y03192,-484.3046734310793,-7.741722050964523,-0.36504284
Y03193,-498.1613120646717,-22.926831790062295,1.6944708
Y03201,-386.10725980959035,12.786668510236677,-1.019061
Y03203,-476.59822034305677,-2.783079988798523,-0.6102671
Y03204,-472.70068045234285,-0.7398661593449511,-1.0820789
Y03217,-482.9187327019961,6.733701506652164,0.95652425
Y03218,-383.84934147094674,-49.324232972327174,0.92215323
Y03220,-487.7036393286502,-0.6662207807517401,0.849974
Y03222,355.5150948337277,33.44015090267884,-0.36777127
Y03228,-452.45142405946353,-1.3012621572217158,-1.0437602
Y03243,-471.33907622414876,-18.345577161361376,-1.0562135
Y03244,-468.24798224888264,0.6427112399401665,-1.2330333
Y03245,-496.50182693412967,-19.045359027258673,-1.1710441
Y03259,-448.0437509498576,-112.39207832717796,-0.7501253
Y03266,-441.73721106462307,-8.970602616903944,-1.3063802
Y03267,-451.47071946249855,4.967434815974813,-0.23691073
Y03268,-481.6049014763699,-2.6313228501337935,-0.23374538
Y03272,-484.6219514147581,-11.87898916104893,-0.7090971
Y03274,-499.6631866889301,-27.766023478907503,-0.810148
Y03287,-489.32255225927287,-6.29532320143825,-0.37871313
Y03291,-471.6066850644112,-0.8862822971069934,-0.26880386
Y03296,-136.6390855764859,89.22438736836818,-0.7458144
Y03304,-440.7915694020184,27.05932678258886,-0.8521126
Y03306,-482.038231751904,-9.095034868609112,-0.66578954
Y03307,-487.76287137146846,-9.765908110418996,0.24477904
Y03308,-455.26065052678064,-129.77018033102573,-1.0627753
Y03312,-434.5348292105432,29.564832561567243,-0.96621114
Y03317,-481.69204366667054,-0.7572511066795138,0.91252935
Y03321,-492.2918388748279,10.784946453931429,2.1150098
Y03322,-483.8197568858074,-4.500606806179468,-0.24091645
Y03324,-465.1082682095353,-35.38737298236503,-0.3409831
Y03325,-431.2529481599024,14.504237592059061,-1.1349545
Y03327,-473.5181998140089,-0.7359592829350534,-1.2793131
Y03328,-476.48616121776024,-5.7927057989491075,-1.3154025
Y03331,-383.49021695230294,-3.86266698487325,-1.2164471
Y03357,-381.0589904966878,33.90117231977434,0.24586535
Y03361,-444.20015312937437,6.343421294164716,-1.2083781
Y03362,-169.88497959274713,152.2810983691316,-1.0757675
Y03363,-203.50430628029244,154.9935950395047,-1.2071337
Y03364,-219.75005742380907,-30.745264229411177,-0.6323536
Y03365,-477.548851394409,-18.134888726876184,-0.19662465
Y03366,-116.49604261180117,36.04712251914242,-0.6772907
Y03371,-500.74660727545586,-4.439433413682068,1.8535722
Y03374,-445.12211712692357,20.208046052837066,0.18817495
Y03375,-440.96633024964996,-13.433079245350187,-0.3524842
Y03385,-473.95941364517284,-6.155381920381614,-0.9283725
Y03387,-487.8467194160169,-15.886555257904737,-0.8462376
Y03389,-474.08895576658006,-0.4106107609253798,-0.48534152
Y03392,-436.9119974623519,-26.01815178698442,-1.2165483
Y03394,-475.03302884171865,2.8378279849194707,-0.9293808
Y03395,-458.9507619794377,11.325234149743244,-0.7018792
Y03396,-460.1358070557263,-8.223261333242784,0.27254027
Y03402,1088.1997297840794,416.76806067032095,-0.7189325
Y03403,-471.801999923786,-3.8104823876512044,0.4168987
Y03405,-496.13840658553465,-5.941211659503725,1.5356767
Y03407,-486.1293066916603,-14.151366337143832,-0.2206844
Y03408,-499.46711304631305,-43.220641344615444,-0.46494305
Y03411,-506.61651804137614,-27.956163868235844,-0.16053504
Y03416,-481.2026506081573,-2.3608852874583914,-0.2631513
Y03418,-434.2401212792201,8.096388644664023,-0.23555277
Y03419,-472.7688405502089,3.2375093542792834,1.9326622
Y03420,-436.6360050209006,-81.8991345305154,-0.08835582
Y03422,-454.1223172268549,4.305788854330748,-0.85279936
Y03428,-485.2568211660049,-18.586244822683515,-1.0266856
Y03430,-71.67814844655591,-210.93881473175242,-1.1349545
Y03432,-235.5491468475532,62.89220606435196,-0.9118551
Y03439,-510.6002550434416,-21.480693845623282,1.3913181
Y03441,-306.2062736914813,83.61824154117471,-0.1511942
Y03444,-488.1816064268699,-1.1647785359616745,-0.24344362
Y03451,-488.3361785229371,-14.818283487027768,1.0260209
Y03452,-487.4451047203902,-20.476351540865274,-0.90088755
Y03457,-463.8287657435301,-9.586610561358775,-1.1349545
Y03458,-480.13801097638554,-52.21544142175298,0.8174933
Y03461,-483.7803261396465,-12.006244224372978,-0.36847994
Y03465,-491.6736751918713,0.3934086764075204,0.6454662
Y03466,-373.4963332904368,198.34523915383733,-0.8130352
Y03474,-494.1155684767089,-18.708808717037165,0.48907793
Y03476,-480.3649324543897,-9.049887804426412,-0.59361035
Y03482,-483.7869976574526,-14.902253852672224,-0.0714531
Y03484,-478.4517415051509,-2.848669680653069,-0.4003085
Y03490,-475.4705295147491,-15.402163104576701,-0.7966144
Y03492,-463.50680188849066,-3.455080993293441,-1.0249252
Y03493,-501.44289668174656,-17.999204391740726,1.1507207
Y03498,-474.7454312021037,-9.716724654346343,-1.0454929
Y03499,-494.6790608185095,-0.45093631158155784,1.9635961
Y03500,-487.3159877217479,-4.015972953182334,0.75390446
Y03502,-452.2897286116785,-39.450900053927754,-0.30248752
Y03504,-289.62838588138095,-13.29057031815113,-0.41316232
Y03506,-257.6873769847881,-72.47711054608044,-1.0988649
Y03507,-450.2204616523304,21.969607951880512,-1.0480721
Y03521,-498.2841353674011,-5.475345167238944,1.6810662
Y03527,-476.23797689232237,-26.87072071897133,-0.50789756
Y03528,-492.23859118210595,-10.378544449633988,0.6190005
Y03534,-470.48205522566275,-17.6087206633728,-1.2987459
Y03537,-480.5637585573933,-10.407892361521258,-0.47521108
Y03539,-487.92532190495433,-26.668499963537357,-0.3409831
Y03546,-475.44130857372016,-15.012270963044072,-1.2441486
Y03548,-470.1642927875366,4.492530003718784,0.2076765
Y03550,-475.78735272868124,27.420511415152063,1.1537981
Y03557,-478.57732635431125,-26.481336202339715,-0.55566996
Y03558,-479.7024750008045,-14.792757590055254,-0.53947586
Y03564,-482.48238399546057,-3.272022072708033,-0.24435608
Y03568,-482.4614722488724,-5.4274630031228925,-0.3876873
Y03569,-520.3397406412629,-68.01601676312585,1.1747805
Y03571,-337.21843998712905,15.975081539116031,-0.49565282
Y03574,-458.5309391011085,-11.417379144038545,-0.9839128
Y03580,-472.0400838927764,-14.978228951647587,1.2314928
Y03583,-504.5430757084385,-32.42139957708952,-1.0627753
Y03584,-496.84706232203166,0.05496021350066206,1.860483
Y03587,113.1853621965788,130.8007920785096,-1.1504215
Y03594,-519.8435779635959,-53.64381740094501,-0.088355824
Y03595,324.588345305776,305.1558898169407,1.6594124
Y03596,-491.86986028292205,-31.882389646052587,-0.9184168
Y03597,89.4780476965358,-6.813646874322133,-1.2277563
Y03600,-430.1066890126936,-11.474292184677006,0.47361094
Y03601,-495.2649810305404,-28.032367534963026,0.20473553
Y03602,-38.744464332002174,111.83133362151841,0.12302617
Y03605,-441.123520708798,-26.725495480785003,0.7520165
Y03608,-441.8948246705817,15.722831545723347,-0.7018792
Y03609,-431.1417363366354,6.0008809448397935,-0.7018792
Y03610,-373.9056772541967,-189.0494947391645,-0.7018792
Y03614,-468.9101822972227,-12.846215852756009,-0.95450646
Y03617,-494.5959835005448,-3.426329970604055,1.1534213
Y03620,-407.9106231649143,95.569790593288,1.8862613
Y03625,-527.0157745144282,-56.14178455679708,-0.48534152
Y03626,-496.90550601618753,-37.44855393478882,-1.3154025
Y03640,-407.9866741153094,29.148273777540943,-0.40285102
Y03643,-472.87175753289307,-6.849630017426132,-0.8367403
Y03645,-482.9029887033614,-2.2384040693641607,-0.23963554
Y03646,-505.06730136570496,-54.752894699487356,1.658879
Y03653,-486.39293420767746,-30.21883927272762,-1.2196866
Y03654,-468.98396863347097,-7.357014631868707,-1.0944637
Y03656,31.00613616027829,35.59688452921217,1.1934936
Y03659,-491.9963678888121,-13.475305780219925,1.1524898
Y03661,-171.47734955130477,-46.13265341614742,1.3913181
Y03662,-345.5918963186027,19.765151875340774,-0.46447042
Y03663,133.38578375077998,-41.397647411825254,-0.8502475
Y03664,-122.4958628305465,108.25850485191474,0.5238309
Y03668,-475.03895521370373,-46.59317806560836,-0.47110897
Y03671,-219.97450396662768,181.82776927639378,0.7505075
Y03699,-484.1174963546466,-24.344699636597788,-0.7379688
Y03700,-407.7806442174766,-33.41774888010758,-1.1455173
Y03703,-479.82099535362875,-53.314157473275195,-0.47587538
Y03704,-483.06559437725525,-5.624408874708231,0.24904005
Y03705,-483.3815550542927,0.599890027446612,0.24634619
Y03706,-478.92501113561445,-13.924299239702313,0.24769937
Y03707,-483.9782526663311,-1.6612524292367017,0.24658108
Y03709,-487.5116537465858,-15.521906994867233,-0.24173667
Y03711,-354.77262090581695,33.12778677334114,-1.1456476
Y03712,-477.5756556582409,-7.342280393611552,-1.2083781
Y03713,-477.5991747372897,-6.588380537497105,-0.14913833
Y03715,-431.2860210755025,48.306395343178075,1.3258222
Y03723,-470.1056216773458,7.5669648412459685,0.7669679
Y03726,-487.0822976255152,-21.988921286735756,0.52749586
Y03727,-482.3770294540669,-19.99880464127832,0.58223945
Y03728,-482.06714649899226,4.0654450346961095,0.5251675
Y03730,-483.91975505668984,-5.926379304197094,0.48907793
Y03731,-487.1340401312451,-9.130400625898984,0.521266
Y03733,-480.5765127519885,-2.415676857067398,-0.12444544
Y03734,-484.49751559208715,-9.264468314009715,0.117354944
Y03740,-493.47227655753255,-7.930748960227753,0.83609337
Y03741,-490.81044617422975,-13.491715393297095,0.8410752
Y03742,-476.371406101684,-8.564847526462609,-1.0904183
Y03743,-477.38605086316505,-15.429097609290846,1.1359147
Y03744,-483.14913945156695,-1.5913921424064954,0.2059133
Y03745,-489.4833097776275,5.3412568176199064,0.65973896
Y03746,-494.3393912344851,-11.038320481414006,0.669526
Y03747,-451.2722736803817,5.21780844250626,-0.9165174
Y03748,-529.4953050965792,-54.17552307468026,1.0304221
Y03749,-501.49906371560826,-19.40043554822531,1.0304221
Y03750,-460.2264845032845,-58.22366299813894,-1.1234058
Y03752,-466.32864981758064,10.785403927724495,-1.0865054
Y03754,-480.24294900870683,-5.671394483673802,-0.46014687
Y03755,-76.28388066434898,-37.64972965238871,-1.2325301
Y03760,-456.0818820405154,-10.682245385684775,-0.9869871
Y03761,-465.1830659921889,-9.549660669191068,-1.1493903
Y03762,-453.58381121572194,-6.442457778785698,-0.06323015
Y03765,-472.7358717472006,-7.0189454584434605,-0.79904354
Y03766,-501.3543775836091,-45.7944300022007,-1.0266856
Y03768,-475.20514860799096,-8.461528951070475,-0.9981938
Y03770,-472.2487837644951,0.3972793565926148,-1.3044386
Y03771,-478.1709406857194,-9.836907480655935,0.5840506
Y03772,-503.1735726159545,-40.782915958417796,-0.23271427
Y03773,-457.7131206094412,-2.446183778585596,-0.24340747
Y03776,-468.9194409752767,-8.029058681212117,-0.24411099
Y03781,-492.59331769412086,-3.565437519022238,1.136916
Y03782,-500.51010738024655,-12.067932104296288,1.9671828
Y03784,-483.8003744381451,-6.4917388420736994,0.6039085
Y03787,-457.58039414561154,-14.800197958560462,0.53318745
Y03788,-480.5237693515925,-6.928684104586745,0.6115085
Y03789,-452.2542183267188,5.294724886351016,-1.3154025
Y03791,-473.89118380821327,-11.10742867417073,-0.46395507
Y03792,-474.82359767811056,-9.662359028769785,-0.47030416
Y03793,-426.64564850787775,-14.578533190288795,-1.2901399
Y03794,-480.93615565238497,-7.926339441673571,-0.22369187
Y03796,-500.35679326140064,-13.754584362089574,1.164709
Y03797,-416.05480081025655,86.41036031166075,-0.08280358
Y03798,-269.2513356411801,-82.21468374526721,-0.22870432
Y03799,-492.55384275020407,-2.2015367266893042,0.90668625
Y03802,-485.56494652747745,-20.289838382874652,0.9077174
Y03808,-473.3537902859291,14.940990662103095,0.050616104
Y03809,-423.81007552859666,-20.710448570036043,-0.22910531
Y03811,-464.5401710251142,-13.354786972378406,-1.2902769
Y03812,-479.0548054343201,-34.09196074936418,-0.9184168
Y03813,-472.6102279039143,-12.686086474306736,-1.3052975
Y03814,-475.8565787157747,-11.63235632974318,-1.3058789
Y03815,-507.32166150890856,-40.52449295725048,-0.59361035
Y03816,-480.4902820153878,-7.131184096864096,-0.59361035
Y03818,-484.1983993378427,-7.892837359780542,0.121813074
Y03819,-461.578926619135,-16.16025790649653,0.53238547
Y03820,-492.0784641657079,-17.828220656276983,0.669526
Y03821,-440.02673452447993,-34.532827339698294,-1.0847031
Y03822,-484.0772805449628,-25.416380314772518,0.669526
Y03823,-491.06091478195856,-45.428987405665104,0.2859068
Y03824,-492.44572403264056,-4.449979250542208,1.466902
Y03825,-466.86221995839674,21.407445624710075,1.4776591
Y03826,-481.93190960148166,-7.259180453593872,0.2102486
Y03830,-491.62277564637304,-15.604008296911479,1.1586864
Y03831,-485.0697912320951,-9.001274544506858,1.8581394
Y03832,-483.85236230997646,-10.992468047339912,1.8590395
Y03833,-476.00488294879744,-4.517747952732259,-0.4131623
Y03834,-462.7099666374524,-30.883964733840276,-1.2432233
Y03835,-476.6743491775297,-14.045592853329463,-1.2311934
Y03836,-465.27905389291067,-24.735432220048203,-0.24715011
Y03837,-497.31694221400096,-2.362865040860282,1.2365704
Y03838,-464.68735103565075,11.687972778972373,1.228915
Y03839,-506.36904622670835,-28.23780099277074,-0.12444544
Y03840,-501.21513284157714,-45.59119674381888,-0.5418296
Y03841,-479.26450420593693,-8.831861435966271,-0.49135646
Y03850,-497.93681463393614,-7.278119661735987,1.3831688
Y03853,-477.62069389310386,-25.1926702552761,-0.46987456
Y03856,-478.2378312029607,-20.51484196165283,-0.4572718
Y03870,-485.28017334572917,-4.635389526741824,1.0232041
Y03880,-484.03965411892494,-8.694424859133585,0.42925814
Y03881,-474.0803978784817,-9.633629018722123,0.42957884
Y03882,-462.9689203883587,2.135827569675158,0.5886853
Y03883,-467.39323333311467,1.5097549573039475,-0.8367403
Y03884,-468.68606925505037,-5.6610400306247275,-0.7135702
Y03885,-472.7471764070325,-13.981960791629932,-1.2432233
Y03886,-480.90738979668134,-32.72561329508664,1.3444016
Y03887,-474.5903640059897,-7.672527175834909,1.3444016
Y03888,-493.36462952964223,-30.876510579709706,-0.99984974
Y03889,-484.15074448002065,-25.963486614983957,-0.2382665
Y03892,-482.9170281221789,-10.418573153266202,-0.25468186
Y03893,-468.9847151954024,1.3425239247756091,-1.0849842
Y03894,-477.21187234193906,-6.123602260988864,-0.26880386
Y03897,-475.9188582305448,-21.961809873407635,-1.1039007
Y03900,-483.667573537525,-9.493729945721235,-0.3409831
Y03902,-481.18638910389444,-12.627678637461038,-0.24349429
Y03905,-481.9843865317902,-10.755524677949742,-0.24187134
Y03908,-493.72667737871154,-8.999713264859261,1.1073499
Y03909,-475.33852559867387,-5.087118116492138,-1.1449102
Y03910,-460.25176814477146,1.3471296331152454,-1.1476346
Y03915,-500.7736236281932,-25.081313257944956,1.0033549
Y03916,-473.8072820640716,-3.007046175861799,0.19860059
Y03917,-482.78394422967875,-11.702418244707209,0.17815205
Y03920,-481.4120138398543,-8.824985688467176,-1.1181127
Y03921,-443.3891651467712,18.066492548816168,-0.9292437
Y03922,-487.28270706095793,-1.4889025978637915,0.78638756
Y03925,-521.132629288768,-37.88371640334468,1.6487573
Y03926,-501.4038114163044,-32.88412936710237,-0.26880386
Y03927,-479.9253058564344,-1.443654100689616,-0.9938769
Y03928,-463.5722313076952,-9.4692748193708,-0.98825264
Y03930,-402.86945466513845,67.22420292167406,-0.98825264
Y03934,-479.73838123147584,-11.942266805056766,-0.98019737
Y03938,-478.5322976386257,-7.050467011782974,-0.08691224
Y03939,-484.17322017855804,-15.179379276597325,1.3442645
Y03940,-365.3194684115064,56.06949092514143,-1.1349545
Y03942,-379.196947643715,17.06866979726085,1.7774769
Y03945,-423.7319194083673,34.824371744898826,-0.063514926
Y03946,-481.76918090688145,-4.684783730338954,-0.063514926
Y03947,-480.9817354128667,-8.248245839302946,-0.06886744
Y03948,-479.1513776309999,-5.493207679809445,-0.06940878
Y03949,-477.9675036527425,-2.15168832325081,-0.06366294
Y03950,-484.9007695320549,-14.258005503118731,-0.07169908
Y03951,-437.99861519101495,-129.61148842788353,-0.6741179
Y03953,-486.3369305288553,0.9161606004588501,1.4490615
Y03955,-409.88101488614075,23.61477488202747,-0.6735557
Y03965,-469.6920932191314,-10.841251942383357,-1.2284173
Y03967,-477.53556097472483,-21.383525682987912,0.80000377
Y03968,-497.8268852120469,-3.0677889573486627,1.8604829
Y03971,-463.1349976797966,-13.810425794214892,-1.1571635
Y03978,-476.67033820876145,-0.04965841664441098,1.8493786
Y03979,-480.86579041814264,-7.1709414441819375,-0.18303245
Y03980,-492.644956114065,-5.191790205720267,1.1515363
Y04018,-472.39419010202,-4.003957296628469,-0.8069502
Y04022,-505.90249730336666,-42.97347758578514,-0.37517324
Y04023,-476.49916630075234,-10.261684027236011,0.80000377
Y04024,-481.8189733866167,5.973430982178216,0.80120426
Y04026,-474.24151285874336,-14.277287814756553,0.3074657
Y04027,-494.26309985829175,-34.50920912507894,0.36970457
Y04028,-484.4201989180393,-22.83747773024231,0.37420115
Y04029,-479.3862822339826,-9.935751414079663,-0.18332848
Y04031,-463.6417308275281,-14.277466579514446,-0.036330543
Y04032,-445.01690650202096,-28.5020773814834,-0.03422141
Y04033,-473.89936535666556,-21.58731384303355,-0.035609476
Y04036,-496.285141140191,-21.70509577876235,-0.59361035
Y04037,-504.6749215333307,-16.094021299928073,1.6740199
Y04045,-482.29769283743354,-13.963134614415702,0.4932421
Y04048,-492.9963111596502,-8.683647704704473,1.6439453
Y04049,-484.5742080604919,-25.168264659533758,-0.48534152
Y04050,-477.9207237766312,-2.791579231295497,-0.45293453
Y04051,-487.94421190197323,-27.918526674641473,-0.4282696
Y04052,-481.82398714447106,-12.051110117331977,-0.45552838
Y04054,-465.4628103635221,6.66535522328357,-0.44827652
Y04057,-483.0454640838498,-10.724751147904284,-0.44100285
Y04058,-481.1602314360278,-4.735721363215895,-0.46188325
Y04066,-483.14094801308613,-14.324049435339909,-0.4368461
Y04069,-491.5952179731364,-18.314409095064242,-0.4579632
Y04072,-464.18861413641565,4.427568958858946,-0.69844204
Y04073,-481.95848093440605,-7.265304140647582,-0.44110265
Y04074,-479.1101920282934,-5.7707358290950586,-0.44409624
Y04077,-487.37295812089303,-14.797400651927582,0.12951848
Y04078,-459.5425291137442,2.2824832730379963,-0.6906964
Y04084,-476.9884856692991,-10.846494298410503,-1.3154025
Y04085,-465.5158770133037,-8.052102071819133,-1.3154025
Y04086,-481.06882651873826,-14.766741893667293,-1.3154025
Y04087,-477.1952618614624,-5.497190655676602,-1.3154025
Y04094,-474.89693162530386,-9.433889746215208,-1.1236429
Y04098,-484.1349940575583,-10.575270417846827,0.3558648
Y04099,-444.7776374100073,-7.51760147338833,-1.0226756
Y04100,-478.9033190099355,-20.965697078668903,-1.0278134
Y04101,-426.0411144286298,-55.52572990970381,-0.6462657
Y04102,-490.80567300646777,-16.376906861198442,-0.075834945
Y04103,-478.0002455210877,-10.905630074029517,-1.1439769
Y04104,-468.1084241043671,-2.4936735204187603,0.7472574
Y04105,-474.3967713459678,22.94450014395336,1.0697925
Y04106,-443.5581737075646,13.235395109123758,-0.5279929
Y04107,-482.5931463622678,-0.03828783872490747,-0.3409831
Y04108,-479.3260140801352,-0.28919645430513996,0.42721
Y04109,-476.38029252385564,-17.67513983129277,-1.257307
Y04110,-482.52428076413577,0.3633306948370662,1.1303625
Y04112,-486.98086055082206,-5.016591155970759,1.188661
Y04113,-479.00474639093716,-20.253398000053295,-0.53735304
Y04115,-492.77864848901464,-7.217151996479912,1.7522141
Y04120,-480.40378032988974,-10.286958686697075,-0.59361035
Y04121,-499.15522297389674,-28.646606264287755,-0.55752075
Y04122,-489.09587760582457,-28.185742961589845,-0.55752075
Y04126,-489.9964701813912,-16.3256091903325,-0.5523651
Y04127,-472.74280061227967,0.5744706539813265,-0.55752075
Y04128,-478.2568766820857,-1.6669702563486528,-0.55752075
Y04130,-495.64236993233834,-31.673473413836778,-0.55752075
Y04131,-482.82432997590524,-13.693976438546208,-0.55752075
Y04133,-484.359242478502,-12.970374960795848,-0.55752075
Y04134,-476.5501712545739,-19.446283824436208,-0.8473312
Y04141,-487.3545808646239,-7.136762446993794,-0.052266218
Y04142,-500.21200625443703,-23.451872105141373,1.5845722
Y04144,-467.9559737022091,-8.811849227551898,-0.7222777
Y04160,-480.3700611334153,-21.371044002174177,-0.2688039
Y04161,-512.7808133297953,-25.468690657742354,1.487034
Y04165,-496.5360442573104,-7.52072862207342,1.4567305
Y04167,-486.6057359466011,-2.156434954414819,0.019913
Y04168,-333.99557105018204,13.3902912778071,0.5973467
Y04169,-486.5896139253901,-7.46747314619872,0.17448547
Y04170,-497.78012521385625,-5.421886429305954,1.8005106
Y04171,-478.2543663494166,-8.076738565452713,-0.54111636
Y04174,-478.01596121993356,-6.966688638398899,-0.2619945
Y04176,-492.9447565512814,-28.11928739600128,-0.50010544
Y04183,-475.2562220569973,-11.621415655684505,-0.33543086
Y04186,-509.48811998303717,-27.670600306829623,1.5996068
Y04187,-483.04563130900146,-15.949694253253497,0.17792697
Y04189,-478.17227680050416,-3.286584911530544,-0.3648734
Y04190,-473.7297713272859,-3.842995305105612,-0.3659682
Y04191,-479.463767595079,-1.7865972486665704,-0.3650428
Y04192,-479.48553364770714,-8.256437640928485,-0.3660052
Y04195,-473.5586556658723,-2.7460247752674767,-1.2916864
Y04196,-511.87117630019793,-44.723133169109104,-0.34098312
Y04198,-468.73345740452623,-12.0178912414185,-1.3057448
Y04202,-316.39838331820147,-86.14219958417212,-1.04309
Y04203,-480.11942434664564,-22.422596891312548,-1.0252421
Y04204,-481.8426335728815,3.5298737503341835,-0.25247762
Y04205,-478.5252768000548,-13.441851355213304,-0.25382328
Y04209,-472.66424281303443,-4.109135254868064,-0.7546255
Y04211,-498.83547001087214,-11.262409709398764,1.6692082
Y04213,-482.2745246156759,-20.31209730587339,-0.782622
Y04215,-480.3856912646671,-7.673213415852234,-0.37609732
Y04216,-503.28657515553346,-17.457993022232465,1.7864994
Y04219,-473.0291271414477,-4.3541161350224975,-1.0855687
Y04221,-474.8058497911232,-10.625385264574817,-1.2509568
Y04224,-482.5891945837942,-18.667506305855568,-1.2816414
Y04225,-362.84894628652,174.32378641666193,-0.3409831
Y04244,-474.08761672242514,-14.201400647513548,-0.37191704
Y04246,-502.2690173507318,-21.485651970314205,1.9687519
Y04250,-482.39521394809054,-0.4943029087111432,0.7668308
Y04263,-461.90341321271416,-103.12534556934399,-0.66578954
Y04264,-477.18642879022275,-5.755882630630513,-0.5806181
Y04265,-490.955817509762,-28.01194776408679,-0.23927602
Y04266,-99.68328406830514,13.20765884248505,-0.24161948
Y04271,-475.70430792248715,-7.250057225731691,-0.36582398
Y04273,-40.90410759537726,341.70123710250795,-1.231024
Y04277,-489.0481842929462,-39.48021012235505,1.7537833
Y04283,-492.3704437037282,-13.192781454030952,0.43055424
Y04284,-494.20209105059035,-33.42893838798749,0.42978784
Y04286,-490.4754960721242,-16.597378794062273,0.4349435
Y04291,-484.60123124422097,-4.664810360743533,0.011710816
Y04292,-483.14824623797426,-19.48729787920641,-0.013400486
Y04297,-470.643007110465,-16.62677894837632,-0.07725133
Y04300,-484.80122463709574,-8.493860494063806,0.40246284
Y04301,-487.6488072012888,-12.175089020049283,0.3988539
Y04326,-488.14678716337545,-17.696076560589635,-0.2625274
Y04331,-460.8038102083318,14.568646468585245,-0.36589003
Y04333,-146.14814385555212,-319.75699885435336,0.24217917
Y04334,-441.3607421860445,-9.322115355661765,-0.73241657
Y04335,-513.362625891207,-32.63734005449619,0.7777948
Y04338,-484.6335193363926,-15.00813738193122,-0.26880386
Y04347,-474.6264259847111,0.8701442857786689,-0.9937805
Y04359,-466.98460953011045,-7.72129258317008,-1.0972958
Y04361,-490.82339275396515,-16.741622533483156,1.1567357
Y04366,-484.07093043415574,-32.13876911702156,0.2227615
Y04367,-478.06174890247627,-47.86186206426533,0.22682676
Y04370,-485.7035495837749,-41.19429129001378,0.21907417
Y04372,-484.4867369845032,-16.266659045311084,0.22517265
Y04376,-480.60499820776926,-6.1471157472532685,-1.2255323
Y04377,-478.92454296901025,-5.803561689986239,-0.25492325
Y04380,-471.3121960935321,-4.990970668055268,-1.3154025
Y04395,-472.9187631012523,-9.367100846618738,-1.2432233
Y04397,-489.49047016818,-28.05419852856946,-0.16053504
Y04399,-441.2499460284154,-18.88894090819802,-0.7134279
Y04400,-495.4582349245128,-5.313678255510638,1.694157
Y04404,-497.07190269174316,-17.50564104345047,1.0838624
Y04405,-481.84817200555113,-6.269741968336227,0.35626817
Y04406,-486.9433469238546,-16.397993989729557,0.68456334
Y04419,-470.19056882224294,-18.48536995607969,-1.2432233
Y04422,-487.9417197432457,-12.294637037390116,-0.06730355
Y04425,-498.1331652522555,-31.39552213676116,0.7743022
Y04426,-427.31355675234283,-12.373161582000558,0.5271183
Y04430,-502.8633002079915,-46.833061829339705,0.019913
Y04433,-511.2695847934057,-53.05407957820578,-0.19662465
Y04438,-487.7416469790422,-18.910544914853517,-0.45764485
Y04441,-475.4560570639289,-15.348017688534519,-1.2307024
Y04446,-489.2738153830627,-8.854766462363164,0.42838174
Y04456,-486.20335435699974,-1.2491355889098321,0.44167665
Y04458,-487.6883637837847,-9.474731231020924,0.44154525
Y04460,-436.27432741166945,30.617516872612946,-0.9874578
Y04462,-487.7696603946821,-37.88238279858293,-0.9219377
Y04463,-490.3615419302829,-8.151915500056377,1.1619267
Y04467,-480.30823201363705,-0.620979477963142,1.7522142
Y04468,-530.0142641963632,-74.75035708865094,0.5251675
Y04474,-449.8287547426603,-20.991446246779432,-1.2916723
Y04476,-491.56903284788393,-14.769789599901536,0.50316167
Y04477,-395.50664545370506,-8.393158472138968,-1.3154025
Y04478,-473.86332104209936,-19.284497040936127,-1.2919931
Y04485,-480.2410378419993,-27.753052529887555,-0.7668405
Y04487,-491.41141067447285,-12.41765049625187,0.8253414
Y04488,-453.34782078769257,21.162481310494382,-0.17497088
Y04493,-493.2627108109063,0.33900614068644636,0.9149353
Y04502,-495.8690975573026,-7.057770597874806,1.1249112
Y04506,-450.08693963336924,-63.53966864471886,-0.3048935
Y04507,-508.3134933364392,-24.949013241764533,1.8931354
Y04508,-494.9241645346753,-33.93435905428579,-0.23271427
Y04510,-484.9579648336739,-18.076856625807633,-0.48534152
Y04511,-499.9751158419797,-39.911547428202425,-0.23271427
Y04512,-498.03037028027984,-19.240310791641072,1.6570687
Y04513,-472.49288576004807,-24.568507602431723,0.3680716
Y04516,-471.7062443434005,-23.029538135895137,-0.74529946
Y04521,-493.2149166650371,-14.392319566155187,1.1581237
Y04531,-482.26276080203485,-33.335963975005676,-0.301192
Y04537,-487.0638444310005,-7.430851602885509,0.43923986
Y04538,-468.7611594333236,-16.360326909396033,1.873036
Y04542,-475.126674226679,-56.52825862487322,0.47103313
Y04543,-494.76184265258325,-17.53274435074476,1.7058133
Y04549,-482.39234027481393,-13.998119992335882,0.13802445
Y04551,-480.3424209062924,-6.113960839843975,0.41224197
Y04553,-489.4599454668396,-8.493897149482544,0.7567972
Y04555,-486.7503234415951,-10.775863759161396,0.027732415
Y04558,-466.62520773259445,-5.088192988211919,0.6098996
Y04566,-494.9415637148212,-11.434888910531074,1.7720635
Y04567,-484.5065033037487,-49.51341298245513,-0.24474414
Y04572,-470.3827140397934,-4.19896494571783,-0.24727674
Y04584,-472.68873232577914,-4.245076920199031,-1.3154025
Y04585,-416.81772511042664,-52.01934100800673,0.5220293
Y04586,-469.34997545331277,-11.019039174693637,0.5220293
Y04587,-454.98026322883527,-30.06166254662178,0.5220293
Y04588,-472.48630830120277,-15.04922696365568,0.5284484
Y04596,-476.8906708369945,-37.50997086646702,-0.8462376
Y04600,-306.8104341555374,-5.19384199003095,-0.6933875
Y04601,-493.4076422312537,-15.334161422654288,1.1567357
Y04602,-497.4147313971033,-12.958167653334618,1.1270149
Y04603,-485.2584167783411,-17.081651218165003,-0.30088353
Y04605,-427.9254395939128,15.852790318272028,-1.3154025
Y04609,-480.6081802521675,-1.4206219092382093,-0.038577054
Y04610,-489.55057338052615,-24.577561187365713,-0.24624786
Y04628,-479.7088503481293,8.0998271895111,0.43855247
Y04629,-416.66763931273505,-73.71319740286926,0.23645064
Y04630,-503.5476380017321,-9.982740641608585,1.6850475
Y04631,-499.461322952189,-5.174197776005161,1.6950157
Y04632,-477.0373984111668,-8.076885924859761,-0.6874433
Y04633,-484.07434176185416,-6.977912009082697,0.6804368
Y04635,-471.445175228118,-7.451227345987972,-1.2929205
Y04638,-485.51661291085423,-8.976548697593831,0.1070728
Y04641,-489.0273913279798,-3.435595702353022,0.45010114
Y04645,-323.78902132617253,125.56658337701236,0.83622557
Y04649,-502.0221059275712,-15.096731802821,2.2574687
Y04654,-440.8878144320619,12.997907331973655,0.122629575
Y04657,-485.2389443022542,-13.02041618307771,-0.25752586
Y04660,-288.0269023801937,-434.59179534916814,-0.52143115
Y04661,-483.2563751297269,-18.72018864160351,-0.04639116
Y04662,-353.1266687625117,157.72787259485986,0.6437477
Y04664,-85.41487133500112,-11.025480331104504,-0.2671382
Y04669,-500.35917152492135,-15.879486259780379,1.480683
Y04672,-477.9324884623789,-11.74430246401565,-0.7018792
Y04679,-485.1984047582466,-56.666497434584414,-0.9184168
Y04680,-470.9172253136512,-10.455281788110995,-0.9184168
Y04681,-490.88676250387556,-25.796017734038628,0.8558491
Y04684,-400.56757670276096,36.29124494081882,-1.3016541
Y04687,-450.7792272386523,-18.441321914689784,-0.93130594
Y04688,-438.4100111834436,-11.285591692256522,-1.0047952
Y04689,-438.75604029287365,-9.659789390779906,-0.93065053
Y04690,-333.8212217805156,-28.02637886224563,-0.97895426
Y04702,-361.6629755838167,205.24258959746612,-1.0135622
Y04707,-471.11756321927635,-14.19411122950095,0.59283555
Y04711,-487.89273143578396,-14.356971077103982,1.1675626
Y04721,-475.1785762579803,-16.54897020844514,-0.06455205
Y04722,-458.2507650037967,28.000480594667806,0.7099463
Y04723,-483.72511635722697,-17.447308538924574,-0.06987091
Y04727,-456.8602826941481,17.032156607153986,-1.2432233
Y04755,-465.07872190279176,-62.18740950581372,-1.2304858
Y04769,-477.90812710971176,-45.28946058605976,-1.1349545
Y04775,-465.2933308358387,-6.537014881936926,-1.1349543
Y04786,-138.6097082601875,79.06184947174408,-1.3058277
Y04788,-475.0472655644501,-20.317161660579764,-0.5646204
Y04789,-462.75260951322565,-2.560136843673587,-0.984088
Y04792,-484.0302329741996,-37.67555713012229,-0.997814
Y04795,-391.56581318924617,42.43823063398556,1.4788798
Y04799,-450.1647405596861,-40.42616371722711,-0.45495027
Y04804,-468.0683224899018,-3.3899565621500134,-0.54849833
Y04805,-404.6405810380465,-26.798959186488823,-1.1349543
Y04806,-484.34026661331734,-23.95213231717513,1.9745727
Y04808,-496.97851449028434,-13.316036441602538,1.6439453
Y04809,-166.00782393932695,103.2971964189922,-0.6855807
Y04810,-423.59756598028764,83.7657693891154,1.7522142
Y04812,-466.81483710991523,-2.9833003961715328,-1.2071337
Y04817,-481.27570958208065,-13.7768278440718,-0.1883937
Y04831,-440.8395092603696,-12.670588521448146,-0.38594717
Y04832,-456.20062712327604,9.062758850142474,-0.37707272
Y04833,-434.2101792724542,4.695060113858297,-0.5658491
Y04836,-469.48845512269185,-53.07653263091971,-1.0086409
Y04837,-459.8144123367661,-17.60890067476791,-1.0266856
Y04838,-480.0447242623227,-17.98245843943058,-0.3682086
Y04846,-488.58984239355726,-32.86888540070225,0.60718936
Y04852,-484.84993930723647,-30.07240212040722,0.75564885
Y04862,-482.71546925398195,-27.78616867329795,-0.06899067
Y04872,-479.11472022268237,0.22285370526985374,1.1117878
Y04882,-96.34120015140013,23.577941026883458,-0.15380648
Y04883,-202.7166665936724,-78.0389544405075,-0.15380648
Y04884,-127.59307094764758,8.073953020018665,1.0371506
Y04886,-431.6653548271056,-33.28322917851725,-1.3009666
Y04887,-346.7558304051778,-345.4203119980095,-0.62969995
Y04893,-493.77713974950075,-35.63064110791632,1.5852998
Y04896,-454.461881529771,-20.246806105184643,-1.1068168
Y04900,-381.40200344605324,48.00070108022375,-1.0135622
Y04901,-490.7495304984538,-37.120973821652846,1.1699685
Y04905,-477.88220916152324,-2.5670126678606078,-1.0764308
Y04907,-468.6057760661086,-15.709384740034526,-1.1349546
Y04908,-425.86336121481213,-16.175594295572413,-1.1498882
Y04909,-486.41237137107385,-14.103938257486712,1.340548
Y04912,-487.18679748150106,-28.196885989653076,1.322085
Y04913,-421.49260306632897,-22.606370223571567,0.040098716
Y04917,-473.7947593992513,-18.965010042142243,-0.9022133
Y04918,-482.758432485137,-10.470239669151246,-0.26712528
Y04919,-419.2893785499133,-142.03320172649617,0.20036104
Y04920,-468.18690600616657,-19.465751364425866,-0.37306273
Y04921,-479.1904312591434,-19.43229760962395,-0.36645812
Y04922,-471.3884303224392,-8.178449210364523,-0.37306273
Y04923,-467.9647866845512,-29.452235781302388,-0.37306273
Y04925,-282.2498422879881,287.38236014940156,0.6695259
Y04926,-347.61244621696085,144.06597485058103,0.669526
Y04927,93.64786979937537,191.88582221600203,0.669526
Y04929,-491.53333540553274,-8.650807779763554,1.7229989
Y04933,-445.6747971615909,-52.810620285447385,1.113998
Y04934,-390.7436736960471,-58.78906950254448,0.6646046
Y04938,-194.1978474820964,-48.88885318386364,-0.097853094
Y04941,-447.31613783653256,6.058417271521094,0.04270644
Y04942,-334.5305560796516,116.82888644275542,-0.7037786
Y04943,-316.11211690657376,-340.3588473872827,-0.810148
Y04944,-382.8736898511123,-13.061551174583986,1.6078558
Y04945,-116.69930183805812,-266.6783822233455,-0.052266218
Y04947,-197.90587643987166,-162.653843566872,-0.55942017
Y04949,-156.1096215105927,-271.3798301438077,1.3042785
Y04950,-434.3973501418229,17.69454479900761,1.7047279
Y04951,-241.55345865922922,116.67033339161661,-0.55942017
Y04952,-117.16628576222206,-35.91186786796408,-0.55942017
Y04954,-427.1860474289457,-41.46057736468341,-0.38087162
Y04955,-77.15650899450554,-126.51921268185264,-1.0627753
Y04957,3024.405690381655,652.8910011141782,-0.48018584
Y04958,-492.7417576020376,-20.67196769683372,0.68080395
Y04965,-281.8768565242876,82.20741130184776,-0.55942017
Y04966,-463.0956666853955,8.765124583881018,-1.1349545
Y04968,-156.20199583661332,245.47258596025355,0.44728994
Y04969,-71.2958456221144,48.999307248376816,-0.15483668
Y04971,-475.01737064860146,-27.37650128593457,-0.060069375
Y04972,-468.54398087890155,-8.996363355470741,-1.167034
Y04973,-499.3871249921283,-14.054692341314123,2.13717
Y04974,-497.2631495589041,-18.904301804573688,1.3385718
Y04975,-407.80452734159337,-6.9541589656282,1.457799
Y04976,-504.356165696899,-10.492940780892887,2.019702
Y04977,364.0634563991959,133.14127689175103,-0.66578954
Y04979,-396.17131384269527,-113.32995922694515,0.20036104
Y04980,-426.28672560293006,-9.989806608709523,-1.1118027
Y04983,-469.46674109460946,-23.35888699803546,-1.3154025
Y04985,-482.6882683840011,-20.183805266558473,-0.57007366
Y04988,-416.05611749882763,101.9093180381064,-1.1229246
Y04994,-494.07015669466745,-24.14991613689379,1.0396543
Y04995,3117.449221551993,462.62464007350445,-0.3616057
Y04996,-463.3361962030274,-15.45369110713994,-0.5604469
Y04997,-439.12772636968936,-16.361782591643646,0.031942874
Y04999,-472.2737015780738,-2.333037055656876,-0.07169908
Y05003,-486.83863815783644,-34.06748932835545,-0.07725133
Y05006,-470.8338953781963,27.755723692754973,0.75373507
Y05008,-333.29928335429116,-290.7269726229151,-0.810148
Y05012,-493.3976848888142,-19.541719155042045,1.0474054
Y05013,-481.72256149852353,-21.18328665500439,-0.46391332
Y05014,-458.7796462965753,-57.241137309746236,-1.0881717
Y05015,-468.036820553848,-45.05750500716715,-0.8650042
Y05018,-476.55855890123894,-20.78079923136609,-0.25417295
Y05019,-449.8676697509835,-34.01056871161536,-0.85024756
Y05021,-448.15035928534826,-279.16870905562644,-0.41316226
Y05023,-74.69170087631275,279.068274819367,0.9341831
Y05027,-423.3209181840351,-90.28341793561255,-0.26345727
Y05048,-486.16487062296324,-10.245357786861588,1.0524279
Y05050,-486.2939869778942,-34.611292885152096,1.0550686
Y05062,-491.7208999918921,-25.837610054023894,1.4274077
Y05063,-482.8467941961767,-48.06165511986372,-0.990596
Y05069,-493.87889792508656,-52.5244362462949,0.35503078
Y05071,-476.99199082845985,-52.55480722261445,-1.3154025
Y05073,-467.84226252335003,-9.776628225834834,-1.1137253
Y05074,-419.5878294387528,33.69543560202283,-0.7018792
Y05075,-476.15586069587675,-15.85700481195087,-0.053002737
Y05076,-432.8043237195538,-5.490238097138852,0.36046767
Y05078,-383.3239592377933,-67.71633332767925,0.6133866
Y05080,-235.21647911543664,84.42543453143635,0.9622528
Y05084,-496.5411838444175,-17.891903149204346,2.2574687
Y05088,-335.96646534696185,191.1459758601783,-0.80212814
Y05095,-385.1603068622033,-150.7420374211729,0.2173444
Y05100,-396.63524088077577,-0.10652991880789674,0.9163789
Y05106,-467.28565312813436,-14.379751930283023,-1.2237349
Y05107,-374.910228930556,54.99289383062645,-0.5325356
Y05109,-501.4331931381647,-37.39568268566429,2.0642147
Y05110,-449.12831758187104,-12.237153991944647,-0.46559438
Y05111,-477.06092597915017,-19.592606863358956,-0.3828936
Y05113,-453.1526680936217,-21.633106601293516,-0.9184168
Y05117,-383.16007603903483,68.35050462471251,-0.5019983
Y05118,-469.0805941728327,-28.355164318652285,-0.07223068
Y05119,-465.1341379677173,-30.797695051209182,-0.06500372
Y05125,-463.91309772421,-36.95513016028198,0.09209221
Y05126,-469.89937226362565,11.270577953646189,1.3467368
Y05127,-472.4096049074947,-14.824346302389309,-1.1169097
Y05129,-460.6684049507436,-59.74433804410434,-0.055670895
Y05130,-480.6177731872068,-33.49198572283919,0.4349435
Y05131,-469.370971810389,-19.96360170834965,-1.1143318
Y05132,-477.62242933498715,-27.977587723903895,-0.06354422
Y05136,-471.431734698131,-21.52022058313075,-0.9360934
Y05137,-439.4939501822601,-41.927080049977434,-1.3154025
Y05140,-458.34644088563044,4.925490126465393,-0.719924
Y05141,-308.57394062174,-93.55233746234437,-0.8250084
Y05142,-416.8638841159286,14.482909272407532,-0.8250084
Y05147,-480.63363638265207,-19.281329712568688,-0.2515436
Y05148,-396.8081478237348,-53.397873514476395,1.9826324
Y05150,-477.29016347524424,-56.19425915046124,1.4713428
Y05152,-467.87107867896333,-18.55147294312217,-0.26880386
Y05153,-467.21236126975964,-33.216165481435894,-0.26880386
Y05154,-461.6360813283059,-24.43325397721347,-0.26880386
Y05155,-469.24739102756104,-4.059164272909607,-0.26880386
Y05157,-474.167779595782,2.2993986311909476,1.8781595
Y05160,-458.9369445684106,15.619405449225953,-1.1580518
Y05161,-425.184432653879,-62.26486993719732,-0.9799814
Y05162,-422.4199962575114,-29.537549922118043,-0.9799814
Y05163,-448.70608305043555,-58.70104434057267,-0.97760385
Y05164,-485.6297612436835,-51.26826692771685,-0.6087447
Y05165,-471.6336002479354,-23.49484369002668,0.8688034
Y05166,-481.8389225150887,-29.230009473951267,0.8680188
Y05167,293.85372993938444,330.44599645232427,-0.8250084
Y05168,-338.5894042541418,234.2890298628082,-0.5394759
Y05174,-452.2177619918018,-3.2882505639793553,1.3496763
Y05175,-470.25637777373953,-39.67538413681625,2.1158864
Y05177,-485.1929127294147,-34.80646279660402,0.8956875
Y05178,-440.4717087516328,71.93234527176907,-0.7018792
Y05185,-491.5658476679565,-55.52542232889959,2.108709
Y05186,-478.2092978076421,-27.995896156546127,1.3467368
Y05187,-443.71027059546236,-72.6247997967068,-0.9799814
Y05189,-486.8030876176873,-17.53471522102152,0.65612125
Y05190,-408.1319765729524,-27.474006669952892,-1.1031107
Y05192,-313.5434327439381,295.2643475418844,-0.69114983
Y05193,-421.06782238852855,-134.8917225562643,0.14585836
Y05197,-457.0735178298068,-34.719301080290904,0.67096955
Y05201,-477.6758343104214,-21.514757891903777,1.0553114
Y05203,-465.12932655088497,-56.99686762787102,-1.1579207
Y05204,-477.095969364514,-18.484298098508663,-0.3590279
Y05207,-486.9968216524906,-22.812050855549902,0.7777948
Y05212,-265.802264244345,50.728507074631366,1.2815763
Y05215,-452.1970447191101,13.973272350348717,-0.90109384
Y05222,-408.7685069346713,119.96181600267553,-0.55992675
Y05227,-407.62254217422986,-230.3863466479322,-1.1614202
Y05228,-439.97856831299305,-37.963173220930265,-0.8472991
Y05230,-443.08832293555633,-33.808131476878316,-1.0864202
Y05231,-318.11245990213797,44.128890461554754,-0.973656
Y05233,-461.20016206324044,-22.495825682300758,-1.007536
Y05241,-465.2631899340089,-42.813171451724436,-1.2552532
Y05244,-488.02506032584546,-27.85131658260221,1.093799
Y05246,-473.5716134838827,-23.425436641757976,-0.4763191
Y05247,-482.1684029383571,-46.960262253714454,-0.4647189
Y05248,109.00400420567452,268.1420874900268,-0.5567842
Y05250,-458.2690063794324,-48.57168267948036,-1.0908449
Y05251,-466.5194174890406,-28.846703077692336,-1.0981283
Y05252,-467.27033874845796,-16.92775835660726,-1.0981283
Y05253,-461.9803826259967,-7.485729849959093,-1.0988649
Y05257,-427.80486316371343,53.15033899530051,-1.0973291
Y05258,-378.77929466991355,73.36764199840887,0.5936641
Y05260,-454.4207565930666,-27.56757130203638,-1.007919
Y05271,-491.1683943157978,-9.20758034144801,1.9495553
Y05273,-418.6929251128776,36.15077599174095,2.0232546
Y05274,-449.9946048018052,44.8493403769095,-0.88584816
Y05277,-482.0881216255066,-35.429863549669975,0.69960064
Y05279,-466.36927074371505,-6.476497963332459,-1.0996327
Y05286,381.24622068642054,314.8329588766455,-0.34098306
Y05288,-476.53503180199124,13.312640941350994,1.3371836
Y05291,-6.6999513876911125,70.25326759965682,0.11052095
Y05294,-474.68546607236857,-23.089591174792762,-0.8231032
Y05297,-479.7623151658022,-20.550047471112357,0.41449273
Y05299,-465.9274000626412,1.0398967253325715,-0.33148584
Y05300,-478.0713344612716,-15.687143519091277,-1.1127454
Y05305,-469.3421930231394,-10.124064696166657,-0.55992675
Y05306,-461.60296897815516,-62.566925393007274,-0.58458793
Y05311,-426.50631810416513,-67.86135578811864,0.16427143
Y05313,-475.3753283983442,-21.316863145453286,-0.445971
Y05317,26.42823159790431,127.55140144453321,-0.22790231
Y05318,7.3444855749770035,-64.88536464525383,-0.22790231
Y05327,-462.1232419483071,-10.058934505537763,-1.1053425
Y05330,-405.00714595454275,32.492207290883464,-1.272095
Y05332,-484.37154199353614,-56.66227830843334,1.2600832
Y05333,-349.21370405146286,-7.705835260498121,-1.1349545
Y05336,-376.569578477527,-13.32843611477574,-0.06910804
Y05339,-413.543770814447,1.2841360905573493,-0.06910804
Y05346,-229.03103840204267,231.59932240934415,-0.0771556
Y05349,-240.603266598105,124.57522374514663,-0.26880386
Y05351,-470.6659463937667,-23.314007881153714,-0.8305465
Y05353,-455.6819463827828,-7.117597461860692,-0.7238468
Y05362,-470.9348683306331,-36.02567725802745,-1.1416378
Y05363,57.18040477240652,26.417077940719427,-0.55992675
Y05364,54.05144329637926,87.08943970838205,-0.55992675
Y05367,-399.8988092357899,-37.36402232171778,-0.28805164
Y05368,-489.52181144074945,-23.652297114888395,1.172881
Y05369,64.40538187181814,115.4455536716703,0.3775282
Y05370,-466.8899080943346,-15.513665203048937,-0.3409831
Y05373,-416.7265957799754,39.70032198127309,-1.2474197
Y05383,-473.07806485302007,-18.96524396565547,-0.25705376
Y05389,-469.23435891991386,-10.396567295005221,-1.2451228
Y05401,-450.62184169341356,-20.702192529099925,-0.34754485
Y05404,-445.40801553292124,123.69082467031575,-0.25148088
Y05408,-451.928126010209,36.663356572059946,-1.1021457
Y05412,-469.2558508806978,-25.589753381888524,-1.1249297
Y05427,-473.1441471938801,-45.36626414511258,-1.1537839
Y05436,-285.8341195049913,-124.31424136296458,1.860483
Y05445,-434.3521565811304,-42.920978382947986,-1.0215299
Y05448,-482.52795384574176,-40.809657229893865,0.44998083
Y05449,-459.02648882303845,-38.369158671915315,-0.9390395
Y05454,-353.9749586605311,-74.08039253512372,-0.96481776
Y05455,-476.07281320623423,-25.40162844176,-0.9605214
Y05456,-457.82702595311224,-18.28042701655199,-0.61001474
Y05460,-474.750408773344,-58.23995644191492,-0.442034
Y05472,-404.29245703071575,-102.07299076745255,-0.719924
Y05478,-482.00370586488606,-35.265907421653075,1.8543214
Y05482,-490.53851743834656,-54.0265822107075,1.1112628
Y05491,-484.54509851193797,-38.565611279948094,1.2502406
Y05493,-389.7813274996669,-68.51841251657015,-0.3298786
Y05495,-476.0590640171365,-36.49857930016078,-0.46729672
Y05497,-472.2268177717375,-57.35232355922879,0.019913
Y05498,-486.60029831361345,-43.993266058239726,1.6068246
Y05502,-485.85827519914767,-28.35782170592544,1.0785416
Y05507,-465.78937998361374,-27.857420380329142,-0.6047149
Y05509,-473.8447442746989,-43.697584960406495,1.7522143
Y05515,-485.0637926529312,-58.15044671088251,1.2406832
Y05540,-463.1944693457359,-43.438546912063146,-1.1567982
Y05541,-474.629389961853,-84.47107737543556,-1.2552532
Y05549,-456.48601909149795,-19.926885011837015,-0.8245838
Y05552,-404.60250242102603,17.79571097123739,-0.7074314
Y05555,-465.87062289977774,-13.795569000189166,0.62209386
Y05564,-476.2700905407856,-46.41069983420591,0.7777948
Y05565,-486.2442903677834,-65.75489062489628,1.1335351
Y05566,-224.68861069227387,92.13664269667521,0.94874555
Y05568,-433.0224970777778,-63.78149370778702,1.1709815
Y05570,-464.33107530454464,-39.916495170022294,-1.0287479
Y05574,-478.56940063749903,-42.536499075371694,0.17442164
Y05576,-487.5873305108111,-37.415271826832885,1.304508
Y05583,-481.0258632790301,-44.23151841679173,0.22265169
Y05600,-485.833890067309,-53.48160878325174,1.3002348
Y05608,-471.38562345438373,-38.709373871095366,-0.32729393
Y05609,-413.48382497633935,-10.260432004971069,0.8233816
Y05611,-406.6732312562452,-16.337255710823445,-0.7037786
Y05612,-422.86005061014987,21.222507157771332,-0.207354
Y05613,-471.07492093493994,-51.35483547831701,-0.20961691
Y05614,-404.96460787709543,27.72711171102925,-0.20612192
Y05615,-466.0993345824884,-62.18041046850668,-0.80112565
Y05620,-441.9451393777697,-42.543473169282905,-0.4686848
Y05622,-200.90314200970752,73.87778978862868,-1.2071337
Y05625,-443.0888526035036,-22.522064417947526,-0.066146836
Y05632,-465.83875898820077,-52.97630534354184,-0.6550964
Y05638,-473.04353419262475,-34.4811079460573,-0.6366851
Y05645,-477.9186840622215,-32.89430858895863,-0.72698504
Y05648,-464.26632813347925,-32.73959307595162,-0.42194086
Y05657,-446.7758546825469,-41.55797330011824,-0.88854957
Y05658,-490.5421813388194,-47.7327572838302,1.0809475
Y05660,-274.41238276810753,-16.955425852555894,-0.3409831
Y05671,-445.15070243813585,25.18942606741065,-0.42519218
Y05675,-464.9569447036748,-35.70200541556525,0.82203364
Y05676,-462.14155683584977,-43.814865982847884,0.8229068
Y05682,-463.72785946887547,-26.038366766590887,-0.11542303
Y05686,-441.2394277045409,-61.72374493627053,-0.107462086
Y05687,-473.5203351509264,-64.40432417318277,-0.3409831
Y05690,469.7447630241893,67.63170220305749,-0.60847074
Y05696,-397.6870471418895,-19.59575500648316,-0.3409831
Y05697,-464.1787815213585,-49.03795042742041,-1.1626232
Y05699,-459.8128314852542,94.26105140287267,0.43175912
Y05712,-463.5209102680096,-33.29465520797291,0.43175912
Y05715,-469.34730092979464,-35.68404687243232,-0.8450734
Y05717,-457.5308688233972,-36.128743513654356,-0.20113586
Y05719,-187.1059949949376,132.70420835535424,-0.19990553
Y05730,-443.27023121956205,-44.14163325239361,-0.21031381
Y05731,-382.5774160527512,-26.36392383167645,0.22830139
Y05733,195.44780225764566,-52.74481001909392,-0.32457873
Y05735,-464.61723631115296,-45.545805515286524,-0.11542303
Y05736,-458.0094937058942,-41.32037433005547,-0.11132193
Y05738,-397.91524965741246,-0.28586130543944144,-1.0357081
Y05741,-452.8570109959768,-32.1021746615278,-0.9400705
Y05743,-483.93641562046105,-37.49676633899359,1.1838028
Y05747,-488.55852592054526,-46.40646566207029,1.6937242
Y05749,-426.3795597332184,106.302201843144,-0.3770727
Y05751,-440.0059496362359,-22.831422466052306,-0.9472885
Y05753,-460.54553892800345,-32.288339228108164,-1.0332474
Y05754,-468.01817835054663,-36.61838174044265,-0.01617661
Y05755,-467.84293736862736,-38.92013065859272,-0.01617661
Y05757,-428.58785459555867,-75.73430601513529,0.65148115
Y05758,-468.1317405929397,-32.76067863693202,0.66694814
Y05759,-462.95244832923805,-84.48457270960817,0.65749615
Y05762,-464.81083910734446,24.81505222041934,1.0746609
Y05771,-401.6248458492638,5.256450368325235,0.94183844
Y05776,-432.5236863086505,3.126195074796349,-1.0744171
Y05782,-460.5319613087384,-41.95843983140771,-0.9482841
Y05783,-465.8459081535476,-61.0953385565934,-0.7018792
Y05784,-476.2533981390413,-54.81469542325523,0.76669025
Y05785,-457.6567036914722,-58.126867145252454,-0.6657896
Y05788,-413.85127524382716,7.696545951040394,-1.3081845
Y05795,-364.63447316234567,-8.612731267160848,-1.1638262
Y05805,-457.2748436435493,-19.072491915298116,-1.0744171
Y05807,-461.76221654733814,-55.956910855231875,-1.0788151
Y05808,-459.25305284954317,-59.98411063670853,-1.0795312
Y05810,-455.7604729771165,-67.8141914941822,-1.3154025
Y05813,-465.28957799039824,-76.83559151042913,1.0665118
Y05819,-425.2539273026311,-36.299694801941655,-0.58329904
Y05823,-456.46263647425053,-51.77930421237326,-1.0795312
Y05825,-436.302820073478,-52.52906645446701,-1.2775085
Y05826,-174.77704550466987,161.09853410423722,-1.2764258
Y05827,-461.2521873184379,-61.54872578345155,-0.5802438
Y05828,-364.95943317043736,-176.80915688753998,-0.9530629
Y05834,-483.87826066393535,-71.0620806626811,1.9375836
Y05837,-402.3103990973062,-111.38127794011969,-0.7957122
Y05843,-438.1442249002873,-54.955178047483635,-0.9493508
Y05845,-455.8666492964825,-66.33858944795256,-0.6657896
Y05849,-468.7901848434342,-79.21970834074241,0.5990653
Y05853,-451.03453305189123,-57.08249915343906,-1.2380676
Y05861,-472.555909591759,-55.61181855999912,1.9354383
Y05863,-445.7992201099486,-59.58999093901123,-0.26602775
Y05864,-447.46862818697883,-50.92544394240048,-0.26602775
Y05868,-456.35251629268015,-57.28365284974675,-1.0958575
Y05870,-459.09467281021824,-73.54428495852743,-0.3976953
Y05871,-459.1927105892316,-61.934009339341195,-0.58667004
Y05873,-455.0230031548833,-59.87772705258877,-0.67380947
Y05879,-461.52628341365045,-74.51206682882552,0.3184725
Y05886,-456.24085746871003,-56.44301893860028,-0.7018792
Y05889,-470.18886884450666,-68.23135386964452,0.5883243
Y05892,-447.2764037150187,-64.96344575192172,-1.0266856
Y05898,-459.53426578954037,-63.92516793279749,-0.51854396
Y05918,-443.30046872431524,-62.226216433064415,0.3894706
Y05919,-448.5978589988179,-57.00022890862639,0.3894706
Y05920,-443.7911168835133,-49.626044886296896,0.3894706
Y05924,-434.1298143854262,-62.5016934858062,0.3894706
Y05925,-462.639183047525,-30.468641804383907,1.8299457
Y05927,-470.0160380379104,-82.88500419549877,2.221379
Y05928,-442.9178751481589,-70.5158964709142,1.8299457
Y05942,-474.2011412451862,-58.311758875097404,1.2054565
Y05943,-458.294445106694,-59.98854195223965,-0.31044576
Y05945,-452.1791327457474,-67.32444312881141,-1.1710441
Y05948,-426.8169594869614,-72.96256165777773,-0.3048935
Y05954,-469.8593711404295,-76.89243276972185,1.0304221
Y05960,-400.5569262341225,-13.997999442145161,-1.2071337
Y05961,-458.1900003530902,-64.08027215666985,-0.16053504
Y05963,-468.7390405714226,-68.7185446801856,1.8258971
Y05964,-469.2396565611112,-73.49277034516862,1.21087
Y05989,-462.8959273543403,-64.02069631359798,0.23645066
Y05993,-451.5769145709704,-82.40256876701811,-0.26880386
Y06001,-455.4656393424869,-79.23860092274286,0.7056156
Y06005,-449.9646222328258,-42.06828491958698,0.92215323
Y06007,309.6962118164605,54.72268178265261,0.27254027
Y06010,-451.045654611069,-73.87492453925965,0.5612571
Y06014,-469.9428815805288,-79.8344791204597,1.7161247
Y06032,-452.107451951274,-57.10398215707683,1.8243933
Y06034,-436.91164955564165,-65.17792255594468,-0.16053504
Y06039,-393.8297784157119,30.34150523035478,-0.12444544
Y06044,-476.06514239853186,-77.86065190809491,1.8604829
Y06046,-458.70626536352694,-76.61337156505839,0.23645064
Y06047,-446.6879629507345,-73.64768250907493,1.3552285
Y06048,-446.0119893233401,-67.44270342035786,1.3552285
Y06056,-446.79826743309576,-75.34407937147775,-1.2432233
Y06063,-452.70222060174444,-66.9830669220597,-1.1710441
Y06077,-400.8221288706107,-52.38129685355784,-0.4131623
