,practice_intercept,practice_slope,imd_centile_practice_mean
A81001,32.0625204188251,51.4691957760353,0.04130898
A81002,2344.423880673768,271.17208335095034,0.04130898
A81003,166.00010529551932,51.240793243904335,-0.95450646
A81004,627.9136770987081,186.6483442090292,0.04130898
A81005,478.04421787686897,66.18329898585131,-0.5301928
A81006,1684.7689226708521,492.3697987719596,0.04130898
A81007,876.6922487555892,199.53537178077295,-0.9870497
A81008,198.46311598429264,-45.908253499586905,-1.1349545
A81009,602.3686701874109,-64.92433849401525,-1.1292833
A81011,1158.1795699336133,340.1647922128557,-0.9870497
A81012,495.2103427619888,128.22685221980709,-1.1292833
A81013,465.92519354576194,202.08890699737904,-0.5279143
A81014,161.94539967299283,60.824116340795634,0.04130898
A81015,-10.446464690893933,8.985493212913156,-0.4624096
A81016,901.2330950717075,143.95763868386265,-1.1292833
A81017,1747.058231899298,4.485651666373639,0.04130898
A81018,938.3465779613001,367.82271122104896,-0.5301928
A81019,1302.3758059401628,7.224038103324779,-1.1292833
A81020,539.3619854086267,85.40460420467014,-1.1292833
A81021,1739.5483566665778,247.80810131751932,-1.1292833
A81022,1025.8263968662195,-47.020292585565215,-0.5279143
A81023,376.9371078038612,81.27437976969493,-1.1292833
A81025,51.23728262912662,56.63418535448396,0.04130898
A81026,1783.1023111830611,443.31496581125685,-1.1292833
A81027,732.172362890245,208.89004920497172,0.055376776
A81029,321.75294638324965,140.99341980478218,-1.1292833
A81030,888.4922982396939,333.31276725529494,-1.1292833
A81031,1274.87155254335,384.7386629891354,-0.9870497
A81032,1134.2097315429046,176.07129824707474,-0.5301928
A81033,56.08239648015196,-96.36552824160597,-1.1349545
A81034,2592.4497115867025,174.33516153467255,0.04130898
A81035,927.1348296110264,9.968916292102405,-1.1292833
A81036,2000.1535758258988,212.7316677637103,0.04130898
A81037,651.3910761206449,18.36375575349765,-1.1292833
A81038,95.03201061691921,66.54755592291026,-1.1292833
A81039,657.8646718370072,223.8390238038091,0.055376776
A81040,801.6151942693411,152.8169559283378,0.04130898
A81041,610.1781028054681,130.88156329047672,-0.9870497
A81042,1436.77415407686,734.9100714241434,-1.1292833
A81043,835.6793491993699,72.50808532962266,-1.1307397
A81044,2128.7033656906337,454.43086526177143,-0.9870497
A81045,662.084283555311,-24.55731587070427,-0.5301928
A81046,1244.339873553255,50.68959662746783,0.04130898
A81047,-4.085067540729518,-146.2856613973738,-0.4492519
A81048,257.73212989665626,130.91447502517926,-0.5301928
A81049,455.6638211111353,28.58691745236107,-1.1292833
A81051,320.0189619625176,105.03274264138015,-1.1292833
A81052,784.237553952573,296.04188203292694,-0.5301928
A81053,660.5736890819156,7.015353851633638,-0.5306633
A81054,589.5820917224733,34.91969045103983,-0.5301928
A81056,-240.4128037267752,51.07354939697973,0.04130898
A81057,848.4227583784301,253.32613844082928,0.04130898
A81058,628.604274568612,194.9300191740271,-1.1292833
A81060,212.38698252907844,180.32229466892505,-0.9870497
A81063,314.8104792592927,70.30794040573515,-0.9870497
A81064,328.73686814327976,188.0338004946272,-1.1292833
A81065,111.08117236398876,21.41652501802182,-1.1292833
A81066,129.3455417495838,71.51791565653885,0.055376776
A81067,1289.068957966061,362.6156853934227,0.04130898
A81069,-254.7269388464476,-69.31882195657204,-0.44925192
A81070,12.334546708835715,241.23941070729327,-0.9870497
A81602,-86.4469629847633,9.99500397671377,0.04130898
A81605,-316.1220588141997,-75.15009150293649,-0.44925192
A81608,270.1944383321543,477.1770152958318,0.04130898
A81609,-224.98876380436667,70.66126707267111,0.092092216
A81610,612.9224333313942,52.33878829190011,0.04130898
A81611,184.26762745029967,264.6302867418445,-1.1292833
A81612,-133.1297437243224,47.207507459389134,-0.9870497
A81613,-133.96581188384218,-4.315878302941698,-0.9545064
A81618,606.6658704912767,207.22596335967822,-0.5279143
A81621,-40.599666474397175,104.03405859312457,-1.1292833
A81622,236.90750088893995,124.68864636241656,-0.9870497
A81623,-205.88143296209753,45.18711564163717,0.09209221
A81629,302.21068690278713,226.07151916643144,0.04130898
A81630,-275.3378574210045,57.01864741235369,0.04130898
A81631,391.8239830154263,256.5360494249232,-0.9870497
A81632,-375.23063211509907,-38.9918124855011,0.06352127
A81633,-454.887791777579,10.764440475055759,-1.1317465
A81634,-371.41725423215087,40.06478953123911,0.04130898
A82003,603.9956729673655,102.49445381943302,-0.9330196
A82004,-194.49159717596422,-5.846351108947285,0.6849631
A82005,14.62659275798996,79.01059748437022,1.2872214
A82006,53.81190575150618,7.41710609236909,0.6849631
A82007,1074.811945253658,172.115138061331,-0.9330196
A82008,1192.4016013250541,33.86795665197701,-0.9330196
A82009,1015.2483532847067,7.493535160703063,-0.9330196
A82010,274.80943486527195,9.89653983056971,-0.9330196
A82011,-72.4847042424802,8.28751405261902,-0.8462376
A82012,1456.7772360489057,140.8651157260875,0.07352589
A82013,229.20345112998314,71.20043563146257,0.6849631
A82014,-58.440680480837266,-11.590573048756141,-0.076465026
A82015,167.88828977438618,126.12203904257892,-0.07333587
A82016,2255.284902366973,1169.5476638561256,0.07352589
A82017,1095.469102403583,93.69729831287722,-0.088355824
A82018,510.64913531413725,53.491551895358235,-0.07333587
A82019,352.2303476481453,55.5802802931845,-0.06883566
A82020,919.3524462851793,193.7027159430802,-0.07333587
A82021,1018.9826426328079,458.10534466247265,-0.07532939
A82022,35.99080593202468,21.859853423675887,-0.07333587
A82023,234.7182412826858,175.8865973769203,-0.4823868
A82024,183.22095627801787,39.022376971700105,-0.48200375
A82025,466.0232786401262,115.26901477171847,1.2872214
A82026,1192.5605729249603,105.81635989832762,1.2872214
A82027,812.3809335493019,-49.89667901660772,1.2872214
A82028,335.55396881480806,-6.18382709193128,-0.10533917
A82029,-95.87550692690381,40.90943104622258,-0.076465026
A82030,173.52582049007603,44.230329205996284,0.07018812
A82031,-153.82219793494977,23.064502484418334,0.6849631
A82032,1710.303614503887,61.0063246272448,-0.07532939
A82033,627.4724303238573,66.42550747706126,-0.9330196
A82034,217.76663657223807,-49.22101555502175,1.4274077
A82035,753.8685646470514,-11.929024244998452,0.6849631
A82036,464.45184040794,71.32039723721286,0.6849631
A82037,70.59670619887689,52.297862907621294,-0.076465026
A82038,-89.89430515383913,42.23649019990265,0.69542235
A82039,261.411202745625,26.61752776660735,-0.9330196
A82040,-74.61476755917045,-108.12577712457639,-0.62969995
A82041,1175.213942702885,241.89304295578592,-0.4823868
A82044,3002.801904278126,243.771906842246,-0.41156542
A82045,586.8862777120129,122.671169155696,-0.076465026
A82046,-26.76709549501218,-20.098322187386415,1.0232042
A82047,1993.603213415654,1472.59062415852,-0.4823868
A82048,334.3374053282766,27.542667814799646,-0.5830842
A82049,201.33413261479325,93.05916449292279,-0.57982004
A82050,429.14519770525555,127.99598118239498,-0.58197814
A82052,105.39254484867902,74.01865824057931,-0.088355824
A82053,200.16012291732005,191.6364385208944,1.2204661
A82055,440.48639696306526,88.14584410799016,-0.076465026
A82057,168.76317461863923,56.90685868146972,-0.052266218
A82058,164.81549119554649,43.79849332451019,-0.5352372
A82060,13.641395094904324,156.39611284173472,-0.6067017
A82062,137.96804431737354,113.83265438657608,-0.9330196
A82064,314.55962213536566,64.34399892044482,-0.41156542
A82065,34.7544613364722,58.24300995008537,1.4274077
A82068,-69.53586249277171,29.475917537705556,-0.9330196
A82070,163.6716317400447,-9.493207641804345,1.0232042
A82071,160.26230630344693,49.208079434659,-0.9330196
A82072,497.13984552671803,118.9723799661624,-0.9330196
A82074,-254.5657464495206,-24.27242210555817,1.4274077
A82075,517.5305562880128,158.0508225349214,-0.4823868
A82077,232.5765450169929,-9.48775944261414,-0.8743875
A82608,-79.70455043762101,14.099067488114324,1.2872214
A82613,-404.68738395065236,4.7650095997733555,-0.26880383
A82617,-227.59844804506497,7.749645831172379,0.6849631
A82619,-341.47267860627085,-27.79614536540978,-0.8462376
A82620,-350.1769132185551,-46.500843200563764,0.669526
A82621,-233.73821749424286,3.5879961571808225,-0.8462376
A82622,-498.1040511593429,-29.21250721101344,1.4274077
A82623,304.571878977595,41.45534117730657,-0.58420885
A82629,78.64416432610672,34.92956693548304,-0.9330196
A82631,-118.73363695647491,39.90429957467178,0.07446706
A82635,-379.21713688568525,-37.228755326835085,-0.088355824
A82641,-359.70319618488855,-42.010031818443025,-0.088355824
A82642,-351.5979203235319,-3.0623355679810045,1.4274077
A82645,-806.1126658789769,-316.5892494773836,-0.8462376
A82646,69.57081735300918,13.44867086469614,-0.07333587
A82647,-112.30540779783487,67.74602261609346,1.2204661
A82650,-205.64788772648595,44.997685657245874,-0.56586516
A82651,-80.75428205597697,92.6737714804285,-0.9330196
A82654,162.40800062872944,177.5851856898773,-0.07333587
A83001,1334.8221893557513,371.2230586987387,-0.1092076
A83003,963.354238175719,85.2167080557418,-0.721929
A83004,126.13453806082167,104.54775423999051,-0.9253066
A83005,912.9618441679396,169.1855740991018,-0.05435232
A83006,354.7077526636058,114.50941749276502,-0.05435232
A83007,1435.5763360368362,250.854019925449,-0.9870497
A83008,545.0872680319255,-3.162278874075214,-0.052266214
A83009,522.8390729525776,-43.13232547719031,-0.5585638
A83010,1050.5325313797175,135.42105722539569,-0.05435232
A83011,592.3228766959877,38.73048888265544,-0.95450646
A83012,2447.9763582782803,315.2761852258665,-0.9870497
A83013,932.822635994193,295.56117314766254,-0.05435232
A83014,298.38769675791696,-27.273203808639483,-0.9359401
A83015,816.9766663723103,157.86933514967237,-0.052266214
A83016,1514.4154562904864,-8.338285860915088,-0.5833722
A83017,713.544902220724,122.87078641799692,-0.9247659
A83018,2274.2240551038085,106.49274207011655,-0.5585638
A83019,304.65486251547713,53.968691542626175,-0.92448795
A83020,1266.0110066096997,412.033619140042,-0.721929
A83021,2123.69548552808,318.4797660942217,-0.052266214
A83022,3263.274252492012,229.54490952511279,-0.65055174
A83023,1592.072552820845,213.64321518101877,-0.5833722
A83024,300.3849231469956,39.104359745212285,-0.9359401
A83025,1698.9160919720096,346.23481616177054,-0.052266214
A83026,1072.0962580583068,131.77927157906754,-0.5833722
A83027,212.56917925776463,139.02460728460937,-0.9359401
A83028,892.083387200234,67.04443943515017,-0.5585638
A83029,67.92466329214903,93.21104016268004,-0.9359401
A83030,1110.554706936556,208.6207645317161,-0.65055174
A83031,583.197496025208,86.49860654836253,-0.05435232
A83032,-126.1983632965468,21.870774026603183,-0.51943845
A83033,830.2889995242583,136.22132239605895,-0.5833722
A83034,455.7714382605605,98.19045542762758,-0.05435232
A83035,515.0051636446767,107.62078837132657,-0.68541723
A83036,425.4857378345621,42.350319280879425,-0.95450646
A83037,1610.3048065670414,167.46070200608247,-0.05435232
A83038,270.36393541389964,7.36014509157983,-0.5833722
A83040,996.4698190064996,149.71602490984108,-0.05435232
A83041,1141.4980006414567,-41.67389721338129,-0.9359401
A83042,431.4086493143447,75.75103309371693,-0.9654427
A83043,-174.01952423987328,13.598945138776575,-0.53485984
A83044,755.2528723699805,181.16681677166423,-0.9870497
A83045,2059.203406301452,354.41263617645757,-0.05435232
A83046,752.1365832629613,-3.7094411383236965,-0.5341564
A83047,1310.4571335909825,221.3245273398887,-0.05435232
A83048,199.52765738019772,88.19592650652474,-0.05435232
A83049,1385.4808890472075,268.1770268663272,-0.5585638
A83050,969.1888287872106,127.04208119400502,-0.5833722
A83051,1065.1543737392137,204.10918289193958,-0.9359401
A83052,1057.4797830755108,27.07322808910237,-0.1092076
A83054,1706.882309329828,216.71166925848345,-0.05435232
A83055,-101.0848951401185,83.79816518338086,-0.9359401
A83057,1612.6371650779938,1094.0704155580206,-0.9870497
A83060,-27.217016947756804,74.33920549990596,-0.5341564
A83061,-141.0611020073154,26.36554186531257,-0.052266214
A83066,807.7422428002315,196.8708667308309,-0.05435232
A83068,-236.79325969058485,-20.81871467025982,-0.95450646
A83070,140.01942620328066,23.66165587282541,-0.05435232
A83071,113.9170739087616,7.579141433192311,-0.9359401
A83072,-50.100373995352214,-6.633376296300264,-0.65055174
A83073,434.36589104657753,59.18022752321962,-0.5833722
A83074,1249.1111933445425,197.1513152627462,-0.05435232
A83075,540.4054711915594,313.611352199698,-0.9359401
A83076,-131.49376944443404,-10.971207697891664,-0.47926703
A83610,121.9346645476864,148.86306332648653,-0.9870497
A83616,428.40264192098647,452.138867767745,-0.9359401
A83617,-77.29335635838443,45.14941748048132,-0.65055174
A83618,374.98256890535635,225.2909607676551,-0.5585638
A83619,109.79648844142535,137.50042612809298,-0.9359401
A83622,-157.80799737296596,-9.398366962415437,-0.65055174
A83626,-102.00261695405592,22.765222673496723,-0.51943845
A83627,358.87903735046353,136.98344060527845,-0.9359401
A83632,-128.8993095520008,-2.3847658307719453,-0.5324703
A83634,96.96496493943953,66.77080654980125,-0.05435232
A83635,-47.28061017743797,18.446080858202297,-0.9359401
A83636,416.4246076692104,85.20561809862916,-0.5585638
A83637,78.1025951568553,138.2396866385046,-0.5833722
A83638,-305.3846711799876,-38.222217482638,0.019913
A83641,109.52404380345817,30.55381334930506,-0.05435232
A83644,154.4728458402701,55.471046503901036,-0.5833722
A84002,28.720638580053492,70.71785139776676,0.2306585
A84003,1446.556218534041,111.07349374239881,0.18083717
A84005,916.1964948143446,212.55666371056492,-0.36580774
A84006,1170.6476493693785,599.8036696287948,-0.36580774
A84007,569.5446733890698,22.968993203063295,-0.36580774
A84008,144.0372935152041,42.36822170440854,0.2333215
A84009,2113.0061545678373,809.8334480573972,0.21871875
A84011,263.2392990130421,92.44024889903181,-0.36580774
A84013,421.10030681486336,13.441120833657868,0.21871875
A84014,935.7245156919613,169.34150973504168,0.21871875
A84015,217.66167014639157,71.01255138407714,0.18356071
A84016,152.92097684168985,88.09202479208247,-0.6633836
A84018,285.1029475053543,11.256904127321873,-0.5585638
A84020,802.9387146922777,12.68889013827599,-0.36580774
A84021,580.8535314031451,267.1967171833013,-0.3048935
A84022,1174.3162150773414,153.7103560498397,0.21871875
A84024,485.7957253318008,140.4742713924304,0.21085984
A84025,141.87117939022608,196.59542149282177,-0.42887193
A84026,764.7727644339471,102.59866518409835,0.2333215
A84027,-98.36616694596451,36.28754086818954,0.2333215
A84028,2358.261219851833,262.9489248418951,0.21871875
A84029,13.889525755849116,69.90725965956224,-0.36580774
A84030,527.8582873226794,200.6365468970279,-0.42887193
A84031,218.36050642674095,88.06372436953288,-0.36580774
A84032,-183.66509508927635,-9.955766169393229,0.23359464
A84033,117.31833010789634,7.544241207795183,0.21085984
A84034,291.383300408218,51.872075058904194,-0.0065805265
A84035,267.7074223855758,51.96897610591274,-0.6633836
A84036,3502.445265287779,1953.5920587233784,-0.36580774
A84037,253.80427193117424,55.97818933596606,0.21871875
A84038,406.9534972844789,117.4730083710012,-0.42887193
A84039,53.701368691412924,78.30863884640381,-0.36580774
A84040,-59.76773484552508,-14.06550417525101,0.21085984
A84042,-276.63420871190874,8.642259656334668,0.2333215
A84043,1310.256313227009,-12.470342393683465,0.18127233
A84044,521.1827502548863,86.10958665545056,0.2333215
A84045,27.05077869412571,90.2800216856526,0.2333215
A84047,115.77404732678534,24.072882605455895,-0.6633836
A84048,751.9183167464096,134.50261558411458,0.20036104
A84604,-115.8209234232748,143.31535520092947,0.2333215
A84609,-302.9834989153259,21.749951879164364,-0.36811617
A84613,-311.5289058187681,28.716742330178757,0.27254027
A84614,-234.47340480661987,27.131866445874156,-0.6633836
A84618,-331.76722802443817,2.8115445545987754,0.27254027
A84619,-18.891703449462803,49.637660881110364,0.21871875
A85001,308.7752236083214,91.77787364489964,-0.67173374
A85002,66.76673256608292,-3.882582495942813,-0.67173374
A85003,400.6095622844876,-109.10312574839774,-0.5713766
A85004,1016.4814298786223,143.7318925880666,0.21871875
A85005,1546.696717529958,196.58362184119545,-0.42887193
A85006,633.5213440380421,111.30435126613203,-0.5585638
A85007,312.1208548874904,86.60516137130232,-0.67173374
A85008,1471.301713536105,241.08585095610263,-0.5585638
A85009,496.891554863716,67.22068631887804,0.21871875
A85010,634.8574222494752,147.28567683249344,-0.5585638
A85011,747.2272696632219,87.23654938484647,0.21871875
A85012,511.72699900700223,-375.46676791722865,-0.4614758
A85013,29.32865053776695,103.40540444647912,-0.42887193
A85014,-520.2743413181416,1828.07803731819,-0.6633836
A85015,-314.30091700463635,-132.76956667128505,-0.4492519
A85016,1286.638660338487,312.44457791049587,-0.5585638
A85017,40.41117412792406,153.59190559190634,-0.42887193
A85018,260.52130646320677,62.74703814940912,-0.5585638
A85019,851.8988522446008,126.19827406543192,-0.42887193
A85020,891.6763225090568,71.74797488039147,-0.5585638
A85021,-235.1329178847795,43.93632833350597,-0.67173374
A85023,546.4135101254967,30.439686487492054,-0.55600804
A85024,-21.919132875518546,47.78412009054764,-0.5585638
A85026,210.2530480943634,94.80589651606317,-0.5585638
A85601,-405.3867389793152,-43.982636432633484,-0.44925192
A85605,-224.30555721996765,-41.96543432651357,-0.45209044
A85609,-299.69688639695516,-34.5723856340209,-0.69177413
A85611,103.28790855009058,86.51406215245349,0.21871875
A85614,3.62611603464656,78.40882071032195,-0.42887193
A85616,30.07845018901609,152.2897553872175,-0.5585638
A85617,-28.402434913986156,20.40830986656765,-0.5833722
A85620,-87.72563213115755,25.33887744238716,-0.5442378
A85621,-486.7477821419414,40.13934161200323,-0.67173374
A86003,1649.106595179787,508.8144544576903,-0.42887193
A86004,1133.933605295155,14.421449524034065,-0.36580774
A86005,363.8372554934972,-28.0883885312788,-0.42887193
A86006,17.108486793732855,37.428855976131764,-0.42887193
A86007,-369.1115348123925,20.254464587987872,-0.46978566
A86008,706.3588495380652,40.55757912590277,-0.42887193
A86010,338.6525818427933,40.46148624287116,0.23772442
A86011,1654.662351482852,0.8343782097657899,0.21871875
A86012,580.0766350362542,-46.89316100711549,-0.36580774
A86013,745.3642152228724,16.179986018578255,-0.36580774
A86015,-13.656852522817761,-419.5408429038428,-0.47713935
A86016,283.0098600798931,3.5197518894743247,0.23772442
A86017,1297.3409074597105,102.001759009577,-0.36580774
A86018,374.71564240543273,-2.541019263953451,-0.42887193
A86020,-321.79804639775966,741.2230519553076,-0.42887193
A86021,1069.1219519631973,-28.147022900902314,-0.5585638
A86022,508.76136239733444,104.74160506568842,-0.36580774
A86023,775.7792668827988,61.350570434077994,0.23772442
A86024,421.5677688335868,23.869629526399397,-0.42887193
A86025,1463.097694202906,200.82266774833528,-0.36580774
A86026,559.2346839142958,68.8702012922596,-0.5585638
A86027,-370.1101631290554,152.35040299103332,-0.42887193
A86028,-161.6254801674624,187.0435645181461,-0.42887193
A86029,1950.599416728554,9.758204744295263,-0.42887193
A86030,1479.8074138680176,201.7160822805557,-0.5585638
A86031,491.79209659346736,194.2482810606985,-0.36580774
A86033,-139.7524550267793,68.34741016611396,-0.42887193
A86035,-216.88744957035868,-94.56924422067422,-0.48173255
A86036,345.1292095958374,-2.559680244437667,-0.4405904
A86037,688.8193684483307,-49.11966806876905,-0.36580774
A86038,551.9153724851822,77.16429250262225,-0.5585638
A86040,727.4381990174377,93.14953352713597,0.21871875
A86041,69.50892479208122,81.6079855551908,0.23772442
A86601,510.52925076516203,90.86075807206647,-0.36580774
A87002,587.1180479570401,10.24449376788208,-0.98809266
A87003,908.2750305411562,-50.09049845622789,0.17439729
A87004,1888.14702014493,545.0348251891148,-0.98809266
A87005,488.73273631573096,67.14371424326926,0.21871875
A87006,-30.05596610130071,15.297505721214083,0.21522148
A87007,944.9138055939435,732.5038467756847,0.23772442
A87008,170.7869669806302,56.55206624729612,0.21871875
A87009,898.8235483129254,137.2755589297341,-0.98809266
A87011,151.93145543498235,26.197260102729857,0.21871875
A87012,734.4528226439936,-96.163359688805,-0.42887193
A87013,735.2337761235727,80.94161857666076,0.21871875
A87014,21.953439545192907,7.568329159550908,0.19580235
A87015,371.7442021365692,14.264173591622622,-0.9982611
A87016,951.7034608617299,105.27097279524516,0.21871875
A87017,331.5956871318421,60.50653247946701,-0.42887193
A87019,178.34832220680718,-42.306750356192445,-0.98932225
A87020,221.15172774475917,117.59659829920257,0.21871875
A87022,240.88525624658166,201.10892890165326,0.21871875
A87023,116.32460408387175,-44.148709669569286,0.2052621
A87027,431.08850108932097,13.302805802366292,0.18553853
A87029,845.370080034881,690.9288611188404,0.21871875
A87030,274.3331519183886,90.39041520566467,-0.98809266
A87600,-103.13621382558057,17.05435949211442,0.21522148
A87612,229.8995437574572,171.39054021704794,0.23772442
A87615,5.803364796018883,28.16929915433142,0.23772442
A88001,54.41150026804747,-11.616585654505355,0.21871875
A88002,1849.9821642300728,514.8888365116986,-0.98809266
A88003,1416.0754558814388,302.24064798838265,-0.98809266
A88004,814.5813431114946,80.71236785507232,-0.98809266
A88005,304.49639235629934,59.57358039387486,-0.98809266
A88006,752.4431738255992,69.87350168973633,-0.98809266
A88007,439.48907350731025,-66.13665104803417,-0.9928238
A88008,530.2765428091144,107.31704329032301,-0.98809266
A88009,219.91011381883592,19.8231142198544,-0.98809266
A88010,199.84160268892785,3.6066512836448594,-0.98809266
A88011,-8.699955361553883,87.32166691683892,-0.99059606
A88012,562.8891133889912,83.71908377168452,0.21871875
A88013,1869.1333010504325,591.2076889403949,-0.98809266
A88014,-95.97609966119144,5.5121749888917755,-0.98809266
A88015,546.3285828891478,170.53975562603648,-0.98809266
A88016,385.0720460192329,50.31611105933264,-0.98809266
A88020,-133.44545738356314,-22.095433124027455,-0.9905961
A88022,916.3991132244004,178.6552668246739,0.21871875
A88023,278.9464274149087,49.033869033899634,-0.98809266
A88024,-328.5463715395647,-89.93682594608444,-0.99059606
A88025,202.05440615761646,78.98324884213571,-0.98809266
A88601,-63.57530517068224,154.97866376280822,-0.98809266
A88603,-121.63848732742181,-56.983423240630174,0.18798746
A88608,390.42518716099465,84.82295276771043,-0.98809266
A88611,-228.95117792813312,-11.67318625557193,-0.9909971
A88613,196.33802651615196,7.846398083246448,-0.98809266
A88614,-243.50407117521286,-29.372821924551648,-0.99059606
A89001,1953.389158502711,67.75899716307057,-0.9359401
A89002,262.4156802622127,276.04439332733017,-0.9359401
A89003,414.14066017400677,41.865937994361,-0.9184168
A89004,1255.6795461040454,44.96888775209441,-0.9359401
A89005,242.69558181725446,76.57138893164057,-0.9359401
A89006,461.7347941819802,105.8540001994305,-0.9359401
A89007,553.0550063489036,107.69646923514068,-0.9359401
A89008,506.85306955387404,35.29741497988327,-0.98809266
A89009,491.3451070246585,21.8161517934259,-0.9359401
A89010,923.9491208722783,181.27978888520204,-0.98809266
A89011,111.63788001748446,31.794836579093744,-0.9359401
A89012,712.4794195066144,487.71477995812836,-0.9359401
A89013,354.7211106002254,0.012536119628232392,-0.9359401
A89014,-245.9064679597238,9.895336069787586,-0.919969
A89015,401.52159870438857,74.6243983629739,-0.98809266
A89016,395.3218996126133,157.82621745514456,-0.9359401
A89017,1208.655127552355,143.073203506065,-0.9359401
A89018,296.04324174662935,36.482503894793886,-0.9359401
A89019,1759.4270800991058,670.6135700578344,-0.98809266
A89020,598.7552041160613,84.17432226135374,-0.9359401
A89021,521.8929035466307,42.871186934817096,-0.9359401
A89022,260.0759917505225,43.953394512751,-0.98809266
A89023,549.9079377655428,130.10528541690311,-0.9359401
A89024,413.40392282103187,38.0547460605996,-0.9359401
A89025,711.4345566015321,392.71827635680893,-0.9359401
A89026,296.81680883406017,290.54820975584977,-0.98809266
A89027,407.60692809469776,29.01969675469661,-0.9359401
A89028,496.89751393572305,49.163568655985,-0.9359401
A89029,-295.4900519765691,-52.03266532085906,-0.919969
A89030,625.278663974122,115.05385948041939,-0.9359401
A89031,160.63630474826815,4.981830870023887,-0.9359401
A89032,384.0559852515782,257.1473986608249,-0.9359401
A89034,-117.11682289218965,-16.925357125886308,-0.9359401
A89035,843.5328903687666,292.0135350320438,-0.9359401
A89036,-164.5751057230844,-8.173413064628106,-0.98809266
A89038,1.3441882236207667,-27.640177962781955,-0.9184168
A89040,-50.172407786867566,95.78964015318665,-0.9359401
A89041,382.22920150089186,288.0904908290872,-0.9359401
A89042,158.72721123548277,-88.08345328893776,-0.9184168
A89603,-168.82819158124175,-98.69336670704969,-0.9982611
A89604,492.5517157569503,190.2160521218514,-0.9982611
A89610,-61.078014127114486,-8.220037977657162,-0.9184168
A89611,-233.08048012471468,70.84585348618975,-0.9184168
A89612,-137.86148415093749,3.3613057949245637,-0.92104834
A89614,177.40602745267717,76.14946957081824,-0.9359401
A89616,-226.55429661074137,45.03153101188821,-0.9359401
A89617,-107.99621962173157,151.20767622963825,-0.9359401
A89618,-346.96763000470827,-54.35422755818492,-0.9184168
A89620,-51.90676832060105,36.4815886028214,-0.99177283
A89621,-227.36479821090037,-170.23086398906617,-0.9184168
A89623,-188.54656722258292,-1.280758110208568,-0.9359401
A89624,-101.3860584511902,56.05454958147008,-0.99177283
A89625,-353.5365669711209,21.991710907073145,-0.9184168
B81002,52.59874517223923,-34.98204352797676,-1.2379998
B81003,1182.1556603050594,205.86348910143363,-0.5468816
B81004,1792.9510054882799,186.98294825334156,-1.2298722
B81005,1973.9749114378149,203.97661036355012,0.08082725
B81006,924.8859783980652,455.05910023613205,-1.2298722
B81007,918.8088326026271,155.02663945342945,0.08082725
B81008,3178.506501168882,1134.2295838878817,-1.2298722
B81009,765.5618492455982,0.42887606320821114,1.1386908
B81010,948.9439694536102,-45.82570654924498,-1.2432233
B81011,946.5202681201013,128.412148199769,-1.2298722
B81012,161.94673590257756,-54.371417021080504,-0.5468816
B81013,577.1483699594726,-19.69538751428726,1.4251131
B81014,568.83149519295,-101.13836570639445,-1.2432233
B81015,1608.4635976791014,345.5604856242015,-0.5468816
B81016,654.0637516207189,112.25011148676555,-0.5468816
B81017,987.0896015786782,372.16049491688614,-1.2298722
B81018,1290.0790820413013,15.343193576705957,-1.2298722
B81019,-81.70862356958781,-100.28345973044621,-0.59361035
B81020,529.4483793120727,143.12175156135785,-1.2298722
B81021,406.60674764001493,147.613327742036,-1.2432233
B81022,1426.7284114584688,183.20723181624678,0.08082725
B81023,303.16197911347183,54.91276934251189,-0.58495873
B81024,218.37695999508009,124.40290784046898,-1.2298722
B81025,3302.3803050118654,1463.06395025059,-0.5468816
B81026,2220.737161510068,473.2906069383074,0.08082725
B81027,603.4752003055493,87.51230433761113,-1.2298722
B81029,922.0515539840998,140.3844242358857,1.0646342
B81030,993.4099010904886,671.107827677469,-0.5468816
B81031,1359.7390023008875,111.69737015505528,-0.5468816
B81032,-53.71856747462216,131.0115733955532,-1.2298722
B81034,1124.539695496417,145.5713531887874,-1.2298722
B81035,208.04604111131735,21.26268193412693,-1.2298722
B81036,1325.019231828724,197.66315714816923,1.1386908
B81037,1641.1842835076823,38.98742585018367,1.0829918
B81038,874.7723304252098,68.06318108823436,-1.2298722
B81039,3004.8394526366324,1193.2165248023568,-0.5468816
B81040,2000.3677766401568,-2.803021391347294,-1.2298722
B81041,320.6422788918756,60.254771804139956,1.0829918
B81042,959.4841041415997,133.34831120618426,-1.2298722
B81043,1519.7822233807055,99.58085150446482,-0.04976289
B81044,271.476246830814,89.58445139886449,1.0304221
B81045,1430.4802661031943,261.1349231958253,0.08082725
B81046,1227.3595532122638,-6.608059947996574,-1.2298722
B81047,432.3849446788347,86.54929626036787,-1.2298722
B81048,2776.863506992839,2243.273436189,-1.2298722
B81049,554.6542230639105,33.680133997299265,-1.2432233
B81050,1023.7259477056225,111.65946757308957,-1.2432232
B81051,395.69873663884556,76.42785680606231,-1.2298722
B81052,-70.99273726319642,37.008953101323144,-1.2298722
B81053,1549.423043591181,217.56981120271092,-1.2432233
B81054,921.9947499712725,-34.92440808921446,-1.2298722
B81055,7.987349532208504,73.60743993409606,-0.58329904
B81056,1295.1707524373562,210.74306740909662,-1.2432234
B81057,-314.7362022252438,-106.91457000188261,-1.2432233
B81058,576.4062857901811,-127.13907731559748,-1.2354572
B81060,824.7413820853853,-239.02665452825988,-1.2393479
B81061,3953.494986613105,501.6546862057795,1.1386908
B81062,1280.5531085785767,208.46102758156044,-1.2432233
B81063,329.24253798740074,110.00739604560974,0.08082725
B81064,763.729264708606,191.8408991518415,0.08082725
B81065,1230.5678589076451,14.790435640348994,0.08082725
B81066,-169.9688919654975,33.49214786055937,-1.2432233
B81068,1633.1565844428421,206.0209067863903,1.4251131
B81069,1764.3049308706825,850.7243498526511,-1.2298722
B81070,519.586491517488,-39.160864050351655,-1.2398094
B81072,-15.229484947082183,-167.65968189264436,-1.2432233
B81074,371.9314887766283,443.2482337178045,-1.2298722
B81075,-155.97765512054198,189.4863046573009,-1.2298722
B81077,551.9412311650204,51.382374000776416,-0.58834726
B81080,-253.07481265580876,-34.18811677470998,-1.2432233
B81081,162.14260848081662,101.93537758585299,-1.2432233
B81082,-16.144301636300987,29.504135928957066,-1.2298722
B81084,227.9359891075833,64.82511473200361,-1.2432233
B81085,124.43557087195931,275.64740471412074,-1.2298722
B81087,673.9917078557274,139.95290084641601,-0.5468816
B81088,294.89682238037693,93.13748690345813,1.0829918
B81089,-40.57257851968398,-8.08949520169748,-1.2432233
B81090,274.88796584332556,52.30116592027839,0.08082725
B81091,79.66467208790962,-6.245847974677731,-0.5468816
B81092,1245.8373171944081,129.76670458239775,1.0829918
B81094,-360.7578976507168,1.1962989353417788,-1.2432233
B81095,74.7398621612361,43.79083169807653,-1.2412322
B81097,-228.77536254081667,69.24742113243269,-1.2298722
B81098,-234.01759747673805,-267.05260793684215,0.16427143
B81099,647.2928420312305,363.81458093731175,0.3313684
B81100,-104.23460380738585,96.42117119172308,-1.2298722
B81101,1145.9215753218234,810.900876528013,-1.2298722
B81104,-268.75054588226664,50.86111761830429,-1.2298722
B81108,164.7781248926344,62.61339944739096,-0.5468816
B81109,1267.708673314113,207.88543366891108,0.08082725
B81112,520.2195819348736,456.96649325351865,-1.2298722
B81113,765.1969456642777,336.116067264125,0.08082725
B81118,282.0999826287954,197.9652689999056,0.08082725
B81119,247.15438534786193,87.50178026097525,-1.2298722
B81120,-235.63243107871062,-5.690294401306014,-1.2432233
B81121,-144.32687831712624,126.97193898238118,-1.2432233
B81602,-167.34369016204226,14.563659979868461,-1.2432233
B81603,-121.03048790352459,-156.54053791676628,-0.5894689
B81606,214.16342402224058,3.3975497142021864,-0.5468816
B81616,-126.55636622530082,-22.87919204013231,-1.2298722
B81617,490.4618819433122,268.5784243304083,0.08082725
B81619,-102.92046081829157,-65.25500893273187,-1.2298722
B81620,-113.50653170012886,25.44677952745821,-0.59361035
B81622,-1.6903741662464142,21.931831514224754,-1.2432233
B81628,-142.60151755252994,37.74894070920497,0.08082725
B81631,197.65323933521302,77.73331357465234,-1.2298722
B81634,-159.63031822602716,-47.36213969425868,-1.2432233
B81635,-125.83386140986555,46.08777551224772,-1.2298722
B81642,-31.923074961573523,108.88588077937148,-0.5468816
B81644,-299.7367013590215,-37.65158003594457,-1.2432233
B81645,-32.36092888628955,-16.71029184784996,-1.2298722
B81647,-78.68788718011372,79.57257882720488,0.08082725
B81648,-285.0985101988833,56.309173312462825,-1.2298722
B81653,31.843650504642664,163.53486570137719,-1.2298722
B81655,-222.16897363434995,14.803967965615632,-0.5468816
B81656,580.5407186702677,160.17967882061654,-0.5468816
B81658,-179.08057401412557,110.70972268868509,-1.2432233
B81663,-185.38700888052128,97.49881039259537,-0.5468816
B81664,-228.38454121568455,-14.796065668926918,-0.59183127
B81665,-315.329822362329,22.786355019083622,-0.5468816
B81666,-357.432734355099,18.93823416730315,0.08082725
B81671,-480.4065103163395,-9.314247918045378,-0.59361035
B81674,-175.54623618084878,-151.58664705880437,-1.2432233
B81675,659.2812292097619,176.67894010495283,-1.2298722
B81677,-51.04660198297152,-9.900273299569513,-0.59361035
B81679,-315.8249122162828,-3.2784917278869172,0.16427143
B81682,279.1630288909283,-71.3841958900931,-1.2432233
B81683,-72.35314558296325,74.32151290629298,-1.2432233
B81685,-263.34374098832075,-40.668713155065305,-1.2432233
B81686,-217.2625563920122,-132.4277712880916,0.16427143
B81688,-191.52365920716252,-35.619248250836286,-1.2432233
B81689,-258.2916299452937,-20.003799628507938,-0.59361035
B81690,-463.9883555732625,-100.7441071251515,-1.2432233
B81692,-105.71558175680565,112.66667645286384,-1.2432233
B81693,-199.90955635884595,-10.26576850394088,-0.59361035
B81697,-57.35767292884888,47.45476433198389,-0.5468816
B82001,482.92267785146754,-52.45623512032124,-0.32633284
B82002,285.1718583007754,62.535860326989884,1.8118042
B82003,-113.80289992111774,-14.275998105001555,1.6439453
B82004,573.0477107967305,56.63851002153251,1.6827469
B82005,3755.9451554504526,553.380578673694,1.7273895
B82006,-149.677530775167,-79.0439503517184,1.6439453
B82007,754.7219967617477,156.01896428255932,1.5233685
B82008,450.5009086813751,33.222396505420086,1.6827469
B82010,318.54363124089605,50.117314216322505,1.6827469
B82011,225.975466017823,110.31475555169357,-0.09211083
B82012,637.7629886546148,32.0847959606672,1.6827469
B82013,1119.913781205191,232.86863526555723,1.6827469
B82014,59.453683209665115,11.308757739761857,1.6827469
B82016,76.05746636594911,63.38908685655883,1.6827469
B82017,1688.7019773639802,95.83659903120727,-0.38477182
B82018,79.84006257079943,19.344370110513722,1.7273895
B82019,-194.8989735910324,52.000485696637014,1.3654504
B82020,1003.6091601271069,111.06982996397961,-1.0296931
B82021,123.63107748192758,47.76659538417329,1.7273895
B82022,70.28738729285828,59.693109244121835,-1.1216034
B82023,342.21399154430435,36.17827867539767,-0.05435232
B82024,855.9064786189423,185.12670816682345,-0.09211083
B82025,2005.155498894538,179.26014119631273,0.8042883
B82026,2594.208356570555,705.174729195878,1.7273895
B82027,669.2700148537073,251.52548189513675,1.6827469
B82028,939.9382615292976,29.972262211588642,1.4143753
B82029,-156.83125009282784,12.282256294774863,-0.05435232
B82030,104.14970889524311,51.152460912884855,1.6827469
B82031,680.9971024094141,193.3279904287649,1.2137483
B82032,793.7664771424153,120.89989528397078,1.6827469
B82033,754.4509912744655,138.12010493339523,0.8042883
B82034,244.31533971894305,84.66797458528865,-0.05435232
B82035,-109.17845783295682,2.8166348073220453,-0.05435232
B82036,365.2202147323218,88.28978471421532,1.6827469
B82037,841.0680029692049,134.2095352111507,-0.51934505
B82038,1481.5051276816102,1116.165527048539,-0.09211083
B82041,1672.0806723598585,217.7570661428233,1.5586238
B82042,699.02121890719,85.02630386265491,1.4482286
B82043,-292.37355796280985,-133.81312203265463,1.6439453
B82044,117.94255943007106,-1.3789645376769866,-1.1292833
B82045,-4.747093976920728,34.54552157374474,0.8493482
B82046,-99.36168601302856,64.3967194281229,-0.5301928
B82047,141.54724130027876,32.971391637834024,1.7273895
B82048,-297.4558063150869,-265.895271082808,1.6439453
B82049,405.43426869296735,-60.25930890958862,1.4482286
B82050,1882.8670164030966,184.9105813210771,1.1718599
B82051,-471.20376876820694,-447.11873294301415,1.6439455
B82053,696.1983234227658,188.5059332437439,0.8943194
B82054,1139.21338713242,304.65310834774516,-0.09211083
B82055,702.0901447792407,69.54037692164336,1.6439453
B82056,-39.32727289185576,-101.21010731637257,-0.3048935
B82057,189.19924139983758,85.97113143693622,1.7273895
B82058,95.10744565817399,-150.1672915523096,-0.3048935
B82059,613.6467214841838,-2.5460905536412355,1.6827469
B82060,855.6727351370121,55.28731220007401,1.6827469
B82061,382.58768767533167,40.349755075801475,0.07018812
B82062,-206.16264342071185,11.20903813601676,-0.3805098
B82063,551.1592403719,156.27041776812774,-0.09211083
B82064,-108.23307548744472,29.87751996024534,1.7273895
B82066,544.9418972267669,28.676568640734274,1.6827469
B82067,119.49845684914104,92.72154989981584,1.6827469
B82068,-84.29890752818025,46.90659081963027,1.136173
B82069,319.76595437071154,26.46329831835644,1.6827469
B82071,123.65853329146421,11.744015882635347,1.7273895
B82072,163.48842234683258,-26.108172368590445,-0.05435232
B82073,791.2124480178655,90.34737231296155,1.2137483
B82074,1257.7871485666099,204.340495991964,1.5586238
B82075,659.3035795407569,64.47518179572016,1.1718599
B82076,-15.77531620092691,-6.214829342514174,1.860483
B82077,50.72270070672663,12.073795831492896,0.48386264
B82078,258.688017348613,-24.851480539824347,-0.037604813
B82079,-143.87831800389426,27.21952751491545,1.8118042
B82080,1289.9765762865675,175.00516215579023,1.7273895
B82081,211.32237427781342,22.07785047006027,1.8562372
B82082,-47.389336241235,-3.2969530244918053,1.6439453
B82083,2486.3197041110343,1035.637456488487,1.7273895
B82086,-176.89797464592047,82.63257994274733,-0.5306633
B82088,639.2627860040336,304.141064370661,-0.09211083
B82091,-15.563856688068562,40.474272809458036,1.6912206
B82092,163.6049709046662,73.70539632430103,-0.32633284
B82095,-227.6857117190423,-47.84794275545929,1.6439453
B82097,511.95332951550114,133.13603373016667,1.5586238
B82098,718.3304130188902,258.73276838962516,1.7273895
B82099,-101.2908134940839,-0.7650783908343147,1.4274077
B82100,180.36141264683073,257.9193828369202,1.7273895
B82101,183.74688670400093,103.83640495737615,-0.38477182
B82103,-341.75185235116174,11.645951713522324,1.6746055
B82104,194.01265995966372,117.96634861962526,-0.05435232
B82105,586.4393331147185,105.17960850526573,1.5401047
B82106,-15.151231077284129,64.8037202835498,-0.09211083
B82609,-57.157359161893666,72.75561690184466,1.8118042
B82611,494.2467581290103,344.48433892437913,-0.32146525
B82619,-365.2060124457263,16.74674824669319,0.937799
B82622,-262.5237720395567,-0.4389943783356777,0.9227791
B82627,-161.947185282041,44.35209586709486,1.860483
B82628,234.58236622082026,6.180446667439276,-0.51934505
B82629,-481.11487042263707,-60.08663874906786,1.6439453
B82638,-482.5853701151149,-6.708037891265028,-0.043243814
B82639,-496.2164453001732,-27.362308160377875,1.6439453
B82642,-509.8225848179511,-37.468952915354265,1.6439453
B83002,-200.39791950498332,45.11044686490406,-1.0364903
B83005,412.3467186742643,-57.889805008352496,-1.0364903
B83007,66.91973175880304,-232.07614776194504,-1.0135912
B83008,1438.368431415434,246.89797097119046,-1.0648983
B83009,824.2581689007868,227.73520522394452,-0.25951764
B83010,1028.098932831062,53.26836808782578,-0.26004222
B83011,225.45325374136615,-33.115642617333414,-0.22626969
B83012,533.0373561214715,272.81449357081596,-1.0364903
B83013,985.2178767930395,35.68213539864979,-1.0120547
B83014,720.8423681720923,14.723985612055444,-1.0364903
B83015,817.4812134026769,34.80961657423835,-0.25951764
B83016,559.9951979669459,225.57277718722952,-1.0364903
B83017,307.21393578193243,52.13171904613453,-1.0314147
B83018,608.280439943592,129.3419149041727,-1.0364903
B83019,-65.1289042314533,50.04186945420923,-1.0364903
B83020,715.2775394956406,494.280355415874,-1.0364903
B83022,287.7953202755992,5.503994174237292,-1.0364903
B83025,-33.66400444924939,-70.31902493203036,-1.036183
B83026,161.76409755317093,47.47564377497249,-1.0364903
B83027,574.5652617070215,60.62827847759944,-1.0241678
B83028,1084.627218671834,43.23309842744285,-1.0364903
B83029,668.1250129991714,104.58871367098729,-0.25951764
B83030,542.8161765124171,22.629424599969866,-1.0316294
B83031,-162.5014639917218,15.043928858192492,-1.0364903
B83032,-162.09888497090498,-53.192678034820865,-1.0364903
B83033,3467.693533724284,3299.0876901298757,-1.0364903
B83034,658.4968717017072,-221.82372397926653,-1.0364903
B83035,795.7533124859041,208.49559461240648,-1.0364903
B83037,679.5410198130733,33.66070301161063,-1.0364903
B83038,1053.0780570989689,280.87020651283945,-1.0364903
B83039,1635.1517361202127,554.9408425713381,-1.0364903
B83040,450.4257211216858,20.896726070628326,-1.0135912
B83041,929.0334658792987,392.92517934507305,-0.25951764
B83042,805.2507714790913,9.354409267779847,-0.25951764
B83043,-51.07794693760919,-96.29111921375515,-0.21624619
B83044,474.4556371086899,54.551032802407484,-0.20133199
B83045,725.2717006138967,423.86935596365646,-1.0364903
B83049,-27.304768410086087,8.713986796726376,-1.0264144
B83050,272.67191039800093,-24.65462733299766,-1.0015323
B83051,-416.20579837046233,29.567487821923777,-1.036183
B83052,1456.724055246335,583.7868001779378,-1.0364903
B83054,286.94828670730243,28.837698232517827,-1.0364903
B83055,2789.3237143699566,384.85113594055366,-1.0364903
B83056,509.8934277227487,229.85353447935455,-1.0364903
B83058,327.8481241051712,13.39055279239312,-1.0364903
B83061,-219.5425267693309,-21.36059682183823,-1.026955
B83062,829.2595622649392,12.768206982097942,-1.0364903
B83063,1389.2064524487116,874.6407855374828,-1.0364903
B83064,462.1158212979729,146.65476815617504,-1.0364903
B83067,142.61128233619485,52.551563216419105,-1.0364903
B83069,-368.2981383284438,-155.82636960774067,-0.99648017
B83070,-212.26721411792852,-42.94201185331855,-0.99743414
B83071,-25.04848395609707,77.51612414457367,-0.9905961
B83604,-12.90665241641298,36.72859782388278,-1.0364903
B83611,80.59578646817425,306.757280004647,-1.0364903
B83613,-68.23393097828698,23.515024148906793,-0.9995255
B83614,228.54888160551022,132.6632651334528,-1.0364903
B83617,-260.84231207087765,-20.6682425943279,-1.0300368
B83620,-166.09965095676733,11.471086576561156,-1.0648983
B83621,1.1767920216341523,119.030917834235,-1.0357081
B83622,89.54981239969123,61.975069854402314,-1.0364903
B83624,832.748833488614,203.8816813478874,-1.0364903
B83626,228.84359274218372,-8.80667156106535,-1.0364903
B83627,-85.0970414655488,13.600265510068914,-1.0364903
B83628,219.65073161856685,169.26681088304275,-1.0364903
B83629,-155.60585700023213,-20.366288715228823,-1.0364903
B83631,-150.53194080155015,-34.5254928157365,-0.9905961
B83638,43.96108524254856,-42.35930097256569,-1.0112655
B83641,351.1377251987488,64.67294365189802,-1.0364903
B83642,-91.73398655540467,104.95318452712124,-1.0364903
B83653,624.8213367584597,-75.81495346298401,-1.036183
B83656,-499.0102774482003,-26.38827146596849,-0.99059606
B83657,-77.39293473813848,169.90919326996132,-1.0364903
B83658,-954.7491737417051,-512.0957662502765,-0.990596
B83659,-62.12452223065159,88.92859526906635,-1.0364903
B83660,464.9431877036018,9.134758486760436,-1.0364903
B83661,-140.08104103465774,13.688424947243654,-1.0364903
B83662,-490.8933190992555,0.04691875607017371,-1.0052766
B83668,-513.7144265258485,-18.264878371556435,-0.99059606
B83690,-467.10210036551524,0.5891232806337104,-0.99059606
B83693,-494.4308482938846,-2.968554349764792,-0.99059606
B83695,-528.0327688574647,-65.20337569160574,-0.99059606
B83696,-495.9734421165361,-5.039687262122953,-1.009263
B83698,-487.57750594579767,-7.393745273019633,-0.99059606
B83700,-527.1160823914278,-126.56336494014114,-0.990596
B84001,787.6337585946691,18.217294772215897,-0.37394354
B84002,193.7704809594451,40.72639995459487,-0.31479415
B84003,411.34878983964353,75.16774331670479,-0.26004222
B84004,1645.829696338852,-45.045867219162794,-0.37394354
B84005,404.4016536110429,44.4268334744817,-0.35686252
B84006,1443.873538472336,22.582302173223844,-1.0911463
B84007,256.6438684893309,133.48193675211556,-0.37394354
B84008,692.7448745732086,166.61275211580747,-0.26004222
B84009,641.5791319647667,75.96953098737829,-0.26004222
B84010,956.2219089444932,89.4340349900624,-0.37394354
B84011,1137.9005517839812,69.17447872314222,-0.26004222
B84012,1049.3032348577588,618.4639615336807,-0.37394354
B84013,604.7555175036659,67.92865948084903,-0.37394354
B84014,-37.21277428700972,-20.27035487967463,-0.26004222
B84016,440.4155727362624,292.6437935852898,-0.26004222
B84017,-276.92209525917747,-38.04717614566845,-0.20988205
B84019,756.7702124364298,369.8131206940797,-0.37394354
B84021,341.25820115790015,89.45715959882124,-0.37394354
B84610,64.97619131548244,35.54543779058878,-0.31479415
B84612,418.98929416343066,194.66957713305325,-0.37394354
B84613,940.2067433220653,193.56866526244596,-0.37394354
B84614,-305.74691688161306,-5.458708184061919,-0.26880386
B84615,-182.3536094947897,58.91313764210108,-0.22728485
B84618,945.9274263688536,50.17130848173253,-0.37394354
B84623,-86.16290236188526,75.44346850491151,-0.26004222
B84625,-265.63913039184536,-20.063287395252456,-0.26880386
B85001,206.98987989560956,40.54520682408753,-0.25951764
B85002,-85.98202828659346,2.2137180709290862,-0.9050657
B85004,-41.79880646205912,95.44256064884482,-0.25951764
B85005,129.8176779930693,60.97869014681387,-0.26004222
B85006,522.061330974752,154.7936385657988,-0.26004222
B85008,-38.88144236005309,63.621981428925764,-0.25951764
B85009,411.84582237997284,82.11483164059119,-0.25951764
B85010,204.8995517849813,25.38204632562758,-0.26004222
B85011,-11.695246292663462,-196.97348680392713,-0.19662465
B85012,749.9446907182722,226.0211611367309,-0.25951764
B85014,787.8086542045912,136.81667938541415,-0.25951764
B85015,643.5929314014874,131.2047139941287,-0.25951764
B85016,702.6568196598045,104.06288453282431,-0.26004222
B85018,593.8639391651195,54.826373812825054,-0.17404227
B85019,883.3381209319111,101.98950197357927,-0.25951764
B85020,551.0265200203995,45.50905478796289,-0.25951764
B85021,470.2259834008017,207.6636947172706,-0.25951764
B85022,205.02548967249203,30.850773555942013,-0.26004222
B85023,35.55938336517365,76.23191372245597,-0.26004222
B85024,597.956745430382,138.44182855275992,-0.26004222
B85025,645.4558901942415,146.60469507929778,-0.25951764
B85026,129.09538756536494,40.314098132752825,-0.26004222
B85027,290.847677622297,97.40724317760392,-0.26004222
B85028,1566.7195958934428,34.59854899089906,-0.26004222
B85030,376.8711184612313,159.5897868664159,-0.25951764
B85031,51.14690636736151,33.7743643659187,-0.26004222
B85032,50.05297677715856,11.145099720604108,-0.26004222
B85033,-107.58939001128891,38.41464371155106,-0.26004222
B85036,285.719979171472,80.40052824880335,-0.26004222
B85037,190.49136752854238,-13.74299746109815,-0.26004222
B85038,182.73312406105302,100.91652668938026,-0.9057538
B85041,1126.0008016252996,177.78364310443195,-0.25951764
B85042,501.15475245525045,110.78693025712107,-0.26004222
B85044,-146.29504003051602,-50.74814208178204,-0.26004222
B85048,40.71914040327462,28.364283908012272,-0.26004222
B85051,274.24930767526234,36.84036893944119,-0.26004222
B85054,406.5143707759378,275.76561184254507,-0.26004222
B85055,746.6839025864997,235.07171445344534,-0.25951764
B85058,-238.98494104486008,15.642334832177932,-0.26004222
B85059,60.095209527893694,168.80825280968952,-0.26004222
B85060,-181.7452660848256,-40.84131861821611,-0.26004222
B85061,418.9031929166402,58.053335545089105,-0.9050657
B85062,-240.80920117735604,24.3302078458882,-0.26004222
B85606,453.61159390124703,-132.6779903536524,-0.25951764
B85610,369.00899863958216,157.74188541353553,-0.26004222
B85611,76.51629397533546,66.81104894726604,-0.26004222
B85612,18.11314170586028,85.82482853922943,-0.25951764
B85614,368.2675353022051,-29.84281653050885,-0.26004222
B85619,-111.24679857325897,31.79727864052811,-0.25951764
B85620,-255.8160525786447,26.397513216774744,-0.25951764
B85621,-187.23024164084418,17.57850009303781,-0.20133199
B85622,-115.44594198241491,44.91281103101602,-0.24651323
B85623,-187.90975540807975,42.071675949523765,-0.26004222
B85625,-494.54843896889804,-164.9635039702862,-0.19662465
B85628,-387.0872670646001,-122.6951585144161,-0.19662464
B85629,-235.88317730791545,-19.90319295222406,-0.19662465
B85634,-189.67173217291077,69.83934992524478,-0.26004222
B85636,-202.36250483673712,52.96339406061421,-0.26004222
B85638,-221.59502313788244,-94.02994013864698,-0.23051749
B85640,-0.2263304758350678,30.10404012548563,-0.25951764
B85641,75.4551742807379,0.5494789771431003,-0.26004222
B85644,-284.18231430297925,3.7941787915250607,-0.19662465
B85645,13.607235204667715,-135.06932325625712,-0.25951764
B85646,361.6574997027374,29.028351862773743,-0.25951764
B85650,-88.72230017933832,19.29312618807615,-0.25951764
B85652,720.9105595343344,-141.56645484259076,-0.25951764
B85655,-60.66279056801685,41.87373958592627,-0.25951764
B85656,-502.9763019246447,-15.150310098436552,-0.26880386
B85657,-499.9786574489042,-10.656903875124442,-0.19662465
B85658,-488.009978542864,-13.863348999938546,-0.22870432
B85659,-368.7256337472485,16.3105520612982,-0.26004222
B85660,130.11203719206063,122.38563530659123,-0.26004222
B86001,-201.12545638657758,-12.51277288822883,-0.23747608
B86002,826.1489915651239,-15.824779020698731,0.13879642
B86003,1351.0135560765475,99.05940419918771,-0.17013112
B86004,206.57865466124224,32.94043357841367,-0.17013112
B86005,206.58390710347297,-31.02826815882567,0.13879642
B86006,810.9975845771677,135.4815096400858,0.13879642
B86007,683.1206581388481,125.37867810816435,0.13879642
B86008,709.9756173455673,411.37779629091494,-0.17013112
B86009,158.83945782050162,95.89055967875781,0.13879642
B86010,371.1719467006035,110.06829358247634,-0.19064662
B86011,315.118889859171,73.4779736950271,-0.17013112
B86012,1181.2507455074265,172.23135301162216,0.13879642
B86013,738.043882347493,115.69194654367432,-0.17013112
B86014,894.3758217593147,142.37503629945735,-0.17013112
B86015,1513.7646838532778,93.51268536222766,-0.17013112
B86016,1671.0631418873722,208.8961724334744,0.13879642
B86017,495.73557962980067,121.53134582399935,-0.17013112
B86018,308.15936760490376,97.35736795368554,-0.17013112
B86019,335.7799427046977,132.77702802060827,-0.17013112
B86020,550.1655200288827,77.90216407894357,0.13879642
B86022,701.2879773646797,242.73742244627428,0.13879642
B86023,-146.75760384344636,-49.39736624096479,-0.243312
B86024,759.6446456696714,170.45229153864716,-0.17013112
B86025,332.4727421572395,6.517610101122737,-0.17013112
B86028,-23.442837589258403,68.98099317598012,-0.17013112
B86029,-1.8206352216476935,20.904036643298404,-1.0364903
B86030,201.75803874167414,71.86387297492388,-0.17013112
B86032,857.3834195166041,267.70035019924677,-1.0364903
B86033,587.0969446927663,74.23670579887587,-0.19064662
B86034,110.27646608458005,39.70234180342026,-0.19064662
B86035,924.8979282117817,124.83553665605912,0.13879642
B86036,666.1553216469854,57.2641744317875,-0.5493286
B86037,-317.2779451340494,-33.51642971661266,-0.52738404
B86038,393.71885480880854,-4.026536237046373,-0.17013112
B86039,166.16560242142705,115.86017400936007,-0.17013112
B86041,307.4994720946276,93.99923193313761,-0.17013112
B86042,1180.7963494634403,312.1577075630193,0.13879642
B86043,769.6000657989867,-146.83885179182573,0.13879642
B86044,1333.68307614929,141.92627815605675,-0.17013112
B86046,276.06188530738143,130.43292843699038,-0.99059606
B86047,-54.4567198421497,-29.92651843381111,-0.2396041
B86048,937.6950725863317,118.20053207122723,-0.19064662
B86049,218.30871635459084,34.19890023571396,-0.17013112
B86050,1572.5825762841944,202.79617052947663,-0.17013112
B86051,264.47712726458417,218.74910771080238,-0.17013112
B86052,283.30728993228684,0.23956263054422827,-1.0364903
B86054,709.6745316158266,-4.442897089195646,0.13879642
B86055,328.6327029148527,-16.24895293052033,0.13879642
B86056,-141.31572675672047,-49.66370358384513,-0.21138857
B86057,1296.1141400640279,142.0958759588877,-0.17013112
B86058,-22.74377527063829,32.591383307754775,-0.23747608
B86059,1021.8565390223995,97.61638128706849,-0.17013112
B86060,711.5761310707531,23.082375401435623,-0.17013112
B86061,84.68899840602967,-63.789849640686036,0.13879642
B86062,846.5639118680616,51.34250749644831,0.13879642
B86064,766.2384556151518,263.92785229424027,0.13879642
B86065,55.17064968812556,40.66805802674791,-0.23271427
B86066,372.06539957561705,48.30916073026374,-0.17013112
B86067,1305.7347970656215,142.76581544905304,-0.17013112
B86068,247.90787848685872,136.35065548108733,-0.17013112
B86069,335.3874242058297,-17.78545676743824,-0.17013112
B86070,76.42250852117738,22.44069080875217,-0.17013112
B86071,344.0558312934719,47.86398254534009,-0.17013112
B86074,-165.7906194629178,-26.413280477420408,-0.24447072
B86075,883.9783169720463,145.08830597841524,0.13879642
B86081,1334.4389869798783,-32.12941378837514,0.13879642
B86086,-7.526813639446829,37.35284713428485,-0.17013112
B86089,154.20142676796672,14.19824814886,-0.5498022
B86092,165.7492283092302,123.77696070112805,-0.5493286
B86093,18.55630508458154,42.874723114241185,0.13879642
B86094,-11.925489480387643,23.458470340874676,-0.17013112
B86095,-156.03300804824656,2.595841759481822,-0.23878542
B86096,150.90770468039443,28.461099539044245,0.13879642
B86100,154.2083269994177,17.257857758360036,0.13879642
B86101,-98.98750136284224,0.949132356596875,-0.17013112
B86103,-87.22907029577446,-10.745727831791008,0.13879642
B86104,706.086693303168,600.9715118660026,-0.17013112
B86106,282.96349595183517,99.82183194556121,0.13879642
B86107,67.35174291341906,31.454534825269352,-0.23271425
B86108,-173.44773873130504,47.148217340500324,0.13879642
B86109,24.37124877612401,-5.443339211940551,-0.17013112
B86110,-144.43247830388896,10.0209045937824,-0.17013112
B86623,-294.0088266232361,-13.712127021256181,0.13879642
B86625,-77.3702013430403,-58.109292763218086,-0.19505554
B86642,-134.2969653978399,-5.63984525797733,0.13879642
B86643,-135.1382640352853,9.425885097776185,0.13879642
B86648,-167.6693162956193,-43.434763637442096,0.13879642
B86655,-301.1850849145111,5.087767819572012,-0.17013112
B86658,140.4130045829534,294.2089474074122,-0.19064662
B86666,32.10479529061801,-106.63767602932933,0.13879642
B86667,155.59128120702454,50.960543814139385,-0.17013112
B86669,-150.7029193428025,-27.220060382926224,0.13879642
B86672,183.5665831948179,111.58538146247359,-0.17013112
B86673,-33.20795301890581,33.279293019086865,-0.19064662
B86674,-485.3493787474429,-0.6927578082713038,-0.23668411
B86675,38.51829435154553,-6.60914468462017,0.13879642
B86678,-152.53645578899392,20.933336452229263,-0.26004222
B87001,576.9812448464127,111.06880755892215,-0.8504834
B87002,539.426202481635,-42.73228442500993,-0.5596437
B87003,591.3356035678736,92.2658799238927,-0.5498022
B87004,630.7409086609316,77.27330421125954,-0.5498022
B87005,962.165221977834,59.05247690752763,-0.5498022
B87006,1520.6063611090858,-12.289889825354901,-0.5498022
B87007,1043.0444952919604,233.86069096646773,-0.5498022
B87008,1493.0212807578291,141.85119702250654,-0.5596437
B87009,536.2200205523303,-39.132424987245415,-0.5498022
B87011,1345.5687706955014,65.44795853176466,-0.5498022
B87012,639.4637097175439,-34.60256538476037,-0.5498022
B87013,962.6742983025379,179.02871330948165,-0.5596437
B87015,776.3624969742878,-6.742682145822279,-0.5498022
B87016,3162.0562587934423,449.99184265711466,-0.5498022
B87017,1441.7660622763935,718.2302526660098,-0.5498022
B87018,673.3236538717541,118.58892910013738,-0.5498022
B87019,237.57309571079475,18.126709297629905,-0.5498022
B87020,531.5521324656002,76.43519780707612,-0.5498022
B87021,1765.4994913762398,-191.53549000391587,1.1113629
B87022,252.63791138749522,34.23448353056029,-0.5498022
B87023,1671.8902706751667,36.40399283976351,-0.5300069
B87025,405.38743569338067,172.624858358446,-0.5498022
B87026,2279.980254372942,7.103453435378911,-0.5498022
B87027,548.0406833310861,81.6520840114696,-0.5498022
B87028,1098.8930420575666,-76.84383852837482,-0.5498022
B87029,332.6587349728959,-150.1050850213178,-0.52143115
B87030,2426.794398104498,1445.9752295136211,-0.5498022
B87031,1159.8702060118583,191.15834670413557,-0.8504834
B87032,471.7403199828087,104.27322385319731,-0.5498022
B87033,44.20666696412549,66.56746521244926,-0.5498022
B87036,44.65854544529627,14.924469239439421,-0.5498022
B87039,1346.3474862843038,226.81384798759487,-0.5498022
B87041,-112.14580719418714,-89.00075888639441,-0.54637545
B87042,389.4082825809803,39.4331908437087,-0.5493286
B87044,-113.4246550145597,66.01666571734019,-0.5498022
B87600,-143.16443210615336,-10.345836144818547,-0.54637545
B87602,-194.97140207360886,40.45856882920643,-0.5498022
B87604,-58.817547516826515,-70.31035644425154,-0.5498022
B87614,-396.4038747513903,57.11805538415986,-0.52143115
C81001,998.3898152162117,123.91048878722106,-0.6724651
C81002,953.3875132901694,249.03600051509127,-0.3595494
C81003,572.5560400178506,36.83170556179058,0.633645
C81004,560.7540279947784,37.42742795770462,0.5189092
C81005,1285.9730564286685,267.1205362263101,0.5189092
C81006,921.1033356732055,210.44930952502853,-0.35537723
C81007,306.95317168782174,16.9383798581105,-0.35537723
C81008,885.6334734191107,156.79712723557577,0.7304402
C81009,724.4164798875745,103.18991934967897,-0.35537723
C81010,841.5467820173582,31.723126991842516,1.2018999
C81011,-330.5319539406681,-521.476047103826,-0.66578954
C81012,1314.728763614375,148.34064944321776,-0.3595494
C81013,22.590714678593933,51.171810331879236,1.5256634
C81014,711.875889666823,43.59115181026807,-0.35537723
C81015,698.7878697620796,62.60699868890231,-0.3595494
C81016,324.9792055433389,139.22423730039046,1.5256634
C81017,542.5742402548867,34.1925608346928,0.5189092
C81018,407.09112195005576,90.06136536986483,0.49117616
C81019,127.27558758295687,2.613350990055723,-0.36493042
C81020,588.6419124741387,-30.072237393059044,1.1891745
C81021,897.5922321948583,92.37095252508108,1.2018999
C81022,-75.1416836274249,29.46730964874316,1.2018999
C81023,376.6091292492957,-24.56031603216847,1.2018999
C81024,3294.6455025941086,862.3554078172974,-0.3770727
C81025,573.9428457443739,79.19324250561073,-0.3595494
C81026,186.3883289036448,-16.337649561651784,0.40459067
C81027,433.2745765576107,54.328172848387254,0.5189092
C81028,216.78715097957019,12.051062759998489,0.731214
C81029,2208.6366341700814,-71.28495940314892,-0.5525141
C81030,522.7283941832762,101.25534762736113,1.5256634
C81031,332.6583289608558,49.69703491994456,0.40459067
C81032,973.5895563286965,134.0392654998625,1.1891745
C81033,2358.4160747651936,131.10450650782875,-0.623233
C81034,517.1775571447599,205.96874447289096,0.8743814
C81035,684.0853899706888,25.53514188883211,-0.35537723
C81036,-96.60786239278305,-27.171564001410182,-0.35537723
C81037,365.66728057876685,99.44521665468498,1.5220364
C81038,632.1025565530504,21.395428485766466,0.5189092
C81039,-103.54380104890463,10.69039541582999,1.5256634
C81040,-48.82719769165118,31.2073764302675,-0.35537723
C81041,1327.1979159294829,176.27078049645615,-0.6724651
C81042,181.48572369439412,35.40408105316146,-0.35537723
C81043,920.3411778702367,39.243409361557,-0.37707266
C81044,618.4392324204825,110.70051580465133,-0.3595494
C81045,973.6035307630438,200.95634076722058,-0.3595494
C81046,34.18604879730901,28.63860109293684,0.40459067
C81047,669.7892450543694,97.42871550023042,-0.35537723
C81048,281.5258819784574,-34.51231201030892,0.5189092
C81049,587.1900508344665,78.12102088663185,0.40459067
C81050,907.3096794791787,74.65298256477928,-0.55233425
C81051,1307.88831949353,393.64934458899467,-0.35537723
C81052,418.73125783988405,43.475320139078676,0.40459067
C81053,463.0474236176577,67.67660355977466,0.7304402
C81054,1217.152403516249,449.0817651551508,-0.35537723
C81055,264.27641697583175,36.49231273365781,0.7304402
C81056,663.7922140140467,79.7071487621189,0.7304402
C81057,194.04653872451473,64.82922899115385,1.1891745
C81058,607.0138211266651,121.29914542081514,-0.3595494
C81059,100.78602231442497,16.307377500446528,0.5189092
C81060,304.06560193199033,92.68476617383963,1.1891745
C81061,884.6136762072935,56.21984277324296,1.2018999
C81062,166.39023056174645,46.387240717835304,0.5189092
C81063,424.79386604372803,62.97797215164813,0.8743814
C81064,441.9317308699862,68.05900280006577,-0.35537723
C81065,219.53023709936258,38.59857688824987,0.8743814
C81066,387.36373201328047,17.075152240262344,0.40459067
C81067,245.86666098980763,38.92070074059382,-0.3595494
C81068,450.9231210823076,27.762788308093786,0.40459067
C81069,615.2399090954227,31.64398894024945,0.5189092
C81070,126.98129460131203,-30.503728649238443,-0.3595494
C81071,817.7424489038928,-73.91246748228735,-0.35537723
C81072,1202.0220546805508,25.652003254846594,-0.35537723
C81073,394.02284764713335,41.68853770359339,-0.35537723
C81074,386.2931568856641,-98.46095597430087,0.8743814
C81075,75.94371494838752,-3.7850258997025072,-0.35537723
C81076,-182.9776007939721,-9.382216570955,0.902864
C81077,3.626347019669288,-18.09628393126282,0.9002589
C81079,-315.2685076568377,-96.10224680548542,0.4529883
C81080,433.0150815814314,16.868690279489957,0.8743814
C81081,1304.816119843447,100.69056109210743,0.9002589
C81082,-56.52159646782286,-19.539219679957498,1.5256634
C81083,392.2008010695173,150.69346554160302,1.2018999
C81084,1151.8981299333311,498.72901926273335,-0.3595494
C81086,292.91096769566013,41.745330022698646,1.5220364
C81087,583.3431204397986,-7.844982081997916,-0.35077885
C81089,81.994940373545,17.942015514693114,-0.3595494
C81090,-74.03260307201785,-37.21387275186617,1.1394929
C81091,514.1053340727246,120.17675296896736,-0.68644196
C81092,98.88291552738683,20.951567384369888,0.8743814
C81094,221.65965836693448,88.50821575037507,0.5189092
C81095,50.76743888261267,55.41917928611257,-0.6724651
C81096,219.6438493953474,53.60241259083904,-0.6724651
C81097,92.10050887162107,13.876374756514501,1.2018999
C81099,686.5477799126005,152.65056683276183,0.7304402
C81100,70.75110805471293,-174.16813917979843,-0.3762707
C81101,391.28648583031753,63.005598660257334,0.7304402
C81104,-245.6889207182808,43.03152872349866,1.19554
C81106,306.5440585769862,-31.90057930635069,-0.9855435
C81108,588.8670894931689,55.34541506586534,1.0629653
C81110,482.1686016348334,-12.063012782896163,1.1891745
C81113,-34.02999605067795,46.133945559368705,-0.35537723
C81114,510.5556795547903,122.34753189891511,1.1891745
C81115,146.73026033645507,5.730847568704256,1.2018999
C81116,130.64262214334585,89.71985417178234,-0.3770727
C81118,264.34039591116374,1.7226187037535512,-0.35537723
C81604,-53.30157611042547,-32.43157259062144,1.2018999
C81611,-233.94735782197665,41.95806358680784,0.7304402
C81615,-124.80373762441053,9.422264623321537,-0.9855435
C81616,3.650230867925583,-47.91904048944385,-0.35537723
C81617,-14.03916791517966,113.21557374577712,-0.3770727
C81626,-770.6290411770902,-354.90753808975387,-0.3770727
C81627,-203.70970068558262,-67.74789983576835,-0.3770727
C81629,-277.4010861424922,-136.6715608875598,-0.3770727
C81633,-370.37050600549253,-52.8778486439128,-0.3770727
C81634,-28.742522240658754,44.394611303005426,0.633645
C81638,-1.1477485560989789,95.57700079976108,-0.6724651
C81640,-162.62827284947215,40.254231572969296,-0.9855435
C81642,-129.55386092628154,39.847428715328675,0.3971416
C81647,208.86831212259065,31.19660446576765,0.7304402
C81648,-225.1448185160508,37.278266746922924,-0.36075392
C81649,453.8986305008402,152.53228080727126,-0.3595494
C81652,-158.02454614260012,57.201473464902946,-0.35537723
C81653,-217.05055533121092,2.6933174216113365,-0.35537723
C81654,-83.78272520986661,3.0877948041856085,-0.37375835
C81655,104.21626283274077,19.4040440470146,-0.6724651
C81658,92.26573472705465,168.33791641026014,0.7304402
C81660,-132.70101896428406,23.793008512590173,-0.9880782
C81661,-54.83227557052901,-25.717577193788493,0.7539806
C81662,426.9225072147119,131.82858854551554,-0.6724651
C81665,136.7097131578184,-67.08162218963754,-0.3770727
C81667,-490.7840945193224,-3.325932354774055,-0.35974967
C81668,-537.7803093959182,-36.82958556447977,-0.3770727
C81680,-522.4112677151436,-26.214737298244412,-0.3770727
C82001,979.6242662721104,771.6210236390506,2.134806
C82002,254.40856810198628,46.7828360405294,1.4557788
C82003,467.8194631404139,82.4392085709731,-1.1626997
C82005,463.52167198819694,42.344976683963644,-1.1626997
C82007,472.9152953984743,64.14887588938224,0.40459067
C82008,671.6567236991334,95.47253125430392,1.8671585
C82009,2399.306845510225,290.64151529959213,2.134806
C82010,1132.806432092366,-34.57866570235148,2.012143
C82011,482.552353208174,125.87443461711463,1.4452498
C82012,810.4367616000806,135.58770005564415,1.0629653
C82013,697.969264197334,165.65314204648152,1.4557788
C82014,1095.500003835014,216.47415864335287,1.0629653
C82015,-312.7283596496491,-64.90238017695555,-1.1672047
C82016,264.8304489138185,161.62719554141466,1.3080826
C82017,1053.3768005270097,103.32950022364207,1.0629653
C82018,1648.8090458459267,-123.02869375989982,-1.1626997
C82019,267.01011691467824,83.94707511047315,-1.1626997
C82020,67.18007043239349,57.03223575362081,-1.1626997
C82021,273.5381590566649,-16.372456787096077,1.4557788
C82022,173.49460026129313,78.13831431501754,2.134806
C82023,-138.62256619418517,-81.10813300244396,-1.1694578
C82024,1176.4531157659335,-240.1212023921203,-1.1626997
C82025,391.18677942111196,67.16829408179305,1.8671585
C82026,401.7814480595575,-78.08082569259496,1.4452498
C82027,363.09456103715434,30.450116119573106,1.8671585
C82028,395.97504530285823,54.01241586442621,1.8671585
C82029,877.9978101584775,73.22962662401773,1.4542882
C82030,58.06991323439488,37.02760454304334,1.4557788
C82031,593.5851441142055,13.713908347391538,-1.1626997
C82032,51.05479032119156,43.6621627279904,-1.1626997
C82033,677.2881685838585,150.456062879998,-1.1626997
C82034,154.20612766478348,107.84718193145069,1.3664936
C82035,192.01070204884778,88.7690144281366,1.4452498
C82036,1169.6585199689423,236.30423858815521,2.1246862
C82037,516.9248630948281,-164.72969890208384,-1.1626997
C82038,2696.7802986120428,181.5315882584874,1.3080826
C82039,436.9321724337585,-41.87571259560516,1.8671585
C82040,301.143031915304,55.32061289021195,0.40459067
C82041,741.0917989389424,208.39370138130548,1.4452498
C82042,596.1918746319276,133.8825248411942,1.3664936
C82043,946.2675217973037,-9.40967472823138,1.3748379
C82044,391.5501665763115,181.32561766678327,2.012143
C82045,295.3499585417656,61.618205601619664,1.0629653
C82046,1455.1841412139547,348.31015415939174,-1.1626997
C82047,945.2935298321589,213.16161572128385,1.3748379
C82048,-125.54895128801319,65.30275846489332,1.4557788
C82050,914.0472070699032,330.5488190599683,1.0629653
C82051,731.4638210949736,136.54185041856002,1.3748379
C82052,-57.5638404944561,57.20113155356454,1.0629653
C82053,927.5383473883204,173.78062842569923,-1.1626997
C82054,874.964835782955,253.27313370854787,1.3748379
C82055,790.0561549747042,68.09226076050767,1.8671585
C82056,673.4648360122889,124.47435831031585,-1.1626997
C82058,-108.79656546288096,-162.68158459163908,-1.1710441
C82059,-376.05970431047507,-17.33337734800841,-1.1626997
C82060,-91.57677770204293,-3.9263074137795284,-1.1626997
C82061,994.4347621177287,337.61196261310147,1.3748379
C82062,205.94990817135425,94.56971370111975,1.3664936
C82063,806.3048735359514,-78.81179216354218,-1.1626997
C82064,782.0847132995991,162.78399990805354,1.0629653
C82065,-385.45536275032265,-12.141484759099951,-1.1710441
C82066,642.6497914075067,72.25850529791144,1.8671585
C82067,166.8704381163088,-6.367032454852891,1.4557788
C82068,894.9155433603563,-10.399007181807521,1.8671585
C82070,382.64362041455973,88.0103607785328,1.4452498
C82071,641.1473072365312,231.0369192721641,1.4557788
C82072,439.4760631546602,-16.20949444125116,1.0629653
C82073,1034.4677871003432,-46.96852951244203,-1.1626997
C82075,632.5990389252096,112.42097248224923,1.3748379
C82076,52.80002033658338,132.66716851429678,1.3080826
C82077,759.9692219152752,169.4724421481008,-0.042252913
C82078,451.8939452345241,110.54501557504818,1.3664936
C82079,398.3269596229056,-65.43130267706614,1.4557788
C82080,-91.11492130247831,-11.230165616579045,-1.1626997
C82081,-303.3779725915812,-28.580476586576257,-1.1710441
C82082,222.9837193686857,-6.142048427681022,1.3748379
C82084,-257.7607306385361,7.543535015502477,-1.1626997
C82085,-686.7995797595735,-522.5403881441456,1.860483
C82086,218.30698640437674,10.821039938938616,-1.1626997
C82088,384.7430369322815,-140.03613219064437,-1.1626997
C82091,489.6290206408208,114.66264490509315,-1.1626997
C82092,-217.05277052666767,45.207838586043884,-1.1625525
C82093,576.66792699298,114.62565560205111,1.8671585
C82094,287.0085815713565,14.566464670861338,-1.1626997
C82095,295.9309528221448,128.8464431496386,1.3664936
C82096,498.7331240134379,113.72889828979442,1.0629653
C82097,-338.5051223171129,38.369544607245885,1.3664936
C82098,321.8517541511362,57.15737841928954,1.8671585
C82099,-132.836273159731,16.683163334909366,-1.1626997
C82100,362.3268697183816,76.88194524163745,-1.1626997
C82102,-10.084330122520248,26.505955940377984,1.0629653
C82103,417.3169712081791,-94.78444923973109,1.4452498
C82105,-386.90355579585236,-32.89245567403008,-1.1490978
C82106,-138.2765442679797,24.657582110354312,1.0304221
C82107,127.26294585590843,145.29311244744574,-1.1626997
C82108,-300.793327328431,-166.52177642053735,1.4274077
C82109,-45.94995352600242,54.719482860862946,1.4557788
C82111,-256.5337338698212,4.318687772744499,1.4452498
C82112,43.23734872606319,125.23086975014915,1.4557788
C82114,-300.29628714146367,8.559277286376071,-1.1626997
C82116,-157.06788576347128,-51.21766606254962,-1.1626997
C82119,-283.9249363811314,-54.85126275823692,-1.1626997
C82120,-152.4504228598341,33.04800090945082,1.0629653
C82121,922.7923982066974,237.94769542148015,1.3748379
C82122,-80.96276853344506,38.374493095174856,-1.1464831
C82123,-116.28115893197217,101.63275023325184,1.3029355
C82124,-54.09252327505125,144.31216785924,-1.1626997
C82600,-17.202633647292025,62.44909481768983,1.3664936
C82610,-129.93511047194474,44.54019002670536,-1.1626997
C82611,55.09897181344121,43.27577710384001,1.8671585
C82614,-115.5752896869586,18.586414174855918,1.4557788
C82620,-338.5070151474767,-7.44232067650598,-1.1626997
C82623,-148.26495560928942,61.07502544823662,-1.1464831
C82624,220.0881391826776,5.834102043250918,-1.1626997
C82625,-395.1933470411207,-131.3028336472521,-1.1710441
C82626,-264.0408438128139,8.235875854256967,-1.1484574
C82627,-42.46532366966021,91.59328625497815,-1.1626997
C82628,-196.92958424288048,32.62309857845592,1.8671585
C82631,43.14910321345624,53.51530747512816,1.8671585
C82634,-132.64106421410224,85.82965749858133,1.8671585
C82639,225.62773004781857,306.2424252222569,-1.1626997
C82641,-281.05708500405825,22.805158656740865,1.4274077
C82642,283.94576103952073,-219.06488345542527,-1.1626997
C82643,438.883576635462,-34.417907074692764,-1.1626997
C82644,-99.67361948611973,64.60176965855338,1.3664936
C82649,-50.2682699571299,91.08218566397932,2.012143
C82650,-17.469321861435372,81.55989442063469,1.8671585
C82651,-279.03930737993,-46.37944244727834,-1.1626997
C82653,-343.99192762945717,-30.111162050656084,-1.1626997
C82655,-284.8778278567549,18.951922007899473,1.0304221
C82656,-152.03617256563106,24.10064760016932,1.0629653
C82657,-345.3306808193395,19.38507437023605,1.3126944
C82659,-339.2882405544177,-22.617026775353185,-1.1626997
C82660,81.26704343890304,-4.013341197858198,-1.1626997
C82662,-249.6555175792246,40.571278386768284,-1.1626997
C82663,-90.17743393030227,53.590721580311246,1.0534172
C82667,309.0928897251557,-100.00580390963121,-1.1626997
C82669,-163.5470663959999,37.33013735469089,-1.1626997
C82670,-344.03612188979446,27.210191126609377,-1.1626997
C82671,-268.74899435194624,15.804481296199384,-1.1626997
C82676,181.31082335638848,105.33193707528234,1.4557788
C82678,212.57963199000886,2.1498787672187474,-1.1626997
C82680,-73.7496353140746,60.43081629105981,-1.1626997
C83001,781.0550217418556,457.5418155664504,-0.72086275
C83002,503.9256795662296,134.7750266497684,1.6070215
C83003,1469.732550877359,304.703145867533,0.15425813
C83004,435.8260421726605,93.9570131603028,-0.5812871
C83005,709.4352462308342,152.99212953272792,-0.97202975
C83006,241.63301608663917,114.26416880890972,-0.9564261
C83007,2114.446376483786,1025.02474945705,2.012143
C83008,321.0770998237476,78.48535591426858,1.186254
C83009,803.0102073290986,147.97196908049304,-0.72086275
C83010,568.8509608407218,227.6978545476101,-0.5812871
C83011,689.827564284156,230.33959812266997,1.6070215
C83013,482.52575287565736,46.29942896959885,1.6070215
C83014,818.4018155172348,181.64937709052498,-0.72086275
C83015,781.231900873455,80.38734410679916,-0.5812871
C83016,-209.0756777744906,23.850752951709904,-0.79172724
C83017,771.6724773497398,-49.788736796910705,1.9703923
C83018,1032.523834241714,392.21286749066536,-0.04976289
C83019,4448.956265826414,580.7179843730098,-0.9720236
C83020,620.2347818484214,141.71887180458788,1.6070164
C83021,-250.8701360512893,-58.328534846061686,-0.9545064
C83022,1787.0550062296902,14.102908257631169,0.15425813
C83023,1820.2122526482026,131.5741411286772,1.6070215
C83024,-53.38879126724362,13.221923882057673,1.186254
C83025,825.1584353076931,561.9375557589079,-0.72086275
C83026,2313.66079246174,303.5927855107878,-0.71272695
C83027,765.1947970333568,201.7051621697466,-0.9722347
C83028,602.5201391129548,88.22604413590632,0.15425813
C83029,180.50872284166192,-7.147980892735455,-0.72086275
C83030,394.8415485290012,123.55811398333907,-0.58192813
C83031,1318.3104802133923,187.25338963165032,-0.72086275
C83032,608.7214099306091,138.76823363859782,-0.97202975
C83033,93.7361272020736,94.01023813374682,0.08082725
C83035,910.6274984268751,104.75995529252775,1.186254
C83036,690.2580476883384,242.65285747584608,-0.58192813
C83037,691.6229442535719,156.7321864221109,0.3313684
C83038,580.6528840337054,62.96472078095743,-0.71820545
C83039,490.5424622418195,88.0214086128485,0.15425813
C83040,1379.4075340912177,49.67772069013291,1.186254
C83041,338.79397403968613,84.32092677598027,-0.71820545
C83042,786.1194035767197,413.4368761339678,-0.97202975
C83043,1086.7524793941313,128.33885730940176,0.3313684
C83044,994.5315957861113,223.9353338422708,-0.04976289
C83045,1865.6711623144454,624.2513619462861,-0.9720236
C83046,236.1047762780547,56.692102585704895,-0.72086275
C83047,480.6147828067239,114.66970136508384,-0.5761878
C83048,888.2361426021416,93.53353791469944,1.186254
C83049,555.2729398413065,97.48419530197182,-0.58928823
C83051,272.14752715028345,153.5292568359557,-0.72086275
C83052,-6.293192906579154,27.714841024193937,0.33097106
C83053,-233.0475957708849,6.63408551129264,1.186254
C83054,965.4635722579004,267.89635442946565,1.186254
C83055,319.64405010281524,222.2625536051146,-0.58928823
C83056,1695.9987173639915,359.995725479434,-0.97202975
C83057,290.64951979539995,181.9743131999864,-0.5812871
C83058,380.5628298331407,132.9749255790625,-0.72086275
C83059,542.9892657840281,221.35999216240714,-0.5812871
C83060,785.866774494661,443.59892515870445,-0.5812871
C83061,867.2125785134016,192.12361207113565,-0.5468816
C83062,167.05147509467454,153.9121041185508,1.6056818
C83063,2063.121736497126,239.12759090845896,0.15425813
C83064,3697.7616634945557,525.9636153575018,-0.97202975
C83065,557.9905237749496,225.68192020755657,0.15425813
C83067,236.85800462793847,84.65691360205365,1.3080826
C83068,-118.9044030659156,39.94955127919193,1.9749608
C83071,427.0437360236095,-12.091768624309092,-0.722843
C83072,630.6653083853406,40.64553933897126,-0.72086275
C83073,73.62589238905873,90.50924411089834,-0.72086275
C83074,111.58313174703798,126.76578380049507,-0.72086275
C83075,362.7730795256455,198.89323281915637,1.186254
C83078,528.4039614421464,157.96392923496913,-0.72086275
C83079,21.85858505148485,147.89473167490604,-0.72086275
C83080,146.01126674929114,81.48773214447561,1.186254
C83081,-303.1380351670772,-151.6677831710128,-0.810148
C83082,568.013205982833,46.68007668916576,-0.71820545
C83083,752.3093618185511,69.18966530345564,-0.5817915
C83085,1472.3050758979152,505.2877041704792,-0.97202975
C83605,-139.85673453354616,79.91925489526085,-0.9558109
C83611,267.4341051564584,144.88137806751678,-0.72086275
C83613,312.5794129278561,93.33904257026781,-0.5468816
C83614,106.2991747519313,49.4111665179159,-0.5812871
C83615,-242.96078109329764,-77.1044037618677,-0.810148
C83617,390.4695924099234,148.0141714631021,-0.71272695
C83626,182.21539202223474,160.21030054105915,-0.72086275
C83628,-308.1610822618214,37.31490837944325,1.3049217
C83631,-187.96328293131214,-50.752305176468965,0.20355263
C83633,15.118225474254551,95.05059159503983,0.16109872
C83634,158.91047033522833,164.6205852246335,-0.5817915
C83635,317.2532691743685,78.135803163831,-0.5817915
C83637,284.39983281362356,22.622447585250345,-0.7547473
C83641,137.3030907195077,66.1260774869406,-0.71820545
C83642,-440.69097719500184,-290.0850789529996,-0.810148
C83643,-35.423508123578664,-22.53473969195262,-0.5468816
C83644,-185.92723341350342,-157.73354534962604,-0.052266218
C83649,110.90398736387132,143.7298180923445,1.186254
C83650,162.12643496436223,81.0974079030177,0.3313684
C83652,-328.3006280789811,-63.467980201599296,-0.79928225
C83653,-207.77709605274296,100.97101936394725,1.3244855
C83655,-270.514580592598,-64.92178429308237,1.6078558
C83656,-423.81972244295133,-41.48174407163714,-0.810148
C84001,3754.3844598619403,260.0135724522562,-0.04976289
C84002,842.9637319595747,-17.00470639619981,1.1115307
C84003,-159.0760153358302,-128.56456053716192,-1.2071337
C84004,584.1592258931965,334.47494728212814,-1.1871071
C84005,1079.4968915084944,545.8276840141613,1.3664936
C84008,93.62846241177796,11.276152257382694,0.4152298
C84009,822.7374674992651,185.69795005255827,0.4152298
C84010,840.921520035008,271.8048006739174,1.0081007
C84011,394.68660864596586,11.847097360236688,-1.1871071
C84012,1339.3809608072563,52.39796132191769,-0.5525141
C84013,1050.8716235492966,413.2880969946508,-0.04976289
C84014,739.630247938232,134.7396642155158,-0.5525141
C84016,1669.8498467060044,118.94757059769351,-0.623233
C84017,2103.930018727163,247.017483629268,2.220336
C84018,679.5582449749348,239.93144811556635,-1.1871071
C84019,1000.4478994589334,-80.09363402263197,0.4152298
C84020,261.4535851954318,74.10433779570386,-0.623233
C84021,1243.6618634539773,331.79812723566766,0.4152298
C84023,40.09859449634659,63.83567410505215,-1.1871071
C84024,3463.581842094271,339.2274575178673,-0.623233
C84025,206.87927043955352,99.23689276355037,2.220336
C84026,824.4364710831449,157.7799963414166,1.0081007
C84028,-30.38705832260773,34.2881006812973,-1.1871071
C84029,1790.2194218408615,77.10883277279532,0.4152298
C84030,240.99340327511615,138.78306629455955,-1.1871071
C84031,-107.30543630346587,0.8644058621985756,-0.6336133
C84032,1178.2756063386469,636.9899051332832,1.2018999
C84033,430.23507111379894,-27.870415926560455,1.0081007
C84034,804.3868576522616,59.588119404613444,-1.1871071
C84035,590.6728245176257,159.17371715278114,-0.04976289
C84036,1718.6263930930083,524.0094364931682,-0.623233
C84037,783.288566800495,40.20579635504097,1.0081007
C84039,271.86710200959163,121.55610249665902,-1.1871071
C84042,208.08444012339393,18.70318655510134,1.2018999
C84043,923.7002937537022,294.3533720094437,-1.1871071
C84044,71.94845808828843,109.5205921796227,1.2018999
C84045,359.64048776970026,66.85655362144664,0.4152298
C84046,770.7882891558784,-16.35093064555427,-1.1871071
C84047,723.0788602027187,92.46788004631168,1.0081007
C84048,449.05755655448155,-86.50979226124014,2.203936
C84049,865.3963643437628,56.64995038360928,0.4152298
C84051,1582.2322906237,452.327789297665,-0.623233
C84052,274.9977972604256,29.37934231380003,-0.05489775
C84053,1416.6007285587887,54.787746306053805,1.2018999
C84055,644.595707497071,20.604717602876494,1.0081007
C84057,-32.274387183089736,73.26420554741227,-0.6724651
C84059,1329.2601209797579,143.16005376548375,-0.623233
C84060,571.9177980321421,123.95038271265594,-1.1871071
C84061,315.4364151745291,179.67744380672633,-0.5525141
C84063,396.74890014436437,141.79284836722596,-1.1871071
C84064,532.4233374061901,195.81094473329313,-1.1871071
C84065,130.49671048601144,-5.427724785342034,1.2018999
C84066,551.8522007495283,146.86380896150288,1.0081007
C84067,384.3852121569059,17.208866924943738,-0.5525141
C84069,1021.7528124216265,149.45542771056338,-0.623233
C84072,587.5357916901771,35.32392226500795,-1.1871071
C84074,183.27563733292547,78.36899412203303,-0.5525141
C84076,16.804167216340595,64.01589929514617,-0.5525141
C84077,935.1234777977342,402.70412436504375,-0.5525141
C84078,926.6617039264765,92.18793792587336,-1.1871071
C84080,306.60821476688386,140.8409731996154,-1.1871071
C84081,551.6955981964084,34.97797731914154,-1.1871071
C84082,-453.40624611034144,-106.49903505433626,1.2830493
C84084,341.355328990371,0.6163480735238527,2.220336
C84085,289.15973984787536,175.97075051420452,-1.1871071
C84086,379.6621912507326,187.87476569075585,-1.1871071
C84087,243.23430806183788,37.9038187665621,-0.623233
C84090,43.53293158945389,52.96240833778514,-1.1871071
C84091,517.7376925789216,101.62629002831473,-1.1871071
C84092,-0.723501042831918,20.749304359731614,-1.1871071
C84094,1559.443611206717,730.5621881472256,-0.04976289
C84095,242.70668036812162,140.8011417298778,1.0081007
C84096,-14.483379636191673,-66.81231960375035,-1.2071337
C84101,-210.10624618264575,54.484398401903206,-0.04976289
C84103,-32.28903951268753,-104.8593158365343,-1.1908282
C84104,-345.8211005230681,13.949411846522594,-1.2071337
C84105,305.62261967114057,61.459513157649496,-1.1871071
C84106,577.3153976351264,59.427310533252424,-0.623233
C84107,248.89412489166736,-76.38772840031423,1.2018999
C84112,-247.63299818703837,9.03224409803975,1.2018999
C84113,165.41849179777128,32.105715078119886,-0.623233
C84114,553.67127960746,389.69291563646647,-0.5771614
C84115,-65.23624170043486,103.77571536969312,1.0081007
C84116,506.56339606688357,60.482731721597276,-1.1871071
C84117,-52.357563589856404,85.42002427417006,-1.1871071
C84120,594.6881354407133,84.12143711658564,1.2018999
C84121,-401.6985268274441,-194.45027313237713,-0.55752075
C84122,133.1920002259148,85.55558705375836,-1.1871071
C84123,-41.842685980627444,42.01969084339362,0.4152298
C84124,764.9572371027981,-65.8302893794891,-0.5723433
C84125,-167.6365091137794,-32.36941224965812,2.1876433
C84127,208.2476166660426,14.86552766120926,-0.65909743
C84129,276.22893482216614,133.06220131234363,1.0081007
C84131,243.61684265368126,106.42043598029362,1.2018999
C84133,56.768586149318104,60.42841659990444,-1.2071335
C84135,-27.33341262761318,-10.433649192606781,0.9568654
C84136,-86.56160002129138,58.84203475201898,-1.1871071
C84138,-153.9005134513253,37.93451887884894,-1.2071337
C84140,496.9190201087206,-66.41612918132114,-0.5525141
C84141,-505.6971491807641,-245.7264602891625,-1.2071337
C84142,178.71533961856628,42.55321701805966,-0.5525141
C84143,286.9150160736227,59.680425550832,-0.052266218
C84144,-43.11350998742436,36.80177565122922,-1.1871071
C84145,-438.03237145113934,-26.9270841113801,-1.2071337
C84146,-82.1280662917023,62.52722388439457,-1.2071337
C84149,-139.4857391000652,-43.10690214745096,-1.2071337
C84150,-90.51203800207016,10.324820429440031,1.0081007
C84151,-327.24667141116663,20.09007780684594,-1.1871071
C84602,-394.16262440303205,-15.016282668565626,-1.2071337
C84605,595.757440777379,385.1382662140975,-1.1871071
C84612,-184.75291155587146,-15.336819099593084,0.9221533
C84613,128.76177600617254,455.5887784971957,1.0081007
C84619,101.24085679631787,10.498574876363913,-1.1871071
C84621,-229.00236064740804,38.45566090323854,-1.1871071
C84624,-48.56453503789585,0.9585597665267138,1.2018999
C84628,-69.66629115560198,25.619000270385065,-1.1871071
C84629,233.20476516453527,33.72729782930102,-0.5525141
C84632,-265.2706726410174,-113.48229635676311,-1.2071337
C84633,-345.6611305226887,24.347264283629762,-1.2071337
C84635,-287.17701918140045,-3.180558789428299,1.1026013
C84636,-229.54573561041778,4.348218110242709,0.92215323
C84637,395.4117682416217,100.50199996646661,-0.623233
C84646,-35.23622420014039,107.51573285532241,2.220336
C84647,-296.48500348711895,-30.86002367907375,1.1337827
C84648,-33.25593325045634,-30.542082017111728,0.4168987
C84650,-294.2959064528638,-12.368662756662928,-1.2071337
C84654,23.46886868100839,68.369837453256,-0.5525141
C84656,35.435177158325764,182.82766388720745,-0.623233
C84658,660.902308835784,107.50511059203497,-0.623233
C84660,-87.83422002921539,47.66278442280716,0.4152298
C84664,-157.6069563316653,43.7913833622706,-1.1871071
C84666,-239.174535001448,9.511005073808628,-1.2071337
C84667,14.343201698468297,40.57852578153089,1.2018999
C84672,-86.69896441248606,-12.079010120651215,-1.2071337
C84674,-211.0657089100187,-14.994063213408841,-1.2071337
C84675,-406.9743102169139,-135.9074115132978,-0.66578954
C84676,-58.147582402478044,180.76760073257458,-1.1871071
C84678,19.631199961452793,15.559117656681014,0.4168987
C84679,-87.53264329512713,40.62012030541049,-0.623233
C84680,-60.98718735824604,-29.437359867664338,1.1278018
C84682,-240.7398321391056,14.666586587287659,-1.1871071
C84683,721.8326549129333,155.1891346040715,-1.1871071
C84688,779.2018835715048,-0.14320490488725696,1.1232708
C84691,192.354966942401,-12.857623187482066,-1.1871071
C84692,-93.01796985305856,30.97518218957914,-0.04976289
C84693,-47.549379485145835,11.135962378718906,-1.1871071
C84694,-124.28265738292396,20.414010932806793,-1.1871071
C84695,-41.60312949793598,41.794142737785926,-1.1871071
C84696,-69.41185784105696,2.9043889945337,1.0081007
C84698,27.406743551903848,-8.762075396291898,1.124835
C84700,-280.60147140855554,-162.76969364986783,-0.052266218
C84703,-47.63639420353729,45.04325623934523,-1.1871071
C84704,218.74803840887589,158.5371500959988,-1.1871071
C84705,34.94172075259848,164.773607992449,1.2018999
C84706,-395.98628101937913,-64.7811013156075,-1.2071337
C84709,409.66096290915874,232.8865623644613,0.9466314
C84710,-87.1852298514611,5.6619368592629495,-0.67418975
C84712,-100.00451428592439,-6.064059454890401,-0.56546044
C84714,-412.7329286099421,4.398905043911467,-1.1871071
C84717,-80.65605733940167,35.5342647742368,-1.2041469
C84718,33.70283563571481,-12.440393224268215,-0.55752075
C84719,-531.0061088614849,-55.697781936928195,-1.2071337
C84720,-484.5565003628825,7.201535984754288,-1.1832398
C84721,-495.33604634847836,-1.7023159829504857,-1.2071337
C85001,422.3750201231878,36.454048151750705,-0.68644196
C85003,1093.2347778046662,205.15561734188285,-0.9050657
C85004,1716.4985248635644,281.57674826838377,-0.9050657
C85005,730.3517596936663,119.643196502385,-0.5498022
C85006,218.17367125505564,42.1847537370482,-0.9050657
C85007,1644.2035625093727,233.01920203716716,-0.9050657
C85008,1582.3499605033626,244.4988458165137,-0.9050657
C85009,463.7461850447795,123.51086437478084,-0.9050657
C85010,1588.6214945422162,725.8193687802028,-0.9050657
C85012,-110.18161037889001,-40.10143379696895,-0.52143115
C85013,1451.7985090866841,300.5550984583677,-0.5498022
C85014,1070.3114863409664,149.81361094194295,-0.5498022
C85015,255.8091490550599,27.274095112297427,-0.9184168
C85016,1520.916221000956,276.9786164718642,-0.5498022
C85017,1591.4483846922105,427.8490212710574,-0.9050657
C85018,729.6616368192064,183.73935812806047,-0.5498022
C85019,505.0112914374372,514.5404396053586,-0.9050657
C85020,1443.9992211651977,134.06734344564924,-0.9050657
C85022,1373.8298329005024,342.83920430892186,-0.9050657
C85023,1572.1493135427718,437.8012917780338,-0.68644196
C85024,210.98918291154249,127.83112677900165,-0.5498022
C85025,-592.0129618980686,-233.36931132867488,-0.91841686
C85026,267.52754549925305,-71.0296860786979,-0.9184168
C85028,131.5534737932868,-27.11469373771659,-0.5498022
C85030,1154.4132691544776,252.34031865362923,-0.5498022
C85033,801.8880783516428,150.9135602871662,-0.9050657
C85600,-478.93164723614495,-73.42840298562982,-0.52143115
C85607,-1041.5131565590054,-649.9301557366451,-0.9184168
C85609,-233.19761449535557,17.496783309217374,-0.62969995
C85614,-38.418887047262345,70.8704046947363,-0.9050657
C85617,-91.05664302302256,-101.13343707972147,-0.62969995
C85618,-945.2036778381224,-492.877479880483,-0.9184168
C85619,479.16478206358823,224.88556100009208,-0.9050657
C85622,-184.2062993199046,40.14353838586916,-0.5498022
C85623,-151.75608508599606,43.870126545731175,-0.9050657
C85624,-160.45856775640522,-99.47085851758145,-0.9184168
C85627,-88.57683822517619,-196.10855706370882,-0.52143115
C85628,-348.38414407287456,-12.117654434335867,-0.5377499
C86001,2182.6021014084154,389.8042598330563,-0.8132771
C86002,626.365394582015,107.68649859884748,-0.8132771
C86003,1061.6691328178592,-137.33796765039207,-0.8132771
C86005,673.778396327721,-116.59948532147608,-0.68644196
C86006,982.654806920526,93.12550266169721,-0.8132771
C86007,1056.5676822373296,336.7222883440263,-0.8132771
C86009,545.6614033540981,4.198093918963826,-0.04976289
C86011,1225.403661830764,78.15124253241524,-0.8132771
C86012,122.15863968162382,75.36089854995289,-0.8132771
C86013,1069.3342646785318,-54.90346072302658,-0.8132771
C86014,510.46708507676567,13.160972169110526,-0.78195304
C86015,706.0553028900397,7.134321544436251,-0.8132771
C86016,886.267172977738,84.42646708118826,-0.8132771
C86017,833.2986541636516,87.26866518907441,-0.8132771
C86018,1124.0091373810635,-37.942875178502305,-0.8132771
C86019,1407.1857434710046,119.19068517967727,-0.8132771
C86020,1010.668495947611,-47.748986574606235,-0.8132771
C86021,621.2075198704911,20.511191394006655,-0.8132771
C86022,864.5562437705063,209.42138663101474,-0.81041735
C86023,844.0348565489703,301.2243101971288,-0.8132771
C86024,1392.9595651002649,202.5818058798219,-0.68644196
C86025,537.8726117294116,-166.25667054148198,-0.8132771
C86026,329.43452091580843,-77.7749971648354,-0.8132771
C86029,1277.8074349027588,-5.616092703091876,-0.8132771
C86030,-183.01843670266135,18.610482605910455,-0.7798174
C86032,212.96976616453156,1.2621385616008582,-0.8132771
C86033,450.39121790851294,152.92533413233144,-0.8132771
C86034,839.615106207544,63.44066629832086,-0.68644196
C86037,983.1104604544954,-3.914701449600118,-0.8132771
C86038,722.6842105142516,76.4512245218471,-0.8132771
C86039,186.24850446759828,130.2170930139404,-0.7829878
C86605,564.8226458642093,-19.160603987651104,-0.8132771
C86606,-235.23718850601583,-0.5874134158143453,-0.68644196
C86609,579.6935347318883,837.0246622639777,-0.8132771
C86611,392.84640491394896,112.0986533229198,-0.8132771
C86612,-36.595548227971996,-20.855500289049786,-0.7740584
C86613,69.99394339129745,89.20700604989516,-0.8052398
C86614,1076.4829906901027,383.50634534294494,-0.8132771
C86616,325.59200735656054,-146.8309209410085,-0.68644196
C86621,455.8017227680849,-59.4501842491305,-0.8132771
C86623,-211.09833933221165,13.718477856194417,-0.7970535
C86625,-203.4528013977064,-27.136017776268808,-0.68644196
C86626,-246.57216406740093,26.108306714868007,-0.8132771
C87002,2219.190246620813,347.27837529159666,-0.68644196
C87003,1486.9230579773277,-94.87475617844434,-0.68644196
C87004,1084.2075843881344,-6.197419313017504,-0.68644196
C87005,2371.396563466728,306.4736113719483,-0.68644196
C87006,1572.3970860036206,610.0481249393391,-0.68644196
C87007,1038.3596131693425,315.3856254372276,-0.68644196
C87008,1607.1005604596062,274.0705532615872,-0.68644196
C87009,681.0146174317355,215.35042218947467,-0.68644196
C87010,166.58801106005933,-69.5916223926946,-0.68644196
C87012,1300.237428570124,236.9169864071185,-0.68644196
C87013,535.5938690501378,-0.6693272543296229,-0.68644196
C87014,381.6509212697872,102.46479946209155,-0.68644196
C87015,449.44016484654844,86.89122934484716,-0.68644196
C87016,906.0816266996242,177.79490929961477,-0.68644196
C87017,1419.4040278797893,-39.0908574193615,-0.68644196
C87018,580.3795375900888,90.55756871950315,-0.68644196
C87019,-243.21908413354979,-70.34567048487514,-0.62969995
C87020,361.79462357794944,86.1760175444278,-0.68644196
C87022,833.0987293140817,71.80040249234933,-0.68644196
C87023,-9.540655553437627,37.008894625879385,-0.6359089
C87024,50.835707236559884,8.66985931972009,-0.68644196
C87029,1168.803022128714,252.1412066040609,-0.68644196
C87030,910.5486371758865,228.51623829422812,-0.68644196
C87031,154.33173674815637,25.358824698339475,-0.68644196
C87603,23.78997415868769,130.00950274968343,-0.68644196
C87604,296.0152554609413,47.48507671569747,-0.26212832
C87606,-203.07893349808086,1.9467912300165935,-0.67888874
C87608,56.598448642773285,9.543856310635677,-0.68644196
C87609,-52.97357567624717,42.41107184700226,-0.62969995
C87610,-158.6059269314716,-20.75925694742765,-0.62969995
C87611,-52.705992294985755,-20.779025035628603,-0.62969995
C87612,-366.55405032828304,-58.46072912409413,-0.62969995
C87616,559.9053720817873,147.24741943179092,-0.68644196
C87617,-211.9763620733523,41.57644313659517,-0.62969995
C87620,557.1592490875425,159.01278677346414,-0.68644196
C87621,-239.05467417375863,-10.697189942562302,-0.66036016
C87622,398.453626039818,508.34630404345904,-0.68644196
C88005,608.0367938646503,239.27684445622856,-0.26212832
C88006,362.3702324495537,36.90420318527699,-0.26212832
C88007,534.8638533376454,133.40118804299226,-0.26212832
C88008,1083.6872488270415,476.66143269668913,-0.26212832
C88009,496.629739107907,43.3779488025029,-0.26212832
C88010,1695.9082862933083,32.62038192341447,-0.26212832
C88011,391.9362445378796,58.11757987291027,-0.26212832
C88013,-331.5868352917706,-158.3493761787828,-0.62969995
C88014,1046.6309110492286,212.1597766243433,-0.26212832
C88015,1218.0643458488855,879.3328992167643,-0.3595494
C88016,621.5945742480883,91.81307607033617,-0.26212832
C88018,487.8052373133447,94.4024645900166,-0.26212832
C88019,665.6334829193082,37.21077909817591,-0.26212832
C88020,713.5331572579067,37.26713698844972,-0.3595494
C88021,340.9672962516232,46.2644524553671,-0.26212832
C88022,177.8417217259175,113.26210449106794,-0.3595494
C88023,755.212877399848,1.7598691980646695,-0.68644196
C88024,263.9550514340829,20.408578505840644,-0.26880386
C88025,686.0396066846205,54.74893410460362,-0.3595494
C88026,1161.177468735547,122.31392650469137,-0.26212832
C88027,274.2112901806158,56.22486678408282,-0.26212832
C88028,79.37033455061791,94.59225481296129,-0.26212832
C88030,336.6950024526354,105.1001390221497,-0.26212832
C88031,763.3717700811793,140.70791627517158,-0.26212832
C88032,137.80315865709326,122.29329602689923,-0.3595494
C88033,506.74335132933993,154.76087624223803,-0.26880386
C88034,285.44080612604586,23.880512748697384,-0.26212832
C88035,662.6228153777505,72.84455483084078,-0.26212832
C88036,706.1373626958625,126.97962802021341,-0.68644196
C88037,930.7273290469832,206.5709641326103,-0.26212832
C88038,587.74244668561,-155.05178689400668,-0.26212832
C88039,838.4317346663132,170.12340789794774,-0.26212832
C88040,183.36868164824855,22.79378799817496,-0.26212832
C88041,572.7270780189715,275.33090666323073,-0.26212832
C88042,285.843715580866,-148.4666959274415,-0.26880386
C88043,595.8699267329479,55.435726360503345,-0.26212832
C88044,-125.34089347631321,64.07036955113364,-0.26212832
C88045,551.1770790985661,67.6143260737836,-0.26212832
C88046,-76.23109660315755,92.76732967414824,-0.26212832
C88047,576.3072133051178,85.92525949253734,-0.26212832
C88048,462.44809722369007,43.404251597697964,-0.26212832
C88049,139.06552470226234,101.6164568516479,-0.26212832
C88050,138.19016313404038,39.794703884338944,-0.3595494
C88051,273.7921035660058,121.08356424157272,-0.26212832
C88052,267.30693502261425,205.60887689199333,-0.26212832
C88053,-220.0572078912276,22.545720279298322,-0.26212832
C88054,213.85884066608108,93.87224852559314,-0.26212832
C88057,-272.92101819177634,-27.769962927807434,-0.26880386
C88059,-180.12126760678038,70.06347236450503,-0.26212832
C88060,21.2328659068342,59.195929145450506,-0.26212832
C88061,-404.2796445081686,-48.908296440681816,-0.26880386
C88062,-131.14589228665383,31.798711844792702,-0.26212832
C88068,-249.05674795298103,-6.247269492022441,-0.26880386
C88069,1441.2638839393915,52.88630195478712,-0.68644196
C88070,745.4728880501483,122.9303401329325,-0.26212832
C88072,1971.9427320900068,117.2262252970537,-0.68644196
C88073,244.36171045090273,66.61070762437855,-0.26212832
C88074,187.85461846833832,18.31466523672312,-0.9050657
C88075,-81.71810970660415,-29.199032185710156,-0.62969995
C88076,196.9168929343289,49.28890944688483,-0.26212832
C88077,270.65080530250884,294.87220001257117,-0.26212832
C88078,395.39404414731496,78.40896946253574,-0.3595494
C88079,131.3246766073733,80.9375791376098,-0.26212832
C88082,-289.607505341609,40.15159837097876,-0.26212832
C88083,-241.45854792478258,8.527823987967952,-0.26212832
C88084,59.0029282456307,9.515535252246654,-0.68635225
C88085,666.8029617924853,230.5547507487878,-0.3595494
C88086,136.75401836674078,18.8060363935518,-0.26212832
C88087,779.3618137110423,249.14874063491413,-0.26212832
C88088,698.5305027873184,218.5568756390058,-0.3595494
C88090,655.9910108393315,204.99715743203893,-0.26212832
C88091,-148.24372617657323,-22.758639612171333,-0.26212832
C88092,714.0880035192963,79.43173293551715,-0.9050657
C88095,40.72810752552175,41.39946655139541,-0.26212832
C88096,472.5235561607688,63.56860037842359,-0.36376306
C88622,-258.7519698742907,-17.554079429870466,-0.26212832
C88626,-103.93814785855368,175.77169291582092,-0.3770727
C88627,-137.50021562318443,67.65538678645615,-0.26212832
C88631,-316.58105533357514,-11.011443316065154,-0.26212832
C88638,-373.2713293043037,-26.958862321136486,-0.3770727
C88643,-33.53784368504846,-35.49843520562398,-0.26880386
C88647,332.3284256288038,434.6646827242122,-0.3595494
C88648,239.22171192256874,109.5290335464182,-0.68644196
C88652,-234.78030918012234,34.870525912318314,-0.26212832
C88653,-218.5502064829537,-119.27530750769799,-0.26880386
C88655,-321.07214667643206,13.441280472982138,-0.68644196
C88656,-191.75278741680583,0.6331446369489357,-0.26880386
C88662,-473.4016012157533,-17.845671449039077,-0.26880386
D81001,-40.731197746418964,44.95620257925471,1.2319957
D81002,382.37393197274776,83.90027509083949,1.2375636
D81003,264.65513523062816,17.08562697858466,1.2319957
D81004,1010.5877196522333,293.88893423661483,1.5844914
D81005,-40.16711900058955,52.390424161870534,1.2375636
D81006,850.9526692714438,92.30723900053123,-0.7018792
D81007,782.2751245705131,209.64730779927945,-0.7061671
D81008,2573.759321145415,248.40416007090477,-0.7327536
D81009,117.49843756233254,-18.431770897304407,1.1481881
D81010,939.2508057665433,97.20841569403089,1.5844914
D81011,1344.2937497565263,-47.15408632338327,-0.7327536
D81012,453.41429398672113,48.5926621774294,1.2319957
D81013,147.26251666580546,116.86220788749887,1.2375636
D81014,1803.5500243644121,240.09170003647532,1.5751628
D81015,605.3330055009355,173.76541266300543,-0.7327536
D81016,560.9072631364814,146.33959482200095,1.2375636
D81017,-31.742968131055292,72.88771050590101,1.2319957
D81018,389.10223385599403,107.87070462344005,2.1141534
D81019,-103.84973736967174,10.245531124895736,-0.7061671
D81020,832.2937750525701,25.92456433006231,-0.7070348
D81021,954.1966988130533,115.25068566179722,1.5738522
D81022,2078.2156510741206,1244.177992418178,-0.73269254
D81023,990.6774021481025,51.181625941521744,-0.71279
D81024,336.64028844204375,44.644629787787316,-0.70737857
D81025,438.5315379216779,-9.721286939168412,1.2319957
D81026,1914.4168187083994,802.9453555220196,-0.71272695
D81027,374.4057215336146,89.97405825081538,1.5869738
D81028,475.1045136055777,104.7536113200345,1.2375636
D81029,783.972202701294,91.95641859109364,-0.71304977
D81030,952.1330459029365,290.30296554828203,1.585195
D81031,1171.4192823279718,328.84397064544464,-0.71304977
D81032,826.6593296144929,-13.646366945551653,1.5776093
D81033,18.87308229906515,45.93905974830136,1.2375636
D81034,1513.496084102008,59.51656153825997,1.5738522
D81035,604.0798882222538,87.43872948052034,1.239699
D81036,208.61063884847695,25.864341133512017,1.5738522
D81037,-228.7642501082325,6.051937577213465,1.2375636
D81038,170.52671716991046,105.04117204129611,0.4026307
D81039,433.32226146359073,152.92930121220752,-0.7018792
D81040,-285.5871115181131,-47.59521153159669,-0.71003854
D81041,74.83626399470063,27.982296773242293,2.1150322
D81042,5.7171470049027295,88.22653902674087,1.2319957
D81043,3170.562170654674,1690.443547062669,2.1124542
D81044,824.7539754661108,143.49789270524394,1.2319957
D81045,505.7157697461557,123.40021095267949,1.5844914
D81046,1318.6091726251375,58.95437619571547,-0.73147786
D81047,364.0722067776601,0.32448110509209527,1.692343
D81048,651.4165919921934,12.526632440588239,1.9687519
D81049,614.55382825962,76.45609785835916,1.585195
D81050,979.5213609092165,82.35717933835369,1.5844914
D81051,418.89408487242184,32.28238343560736,1.5751628
D81052,785.904293245882,-36.130743307233736,-0.7327536
D81053,699.1756349303033,-122.08994386573015,-0.70903206
D81054,210.90113778450683,75.69341099294947,1.2319957
D81055,215.4003571207594,23.646101727101886,1.5744069
D81056,-149.75753259462803,30.882319659879798,1.2319957
D81057,1381.5795668626522,619.9693658008263,1.5844914
D81058,149.2969340619336,73.6553744124868,2.1124542
D81059,497.3699218736862,-37.25947409698815,-0.73147786
D81060,406.02762239480245,111.6601350238291,1.585195
D81061,1181.3990368178981,77.9188491258194,-0.7327536
D81062,359.82094058450076,55.31365097949711,1.5738522
D81063,383.38554154894666,-21.89387883789149,-0.7067846
D81064,351.77539755817276,94.51391235630629,-0.7327536
D81065,88.97253506028079,39.51377142707939,-0.71272695
D81066,21.44862038737461,91.2149103193206,1.2319957
D81070,-52.232106998486785,23.319096537242743,1.2319957
D81071,426.66543874091525,188.76602860895764,-0.7018792
D81073,46.51519283312266,57.943061446141705,-0.71272695
D81074,-179.7490032811602,-47.03197635563822,1.5932742
D81078,-192.91449002927527,3.781175661254221,1.2375636
D81081,-72.46545353303442,82.53124451893012,0.4025046
D81082,361.61214191993514,124.97057158807303,1.5844914
D81084,269.62735244458634,94.26317161815007,1.2375636
D81085,302.17918366673183,1.6350297628863357,1.5873553
D81086,164.31070572460246,88.42664289123469,1.2319957
D81087,75.47343266911328,75.67841841689493,-0.7018792
D81602,-117.90252483222426,27.028267826423434,1.2101976
D81603,484.36602574418447,-48.558778147404134,-0.7327536
D81605,-184.54878672293657,-1.892748292837103,-0.70451075
D81606,291.46141057293784,475.48725860411633,1.585195
D81607,-202.80637121639373,21.42821789346116,1.2375636
D81611,565.1613579922349,679.304310461539,1.5738522
D81612,-39.28205641277518,16.674511820234642,1.2319957
D81615,30.887718168391935,190.21790989165882,-0.71272695
D81616,-111.0310445568726,22.577113767945615,-0.7064789
D81618,-190.5354175900079,62.385108802338365,-0.71304977
D81619,-48.62668473909006,9.056868857299536,-0.7064789
D81620,-353.39083987347806,9.698884715337053,-0.7018792
D81622,1071.5434062263844,101.56363861618351,-0.7327536
D81623,-144.3077303913104,68.5608843875972,1.5771955
D81624,129.07018402767628,133.89269606181423,-0.70954424
D81625,857.5471755405288,0.025443388170892523,-0.71272695
D81629,123.28776730025209,7.945668769810857,-0.71304977
D81630,128.06819286500394,25.79676666600882,-0.71304977
D81631,226.61213650338036,67.02617029025842,-0.71272695
D81632,-519.0140924091521,-65.96532159587885,-0.7018792
D81633,555.5996837802104,114.27680984664111,1.5844914
D81637,164.62095060070797,110.43364844107813,2.1150322
D81645,-206.65378190537538,-12.640715850527132,-0.71272695
D82001,1551.8104737575716,144.49742517114265,-0.26212832
D82002,1115.216496526062,-108.3577966826221,0.6710297
D82003,1808.4069020979216,830.5566556092374,-1.0188768
D82004,1604.5791278121592,131.85242041135822,-0.26212832
D82005,1001.6547075823094,-8.884671501117472,-0.26212832
D82006,482.45404088863114,103.69189891691553,1.2375722
D82007,2107.0896086093517,958.3560511754308,-1.0188768
D82008,845.9538332986781,276.8030573672589,-0.70918053
D82009,658.0243283245939,119.38720665810985,-1.018967
D82010,338.0101672576446,151.88765370372425,-0.4051678
D82011,1203.600080036977,116.96268058461759,-0.70918053
D82012,626.9449447316745,125.67356228104752,-0.70918053
D82013,149.27247574492972,48.23895397979877,-0.70918053
D82015,774.6228656522204,101.10131358293316,-0.3997336
D82016,662.7083728995789,228.4719467770872,1.6449885
D82017,640.0164490545021,38.87102864124398,-0.70918053
D82018,217.28746896281538,90.01369681643861,1.6447846
D82019,1112.6723599268582,578.7330824208465,-1.0188768
D82020,729.8847676272289,158.20573624578014,0.089588895
D82021,-224.00855610976325,-237.260832345909,-0.3409831
D82022,441.313831485037,67.83603079781622,1.247799
D82023,768.552377745692,136.64499374193502,1.6447846
D82024,411.6204854093253,-29.40076028220425,1.6447846
D82025,757.4656035117973,203.95415782428566,-0.70918053
D82026,497.5609639684795,117.67952004061756,-0.70918053
D82027,908.728271606235,86.20739605493395,-0.40092137
D82028,461.5980823403139,172.30814533012958,-1.018967
D82029,1749.7266386388656,507.01389804803324,1.6447846
D82030,694.853440888176,54.912244570149035,-0.26212832
D82031,504.15870945910905,99.45731631010462,1.247799
D82032,634.4230497054642,76.74392011530475,1.2375722
D82034,1804.5046518211852,228.74269246712515,0.089588895
D82035,1420.7302560743344,215.51119924635623,-0.7327536
D82036,453.4597805305302,54.34815556582643,1.2375722
D82037,807.7427037402928,233.55591308029088,1.2375722
D82038,-18.910704507740885,28.031164156573258,-0.26208952
D82039,616.6585785572411,128.64448456439115,-0.26212832
D82040,1010.1352940116196,202.80372011910927,-0.7085935
D82041,806.9185152557361,147.48954052503197,0.6710297
D82042,567.1848616693958,102.23773155609679,0.089588895
D82043,424.54775419467626,91.10861880923203,-0.3997336
D82044,4064.0945693916924,527.9718653524959,-0.4051678
D82045,1438.0480548012113,153.85343662155216,-0.7085935
D82046,167.7153432649092,96.57958712047738,1.2378845
D82047,295.2576505603762,-17.51479095438316,-0.70918053
D82048,743.9581397232221,112.54842683523529,-0.70918053
D82049,80.36220263969682,79.53405830339638,0.089332424
D82050,401.3113471381409,0.8396187853241492,0.089588895
D82051,1695.5719895833622,380.1260876644085,-0.4051678
D82053,830.1492795158593,171.28633416880427,1.6449885
D82054,1465.9666328267076,181.50134711835585,0.089588895
D82055,-115.12413027503554,12.408124520324153,-0.9905961
D82056,879.2366633035723,138.4133785264793,0.089588895
D82057,713.0168598288525,160.15450478182075,0.089332424
D82058,2220.4141050129283,24.873403368107876,-1.018967
D82059,1111.6292239985576,179.60118739442476,1.6449885
D82060,91.5927025688574,35.83811670981052,-0.7112753
D82062,404.3805154711109,143.59232728524617,1.6449885
D82063,955.2815629823203,217.27967479808441,0.089588895
D82064,1253.7942811250111,190.31926624479956,-0.7085935
D82065,697.5816452320083,87.32229234372763,0.089332424
D82066,570.823016521124,68.61908565671484,1.6449885
D82067,1205.0758184785157,391.8723749523963,-1.0188768
D82068,560.5629018167118,144.94751502376266,-0.3997336
D82069,-137.55821191617213,-50.01229482419169,-0.77840257
D82070,508.00241237946756,90.07193326358333,-0.4006371
D82071,1095.781725636653,9.277544964424427,-0.70918053
D82072,221.4257894900202,39.120102102914586,-0.40057293
D82073,378.1691376043445,270.2650143170858,-0.70918053
D82076,287.14822503029814,212.1473876975558,-0.70918053
D82078,440.43532054684874,114.67099593279504,1.2375722
D82079,292.1289394110222,117.38178110926582,0.671012
D82080,470.4905103298286,208.48816763553543,1.2375722
D82081,203.8283214308577,72.44533660816113,-0.9944354
D82084,663.3888381506622,45.01708513361181,1.2378845
D82085,296.38302687490807,186.7593542636281,0.089588895
D82086,350.5308903551914,144.3620080347096,-0.3409831
D82087,223.22680961435847,93.98531217329342,-0.70918053
D82088,-23.033744436702328,92.21200576987555,-0.7085935
D82096,269.121897205766,143.12557705437655,-0.7085935
D82098,440.13483756609145,86.85132140339184,-0.99059606
D82099,980.20101623291,198.72753991674793,-0.4051678
D82100,38.860604852737,102.06688803847891,0.089588895
D82102,535.8558467232523,292.4711443065213,-0.99059606
D82103,-223.82112196743213,-53.85035819658826,1.680035
D82104,856.4317465303187,192.4511208478968,-1.018967
D82105,557.4393589298488,239.89775530484266,-0.3997336
D82106,-105.92632026325938,16.698583693855262,-0.70918053
D82600,-264.00104861880226,40.17697047751075,-1.018967
D82604,-24.321944879138357,17.283607700600705,-0.3997336
D82613,613.3988135536028,269.53049513845696,-0.9991718
D82615,-484.19755328197897,-108.57277835082955,-0.810148
D82618,12.496017636517749,81.41249350991556,-0.4051678
D82620,-449.6593119309196,-88.03641570211134,-0.81014794
D82621,596.985712613146,119.1430631949857,0.089332424
D82624,-39.6033702412122,120.65838728443427,-0.7085935
D82628,-123.55434571842608,47.148030421714395,-0.26212832
D82629,-174.95829175046956,-6.152493901320659,0.092092216
D82632,-176.9068297295975,-23.0406397831536,-0.81014794
D82641,-452.9636509508413,12.313526226776002,-0.76935107
D82643,-491.1903893220908,-0.8791233673331703,-0.726264
D83001,627.6405856486167,-7.536835703133637,0.96906966
D83002,1272.4556341352716,104.46655830121972,-1.0188768
D83003,131.2670253045988,93.6550154120867,0.67120457
D83004,393.64564303517744,94.96369226279336,-0.48824808
D83005,1352.0147051946378,278.7941678756879,0.67098624
D83006,241.6001700938971,73.2135069487251,0.96554416
D83007,765.5346318867411,133.2259418900515,0.6722497
D83008,923.8742461852623,232.77017440830485,-0.48824808
D83009,1480.138804786075,24.242629601493988,1.2375722
D83010,629.8728062440949,91.85603268641047,-1.0188768
D83011,626.3203710417566,222.7502746279625,-1.0188768
D83012,1823.6660720719226,119.62457505193528,1.9859601
D83013,1006.7624224929738,274.5064438054892,0.67098624
D83014,567.8395905912662,11.785442408397003,0.9790217
D83015,209.49148094311798,111.98360471463491,-0.4628116
D83016,554.47763403824,19.233523912563307,-1.0188768
D83017,1067.7881752849219,135.33601005153636,1.2482114
D83018,1045.1395966535802,272.82164708663436,0.671012
D83019,396.40287230971745,93.02697335621085,1.247799
D83020,226.8884836676772,24.51979454388051,-0.48824808
D83021,1223.0174401484037,401.53167469739407,1.9859601
D83022,105.60288634470935,35.18798946090512,0.4886607
D83023,1000.5288656937062,206.16986858839067,-1.0188768
D83024,367.00023243148576,114.12514207432224,-0.48824808
D83026,490.33761421225034,91.56531233132404,0.5064197
D83027,704.0451068495073,79.16817459954287,1.5738522
D83028,311.67387100890113,201.6937720081126,0.48823863
D83029,1230.5156377227665,244.02688516411473,1.5738522
D83030,197.3027155695917,224.06629189191685,-1.0188768
D83033,576.4881246420799,140.12313775759253,1.2440089
D83034,1045.4435004351812,133.27199075425278,1.2375722
D83035,858.0943738037292,98.54490756272241,0.52436554
D83036,-123.34617993683219,36.87803722885936,0.5380567
D83037,1432.5133335648125,118.07680857574488,0.96906966
D83038,833.9166472939203,279.1360483426621,0.67098624
D83039,885.1010890330265,240.44311998067684,-0.4955281
D83040,719.9071199387408,57.92934027344511,0.67098624
D83041,443.8165384780206,78.59193809397377,1.2795341
D83043,189.63160015966417,23.364534645880095,1.247799
D83044,1909.673448162058,-27.7758931273148,1.2482114
D83045,147.61283893451755,50.42010099220488,0.671012
D83046,897.111405581882,509.7295353413064,-0.48824808
D83047,846.7561720948348,342.11535821125887,-1.0188768
D83048,1340.2057144323635,390.9835090167347,-0.4628116
D83049,175.98892001528804,74.47852219354588,-0.4628116
D83050,720.6853419471767,708.8256105452836,-0.48824808
D83051,800.9042777022595,252.0538146324721,-0.48824808
D83052,-54.4701822503985,-185.96532240796546,-0.48534152
D83053,367.16020112297275,59.56395986838888,0.48823863
D83054,69.43953961016528,145.1638572328166,0.4886607
D83055,1440.600083887692,321.1747682507605,0.96554416
D83056,411.16663953134986,163.33746972885967,-0.48824808
D83057,710.2161688024161,194.6932515168847,-0.4628116
D83058,134.92681998300412,27.909842469349957,-0.49593925
D83059,973.6477567075837,239.86357731174144,-0.48824808
D83060,2557.0915597773264,269.16677647502394,0.97392315
D83061,575.6925051710523,41.22909310622522,0.4886607
D83062,586.8551930667388,186.76340860651126,0.6710297
D83064,177.7771828022597,13.282491442037438,0.67823726
D83067,167.39002792770614,102.622694897072,1.5751628
D83069,198.9450301638071,107.89850448548513,1.2375722
D83070,165.32058510956318,124.55537118070504,0.6722497
D83071,-21.111317573251736,-46.9513195747415,-0.9905961
D83073,-160.01014623993487,19.707115402731674,-0.48824808
D83074,333.9640543035902,82.22198088214044,-0.48824808
D83075,515.5050461708073,224.19915554147929,0.97392315
D83076,-107.33479444140548,27.112920537788398,0.87850994
D83078,524.8619838037811,139.26027983119974,0.671012
D83079,595.7630433887974,38.32400230713305,1.2482114
D83080,-5.68436891867539,-22.644069251517045,-0.4628116
D83081,178.61478805020013,153.2270549503201,-0.4628116
D83082,-38.51929281136062,93.7982705446629,-0.4932559
D83084,-46.9817225885856,-5.825694861315213,-0.4628116
D83608,219.84712989305802,88.7061275602547,-1.0188768
D83610,737.5538048999248,189.7473959900669,0.67098624
D83614,-868.8737272597348,-560.8784086341899,-0.48534152
D83615,-264.0465991744151,63.847229352677196,-0.49613997
D83618,-93.88996472338941,-124.28284542412604,1.9687519
D83619,-334.04878992412694,-27.375704735030002,-0.99059606
E81001,-195.1871735627751,-15.957094980095684,-0.8366293
E81002,254.93859603102382,128.01129797816506,1.5845038
E81003,1312.8466396125111,218.21623642028635,0.66522956
E81004,810.5810375575825,149.56629840972124,0.66522956
E81005,447.5348754580119,-5.294150719299071,-0.842996
E81006,323.2647831157335,43.722549159572274,-0.84518236
E81007,195.6177364234046,4.441895847548239,0.15547459
E81008,861.3466088349412,70.06507024578328,-0.842996
E81009,567.1749667584313,23.09740314803199,-0.8468707
E81010,187.6916434261233,36.50398996278379,-0.842996
E81012,738.6245077741231,81.25322203641238,1.6940819
E81013,342.6039408642276,197.87719716138423,-0.842996
E81014,502.68342696915187,268.58058075163694,-0.8468707
E81015,1065.0484432778428,-28.37892914016647,1.5845038
E81016,-59.71551217373963,-27.207268735684142,-0.842996
E81018,455.3412050321912,62.153350837481895,-0.842996
E81022,867.5784576008297,248.1678864777045,1.6929091
E81024,256.19294101053765,33.17294056899082,0.4026307
E81025,-42.01998739692759,63.54321754639396,-0.842996
E81026,158.75915639863936,102.44404896671956,-0.84518236
E81027,657.0172343925835,-47.643841302215364,-0.8468707
E81028,863.0170896094025,22.26118146955957,-0.842996
E81032,1438.1184184052588,370.08646332663255,-0.842996
E81033,1248.9647463483325,197.36313417930373,1.6929091
E81034,76.3253355782483,62.38866100872508,1.5831629
E81035,520.5504229190213,-24.923593436504603,0.40328404
E81036,842.4052386320819,128.7234484728034,1.6940819
E81040,381.2171425631634,77.85057046891106,-0.842996
E81041,532.9083599724679,1.1854948844145705,-0.842996
E81043,167.7847204862012,137.99263688340764,1.5845038
E81044,1313.6485753372965,246.39550544080336,0.66522956
E81045,365.9596785611211,159.83214603337643,-0.842996
E81046,688.1308467107451,93.79190836161389,1.5844291
E81048,230.44225280607498,42.85492995159404,-0.842996
E81050,523.6961069607008,83.13434421132162,0.66522956
E81052,267.7336398215376,66.51084429221223,-0.8468707
E81054,-244.62461638523118,-9.554589755526788,-0.85476786
E81057,1415.6124486626643,452.3274661414589,1.6940819
E81059,266.56399724203396,111.08741063519143,0.39482448
E81061,69.15578485336783,26.817571116278902,1.6929091
E81063,396.3925760786484,-57.26166767199459,-0.842996
E81064,-49.16638713330205,-66.71513417527945,-0.8392013
E81065,-131.51178182634786,-148.30024535708398,-0.83384866
E81069,30.791990020648498,14.689019807134853,-0.842996
E81072,349.1977324330865,234.7423494014937,1.5356766
E81073,464.3388627742677,122.57990275483999,-0.842996
E81074,610.5807165073534,100.5147225924382,1.5845038
E81075,-97.91133745070579,-123.83790163275047,-0.8674449
E81076,-44.795469759804796,-27.65082745483209,-0.842996
E81077,-23.104213556425215,138.1364829912015,1.6006378
E81610,-230.69159298761187,39.47377773632942,0.7056156
E81612,68.89843691979148,17.063369592021253,-0.842996
E81617,-92.13817636702338,-29.07122617590558,-0.84518236
E81618,-325.04889297842226,-47.712060217555894,-0.8823272
E81631,-122.83929842820059,66.90838820224981,-0.842996
E81632,69.64928504414841,44.162990895823114,-0.842996
E81633,-280.0465633902681,51.13367543374388,-0.842996
E81635,-173.74034579031215,64.03811495767113,-0.8468707
E81636,-233.60101161705992,14.430222184243366,-0.8823272
E81639,-494.9614660201905,-5.854638997878543,-0.8823272
E82001,1796.2071225085017,853.3879619184617,1.4388813
E82002,566.5681918323102,12.20265032218101,1.2154596
E82004,-182.3643661363346,17.606682963309208,2.1744418
E82005,2996.0894088641194,1263.97044148111,0.11670825
E82006,406.395658279564,16.929811351100877,0.5297569
E82007,397.3621368042612,87.03840144205988,0.5297569
E82008,773.8927909052861,83.04654731003052,1.6929091
E82009,458.4535218663851,203.32396097066137,1.9934679
E82011,115.68702964487235,2.523802652010326,2.1492
E82012,670.0645866308735,80.3585717890602,1.3166211
E82013,1148.3017126925172,715.4625354059092,0.8541462
E82014,505.50079107344345,315.7296511668873,2.1744418
E82015,259.29197162163854,-64.78505554711194,0.8541462
E82017,185.72568597888773,82.7681607113629,0.8541462
E82018,849.2471591797238,120.19023589552012,1.2154596
E82019,1188.7261311972886,171.03491968003266,1.2154596
E82020,178.09653817464536,-22.425106312893952,0.8541462
E82021,183.75881463127814,31.595604365226087,2.1291733
E82022,790.0608104028214,125.66999077309636,1.4371732
E82023,442.05562272758766,94.26908249422434,1.2154596
E82024,780.4362461594768,98.34144758435173,0.5297569
E82025,866.7660619338433,116.48734142638375,0.85189366
E82027,267.0659167839287,59.711703880450344,1.2154596
E82028,134.82267208321164,118.4324924507585,1.5026803
E82031,635.1686639491588,36.36213143835015,2.1744418
E82032,1085.5697079720446,-46.554142115702994,0.85421985
E82034,8.766630500736014,19.615463053339248,0.857639
E82035,1006.3915646901796,87.58937974216605,0.11985345
E82037,376.6187446185969,19.40646541101055,2.1744418
E82038,315.0899832948668,504.5154641741882,2.1248014
E82039,409.4208137707808,-280.39330251123977,0.16226646
E82040,1861.909339314025,262.67645501069245,1.2154596
E82041,590.158253322638,121.03586372619387,1.2154596
E82042,597.5191803743288,60.47616476281198,0.529364
E82043,584.6779124192246,80.14640300999187,1.3166211
E82044,797.8329527917222,18.140276069338963,1.692343
E82045,448.849517085859,283.35004268902065,0.8541462
E82046,496.10736541031577,-44.99515974526869,0.8541462
E82048,150.59804569857843,-29.12583433246866,1.3210382
E82049,-170.53602960396464,-15.247166174920887,1.9924133
E82050,-76.67919767101088,43.14890452661598,1.4371732
E82051,757.7038765183636,43.618974417293394,0.85421985
E82053,504.8072390593725,440.28545325931003,1.692343
E82054,231.37138062278794,5.982172049725596,0.8563231
E82055,396.77639338800805,44.588570401669024,2.1744418
E82056,581.3902204746445,73.77014401000476,0.11985345
E82057,-60.13581236616495,52.234928713864825,0.5590215
E82058,268.40525933603135,10.339584306194373,1.2154596
E82059,205.95029452546706,49.568315674466405,2.1744418
E82060,740.7532357056065,194.75482991196992,2.1744418
E82061,785.1795321665004,189.305382857525,0.5297569
E82062,948.6674738132335,107.80543292472112,1.2154596
E82063,635.883728140179,130.6096637190442,0.52903426
E82064,-80.16724790772773,16.082528614372336,1.9933282
E82066,-294.3345236531967,24.58597501476236,1.9934679
E82067,825.4722725315372,-41.94485963918198,-0.19662465
E82068,562.4975032908659,-15.31971440184623,1.9934679
E82069,-199.57654798338137,108.30245022229197,0.8541462
E82070,-207.96544217766032,21.511100869946834,2.1742504
E82071,357.8725172678415,36.511718627936375,2.1744418
E82072,693.4970083041684,-26.42190657747203,2.119847
E82073,862.0974660492285,736.3128705506033,0.8541462
E82074,1356.9573402876822,76.56373562491537,-0.19662465
E82075,760.6870772920715,134.61035500538785,1.692343
E82076,-193.4377091287782,-7.688639683984435,1.5212407
E82077,162.0145019162029,7.856726259130653,2.1744418
E82078,290.7673450909169,33.152297765563,1.2154596
E82079,501.8315352333994,178.37198756678552,0.52903426
E82080,469.84969406164606,14.799529107448949,1.6549442
E82081,458.6371863364463,76.46735885946704,0.52903426
E82082,1434.9358319022385,109.03715943812175,1.6929091
E82083,410.4065258460089,44.29791173036114,1.9934679
E82084,354.6452617029369,59.30425920771396,2.1744418
E82085,686.3271940046883,-23.118714030789135,1.3170527
E82086,1528.7491394357714,410.9045285678668,0.11670825
E82088,316.2012883546124,110.19036683487172,0.5297569
E82089,926.8625367268771,60.02258898165332,0.10191071
E82090,351.36820520610127,45.13982504119562,0.5297569
E82091,985.2342201132087,110.96575625580834,1.4341882
E82092,880.3871577200072,304.52282724134005,2.1291733
E82093,1043.2600662356851,61.40211447285187,0.11985345
E82094,58.994258882866276,83.5307964344545,1.4341882
E82095,-52.87888976346265,-19.29157235877346,2.1818707
E82096,281.9008813937716,72.78700625599353,0.8541462
E82098,87.439592618144,12.551405551348315,1.2154596
E82099,782.3621163642855,-43.39818486205767,1.692343
E82100,663.1370914005071,32.21965195199274,-0.19662465
E82102,599.606269278459,351.0461611596144,2.1291733
E82104,146.53999625507825,-17.444890663435313,1.6850601
E82105,-169.72375550148018,31.285312145733975,0.8541462
E82106,190.8788197917697,26.2722475265348,1.9934679
E82107,280.94211550298206,78.99458361260079,1.3170527
E82109,81.45302958131033,37.05730706308867,0.5577748
E82111,31.65432058028704,81.03646924362378,0.11670825
E82113,-203.39191716921596,91.12229670362767,1.3170527
E82115,794.3209613030116,-77.46842560355465,0.52903426
E82117,506.2650796667812,114.78891175443324,1.3166211
E82121,139.83754402086072,2.289460509268678,0.11985345
E82123,674.7764567597072,49.79527707537144,0.52903426
E82124,1122.3110587135138,568.3673288095614,0.8541462
E82126,-168.03307614049143,-2.8456169003491523,2.1492
E82129,243.4614011666756,37.51473299324329,1.9934679
E82130,219.15388749177512,125.33074401665208,2.1492
E82131,-303.3206010391044,-8.722084155581042,1.4924827
E82132,211.9626043275656,-19.01242553344684,2.1141534
E82133,137.82337943725835,-7.626867178247856,0.52903426
E82603,-99.82355942939513,86.09089616862694,0.857639
E82613,-266.2453020884614,-104.11967703647105,0.8551792
E82620,-455.0346805512761,-12.58161541525969,0.5590215
E82624,-162.89966931576947,98.91018245560572,0.16427143
E82626,-231.55033643164998,34.24963003439371,0.107523635
E82627,-305.78531277684664,-14.404052311145096,2.1492
E82630,-297.4424738284906,18.89034138299349,0.8532883
E82638,271.72308728188375,4.155370138486476,0.52903426
E82640,82.56053128350231,114.09003029554167,1.4516197
E82641,133.6171497211416,127.83789884667989,0.12108728
E82643,-331.7258753338616,15.163305112901527,1.4341882
E82644,-293.5859275657933,36.74001286285143,2.1730745
E82652,-320.63281793302366,4.111445784600689,1.4341882
E82653,-255.27534487218145,-18.242903678569522,0.849974
E82654,155.7324701145365,203.48625759151648,-0.19662465
E82655,-164.12138269884625,63.705555992366094,0.8541462
E82656,-297.4997881767175,41.73431827321541,0.8532883
E82657,-110.88238453315728,45.034311992908265,0.8852243
E82658,-107.40543641221338,61.91117800249082,0.849974
E82661,422.48703362860755,107.00696123794016,1.6929091
E82663,-220.67430833882577,-38.744169906828986,-0.87439543
E82667,-457.9310178886308,5.467537593822887,-0.44799662
E83003,178.3935579330813,38.54763246928278,0.49199843
E83005,-187.6410906428613,31.8907452769814,0.5344633
E83006,-75.06168017410249,27.240472647318,-0.32239148
E83007,-200.00689788599186,-28.39636616722835,0.49199843
E83008,-102.87680645763531,-15.672297239857397,-0.29383713
E83009,-56.67120841589073,18.23144103458574,0.5344633
E83010,194.85145443373347,-6.380188172808123,0.49199843
E83011,315.7648550363304,4.327448910498136,0.5344633
E83012,53.93993071240711,52.915868285589866,0.49199843
E83013,-225.60029630618317,-4.947688991092124,0.49199843
E83016,569.8237373570304,33.31453375839159,0.5344633
E83017,454.38721576238584,207.44703202823655,0.49199843
E83018,833.0039832801525,104.13659446771554,-0.8470578
E83020,-19.601236485480534,74.77448112237235,0.5344633
E83021,225.92980881486704,47.80327016917906,0.49199843
E83024,84.40430165185643,37.07942891892236,0.49199843
E83025,90.4297985201745,39.00056482214846,0.5344633
E83026,-249.06189428849575,5.917094621691999,0.5344633
E83027,-64.87913220703162,28.90562512649378,0.5344633
E83028,2.9320792382592655,-34.79342936818355,0.5344633
E83030,-43.45411269221854,19.140809924776203,-0.8831665
E83031,-120.39782609811571,42.71348190444033,0.49199843
E83032,702.8018358889996,0.3007184917541067,-0.8470578
E83034,45.53953508440045,-42.973977259515976,-1.0245996
E83035,178.7076277900527,164.55419249932388,0.49199843
E83036,-88.03981314128386,77.81886537722961,0.503267
E83037,-145.2391705581117,-8.189211909035865,0.5235271
E83038,170.36792522318297,11.263325397850666,-0.8831665
E83039,-244.0184816991284,21.379976616930925,0.5344633
E83040,-439.4585645589858,-47.04689611137587,0.4168987
E83041,-298.5678339853583,12.298562661616474,-0.8470578
E83042,-250.3136068018503,-2.308500924413733,0.4168987
E83044,42.05804127146095,77.20761673514522,0.49199843
E83045,-35.26093690245992,97.31305480682832,-1.0245996
E83046,-43.964598847173185,66.44039510392848,0.5344633
E83049,-83.97652662429633,42.262828690912926,0.5344633
E83050,-180.24621862025197,41.09091553378627,-0.29383713
E83053,324.62941665140306,136.4458053968154,-0.8831665
E83600,-270.9136007002977,14.713778724342022,0.5344633
E83613,-90.97584599103382,229.52647654373285,0.49199843
E83621,-31.5416162004098,170.91082218607124,-1.0245996
E83622,-254.66027640867114,95.47213138919827,0.5344633
E83624,-354.67333318709655,0.15930162884919385,0.46595255
E83629,-266.8836045181725,-38.21897262060864,0.4776102
E83631,-364.9373398376515,4.4058274562725215,-0.54165715
E83632,-210.41490381818937,17.458988648275295,0.46895102
E83633,-332.3737721318949,-28.057777702820434,0.4360953
E83637,-189.8461183939381,74.86402326833117,0.5344633
E83638,-199.66402711126455,30.73242657591348,0.5344633
E83639,-166.28215264547893,53.412837277087405,0.49199843
E83640,-441.30779390049327,-2.0470422548502074,0.4168987
E83644,-415.8264788834739,-59.425626911923324,0.45004222
E83645,-278.2463036760774,17.356882019419505,-1.0988649
E83649,-346.04971229116086,13.789310560937029,-0.32239148
E83650,-390.2998290452408,-12.601978694009372,0.5499951
E83651,-445.78173824037424,-0.886929914717837,0.4168987
E83652,-398.5380846624224,-4.633146582811109,0.4168987
E83653,93.06587685213393,79.77233241638511,0.5344633
E83654,-363.17078342191235,-10.414474382332363,-0.5048901
E83656,-392.945480216354,-9.17731284799785,0.4168987
E83657,-418.3506287515733,10.005908131793634,0.5344633
E83658,-423.52230339715925,-48.56818424569321,-0.876443
E83659,-361.93331144430164,-21.666239159569397,-0.88232726
E83664,-464.30014558570196,-32.50668805860022,-1.0988649
E83665,-490.39421857313073,-7.556508596032662,-0.7379688
E83666,-477.684160771331,2.0497858304635606,0.43133453
E83667,287.45363268141534,17.325965120801932,0.4168987
E83668,-287.76698029729846,2.6227565314268313,0.5344633
E84002,-160.19359515176376,21.29553034633293,-0.8470578
E84003,-102.58095835152703,117.15557166527009,-0.58411306
E84004,214.96870753492752,-27.71982534261905,0.8852243
E84005,-64.59382734799594,-34.41360272430052,0.885855
E84006,460.6876378673665,160.98510914295045,-0.40304628
E84007,-113.11318964704722,0.04035245573094388,-0.93614507
E84008,377.3391092418111,-36.79619639963425,0.885855
E84009,682.147127771905,-55.80436678354681,0.8852243
E84011,-188.19187813745623,-101.10072260840431,-0.8470578
E84012,46.83263031109126,117.48343220512433,-0.29383713
E84013,231.71612373829475,9.195081968589802,-0.8470578
E84014,-70.31344813627128,146.60564210869356,-0.93614507
E84015,492.0622248920345,166.1094644414672,-0.8470578
E84017,-52.737376672716145,52.27156931969295,-0.58411306
E84018,64.49855258258307,-17.59061861754385,0.8852243
E84020,-190.32963303982734,123.14899878827528,-0.8470578
E84021,432.1722432783293,-0.7938869429066214,-0.8470578
E84022,130.93144878223285,-99.03237414563152,0.885855
E84023,-158.80492057232982,28.166475069297853,-0.1734242
E84024,883.9124364525552,-7.249871101171169,0.885855
E84025,271.6570795907865,203.60863598307236,-0.29383713
E84026,-189.40306539117245,-10.776897842135451,-0.8754892
E84028,-82.00952207089566,24.151756199434466,-0.8470578
E84029,-312.67078740022407,51.08992953397412,-0.87656826
E84030,-303.09757354001187,-22.692542321967604,-0.93614507
E84031,75.60751883774547,-23.384678411294583,-0.8470578
E84032,380.7664281677077,-70.10401608053606,-0.93614507
E84033,-60.031729281243564,17.864648376322904,-0.93614507
E84035,-561.3667902996552,-126.94706391288919,-0.55752075
E84036,196.82514408265772,118.11618495849261,-0.8470578
E84039,388.83449253597604,142.46618459798634,-0.8831665
E84040,-186.60096039540434,-23.53346675184746,0.885855
E84042,61.30687540973295,34.89297665027325,-0.059150364
E84044,216.47441848249295,-50.255194954350365,0.8852243
E84048,50.178619957165196,-70.87034064503146,-0.93614507
E84049,-241.09812724500765,82.59082281085281,-0.93614507
E84051,-57.80203791716955,78.81155398873976,-0.58411306
E84053,-127.70530509049311,-27.787843330819687,0.885855
E84056,-381.95712043429666,-39.25718088322586,-0.55752075
E84057,464.5173883791333,-44.08021548530411,0.8852243
E84058,993.3183005810813,188.01000370715627,0.885855
E84059,-302.0318310874863,1.9268941583577812,-0.58411306
E84061,372.20793523026987,-30.475988759652026,0.885855
E84062,-61.08355905356566,31.072359989757015,0.885855
E84063,-328.97157038046976,15.72712256071532,-0.93614507
E84066,-135.08707544778537,195.9286778722896,-0.8470578
E84067,6.682238739021949,-25.59932678915312,-0.8470578
E84068,775.8302987629271,-2.73925436737412,0.885855
E84069,513.4868631951746,-54.98825996878709,0.8852243
E84070,-247.5101100971517,18.568461964317,0.885855
E84074,-43.29873024106981,66.2041384597835,-0.8470578
E84075,-280.68768641405416,88.44338453955893,-0.93614507
E84076,-4.615474041288415,2.8308448081805624,0.5344633
E84077,-315.00034549127895,-8.779168473044253,-0.40421978
E84078,-231.21304801733885,48.97944989249026,-0.8470578
E84079,-520.9352856330698,-167.42287685011826,0.9943325
E84080,-9.569380995805846,54.623444008626876,-0.8470578
E84083,-110.34489200573222,-24.946837177486497,0.6992841
E84086,-159.57648463839269,10.338187695468203,-0.32239148
E84601,-112.70402770687055,11.558638270912864,0.8852243
E84617,-218.61023294160523,-23.62135840477602,0.885855
E84620,-243.38549115481266,-1.3475465351253466,-0.93614507
E84624,-298.76274780467423,-2.0225500301134987,-0.8593321
E84626,-356.1223857665659,43.71452665943934,-0.58411306
E84635,-265.51251292917027,36.922853146048375,-0.93614507
E84637,-339.3254680426069,38.7831106390577,-0.8470578
E84638,-266.5570714164241,-18.612889462114826,-0.58411306
E84645,-158.4432674323979,87.90928014457974,-0.8470578
E84646,-268.50044766011484,-52.889101420248686,0.8852243
E84647,-284.2811558281032,6.844718585326273,-0.93614507
E84653,-525.7520046546305,273.85447629971037,-0.93614507
E84656,-174.09027714246741,24.803530359516856,-0.8470578
E84657,-315.6601890620624,-23.107996185834548,0.9927104
E84658,32.98380046334535,-53.13713197036815,0.885855
E84663,-127.4302294946427,-10.626041099864304,0.8852243
E84665,-40.13402831981569,61.289404019187934,-0.8470578
E84667,-303.538004405288,25.08838511849594,-0.1734242
E84670,-225.2394838586814,-34.764235894991494,0.99433243
E84674,-144.0056967395913,8.028550568048303,-0.32239148
E84676,-162.69936449404474,-31.94419000340817,0.885855
E84678,-347.0025150310689,-34.396858579572374,-0.93614507
E84680,-214.00342792384015,-7.670048154684212,0.885855
E84681,-298.002066127791,13.930832580590465,0.91273856
E84684,-235.3954122165785,33.750747993915624,-0.8470578
E84685,-23.582522465888882,80.88429848331208,-0.58411306
E84690,-267.9928797573839,-76.55366405675666,-0.871391
E84693,143.04518418128387,7.96135630153047,0.885855
E84696,-300.8916083871576,-50.23719016010293,-0.3895174
E84699,-291.0488151353846,-52.580419011214296,-0.8470578
E84701,-373.4565781066325,9.4750625686741,-0.58411306
E84702,-181.00296030375316,80.09781586093625,-0.32239148
E84704,-305.649181670038,11.96227508472915,-0.8470578
E84705,-426.6281282315989,-4.785553082047219,-0.45100385
E84706,-376.8940199167678,-8.782575137970596,-0.88232726
E84707,-473.30823056154424,-21.735674021539214,-0.9269085
E84708,-397.86172790367755,-17.977693564266207,-0.8823272
E84709,-96.51951816242838,319.7632533360806,-0.93614507
E84713,-201.41662799358997,3.626236301800905,0.967523
E85001,67.34777353095464,16.03197839767641,-0.4447407
E85003,370.6335619255514,103.72372085120654,-0.32262537
E85004,98.1069471015645,-5.2484851295940045,-0.5033863
E85005,-211.0279805566177,6.145110876581063,-0.32262537
E85006,-36.78180187375382,-91.40546055096875,-0.4447407
E85007,259.9908095709491,180.84413458452943,1.9985831
E85008,-20.356414808632437,15.026909038183733,-0.059150364
E85012,392.82464145468714,-49.56842947007667,-0.5033863
E85013,-342.1455200999006,65.28879573244703,-0.5033863
E85014,-29.181997917110277,-38.94396252756079,-0.5033863
E85015,-83.87151282646371,84.196822731823,-0.4447407
E85016,81.56348894451695,-18.967805954313697,-0.32262537
E85018,-340.94285873529236,-55.695059195524024,-0.28876832
E85019,125.83765357196425,-12.496214764460069,-0.3409831
E85020,134.8866313936515,49.09612018551727,-0.32262537
E85021,-29.75423622959736,17.745751436463234,0.3084188
E85023,-203.36108851934424,49.76986203496053,-0.4447407
E85024,-94.38501006047275,3.8702364428971956,-0.41128483
E85025,-129.62343439426968,80.80705405680332,-0.059150364
E85026,242.14761306622307,79.67683167492599,-0.5033863
E85028,-2.8004399646110993,-13.727712378722751,-0.3409831
E85029,715.6599985215428,-29.8742325961329,-0.32262537
E85030,-120.79122871317792,18.145102783208976,-0.32262537
E85032,-141.79863025086553,-15.222261755902283,-0.32262537
E85033,84.758252418102,-26.281470306265994,-0.32262537
E85034,106.51714765085606,1.4041414260728535,-0.5033863
E85035,-51.79727063236897,-10.656703044328603,-0.41128483
E85038,-198.65637906356088,0.7775287961539349,-0.32262537
E85040,138.58493109203724,-53.28567710761767,-0.32262537
E85041,-223.14900893872542,62.877389176165835,-0.5033863
E85042,-106.91286543880369,38.74503026917422,-0.32262537
E85045,-214.37653357047031,13.735343253746107,-0.41128483
E85046,-121.29969637364782,25.851335901616935,-0.5033863
E85048,-35.46009568111691,64.18210703562158,-0.32262537
E85049,130.67805902321822,-6.1298250619816095,-0.4447407
E85050,27.506641865840148,-15.86128250239288,-0.5033863
E85051,112.04330595686943,-38.24272187415323,-0.5033863
E85052,-107.20214479765148,22.205360771358198,-0.41128483
E85053,-124.61405874970201,-60.35453492218826,0.7732836
E85054,43.846249661359046,53.65628169510275,-0.58411306
E85055,179.82012281125543,-47.85587921172367,-0.32262537
E85056,180.42544220049018,16.82495309693804,-0.41128483
E85057,-164.91236730799784,45.01105548254883,-0.58411306
E85058,195.96850883535902,31.631032794504254,-0.4447407
E85059,-48.19332705200068,-16.854072618173817,-0.4447407
E85060,22.950861249707483,-37.089052661744375,-0.4447407
E85061,-145.890739096788,62.135260505919256,-0.4447407
E85062,-164.18670187105124,17.625950270553144,-0.4447407
E85064,18.40131461808819,-20.652036621110913,0.3084188
E85066,-354.61045850661134,2.2115719213951377,-0.32262537
E85069,-62.94262359490799,31.289421022758354,-0.5033863
E85071,-323.8172240942932,-10.115005807833828,-0.41128483
E85074,-336.9207770059157,-0.2181029726769941,-0.32262537
E85075,-259.63838858471104,14.76347541490257,-0.42108953
E85077,-303.4213455847054,-7.6145464105991225,-0.32262537
E85083,-22.707786339544697,53.50467896804176,-0.5033863
E85088,-121.06590757784504,228.88183246848365,-0.5033863
E85090,-159.18888603451663,18.974931367791523,-0.4447407
E85091,-524.6237117559456,127.90733922613339,-0.58411306
E85096,116.67158277321502,-208.20808746381815,-0.4447407
E85098,-179.29876931441353,-30.430373285955618,0.7732836
E85099,-298.2785131536984,41.84793331616101,-0.5033863
E85103,-76.65392314112786,-9.890387811282194,-0.4447407
E85105,-267.43976653973596,-168.86290477636018,-0.34098312
E85107,151.54123536533362,46.730042418824716,-0.3409831
E85108,-233.5784018973805,52.02734461842436,0.28607386
E85109,-309.23022687103014,-4.778642000269312,-0.3409831
E85110,-286.98790193050235,-36.45138724825666,0.29173687
E85111,-275.3774494999694,49.846293274062575,-0.5033863
E85112,-207.28227920836034,9.809280654309369,-0.5033863
E85113,-138.91141725794958,61.58770793066828,-0.4447407
E85114,272.13525735698977,52.19311286322518,-0.4447407
E85115,-233.50775673904195,26.49401736202081,-0.41128483
E85116,-95.54921646655994,13.71139317473541,-0.5033863
E85117,-165.17278193690345,13.200189810978506,1.9338652
E85118,-62.79566088078624,13.77035135853306,-0.059150364
E85119,172.35513876137156,79.09757150010068,-0.4447407
E85120,207.6150428434254,-89.24071149159772,-0.5033863
E85121,363.6283270194636,-51.10461044279288,-0.4447407
E85122,174.25963921891764,-41.0449584490636,-0.58411306
E85123,-266.72056616756555,10.65615406219187,-0.58411306
E85124,556.360901239244,829.9674724221503,-0.32262537
E85125,-237.94945168263862,3.122850091198394,-0.32262537
E85126,-131.99536582834602,46.82666378439684,-0.4447407
E85127,-38.32682731336535,20.188598854788378,0.7732836
E85128,93.23175065083343,154.5800213321698,0.52120394
E85129,-104.63765798956116,87.99783805757329,-0.5033863
E85130,-211.53815857478844,7.6199421383338795,-0.42108953
E85600,-92.12022950076904,8.27818998671719,-0.4447407
E85605,258.9665543877538,-40.39318705872515,-0.5033863
E85617,-367.0609997703939,-4.89245671283703,-0.58411306
E85623,-365.704230387222,10.10255663291681,-0.5033863
E85624,2.6146225056459076,0.9741194528704867,-0.32262537
E85625,-337.9901056685652,-11.974032243451719,-0.34752434
E85628,-93.95925578508285,23.153272032495586,-0.5033863
E85630,-363.5692741311941,-16.02934109807761,-0.3906383
E85633,-98.14262651154608,-81.5807802881412,-0.4447407
E85635,-241.9308915500501,9.378006756008359,-0.32262537
E85636,4.8264373397608855,61.44832755174391,-0.32262537
E85640,-307.80416730996603,15.602949946777304,-0.3409831
E85643,-46.333230129181786,-9.971417326881367,0.7732836
E85649,-363.6737457133233,4.746520451113307,-0.32262537
E85656,-88.67022579890877,12.613775878051936,-0.4447407
E85657,99.15372379926934,63.940246937918644,-0.5033863
E85658,-368.90430810278013,-4.045424078577715,-0.32262537
E85659,-371.8072862602171,-7.0220908261993555,-0.32262537
E85663,500.94930288053644,-45.686930681847585,-0.4447407
E85672,-409.9807538471,-40.227678303123135,-0.421654
E85673,-374.02243851600974,-158.2410697404119,-0.48534155
E85677,-245.88020998286558,55.867847298863865,-0.3409831
E85680,-102.67488998482187,29.776865295341615,-0.8470578
E85681,161.80131376990118,32.99259335828908,-0.4447407
E85682,109.06351078983803,-94.20737902289687,-0.5033863
E85683,-297.823718280703,4.814275268443542,-0.32262537
E85685,-132.32593376515285,27.924166752437976,0.52120394
E85687,-418.8960267906175,34.87909244860233,-0.32262537
E85692,-107.48925114703992,-40.16978929715438,1.9900469
E85693,-93.6156912682645,64.16263104055541,1.9951746
E85694,-361.3322439116586,35.84751427419538,-0.58411306
E85696,-69.8429804683173,21.839205339862747,-0.41128483
E85697,-23.736582764163444,-29.14412566708305,1.1268001
E85699,95.65987359492135,105.19289227074007,1.1268001
E85700,-328.55766449598036,-28.852440862574966,-0.361457
E85705,-376.83616195350595,-10.553364928621177,-0.3409831
E85707,-138.40745921716677,63.80119113393282,-0.4447407
E85708,-182.42404258867793,21.871336630224864,-0.41128483
E85712,126.94441768476361,104.60026991220337,-0.5033863
E85713,-294.9535075730463,67.84436341262638,-0.4447407
E85714,-316.2626882975674,-16.07901213272027,-0.4131623
E85715,-161.0179487799533,123.53193246340165,-0.5033863
E85716,-44.73641173985825,236.34381899184265,-0.4447407
E85718,-258.01332627682086,-25.750822519153584,1.1268001
E85719,-113.57674630421586,-4.860563752660753,-0.32262537
E85721,-350.7264834156884,-25.36064722189924,-0.4447407
E85723,-76.99331949960586,-258.36663150210796,-0.3409831
E85725,-125.44890903417325,-10.590101415424597,0.7732836
E85726,-326.3925193214227,3.562845414556057,-0.5033863
E85727,-220.0092806489677,-4.653431601008442,-0.37354222
E85734,-193.11544401417495,-22.174390358866148,-0.41128483
E85735,-158.8901847923775,39.89623032312926,-0.5033863
E85736,60.640453397946736,18.082974836293445,-0.41128483
E85739,201.8441631563681,65.59838621754037,-0.4447407
E85740,-308.1569438903378,-57.752728745129595,-0.37306273
E85743,-259.8476037016273,18.50393542533973,-0.4447407
E85744,189.61377705897434,49.14048790570304,2.0679982
E85745,260.5780903227719,-78.62472726341345,-0.5033863
E85746,-333.4548586680833,4.316855510117354,1.9951746
E85748,-244.60414884578563,-50.164547995833345,-0.32262537
E85750,-150.451537430604,87.94638460687108,-0.4447407
E86001,207.33426015438422,52.47716564644922,1.9938668
E86003,-157.77631028620584,-46.572356861203595,0.35822064
E86004,176.89677649763314,-26.29892350094801,0.3088385
E86005,48.16204761349534,-5.697806985312707,0.3084188
E86006,46.57935671265572,18.67006646122103,0.3088385
E86007,543.8072941979918,34.25850604817923,1.9919877
E86009,36.77672931328503,1.924495351541189,0.3489217
E86010,543.0655614327627,61.240513121851414,0.3088385
E86011,-119.3183319459025,4.687672860105982,0.3084188
E86012,239.00244695822872,-21.57108913042816,0.3084188
E86014,-164.29299897915593,31.761573691009694,0.3084188
E86015,813.3786072068257,33.1594428580154,0.3489217
E86016,-4.286062943573355,26.336309054407447,0.3084188
E86017,304.7637074462336,-8.446688974173293,0.3088385
E86018,427.5951618503776,-178.23170762992083,0.3084188
E86019,90.01509329911778,-36.70748850965516,0.3084188
E86020,-54.67602917304054,57.64659239940361,0.3084188
E86022,-165.94403914085117,-5.625449521894979,0.3088385
E86024,-150.7498478143002,-30.8233468253724,0.3084188
E86026,147.6197441848867,111.19793369123715,0.3084188
E86027,329.2576436142922,-33.8838719827215,0.3088385
E86028,88.33808357450248,35.26004551801582,1.9939939
E86029,294.81485492192365,94.42021768216578,0.3084188
E86030,-257.15470404066514,21.46079068420084,0.3489217
E86033,-39.34123083223689,11.21507220787745,0.3084188
E86034,-340.14625877495405,21.71292981282437,0.3489217
E86036,146.23504437879137,6.263948352311597,0.3084188
E86038,-104.24016626944523,29.667902104768423,0.3088385
E86041,-159.75199514908144,-0.7898643687988022,1.9939939
E86042,137.93464139519776,53.451859882497835,0.3088385
E86605,-297.3506737475999,18.489060124807434,0.3084188
E86609,-164.2756168421993,66.3863896461141,0.3088385
E86610,-277.19430613315376,32.484824947339376,0.27254027
E86612,-183.8774045271649,-47.447349587440456,0.3088385
E86615,-321.16389412376833,0.39968375802718153,0.885855
E86618,-35.39594659798042,19.486418300320786,1.9939939
E86619,-360.62178267445256,9.995194071364166,0.3084188
E86620,-196.4557217824979,9.500778576322304,0.3084188
E86622,-319.1332602799621,-25.481465434222944,0.34471947
E86625,-226.55012082232645,-3.4208801451654867,0.3084188
E86626,-117.81202926393748,-18.191009284135667,0.3084188
E86629,-287.5860695450655,6.959672015230217,0.3084188
E86632,-44.6971719646065,15.349433474351931,0.3084188
E86635,-338.4222824008659,-34.215929298806664,2.0048416
E86637,-70.16435413101522,54.92491391216666,0.3088385
E86638,-587.4812315855033,-139.39626777983463,0.34471947
E86640,-208.39386296304124,47.96295727122505,0.3084188
E87002,364.46979088234065,61.3904360782975,-0.42484447
E87003,-170.6116639850639,40.90445410442961,-0.32262537
E87004,-8.40024368059463,3.476868244683125,-0.059150364
E87005,-134.90389905310735,-8.797288387900048,-0.42484447
E87006,-224.76898872065658,-23.349455788046036,-0.29383713
E87007,-246.3067159074666,-9.871215585960545,-0.111433536
E87008,291.069588973969,76.77808044989426,-0.42484447
E87009,-279.87529488351817,-21.315649048652435,-0.059150364
E87010,-224.72580401040466,0.4973285263341942,-0.29383713
E87011,233.25283593279147,-21.693970278442748,-0.29383713
E87012,-513.295032086479,-87.9536707290734,-0.23271425
E87013,-110.88706811128267,24.531221608477782,-0.059150364
E87014,-46.80455971742675,-95.82892633288843,-0.8462376
E87016,-169.7850964890651,46.55829978879491,-0.059150364
E87017,-379.8904702100526,-8.954977478024853,-0.55752075
E87020,-546.4208392470986,-85.48239363880867,-0.48534152
E87021,-192.57809873962134,33.4856782270736,-0.059150364
E87024,55.34324943985226,-34.817679754199865,-0.059150364
E87026,-123.1925995031828,-28.890292754840445,-0.059150364
E87029,-87.50816676623943,19.789349021537895,-0.059150364
E87034,383.09926104109803,214.45787220711088,-0.42484447
E87037,-87.1133914688665,-6.367565899986496,-0.42484447
E87038,16.52359351809055,28.8688372902457,-0.059150364
E87041,-429.78232537222556,-30.488618559543237,-0.23271427
E87043,-324.2099450247566,18.285277353325753,-0.059150364
E87045,-218.0469332220321,58.86992214078341,-0.42484447
E87046,-186.36614850767975,69.870734241859,-0.29383713
E87047,-115.87839976359302,-118.76048136309652,-0.059150364
E87048,-396.7532511988715,1.4634157538590105,-0.059150364
E87050,-363.45966348314545,7.338451272800968,-0.16175842
E87052,-157.5692387340249,-53.458623754449235,-0.29383713
E87055,-353.6656492420715,10.869900392880503,-0.23271427
E87057,-285.3154806007052,-13.771478259677135,-0.2144795
E87061,-164.62396842845376,34.63919430567347,-0.059150364
E87063,-72.95513229396623,86.85060285217246,-0.059150364
E87065,-263.91451231323947,22.72631502688475,-0.059150364
E87066,-58.16408591193635,65.07424694164874,-0.42484447
E87067,178.68554916141235,243.1669668183786,-0.059150364
E87069,-374.32766993468675,9.53855967323417,-0.42484447
E87070,-343.9186695623726,-3.8784120194859906,-0.42484447
E87071,-370.64792553731564,21.735633965060337,-0.23271427
E87609,-27.24196850676967,38.68791283639998,-0.29383713
E87630,-460.76674718732687,-64.54483505008149,-0.8462376
E87637,415.2611152437747,389.8834776076003,-0.059150364
E87648,-392.9156808297339,22.41116989827348,-0.42484447
E87649,-431.21526387564273,-2.48517365588918,-0.23271428
E87663,-290.5404482282733,21.872287011578877,-0.29383713
E87665,-277.405660441043,15.973441437605075,-0.059150364
E87670,-388.4658801780022,-61.07189226145173,-0.8462376
E87677,-365.1423330478152,8.79081705388347,-0.059150364
E87681,-42.60804942143354,61.65243060875177,-0.059150364
E87682,97.14929803767514,135.93771204791943,-0.20619945
E87691,-486.149132314669,0.89093316719782,-0.45020795
E87694,-481.65289861727285,1.088470742899845,-0.44524193
E87699,-337.3791508989909,7.220983217517472,-0.23271427
E87701,-231.89972706924465,22.49923012147659,-0.059150364
E87702,-446.72968013763943,3.640217657619397,-0.059150364
E87705,-398.3764196171637,0.36462473901409675,-0.8462376
E87706,-151.61648587135912,38.12575360938705,-0.32262537
E87711,-348.36357124947966,-5.954515841023386,-0.42484447
E87714,-249.4260441843106,-8.445466489391258,-0.42484447
E87715,-301.3775667779965,23.22418237640089,-0.059150364
E87717,-473.92967938931685,-24.297927231401864,-0.8462376
E87718,-432.9092391823308,-72.47076750634777,-0.23271427
E87720,-237.6983305003835,33.75572912670256,-0.32262537
E87722,-356.4495790104749,39.68250354890166,-0.059150364
E87723,-50.50538630749452,60.443648273399106,-0.23271427
E87727,-300.8792879221323,-58.56637229717661,-0.48534155
E87728,-350.60488416079914,-8.865180123103196,-0.48534152
E87733,-79.07973986362099,95.20195095823901,-0.32262537
E87735,-407.17160996923207,-31.333587081994818,-0.15290636
E87737,-237.90511671580342,-22.259957752493996,-0.42484447
E87738,-175.19911307084487,72.85505284262831,-0.42484447
E87739,49.67322345658062,16.814682075458627,-0.42484447
E87740,-207.02953374634978,120.50481714579531,-0.42484447
E87741,-286.6577828119252,20.68637146718091,-0.059150364
E87742,-340.92361824177186,20.185578924269123,-0.059150364
E87745,-267.9819640049977,1.366991380087469,-0.42484447
E87746,-332.7746202704083,15.99753772725519,-0.059150364
E87750,-355.1862239064035,37.31786261997163,-0.059150364
E87751,-125.86250323860524,11.646491751240422,-0.059150364
E87753,-132.49855301643515,68.80565246871396,-0.42484447
E87754,-258.1628722496869,6.476524140881759,-0.29383713
E87755,-343.5695029039308,41.20887323631324,-0.059150364
E87756,-87.02150969550615,15.63219640306604,-0.29383713
E87762,-243.4183857823892,73.32873541357651,-0.059150364
E87765,-509.59381490776644,-16.804956461441044,-0.84623754
E87768,-351.95900763717646,20.405651762843792,1.2715758
E87772,-451.2683553829199,-7.815336006808711,-0.42484447
E87774,-488.3606848292135,4.579062418936595,-0.24182099
F81001,541.9814490923568,92.94623516407738,0.74024487
F81003,-71.6657235729588,109.21002918053807,-0.034641054
F81004,615.841340407312,-58.02041902390233,-0.28652644
F81005,18.35319105020306,-156.5249809484526,0.7777948
F81006,234.45712164999645,-42.79535791360828,-0.037454873
F81007,1130.7023064011266,475.853219751256,1.8564965
F81009,552.3320339457952,112.50355089724191,1.9840955
F81010,1040.9555673458294,52.6536001254263,0.5053495
F81011,238.52176426763546,130.30613602207336,0.9507328
F81012,356.6058886476958,45.74606058852577,0.75366515
F81013,256.2623155502406,98.41440019861206,-0.037454873
F81014,898.2049994068728,-134.10319783729005,0.87850994
F81015,578.9357416846801,300.0884365212666,1.9840955
F81016,128.97187194018434,107.66829500272001,-0.45244572
F81017,1020.6538397096264,-118.21712099854795,-0.8528857
F81018,366.7702919103838,-295.09175944546325,-0.8032738
F81019,1556.7538963536883,555.1741800684208,-0.48344207
F81020,234.8175083614519,97.18493172361201,0.8772851
F81021,769.0743269160719,193.47309536577674,-0.8700143
F81022,1371.4523702282904,68.87522628943837,0.9506892
F81023,302.6338902188375,48.59346771958464,1.9192337
F81024,-55.08502086130237,-13.200346655214114,1.5710444
F81025,321.77000690167444,58.10014855841743,-0.037454873
F81026,523.434004523871,151.10699748748087,-0.8528857
F81027,1655.0285924075597,193.29220126418346,-0.36372164
F81028,215.27935276826767,81.10592804752497,0.75359595
F81029,178.46543905232028,41.120699994817635,-0.037454873
F81030,1374.671174944867,109.12537247562008,0.8785536
F81031,463.50323866944035,68.49443600754798,-0.037454873
F81032,-211.2258771746488,34.291866498260234,0.74024487
F81033,-260.242979813265,-65.93883741174095,-0.088355824
F81034,343.85984948766514,106.95145899526123,1.9837719
F81035,-82.50712790558379,-270.41298500480826,1.5606861
F81036,940.9771321306947,136.5356644320571,-0.037454873
F81037,1149.7139934471209,-137.1036576229278,-0.8528857
F81038,429.75722691782494,75.18008456040265,1.9192337
F81040,-51.75552716178254,13.993056657988504,-0.03685954
F81041,540.2274290037507,144.39824353860814,-0.037454873
F81042,1901.8145614319442,1293.4364270725887,0.7498855
F81043,1306.1890277337704,191.14303563116766,0.9611634
F81044,287.487070476635,111.71573257055864,0.7574944
F81045,-291.5414265914261,27.929279844547754,-0.037454873
F81046,37.676587343021005,34.50521104615742,1.8569366
F81047,798.6389998103228,139.46730728121025,-0.36372164
F81048,352.6198752947444,-25.57666804388217,0.17686082
F81049,750.5487277899518,91.59806417490707,1.919155
F81051,406.8946260937295,23.03356459301925,0.74024487
F81052,1843.2093015052303,303.8010288690056,-0.8528857
F81053,574.2444466345898,296.81568245559544,1.9834394
F81055,293.5810988153331,-7.7236145059303665,1.9193112
F81056,560.8314635952056,114.76764309521377,-0.36372164
F81057,495.0106978767741,139.39199083854407,1.5615443
F81060,65.06962710316675,-34.44010882721299,-0.037454873
F81061,391.79452707117565,40.81053304685464,0.74024487
F81062,85.46997861977832,38.12024013474488,0.25064984
F81065,-188.24450627907018,24.33759569542786,0.74024487
F81066,24.995439053034286,49.654692387075684,1.8569366
F81067,1262.834593920554,144.9840436160568,0.7498855
F81068,1476.9160231854187,120.86533932759944,0.877344
F81069,161.4224652063105,172.0425638707837,0.7498855
F81070,-209.52185482230044,-585.8368563876098,0.7680206
F81071,385.5797043674918,36.033829235030446,1.5634723
F81072,180.648459825403,38.669555108406485,0.9611634
F81073,-312.5734183853033,-127.72199437014547,-0.15418962
F81074,284.8035835752214,80.10092254546466,1.5586717
F81075,792.2458508492491,-50.019621145788115,0.72366035
F81076,-54.16908771631693,45.238911762577,0.9507328
F81077,-347.51885590022397,-376.2266724745737,-0.4853415
F81078,270.55636550301944,77.46357759697342,-0.36372164
F81079,606.4060003345153,-99.36599667405793,0.77258956
F81080,538.2916481133718,114.17992897415165,-0.037454873
F81081,1980.8711904995384,116.53212709522722,-0.034641054
F81082,157.03307716740795,-64.74928334437013,-0.020140208
F81083,478.9337997174269,51.97159647412854,1.5634723
F81084,99.5996904290483,-35.026500647541596,-0.07915651
F81085,587.5745123845866,92.80368278685648,1.9192337
F81086,179.03839430648065,76.55627570243767,-0.034641054
F81087,1171.6656802937362,10.644759131845593,0.87850994
F81088,-160.2373089940035,9.656197123563702,-0.03593996
F81089,597.3211016632923,76.96663965875092,-0.034641054
F81090,517.3871057980081,84.84592532516504,1.9837719
F81091,508.17901232629134,34.91602700447835,0.7498855
F81092,-121.82412031262584,48.11136315403962,-0.034641054
F81094,498.6685572049228,-173.96582362555654,0.7704029
F81095,1410.4649459315049,644.0084932199377,0.7498855
F81096,1054.9931406864102,9.444846162032531,0.72320545
F81097,1027.3378355990533,187.7698775695613,-0.034641054
F81098,275.5963137465398,76.24985562169228,1.5615443
F81099,1126.5639011098872,-55.310396139429685,0.9506892
F81100,1433.411801995295,388.9532824872998,1.5634723
F81101,-117.88393581507593,-19.386257578159913,0.74024487
F81102,-78.18595409917793,42.5540339476109,1.9193112
F81103,-432.67434677771126,-189.43891210177,0.5973467
F81104,23.50132414635157,-26.27937843274871,-0.037454873
F81105,1426.5184126757094,306.14861940413294,1.5634723
F81106,764.0802095069249,151.33354476619692,-0.36372164
F81108,920.237876826931,295.6526279451177,-0.037454873
F81109,93.14793830600391,29.506939186738958,0.77224255
F81110,367.66183460342245,492.6260321156593,-0.0399582
F81111,76.116322939077,71.0703653437592,1.987591
F81112,295.64208961272885,220.63689285179117,0.72366035
F81113,606.5156905427187,99.25622469834308,-0.0399582
F81114,848.0463619482102,22.806514938719264,1.5634723
F81115,1236.6007905132726,849.9554176195961,0.7498855
F81116,606.4360018284949,189.74696326837318,-0.8683503
F81117,564.8640839446128,-71.70269937173872,1.5634723
F81118,975.5581538319415,37.26539228595728,1.9837719
F81119,451.85135954382906,33.28550663172975,0.877344
F81120,963.3202236370598,65.6369594817972,-0.36372164
F81121,176.12212438218012,280.7073291712492,-0.034641054
F81122,972.6688788379338,762.6970354243091,1.5615443
F81123,1086.293009446682,152.7130143216228,0.74024487
F81125,687.6513623278464,31.38754375340073,1.8569366
F81126,805.507960348183,16.55067287812818,-0.033699885
F81127,102.59851378948802,50.029330196433534,1.5614038
F81128,789.180453489733,313.9950972041704,1.8569366
F81129,-495.58472492827775,-824.7832125297844,0.7777948
F81130,305.81787170828017,138.9903134823965,0.9507328
F81131,448.8532988665176,167.15506093068936,1.9827632
F81132,1564.7259273451496,134.20802914385882,0.87850994
F81133,774.841222193462,107.1380335092956,0.9507328
F81134,367.05792405344897,-29.164184678515007,-0.040096465
F81136,211.01324784278435,303.55903976238517,0.17686082
F81137,157.35923334270538,45.267722447102,-0.0399582
F81138,-74.73384242110394,85.19777234965197,0.9063641
F81141,87.18933127205362,113.96835660291846,0.75359595
F81142,64.93932502286751,2.450229051880746,0.74024487
F81144,997.9701879763087,392.8698054674878,-0.033699885
F81147,-10.446771626749321,0.45224236375034266,-0.034641054
F81149,674.1262331022998,-97.76999316257198,1.5634723
F81150,377.712377987632,162.70535428822478,-0.037454873
F81151,139.99149780891955,8.951496589983117,-0.08094456
F81152,450.9082905362406,75.6904236409842,0.17686082
F81153,822.2115305485834,-8.67668474983248,-0.03593996
F81155,79.17121537550831,1.2653043337147605,-0.0399582
F81156,1009.8466882575711,258.98871490650055,-0.8528857
F81157,403.8460103861846,-40.46936824227198,-0.79410815
F81158,-44.42826034507964,11.03980106830968,-0.037454873
F81159,0.8865077492328841,143.5588561875011,-0.034641054
F81162,-271.71341820676975,-31.741684544735392,0.88606364
F81163,125.07281037349254,56.70201688981108,1.9193112
F81164,439.6666913594709,209.50113811343405,-0.034641054
F81165,-192.3610589695666,-42.610915662589335,0.25064984
F81168,12.079982955004217,42.39764060370713,-0.08146599
F81169,17.95186596004212,-20.666541549855662,0.25064984
F81170,50.90951368594028,262.1150916730219,0.74024487
F81172,-198.5819469789064,-89.49990290650774,-0.01617661
F81173,259.04712948111666,130.3414485818123,0.8785536
F81176,-215.0901937378302,57.131485257636314,-0.034641054
F81177,-122.38390919606054,50.844798937163844,-0.03593996
F81180,-204.80987573242524,-208.43076259526435,1.5356766
F81181,1294.165310491833,540.0286894725081,-0.36372164
F81183,77.10379174191613,176.24609350154725,0.9507328
F81184,-146.25052183974674,26.39769834783788,0.9573937
F81185,-213.81834828977307,-43.5751962680348,1.8243934
F81186,218.85120880808182,87.63870052866706,-0.037454873
F81192,638.1340642008638,60.528982861013624,-0.0399582
F81193,130.23062646687592,77.74418611349853,0.9507328
F81195,-237.36106995396432,-16.293679592847283,0.914618
F81197,-251.53462699950097,-35.86329920106617,-0.0399582
F81198,-238.45901729779519,3.6869537665518415,-0.038517796
F81200,-156.08534891349555,17.734507328741273,1.8473886
F81205,329.58870233526915,-63.609705216038975,0.72320545
F81206,295.66653701975514,21.731033799135936,-0.0399582
F81207,-344.65195884958854,31.20505052078507,-0.034641054
F81209,-214.39888609175344,16.111227514689226,-0.060757883
F81210,-129.3966043467209,-76.69597776034753,1.9687519
F81211,100.61800059982627,-19.960205891268814,-0.0399582
F81212,1273.0699824135788,319.44212143589226,-0.8528857
F81213,315.3732883502475,310.65015365943356,-0.8528857
F81214,191.66611967238828,65.0108554746026,-0.088355824
F81215,111.23906379977606,57.781193153215014,1.9189951
F81216,-132.14645167065322,41.669651574896704,0.25064984
F81218,-316.0527381963307,6.954176937414036,-0.053215943
F81219,-28.154678754565545,11.864539772836556,-0.0399582
F81221,114.59219913763737,30.712399543102514,-0.48344207
F81222,-100.13103470196079,3.227064201219375,-0.037454873
F81223,-129.00470942783366,-16.335299740586304,1.8569366
F81606,-91.62178182101651,77.77001398891203,-0.8528857
F81608,125.63191279806763,-190.74392399525436,0.5823094
F81613,362.36563598023736,170.4532104160415,-0.034641054
F81618,-5.511612731509075,7.161861461495101,0.74024487
F81619,-154.32749790373194,85.14912754517752,-0.36372164
F81622,-118.66952676834205,29.87345752582577,-0.114231385
F81623,-259.4764164481516,-16.05300294554444,-0.0399582
F81632,50.046319176925124,-0.18964059989150897,-0.0399582
F81633,-92.40663364630824,41.824118477034055,-0.8700143
F81635,-263.5028410289211,3.5911432235298326,0.8785536
F81636,757.7565418993612,257.95469160077744,0.7498855
F81639,-412.68450261519877,-22.602974567700123,-0.16053504
F81640,-77.69820442966315,85.14412798077022,-0.037454873
F81641,-63.15041948074732,26.302680486869225,-0.0399582
F81643,-831.30489652451,-386.4550585719292,-0.088355824
F81644,-326.27958677625656,-34.3286698958318,-0.081987076
F81645,-1.041338713740784,53.611762023981214,-0.037454873
F81648,-422.85708212864813,-16.333636008862594,-0.08504147
F81649,28.26729824848606,56.32167879265396,-0.034641054
F81651,-256.5934831885302,0.36739310938048725,-0.041375272
F81652,-66.65943661961398,161.3577701110437,-0.0399582
F81656,-162.12584512435512,44.33071067299251,-0.034641054
F81659,-657.9868134946222,-230.02547394491214,-0.088355824
F81665,-161.5521848125318,44.64978281703015,1.5634723
F81666,-158.700494977288,-0.5974987152748398,-0.037454873
F81667,-395.02442598092,-60.914751120958194,0.7777948
F81669,105.40492987604792,97.31498066755209,-0.0399582
F81670,-43.33859392471183,7.962070102768567,-0.81272584
F81672,-190.72997980500415,-187.11011199484963,0.771856
F81674,-174.65600364777254,174.07788854277572,1.5634723
F81675,-109.6020437753852,135.5035053536775,1.8569366
F81676,-399.9235327616658,-7.9470961276510215,-0.16053504
F81677,-424.08341858599874,-100.17574651268193,1.8243934
F81679,268.9020581528823,118.43937909932124,0.7574944
F81681,2149.322487664629,989.13803831833,-0.8683503
F81683,424.54493201686194,36.263707771454285,0.87850994
F81684,15.958853198358579,135.85856414604504,-0.04523577
F81688,-244.57872673068536,1.7240660403293753,-0.089579195
F81690,-43.43411294291994,108.26102243783613,1.8569366
F81691,-133.8436516949743,-2.8860571399608204,-0.073025726
F81693,-468.65269891483786,-100.73256160292622,1.5356767
F81695,-366.4816704482192,-0.569632863934226,1.8243933
F81696,-245.9116778687804,40.61747055798144,1.8569366
F81697,-189.00153179771,-23.503572356177724,-0.03593996
F81698,-99.27279054221046,66.49326487536604,-0.08309276
F81700,18.306661633143722,-36.503596354062054,0.72320545
F81704,-264.0341269370217,29.091297497663856,0.74024487
F81707,-181.33699620020965,55.562851062815156,-0.037454873
F81708,-78.48484228628425,273.3430220980003,-0.0399582
F81710,-286.68517041185584,-168.79763626740038,-0.088355824
F81711,-271.1967485184766,17.8181297236645,-0.037454873
F81713,-336.2345344315768,-26.82779159959078,0.74024487
F81716,269.310988402088,106.64510677103875,0.7498855
F81717,-304.40151215253246,-9.20627067725381,0.95824283
F81718,-416.20949632150933,-89.26045605324984,0.7741858
F81719,-249.56519272233953,-66.04297573526209,-0.088355824
F81720,-204.997854901763,28.704235667824502,0.7721337
F81721,84.16132248780784,-8.17708796999836,0.76660424
F81724,-203.70604972780262,-48.880333207351846,-0.12623204
F81725,234.16977607420074,233.75697636633566,0.529364
F81728,-286.2129272060073,-65.2900554646403,1.9326622
F81729,-80.89111803141701,-8.303924979314795,-0.037454873
F81730,79.61523816453504,74.77504877319559,0.8785536
F81732,-60.59730113213493,241.25168303006853,-0.037454873
F81733,-239.32418634302118,1.919839943830885,-0.16053504
F81734,-476.36580198226125,-48.85625433768771,-0.088355824
F81736,-369.76737205425235,-128.91669144948207,0.7777948
F81737,-342.79079537263385,20.82688595997576,1.9192337
F81738,-284.8307946089968,-57.01373684846545,0.98047656
F81739,367.0096237812809,216.2909511751166,0.72320545
F81740,-56.70691462711706,305.7237388000036,0.72320545
F81741,972.6648744756471,546.424047448352,-0.8528857
F81742,-317.85266721439757,0.3464268086189677,-0.088355824
F81743,63.445990748828336,17.067166123697717,-0.085724294
F81744,-216.6898297959459,10.26932298589243,1.8569366
F81746,-213.41841884458782,53.893575059635985,0.7574944
F81749,588.260647090274,407.76251656762895,0.529364
F81751,75.429110654646,173.59106362589887,0.9506892
F81754,-582.942318168831,-122.53525713152598,-0.16053504
F81755,-419.4126077830263,-25.330680677323787,-0.16053504
F81756,-279.45633802079675,-2.703108619944561,-0.08228468
F81757,167.02726945415895,99.95912124373554,-0.8700143
F81758,-146.45245977889493,-43.90383585222155,-0.49464297
F82001,26.01199735381736,-16.906747180577955,-1.284167
F82002,-121.76897644429835,35.74827983063452,0.6256729
F82003,-97.41614911692032,29.577051042741708,-1.284167
F82004,329.7104391846253,-196.57813871392392,-1.3154025
F82005,-101.34909577277432,-18.48526844450464,-1.284167
F82006,490.3974106621559,23.974245181976915,0.6256729
F82007,342.48216596135245,38.76481014334728,0.6256729
F82008,725.2809644866022,-0.1466230340925289,0.6234586
F82009,681.2698485651783,144.08631136506582,-1.2858939
F82010,161.92278343479282,133.8992815071309,0.6256729
F82011,589.6010047949903,-73.22660431476766,0.6234586
F82012,-76.09748097152556,-94.92022932940439,-1.2884467
F82013,662.6734920889215,86.68396084052904,0.6234586
F82014,408.4335070023344,-17.023302689583012,0.6256729
F82015,29.9082458510189,-28.92541599394807,-1.284167
F82016,198.3702517063736,-1.0072691275786718,0.6256729
F82017,593.9978616453621,42.14490614053041,-1.284167
F82018,428.41403584935915,-80.46020689514394,-1.2844381
F82019,128.28023185191105,-9.735909418087147,-1.2858939
F82020,-312.3662258996568,-58.75385094791329,-1.3154025
F82021,364.6862722058467,-43.22349246179893,0.6234586
F82022,600.1524825532915,199.5231949990115,0.6273159
F82023,-195.043285782917,-67.16639915111907,0.6256729
F82025,11.886047128690217,34.34358873944877,-1.284167
F82027,-335.06331744086333,-9.574720110357921,-1.2844381
F82028,88.81624900405065,64.96552860685898,0.6273159
F82030,577.3358849802365,65.33366405619704,-1.2858939
F82031,-46.01267541103769,-9.337864386363483,-1.2858939
F82033,-257.1461944721446,13.000089721999936,0.6256729
F82034,-107.67523535919558,4.980891405327263,0.17131852
F82038,393.9656879482652,-63.81929589427114,-1.284167
F82039,-238.92278452982907,22.796755206578183,-1.2858939
F82040,-288.1276187606279,-8.260955301784593,-1.2844381
F82042,617.8165074034646,344.8724952514812,-1.2844381
F82045,-218.2712501347097,29.161372384467896,0.6256729
F82051,534.8004169427066,83.80007305201357,-1.284167
F82052,-236.50872328202598,43.57266494535609,-1.3154025
F82053,-198.7509035159117,-32.551930204186796,0.6172735
F82055,-54.16423085584992,190.2065270276694,0.6256729
F82604,-82.64324415317871,57.31463661050364,-1.2858939
F82607,-65.2073959784581,27.654772769673,0.6273159
F82608,-418.97729395222854,-14.181586770437901,0.5251675
F82609,-204.84813265022137,28.858806083096844,0.6256729
F82610,-254.6169462785974,9.241746356655032,-1.2858939
F82612,-51.932790639877766,101.79030007096553,-1.2844381
F82614,-191.51697764451364,75.99042882853834,0.5641833
F82618,-333.4791537815891,-15.196439133461993,0.5251675
F82619,-312.05186112200073,41.361144886240055,-1.284167
F82621,-146.114828970807,16.304698559089836,-1.2955412
F82624,-223.6100226712823,21.13345860573749,0.6256729
F82625,-38.56575567153132,30.07855055954453,0.17131852
F82627,69.10739415772105,-7.1440076559169805,0.6273159
F82629,-401.03325702117996,-36.17116936878785,-1.3154025
F82630,103.06743041385467,96.87980963559234,-1.2858939
F82634,-171.74999150104694,15.270463383286415,-1.284167
F82638,-69.01018301703799,40.11036383645189,-1.2858939
F82639,-363.1468484929108,-4.487461650581984,-1.3079913
F82641,-419.039081447203,-6.12822865089384,0.5251675
F82642,141.30246240192693,135.96877062295786,-1.2844381
F82643,-360.30528897765856,-9.35679828540087,0.5251675
F82646,-42.791357546129674,-106.815765234492,0.5251675
F82647,-258.1520116955657,-15.900984806456973,-1.2844381
F82648,-186.4231035227925,-2.297506983217495,0.6234586
F82649,-29.54276070297875,5.861389853959197,0.626135
F82650,100.53963015629549,90.55279237144146,-1.2844381
F82653,-347.0741150075923,-21.497970192329376,0.55266434
F82657,-462.221922964688,-70.69057236213409,0.5251675
F82660,1429.5049098988736,634.1676707461029,-1.2844381
F82661,-298.5768968646355,-20.582905061618046,-1.284167
F82663,-202.21416794440862,42.89269541133555,0.6234586
F82665,-246.43008814507834,-81.13744916039737,-0.01617661
F82666,-154.72159483880597,-12.072431397061923,0.60678196
F82668,-194.46426609039395,15.128508705615094,-1.3134623
F82670,-265.44301364462837,71.50095662041235,0.6256729
F82671,-177.52038906339294,31.430112721977107,0.6234586
F82674,-98.90397396690031,46.36746447355535,0.6256729
F82675,-187.61422900671653,-39.762890399674795,0.6256729
F82676,201.94909905713342,17.704889208128762,-1.3079245
F82677,82.75475229521565,139.5209497538773,-1.284167
F82678,0.44097445633885757,152.31659638150956,-1.284167
F82679,-170.78743526113658,34.98976707998683,-1.284167
F82680,189.85781048939035,136.97159483492624,-1.2844381
F82686,-300.8135608514235,-1.7831391074599288,-1.2858939
F82744,-401.1927846308015,-79.96002050927895,0.5251675
F83002,279.83317384202877,130.81590743230416,-1.0675733
F83003,-220.7619501745133,18.64363552251217,-0.29383713
F83004,-16.2390040916925,98.10358805799497,-1.0675733
F83005,-374.6483025653655,25.77922735208129,-0.42484447
F83006,244.07385399047425,152.98760139238115,-0.29383713
F83007,-48.970829619549555,22.127553119781677,-1.0675733
F83008,599.4242554932202,132.9157332018802,-1.0675733
F83010,352.4569125535137,195.14239006009208,-1.0675733
F83011,-186.92797821378824,17.429467785024904,-0.29383713
F83012,65.60681433644324,73.97935744983049,-1.0675733
F83013,-451.61842296553226,-53.879526036437184,-1.1710441
F83015,323.50409565147044,105.80125608471684,-1.0675733
F83017,454.58282073364194,138.51673888288173,-0.29383713
F83018,280.4930077102684,51.77230205361084,-0.29383713
F83019,182.01370129229457,79.71432410213345,-0.29383713
F83020,166.26125406816834,63.52417514911454,-0.29383713
F83021,365.4205294023493,96.85885177450244,-1.0675733
F83022,522.2227609792367,116.54848676496243,-0.29383713
F83023,988.7728300649367,145.85215944066277,-0.29383713
F83025,4.7971316450292365,54.075213834092445,-0.4396585
F83027,-46.81568414444609,72.25389818599737,-1.1255156
F83030,-253.7191457422538,-47.479124308483016,-0.55752075
F83031,-376.8256772411043,-90.20507347809492,-1.1710441
F83032,149.71599886850382,20.564235214127642,-1.0675733
F83033,-190.40113604783767,21.54102428136809,-1.0675733
F83034,-307.8885798468563,-20.79961236724884,-1.0675733
F83039,-28.146338626847427,38.01442191065123,-1.0245996
F83040,-376.7001095342828,-40.02777088100811,-0.8462376
F83042,-220.2765216186785,33.989483559928004,1.2715758
F83043,-375.112023576703,-10.315769438641905,-0.42484447
F83044,-287.42930343307523,27.209309198847713,-1.0675733
F83045,19.830565180492393,48.33764824414614,-1.0675733
F83046,-730.3863996278383,-344.40679153759476,-1.1710441
F83048,-146.35038991357317,35.91304857867499,-1.0675733
F83049,-472.45319924471795,-25.785631559323615,-0.55752075
F83050,-365.116889277354,26.429422436753516,-0.29383713
F83051,-374.82016892656213,-66.50760871788718,-1.1502231
F83052,-218.66518948607518,24.803194484829046,-0.29383713
F83053,-53.11189611088839,51.53196452277463,-1.0675733
F83055,45.10935789950611,108.86366946780049,-0.29383713
F83056,-85.02828474720573,58.829042311002766,-1.0675733
F83057,-158.07652705560437,20.66982388027609,-0.29383713
F83058,-156.78628309265144,41.43985901395959,-1.0675733
F83059,613.9335734866214,159.6057762238428,-0.29383713
F83060,53.97342677705035,22.83297614287572,-1.0675733
F83061,-274.6528026388208,58.35564723464391,-0.42484447
F83063,228.16700257104452,95.56648270901435,-1.0675733
F83064,-19.86869054152519,24.621512854655734,1.2715758
F83602,-481.58358385326,-41.348810334252406,-0.55752075
F83615,-259.1916337262049,26.703582630810473,-0.29383713
F83623,-137.01319799619196,27.13699069496433,-0.29383713
F83624,-14.947270450740822,84.85962495915557,1.2715758
F83630,-444.8567726099483,-90.39003041625321,-1.1710441
F83632,-47.579208025490416,208.40562794473922,-0.29383713
F83633,-389.52909988882163,18.53984488413131,-0.29383713
F83635,-266.57526520561436,63.71080377384672,-1.0675733
F83648,-186.13937074845737,74.67418565381278,-0.55752075
F83652,-1.3608245832850425,57.22611045512358,-1.0675733
F83658,-203.08601553654344,36.95708485428433,-0.29383713
F83660,49.724450344465616,75.0494691339344,-1.0675733
F83663,-425.84391246626217,-110.66039578953789,-0.55752075
F83664,-59.40101281387046,82.48540261201354,-1.0675733
F83665,-5.727518914839911,118.4382363597672,-0.29383713
F83666,28.784538257511304,94.4024528672935,-1.0675733
F83671,-290.10480214915117,27.538598726783846,-1.0245996
F83672,-395.8866447884053,15.005625074759806,1.2715758
F83673,-100.49174194110486,42.755727020310246,-1.0675733
F83674,8.632254960714016,246.3605234680181,-1.0675733
F83676,-491.6282507194908,-4.69371390291059,-1.1502231
F83677,-411.02881294758646,-7.549037033001782,-0.40421978
F83678,-216.6985018366411,8.364028722041875,1.2715758
F83680,-198.70057632668556,52.92515633577849,-1.0675733
F83681,-123.61386594249528,194.67317407901447,-1.0675733
F83682,-398.92192305204736,-4.332640011777829,-0.40421978
F83683,-114.64528568537678,65.90027947115114,-1.0675733
F83685,-576.984461471563,-69.54580622510684,-1.1710441
F83686,-157.13602866640892,52.273082086819656,-1.0245996
F84003,555.5677040408547,148.91049800895098,-1.2264861
F84004,824.5572571532332,96.88940199175914,-1.2327595
F84006,686.8110704567471,102.78900069621515,-1.2323756
F84008,236.03071231725858,31.11730830571135,-1.2736804
F84009,186.19062751550243,54.688891213789695,-1.2323756
F84010,127.15719309259224,90.78566050469203,-1.2327595
F84012,377.78771175304973,54.01168542286477,-1.1787276
F84013,-100.13317995752371,43.70495381541363,-1.2264861
F84014,141.00843107873425,34.64694853520297,-1.2323756
F84015,-114.38220275406883,108.7986375210735,-1.2264861
F84016,528.0742199972617,128.70446454491193,-1.2811756
F84017,1308.3845102364103,147.2658835072698,-1.2313486
F84018,186.1635722691136,156.2839705942627,-1.2264861
F84021,-81.19357007679798,265.1918932833829,-1.2264861
F84022,76.93815598476547,62.24833739843791,-1.2323756
F84025,70.7074453867977,323.22826070044624,-1.1787276
F84030,-237.11769913727866,75.75666797158476,-1.1787276
F84031,886.8286186689843,234.6768791579248,-1.1787276
F84032,-325.7987162370118,-52.66686174304046,-1.2432233
F84033,103.17114838878382,67.4821223089867,-1.2736804
F84034,806.0949462318029,257.2872835084074,-1.1787276
F84035,-324.02189457134455,359.7995939889438,-1.2264861
F84036,-127.66042801934756,62.54781137230607,-1.0245996
F84038,-212.27519723665586,49.55201578167442,-1.2264861
F84039,378.48720951244115,442.77419464091827,1.2006253
F84041,93.35346026342553,-10.79389218325288,-1.1204659
F84042,-424.604037952569,-30.717673812945915,1.1747805
F84044,79.2355553526169,126.03400121476415,-1.1787276
F84046,-300.01105541062987,-9.136814085475942,-1.2125025
F84047,642.9007511150177,-122.88126650563238,-1.2313486
F84050,392.2962821376548,220.11709848266574,-1.2327595
F84051,-46.20258196297947,115.6045756782895,1.2715758
F84052,689.2087340873272,487.00733405795705,-1.2323756
F84053,194.18672353800662,67.91097818836774,-1.2323756
F84054,385.22611716956544,150.11093539241728,-1.1787276
F84055,-291.6234618953568,-6.060660350678669,-1.1787276
F84060,-195.04134372381137,81.76329391681068,-1.2264861
F84062,835.1737087791381,131.5320041552224,-1.1787276
F84063,-96.65342082975144,-1.4601659767398465,-1.2264861
F84069,352.943025422985,119.76638256649991,-1.2264861
F84070,-18.030996561420874,107.12706555819251,-1.2327595
F84072,-126.77980540383005,144.2314168402847,-1.2736804
F84074,679.4753585156471,77.87168842883678,-1.2323756
F84077,85.92277886940157,55.493105089627406,-1.2323756
F84079,27.520401268825385,77.2763414939069,-1.1787276
F84080,-326.0163458560977,235.73877132003102,-1.2264861
F84081,457.1905944290085,95.6973677907634,1.2006253
F84083,284.4131192027121,173.1179221498124,-1.2811756
F84086,91.6681755506487,16.958579707663326,-1.2323756
F84087,631.4870891814119,86.26243442906102,-1.1787276
F84088,18.07164592488302,80.53483887905196,-1.2323756
F84089,-372.09883740244675,-23.968483347330125,-1.2432233
F84091,-46.79151083293608,-22.442931065873232,-1.2432233
F84092,203.5631251838762,283.13471186019524,-1.2327595
F84093,770.1685020093721,273.146927111477,-1.2327595
F84096,370.8119104211055,94.23678535568753,1.2715758
F84097,543.597267174446,166.18029042769587,-1.2323756
F84105,-70.55442157689933,158.2485189746655,-1.2264861
F84111,121.14812450219519,142.22229587758383,-1.2323756
F84114,-95.11307980300487,170.68903555865052,-1.1787276
F84115,-81.26652665300945,11.242732925519455,-1.0675733
F84117,151.866061059807,155.91813323802367,-1.2736804
F84118,-9.801445120727264,156.7974257354451,-1.1787276
F84119,204.61678860695505,110.33388300907234,-1.0245996
F84121,754.5893927209431,162.84846143259054,-1.2323756
F84122,927.9944502537619,274.09760958025606,-1.1787276
F84123,97.8065521663649,57.53120377411464,-1.1787276
F84124,-170.5893158940693,76.80856344251674,-1.2323756
F84601,-186.87203103975722,190.7261898209351,-1.2264861
F84619,-261.7842345853551,28.5319492486503,-1.2264861
F84620,51.56537859644594,99.86048869747334,-1.2264861
F84621,-272.2701569153507,55.57939749559323,-1.2264861
F84624,-363.4876401432022,3.7157507910823973,-1.3000724
F84631,-312.1087895713843,-16.739364761960253,-1.2366014
F84632,-377.8452851259653,75.03012239199094,-1.2264861
F84635,-112.79756798156885,74.80684880563177,1.2715758
F84636,-288.01180352344574,53.15933554468498,-1.2736804
F84640,-136.48591552382712,20.81057815029832,1.2715758
F84641,-123.02267475212881,-21.975815581772004,-1.2323756
F84642,64.61692400834481,196.09348974005016,-1.2323756
F84647,-169.39573346715255,114.3851728160857,-1.1787276
F84653,-597.1384553987004,-134.0448198450031,-1.0988649
F84654,-347.81282621762097,-77.7991365021142,-0.01617661
F84656,-67.38115054475756,91.99798093654344,-1.1787276
F84657,-20.673217162532833,93.76333501546122,-1.2304088
F84658,254.68683550473514,214.50950989968158,0.17574501
F84659,-477.1232045201027,-2.929892723997356,1.171079
F84660,-447.69320290304967,-11.215786592957055,-1.2323756
F84661,-251.18641623011044,-20.90287991015772,-1.238018
F84666,-119.8938157391671,63.445477012199255,-1.2313486
F84668,-259.65823561793013,-31.577104044504747,-1.2264861
F84669,117.42792109219086,152.0771194978223,-1.2327595
F84670,-69.5888441445501,33.44045321543524,-1.2323756
F84671,-462.9101351763463,-37.84929597687126,-1.2432233
F84672,-77.70758584992504,169.66773148514488,-1.2323756
F84673,-432.40181714420646,-18.601895947936175,-1.2318412
F84676,-156.40239396134515,19.96154398026091,-1.1884398
F84677,149.51215861291894,108.67304075862802,-1.2323756
F84679,-193.55111473097665,-41.42433430201379,-1.2413037
F84681,96.26750036468303,10.295640566537227,-1.2323756
F84682,138.03678728562005,103.44285747870204,-1.200979
F84685,-320.8145666343388,-5.440649249535267,-1.2328129
F84686,-374.6646086578417,8.847053013146736,-1.2736804
F84692,-138.2293014120298,63.799900249509,1.2715758
F84694,-323.94502392371766,25.362825306524797,-1.2264861
F84696,-34.285560503759704,51.09128674260867,-1.1787276
F84698,-8.593486549125355,104.7716022775348,-1.1787276
F84699,-429.1452780779892,-135.44882320512755,-1.2432233
F84700,-491.01609612288405,-42.757879066360566,-1.2432233
F84702,70.41062802921641,121.56825072654952,-1.2561125
F84706,-305.81075762827595,16.690995428005767,-1.2353089
F84707,-614.0878346990525,-149.92646767783347,-1.2432233
F84708,-166.773460183342,5.38001998857867,-1.237671
F84710,287.34656457182285,105.60656654131424,-1.1787276
F84711,-336.30027184407936,-47.49485916061634,-1.2314122
F84713,-378.8463473870703,-60.59178835779847,-1.2432233
F84714,370.1899139971242,121.73942664829394,-1.1787276
F84716,-276.4568344825851,14.671409981245748,-1.0245996
F84717,118.88176319132371,118.11039432990988,-1.2327595
F84718,384.3248811911318,223.69577846238292,1.2006253
F84719,-330.15197928538475,107.81330326119857,-1.2264861
F84720,-155.15857335444034,56.674064346207885,-1.2264861
F84724,418.39876753165186,147.22578475517813,-1.2323756
F84727,-331.55471168654213,-21.091993486205435,-1.2432233
F84729,-227.8652451854962,57.864796121554086,0.17574501
F84730,-65.6012990716094,116.80562699734686,-1.2323756
F84731,-430.1132826151395,6.089854431361504,1.2006253
F84733,-221.7458245647336,-62.349952145503245,1.2006253
F84734,-156.8796011927399,-106.62832727279788,-1.2345864
F84735,336.8580377501441,39.85410439922291,-1.2327595
F84736,-567.5156439700263,-174.74240078259348,-1.2432233
F84737,-183.36704143586772,-2.182007315455479,-1.2323756
F84739,-240.17096689426205,-25.200436424520294,-1.2323756
F84740,-249.2863898950745,52.6772982680548,-1.2323756
F84741,-185.34570646331454,15.266567952603873,-1.2323756
F84742,-362.699499225173,-26.276116821019425,-1.2304088
F84743,-484.27831683885654,0.1824747679631226,-1.2324791
F84744,-447.6778227878532,23.186193651965688,-1.1787276
F84747,375.78758574012954,210.68145320872065,-1.1780745
F84749,285.55897519557726,364.9498427656761,-1.2323756
F84750,-496.0079631455062,-2.928850617589221,-1.2284594
F85002,6141.908685549782,537.153059603547,-0.7662128
F85004,754.6423990707701,-101.7991299045561,-0.7662128
F85007,486.81627601020307,197.82493948995275,-1.0245996
F85008,596.3216564014333,-140.76753236283182,-1.0245996
F85009,-31.051277395124885,37.78688072845205,-0.73796874
F85010,-19.890585384439937,-100.06890004011665,-0.7662128
F85011,-323.0569553291767,-71.4922910499309,-1.0988649
F85013,63.21925896799172,63.417342337456624,-1.2264861
F85014,159.16208607869322,28.576050518010128,-0.29383713
F85016,-130.83771566264892,15.77097890685179,-0.7429754
F85017,154.71390854640777,-52.619540507321325,-0.95189124
F85019,705.0020617685948,139.8871182711906,-1.0245996
F85020,48.225564283259025,32.39341451353635,-0.7429754
F85022,-440.9404583331096,-55.42516583789847,-1.0988649
F85023,232.1526177613937,-73.35986772228509,-0.7662128
F85025,547.4173820456698,-52.30197608211761,-0.74054664
F85026,-381.34812471758016,-100.5739707587295,-1.0988649
F85027,234.3005967593893,-377.2246041052063,-0.7194613
F85028,-195.93311073629516,47.631115359567765,-0.95189124
F85029,488.2709497100505,1.8496024836925617,-0.7662128
F85030,873.3298880280532,27.87384800419688,-0.95189124
F85031,96.83301779826165,71.18921094300627,-1.0245996
F85032,-78.22896403562655,10.779295038018644,-0.7429754
F85033,631.4408601615777,287.268176554947,-0.7429754
F85034,-228.10397336224187,46.818476705232584,-1.0245996
F85035,196.4120503816223,28.363770415266735,-0.7429754
F85037,-423.78321500625077,-42.80743103844023,-1.0988649
F85039,-94.68388757169122,135.33179333136562,-0.7662128
F85043,-182.39783034554227,-162.09508641839543,-0.7188192
F85044,-191.49942092825214,47.80888803284186,-0.7662128
F85045,-209.54835537562533,-58.33902181763942,-1.0500553
F85046,-265.33632414945583,46.82966455251128,-1.0245996
F85049,-378.8425563756407,-29.53887402073739,-1.0988649
F85052,-410.1019917528094,8.138290495000136,-1.0365041
F85053,-256.01735361497674,-177.66112150804744,-0.72214
F85055,-230.93979076903295,-6.113795276663761,-0.72116846
F85058,241.03999209348078,-33.95847851823238,-0.7662128
F85059,-353.9018922658635,-42.253671623009176,-1.0988649
F85060,-76.29009348419898,27.771049776313447,-1.0245996
F85061,-307.5750698927799,2.341474436139317,-1.0245996
F85063,99.58644818114715,81.83279055770578,-1.0245996
F85064,-121.50050510680555,49.71351700293944,-1.0245996
F85065,-236.85534781156696,-12.52940060542969,-1.0245996
F85066,436.65143328149975,120.31284282704698,-1.0245996
F85067,-227.07454046904718,20.52509325016689,-1.0245996
F85069,-115.74078212926119,28.198356111561726,-1.0245996
F85071,-112.62340613769895,130.39554390739602,-1.2264861
F85072,60.07227043013784,102.93163403662963,-1.0245996
F85077,-276.18028398086716,14.610654545114134,-1.0988649
F85615,-165.33805901754735,64.50181873375723,-0.95189124
F85623,-222.17961991086565,21.826448694147754,-1.0245996
F85625,-124.29259738153908,-6.207585165582338,-0.7429754
F85628,-266.05102319584273,83.79969680413457,-1.2264861
F85632,-424.6973605012369,-15.69071938124528,-1.0988649
F85634,-375.6906012515177,378.39271318891406,-0.7662128
F85638,-532.3244130474754,-146.7846756797135,-0.7379688
F85640,-196.5472889145432,37.76496788178843,-1.0245996
F85642,-10.945985368972911,65.1642263057764,-1.0245996
F85643,-233.71686197772436,-11.558053356168433,-1.0988649
F85645,-379.8191981186149,8.48888721542107,-1.0605396
F85650,-82.60508810173648,21.770129031830002,-0.7429754
F85654,-49.21932079566648,-271.4179003882399,-0.66578954
F85658,-375.468850308364,-35.90424189824894,-1.0988649
F85663,-75.06795872080458,-44.30378831976907,-0.7662128
F85666,-88.67889420992775,4.275718505077466,-0.7662128
F85669,77.0786051022741,105.50974838761053,-1.0245996
F85675,-138.26024514832955,65.52686961973022,-1.0245996
F85676,-148.36660516798563,-16.32462463195379,-0.7662128
F85677,-556.277502374417,-92.18577371169883,-1.0988649
F85678,-206.86508659430373,-44.12360318889055,-0.7662128
F85679,-336.4926564434231,1.2756812427189426,-1.0988649
F85680,-356.4205513076885,13.82166030516879,-1.0988649
F85682,-252.12292121287538,5.432428893690091,-0.7662128
F85687,71.3577331584781,15.960279832872137,-0.7429754
F85688,-49.344074718782096,128.594987294629,-1.0245996
F85697,-348.3237800223313,11.998115965256895,-1.0245996
F85699,-336.10599237861345,-30.378901630744185,-1.0988649
F85700,-200.72828182172088,108.96898427031542,-1.0245996
F85701,94.29077749511883,57.46903901371913,-1.0245996
F85705,37.07115029139939,220.13650539490052,-1.0245996
F85707,-270.99517737188455,-57.0587310577116,0.55379033
F85708,-475.93946315090005,-10.205587634416615,-1.0988649
F85710,-495.97012727375267,-26.951846409617783,-0.7379688
F86001,18.773626690289596,144.0539226467793,-0.6929875
F86004,486.45971640001477,-42.40946680091812,-0.6929875
F86005,-20.590580248942793,19.46765322180166,-0.6929875
F86006,-59.21769571874224,12.803517406634121,-0.6929875
F86007,524.959674509247,82.72389320724568,0.25064984
F86008,77.93536259456066,82.00001680456256,0.17574501
F86009,26.4932825637073,-37.095044068403794,0.17574501
F86010,487.17346789998066,-112.00757381017907,0.25064984
F86011,183.172415148,20.932361468112276,-0.6929875
F86012,236.61923794307737,-18.32799833112961,-0.87138206
F86013,-133.88628321734748,-72.24086088725879,0.25064984
F86018,157.02448157165895,43.51159153967834,-0.94908255
F86020,-157.44029909416258,15.57458745033204,-0.94908255
F86022,441.3850570964502,33.64094648659454,0.17131852
F86023,-5.402511678501476,22.12359926169146,0.17574501
F86025,399.17000650530883,141.93401162578073,-1.2844381
F86026,8.41629720877393,24.033065846535866,-0.6929875
F86028,130.40058612014565,54.49139156595804,-1.2844381
F86030,-27.86154433897986,2.0095466068123593,-0.6929875
F86032,47.57751551522757,39.661850846678554,-0.94908255
F86034,-66.47401678386514,15.721170977369288,-1.2844381
F86036,468.39084611157637,83.397771519605,-0.94908255
F86038,310.86738245578806,105.20557782045073,-0.6929875
F86040,-13.449053492279257,-1.648471403233073,-1.2844381
F86042,-109.0059188792916,-54.265069308517916,0.17131852
F86044,-85.03749504903783,-6.4779300529914865,-0.6929875
F86045,-335.8643975120295,1.127654263624425,-1.2323756
F86057,50.29581307171593,-30.286979368009217,0.25064984
F86058,276.1970451719103,138.5785604543154,-0.6929875
F86060,350.80025439655793,55.635525100309465,0.17574501
F86062,-125.66773544637803,28.99659474605663,-0.6929875
F86064,-189.04145451437623,-14.474653916097628,-0.94908255
F86066,-1.3851383138626276,10.672034187808128,-0.94908255
F86074,164.31977367044172,38.020799518884644,-0.6929875
F86078,31.10873602898026,-7.995767042424458,-0.6929875
F86081,-213.00028647905629,15.00917033077417,0.17574501
F86082,-146.48143631803453,44.16501815562961,0.17131852
F86083,61.89380208034117,24.362871970082615,0.17574501
F86085,-247.9073758647053,-30.665882089923343,0.25064984
F86086,-67.00256861428639,30.47062768043168,-0.6929875
F86087,-163.8278218301625,1.6557810607741972,-1.2844381
F86088,-215.79912996104738,60.40196228542641,-0.94908255
F86607,445.29654423314054,190.2714494569361,-0.6929875
F86612,-241.4682280765444,-31.925644521251108,0.25064984
F86616,-122.79473419308287,144.59603441986135,-0.6929875
F86621,-215.42448078286478,4.409244916984958,-0.94908255
F86624,-343.64462469778454,6.076962297676384,0.17574501
F86625,-50.39572636403711,32.435790334094456,-1.2323756
F86626,-291.4868136664516,140.73898512691193,-0.6929875
F86627,593.6322886916562,126.51564005233664,-0.6929875
F86635,-402.41220648186106,-44.00473851183138,-1.3154025
F86637,-195.0806176237645,40.37410318334648,0.17131852
F86638,-51.45235674556611,-52.66865596069163,-0.6929875
F86639,-159.85590176429724,22.38703527726609,-1.2432233
F86641,-125.10540211379868,45.57236942571574,-0.94908255
F86642,-224.62262542046267,-1.9832315696460248,-1.2903466
F86644,83.99343095870876,45.36470252121298,-0.6929875
F86650,303.7834817879202,-4.255381543994388,-1.2323756
F86652,58.296855907535274,-34.27145868388665,0.17574501
F86655,-352.4636750253964,4.106910099130547,0.0055547683
F86657,-127.0011081017943,30.99656229936898,0.17574501
F86658,-246.36486307546667,52.3583767843078,-0.94908255
F86664,-77.36073704485086,46.71168292219314,-0.6929875
F86666,246.5903706032101,299.7358901919557,-1.2323756
F86675,-324.9552422545433,-26.926968258762273,-0.01617661
F86679,-236.78867046248214,21.82115355687457,-0.7035709
F86689,-267.6399953278697,11.434242099130298,-0.6929875
F86691,12.09900478106624,166.81106058388087,0.17574501
F86692,178.88144825600298,138.62972710123927,0.17131852
F86696,-204.00449477600702,7.957344097188306,-0.94908255
F86698,-242.0227827118878,55.672945811216834,0.17574501
F86700,-301.37655862396673,26.30666735824101,-0.6929875
F86701,-277.52293723607517,4.303903504891223,-1.2323756
F86702,-199.77596293016444,54.84129578176382,0.17574501
F86703,-211.61264994797423,48.0048028137142,0.17407355
F86704,-423.52019191705386,-16.69075353103381,0.016073681
F86705,-336.9280189052296,0.5336672061135965,-1.2323756
F86707,-41.25105303573997,8.45060591096479,0.25064984
F86708,-286.74436925762996,66.24048564184926,-0.6929875
F86712,-321.8689977103455,5.018532277434748,-0.94908255
F86731,-216.54022756383276,15.270028661326414,-1.2323756
G81001,406.88877348589637,63.10248386195418,0.09501276
G81002,290.295828371665,-73.96931818420386,-0.07542198
G81003,1208.8872067901111,237.86854472890303,-0.07542198
G81004,903.2539526812039,-40.4747807545861,-0.07542198
G81005,-224.65917115866114,-151.67862140169575,-0.12444544
G81006,255.9023284640021,8.077491976843914,0.09501276
G81007,190.5249284775781,3.8615806478416395,0.90202165
G81008,1058.239863654365,199.50609184550672,-0.07511585
G81009,161.72284233568172,-16.04398239450713,-0.12444543
G81011,1015.0879353661281,359.7706371172109,0.09501276
G81012,257.6779512534123,109.44428700242474,1.6460315
G81013,951.7630565550731,952.8261716476092,-1.1012186
G81014,78.54165250755655,99.07232649838174,0.09501276
G81016,528.5748597861516,79.0412568630366,0.9042329
G81017,647.7015627058112,90.3702303309443,-0.07511585
G81018,153.32171595747974,6.944833477441608,0.09501276
G81019,364.236330209571,94.98024706630764,1.6460315
G81020,-409.8029155874301,-31.553909448911686,-0.12444544
G81021,674.2754548055494,675.0314377727357,0.87792784
G81022,1514.5065879042918,151.03699656704737,-0.07511585
G81023,285.50063867132,39.32257242955982,0.18262917
G81024,284.7810906005184,41.98233683555969,2.2080278
G81025,689.586606496854,71.06615581331785,-1.1196525
G81026,368.7212999471951,-2.110435781667043,-1.1196525
G81027,11.587962508519986,18.530384056207826,-0.039919775
G81028,537.8859630133081,38.19421161898714,0.09501276
G81029,1056.5602301031763,101.74970763477234,0.87792784
G81030,185.45172324291042,-3.0119231445633825,1.6696045
G81031,981.8050229091784,504.6975569884369,-1.153938
G81032,987.8384554033645,724.7453130004463,-0.07542198
G81033,46.997353322753,-164.65637829311243,-1.1054935
G81034,934.2701986893687,342.2684435747857,0.09501276
G81035,543.8429684717448,-50.12419468233859,0.9144882
G81036,256.3240803949143,-19.41388233473167,0.09501276
G81037,175.21456493995777,75.37605623815605,1.6460315
G81038,353.49844367487674,25.04454864403648,0.09501276
G81039,926.8094644252135,242.7778636060094,-1.153938
G81040,-206.54059230105312,21.97139440868231,1.6496323
G81041,1385.8341252347047,-19.375105675765756,-1.153938
G81042,214.22756653513946,105.06667038413197,0.09501276
G81043,153.68512989236115,52.41448039569445,1.6460315
G81044,-177.46650718889336,12.06555759000534,0.09501276
G81045,53.44253690555103,76.11721838984964,0.9144882
G81046,551.5234872868498,40.37629411970247,0.09501276
G81047,-54.304414551349964,-20.127720760289318,0.09501276
G81048,529.5695559891166,121.92303590869126,-1.153938
G81049,316.742598346692,24.05681313673934,-0.07542198
G81050,847.6495685679032,29.931512928406217,-0.07542198
G81051,493.1748539237475,112.83970952575481,-1.153938
G81052,-19.882640291947535,24.066357417917025,1.6696045
G81053,324.2060411379996,154.80019115188347,0.9144882
G81054,383.5096980641814,88.22942208807315,0.09501276
G81055,388.30202384795365,48.13999894557171,1.6460315
G81056,166.5372480546467,-7.419938975175103,-0.03917176
G81057,240.47088237654629,89.5124908947733,0.18262917
G81059,791.3576898928649,-153.07825328079932,1.6460315
G81060,-356.9610269691083,-261.03991518294544,1.7161247
G81061,234.86687429723696,80.83662102804809,0.9042329
G81063,-241.37868296745515,-39.46414147101267,-0.12444544
G81064,-33.50774775759059,66.19325649966426,-1.0988649
G81065,205.16504471734066,81.05506567693551,0.09501276
G81070,445.185629885382,545.2125887757154,0.09501276
G81071,-269.37817442953104,44.51830873605975,0.09501276
G81073,259.54532581568134,80.23600558813344,0.09501276
G81074,876.2704271519067,655.3268303036962,-1.153938
G81075,539.5973268110222,73.85050177689713,0.09501276
G81076,287.26851119701956,89.56771304544844,0.9042329
G81077,575.070244187358,466.86541208537744,-1.153938
G81082,54.9364164135732,32.06508220352561,0.18262917
G81083,-22.181125306862313,87.95399467751743,0.09501276
G81084,515.441834739715,416.77819377718953,-1.1375492
G81085,5.526890598485495,25.032545351148734,-1.153938
G81086,45.584619683059685,56.603091962058855,1.6460315
G81087,256.80795988429423,123.20948025588345,0.18262917
G81088,781.1920889096838,240.4678363079516,1.6460315
G81089,-119.02911031678674,39.52762425698094,-1.153938
G81090,-77.0311151935213,-35.083250683664716,0.000757747
G81094,-243.68693889010473,-8.087750504970572,-0.07384922
G81095,1037.4602715812355,1126.2012687242118,-1.153938
G81096,-172.12821146249271,-32.62285188600191,-1.153938
G81097,-76.92001206033322,22.96340857169355,1.6977261
G81098,236.23674289395427,240.25433484226338,1.6460315
G81099,432.4627795598204,48.0637652859214,0.87792784
G81100,951.4258945120511,464.49077489932085,0.9042329
G81102,772.6585538403895,296.17487486647775,1.6400958
G81103,40.9550700296986,33.29227861988796,-0.077278815
G81104,694.7057114956791,250.97770407231843,-0.07542198
G81105,211.8617317152216,39.53097014986631,-1.1188169
G81611,-181.6952322869874,16.12575816879842,-1.0988649
G81613,-14.281605243059332,20.765476200610994,0.09501276
G81614,-24.91153451921007,37.983094826825656,1.5431867
G81627,-335.9193536440548,-19.51705710010246,0.92215323
G81634,-105.57589919678111,100.86100148950061,1.6460315
G81636,-201.13583334863702,6.897307807069691,-0.12444544
G81638,390.11636057046303,489.4259349538236,0.09501276
G81640,-287.3072316198212,36.230940510996184,-1.0988649
G81641,-106.65913292111311,112.04905586180014,-1.153938
G81642,-299.5823475099784,-40.15700504500571,0.92060095
G81643,-74.32358921394169,2.5684799689735023,-1.0988649
G81646,-352.995006985567,-6.046677019046238,0.09501276
G81649,-133.80821901916786,-68.80399015070482,-1.0988649
G81651,138.67740925628505,26.924097458147408,-1.1012186
G81656,-98.36888600429612,10.970437987967404,0.09501276
G81658,1238.582262090749,818.9604351174232,-1.153938
G81661,-336.4514579564352,-15.78570526618215,-0.12444543
G81662,50.26139012449344,15.961345501145797,-1.0988649
G81663,-83.5635330482855,48.31134377448015,0.09501276
G81667,-313.84441311113125,-18.225198448775593,0.9095087
G81668,-489.9224155233428,1.9731389984864147,-1.0988649
G81669,-106.10208302269521,56.100966202244315,0.09501276
G81670,-484.7242702015613,-5.238725744586358,-0.01617661
G81675,-580.9946243756374,-123.61270960445799,-1.0988649
G81676,-71.75741869468389,-2.0172019124043183,-0.12444543
G81677,-488.46151411199935,-4.479526976141163,0.014695225
G81680,128.250639333415,142.363112311288,0.021960638
G81681,-515.1277235738642,-19.83782271870596,-0.12444544
G81684,-310.914736237646,14.924711966546946,-0.04012989
G81685,-327.0029612465178,-56.181151302833925,1.7161247
G81687,-265.7224525639768,-200.86976246637522,-0.12444544
G81689,-105.53787625338688,177.25133442205737,0.09501276
G81690,-466.1168806337459,8.371498961285113,-0.01617661
G81692,-327.2062024886064,-187.51335325818312,0.92215323
G81694,-353.4864141632718,21.063066972584615,0.09501276
G81696,-474.9869046506186,3.6168123245819443,-0.03930199
G81703,-492.5247570827485,-0.9096943732553798,-1.1295795
G82002,271.21272842419893,155.1923751274226,-0.13404152
G82004,-82.52010625571212,3.1104474742057877,-0.3409831
G82006,577.7467237704204,-2.160401748687876,0.5053495
G82007,460.4404439585994,-93.17434755288856,-0.3109432
G82011,130.7494636630209,130.39254063834164,-0.0542712
G82012,22.192769650143614,-0.13996269341745787,0.74250716
G82013,721.2436317451719,27.8881820532006,1.5431867
G82014,1279.595534376843,284.9670884859221,-0.121316284
G82015,521.5799030954951,185.1261393980454,-0.13404152
G82016,229.44577224077284,61.86796236001699,1.4801542
G82017,457.05413173469583,270.82141233635144,0.9201482
G82018,102.39134904072819,-11.646505943038786,-0.3109432
G82019,842.4716320413261,39.648265200909655,1.7059026
G82020,1183.2841184426804,163.45078763476735,-0.9359401
G82021,916.9903245415453,112.26901128339506,-0.020140208
G82022,387.2508739897659,72.02680363408159,1.4801542
G82023,289.6099712868395,176.68936827320914,-0.45947385
G82024,552.9141319706902,397.32068384848736,0.8599873
G82025,514.8779135783434,298.5712991898919,1.5742695
G82026,109.04123848343133,32.69506999530532,-0.45947385
G82027,569.7889150171742,215.13819668933908,-0.46300036
G82028,721.7513767513927,323.8686917005035,0.8860636
G82029,98.27427719330034,-66.8419654853457,0.7436248
G82030,-253.6194610704903,-217.62394428104488,0.99433243
G82031,518.9497947827396,92.65645001780351,0.8599873
G82032,607.2512038352523,14.970177106412704,-0.020140208
G82035,288.4065021046678,58.00658483876982,-0.45947385
G82036,540.5184393811203,78.28993094334722,-0.13404152
G82037,1048.03357871924,117.97295024255513,1.5431867
G82038,496.32067901228237,122.64230303806237,-0.13404152
G82039,925.9321247931662,189.8661511678494,-0.46300036
G82040,-134.35099442074656,-26.226842717607507,0.7417052
G82041,306.09545717665725,201.9573277269469,1.5742695
G82042,901.505146437322,124.25744003892225,1.5742695
G82044,448.40244342007026,297.84266190133195,-0.020140208
G82046,612.8198132374044,-16.738092035622763,-0.9359401
G82048,317.38151012095324,6.2541885641034245,0.5053495
G82049,-205.32200699240252,-26.0762676338965,0.514063
G82050,1369.9461117971027,435.04827831296683,0.47218046
G82051,588.9896137336862,192.07209638695144,-0.121316284
G82052,1522.8023309417551,418.7833826815009,-0.9359401
G82053,58.73940798987956,149.0041594509738,0.47218046
G82055,274.3162509550525,220.61494941703347,1.6696045
G82056,153.14555026090437,39.34127607525463,0.5053495
G82057,1259.8009422222028,190.71603112563196,-0.45947385
G82058,351.6188143938247,-8.582602753913658,0.8599873
G82059,1125.0878081043068,179.72751071941994,1.5742695
G82060,1170.8811377562884,159.65001857541617,0.7056156
G82061,-294.63568089251163,-10.294599885448507,0.7417052
G82062,-257.6002806263473,5.458714933248963,-0.020140208
G82063,512.5316670264381,205.85377768039825,-0.93614507
G82064,498.5618206259523,276.8299771275461,-0.9359401
G82065,-294.17753083575946,-1.3870673487325258,0.9560072
G82066,870.6823664613476,111.10660796650004,-0.9359401
G82067,334.24419458524625,-168.68185898869052,-0.020140208
G82069,380.55929334398496,75.95541940620492,-0.3109432
G82071,2948.5078480503366,574.9109819333394,0.7058242
G82072,-37.304850271587384,47.86747103449527,-0.25061697
G82073,446.863593441747,32.58385091369287,-0.020608665
G82074,844.2104759184714,204.17846582864894,0.8599873
G82075,-93.01251267569548,-267.6759346439027,1.6980798
G82076,703.4134128031446,58.93077906839531,0.8599873
G82077,946.8823438066755,199.7292279001913,-0.121316284
G82079,606.7706262287367,100.19250570434966,-0.9359401
G82080,1197.9643066140109,731.6144314093436,0.47218046
G82082,465.1723006832193,191.74321752296012,0.7056156
G82083,1039.451086204433,109.1352761535281,1.5742695
G82085,665.9796170634529,74.5706337788316,-0.020140208
G82086,565.4057250880074,102.26308123300664,-0.13404152
G82087,1129.1454150874345,190.41378023339888,0.47218046
G82088,-68.48403802006833,-5.031937737628299,0.4904484
G82089,187.1057888591824,61.77737339279862,0.8599873
G82090,1594.338879556052,331.7360435819521,0.7058242
G82091,402.1488519427588,111.02209200376635,-0.13404152
G82092,79.18389212215534,72.73201513061994,1.2634217
G82093,542.7491495956747,171.5928816153342,-0.45947385
G82094,665.0872551480126,232.7437344354363,0.47218046
G82095,714.9405597259504,80.10471685009553,-0.121316284
G82096,-261.97899434889223,24.10842614251895,0.019913
G82097,988.4245628184747,-30.202955282601014,0.5050245
G82098,123.86432574148844,75.38818674761663,0.8599873
G82099,1308.6718742785638,410.76828960674675,0.8599873
G82100,552.8771463026351,494.1732732626934,-0.12444544
G82103,-130.98810372064534,-83.76714222288945,1.6042188
G82104,-302.8523744460442,33.95345896587513,0.9744832
G82105,1585.7236018839067,344.0665744810673,-0.9359401
G82106,11.493895926382882,127.56779200889785,-0.020140208
G82107,576.9843907665937,117.92560111422533,-0.93614507
G82108,209.59664192586152,57.99894693126378,-0.121316284
G82109,-102.66817636521557,-8.472961209158285,-0.06366294
G82110,-19.34072141439828,-12.067336884426652,1.5431867
G82111,427.9603563648882,91.89288546286116,-0.13404152
G82112,290.7881662194486,85.90396562579002,0.88027143
G82113,389.85243580704554,84.19416937859425,-0.121316284
G82114,1195.351311703456,161.8573484221733,0.47218046
G82115,234.10582182894416,76.46000753803509,0.7056156
G82117,271.0749320612987,115.04414099651547,-0.13404152
G82118,620.0897729379433,169.5506599305692,1.5742695
G82119,1938.8056700685388,583.4744665368269,0.7058242
G82120,719.988845148935,120.67183784585434,1.5742695
G82121,679.0532088088078,137.10390551374053,-0.3109432
G82122,1187.838013903448,580.0050488029026,0.5050245
G82123,-2.0672202233409562,92.45061155736391,-0.104235254
G82124,-98.04879634755613,104.8285637632944,0.5612571
G82125,264.2506526156016,95.33690428029333,1.5431867
G82126,1242.7857540867296,158.3740969168147,-0.9359401
G82128,153.01177689561513,-22.71469853812757,-0.07263939
G82129,-36.55331850009107,13.619330459993739,-0.121316284
G82133,247.71794378541452,-7.417699142018957,-0.06513295
G82135,798.8276115201637,-20.963481625443855,1.5742695
G82137,212.41458527275967,93.23091776706731,1.5742695
G82138,-73.31954895540574,-6.48841597487803,-0.13499795
G82139,-195.39093707972157,55.76175551245395,-0.121316284
G82140,-221.9890849028648,56.373557637507396,0.7058242
G82141,173.28406253235664,60.68136164195862,1.5742695
G82142,422.3339566167065,98.53675117730869,-0.3109432
G82143,-22.058190314081084,-18.52847712867019,0.5053495
G82147,100.08238763373593,126.05902206487215,-0.3109432
G82148,-4.54152999131598,50.844562977072464,-0.9240229
G82150,563.472946111312,53.81446256001241,-0.9359401
G82152,46.88336401662545,71.75317371801674,1.5431867
G82154,-29.355057318480068,58.80581949050812,-0.121316284
G82155,124.2411545106925,-27.166231863229825,1.4801542
G82156,-305.3264364727179,-37.50226393754157,0.5612571
G82158,-17.4642619843637,15.819014818665783,1.6696045
G82160,626.2212279093055,63.76455297205362,-0.3109432
G82161,984.1111741924344,485.59075062883187,-0.121316284
G82162,52.970207563772,20.818556148828876,-0.121316284
G82164,609.4828706811942,72.30222450488539,0.8599873
G82165,325.68196734347845,79.09905101527622,0.7058242
G82170,-273.63667005574047,25.557102340907754,1.6696045
G82175,-391.6237475179986,-16.43975759965838,-0.37571082
G82179,-296.86961301415323,-0.18676670749487423,0.7417052
G82180,-14.464829934958734,73.42471775314897,-0.121316284
G82184,-285.2756113402603,7.233354591496348,-0.121316284
G82185,91.40611956909899,-33.192322198206085,0.5053495
G82186,240.3550718104782,81.7126285880427,0.47218046
G82187,304.38832582847573,191.42203409217063,-0.052266218
G82197,-191.06593279810397,44.664220751344395,0.019913
G82198,52.91047133135183,107.85856920205161,-0.09603447
G82200,201.15932922841023,160.33716840525952,1.5742695
G82203,441.7161845634963,57.75846498597584,-0.020140208
G82204,200.95490699408433,17.227753313535402,0.745675
G82205,298.0557001198865,-15.74246956454647,1.5431867
G82206,-231.07140702828485,34.134426746133336,0.84230894
G82210,-360.42114233668354,-23.81048502743687,-0.9184168
G82211,326.3031525084666,-7.652285048030491,-0.13404152
G82212,15.857919234831158,107.35706521139961,0.5053495
G82215,107.15995661405398,102.53787396777828,1.6696045
G82217,-262.1462705541375,55.81188204983158,-0.13404152
G82218,137.37790721671033,122.03140551373765,0.5050245
G82219,-70.62061408040049,54.49679153828475,-0.9359401
G82221,248.3328761013445,280.6235581690875,0.5076018
G82224,-139.42910247759553,71.90599992451482,1.6696045
G82225,628.2045211166936,-162.46818416521472,0.8653753
G82226,-223.10202140621539,39.55940473272236,-0.121316284
G82227,139.8197180607844,91.71586226418844,-0.13404152
G82228,1007.7025771366258,541.8504955466393,0.7058242
G82229,102.23426895566578,155.48158742669324,0.8599873
G82230,63.32401440802184,36.488652369938485,0.99232745
G82231,183.1815390122261,24.808031283714588,-0.45947385
G82232,458.5846031127905,238.90901404761846,-0.13404152
G82233,896.058156513518,-70.77137612779791,-0.121316284
G82234,84.138590570441,38.32668141329929,-0.020140208
G82235,-93.46379860904351,65.32809311201828,1.6696045
G82600,-322.206389481171,1.7174170100528894,-0.121316284
G82604,720.0576661833899,391.02621191166264,0.8599873
G82605,-293.411721640785,16.30275191453108,1.709729
G82622,-173.56514377864775,-46.06220662271973,-0.06513295
G82630,-571.3291763094443,-623.8314151389684,-0.9184168
G82631,136.3835917577026,82.93664573094564,-0.121316284
G82634,431.2989783434471,223.77696748306985,-0.45947385
G82635,-366.83727416504485,12.00330136383915,-0.121316284
G82639,-179.79343531399803,-22.45589020033213,0.4739521
G82641,96.53307628683598,104.98164537139895,0.8599873
G82644,-308.1186407851599,-48.83587506425075,-0.01617661
G82647,477.71998634323865,408.63049880208547,0.5053495
G82648,-233.1701679797713,7.159745302761688,-0.020140208
G82649,-77.91989064720364,106.52404338524508,-0.9184168
G82650,352.6059525896161,219.52864147731066,-0.9359401
G82651,-469.1554929416614,-6.120539017263668,1.680035
G82652,-143.09647816187785,30.451973882015317,-0.3109432
G82653,-200.55083946005718,128.89410140672513,-0.11935043
G82656,-338.1840800252796,-39.688254884066026,-0.01617661
G82658,-15.627603104542123,62.129554600569605,-0.3109432
G82662,-225.07239329906258,105.44321776152687,-0.06630107
G82663,-474.83578982833143,-51.03130340234279,-0.3409831
G82665,59.892788899909526,176.46805533178258,-0.3109432
G82666,762.6652344473629,216.1741496761574,-0.9359401
G82667,-347.0026473336831,-33.88540864849968,-0.3409831
G82670,-378.6132884453396,-8.941958262507528,-0.01617661
G82671,-19.48636207667304,57.330676648511734,-0.41887435
G82674,-417.4633995685895,-27.41375985609724,-0.91841686
G82676,-349.97099994822764,-102.36655641552505,-0.01617661
G82679,203.17008799890903,74.60228369419545,-0.121316284
G82681,85.43371140515936,37.174054980961834,0.8599873
G82682,243.0547887216414,97.41207085340235,-0.45947385
G82684,-74.74334213175567,73.25569442542755,-0.3109432
G82686,307.6456895716107,143.01440272993415,-0.38697338
G82687,256.58304363570073,381.62157362712054,-0.45947385
G82688,-131.16434760005095,95.40515258223004,0.57161945
G82690,-200.09454999949824,-19.302274952394324,0.019913
G82691,-123.37830613148726,80.30391120263955,0.8599873
G82693,612.2034870361232,203.82223049276223,-0.45947385
G82696,-173.02747100847944,70.49345159133257,-0.13404152
G82697,56.75536183064928,270.4894642497151,-0.121316284
G82698,-224.06124377615237,82.15027783890807,-0.45947385
G82700,228.86074733957378,312.51658699265073,-0.13404152
G82702,-87.06764610140297,241.40076685311888,-0.45947385
G82704,-16.685946166335643,64.25255308910224,-0.091009475
G82706,-224.74818045650807,18.593847968683534,-0.10071529
G82708,-124.53325525586422,31.932214364705185,-0.020140208
G82710,-236.55926296346234,-7.276740417505967,0.5612571
G82711,-196.89315032488713,13.352648848253656,-0.020140208
G82712,-266.842199117935,-12.654656490114865,0.5973467
G82715,-187.94454511666783,-13.51655383484494,1.6800349
G82718,-393.28012188774244,-23.903040282741152,-0.01617661
G82719,87.2645612895315,527.1140983068588,-0.121316284
G82721,-74.39523884446369,8.420156067420194,-0.121316284
G82722,-143.47042141593937,54.51075811775257,0.8410287
G82726,-99.37338591369402,8.343910107375066,0.7439845
G82727,289.2956248005868,94.11334472336958,-0.062166907
G82729,383.97122891650355,208.08264550290068,-0.13404152
G82730,197.8974339594816,86.06281264969128,0.47218046
G82732,-87.2802758290062,-4.575844988285038,1.7621901
G82733,-171.50831426878472,47.66059517451895,1.6696045
G82735,104.05681001258992,-135.31039857572097,0.55600774
G82737,43.01699643926126,325.2041537383743,-0.121316284
G82739,-423.223568494241,-38.69024729717196,-0.01617661
G82741,351.23154548833,869.5824704153238,-0.121316284
G82743,-127.25919651732654,-5.30223679319965,0.019913
G82744,643.5317844890649,978.9701901103844,-0.121316284
G82748,-111.38889021162858,-14.53504793439394,0.5973467
G82751,-52.276162645163346,121.19026518079286,0.97289306
G82753,259.9973777039649,-92.18524296911754,-0.121316284
G82754,-107.2166917381577,32.785926842321494,1.5742695
G82757,-251.47069175522637,27.52786907667902,-0.39824927
G82760,-179.04835012958253,-6.3547479919624825,-0.06759632
G82762,-314.5908593029789,22.50564885651974,-0.10675445
G82763,-309.03967462874937,28.023160846599787,-0.121316284
G82764,-356.7971688624657,-21.476237691459378,-0.01617661
G82768,15.110014931664507,48.35732965143883,1.5742695
G82769,-335.76316289206017,-16.162818286316696,-0.9184168
G82775,-50.644950980041365,247.9807486135757,-0.11375222
G82777,-227.19834612582196,26.894683911163312,0.9668356
G82780,494.6296004856332,69.79943726321541,-0.020140208
G82788,-408.1300825225455,-22.66639407433648,0.5973467
G82790,368.9661597291209,130.18953561056165,0.7058242
G82791,56.34133447178964,85.45473409792042,-0.38697338
G82793,-147.5992698701676,-11.406243317720657,0.97610533
G82796,37.76999937209751,224.2586994864308,-0.9359401
G82797,-538.1709239926467,-143.12320815852567,-0.052266218
G82799,262.228794847028,574.7718665143105,-0.45947385
G82802,-166.78661130845123,26.01790599844357,0.7056156
G82805,-423.32871031126376,-195.0702120460903,0.5612571
G82808,353.89258729395823,165.25267970289565,-0.020140208
G82809,642.8897447297148,194.4579848477735,-0.020140208
G82810,-101.19010805824092,-71.29107368405576,-0.9184168
G82812,-378.52510990962355,-7.442669950253665,-0.9184168
G82813,-353.438775146932,-93.03338025403022,-0.12066862
G82818,-315.5511674479568,-65.59492245361785,-0.052266218
G82820,29.28034837345294,224.89058078625717,-0.06513295
G82821,-352.5213441117911,-64.70871836854691,-0.01617661
G82888,-126.64663945536634,63.44684045345173,1.5431867
G83001,310.81204397429156,23.852745156273127,-0.70350903
G83002,9.966344219049002,37.84148721722359,-0.67570895
G83003,-95.0051303609863,-40.00929555067786,-0.7486388
G83004,544.5377573264408,66.68026028497354,0.885855
G83005,200.84620458168624,-107.28138849987704,0.84436786
G83006,624.6365336355873,46.882042607733304,0.885855
G83007,144.810318156092,66.0122724532903,-0.7740584
G83009,213.25169673809802,98.57968560296528,-0.67570895
G83010,782.4515319422505,209.5986147922462,0.88627464
G83012,891.7724463711422,-30.153391944233842,-1.284167
G83013,-33.823486357681674,-59.4525189884079,-0.70350903
G83015,8.918027393146946,50.528289030137174,-0.67570895
G83016,113.83677808240604,39.11794765611903,-0.6743315
G83017,-57.987332034390775,37.147391597161274,-0.7740584
G83018,910.1174098818178,108.35860368798255,0.88627464
G83019,514.354768066955,453.43466336000245,-0.67570895
G83021,320.2399120411173,53.10678709922592,-0.70350903
G83022,-347.1919573393509,9.773019623319298,-0.7508579
G83024,-179.82250661050347,-6.402303727559756,0.8847973
G83025,415.2250414493745,-29.02931634160933,0.8847973
G83026,245.48974397843207,2.0871924082399236,-0.6743315
G83027,754.7915977172973,300.5152583663273,-0.67570895
G83028,326.7096595705051,67.84123571194324,0.8847973
G83029,8.578347468918762,-38.394013006818284,0.885855
G83030,-54.3890068444313,38.72102101011849,-0.67570895
G83031,272.865461240819,-80.60597922125883,0.88627464
G83033,-151.43653093048698,34.261025996870934,0.8847973
G83034,-122.74092040876216,13.903161436661593,-0.7508579
G83037,-234.68521837352785,-18.016478493169505,0.83880335
G83039,308.01402197528154,1.0307070799766893,-0.67570895
G83042,-430.30163480966587,-170.75623511932625,-0.77405846
G83043,-102.30582011655318,20.594071705139843,0.849974
G83044,307.2661118069488,30.32523917137094,-0.70350903
G83046,-108.04652426290622,24.214369072545868,0.885855
G83047,133.41598951765877,50.43807819975194,0.8847973
G83049,384.97274949592554,34.05310137420734,0.885855
G83052,384.3934546189633,309.9639720062096,0.88627464
G83053,716.5040016352621,59.2412614918671,0.8847973
G83057,264.9731130278145,-15.18768163126695,-0.67570895
G83058,183.6724014704992,14.110290712251865,-0.9666139
G83060,6.797451011248792,-49.20244616017994,-0.6743315
G83061,193.27012730076729,-13.189745983927994,0.84224045
G83062,102.1938660785515,74.57617228267976,0.885855
G83063,-246.5409635981339,7.587317012461886,-0.7740584
G83064,-303.5657467386029,11.702871611220653,0.84842175
G83065,105.7490218806054,86.75263982399248,-0.9666139
G83066,745.0807130636962,368.84480316040657,0.885855
G83067,1732.2048816647534,222.84760621119693,-0.6743315
G83068,-423.78470403230585,-37.03783199420251,-0.7740584
G83069,-497.0461213955617,-214.37776639163596,-1.2432233
G83605,-357.03822539380894,-118.59875073140692,0.849974
G83628,0.3418282903435774,144.2950797623678,-0.67570895
G83630,88.0112930244564,151.29528894161328,0.88627464
G83631,-91.19822103029185,-50.29501037708763,0.8847973
G83633,-159.15831399757434,15.326134826558848,-0.67570895
G83635,-58.62275938017503,4.4416942938615005,-0.67570895
G83641,-276.3528694162861,-8.039609503502243,-0.9666139
G83642,145.61874716493645,149.00055596037186,0.885855
G83647,62.40058197116503,42.774262752213474,-0.67570895
G83651,27.455227907505023,-22.171302001575576,-0.9666139
G83654,-116.30294871080417,-5.989287319079404,-0.67570895
G83655,-347.3980790658419,-1.1063865188656248,-0.7740584
G83663,-204.9069931840124,25.983797059329195,-0.7503152
G83668,-242.0900943654106,-48.9353290328312,-0.7740584
G83670,-327.88227329683974,35.74464370350626,-0.7740584
G83672,-273.27390641400984,14.467737338064115,0.8455995
G83673,-119.2460839304515,71.36183707033723,-0.67570895
G83675,-496.650069088661,-197.56555660008073,-0.7740584
G83680,729.3507919351562,441.1002412232974,-0.67570895
G84001,127.02011845526481,100.83799559730262,1.2724866
G84002,67.10201533357137,-22.652675315737138,1.2724866
G84003,584.0722416708676,-43.70918482439057,-0.9430633
G84004,228.6616771547782,-33.231074502886806,1.2636486
G84005,31.532806502188144,24.048287086966422,1.2326136
G84006,160.70587622357806,-18.561355468250103,1.2326136
G84007,300.12559606229496,-19.07107916306985,1.2326136
G84008,-211.0394275042118,14.324003107510233,-0.9430633
G84009,-187.39309616270077,3.4445634786449992,1.2326136
G84010,390.3296054130295,113.31319863468352,-0.69425774
G84011,-25.221601801798503,-16.325630698607014,-0.20982817
G84013,-261.3772208531848,62.19533306502955,1.2326136
G84015,115.55922745981502,-50.51131296445417,1.2724866
G84016,477.0985563479333,-72.02140566819173,-0.9430633
G84017,60.387924013747686,-35.27016376825259,1.2635357
G84018,-108.33535734357235,-24.16654621499224,-0.9430633
G84019,406.74714535542387,63.10244339788152,0.8697
G84020,102.23184678039046,10.64915653782748,1.2326136
G84021,-65.66693229993457,-111.53019065127168,1.1409265
G84022,-132.76645108956419,-38.14524012318529,-1.0009073
G84023,299.3239618532442,-52.150491234440295,1.2635357
G84024,3.195213491319774,44.19807778660921,1.2635357
G84025,101.8348310961104,59.75282540315793,-0.20982817
G84027,451.8288806526392,11.707659954070126,-0.9430633
G84028,39.579678518458486,-1.1730213207972604,-0.20982817
G84029,-35.01397227977235,-124.05583955760302,-0.20982817
G84030,-123.46563768430774,-11.884383766518136,1.2635357
G84032,241.6579964377373,191.32118625165683,1.2326136
G84033,-99.46737842109646,26.723935274679583,1.2635357
G84034,-278.5026128618727,7.7986909809328315,1.1026013
G84035,-66.58891099942264,9.015123227954001,1.2326136
G84037,-129.0270488985235,3.9703823004350594,1.1026013
G84039,-295.7854617610393,22.923167451249586,1.2636486
G84040,66.72550560415714,84.27086970954107,1.2326136
G84041,-222.33611693136487,71.04936761083941,1.2326136
G84604,-233.94726871089782,76.69458057511758,-0.9430633
G84607,-168.7047836022057,6.025209425584338,-0.20982817
G84609,-246.70286725749577,25.18327427009706,1.2326136
G84619,-555.5447786648325,-164.65200040335222,-0.7740584
G84621,-284.79500477084093,23.40274814654388,1.2326136
G84624,-301.7130006023543,-14.453371133884641,-0.20982817
G84625,-186.66724576118236,61.943221304703385,-0.20982817
G84627,-99.08028787252336,43.51901489301669,1.2326136
G84628,-236.29997310278463,17.622248788319034,0.84447455
G84629,-223.8151522892303,18.846964444520548,-0.9430633
G84630,-259.67090738256144,28.65789888841391,1.2342489
G85001,163.63350284999902,-67.48714750922973,-0.9391393
G85002,121.25693826987288,195.229106838891,-0.9094466
G85003,-150.89347672015745,-3.8045095003745306,-0.99369746
G85004,862.0231187349303,466.9831177488163,-0.9666139
G85005,909.297049351837,67.57827489911485,-0.9866176
G85006,180.1683246096047,-137.14408810742904,-0.9391393
G85007,-468.3526560435047,-36.01379375724967,-1.0627753
G85008,-137.96819423959963,-37.426072695351955,-0.99489236
G85009,-335.3138101491168,-28.02475695856922,-1.0627753
G85010,-355.31978228610404,-2.1363948484766557,-1.0756644
G85011,277.7607342270355,146.7242716280205,-0.9094466
G85012,560.6262407391051,-219.52828123710404,-1.0627753
G85013,90.09998837898995,-32.55427297935457,-0.89755577
G85014,50.3465747299466,38.53323738737458,-0.9094466
G85015,374.16577150724487,-85.53519098503548,-0.9391393
G85016,159.40097696521573,83.95739967086892,-0.9094466
G85019,-265.66288993143536,-24.470531435431948,-0.9391393
G85020,-201.06456195111437,147.16118607452577,-1.1787276
G85021,-61.390230616786546,-49.84271200368473,-0.9094466
G85022,256.61347517030134,166.8554330019765,-0.9094466
G85023,59.47350044861309,121.3406471293186,-0.9666139
G85024,859.2530901578001,-11.817980776813645,-0.9430633
G85025,-4.47794426582842,33.26682052413819,-0.9094466
G85026,-204.42756654129553,-22.726636556729844,-0.9666139
G85027,53.237180477705294,-45.27779422020028,-0.9666139
G85028,352.82837792649144,-8.736778312912575,-0.9094466
G85029,10.856495335152946,65.56580155708241,1.2715758
G85030,-171.61737429962974,-3.7093210912855277,-0.89755577
G85031,-128.3825992329166,-49.11662086176174,-0.9391393
G85032,262.8357549418896,36.75961606972222,-0.9666139
G85034,2259.313886622636,1639.6221545658454,1.2715758
G85035,89.01843903597536,-8.514642988929488,-0.99369746
G85036,49.63102227940452,-70.6745818546303,-1.014776
G85038,716.1105295362654,712.2564891855657,-0.9666139
G85039,627.7085975633527,-34.31345900636962,-0.89755577
G85040,-44.63204449847501,141.46889328161683,-0.9391393
G85041,20.437190956852685,41.45705407785774,-0.9094466
G85042,-145.36129129862238,11.927412741619088,-0.89755577
G85044,-204.2275944594101,-5.997566809554263,-0.9094466
G85045,52.05301707805462,-0.2966129371553326,-0.9094466
G85046,67.26947421118375,45.317855523715444,-0.9666139
G85047,-134.06509334241596,147.7023591313377,-0.9094466
G85048,-197.80293835123103,-15.09607231640326,-1.0036905
G85050,-303.74270339807305,-59.46324057379037,-1.050636
G85051,-145.0853587153233,14.986619926182211,-0.9094466
G85052,-94.38674995398168,70.03624484446608,-0.9391393
G85053,432.5320396751872,92.37666168991485,-0.9094466
G85054,78.48940136353495,9.888010028573357,-0.9094466
G85055,291.32958969146995,13.723117030864495,-0.9925393
G85057,107.52719135874005,80.82886367801237,-0.9430633
G85060,-507.2693991725153,-43.096758421196995,-1.0988649
G85061,2.0865597047654267,-7.320211311768691,-0.9430633
G85065,-696.1148912961427,-452.71644756936325,-1.0266856
G85073,-120.20245871000088,12.337856333449865,-0.9094466
G85076,-156.55967798807717,153.0502014536408,-0.9666139
G85078,-189.17670324654017,-2.1869083021469833,-1.0988649
G85081,-249.56693851192813,-3.6105406405754774,-1.0041742
G85082,-86.22670574152178,81.83495954479604,-1.0434642
G85083,110.38346327283698,-71.98047743019228,-0.9094466
G85084,30.406273830079655,208.94783898120158,-0.9094466
G85085,154.85045039461465,62.87656791642033,-1.1787276
G85086,-76.24643633602753,10.275249212126454,-0.9094466
G85087,47.16673397820106,214.68197954746555,-0.9391393
G85088,-111.04579962674103,41.2485547781251,-1.0988649
G85089,103.23033047928551,-3.88225470996987,-0.9908673
G85091,-309.8297767772386,43.33674830304107,-0.89755577
G85094,227.9672377199177,14.794052282087353,1.1747805
G85095,-52.90094573262791,-156.9293202136491,1.1747805
G85096,-121.22290112929036,99.6541204814784,-0.602372
G85097,-154.31893664587446,-104.53845934626132,1.1747805
G85099,-312.74603806006087,-10.183225256356506,-1.0266856
G85100,-164.52304281400092,41.19314362254266,-0.9094466
G85102,-258.1311091785076,32.68622517998582,-0.9094466
G85104,447.29569717862665,204.96712609181841,-0.9430633
G85105,-263.26447557128415,69.53638975297271,-0.9391393
G85106,-246.30997041498114,-59.97787100649086,1.1441203
G85109,207.9179464250024,112.00731402796343,-0.9094466
G85112,-257.38792514659656,27.380662185782256,-1.0198579
G85113,-308.52133537274705,-24.968146364309902,-1.0988649
G85114,267.0652295199553,24.437912718710884,-0.89755577
G85118,-223.34993520442822,-118.18365357160017,-1.0336028
G85119,-168.7412871477211,18.52379066709795,-0.9391393
G85120,38.24894693475987,31.604727323786918,-0.9666139
G85121,-102.83066296970462,96.7623769815373,-0.9666139
G85123,-149.79301655669943,37.09506693490305,-0.9094466
G85124,137.65177107857795,-8.914260674265766,-0.9866176
G85125,27.229715932903723,45.731150383990354,-1.1787276
G85127,-239.3718463851809,3.6110068245956324,-0.9094466
G85129,-242.80853311545536,59.85830382382935,-0.9094466
G85130,-55.49439285744059,62.88804929930936,-0.9094466
G85132,18.063068927550926,167.82005743540316,-0.89755577
G85133,-100.14682144244937,-18.78278844374093,-1.0756644
G85134,-232.66784310778206,-5.875257234122844,-0.9391393
G85135,243.30624935531262,172.6800710564419,-0.9094466
G85136,-43.024889361624155,20.716349900264877,1.2715758
G85137,-153.4481005753858,53.5371543966688,-0.9094466
G85138,335.4059072504029,71.55007417343342,-1.1787276
G85618,-412.1065937358884,-57.688534994790395,-1.0988649
G85623,341.80851277325615,197.37766751777502,1.2006253
G85632,-161.62859560489682,1.8529280033108557,-0.89755577
G85633,643.3007413958298,331.38635602398637,-0.9666139
G85642,-191.57632704505335,51.07553399291179,1.2715758
G85644,-137.21623870491777,-5.723312993451736,-0.9391393
G85647,-186.72485926614678,37.178397039358494,-0.9094466
G85651,39.36934661660584,-54.64547914671589,-0.89755577
G85662,43.31855095427619,-73.8775008976824,-0.9094466
G85673,-133.71355344603413,23.072527545333106,-0.9094466
G85674,-286.8749038017743,47.51647796612856,-0.9094466
G85677,-448.0793941200175,-128.51503029769106,-1.0988649
G85681,-224.85515933456557,2.173898151730967,-0.89755577
G85682,-265.5813775962082,-5.968089888704886,-1.0988649
G85685,155.97758357885536,-8.953682705582459,-0.9391393
G85690,-110.97559628859051,53.12010001590926,-0.9094466
G85692,-81.10703276421121,14.276814978869343,-1.279313
G85695,-266.86948936912154,16.23109941921804,-0.9094466
G85696,207.05798849681062,65.6881139577107,-0.9430633
G85698,54.946243702237076,109.964124746972,-0.9666139
G85699,-249.14853518970213,0.948858327672412,-0.7740584
G85703,-351.3126551105783,20.949361152333726,-1.0266856
G85705,-266.0003572728207,36.24596835611461,1.2006253
G85706,-184.29147526648748,26.676199811601872,-0.89755577
G85707,-459.88071475900233,-94.30268009104105,-1.0627753
G85708,1.0485234885637804,16.071107249064802,-0.9094466
G85711,-269.78045855522686,86.12297193276102,-0.9666139
G85712,-360.78052920333425,-119.97202885001953,-1.037048
G85713,-541.6063113122198,-196.7196652516227,-1.0266856
G85715,-128.65202796686515,51.55066326204569,-0.9391393
G85716,-40.03753390018137,78.07593448307938,-0.9430633
G85717,-14.198566329372925,-11.171036094130185,-1.0076383
G85718,-556.8166251136248,-162.83801476562093,-1.0266856
G85719,-477.2923558321989,-25.904386712943275,-1.0627753
G85721,-129.9606634192337,-8.733640252270627,-0.9391393
G85722,216.13107831840733,121.91163784263657,-0.9666139
G85723,-176.43406053114867,-64.94636541189944,-1.0351774
G85724,74.19560690219521,180.46042929280338,-0.9094466
G85726,-10.453758741193354,-21.330228246660646,-0.89755577
G85727,-74.52906448620975,-11.968713542935895,-0.9666139
G85736,-246.02132952589912,46.60246920512907,-0.9666139
H81002,-66.45199164881647,24.395927317715838,1.0084544
H81003,657.887646110165,116.94069843832318,1.1268001
H81004,469.11343664835306,0.12394576863626339,1.0084544
H81005,59.73307902703032,5.279182015866234,1.7059026
H81006,-61.48667279317466,17.821208112067865,2.0521684
H81007,169.48233668489704,-42.44885231204176,0.99232745
H81009,427.3440964450381,-39.077584959194255,1.0084544
H81010,927.0524536883831,145.27376371282986,2.0542822
H81011,121.93571138973289,36.60118788010144,2.122289
H81013,1927.8568733258503,346.82858376624176,2.2038558
H81015,241.9164253986048,5.769579344034489,1.94375
H81016,360.7331866971257,-25.812090676658926,2.2105315
H81017,858.2959352947192,12.080485215309634,2.122289
H81019,263.4923060492337,58.467730589154435,1.94375
H81020,252.79972702552774,114.19385574454182,2.2105315
H81021,607.1365213519866,59.322577356429086,2.2349937
H81022,23.15379330980379,44.30677605664642,2.23327
H81023,268.04009914554626,57.247347427971086,1.7059026
H81024,418.9452557723925,18.792774147652292,1.94375
H81025,277.8201738787502,-11.012335588482522,1.94375
H81026,342.914830940058,87.53075904376604,2.2349937
H81027,314.5250413422912,221.61635371466883,0.95698386
H81028,479.7079000595709,144.99730372237894,2.0300832
H81029,426.1955224793315,44.50927305248911,2.0521684
H81030,488.9222202140007,170.79613806047044,1.8949038
H81031,529.2933523309482,87.06938951714879,2.23327
H81032,595.1343041515967,24.465303369630714,1.94375
H81033,586.915678106699,367.8385283040392,1.677629
H81034,-58.01690977346259,39.8184217887846,1.677629
H81035,201.82560205036054,4.84816260202803,2.0521684
H81036,136.03411386844775,-30.397433458102995,1.677629
H81037,656.9200064743673,89.79539995707954,0.26735088
H81038,-286.84039106945204,1.9321128714454159,2.2105315
H81039,38.16269715954468,15.372320150010808,2.2038558
H81040,163.8419339851513,50.86217900607665,0.9565739
H81041,98.3970132916447,25.377231777011765,1.94375
H81042,798.8545704589017,16.448396208776877,1.1264423
H81043,534.5229996187776,120.93494465278032,2.0521684
H81044,-112.74258666021318,-0.0005756656024702166,2.233339
H81045,59.654205747015986,55.72230335787151,1.7059026
H81046,-97.88292545161465,67.94331002559991,0.23457314
H81047,281.92181839423,45.79223702953467,1.6779488
H81048,106.99473068945584,59.63292228403788,1.8949038
H81050,135.33664392469063,30.384109173811304,1.677629
H81051,441.0298552895451,72.96845260474188,2.122289
H81052,733.5597342425216,115.22186071235046,2.0542822
H81053,77.24852885863092,23.34486493132878,2.0521684
H81054,101.98793927636737,31.341777509919527,1.7404459
H81055,239.70229124236678,7.425948309467831,1.8949038
H81056,715.2378435400014,25.822908700118163,1.7294207
H81057,-27.40374402842341,49.51054450477296,1.0084544
H81058,293.5069022054146,53.44958432103847,1.8949038
H81060,435.8216967157267,-46.6208856069553,1.732004
H81061,270.1375158097761,107.90222813201912,1.94375
H81062,1148.6978211722699,261.8133627670644,2.2359939
H81064,590.8048758303237,123.76801115519325,2.0542822
H81065,189.20761223648694,37.12043858988684,2.2105315
H81066,350.1576369212735,111.82944951842093,1.677629
H81067,158.29056030541983,57.87394909611115,2.2105315
H81068,518.0429069353941,61.537419624949685,2.0300832
H81069,710.4674842785524,367.618108949558,2.2038558
H81070,260.73277658903487,61.35247865664881,1.8949038
H81071,216.6430988055139,26.337002062357957,2.122289
H81072,353.69313079971187,137.87579774943137,2.0300832
H81073,-102.58777593783745,443.738264886837,1.0084544
H81074,-65.90521725615827,50.901144262263024,2.122289
H81075,496.2199618900332,114.04157773914183,2.2038558
H81076,676.5732295417661,118.07085644938735,2.23327
H81077,237.1308723774911,39.77121887226452,2.0542822
H81078,648.5704521930797,84.81033851852179,2.2105315
H81080,544.8987992871716,25.643822810436607,1.1808301
H81081,374.4286811482536,45.411220547401804,2.122289
H81082,212.2494303990809,17.499773151316674,0.9565739
H81083,351.51132452382564,12.972541107758152,1.8859713
H81084,31.16237210237138,50.99120081433911,2.2105315
H81085,59.729768671052106,22.760136143570357,2.0521684
H81086,-173.6484081141971,6.388003152792558,1.7655652
H81087,642.5370903528417,69.21289998086694,1.0084544
H81088,357.1613179320697,52.029389695865696,0.95698386
H81089,667.1015115433074,166.850391186301,1.8949038
H81090,393.1359546962517,25.11050492780429,2.0521684
H81091,123.83579766157696,111.12935526425558,2.122289
H81093,-444.7340568822021,-106.72330660824603,2.221379
H81094,164.1800671086758,87.6325817879728,2.2105315
H81095,-113.20273450831768,11.46080655586233,2.2105315
H81097,78.402154076863,-2.243718841276961,0.938719
H81099,45.19386468603361,87.87916110704278,2.2105315
H81101,-157.63369779423348,27.705723564890427,-0.27733415
H81103,1.0383728089380548,40.978663127970414,2.2105315
H81104,56.45933956755804,-13.890106264883618,1.0084544
H81106,-73.21652976773501,8.505273858091167,2.040931
H81107,-133.12262745448848,7.012526771443333,2.2105315
H81109,104.58992664418562,19.158556722681517,2.2105315
H81110,-77.88978120224102,48.05223848440103,0.95698386
H81111,-209.62580193020227,34.94716870818908,1.677629
H81113,398.49528223169875,20.054158477168844,2.0300832
H81116,-110.74146070090266,27.43919743460733,-0.21477376
H81118,-249.92063822381505,-24.24159724702015,1.7522142
H81119,484.4588590941095,318.76838796658194,-0.21477376
H81122,-32.69981384308439,114.4190375739729,1.6052406
H81123,-188.46450653290916,-12.23809361401112,1.9411926
H81125,-97.91306397131913,6.822097588403348,1.7522142
H81126,85.25740204947815,83.91093936648174,2.122289
H81128,-47.321683919998236,59.38291361234948,2.2105315
H81129,-233.36705960178847,36.64254515881344,2.2038558
H81130,128.06643715260333,139.00748530134402,2.2046387
H81131,-178.34053963129423,75.0085564741555,2.2105315
H81132,-286.10183717639575,-25.997329972988474,2.236846
H81133,1772.3671669818993,172.7446039344891,2.122289
H81134,351.7169945737635,40.97701109111646,1.0084544
H81611,-286.9882526522386,22.370168142745243,2.0372856
H81613,-249.24366695239314,61.47354762885878,2.1174848
H81615,313.0160607912553,93.41761832560313,0.95698386
H81618,40.13217334613295,-14.665115143435324,2.122289
H81620,-52.46215826390782,40.16823975350063,2.2184026
H81622,-178.00699313904994,19.673355257940532,2.221379
H81632,-311.75713608284303,25.170172741507635,1.0084544
H81638,509.60625174233996,523.3007826056588,0.23457314
H81641,-248.90255496229597,-19.08865990775269,1.94375
H81642,-245.94794371943948,16.936706160942073,1.1268001
H81643,-337.49441418828405,20.851225037581287,1.94375
H81644,182.64945806720542,64.37825755413553,2.122289
H81647,-368.79954961083484,7.339702252656176,2.040931
H81648,-482.674091849694,-46.44719319454667,2.040931
H81655,-636.4181298323197,-160.35495656865683,2.040931
H81656,-6.992956721831571,-7.795074887900403,1.7655652
H81658,-132.52154114623772,43.98444251260034,1.677629
H81659,-477.1088629912946,-1.2220888910406391,0.97319424
H81663,-262.8239905005016,-14.18349984668011,2.2105315
H81664,-352.0714784175939,-16.478549809432575,1.9833829
H81667,-151.6036847687307,-24.79073950529223,1.8957523
H81668,-461.54501644485384,-4.47137414758665,1.945721
H81672,-66.16191939089374,33.447879957802414,2.2105315
H82002,-96.98120197640309,-45.21521922626993,0.30862987
H82003,341.5228279130779,59.16082184454736,2.2080278
H82004,-98.20184850590654,57.69271918997738,1.9708748
H82005,112.2682244209424,112.0304261621677,2.2080278
H82006,234.38082507543143,33.13826199996003,1.104896
H82007,687.0290547604093,167.91711752457294,0.6682743
H82008,259.8665543760998,12.376436747659533,2.221379
H82009,907.4347732768895,243.09124414756027,0.6682743
H82010,60.53593562076612,-43.39321398015308,2.221379
H82011,785.987360693057,136.4176243038736,0.6682743
H82012,555.0384255959993,134.8816792611039,0.23196614
H82013,676.408863679827,218.52282659384096,1.0799164
H82014,479.74898733139156,222.49099349971468,0.6682743
H82015,26.774135962152133,11.365204535920398,0.6050118
H82016,628.3408593614357,210.9512383919175,0.5048146
H82017,1098.1466046627067,6.140757529224428,2.034435
H82020,357.43749605201816,1.4864424126102642,0.5048146
H82021,0.49589606321114765,18.04249225894128,0.5040979
H82022,253.9080198439951,43.68567743276951,0.50055146
H82023,1073.0561174349093,951.8428230020636,0.50055146
H82025,931.7566830232861,-72.05248209456398,0.23196614
H82026,804.8164305275692,170.60935311960114,0.22562377
H82027,-187.2221676595923,30.047868147850295,2.034435
H82028,176.0845496365806,137.4588716621913,2.034435
H82029,410.5949129832573,33.58602878346139,-0.026881153
H82030,923.9676838662443,67.62296100283442,1.9702122
H82031,111.56004151914163,64.57234007986241,2.23327
H82032,744.4867025438333,51.93165658716956,1.104896
H82033,153.07050694381516,52.98353990595735,0.23196614
H82034,1500.2307649230027,705.1291169628834,0.6682743
H82035,366.29841595034577,-51.85319912880189,2.204881
H82036,240.42551189951166,22.31956105282269,2.034435
H82037,1005.0208522412596,87.24339541145946,0.43413067
H82038,610.4015737932953,109.0961046023291,0.5048146
H82039,448.4186459801884,288.07951442077257,0.5040979
H82040,559.5840528625329,591.3268460564394,2.2080278
H82041,646.2573112696674,199.47646104235167,0.6682743
H82042,1200.2893875672416,153.67161132068762,1.0799164
H82043,691.9580639003444,40.40297843006861,0.5048146
H82044,285.5049613846009,-4.71636685209919,2.2080278
H82045,1450.326930372972,381.70933564224913,0.6682743
H82046,359.646564785797,94.96442821860761,0.6682743
H82047,434.41337958706526,47.13003365246329,0.22562377
H82048,670.9296327001638,155.03717782434603,0.5145662
H82049,341.79961627169115,64.52452856508562,1.0799164
H82050,506.8001251833952,-9.44583367435111,0.23196614
H82051,656.1494466939153,195.1884935821227,1.0799164
H82052,581.1777875346476,50.17221638748695,0.22562377
H82053,231.30257435019234,6.814713695146797,0.22562377
H82055,571.4276993387235,125.04055402764278,2.034435
H82056,462.46363616310913,-7.450125018533969,2.204881
H82057,875.7439084339537,130.45120620104953,0.09501276
H82058,927.7774499958757,287.627459044109,0.5048146
H82059,647.4036626106794,146.12681380820322,0.6682743
H82060,581.1243738822099,124.3897867884648,0.5039383
H82061,302.1571905787354,115.64048010646619,0.6682743
H82063,555.7253339552732,120.35143110707412,1.7059026
H82064,611.7853613628108,187.99965160804584,0.23196614
H82065,649.9617180580568,291.74742238520236,0.50055146
H82066,1159.2788006353826,283.26113110477894,0.5040979
H82067,121.24709080661367,185.61234938413395,0.5145662
H82068,-262.3409522417607,-89.54080394765438,0.5973467
H82069,70.3347489263901,-74.48164628188508,0.6334363
H82070,342.76148976374435,164.20124286051538,0.6686867
H82072,274.18523252425973,83.38327464839725,2.2080278
H82076,-187.9581661049695,-6.793409811480202,0.6682743
H82077,800.4572325857731,118.80368074007963,0.5145662
H82078,309.65749866622735,81.88216468827437,0.2308319
H82083,289.6916475670353,89.18740312405225,0.36184677
H82084,25.079148565506856,34.66690561581541,2.2080278
H82086,-315.4540934497935,-32.51813236089644,0.5973467
H82087,-129.04620961281708,0.235549746548859,0.6682743
H82088,374.4388485087837,31.609886197654603,0.23196614
H82089,44.76697440572603,78.85497992114271,2.034435
H82091,108.9281712602472,68.56155283435993,0.50055146
H82092,74.49375070568799,108.42781693640548,2.034435
H82094,-7.81012346741289,-35.99896744519512,0.3156909
H82095,666.0733025041831,20.04092774624414,0.23449986
H82096,3.348658113020782,-1.454150702875486,0.50055146
H82098,278.3597061541863,110.87839047859616,0.23196614
H82099,410.0070567826533,100.44680467435963,0.5048146
H82100,70.16784814324785,87.73891909827324,2.204881
H82101,169.51419806544658,91.33779660808212,0.5973467
H82615,131.28524243832354,106.31331155619696,0.23196614
H82621,-142.43909839306679,24.232341365186148,2.221379
H82625,-363.8671656362743,-20.14975824619215,0.30862987
H82640,279.86650138242385,35.80043009813023,0.23196614
H82641,-214.22559048165712,31.31354392666053,0.60475796
H82642,-514.8628602861963,-33.37413003324801,0.5973467
H82643,-201.37298881674815,-94.53280499982188,0.5973467
H82644,-524.112387398797,-38.84806874536227,0.34471947
H82648,-502.6128985436829,-16.51461572797298,0.30862987
H82653,-513.190288760098,-23.92913735234254,0.34471947
H83001,419.21565786224147,-0.8906074279463745,-0.20982817
H83002,-340.97035378740884,-40.11399689326286,-0.29577613
H83004,299.47036029191725,30.959817333462336,-0.21477376
H83005,144.26026095869022,98.2934055245409,-0.21477376
H83006,295.0523168851556,289.00977093996687,-0.21508911
H83007,239.79436890772755,55.41576904991719,-0.21477376
H83008,-228.90989088716742,32.97040257640657,-0.21477376
H83009,153.44702072291804,-59.57255319009674,-0.21477376
H83010,-122.66791747071191,-2.338021828370201,-0.21477376
H83011,-148.10334581748384,98.49057855683911,-0.20805676
H83012,270.5050627941025,50.34317127081592,-0.21477376
H83013,481.89093624068107,157.8505999537055,-0.21477376
H83014,-9.36106716319583,23.57354789569352,-0.21477376
H83015,374.46156222848765,-2.529961815841177,-0.21477376
H83016,551.6339434173832,314.2685286629308,-0.21477376
H83017,349.669153931739,65.31364217217154,-0.21477376
H83018,416.21695553292074,188.46013188459165,-0.21477376
H83019,64.66672814672343,19.311578663849115,-0.21477376
H83020,348.21458862183556,47.947498234532326,-0.20805676
H83021,-107.05410990075877,11.539785011886895,-0.20805676
H83022,25.083704187612113,-15.045566073399582,-0.21477376
H83023,4.992392094681607,4.550301190960754,-0.21477376
H83024,660.2076288620582,42.220213380594714,1.1808301
H83025,409.7015213279704,78.2889685236395,-0.3048935
H83027,130.95069490018614,31.486691757926227,-0.27423328
H83028,87.09365734702475,350.6514467128986,-0.21508911
H83029,-200.86828999414996,51.35276543245682,-0.20982817
H83030,-242.03198128022555,17.450685015203728,-0.20982817
H83031,-201.41257298545585,7.360046545620472,-0.21477376
H83033,-162.03835710154854,53.059231496643044,-0.20982817
H83034,-19.717789554668478,-22.113167860864248,-0.21477376
H83035,-241.08898085211027,-16.54886349704149,-0.3048935
H83037,-120.2264167517569,56.44038833060489,-0.21477376
H83039,71.6861484126698,66.5898701474904,-0.21477376
H83040,-273.2688404132309,28.61165183918265,-0.2550049
H83041,-244.1370206756644,5.790097884890859,-0.3048935
H83042,164.8736515901141,-0.08280020890666431,-0.21477376
H83043,-17.497132939283045,155.32529533159178,-0.20982817
H83044,336.379248658249,175.20605176265641,-0.21477376
H83046,-112.67602079342225,-31.706132191224736,-0.29298764
H83048,-324.56772421529587,-1.4910265920105938,1.0910386
H83049,-287.2665626995519,8.531119459183179,1.2673675
H83050,-102.32130210493081,10.256839550416142,-0.26414713
H83051,3.4855838954357203,139.9403063348856,-0.20805676
H83052,-183.20841680304963,64.51122411416293,1.1808301
H83053,606.4187901902775,-37.59671965220672,-0.21477376
H83608,-148.1890039735579,79.56000148125025,-0.21477376
H83609,-253.30564913514527,24.034050594125898,-0.21477376
H83611,-258.11551863510664,34.54029793382053,-0.21477376
H83616,-433.0268067987725,-162.1091505120539,-0.3048935
H83620,-201.32975049388284,15.709200837554283,1.08951
H83622,-363.01341105355976,-14.032983041844522,-0.29577613
H83623,-412.81251482848967,-54.28767699814738,-0.3048935
H83624,-146.8530301421549,29.125189448988987,-0.9094466
H83625,-204.49562750395268,-64.46926409428583,-0.2487541
H83626,-371.6994809621815,-41.0045665887466,-0.29029545
H83627,-100.83520317716399,44.7911666767106,-0.21477376
H83631,100.70365468971491,84.15475164192074,-0.20805676
H83633,-562.5878738037987,-169.1377219903652,-0.3048935
H83634,-434.1769474527373,-62.74809142132717,1.07108
H83635,-441.3622813889659,-143.87572916045548,-0.3048935
H83639,-482.6621369385917,-3.567431944855217,-0.2806089
H84002,221.43064177995998,17.409046921913845,1.9985831
H84005,61.3379605949422,126.67908444706669,1.9985831
H84006,104.49937175093112,163.7722285078176,1.9951746
H84007,-12.654130854887052,22.34953632268985,1.9985831
H84008,-524.3503173671968,-201.51074080198003,1.7522142
H84010,104.78375564486181,-2.4255038643443676,1.7655652
H84012,202.05117660142537,9.819198807449911,1.9985831
H84014,-333.8600668407584,-3.7145217603735783,1.9985831
H84015,36.63993198981526,52.42283560717681,1.7655652
H84016,838.9329453595292,245.04445240807985,1.7655652
H84017,415.3985366307365,79.47039109001959,1.9985831
H84018,-93.91076016703012,27.673961957299305,-0.41128483
H84020,332.84847114188506,49.45355936002397,1.9985831
H84023,-105.96301299851915,47.491936148021686,-0.33174586
H84025,27.384656092900403,87.70921414980538,1.7655652
H84027,452.547293164143,95.45947337528868,1.7655652
H84030,702.0650300967883,159.59874435646518,1.7655652
H84031,-130.3166214203306,-7.4782338127428,-0.4447407
H84032,133.1987535712705,46.53974288585833,1.9985831
H84033,-31.980158008459927,2.7395258484787877,1.9985831
H84034,68.1509356849524,78.33289064301384,1.7655652
H84036,-534.8888444479035,-90.2867533889634,1.9326622
H84039,107.58858980465313,36.34360033244788,1.9985831
H84040,634.7273927125159,-5.070677240831281,-0.41128483
H84041,-289.3381484558269,83.06025015876565,1.9985831
H84042,458.9594374845729,11.605775172160799,1.7655652
H84043,-125.39833178361688,34.687705113964554,1.9533317
H84044,123.85821437665304,16.824901610548544,-0.41128483
H84048,-127.56314747209221,-4.465343915782794,1.9985831
H84049,-358.47888486643336,-46.76638163756291,1.7522141
H84050,113.2595738322358,17.852955350144924,1.7655652
H84051,-76.56014934126021,10.331533346939265,1.7655652
H84053,-101.62508002241111,30.105834669649152,1.7655652
H84054,-263.7510565816133,16.42113778931615,1.7655652
H84055,44.350179716277204,39.81046616316054,1.9951746
H84057,-342.50815056650293,13.567469262677156,-0.41128483
H84058,-120.96109723744301,25.67926904413136,1.7522143
H84059,-242.4141302370781,-17.248766290947447,1.9985831
H84060,2.2045652159842075,40.69357327933364,1.9985831
H84061,1.8524258157856877,225.00820090184456,1.7655652
H84062,28.503688352011746,37.44300391885573,1.7655652
H84607,-306.07829630086576,-124.96182792804642,1.7522142
H84608,-378.77739653658847,-56.2326876452157,1.9508756
H84609,-464.3386094617682,-34.42302091621759,1.7522142
H84615,-373.342487472737,-50.20977937807781,1.9326622
H84618,-193.4332065444733,52.658560049570255,1.7655652
H84619,-64.45543223051008,51.700068106717346,1.7655652
H84623,218.08235609522433,15.910320806879474,-0.41128483
H84625,-192.64483281106618,42.19730140487204,-0.4447407
H84629,-289.7230442171746,11.559765897467498,1.7527298
H84630,-275.85338585177396,-26.143117622005107,-0.4447407
H84632,-273.03690580236326,8.058063271378666,-0.4334627
H84633,-391.0035198645696,-71.59850089591055,1.9326622
H84635,293.67658724635515,160.07037453433534,1.7655652
H84637,-420.82710395043995,-108.05783686069802,1.7522143
H84639,-335.0454013874305,23.09585750823321,1.9951746
H85001,169.06516351337777,106.59895734896112,0.5060486
H85002,131.37763903684825,10.970975529880604,-0.059150364
H85003,131.988097039917,26.045718342650602,-0.9094466
H85005,206.92614791221607,-64.36134946482234,1.0461234
H85006,74.2044230016259,29.605155934314233,0.5060486
H85007,333.0092293166205,-2.340220459954398,0.5060486
H85008,262.7000424568561,-34.97708608397834,0.5060486
H85009,100.3778759400718,108.77781934797096,-0.9094466
H85011,126.52486351085076,69.23254444885116,1.0602534
H85012,512.563976145644,90.19466136715916,0.5060486
H85016,-22.5870993112729,-161.26115680423683,0.99433243
H85018,91.29389087467534,23.141601961953732,1.1808301
H85019,23.792050199337808,60.3004766321114,2.107905
H85020,1229.2992235757206,506.2875679334694,1.0568448
H85021,135.31331135588476,89.53077168172132,1.1808301
H85022,-107.26927059312064,25.186669437138313,1.1893507
H85023,79.7896425701816,119.27088423744772,1.0602534
H85024,367.34989783841894,-69.0576534854698,1.0602534
H85025,851.8331336187938,206.9114013426236,1.1893507
H85026,96.94543304870108,64.63971099748403,1.0568448
H85027,-56.30354106002549,81.24757085291795,0.5060486
H85028,63.063156477121524,-10.737504939853816,1.0602534
H85029,250.80581338989393,176.40849277605693,1.0651667
H85030,535.0279187689973,108.09820905922298,1.1808301
H85031,443.6268056569232,58.19465953316996,1.1808301
H85032,-217.78098033892246,16.026486951439306,1.1701158
H85033,163.85816119103674,31.27335207113876,1.0602534
H85034,-112.87956964519977,-23.637538492206705,0.9943324
H85035,12.867446614172712,-110.35822717351199,1.0371889
H85037,381.9354561050551,-4.542489459670565,1.0602534
H85038,613.1688564819314,55.71112679964048,1.0602534
H85039,-313.3720894853577,-177.26516789452523,0.99433243
H85041,404.2970611701108,113.81596852899347,0.52120394
H85045,405.4934217048688,36.07412061754988,-0.059150364
H85047,191.4324003139213,11.13610343608408,0.52120394
H85048,601.4344603163129,80.13465421315314,0.5060486
H85049,-206.7986769717982,0.2393153937132332,0.52120394
H85051,180.00952590337184,252.70167445388083,1.0568448
H85052,25.744889277311735,-43.071566339180386,-0.9094466
H85053,-112.6994510511157,35.507874705831334,1.1808301
H85054,57.79373987080216,59.060536807276,2.107905
H85055,92.41302373619057,21.829465838696596,1.0602534
H85056,-427.9132154639966,-26.704183086874217,-1.0988649
H85057,-234.26513669604842,20.71083135185377,0.5060486
H85061,136.1144301963482,71.16063903004925,0.5060486
H85063,409.9387172526939,394.84370934021393,2.122289
H85065,-158.2442122244699,6.011514875389557,0.5060486
H85066,303.96086454897835,115.77014594331305,1.0602534
H85067,-137.30568699999517,-34.975755428116244,1.9951746
H85069,73.77151095569639,54.530366689705914,-0.9094466
H85070,402.4738327290218,-27.29896597063232,1.0602534
H85072,53.83962111462515,51.05883782101005,1.0022271
H85075,-285.3220577254306,59.23391657891638,0.5060486
H85076,467.0941428512111,15.156687611152154,1.0602534
H85077,-117.74032201528286,12.573347071126713,0.52120394
H85078,-228.48130685391436,22.68665433073396,1.0602534
H85082,-139.40098014996525,7.5404118099104585,0.5060486
H85086,-272.78808444636223,6.981090005843906,1.0665116
H85087,-28.229796550331958,-7.631042304118576,0.52120394
H85088,-271.8695273999762,3.6109060520074516,0.52120394
H85090,112.28094631552604,53.65472807730806,1.0602534
H85092,41.5996366485557,38.65530418144838,1.0602534
H85095,422.74636982028886,127.61241928378874,1.1808301
H85100,-136.05088064685688,91.58514386056903,0.5060486
H85101,-44.346403268197186,30.945945342277568,1.0602534
H85103,-53.367952090167186,107.56727003803526,1.1893507
H85105,418.1080055926476,26.121687510980124,1.1808301
H85108,-328.63009615094734,0.1410464963090508,1.0665116
H85110,3.2900510306122492,-12.419772894106343,1.0602534
H85111,182.00036992327333,116.71115551780669,-0.42484447
H85112,-298.10267785278654,14.573394317320215,0.5060486
H85113,-192.8279506923795,23.440393980740236,1.1893507
H85114,-50.27682143591163,36.025333428585505,-0.9094466
H85115,683.0845897491945,148.70412262897216,1.1893507
H85116,355.13223562689075,126.54256081065253,1.1893507
H85618,-27.06957511540993,272.4976499416665,1.0602534
H85634,-134.75363066486227,-12.039049139079596,1.0602534
H85637,-374.0341780329274,5.926939796358457,-0.9094466
H85643,-222.61994636006838,-118.75948010158027,0.27254027
H85649,423.8928083969896,41.98950139257684,1.0602534
H85650,-478.87792108523615,-49.70347532600679,0.27254027
H85653,1059.4212466549006,276.61723825433717,1.1893507
H85656,-167.41475199024913,14.918528985326628,1.0568448
H85659,-231.77217747075713,96.2158385004022,0.5060486
H85662,-194.09478462457977,18.227204591292146,1.1808301
H85664,-431.3912088548212,-9.448604407671922,1.0602534
H85665,-210.0400922049685,-17.989284417735647,1.1590557
H85674,-268.43884733186337,6.760072403945347,1.0665116
H85680,71.97591716674975,61.871284420294955,1.0602534
H85682,62.09013661151587,100.88887523661431,0.5060486
H85683,-67.88070476959905,15.810347581660256,1.0602534
H85685,-508.2744278652954,-45.77705321975837,0.27254027
H85686,157.8424613003649,104.89387097420953,1.1808301
H85691,-446.8061830260914,-9.087332459158333,0.52120394
H85693,966.0574153183079,214.24065545331325,1.1808301
H85695,-200.21259843768925,-64.96178396692254,-1.01787
H85697,-476.29505593102544,-2.4179116277646298,0.40161988
J81002,393.86948918139535,22.949846082660617,0.5946348
J81003,105.75343766940674,21.915487355019945,0.572084
J81004,227.3930236567411,52.06399716996431,0.5612571
J81005,1697.103122503837,291.21912312993203,0.6557356
J81006,2821.1871570980575,555.6539190970162,0.5946348
J81009,1394.1874373891503,126.10841515307817,0.95115006
J81010,747.2679899698679,68.40641486186583,0.5946348
J81011,379.48536112461926,102.24616901767816,0.5946348
J81012,1682.339340353877,1527.802441677383,0.5946348
J81013,685.8352350973626,98.75584462557386,0.5946348
J81014,729.5815385597507,225.06874507051165,0.5946348
J81015,-1119.9007175175288,-904.3629082075897,0.7056156
J81016,105.98686868360859,59.982927789652216,0.95115006
J81017,-93.99006198682063,30.39695343212699,0.95115006
J81018,641.1138378957844,79.56708401629444,0.5946348
J81019,2111.201187461637,109.60953407347819,0.8171653
J81020,16.44549163130533,-22.56734147962292,0.8171653
J81021,1059.9456370253076,556.047580275779,0.5946348
J81022,179.49283710309606,55.26286702433602,0.5946348
J81024,147.0912255031878,-21.574902317226037,0.5612571
J81025,293.07012430189457,42.69250698537073,0.95115006
J81026,506.1569619147264,-260.130137340826,1.0304221
J81027,1721.8655116481773,441.6044724804546,0.95115006
J81028,1089.7981551574221,278.08768362588955,0.60163707
J81029,87.67196608851314,89.98254849182491,0.94251156
J81030,360.25145461697105,37.76390089080963,0.6625613
J81032,232.93794492363702,116.00114422643462,1.0087683
J81033,1125.667102484822,462.61280291879945,0.5946348
J81034,726.952288776394,101.11902775004474,0.5946348
J81035,46.656736656300566,42.7071622693995,0.95115006
J81036,384.688534571249,84.75288648308705,0.5946348
J81038,100.69875830527722,-11.504601527154955,0.5612571
J81039,166.44085956899164,71.71645229882597,0.5946348
J81040,-13.560376569727635,-63.784376486348826,1.0166231
J81041,983.5934257192255,109.55200245572767,0.5946348
J81042,185.61647289300046,33.639945209068735,0.5946348
J81043,131.9610875010053,25.639565945010766,0.5612571
J81044,784.3892949515331,358.8902254704157,0.5612571
J81045,875.4195122301578,265.865037231537,0.5946348
J81046,407.1687637649912,138.0944490696707,0.5946348
J81047,477.48968030751917,36.38073602230562,0.5946348
J81048,-90.66708220281781,35.80365033370571,0.5612571
J81049,362.21427378046997,20.458782193358203,0.5946348
J81050,704.5007875029139,88.51316277466981,0.5612571
J81051,798.0210598997572,535.2865398785907,0.95115006
J81052,180.71908755152594,83.46779708754151,0.57431585
J81053,15.850197830840193,30.414130928501567,0.95115006
J81054,130.89260081730228,47.429014471550005,0.5612571
J81055,640.4746119135959,-49.190209296115945,1.0105562
J81056,985.5701129272969,620.8273500770385,0.5946348
J81057,190.35978817549918,49.57687297422448,0.5946348
J81058,597.7193050767958,278.574630160839,0.6625613
J81059,196.9045111061851,82.04028232818914,0.5946348
J81061,294.8331820860655,31.64321639906398,0.5946348
J81062,455.23383251397206,64.27316893809525,0.5946348
J81063,-128.25793431724478,4.0018118605093,0.5612571
J81064,-103.25808848063794,12.797297281164752,0.5946348
J81065,197.59034450768087,-49.02613175631597,0.5612571
J81066,420.2274026828778,168.97218760040485,0.5946348
J81067,-163.52757353141828,48.59451276984244,0.5946348
J81068,444.56230354202074,12.124494737741555,0.95115006
J81069,-38.08967700299849,18.3259239091084,0.5612571
J81070,459.1480088886878,181.47995952394533,0.5946348
J81071,-151.19055497644376,14.375795208424051,0.5612571
J81072,204.74965413131622,18.892440619275412,0.5946348
J81073,1806.8765242173463,416.222509460184,0.95115006
J81074,142.05401650640923,-26.841975476028104,0.6647279
J81075,158.1305258332343,176.8968710364505,0.95115006
J81076,1045.7656214352016,948.5996805369466,0.6647279
J81077,89.79352276590343,50.24440993990709,0.5946348
J81078,342.3557919107779,424.11472064167003,0.94251156
J81081,783.5100501721699,201.59309323025397,0.95115006
J81082,354.7349272027507,124.42640196057319,0.95115006
J81083,44.45031171847847,-24.016247926608127,0.65495133
J81085,-570.1737551932913,-216.93167183535044,0.5612571
J81086,-26.119647011367693,127.80243682696013,0.5946348
J81087,273.8766427498755,99.88290118093491,0.5946348
J81088,-716.3708007817903,-360.31992555993645,1.3913181
J81090,-117.39467030818042,-24.958922363623287,1.0304221
J81609,52.74106687341592,209.11069206420945,0.95115006
J81612,-150.54002768894648,93.48806815858606,0.5946348
J81613,146.53437193807315,150.2042909101854,0.9676079
J81616,-62.51745991798195,67.33717563274311,0.95115006
J81620,1486.3923566469646,925.4146195332715,0.95115006
J81621,142.00758224332694,182.94308457202362,0.5946348
J81623,-420.3823398539278,-16.76418896847167,1.0304221
J81624,-327.1375330038199,7.726222899851598,0.5612571
J81625,362.5865047255422,201.83168587473492,0.5946348
J81626,61.51660947184458,116.94572432212944,0.95115006
J81628,-250.15501026297474,17.03729228684645,0.6557356
J81631,-231.26203980016126,65.54197684465615,0.5946348
J81632,28.702222675500902,55.968859567101624,0.5612571
J81633,109.87414186734095,158.89739453555381,0.5946348
J81634,612.9750128349345,250.24520874223427,0.5946348
J81637,187.67930100720315,135.95393966286863,0.9790731
J81640,-296.32223299743464,-41.23293976119803,0.5612571
J81644,-239.35176557262733,-9.647484786213774,0.5816852
J81645,-314.5056216088792,-27.512806910855527,0.5612571
J81646,2.1768151211806743,112.6233215143999,0.5946348
J81647,-23.434792586714316,279.03465663157766,1.3245628
J81648,-150.92284605843304,84.25265642773992,0.5946348
J81653,-472.8730565949098,-0.8787739406774489,1.027989
J81656,-485.60663138493425,-5.277418223661876,0.5612571
J82001,284.2948973688457,-37.53436786511411,-0.6484749
J82002,845.062245275003,237.65649666942127,-0.6484749
J82004,-145.32843381343054,-88.04971199161348,-0.7018792
J82005,-105.1565471755777,44.02934814579584,0.23478176
J82006,504.54043922162265,176.0693146191495,0.12336988
J82007,1744.5604184049334,1245.6529617701071,1.4894919
J82008,172.43575501714994,50.38405394314783,1.9547735
J82009,510.90308604544725,41.7930571996479,0.23478176
J82010,1318.834021040465,171.1611789122211,0.23478176
J82012,244.8006075051029,61.79429026785973,0.0856253
J82014,-409.8621721005329,-114.66679797139425,0.23645064
J82015,174.42979055231962,6.218381922089454,0.9565739
J82016,343.85120556371965,50.09323735003942,1.7434524
J82017,611.4759499899762,-14.98235893890892,1.7322699
J82018,791.820999826218,274.2076084400659,1.9326624
J82019,350.52559873492567,233.19750565908683,1.9326624
J82020,9.925690383414306,65.29160911231072,1.9326624
J82021,481.6407204063537,24.007115678108352,0.23478176
J82022,775.2242426300855,70.35669150296114,-0.6484749
J82023,177.75182928548332,-91.84793473095233,2.1013536
J82024,414.9401737619701,515.7532609423847,-0.6484749
J82025,441.49723386168495,213.64535581498225,1.7322699
J82026,892.7003315865259,41.736478944384345,0.0856253
J82027,6.745313520505258,43.9700695856734,2.0770206
J82028,702.5656309381078,524.035790141215,-0.6551504
J82029,684.6911957134259,101.7796154696943,1.4787158
J82030,26.194379467825797,-85.35676066579285,0.9529798
J82031,-237.69779971126331,-88.48323674351464,-0.7018792
J82032,-93.10700016434951,21.876894484469663,0.23645066
J82033,176.8461793867986,65.55800348852017,2.122289
J82034,1069.7672452943557,143.02415042478836,2.122289
J82035,772.7948417045702,20.519854191388458,2.0176475
J82036,-258.70609054438717,21.071486507723446,2.0035617
J82037,-72.12779045547465,-477.12470844625136,0.23645066
J82038,-20.783914479491816,-51.3007109537378,-0.7018792
J82039,645.1329489026676,97.47265134315904,0.5946348
J82040,781.6461374611395,231.46089218425774,-0.6484749
J82041,570.6846806643777,-18.4047035585488,0.215337
J82042,1077.1064633968479,408.45159622506975,2.0161064
J82044,105.0125790777979,-76.35302405817181,2.1013536
J82046,453.00674032839134,167.87867382807312,1.6929241
J82049,1091.4283569873317,581.1082041808527,0.9565739
J82050,526.2776735866258,167.80450378858782,2.0176475
J82051,738.5270081206099,370.68089604658616,1.9378775
J82052,390.29993528099476,19.91321740288192,2.2935584
J82053,302.65291265762653,48.69698308445388,1.7322699
J82054,317.2038966693564,51.59580718840989,1.898281
J82055,247.81480198129037,200.6556938615051,-0.6551504
J82056,1604.6231504645566,66.39067564663509,-0.6484749
J82058,782.231098811996,248.331364168657,1.6128917
J82059,133.64020440828807,66.10139158560837,2.0161064
J82060,563.1361872515226,154.85360298459872,-0.6551504
J82061,481.67309023901726,93.7347395547993,2.2935584
J82062,1191.200114636553,270.2863876698798,-0.6484749
J82063,266.54807919081776,-118.60074872597173,1.9373357
J82064,976.176028089163,109.64221385763969,2.028623
J82065,679.8184125697106,202.91177937865874,1.6975101
J82066,920.6263057305965,159.60915756098686,0.95698386
J82067,325.7019817902677,215.37759115180265,0.9565739
J82069,2565.4123043348804,1162.4015269120841,1.6128917
J82071,232.11222647823303,158.83007183692803,1.9378775
J82072,352.3324199608874,97.0756178630374,-0.6484749
J82073,306.8980945684993,48.657213697233,-0.6551504
J82074,798.67116612289,152.66107549219748,-0.6484749
J82075,122.88223209288101,20.24442609263006,1.4888729
J82076,918.2712221633169,502.0414811713956,-0.6484749
J82077,763.4773468982892,325.80620800591834,1.641347
J82079,174.31884648770762,74.55402669247526,0.28764755
J82080,-193.17015256109283,103.9850533204649,-0.6484749
J82081,988.1738326907822,202.85332336932987,-0.6484749
J82082,639.8296205399147,121.28729797370836,1.7322699
J82083,2231.455600380495,1595.7429429626254,0.0856253
J82084,19.80406348892206,57.25835552280127,0.0856253
J82085,1713.586090076121,720.46398269196,-0.6551504
J82086,-49.28277790665817,-47.46375519818724,-0.7018792
J82087,226.31609942751382,88.11122875246892,-0.6484749
J82088,644.6764406416092,155.5158021625449,-0.6484749
J82089,554.0991335209673,98.42389996019085,1.9383276
J82090,781.3633994451706,67.7439332711909,-0.70007473
J82091,259.99157860336544,58.66247234525456,-0.7018792
J82092,268.88418725696533,50.23856825709839,-0.6484749
J82093,248.10742438903978,23.871462124313656,0.23645067
J82094,1993.5029410245693,153.43096271251352,1.6161352
J82096,-840.7748959195709,-714.1626896381268,1.7161247
J82097,529.5278564613753,-58.88980602898844,-0.7018792
J82098,1093.7101885045947,836.4243388442974,2.0161064
J82099,429.636316438705,138.20814443589094,2.2935584
J82100,453.5247619896454,-143.7199121727017,0.12818183
J82101,1043.5208168496433,273.75690583440627,1.9378775
J82102,872.5662550132868,450.2574830375282,-0.6551504
J82103,474.04684763860877,76.92347202320813,1.7322699
J82104,713.1351295558447,6.1394501967753055,2.122289
J82106,267.2173058303842,46.899176800510865,2.0176475
J82110,524.5390683241501,221.8708964844632,2.2935584
J82112,1074.8421155092276,509.9308093388869,1.4912425
J82113,437.2029124004899,-122.45398857009879,0.12818183
J82114,497.9730177075582,35.38378310730604,-0.68831533
J82115,43.29753965713089,5.862248160533006,-0.6484749
J82116,400.9233101206146,91.69094344138007,2.0204477
J82117,1071.0600416205716,147.49990181803958,-0.7018792
J82119,320.94779519523814,112.67424166760243,0.23478176
J82120,373.43011420160354,6.4277007755745315,0.9565739
J82121,199.94420574015834,112.72976303583243,-0.6484749
J82122,498.8743589380443,-89.74391399283627,-0.6484749
J82123,567.286901938359,-19.38522249599713,1.692685
J82124,391.14590611451933,93.572939337766,2.028623
J82125,247.2273038404511,-38.756224001273544,0.9565739
J82126,-154.19434263394652,54.20760930708362,-0.6484749
J82127,463.12998215638936,164.03415134493605,0.12818183
J82128,261.3059925556915,39.27043320391932,-0.6484749
J82129,145.08901789035306,23.344371594368365,1.4912425
J82130,941.0566217850746,82.36473914439735,2.0176475
J82131,1099.1243032432694,-4.040682833481178,0.6625613
J82132,1188.528849612633,131.7315697011742,-0.6484749
J82133,47.47998762354919,46.14957116504148,0.13728006
J82134,1631.060075308354,545.9466915435884,0.23478176
J82135,360.47811161559093,1.9375026391531855,2.2935584
J82136,354.61389387930967,-13.812613373327848,2.0119703
J82138,953.5604142244285,216.21221812859727,2.2935584
J82139,1076.1208219311577,180.17139326225342,1.4888729
J82141,567.7083281337395,-136.87241378072045,1.9610869
J82142,364.76674429783844,90.0470547145811,0.95698386
J82143,454.14318122400505,55.362126053086705,-0.6484749
J82144,1566.3721397983684,336.9849971507263,1.6128917
J82145,1042.3374231907485,328.3647937882621,-0.6484749
J82146,-37.20743649854381,62.23253738502835,1.4912425
J82147,1.6321452687512428,13.000817238089642,0.23478176
J82149,686.1000709118762,244.11754637897363,-0.6551504
J82150,638.1728009414683,100.0168513534223,0.5946348
J82151,59.591252102537744,80.28671712712608,0.60163707
J82152,452.4757166978271,110.48118642994875,0.0856253
J82154,1207.9414815634057,374.9562649208419,2.122289
J82155,4107.605028840088,1313.6681439365934,-0.6551504
J82156,109.91619840489093,54.19085615783849,-0.6484749
J82157,739.3337963002913,181.56127964893898,2.0119703
J82159,-187.75085078307555,15.897162388302384,-0.7018792
J82161,336.239622340531,81.22085027108565,0.0856253
J82163,778.0802271331914,390.1396485443054,0.23478176
J82164,551.8185292532156,-38.37614499112786,2.0121114
J82165,-129.46414595303108,22.856001963096045,-0.7018792
J82166,848.6261690264818,154.27920684008882,1.4787158
J82167,-242.02452418138483,-179.6923713366895,2.0770206
J82168,-51.28594299662292,-17.18264825152081,-0.7018792
J82169,-13.32865360357916,100.42608802657725,1.9326624
J82171,285.5322593911585,97.38487790557458,-0.7018792
J82174,395.0766800196156,88.19641467277056,2.122289
J82175,-32.318419350203904,31.747775117711544,-0.7018792
J82177,-115.65226133541395,17.190341794449044,-0.7018792
J82178,315.8963770475678,54.651873740685154,0.95698386
J82180,-40.815771545539,5.988171764668214,1.9474261
J82181,340.15804828453184,23.099689500368335,0.9565739
J82182,-147.94306667951574,-57.80271228489618,-0.7018792
J82183,-106.72704311672481,98.16308547453673,-0.6644529
J82184,-154.60728045540066,-18.22884002972541,2.0161064
J82186,70.75912342092103,-171.12459598905934,-0.7018792
J82187,646.213762957797,-20.229671304967987,-0.7018792
J82188,-177.54870686854423,11.153247468875938,1.9571813
J82190,-64.13329809072661,-93.03839906675282,1.9661368
J82191,-347.7588670034574,-97.57079961400493,-0.7018792
J82192,248.93466853248603,-27.462595308172524,1.9571813
J82194,430.4353293907362,379.75817320928286,-0.6551504
J82195,-104.92148700429276,-15.933861178457228,0.94446313
J82196,1026.7228003311502,176.50027019221332,0.23478176
J82197,-185.0915693820119,14.261569763990927,2.2935584
J82198,-166.7595030390835,33.07388478180544,0.95698386
J82199,-213.18015470885882,105.81812658963017,-0.6551504
J82201,59.781659525962475,50.932299906051206,2.0161064
J82203,82.9577272952866,-7.069478598054156,-0.7018792
J82206,-119.02267182744365,12.873210695638095,2.2935584
J82207,34.04911686673732,90.47371736294676,-0.6484749
J82208,144.5630224478359,57.67558940988031,-0.6484749
J82210,434.12800131110913,8.387011497818236,0.23478176
J82212,-142.89522527484405,38.70599385237195,-0.7018792
J82213,134.17896093969597,98.31002557425667,-0.6484749
J82214,356.6461150212695,202.2923380259628,1.5993084
J82215,328.64991984277054,328.88827006482154,0.0856253
J82216,471.6763733052975,76.26271208511464,2.122289
J82217,-440.82811464275215,11.573114447783054,-0.6484749
J82218,496.1785629342741,187.2126914107274,1.6128917
J82219,-534.4909812447224,-117.3513375626147,2.0770206
J82220,38.00886291482225,88.47097064330609,1.6281729
J82605,-340.75892721818866,-5.590240919910767,-0.6484749
J82607,-448.0433487600905,-59.80602378058998,-0.7018792
J82609,-85.11228579533987,-2.8755529436465164,0.23645066
J82612,-219.76856426272212,2.7716640510195276,-0.7018792
J82619,-79.13633246579752,8.030168977781114,-0.7018792
J82620,-317.26852449741506,-37.86309852767897,1.9687519
J82622,1740.9652130811126,1339.217752355485,-0.6484749
J82625,-138.04970440214402,27.917102881987294,2.0119703
J82628,-93.24976219456136,21.18294263460372,2.2935584
J82629,-189.34554160970475,30.63432449109333,1.8243934
J82630,-172.2748327655264,54.34235477651669,0.9565739
J82631,-212.35263130265326,-16.421019233411233,-0.7018792
J82633,29.64074858434959,149.38687691819533,2.0012324
J82634,-298.4761512352125,-68.80847102047612,1.9687519
J82639,547.4133673823345,479.6441155389632,1.6161352
J82640,10.856105081017573,57.19877246056254,0.23478176
J82646,601.2034930840649,616.755023988705,0.23478176
J82647,-267.76206351028435,2.171724434788767,1.7161247
J82648,-6.1606231975881105,1.0969933240539596,0.1336812
J82650,-69.63121242557723,-65.08382531954392,0.23645064
J82651,-199.7514159210245,-6.794269524433471,-0.7018792
J82657,-407.68939093711344,-62.395851435373665,0.23645066
J82658,-505.854581421761,-45.22637523448018,2.0770206
J82663,-313.8463205453228,37.62602216253807,-0.6691943
J82665,-201.91867705435848,-23.617896323857604,-0.7018792
J82669,277.77846292851325,105.19159459760473,0.0856253
J82688,-47.67453446345588,16.20203684974256,1.7025425
J83001,769.5368508900597,45.67416230083901,0.73275495
J83002,1378.2796206593844,1004.4801187398319,0.75547343
J83003,489.7308128906257,156.1836803028931,1.2711585
J83004,208.272561053904,129.01983926815993,1.4912425
J83005,604.3761080915027,151.12475569847234,1.2711585
J83006,483.1532309718543,114.5134696444579,0.75547343
J83007,909.3623017760842,95.06667525910979,1.2711585
J83008,957.1709500507187,134.90306614957612,1.2711585
J83009,1024.3741473285593,220.8228638633052,0.73275495
J83010,608.2817490307808,84.14250045388225,1.2711585
J83011,832.5306299539474,149.4894236403743,1.2711585
J83013,111.10498558370745,42.9810845172938,1.7073629
J83014,816.6406816017987,304.45189471970485,1.7434524
J83015,-44.47419105639836,31.715310270510773,1.4995869
J83016,1306.4006790769283,627.0992333978438,1.7073629
J83018,1214.9003896496167,166.5074113116703,1.2824376
J83019,772.1739180958841,210.48209989542016,1.2711585
J83020,157.8630501521093,-66.59798972087232,1.4980006
J83021,1165.8154791504842,530.4183007561599,1.2711585
J83022,161.71225327350248,63.571690020764926,0.73275495
J83024,738.8733680341696,-61.134859502561554,0.73275495
J83025,-28.077797193517192,-19.607641772686783,0.7139439
J83026,1277.0549379138188,789.8551116422251,1.2711585
J83027,939.6711293856562,179.05872917021537,0.73275495
J83028,421.19540018882475,28.43440525510037,1.6439453
J83029,377.2977578716796,80.45227925467272,0.75547343
J83030,1332.3085245724715,98.62135659136602,1.7073629
J83031,783.3357550679508,-214.25485966792067,0.70345014
J83032,213.2710024555405,37.80624063518519,1.2473607
J83033,229.90463913689297,93.21185017153861,0.73275495
J83034,252.19584041950043,10.244084122086708,1.2708795
J83035,1323.2771425210835,-299.71541733795516,0.73275495
J83036,505.7017296560065,-101.87696859805004,0.73275495
J83037,892.9370582743672,420.2913518506069,0.7396281
J83038,837.4657401941996,383.2453711705632,0.73275495
J83039,756.9950700573136,266.85306802945905,1.2708795
J83040,1262.9424908601366,277.21478134132616,1.2824376
J83041,733.7159295607071,77.91491876404557,1.6579223
J83042,813.306626673804,123.48446726993599,1.2711585
J83043,203.35431025468827,22.60185241091122,1.5084511
J83044,-75.15090430934589,-52.465496107145945,1.6439453
J83045,346.96027522016595,110.70619178732713,0.75409096
J83046,794.8797144118452,228.8259779728289,1.2711585
J83047,326.56823117152345,-46.65822892186155,0.73275495
J83048,366.6928004472093,61.22363070371081,1.2711585
J83049,604.636127786269,137.98987250758412,1.2708795
J83050,402.79271526440846,265.44642250257914,1.2708795
J83052,185.88867274243134,234.74882763890562,1.2711585
J83053,72.15208756142756,72.57282581668282,1.2708795
J83054,-91.1328459587473,36.20306340986635,0.8088486
J83055,482.86230065328164,118.95556641273507,0.75547343
J83056,-64.10589990387017,26.18141437191027,1.2711585
J83057,770.2308107018135,321.30457108318586,0.73275495
J83058,-85.81435857122847,68.43719995371276,1.2705973
J83059,196.19141730719772,-16.181445707848436,0.73275495
J83060,7.671227204471884,37.32842086311621,0.55645907
J83062,-158.57141435531585,34.91870204691909,1.2469597
J83063,38.282838923756884,-56.7215009008814,0.7351434
J83064,358.49951718685026,88.04451859059054,0.73275495
J83603,-69.07452114358091,31.396435188185887,1.7632706
J83607,-249.86594474624178,15.353285911945225,1.2469597
J83609,-196.22716559961646,42.45888344034111,0.73275495
J83615,-93.1648671048124,26.5494347208055,0.75409096
J83618,-170.8881498142333,12.008453876998685,1.7622149
J83619,-261.2799169079555,5.987529066620618,1.2711585
J83621,-491.720779875059,-124.61730205846564,1.2469597
J83625,127.06349939026973,15.721169844941205,1.2711585
J83627,-286.68162541443036,-91.76564339790025,1.2469597
J83629,-288.7057209852257,28.206828679770226,0.55645907
J83630,-248.86514316924058,16.61036527320345,1.2705973
J83631,-349.41160433830817,-8.836417072193916,1.2469597
J83633,322.01507642796815,26.5016583058295,0.73275495
J83636,-13.694197924862275,71.8915990617693,1.252165
J83642,-91.79022262290542,-151.8919325983383,1.2498859
J83643,-267.9833833030228,31.29302128846956,1.8166322
J83644,-323.37379222348113,-84.82425285360857,0.77567184
J83645,-21.453306491065383,-14.668525781679751,0.73275495
J83646,73.10456343732366,-78.92781025965809,0.73275495
J83649,-277.06988905957746,12.298176351355742,0.8138844
J84003,268.0662092929662,210.11979092087992,-0.45989105
J84004,698.8637478240668,100.49197410755409,-0.45989105
J84005,645.9146214577742,37.07193340680106,0.0856253
J84007,334.6802266488146,70.22136227629075,-0.6551504
J84008,88.75895892740944,120.43587443247075,0.0856253
J84010,1200.0056122873245,128.5162416290034,-0.4131623
J84011,1310.6757183202353,530.6080305825933,-0.45989105
J84012,995.8830557580093,448.04290806242375,0.0856253
J84013,2070.0887781922584,1055.8014299506817,0.08516805
J84014,1105.5695948356174,115.30952016505358,-0.4131623
J84015,895.5035528710098,193.03972217977662,-0.45989105
J84016,360.7304529304719,102.43532744373584,-0.45989105
J84017,690.8664621166657,84.94750712712573,0.08516805
J84018,24.463265481067783,51.25177640280193,-0.4131623
J84019,972.917773895721,155.83795172689275,1.4793415
J84020,141.5457213553329,8.672931305727364,0.13584688
J84602,-232.59655691745908,-70.23847555044681,0.12818183
K81001,385.06963429729353,91.64930462989781,1.8915368
K81002,626.2311223011282,107.94846611446795,1.8982415
K81003,570.6004095920299,136.83750036824912,2.2574687
K81004,1140.590096241496,53.5579936625172,0.29934967
K81005,-97.75040931615138,-45.64697275407072,-0.46048942
K81006,721.8810170507987,-13.55187867017167,1.8776685
K81007,30.277462768223998,-31.51693738923385,0.29934967
K81010,-18.41370426142269,-24.61925838604542,2.2046387
K81012,482.55684716678473,109.54171163355699,0.2873516
K81014,973.1593120951703,112.29679246635015,0.29934967
K81015,-215.82374818533071,12.050628374558082,2.0828958
K81017,971.1170591849277,-14.09760698902659,1.8982415
K81018,148.7614942810269,12.747836495280803,2.1277287
K81019,-283.99758963576863,152.61348159402647,2.1277287
K81020,596.0877105659353,111.17392074719201,2.1277287
K81021,262.33974219042847,53.008292727340375,-0.46009967
K81022,1380.779226292931,283.7198754177643,2.2574687
K81023,-28.35645950902811,-20.928037691879034,1.8665541
K81024,1235.9812162378212,88.97685153120709,-0.46009967
K81025,984.1634928945418,194.08734291585841,2.2574687
K81026,161.70075150693114,-87.56823423572875,0.29934967
K81027,788.422962964148,79.19438234585954,0.28764755
K81028,34.8099742101902,2.0440848927611874,2.2046387
K81030,1439.2049458072931,330.2125865076855,1.8915368
K81032,179.3862429812892,-56.61000801319695,1.8634906
K81034,216.27945994883552,-1.1812721203895598,-0.46009967
K81036,256.95109480598177,7.288267840346658,2.1277287
K81039,647.0379331564906,-467.70574986285993,1.4731213
K81040,839.4466800368981,334.4874380013331,0.29934967
K81041,317.73590530745923,95.26297947326736,0.29934967
K81042,45.83800072060687,13.242433148725576,2.1277287
K81043,637.2614601541304,153.69948203034772,-0.46009967
K81044,-373.0280348675591,9.17364533295592,0.23645066
K81045,562.8217522320881,122.51815624666287,2.2574687
K81046,-91.03637369992579,14.164332975798104,-0.46009967
K81047,1109.219072251352,84.49972300033868,2.2574687
K81048,270.3052951176804,80.01544744125515,0.29934967
K81050,517.203195354605,142.0241240331786,1.8982415
K81051,563.704735149952,181.4178076947636,2.2574687
K81052,199.68547144067952,93.2475910438811,2.0988424
K81055,164.26398553012257,35.852773812616405,2.2574687
K81056,14.689371867781754,-43.6015619003711,0.29934967
K81057,82.14661936594966,75.81363844064465,2.0992296
K81059,145.2653834966829,-43.82829366007724,1.8745606
K81060,82.54589081423269,68.19730464370576,1.8915368
K81061,297.9510162348039,-45.92430826810479,1.8965726
K81062,912.9922364390209,588.6708040569869,0.29934967
K81063,1166.531208842071,503.1188595503639,1.8982415
K81065,98.8619349104322,52.64941509032416,0.23645066
K81066,389.68245991017517,-23.63699978820738,2.1277287
K81067,446.98712987154335,-366.64542372804664,0.24727754
K81068,-3.7207634720072464,22.20168499757576,-0.46009967
K81069,666.9028059107562,-88.51824018394844,2.2574687
K81070,507.96075507580156,-6.089022265422429,2.2574687
K81072,-379.7014227225792,-41.08825422734776,0.23645066
K81073,1510.089899718959,33.9078616380359,1.8969972
K81074,71.404013306657,-10.474722440577958,-0.46009967
K81075,1342.2975849655224,1047.639366361421,1.0107784
K81076,35.95116350980488,-12.284708404695253,1.8915368
K81077,642.2587131229412,133.15480917330862,0.2873516
K81078,626.0488622347078,5.099374627912065,0.29934967
K81080,-30.733067241145005,72.33343113746989,1.8913574
K81081,-334.5707680178774,-17.114986838272355,0.29934967
K81082,315.6833714736922,-81.1612249686669,2.1277287
K81083,454.0817464827362,176.33461312192753,2.1277287
K81084,-41.26637616245121,5.450360205593211,2.1277287
K81085,113.76027021994636,-4.848360100234686,-0.46009967
K81086,425.6713847300999,-45.388953290200476,-0.46009967
K81087,0.9745708813676013,23.83987172220059,1.8915368
K81089,-208.0053139714833,0.710117465808011,-0.46090817
K81092,287.78283508582194,100.93596170576602,2.2574687
K81094,-212.73481447814888,-10.429584563252126,1.8915368
K81097,-87.94055286210506,-5.482691938298428,2.0828958
K81100,-210.985287568244,52.84697929310123,0.29934967
K81101,-149.56247748332987,-397.9877632543276,0.23645066
K81102,407.9934333790445,33.794235120118,1.8969972
K81103,338.0819377516807,160.18623052344074,1.8982415
K81605,542.7378428111177,432.3503207386513,0.29934967
K81607,-210.9354537779679,-9.014918167618482,2.1277287
K81608,-46.57321325597458,-49.8078943042489,2.1277287
K81610,726.9461837301008,462.81728250136865,1.8915368
K81613,-127.11217981254185,16.316871640542658,0.24848053
K81616,-16.397532197260766,-19.22159266928544,-0.46009967
K81622,-358.30401790765956,11.688260125555411,2.2574687
K81630,483.1539374769746,42.51847176381848,-0.46009967
K81632,-101.54268451709521,3.5695770792840698,2.2574687
K81633,294.0413981438586,94.5804529251719,2.2574687
K81636,165.4403685060411,44.205952645312436,0.29934967
K81638,-178.1771869645395,37.681720680638186,2.2574687
K81640,-338.33477183337675,32.32653073798159,0.24695775
K81644,434.90685368567046,140.80609185277723,0.29934967
K81645,-18.375027498609462,88.84801356209373,-0.46009967
K81647,-411.2002540191285,-18.85509168222732,0.24662979
K81651,233.33396444626626,196.29761907280883,0.29934967
K81655,-155.456941331003,64.34938061561157,1.8915368
K81656,-104.45207302646736,68.00579943208126,1.8915368
K81657,-204.78698472034216,39.27065256670628,1.8915368
K81658,-464.9019801365486,2.8104133358156105,2.2574687
K82001,145.53366798888382,22.927475843784173,2.0614913
K82003,858.6734812372375,-9.405955791978986,0.66389346
K82004,343.6958837905649,-9.688622781907645,2.0614913
K82006,333.8867666011028,24.069464101770237,-0.46210575
K82007,1787.4651622613485,989.5716131280559,1.7980658
K82008,90.76330801962771,-37.258743689234564,1.5288962
K82009,360.5461416415653,-50.01535619781639,0.68609166
K82010,98.25559380028476,50.5835000693472,1.8523471
K82011,-151.2001433959267,142.75464755262624,2.0633159
K82012,-1.3909468677807424,39.70819026128066,2.1573358
K82013,782.2935882223811,90.33435354249272,0.66389346
K82014,-38.96297303871268,25.72412016838323,1.785576
K82015,327.0081202461043,58.44734644278037,0.66389346
K82016,1063.260347008665,206.98656540083292,0.6681726
K82017,361.0066959436434,76.06479701981857,1.8523471
K82018,864.9338089730021,91.87821983250572,1.8009483
K82019,898.4377507019013,-87.31688997839002,1.785576
K82020,145.08926054946926,-122.74154748176669,1.8523471
K82021,560.0535531760783,21.731834154150047,1.8523471
K82022,214.3706647650193,34.417363682312285,1.8523471
K82023,1049.7711661052285,189.88806749712816,1.9774317
K82024,299.0213738359,35.50046263544883,2.0614913
K82025,524.9823134412384,117.78895988600667,0.6681726
K82026,1047.2861677612773,431.17498092341367,0.66389346
K82027,78.19788139622891,-9.464308321812746,0.66389346
K82028,109.32469565614336,110.4890900441703,1.785576
K82029,251.44976751570744,59.083326514233846,2.2170484
K82030,304.05477699036186,0.784138020965238,1.8523471
K82031,-91.498986602229,25.37994664890358,1.5509052
K82032,431.65501189203627,98.16762265748183,0.66389346
K82033,1404.5080139935706,-71.3110179484371,2.1277287
K82034,99.34967903754942,-7.518567467030026,1.8965726
K82035,-231.72315164214012,15.21069649159092,1.8523471
K82036,370.8047812627499,61.005642205694826,1.8523471
K82037,565.1514281539899,86.96168756360946,2.0614913
K82038,1150.350992711796,249.19298069118364,1.785576
K82039,561.4295995392204,62.26244092949306,0.66389346
K82040,629.5636816487075,4.329871637662933,1.785576
K82042,-27.870289242153305,32.50075732554306,1.7959689
K82043,442.3219681227729,50.03769657735026,1.7959689
K82044,292.2784608823267,61.26355664955313,1.8523471
K82045,-68.56249740322006,22.232183122373993,1.0107784
K82046,316.3074752476224,133.5329745801365,2.0633159
K82047,793.8194374287114,365.53734048765983,1.8523471
K82048,163.213187655288,36.102389418716555,1.8523471
K82049,786.638333198316,78.13392162725495,1.8523471
K82050,492.3479637346092,66.89776650958613,0.69028544
K82051,323.257402674962,43.70644695182553,1.5288962
K82053,489.90576126042413,-59.58220165793157,1.8523471
K82054,942.1918542428411,-37.11454676033817,0.66389346
K82055,279.2749696372983,118.72912136023072,0.3489217
K82056,-401.27014241588654,-205.3521553080265,1.8965726
K82057,86.09102138014809,60.75106203546537,0.6681726
K82058,13.099985901461583,9.747982506925378,2.0614913
K82059,170.32786776244814,110.10783639967093,0.66389346
K82060,-259.4813695115019,0.09737750737463576,0.67358905
K82061,-18.782326025105416,47.44195879256042,1.7858005
K82062,-281.27638827412636,-13.360811429515016,0.69028544
K82064,-116.3195346224444,10.096985239688195,0.66389346
K82065,718.112141724979,68.23371593625498,0.66389346
K82066,429.652907978282,53.566240556136194,2.0633159
K82067,538.8267115808924,-41.03223942407758,0.66754544
K82068,41.72889716711024,36.947031768835,1.785576
K82069,143.55674706449977,-106.1576566369136,1.7883039
K82070,452.026393000713,557.6816824925007,1.7858005
K82071,242.65483399985987,95.16629356091877,1.7883039
K82073,2077.1928356485514,238.7456195931106,1.8523471
K82074,-65.82379209546517,-30.224965464234025,0.672394
K82076,296.3804655297133,-25.88132490488813,0.66930044
K82078,46.54662347292713,29.377268726619164,1.5288962
K82079,367.93048258263246,121.76645887938935,1.4394376
K82603,308.66346527258105,135.65996969616907,1.8523471
K82608,-35.091939167287144,66.39559355553155,1.7883039
K82610,188.77582388402442,47.54008802946226,0.66389346
K82615,195.04030762546967,35.851708228949875,0.66522956
K82616,-714.084301888529,-429.347622565986,0.7056156
K82617,30.084347801367365,97.41773976955669,0.68609166
K82618,-248.4084343338181,-5.683572474499367,2.1573358
K82621,-121.25186457198046,-6.559664738543871,2.0614913
K82631,209.97683698160412,50.65048973248515,0.66522956
K82633,194.32853485633402,47.79290245005805,0.66389346
K82634,-453.7847007115674,3.48619496022766,2.0048416
K82638,-364.413088059672,-14.83471423474056,1.7905833
K83002,5488.937316006734,308.6087155720914,-0.2869542
K83003,502.4020253053248,97.47214566129044,-0.124445446
K83004,-69.35620574630632,30.16105417740094,2.1852896
K83005,1071.830963640063,51.532024381732704,0.20833433
K83006,843.2547991883523,-23.069462905895158,0.5141715
K83007,940.0590769399021,31.07219938984857,0.20833433
K83008,643.9173262481353,83.7534902255387,-0.124445446
K83009,409.36764646538853,81.34311112626186,-0.124445446
K83010,1437.6201894642106,175.03580445830045,0.06246954
K83011,807.867397621694,-17.116434512824025,0.20833433
K83012,618.8969257737743,32.72931564415053,0.06246954
K83013,1196.2699168444165,213.50434591770363,0.5141715
K83014,1167.2625768941975,390.1734989272119,-0.124445446
K83015,995.9216564572976,-141.4411662461052,1.9558182
K83017,515.9634862154559,139.11165043499602,0.81221557
K83018,524.9422373618088,129.70084762345925,2.0936775
K83019,130.79404065788415,66.29440569521502,1.2715758
K83020,-189.9032332066497,-28.692431758218017,-0.124445446
K83021,1927.1913476384566,183.2913933802738,0.8080433
K83022,423.64320227783327,114.69470179539161,1.9558182
K83023,528.0831584383492,-2.3260519409710874,1.0592103
K83024,810.3108397391314,-8.74875101563001,0.20833433
K83025,1064.9438160596303,-3.8113472876977124,0.06246954
K83026,1571.7185252901838,70.21498808022145,0.20833433
K83027,608.1930401851665,107.69322643668156,-0.124445446
K83028,944.5037195426993,129.17369131205916,0.20833433
K83029,617.3953551388186,19.79274541097148,0.06246954
K83030,804.8382360952216,-73.15338265676509,1.0616857
K83031,270.5136617946899,17.862454780018236,2.029249
K83032,2058.503360449122,-15.77699418073412,1.2715758
K83033,-10.618345152982247,67.29492939695034,-0.12444544
K83035,-127.69403717505467,-56.28559929713247,-0.124445446
K83036,1462.6613944643889,110.2465035034008,0.5141715
K83037,1083.610479200362,69.45474018010881,0.20833433
K83039,971.5636968932417,-48.959072027543094,0.5141715
K83040,914.1112551546005,45.689056019568405,-0.124445446
K83041,1657.4615489370644,236.07908079462524,-0.124445446
K83042,740.4712675962244,140.3076244597211,-0.124445446
K83043,1035.3907705149625,178.42724740688394,-0.124445446
K83044,857.1927398573463,118.72065598770816,0.20833433
K83047,1798.5911004526579,264.79539619699807,0.20833433
K83048,292.5087069274403,-51.21026311197312,-0.12444544
K83049,629.6311342558828,178.76863627796726,2.0936775
K83050,-109.15388162526197,44.41336756645425,-0.124445446
K83051,1789.719658178319,136.93629381705782,0.5141715
K83052,1362.7267040554837,146.14810155098408,0.06246954
K83053,31.470561724111334,64.40890571170885,1.2715758
K83055,102.85741155993671,28.14946856035175,0.06246954
K83056,-125.92891079222163,-11.358587777233083,-0.124445446
K83058,-21.527752110015584,-15.689647086318935,-0.12444544
K83059,1280.89188940302,375.9618850751837,-0.2869542
K83064,1031.549614220883,67.57030921014093,1.2715758
K83065,147.9762095285886,51.2694565623334,1.0592103
K83066,928.8913697697633,93.7748391642552,1.9558182
K83068,77.82313266738029,61.98465988736366,0.1948088
K83069,-52.739555975653516,52.24891399376287,1.0616857
K83070,475.78025385569623,24.7457462421758,1.2712992
K83074,-291.7706808321104,-67.50943604803015,-0.12444544
K83076,125.0922534256655,128.4632742710891,-0.124445446
K83077,611.4343392259375,194.6359869708536,-0.124445446
K83079,41.61013430869951,21.989655082412686,0.115709685
K83080,42.53692874973653,-90.87865304509694,0.20833433
K83081,-331.76123705999885,23.47155688496654,0.20833433
K83601,186.2799994738102,141.62077429212403,0.1948088
K83607,-253.60795009199683,6.729943121280725,-0.4158089
K83610,224.35742016523113,108.0747325900088,0.06246954
K83614,273.60642415043037,101.907346897322,-0.2869542
K83616,60.685559488893496,17.972685605826854,1.0592103
K83618,341.090475426235,183.05462609819787,-0.124445446
K83619,-226.80720314417925,-7.034910316566623,-0.12444544
K83620,354.1049610431551,-18.11179418484459,1.9558182
K83621,226.6388024803083,230.60190423873664,0.06246954
K83622,772.3726396311763,208.23342114231076,-0.2869542
K83624,-440.92651869265376,-9.499049798841394,2.1939263
K83625,4.732994138539565,114.71693374657039,0.5141715
K84001,110.94033760538005,44.4374673297198,2.2574687
K84002,696.2773070311679,120.24392393437607,0.77737755
K84003,47.85609170196167,49.46317236625652,0.77970535
K84004,600.8179938558415,-59.12762548010687,0.77970535
K84005,-81.40810257056862,-7.656111922851746,0.5612571
K84006,765.7787532919964,109.91887374601454,0.7786341
K84007,109.81361333847188,13.504101552358383,0.77970535
K84008,85.12623795171595,8.666430342553216,2.1012197
K84009,555.9705644811578,149.88453165968295,0.77970535
K84010,470.580956201983,59.38669565366772,2.098716
K84011,113.48918882032672,17.733879606300903,0.77970535
K84012,102.50247461450157,81.64354194103558,0.75547343
K84013,186.61661166506946,172.58540472496185,0.77970535
K84014,418.64499415434585,101.24577312618501,0.78119147
K84015,-105.72499847276782,38.69487729219085,2.1012197
K84016,33.92580970902331,93.8663611245963,0.77970535
K84017,1044.794799690271,278.7181672898488,2.0941267
K84019,465.15280664758916,168.31274446874826,2.1006265
K84020,209.587769690047,14.695318297250374,0.29934967
K84021,-228.44420526363575,-2.606035967823986,0.77970535
K84022,-5.017342654505793,43.303748502668256,1.4995869
K84023,202.02532729657065,16.703046513486832,2.101792
K84024,246.20984391052917,62.88162894451311,1.4286594
K84025,233.02122138955124,119.34285985494098,0.71582514
K84026,-34.177582131262746,64.89589912864531,0.77970535
K84027,1134.0941764348024,-8.362359653491696,0.77737755
K84028,1415.4423510412341,716.3774785078882,1.4286594
K84029,-373.95862948823634,-96.06955216410525,0.5612571
K84030,1007.5879163811617,451.6309392743063,2.0941267
K84031,635.1685618952744,139.26478085091313,0.78119147
K84032,125.91286597730236,-16.27252082761767,0.77970535
K84033,611.5492028789686,143.62744796272204,2.1006265
K84034,-217.14071500587744,23.796578539428335,0.77737755
K84035,85.28793430466183,29.003447000722115,2.2574687
K84036,-148.22176327832864,29.2567208140204,2.101792
K84037,1106.7095802648178,84.02792678953469,2.101792
K84038,1130.7572382494661,146.5582524840675,1.4331396
K84039,40.73662255884783,-133.7747000013466,2.1492
K84040,661.3919956986792,-91.001906889094,1.4239855
K84041,572.1543801648631,13.122087693937104,0.77737755
K84042,23.32978407729419,19.61225315803777,1.4282471
K84043,534.087388734324,112.96513487213551,0.77737755
K84044,518.8632004235544,240.0006743754583,0.77970535
K84045,67.16494136755881,-6.3995025938609595,1.4293183
K84046,-2.8508278402011387,21.13126660908907,2.0941267
K84047,174.37381482749927,98.00135545783935,2.0941267
K84048,26.954750480138877,-2.1308910001638846,0.71976835
K84049,-244.4900095484216,-16.49631626658075,0.72750217
K84050,316.5249511456486,86.84565578572283,2.1012197
K84051,1076.1060829338714,343.8662403302708,2.1006265
K84052,828.2943401030307,170.93161359940993,1.4331396
K84054,428.0091949955474,205.56156098792636,0.77737755
K84055,512.6801379354612,86.30414942053848,1.4286594
K84056,-92.999961941763,77.83482665846145,1.4286594
K84058,268.6260183532771,46.991334562149845,1.4286594
K84059,280.1953595021394,70.09949845635404,1.4286594
K84060,-100.13977115108334,51.5954419028359,0.77970535
K84062,138.319651979878,27.725861218106807,1.4286594
K84063,-68.66064639136309,32.10940247763803,0.77970535
K84065,-269.48713336752206,16.862476496369933,2.0941267
K84066,-375.97343006019724,-17.91486355507422,0.77970535
K84071,516.6600090337777,104.83573623845403,2.1012197
K84072,466.36163972319116,14.70996411756592,2.0941267
K84073,175.10361299568183,119.85442197293683,1.4995869
K84074,-142.62067599972397,-0.6204622055363389,2.0770206
K84075,432.48150867855526,139.5508649598181,2.0941267
K84076,-170.78684064134816,49.73733799009685,0.5612571
K84077,-89.77949674496749,-19.746291459205104,2.0770206
K84078,-314.63656161681763,34.31025209159451,0.77970535
K84079,69.14672319017106,59.96652596621968,0.77737755
K84080,-263.2028462096982,62.906929571084184,0.77970535
K84082,417.8523591330413,171.34290710653892,1.4293183
K84605,-365.0494111519308,26.869789388695743,0.77970535
K84608,-423.45097879941744,-95.50470854077999,0.5612571
K84610,-65.01079199479172,3.4960301142485757,2.0941267
K84613,895.5635196757875,481.05903565179085,1.4331396
K84615,-285.8094227240259,57.66708767387622,0.5612571
K84617,-282.4600542400064,3.028598426804691,0.6103791
K84618,21.241373347232184,40.1012543563596,2.0941267
K84620,-476.1064986189224,-68.76745013075298,0.5612571
K84621,-234.69289858773632,-26.500369829393453,1.4995869
K84622,-201.95626904703542,-46.13311549200625,2.1492
K84623,-574.5098715221336,-113.87968257775168,0.5612571
K84624,322.2878542693442,70.01674988521751,0.77737755
L81002,1.8286892713482408,49.725569981950514,0.27254027
L81004,798.3646234629571,37.33021289547631,1.1773583
L81006,-251.96500566039242,-37.79839564372402,-0.48534155
L81007,995.8970516865991,980.7330202212161,-0.33926454
L81008,521.306847091614,27.835746982803006,-0.33926454
L81009,516.5192055358985,104.31957569126445,-0.3434864
L81010,95.35671147945938,64.1003184841279,1.7073629
L81012,490.49594206990236,5.880218786406984,-0.33926454
L81013,498.71813856200947,-36.632091292095765,-0.3434864
L81014,597.632064448284,-14.475287775850688,1.7042339
L81015,752.8598152499941,50.30284532916206,-0.33926454
L81016,611.5129386459342,145.55780414984196,0.3943688
L81017,91.65129002930713,21.599921439357587,-0.33926454
L81018,355.286755533277,-16.021078535776113,1.7042339
L81019,580.0797088206723,194.5047571911296,-0.3434864
L81020,-78.11962738789566,10.079127085813903,1.7073629
L81021,460.32194139829977,156.79643652559926,1.1762408
L81022,916.4110815946025,74.27070912678623,-0.33926454
L81023,267.3276462175919,96.75988860325712,-0.33926454
L81024,786.5460776212173,22.176871390709017,1.7042339
L81025,932.4868195044418,225.41419590919833,1.7073629
L81026,953.1187317086218,438.15674616213283,1.7042339
L81027,-59.10557809680043,36.582977649839734,1.7073629
L81028,-49.99262216101603,-29.248568991555594,-0.46930167
L81029,378.0307313336098,88.66354281366074,1.7042339
L81030,219.5359099842387,8.792342317703975,0.6557775
L81031,840.9059808897289,89.33997374516346,-0.33926454
L81032,271.47387413914896,-53.30286469567313,-0.47698393
L81033,527.674576428016,7.234433639232749,-0.33926454
L81034,1195.2991722159186,551.9618970280223,1.1773583
L81035,160.6448961193614,-122.51526955838781,-0.4776629
L81036,291.2748449561097,-90.4835387594943,-0.38149658
L81037,1230.0658035539295,407.7978160141305,-0.33926454
L81038,565.10265370147,-76.9412082839206,-0.3434864
L81039,958.054054390948,518.1326943407847,1.7073629
L81040,645.2050096612945,170.95623421573652,1.1773583
L81041,394.13489345352536,28.453269806325963,-0.3366086
L81042,390.4299741509556,2.3187694341065876,1.7042339
L81043,488.98543467735357,147.58750407984172,0.22654998
L81044,723.3675499777731,174.83029532863975,0.3943688
L81045,415.56372024411166,215.7740737070023,1.7073629
L81046,413.7298432355692,-89.44795303632044,1.7042339
L81047,577.3093106451461,106.56598141213804,1.7042339
L81049,81.61147520944748,-72.5654942258186,1.662344
L81050,198.93850843758815,61.59319474577346,1.7073629
L81051,1306.8300374230948,503.71731623525795,0.3943688
L81052,444.7879643087131,61.310948023602265,1.6823144
L81053,224.80692536851694,-20.649499295597373,-0.33926454
L81054,689.8003198307225,81.93043900455046,-0.3366086
L81055,526.77699390433,-16.696950019965012,-0.3434864
L81056,-2.591561251434912,18.25404093174866,1.1386908
L81057,72.42836629383274,-88.55715509406669,-0.47698393
L81058,637.4754870592818,59.5834833537253,0.3943688
L81059,443.4350475240711,-13.156533838587912,1.7073629
L81060,457.7844507027357,14.583954131240302,1.1386908
L81061,174.6869554182096,6.5667717518668445,-0.33926454
L81062,684.9769261051475,329.8820043157913,-0.3434864
L81063,653.036229334586,122.97469371083854,-0.3434864
L81064,355.55100988039806,-21.16551842396841,1.7037188
L81065,193.80870599123625,106.61319303015713,1.7073629
L81066,725.3854433348363,59.84116019217244,0.3943688
L81067,681.9046322512465,-150.30242005210323,-0.3611574
L81068,172.21677525073946,17.184218646758808,1.7073629
L81069,474.9299636265104,128.10810654386887,1.7073629
L81070,23.75056250906375,18.373843674935618,1.7073629
L81071,106.17212259614827,101.64738731675598,1.7073629
L81072,418.39867350608574,56.12316230345314,-0.3366086
L81073,150.77041221407148,36.160658582401595,1.7073629
L81074,317.81688182645377,-143.5199931211724,1.1386908
L81075,401.42251865869764,166.10439355164908,-0.3434864
L81077,96.74655898897107,70.0047511401788,-0.3745441
L81078,302.65483714284346,125.36127856692195,-0.33926454
L81079,1113.8494800686424,22.540943667520896,-0.3434864
L81080,318.7192829978503,114.87898130033987,1.6486527
L81081,73.80402866835351,134.09227568826725,-0.33926454
L81082,284.7404046534589,0.8481727762390165,-0.33926454
L81083,391.13542864234824,-2.2932540645494393,-0.3366086
L81084,309.0338718867432,86.0169252593945,-0.33926454
L81085,125.2187920648676,-16.67342406344017,1.1762408
L81086,2165.84609386565,1550.294355063427,1.1762408
L81087,442.64510109219617,33.00340752600218,-0.3434864
L81088,309.9351975699657,-3.1198044214936713,-0.47871283
L81089,485.7803482604096,-104.40296458729456,-0.33926454
L81090,111.11414879669775,42.86885439240292,-0.33926454
L81091,197.5804555664233,25.34237437934249,-0.33926454
L81092,-278.45679363736497,-99.18840459849855,-0.48534152
L81093,-271.9461069071123,-162.56338975603956,-0.48534152
L81094,490.19220020917356,-62.273117194908956,-0.3922683
L81095,357.0604855699747,200.95737610044284,-0.33926454
L81098,525.6866204835814,99.57329724834179,-0.33926454
L81099,402.0352033279851,51.17730314106302,-0.48534152
L81101,117.23014385708508,6.552900867026048,1.70402
L81102,26.47231841906144,22.141980513991204,1.1435275
L81103,108.09592029430047,48.395282081312196,1.7042339
L81106,-121.4667499032232,51.029508018951724,1.7042339
L81107,-452.34535802869595,-155.05757169498202,-0.4853415
L81108,-405.7750606919732,-6.717307372883887,1.6439453
L81112,-106.90366530487115,17.052324434378836,-0.46930167
L81116,59.42234926660468,16.014751704324787,1.1386908
L81117,-88.60166473284549,-9.48999578160353,-0.33926454
L81118,444.5580328267034,95.33591534421787,-0.3434864
L81119,99.33038305461152,14.062348412738531,0.22654998
L81120,90.92214934416708,41.026657285516784,-0.33926454
L81122,165.97447579330972,-3.254870650951781,1.7073629
L81123,-17.383002562304622,12.936123851378053,1.7073629
L81124,387.45539157012047,67.27065549880263,1.1426606
L81125,31.584373740398505,37.30121129634994,-0.33926454
L81127,-189.45232349518872,50.71978080184604,-0.3434864
L81128,-161.4803290145012,54.37397934015129,1.1386908
L81130,319.9066500331492,237.2499409134717,1.7073629
L81131,81.2243624143493,22.75045147457018,-0.33926454
L81132,-135.2225233265956,32.81169398247166,1.7073629
L81133,-248.08719073199885,36.3172011157544,-0.33926454
L81134,0.5729489197771855,93.44169853641985,1.6439453
L81600,92.16416325836228,15.04404009080658,1.1773583
L81617,-312.1318152712019,25.745397089508693,1.7073629
L81622,-313.3058141034281,15.382505838137089,-0.45944518
L81632,169.5563248550265,58.86560933605636,1.7042339
L81633,-448.40713893396463,-31.71899988198241,-0.48534152
L81635,-62.14103113494951,-10.172641850080824,0.27254027
L81637,-329.73995254965433,-16.941614984909005,1.6838493
L81642,-230.27405360471562,94.95514372238227,1.7042339
L81643,777.6308599468053,426.29723669935476,0.3943688
L81644,-69.3643871031381,80.88349755853328,1.7073629
L81648,-185.2809684397163,11.338417846640438,-0.46930167
L81649,355.4143619301867,77.74356196930906,-0.3434864
L81655,-235.159632282846,-5.017326033583158,1.6821228
L81656,-377.15414923052805,-18.70059145266607,-0.4853415
L81663,-415.9373692960018,-62.43904946172435,-0.48534152
L81668,-483.1076710940102,2.600037995386486,-0.18491991
L81669,138.70845960831966,408.1798082844195,-0.33926454
L81670,470.3736337180366,78.83814457439775,0.3943688
L81671,-432.0882349671204,-1.1495719979464074,1.6439453
L81672,-527.6615294727671,-92.26494858576339,-0.48534152
L81673,-486.4501851394683,-0.2924158330213647,-0.46634698
L82001,872.2619709029187,241.3646857472733,-0.43580678
L82002,290.6526685177306,-231.76114030358107,-0.55752075
L82003,635.3585778159569,86.1608737781099,-0.45199558
L82004,543.8897905997575,133.79081508382646,-0.45199558
L82006,1178.6139611418494,200.55274372236298,-0.45199558
L82007,2.2178201840462566,197.4439454246504,-0.44987774
L82008,514.0272239077874,81.80286125519338,-0.5961137
L82009,1037.2373946388768,-64.69700443066569,-0.44667408
L82010,1092.8317748649436,1273.4934085486443,-0.39835632
L82011,201.72794384885384,139.90459819782913,-0.4373773
L82012,1734.1975153269432,216.82554251176208,-0.38562572
L82013,321.25977500457446,67.7309408600764,-0.4365971
L82014,12.519091162127648,-7.243304848070692,-0.53929365
L82015,172.50657385595872,108.4671898475786,-0.44987774
L82016,1348.5411429842188,447.745176680451,-0.44987774
L82017,-314.5876646496086,8.677041666368371,1.3872608
L82018,1009.3615357443678,179.22058498678595,-0.44987774
L82019,441.36541273400366,192.0056570150901,-0.55752075
L82021,182.974902125713,7.561586180431715,1.3845143
L82022,1082.7994915817121,153.755394416244,-0.42806888
L82023,1961.4286262757869,386.9289159385692,-0.44987774
L82024,89.10424909260844,21.59085592614271,-0.48734653
L82025,62.7284089816398,9.093187568321845,-0.44987774
L82026,521.7209339187773,39.173008336969765,-0.38016608
L82028,1161.7337696216355,210.24191099241114,-0.43580678
L82029,776.1772652817525,205.8424543998268,-0.44987774
L82030,1761.564424518715,275.769001518289,-0.5961137
L82035,660.422432388663,175.77774008162308,-0.44987774
L82036,924.814822077889,64.08479004861785,-0.44859973
L82037,83.12188334697929,-5.233449094529437,-0.52858096
L82038,436.18392663634984,380.5616213642328,1.3872608
L82039,28.851678128803382,126.02956741215783,-0.38016608
L82041,2442.563496244421,1398.5809494035598,-0.4235478
L82042,1221.373056531008,502.7652287034308,-0.4235478
L82043,19.222930884865935,15.747857653004214,-0.38562572
L82044,569.4855192099067,141.40181970170028,-0.44987774
L82045,567.65854567901,122.15759814880882,-0.43580678
L82046,829.9901413214434,221.53127023034816,-0.3926617
L82047,469.0458854492528,115.71337909892046,1.3871875
L82048,-94.74317937725712,20.9906518754938,-0.43580678
L82049,598.7443183314755,61.24802867983816,-0.45199558
L82050,967.0409983222048,116.68017889482198,-0.44987774
L82051,1241.6694030414606,328.5057064150269,-0.4373773
L82052,592.2757722970847,227.7597650594498,-0.45199558
L82053,108.46797263280672,3.1760834404252245,1.3552285
L82054,303.3389951219131,48.394375063188185,-0.4235478
L82055,-506.7610287932884,-825.4233808446147,-0.55752075
L82056,437.9736659500299,129.6436806131167,-0.45093048
L82057,-138.1483779606499,54.09372453454169,-0.45199558
L82058,133.83890159270592,62.57677338629312,-0.44987774
L82059,4.823326316159533,9.678370539471537,-0.44987774
L82061,37.03769632223388,86.17720927300536,-0.43580678
L82066,214.20758837822353,6.402571221845937,-0.3926617
L82068,353.27325685462455,216.96664656001673,-0.44987774
L82070,168.16836937806565,45.61952393015286,1.3872608
L82617,196.73296815354718,20.475252876819244,-0.53149456
L82618,-79.00321433155953,23.17822119811208,-0.48484376
L82620,301.49734896356136,91.05028729398107,-0.4235478
L82621,-365.47253665518554,-82.45682286149356,-0.4131623
L82622,96.04267303040734,32.82374081065984,-0.45199558
L83002,1215.2285964940174,248.77543569072998,1.3153399
L83003,668.8822493856827,219.78586808207226,0.022624932
L83004,413.81032627897775,163.1563111805576,0.6494762
L83005,800.6882342177837,239.99109109378284,-0.7758333
L83006,2727.1400271394446,1720.7075939956073,-0.3926617
L83007,544.7911144985958,45.87576166625356,1.1988403
L83008,1590.1657031017776,735.8726435250371,-0.38562572
L83010,98.96776748448474,-3.187920291298308,0.68871814
L83011,315.3133131930032,33.557926731321636,1.3245628
L83012,-159.618371433118,28.8825381172775,-0.5961137
L83013,1424.97056136359,-115.55110820038695,-0.74839467
L83014,2678.287680911788,-43.27777370734743,-0.74839467
L83015,410.4396356009133,32.01054409479767,-0.38562572
L83016,1460.9001005516272,33.37284043881132,0.8562504
L83017,1078.0484543348032,152.55870781561504,0.056002606
L83018,380.0769806390019,57.37431515472905,-0.38910255
L83019,408.5508677604061,293.5343547055023,-0.38562572
L83020,890.9397737911803,166.50304498714067,1.3245628
L83021,393.12680679982753,49.70479471521102,-0.38562572
L83022,505.05668700270826,213.19678464452508,-0.7961778
L83023,87.3922757812594,68.18727202140478,0.4327366
L83024,195.64742636797908,66.26736623225182,0.8562504
L83025,509.47901317769094,163.35289827084446,0.005790976
L83026,178.72783093520655,30.50372202892299,-0.5961137
L83027,427.2865768526205,5.005653960850054,-0.74839467
L83028,921.8836212995996,322.32147391426014,-0.38562572
L83029,597.4502405896937,48.61962219552193,-0.74839467
L83030,503.0475318238758,170.21398422544942,-0.38562572
L83031,589.0582598384221,102.21976150429428,-0.74839467
L83034,586.4442906102239,18.233738785075044,-0.74839467
L83035,1809.3175019721186,39.425857028929464,-0.061841015
L83036,547.7323856710544,172.95920190134345,0.8562504
L83037,555.9175864118764,-0.5060550086690296,-0.4131623
L83038,597.3596637578377,284.152630224581,-0.38562572
L83039,138.61996788601763,64.56919768506715,-0.38562572
L83040,583.2034313784865,347.80896434189145,0.8562504
L83041,267.4924625811374,46.20194339798428,0.8562504
L83042,349.19953615767764,35.402090703176384,0.8562504
L83043,682.6778415141133,21.872074323989683,-0.7867959
L83044,336.73012317103826,82.04475520947247,1.323782
L83045,677.5082510114362,85.01138214264213,0.68924934
L83046,103.65131679673613,88.77898345348927,-0.74839467
L83048,481.47270045647997,128.55455829218707,-0.38562572
L83049,-236.21757010801502,13.693480170881642,0.707376
L83050,1178.6546291525415,195.6910629530898,-0.5963513
L83051,430.65813071855524,38.50543218736607,-0.74839467
L83052,772.2850834101757,87.94599243908209,0.39082238
L83053,677.1581920190771,56.962665274722944,0.65642333
L83054,317.428735800778,6.204747993346518,1.1988403
L83055,1016.6084049530738,204.41073593759634,-0.78404546
L83056,737.3794972376462,379.24512722479466,0.68433726
L83057,381.12267978550733,116.0069765797688,-0.5961137
L83058,443.8293252643944,-12.514571188801058,0.8562504
L83059,501.2452451545701,39.498757836025504,1.0276943
L83061,258.3392642905385,66.1526889879297,-0.43615746
L83064,558.0543457304435,124.34899315763231,-0.38562572
L83066,803.8416202480215,188.17031221471697,0.8562504
L83067,1065.4714992211323,13.056233365876924,1.134681
L83068,-236.95880826053616,-41.506285813792424,0.030695869
L83069,1179.470285117727,381.5244028751653,-0.5957086
L83070,-75.28891030385115,14.753297898749176,1.0285445
L83071,346.3780814900643,159.2037125779708,-0.38562572
L83072,741.5913800233285,115.54834035718366,-0.38562572
L83073,1405.971170718528,445.2553438993774,0.022624932
L83074,2152.514443486867,1057.9284798684978,-0.428778
L83075,-48.78543875768934,55.18057504333836,1.0285445
L83076,386.4880948190439,269.37383259862,-0.38562572
L83077,228.47250760015567,-12.56785159792002,0.8562504
L83078,759.3653129163185,58.970449245789496,-0.80176353
L83079,217.97860710578547,70.07929380677746,0.8562504
L83080,-140.53383875848357,4.128021220604205,-0.43220958
L83081,246.3546460812432,128.87370984904922,-0.38562572
L83082,-265.34685594524325,0.9451643618318832,0.61281365
L83083,1052.921828989343,176.70450068811633,-0.5963513
L83084,247.03342181216416,13.646183600899779,0.8562504
L83085,857.04896922347,414.1939949171145,0.39082238
L83086,33.82875413291037,46.44562919997608,1.0372857
L83087,1358.1429018630795,336.7961436395697,0.19118218
L83088,-56.11793947737557,11.220291394270081,1.0276943
L83089,773.9753446444663,176.3817149050194,-0.38562572
L83092,1343.898744618609,226.76593599633043,0.7303627
L83093,81.96831810982022,-519.7795375318019,-0.41316232
L83094,454.24829217975525,-15.158836158639227,-0.78404546
L83095,1075.4701158389835,-2.0452344409080583,1.134681
L83096,1398.732913265584,769.4865706839795,0.022624932
L83097,335.23292931225933,74.35791794410358,-0.6420232
L83098,-61.90956360124881,54.24423308181295,0.707376
L83099,96.0885170310016,24.071230817967773,0.8562504
L83100,2439.2734326770883,1082.7180560641752,-0.38562572
L83101,1334.0585848114217,183.58837805496591,-0.38562572
L83102,265.3394393655228,49.6950162502517,-0.38562572
L83103,1693.2736385868493,-31.095757826093834,-0.74839467
L83105,324.4299364724796,115.80994373773052,-0.5961137
L83106,628.5537199018272,163.81775249105044,-0.5963513
L83107,-186.07430169243273,-106.49318645030358,-0.43302813
L83109,-376.3382772308417,1.348576260165542,-0.4131623
L83111,1420.3428295837343,205.94494356879468,-0.74839467
L83112,78.37037248257231,39.0784924058671,-0.38562572
L83113,481.8694118684612,194.86672409886972,-0.38562572
L83114,-54.73942885213141,51.26913306951218,-0.810148
L83115,11.505259812964324,128.8068783710385,0.8562504
L83116,-57.46272699224384,81.3909204050486,0.85631937
L83117,-417.94091356123107,14.062502927519482,-0.43615746
L83118,1391.5398075874098,7.874841510004317,-0.74839467
L83120,626.2803522316118,771.5656465682719,-0.7758333
L83121,-309.54776385130907,21.505442725557835,-0.59361035
L83123,-211.95593484015873,53.10227588210967,-0.4131623
L83125,-244.4969162314374,33.10228719506471,-0.43615746
L83127,1193.974869128059,160.72474487289554,0.28345108
L83128,262.51706559132424,67.35981754768432,0.7303627
L83129,-131.49661061408997,52.98684990572018,-0.5961137
L83131,2778.52360684305,96.331827371694,-0.74839467
L83132,-383.84547794063855,-308.1926702569498,-0.4131623
L83133,-329.4172885648705,-261.9711061670512,-0.41316232
L83134,-104.21924687688593,15.823762388467518,0.7303627
L83136,124.1518254104976,39.261233882424555,0.68433726
L83137,778.7603792835672,200.22894719704794,-0.108978465
L83138,-98.98595723617116,-77.31148599471655,-0.41436526
L83139,-43.50481351609747,-148.37020263469765,0.05600261
L83143,-82.53198700190522,10.393828427305278,0.8562504
L83144,-285.39681466438026,-27.541287479936525,-0.4210569
L83145,-312.4062101631578,-295.53644504063396,-0.8067109
L83146,-246.0111874679888,64.7110331286594,-0.7867959
L83147,470.6234691669893,102.92864629314182,-0.38562572
L83148,-92.3554434450736,22.034929601621638,1.0276943
L83149,-391.5351677243069,-175.11480988368368,-0.810148
L83607,193.36634536838136,148.3732264794246,-0.74839467
L83608,-138.6795939044245,4.400877155816367,0.20036104
L83613,-245.39859351649977,24.31209742938449,0.3808091
L83616,-326.46073432537327,36.54783917038514,0.3264275
L83624,444.68058889109034,80.19811511071714,-0.3926617
L83626,-118.81379517377675,-21.493510046870444,-0.4131623
L83627,-118.8279255827514,-16.219192426221664,0.63368356
L83628,93.47032626069392,92.74452787388223,0.68433726
L83633,-353.0608279867657,-26.06988287329118,0.20036104
L83639,-272.7614418094446,38.6402513991382,-0.38562572
L83642,-194.16320322175133,106.4259030179058,-0.4473086
L83643,-126.58180783084721,-2.16960507275847,-0.4210569
L83644,-70.22993198665237,23.09588037912249,1.0125595
L83646,556.9735186674504,150.91523007421074,-0.3926617
L83647,-90.02667642484042,158.54751583471324,0.20400646
L83648,343.9382897645802,177.95906169178298,-0.38562572
L83651,62.01189241851991,174.6553069218849,-0.38562572
L83655,194.129295007578,147.8610323235296,0.8562504
L83657,-124.9740939719835,78.5525552252743,-0.77614623
L83658,-303.1675300338432,5.336845566703412,-0.4131623
L83663,-148.023251802695,61.22068463069689,-0.5961137
L83664,-306.2264516745998,-7.730670018743872,-0.4131623
L83666,-40.36800823297467,95.34510889419948,-0.74839467
L83673,-367.9090761085782,99.17734271973089,0.8562504
L83679,-433.4632129568379,-51.413387837565296,0.8061931
L84001,348.9248132478265,-71.39046045211936,0.20945928
L84002,185.93384559705063,-18.534343853485886,0.2022807
L84003,58.23695886185284,69.89881257714954,1.3477185
L84004,317.9772388200026,39.79032018315705,1.3477185
L84005,13.693372570081689,-13.816841754812799,1.7632706
L84006,-0.06802786768792059,47.35441154364241,1.6268394
L84007,334.4900699662659,61.46815497588023,1.7632706
L84008,428.13132532396486,80.60278483548777,1.3477185
L84009,936.4074974648972,66.06333363194193,0.24458645
L84010,524.4866016416069,211.93709303142737,1.6579223
L84011,340.501272039918,36.21482493872184,0.31238487
L84012,1024.3822735969914,593.3514300497427,1.6579223
L84013,455.0084075588679,80.54580673614412,0.2026404
L84014,225.27032009770193,78.11787203052316,0.24458645
L84015,246.15659527883727,2.8914911512508907,1.3477185
L84016,209.71479130583,-4.17182158151893,0.24458645
L84017,261.79028523535555,77.92392711628288,1.6211132
L84018,437.9491271718291,256.58773521229136,1.6579223
L84019,571.3586648071094,134.46644465520433,1.7883039
L84020,398.3939393894734,-91.74407938036252,1.8020835
L84021,606.5166185999059,40.8291083566496,0.31238487
L84022,244.86895075664285,38.17636851721056,1.3477185
L84023,743.9268587038048,54.904636110132785,1.6268394
L84024,84.92601123685135,-19.73712914907446,0.3124288
L84025,-211.55904185030448,13.936916155048117,0.24458645
L84026,1329.1958582920788,923.9327633468067,0.24458645
L84027,415.2523869385443,347.28012975302875,1.7632706
L84028,658.5047257806093,46.69488384659191,0.31238487
L84029,53.73241687712883,52.75071019028096,0.31238487
L84030,63.03892406838272,139.2338358519055,1.3477185
L84031,198.20973249783108,32.38283688931305,2.0941267
L84032,380.0032409012773,-12.31919813859004,1.8135929
L84033,931.4536992623872,208.58134468211082,1.3477185
L84034,673.2209700867752,17.774806911274048,0.24458645
L84036,351.28366395196673,105.12015032071665,1.3477185
L84037,626.7097375263335,29.75197939059748,0.3124288
L84038,614.5229478819218,103.18132261719298,1.6579223
L84039,95.0221280996366,75.37740900053345,1.7632706
L84040,383.0218064487365,-113.92991434873632,1.3477185
L84041,327.6372959966678,25.49131331432524,1.3477185
L84042,67.3766736559144,-65.40545589282272,0.20400646
L84043,-0.3389540611119411,10.868789941409792,1.6026405
L84044,55.31549889275972,-84.11770384646067,0.36498034
L84045,290.50543661731786,69.10134864804296,0.3124288
L84046,187.41138723499367,83.78287784284008,0.31238487
L84047,764.9944713011955,-33.33451550454217,1.6268394
L84048,345.48763439169755,28.592146732343625,1.3477185
L84049,39.20421053082406,55.500638508401394,1.3477185
L84050,2185.3232846906362,707.4929865606689,0.24458645
L84051,299.81331109643014,47.69075835083014,1.7632706
L84052,483.5744913693934,71.92140716137803,0.24458645
L84053,427.5653013171085,56.449777403083175,0.75547343
L84054,465.0607825447215,220.90617604618032,1.6268394
L84055,-130.83160315189446,-60.1265301380957,0.8023664
L84056,215.42759611442725,-68.99119274710144,1.2548543
L84057,-5.832430379658583,1.3747318247167084,0.20400646
L84058,439.47937546449083,-8.171496343839836,1.3477185
L84059,188.99192375463642,45.5184549715772,1.3477185
L84060,617.0637032164392,303.1221239318091,1.7632706
L84063,-150.73787048023766,60.46545401269623,1.652724
L84065,151.0057790063875,23.103588639799057,1.7632706
L84067,112.76742560809564,47.72524483337245,0.24458645
L84068,-39.8538085305684,51.75557082094711,1.6026405
L84069,596.525705465429,121.9626044425603,0.31238487
L84070,80.24390609372192,16.443036667374038,1.7848775
L84071,312.6641092760073,-21.141671318325688,0.32489246
L84072,64.34925718390781,44.69604632632639,1.6026405
L84073,-64.99517471155302,-16.677317942007598,1.7880725
L84075,88.69569237466843,94.12985702496537,1.7632706
L84077,65.26264364801006,276.9706033540489,1.7632706
L84078,-110.45913979734127,8.844252431851773,1.8072199
L84080,47.09197051986606,131.5276663157105,1.7632706
L84081,169.79822172096155,-50.98380389660534,0.24458645
L84084,586.9224058364848,-4.080318590815442,0.24458645
L84085,12.057737413476652,-21.761026943469048,0.31238487
L84604,-13.969612881932962,40.59986204628377,1.5717661
L84606,341.38918513343384,252.0506071414358,0.24458645
L84609,-353.7299902423314,-8.764769892681317,1.7883039
L84613,-213.78294439582825,-19.415951158130035,1.7632706
L84615,-80.25833430037906,-18.71792177951098,0.33822337
L84616,99.69528717162316,-108.40377856587415,1.3049359
L84617,-60.806282668825666,52.44271964801345,0.24458645
L84620,-479.4890989529239,-14.771345322088468,1.2239935
L84621,-158.5019590806997,31.96106595649134,0.20036106
L85001,732.3608085580526,27.04911609454226,0.33491477
L85002,423.90084237789597,20.103761409159052,0.6499166
L85003,-45.00633978408169,33.07182828419935,0.40027314
L85004,747.941720683813,9.722161538597739,0.7777948
L85005,-54.55157072936161,-78.19657678842862,0.6841762
L85006,478.47952239409875,30.934298717178283,0.21412934
L85007,534.4910755674712,0.08594190906843786,0.6647279
L85008,2489.2538649394864,-311.0918292355857,1.7073629
L85009,654.2010275231574,22.99135045099642,0.33491477
L85010,1226.4339368351004,20.701283573093242,0.3943688
L85011,202.35786813690848,45.626990082605026,1.1762408
L85012,715.8580657225709,239.35958651231311,0.33437803
L85013,-101.66161806006797,40.613644248293156,0.33491477
L85014,564.4540197528044,244.11163951653015,0.21412934
L85015,509.0326449578073,94.4655795392642,0.6647279
L85016,1801.8274783671084,98.81493179842465,0.3943688
L85017,507.33471256774266,88.49345416550408,0.6647279
L85018,90.07008973126338,-2.418919030493606,0.21412934
L85019,462.70379212694365,260.0306875748325,0.33491477
L85020,566.2139473835933,124.00139393768171,1.7073629
L85021,667.3760562827191,93.95786883376564,0.33491477
L85022,683.8786155217098,146.01271311022595,0.6647279
L85023,660.0116209220954,206.5165682062354,0.33491477
L85024,484.7829255491142,189.32681298425953,0.3943688
L85025,515.5747062323131,219.40557837347052,0.21412934
L85026,119.55460432479899,-36.96218627969452,0.7777948
L85027,269.8660352584037,52.07151709788295,0.55645907
L85028,251.4542692838039,-265.82321290668193,0.6072845
L85029,417.43502018569404,159.5308818307434,0.7581854
L85030,244.60761190694433,662.9242282297107,0.71648127
L85031,168.65014349784872,153.08558036928534,0.94251156
L85032,-3.6664884454034725,-5.128128199300421,0.7366985
L85033,780.222845715942,46.14248544582631,0.7581854
L85034,77.71002621707828,47.13686850232265,0.6499166
L85035,1077.9680280311632,57.16916428188228,0.21412934
L85036,-13.663799826376003,42.29030775730162,0.33491477
L85037,-57.00618371921643,52.427525896785866,0.21412934
L85038,116.8841418814859,3.2738034163237284,0.33491477
L85039,686.835208742835,40.47491262881825,0.3943688
L85040,30.852921583339388,106.6582865201232,0.7366985
L85041,123.1860898159821,-41.52344896092932,0.3617618
L85042,781.9578415260722,132.42124680975132,0.21412934
L85043,241.16866642190857,47.97031009682845,0.7366985
L85044,108.24308919047154,108.91086278148093,0.5677347
L85045,-289.7599016395579,-7.2176080143311765,0.7056156
L85046,177.25335100299742,31.5450704002131,0.7366985
L85047,-9.425962928473501,15.933480587259137,0.3943688
L85048,68.16253557017079,-20.188564101313276,0.6647279
L85050,120.60321382666248,64.69382796422907,0.33437803
L85051,215.0223419280678,-1.4434321115856952,0.21412934
L85052,12.229099179902613,34.9982598159001,0.21412934
L85053,42.08336160411006,1.7166394259757924,0.7366985
L85054,301.88835955273254,94.63949080820802,0.71648127
L85055,288.4754599530634,21.929444655067147,0.3943688
L85056,105.41436232079978,84.84799228224145,0.21412934
L85059,310.68953275611966,85.79020944257425,0.3808091
L85060,-113.42679241719408,15.29411579479174,0.6907333
L85061,-89.85022855956413,49.379016340254985,0.71648127
L85062,128.54055695386566,46.21721721280017,0.21412934
L85064,156.6879865536396,265.1078951540873,0.6647279
L85065,105.98616360379285,280.6757378990386,0.33491477
L85066,-43.04879730142934,198.30394351205496,0.7581854
L85601,-170.49270108638888,31.510691597664064,0.3943688
L85602,-360.3725837871245,-17.613609966299435,0.3808091
L85607,-67.57811196460632,52.48101036097811,0.21412934
L85608,-274.19186504860676,-37.893678022107345,0.38080907
L85609,-133.40213651553424,27.020092226185497,0.21412934
L85611,-256.94359644912646,-0.012067576210745834,0.7366985
L85612,-81.09506058285866,-19.3189918772794,0.20539682
L85616,54.61460125731047,113.48470739460822,0.3808091
L85619,103.51149265225764,-1.2584464699100935,0.5522347
L85624,-239.91489183459896,119.03256054956458,0.71648127
L85625,-466.99032288280796,-7.2550464481308055,1.680035
M81001,781.301070458922,299.1920606982645,0.18096027
M81002,603.2061211450668,115.04837631885131,0.18096027
M81003,396.51680689465013,-5.091362288521594,0.11836332
M81004,1187.675104463682,92.97680298974517,0.83140767
M81005,699.8087051315923,89.3756167448052,0.011568581
M81006,863.6825625302779,99.45616820331294,0.4919985
M81007,6.237055631246964,24.0421532510051,0.83140767
M81008,747.7094984588214,98.996970429338,0.4919985
M81009,112.43294619949634,2.08201837074566,0.15755709
M81010,666.6693568271953,277.441488033949,0.011568581
M81011,36.596281730082204,119.13482372201423,0.4919985
M81012,409.57520520116645,215.05421976696354,0.7911458
M81013,345.2519871609514,25.567991612035932,0.07274521
M81014,5.873566223251302,16.840354915455293,0.07274521
M81015,252.01744604440123,133.41814385602387,0.011568581
M81016,699.2812832026344,426.6047147738362,0.15697007
M81017,966.2593441790617,96.03784084989445,0.4919985
M81018,82.70487231415682,89.18692809454114,0.15697007
M81019,980.7033643287024,35.62709898448806,0.18096027
M81020,609.9130787831247,79.4131980841917,0.18096027
M81021,328.3794978130201,13.575836385413554,1.7974827
M81022,848.5608602613521,132.4554559310914,0.4919985
M81023,203.64655599535232,-27.33050988397013,0.071039945
M81024,97.74728886294683,19.371367740640384,0.15429372
M81025,40.80461719907222,12.930861877227066,1.7974827
M81026,2296.2116123501596,1220.9323554679545,0.15755709
M81027,-32.01099564158148,49.866111211088345,-0.06478284
M81029,336.9780567731129,67.81296936716039,0.83140767
M81032,525.09947943683,49.72127239101561,0.15755709
M81033,191.05834888561373,48.38240860752343,0.7911458
M81034,323.59416473463284,10.679573989475283,0.4919985
M81035,400.6256013339134,53.47662861000776,0.4919985
M81037,566.5620223719295,56.82163896549195,0.4919985
M81038,858.1064662130116,121.23165229284245,1.6268394
M81039,291.71263084145875,180.17370030017915,0.7911458
M81040,1017.9011440691232,301.6637539923793,0.011568581
M81041,304.83439426956573,75.50638814760468,0.18096027
M81042,359.6803916473015,115.35011845040985,0.15697007
M81043,548.7208632911436,184.42987634258347,0.15697007
M81044,576.0665813788743,21.481690588878838,0.31238487
M81045,27.702724455873216,73.2319617101494,0.7911458
M81046,957.600712653068,89.25994197166222,0.83140767
M81047,444.4223312087624,47.50438857441887,0.4919985
M81048,813.512946892489,68.87640761495983,0.8011254
M81049,384.4442167907308,63.105705723465185,0.4919985
M81053,-751.6567299843717,-333.532738520502,0.16427144
M81054,311.24734581972115,-27.188501992435867,0.15697007
M81055,2.7618185963750967,-2.628538708371382,1.7974827
M81056,1062.5105526934524,-63.60513091333468,0.011568581
M81057,829.4811410042171,-9.226014562149151,0.011568581
M81058,1196.6105893323584,151.39774847052044,0.83140767
M81061,166.06663090237726,29.420733638458003,0.31238487
M81062,-26.309373429922715,-25.734139113865762,1.7866845
M81063,456.8478949940451,51.33132977044139,0.4919985
M81064,-64.254552323139,93.6367912014833,-1.2355046
M81065,137.87065020727545,50.509976212134355,0.019913
M81066,266.2052468978193,-13.908848061076128,0.15755709
M81067,12.87088747889228,114.20285494869886,0.15755709
M81068,892.2055629831028,206.98270172272245,0.011568581
M81069,419.2428504149044,28.65830726394938,1.7974827
M81070,597.2708076510864,43.985272437542136,1.7974827
M81072,23.50786322091946,27.762253028794426,0.4919985
M81073,285.48181017904295,43.53880181403535,0.002174039
M81074,799.2328289698816,106.00218998667556,0.83140767
M81075,736.2878085644767,241.6707902696659,0.7911458
M81076,-152.78372201527196,13.177373461469235,0.7911458
M81077,-60.74953099076812,30.6932447051205,0.18096027
M81078,-81.89791259944846,19.17987400350958,1.7974827
M81079,133.22878699048366,145.2753700316857,0.7777948
M81080,119.15590158109372,41.58410307264681,0.071039945
M81081,-68.78817972659607,30.7630703670706,0.7911458
M81082,531.048542677384,150.8229008025657,1.7974827
M81083,-75.87423027879801,26.385588700371162,-1.2355046
M81084,-163.20474673038257,13.127257655051135,1.7974827
M81087,-101.92052360938528,-29.824165937832866,0.14227396
M81089,111.3395369514228,48.34273476500639,0.12609398
M81090,-169.90381082609807,36.45489001932396,0.011568581
M81091,501.8147237611467,76.35092360227175,0.4919985
M81092,54.14097285062718,14.923437412030053,0.18096027
M81093,364.9718456210902,29.16522045200615,0.15755709
M81094,656.8255721921755,134.7454164881201,0.83140767
M81600,-121.75391881011132,85.27343652337048,0.7911458
M81604,130.93844201661852,68.59977612756816,0.15697007
M81605,57.08339451924711,22.641808913754552,-0.06478284
M81606,-737.0834107201877,-345.4344548058726,0.019913
M81607,-380.3007056402081,-106.50780969777092,0.16427143
M81608,-34.828534534738495,116.98841364307532,0.011568581
M81616,-307.6803310747141,-0.9469938178046013,0.18096027
M81617,-59.14229457130945,52.47149664061269,0.18096027
M81621,-90.10056070172436,43.46606672114694,0.7777948
M81627,233.5705960552591,80.10672706470052,0.83140767
M81629,293.2488500434904,35.21740041381721,0.7911458
M81631,-526.6143984673404,-30.12060871774053,0.056002606
M81636,-340.4841278784826,-40.907248979951376,0.4919985
M81638,-509.0863357853286,-20.881143847054876,0.4168987
M82001,-258.67873064004146,-14.820464816156091,-0.26880386
M82002,291.1789256115892,36.12251758465852,0.59838974
M82003,1217.243410759763,457.06128736451046,-0.22708179
M82004,895.34574845757,124.03631501781095,-0.22708179
M82005,601.7341151108568,60.063109219313816,0.60019016
M82006,471.8493513019475,-7.9519784511352,0.59838974
M82007,987.8250032169979,109.41617092414344,-0.22708179
M82008,53.31286202602254,21.290367716773474,0.59838974
M82009,789.9030341499583,72.39194006346565,-0.22708179
M82010,983.4345540847539,118.79275461099071,0.4312928
M82011,16.93587209185267,70.14613799422575,-0.22708179
M82012,877.1532285840586,107.6085810598346,-0.22708179
M82013,-206.68488023329556,-4.1492024201007744,0.59838974
M82014,283.3074613146115,84.95702932608707,0.59838974
M82015,114.77520745927707,12.019539577784673,0.6334363
M82016,298.72284588898094,-0.4906588385242404,0.59838974
M82017,-11.767286693359162,12.160313929374624,0.59838974
M82018,293.2841810965422,45.50977668783962,0.59838974
M82019,312.21547641877476,38.80779149990687,-0.22708179
M82020,-71.69697811000387,58.070655423009974,0.59838974
M82021,408.6911283151511,32.13606764801551,1.417603
M82022,1074.5830390751198,110.7851419973306,0.60019016
M82023,240.79621810700448,96.76739626380403,0.59838974
M82024,-115.2613721695586,44.39848887218361,0.59838974
M82025,1159.9242781777746,693.067768450832,0.8307818
M82026,922.4724365413693,267.65288917420196,0.60019016
M82027,320.7673764385069,-89.07812898568656,-0.25555998
M82028,1291.1702968287398,142.93242190631443,-0.22708179
M82029,721.0608673503916,-313.2238801399251,-0.26880386
M82030,688.8968404175596,208.8323345610701,0.59838974
M82031,-123.81206605308067,-1.7909712619462181,0.005026036
M82032,754.102979275667,411.5512912423678,0.59838974
M82033,-109.77598548363119,42.808294518883166,0.59838974
M82034,105.79414714536748,53.168275845636266,0.59838974
M82035,740.1555710173959,145.84471791856544,0.59838974
M82038,363.00460138724355,71.61823024230425,-0.22708179
M82039,1050.7172671217484,-25.32640673958661,-0.22708179
M82040,11.889232069781293,55.800428350332275,0.59838974
M82041,235.60132515848875,-2.8480685014991973,0.011568581
M82042,169.5842913069715,25.575270946688036,-0.22708179
M82043,211.82586769967918,66.46149606967197,0.59838974
M82044,30.072752996991934,-87.19637017674157,0.8187925
M82045,7.65739341868522,94.53144432915171,0.8400309
M82046,59.82952846894334,16.956528698811862,0.59838974
M82047,191.50917166545005,109.10389120326099,0.59838974
M82048,-32.50353833193873,81.26724567144478,0.59838974
M82050,395.3053107263518,51.204542046437616,0.6334363
M82051,-62.309668166539886,11.128742459554989,-0.22708179
M82054,-264.86379418866517,-122.06707029625584,-0.26880386
M82055,-157.22418814703488,-44.058167120020876,0.849974
M82056,414.26342949230707,143.79659287343253,-0.22708179
M82057,-97.23764453951003,85.47776581705067,-0.22708179
M82058,67.00100278687674,30.36971853924045,-0.22708179
M82059,498.94394598041526,96.13299409543018,-0.22708179
M82060,435.4398995717753,56.74141105780406,0.59838974
M82601,-152.7008452026563,36.134611131962814,0.011568581
M82604,-268.8349504303188,-20.078736168474737,0.6143476
M82606,-143.99828292280782,57.27298515763488,-0.22708179
M82607,-251.59294309852075,31.24812992660613,-0.26880386
M82612,-312.1566511518382,-35.898883490542104,-0.26880386
M82616,260.7881411788901,156.87582878694622,-0.22708179
M82619,52.90297534298589,14.490076361053442,-0.26880386
M82620,-157.69937376747424,47.25378319078402,0.59838974
M83001,944.9555552555881,67.97193171442862,0.1254699
M83004,1427.170253026456,85.2137876657565,-1.1257757
M83005,401.3051358886391,-87.41127563485409,0.4312928
M83006,1730.0168230427428,443.9482927009721,1.5010473
M83007,413.41030879657023,92.5839855634707,-1.1257757
M83009,652.4005353421502,133.73796926447255,1.417603
M83010,618.841491702733,-21.024378412607795,1.1891745
M83011,364.29666696607256,91.32145805149356,-1.1257757
M83012,427.80216921440933,144.34369542455312,1.0024682
M83013,-14.014923629027818,-36.79003142591146,0.49117616
M83014,893.0153907332219,72.20321143005505,-1.1257757
M83015,464.5540814336609,62.0039414086459,0.4312928
M83016,196.22707058680595,86.03340516302869,0.1254699
M83017,43.38437812960491,27.33328128144921,0.4312928
M83018,208.3302700943142,107.46588874760488,-1.1149279
M83019,-397.63914093029047,-255.48981777527246,0.95824283
M83020,608.5987221493581,-43.87128586551872,1.3577318
M83021,1423.6473020572273,223.12815008331776,-1.1257757
M83022,381.4566666140355,49.36882075577095,0.1254699
M83023,661.2668232701159,52.22057862941876,1.330821
M83024,204.8322338685043,143.2724508409876,1.3577318
M83025,353.03108914549034,36.65336281739137,-1.1257757
M83026,769.8748520818941,172.1026185609488,1.1891745
M83027,596.4973983265788,-46.363740542103926,1.5004264
M83028,935.5744093921189,454.020215203113,-1.1257757
M83030,944.0847117187103,214.72250300385213,1.5010473
M83031,39.98637451080466,10.74210905991008,-1.1149279
M83032,793.3499108426222,49.62175929539538,0.21976182
M83033,10.125076789334635,191.40301766733432,0.1254699
M83034,1403.2035099338511,185.84417111813715,0.4312928
M83035,27.066139191835898,75.95083511305454,1.5010473
M83036,649.0919903675202,49.70176073667404,1.3577318
M83037,79.1171800790162,69.07490411476289,0.49117616
M83038,945.3543663280104,115.4108571118518,-1.1257757
M83041,26.755762470392746,33.79672681274656,0.0040842234
M83042,845.0170514008797,57.1645243482139,1.1891745
M83043,-326.10666971018264,-26.57245175505931,0.23645067
M83044,641.0905141821755,282.3380853124541,1.3577318
M83045,531.4559700462615,95.91269808455633,1.417603
M83046,855.0959278836435,139.4231959493984,-1.1257757
M83047,168.57284110727193,187.76122677200593,-1.1257757
M83048,366.5481546762077,315.0422575317972,0.1254699
M83049,513.7072914561721,84.08683429514934,1.3577318
M83050,615.2366514470893,-77.4269382523537,1.3577318
M83051,617.1137549993332,143.51520307940294,1.1891745
M83052,1184.6248374327586,327.5592129575351,1.3577318
M83054,904.7220351044405,91.08589753237194,0.4312928
M83056,843.2644475176756,203.17561523744334,-1.1257757
M83057,625.5143447872757,79.16960451152597,1.3577318
M83059,-141.12067090706407,33.368649622746744,0.49158126
M83061,787.821479199556,156.29525756658074,-1.1257757
M83062,1109.602905348396,94.68814158950428,0.21976182
M83063,-68.2077716052879,59.9687923967183,0.1254699
M83064,494.23409336780304,-18.74896047978923,0.23645067
M83065,308.8912314754866,59.69791556077713,1.5004264
M83066,88.30279766976518,57.829559114814835,-1.1257757
M83067,397.3327304042177,184.34904293071233,-1.1257757
M83068,950.8051795284615,270.5162843748726,-1.1257757
M83069,1164.587841805551,196.05914124190903,1.3577318
M83070,433.3407699801748,113.04012182183489,1.3577318
M83071,922.9407936864916,235.22618878965133,1.0024682
M83072,1010.3066834466636,102.23340591041894,0.1254699
M83073,707.692910524972,-14.288060638144534,1.1891745
M83074,1219.9319409016875,175.4343766782467,0.49158126
M83075,988.2713027595782,574.3310907115969,-1.1257757
M83076,554.0615345761485,135.28786048262526,-1.1257757
M83078,67.66538950540104,-68.42079095905001,1.4642906
M83079,642.9557018857466,135.7717359679254,1.0024682
M83080,-327.56582305642155,-9.549577069238621,0.092092216
M83082,1443.173608243578,-45.90608095938115,-1.1417364
M83084,351.0482532642339,58.01281615010612,1.330821
M83088,1028.6538095698754,65.27692259986978,0.21976182
M83089,827.1705382210565,213.59675020456595,-1.1257757
M83090,184.4408850102519,66.71979501766042,-1.1257757
M83092,311.0683237052047,110.74727824347174,1.3577318
M83093,22.279188411779455,33.079678992162826,-1.1149279
M83094,1384.62579470704,273.36205195568243,-1.1257757
M83096,298.40694853315244,46.99303083777843,1.0024682
M83097,144.08477454919827,105.852299079003,-1.1149279
M83100,157.25173430798012,61.44128884303328,-1.1257757
M83102,244.05580270879386,242.92069636246342,-1.1257757
M83103,0.02171101842922771,39.44834950415974,1.0024682
M83107,216.82723314124613,212.1809342689978,0.1254699
M83108,554.6322978741708,41.95520001985233,1.0024682
M83109,-175.56007527684636,71.25728487469716,0.1254699
M83110,426.60868892910054,531.2780644967387,0.21976182
M83111,-190.0160410981898,33.78909793548095,0.21976182
M83113,-179.74728536062193,63.0807015250726,0.21976182
M83115,-231.661974997409,39.87377181591071,0.092092216
M83117,327.24178384148263,236.45879572574108,0.21976182
M83121,206.3291770665243,77.10328079531534,1.0024682
M83122,-136.10474373997891,13.607573981791528,1.0024682
M83123,682.4905948458152,182.591076041269,-1.1257757
M83125,-101.62272248207441,11.028404120359694,0.011568581
M83126,537.9152966813213,352.7524029263886,-1.1257757
M83127,260.844539553912,131.1398378546003,-1.1257757
M83128,176.81893449817775,58.85657662595231,-1.1410255
M83129,442.9103109068533,159.91121414000736,0.1254699
M83130,42.24514950542923,55.42512362409014,0.1254699
M83131,-330.2314325887673,-20.22367812948867,0.09209221
M83132,-108.461850836368,19.091792203471304,-1.1149279
M83133,-218.92689561523235,23.488974635757852,-1.1349545
M83134,-162.5828722669829,-13.100851020374856,-1.1426195
M83138,84.74539721222408,61.70068401815932,-1.1257757
M83139,174.98271605486642,86.9123838545825,0.1254699
M83140,45.65241973729675,73.44666807916045,-1.1257757
M83141,435.3962856863132,89.08586949826841,-1.1257757
M83143,456.6047350230666,249.67287268016946,-1.1257757
M83144,-415.2994026433498,-135.04634283186124,0.092092216
M83146,1404.2133386232967,493.8256643027756,-1.1257757
M83148,1271.0219728078923,270.7158959682834,0.21976182
M83601,60.17621787556736,162.4853573860469,-1.1257757
M83608,-46.28460908120951,76.14579557100647,0.1254699
M83613,-329.66733927210265,-35.81504850326201,0.092092216
M83616,343.1893781238481,-95.60114264439127,0.1254699
M83617,1296.6498395082413,691.9359325406363,0.1254699
M83619,-180.94024520678224,89.87738561906801,-1.1257757
M83622,-778.2392020722168,-344.38205851184136,-1.1349545
M83623,46.54636480473007,49.07182265097706,-1.1470741
M83624,-26.432491204294024,93.08931223725733,-1.1257757
M83625,780.2059758970664,197.10059606115271,-1.1257757
M83627,325.48020384857165,68.22255105984098,-1.1257757
M83629,87.84084038456187,79.47363862931518,-1.1349545
M83631,16.72731500080058,14.55868396720911,-1.1385999
M83632,11.613600410568198,45.268189991522654,-1.1257757
M83637,16.372532416623653,97.22911225455715,0.1254699
M83638,1162.4087114448805,231.05316310348954,0.1254699
M83639,70.8956317929074,-39.64486565938041,0.09209221
M83640,-202.93396130037152,24.01713418196346,1.0024682
M83641,-266.5366985813993,-2.5437080794694107,0.49158126
M83650,475.57991141000105,683.017510958236,-1.1257757
M83658,-476.88912187317965,-114.39521559623572,-1.1349545
M83661,119.67068846511266,340.4689416414367,-1.1257757
M83662,-156.2233313100496,-6.73066746823457,0.092092216
M83665,53.85680629859099,53.95861010129509,1.307563
M83668,-136.3852064314686,88.8178231295639,-1.1149279
M83669,205.58431272297983,216.64992740721567,-1.1349545
M83670,-241.71662331477992,83.15213633231461,0.4312928
M83678,-284.4084357756269,-3.2257958612678594,-1.1349545
M83680,218.4414204569867,146.46272950843664,0.49158126
M83681,241.7941988584179,30.084915130512744,1.1891745
M83682,488.19262739960783,30.423869910505218,-1.1257757
M83691,-335.05892701878633,11.80377018324831,0.4312928
M83692,505.5575563185365,365.238653173842,0.092092216
M83693,-3.630318438259136,121.34085677436731,0.21976182
M83695,-400.9430221294739,-10.75918454013413,-1.1349545
M83697,-160.53123658739779,64.60874700722842,-1.1257757
M83698,-60.36520579319685,76.12673472109151,0.1254699
M83700,-63.27447277922131,86.81614104450146,-1.1455523
M83701,141.14814431266385,51.67989464579057,0.4312928
M83703,55.55346710801108,99.06313323576498,0.1254699
M83704,-487.90743247240425,-4.421045705287339,-1.1251553
M83705,-149.6002981371405,146.00170682603402,0.1932568
M83706,-238.86025423867207,4.939368162356897,0.18321207
M83708,-120.10891647828788,141.43255057846324,-1.1349545
M83709,22.478820506654568,136.58918812828188,-1.1257757
M83711,-43.46124079126358,65.84822912535516,-1.1257757
M83712,-161.36505596306975,-56.73863088345996,-1.1407424
M83713,157.67324259558708,81.70815797056176,-1.1257757
M83714,-313.8507847209605,-9.2021315211153,-1.1426195
M83715,-59.14107613334293,28.375957555566384,-1.1149279
M83717,-182.08778339437987,47.53572776661689,0.1254699
M83718,-149.49093403416785,17.924283671185773,1.1891745
M83719,56.52692077491155,88.51703129755802,0.1254699
M83722,-35.8207845952291,20.71274755160652,0.092092216
M83723,954.9038987140425,1046.812887071244,0.4312928
M83725,65.70061917266317,108.51495605254924,-1.1257757
M83726,-162.50117575871562,-45.36186622010453,1.21087
M83727,-29.846483883081138,-26.58972870469081,0.1254699
M83732,-447.239978915466,-43.704489613360934,0.092092216
M83733,-296.38340052580935,-30.67045337382231,0.23484667
M83735,-383.35686807214455,-22.44185106310631,1.4634974
M83738,276.8355006098649,67.66593339477359,0.1254699
M83739,-140.7863761069584,10.937011546016905,-1.1368741
M84001,1484.880108954067,-47.002353307843556,-0.17284307
M84002,264.4515766779309,107.9990110362288,0.18096027
M84003,811.3897292021849,-100.11807109846785,-0.18340874
M84004,779.0135244000251,93.12006768607174,1.2984865
M84005,-124.36192403634068,128.2645397325108,-0.17284307
M84006,793.2780795604248,174.54762990471502,0.5187006
M84007,1332.10787277689,193.09251114761165,0.5187006
M84008,781.9734306637173,-148.62423627804114,0.47789523
M84009,84.95506507765916,49.54306187283363,1.2984865
M84010,323.89917270529014,57.581163417310044,1.690674
M84011,1462.0193720970371,716.405783400079,-0.18340874
M84012,1005.2473572461437,166.42186383050935,-0.55701244
M84013,366.18863527978255,38.76877823721798,1.690674
M84014,295.43070630142296,143.93206295172718,1.6026405
M84015,756.5626066015017,176.54311718189803,1.690674
M84016,-61.5552787220816,33.715272556365164,1.2984865
M84017,510.84230353186047,-9.487576428861018,1.690674
M84018,975.5202782976357,298.0186080595558,0.18096027
M84019,2216.6305723348405,385.1882311712935,0.5187006
M84020,512.654343883972,-4.220400838985283,1.2984865
M84021,824.2085312694448,194.40638215056302,1.6026405
M84022,729.8138532165788,-100.40791244287034,-0.17284307
M84023,1101.8925803187167,102.54348493912349,1.2984865
M84024,102.0802611257963,-11.327368966181147,1.0581672
M84025,866.2053979895837,132.68595068963955,1.6026405
M84026,452.05369177745234,26.79654662119795,1.2984865
M84027,-156.27750934808714,29.274613707519812,-0.12444544
M84028,1139.0101963897391,257.4497873648033,1.690674
M84029,114.77311419040078,60.70718054299742,1.690674
M84030,820.8483322920004,180.35643237485172,1.6026405
M84031,279.38742440033275,121.18344820363619,1.2984865
M84032,206.80793289228663,87.81383595664038,1.690674
M84034,-309.1922163243968,11.246687387419712,-0.17284307
M84035,426.72802519223524,52.62020267891051,1.2984865
M84036,442.907809060767,136.1688373534508,1.690674
M84037,814.3941518277556,-23.141462534917974,-0.17284307
M84038,-140.89568262278144,-0.8311857281204503,1.6439453
M84040,302.991310638445,18.913580876150434,1.690674
M84041,-21.001827215685104,108.18374246190164,-0.17284307
M84042,630.3578042049566,141.20162255445462,1.0581672
M84043,1138.4049333688356,171.20906594776295,1.6026405
M84044,117.72310408521612,19.856290182562727,1.690674
M84045,143.6830935435561,-227.84462043164154,-0.12444544
M84046,33.81340537818189,5.976061259589955,1.2984865
M84047,-12.867519295678576,70.87977670388705,0.18096027
M84048,-96.5718719819895,29.702416683837843,1.0665116
M84049,138.59348664498523,71.91803742395064,0.18096027
M84050,261.75171068841104,57.31066698341159,1.2984865
M84051,1000.4323096415375,32.45515064699084,-0.17284307
M84055,-120.65465149933156,-38.96120650079873,-0.17284307
M84057,-134.72212030936734,-6.376506918029554,-0.12444544
M84059,-41.44551338119912,-39.35425211973958,1.690674
M84060,-16.616834874925917,85.19986734402141,0.18096027
M84061,100.52252859192309,55.73437507023799,-0.17284307
M84062,134.1147897824162,123.3759251765245,1.6026405
M84063,-55.51909349233902,27.82401262955333,1.690674
M84064,16.960389451231695,71.78443323405214,1.690674
M84065,-6.923832994897874,63.58070513434065,1.2984865
M84066,-38.130398403286435,101.57367451067167,1.6026405
M84067,322.4788872551332,-15.645053509713685,1.2984865
M84068,-8.455051631648328,-129.86769065049103,1.3552285
M84069,-33.60139191187229,92.42516241025484,1.690674
M84070,-15.557335824201331,154.0600070720285,1.690674
M84603,-41.51699282994096,47.10799560060962,1.6439453
M84608,-310.8995273939425,-45.11872207348371,0.16427143
M84609,-31.865137081213998,48.96131985071214,-0.18340874
M84612,47.55762322904023,125.45623839765364,0.5187006
M84615,406.46501588296223,114.56828807277228,-0.17284307
M84616,-78.67030000647081,46.162614064967315,1.2984865
M84617,-240.95421814122483,10.970812164333381,1.5794312
M84618,-69.76756820530711,83.18439995050342,-0.17284307
M84620,-235.41503826452268,29.287632775913593,1.0581672
M84621,-212.6164578700499,-13.650393255524921,-0.17284307
M84624,-248.77628518256273,-14.37805051825632,-0.13039836
M84627,-15.414457525431697,130.49993624787857,-0.18340874
M84629,65.09953923413161,252.02924723213476,1.2984865
M85001,247.50853078738152,55.94289456304699,-1.2355046
M85002,517.4012723755193,118.9784709999664,-1.2351792
M85003,437.0512597658927,-106.96628719815844,-1.2071337
M85005,388.7403660725195,-0.7876400359082426,-1.2355046
M85006,415.5264869965428,177.77499316489468,-1.2355046
M85007,470.9265345126718,462.36576360400966,1.7974827
M85008,0.712948023300477,-79.30676391854122,-1.2343801
M85009,16.314966214313973,104.78904551212743,-1.2355046
M85010,-404.1326622511294,-121.80334298108583,-1.2071337
M85011,382.777640389571,6.074734995154407,-1.2355046
M85013,-6.935982313576348,55.61774531477905,-1.2355046
M85014,-90.16076639161713,-7.188801029816842,-1.2355046
M85015,228.02718820654604,45.928474589225715,-1.2071337
M85016,352.1430112435316,-56.36019009046928,-1.2355046
M85018,558.397559067892,105.3350230108746,-1.2355046
M85019,1650.6263687813396,659.7560133543053,-1.2355046
M85020,1178.0101602059767,274.22266684806107,-1.2355046
M85021,-324.6777870097225,40.22977544270505,-1.2355046
M85023,673.4711945099596,184.15174186798924,1.7974827
M85024,443.9987204013312,25.66202801404093,-1.2355046
M85025,165.2919541341524,44.5868458766342,-1.2355046
M85026,632.8340961455068,30.670033641850424,-1.2355046
M85027,434.16647210790006,83.08459203061838,1.7974827
M85028,1352.3311635276357,116.68039896609206,-1.2313325
M85029,520.0004564341439,397.02940956596575,1.7974827
M85030,548.8667861193293,328.71375016329654,1.7974827
M85031,924.9722878115414,92.7664481059434,1.0581672
M85033,836.3954837397972,122.9062981901281,-1.2355046
M85034,1039.2783594168884,239.62204552648316,-1.2355046
M85035,226.74287039257698,31.061460921212138,-1.2313325
M85036,352.3277966251864,82.33325290205522,-1.2071337
M85037,266.0072334798577,39.93318587518981,-1.2355046
M85038,296.30386824709086,26.455476018535336,-1.2116923
M85041,-119.40014301440985,59.60305019003644,-1.2355046
M85042,-207.17903266472564,34.23152498685635,-1.2355046
M85043,363.57568545380116,15.4304141701655,1.7974827
M85045,-297.2704013876048,-45.28852238402363,-1.2071337
M85046,1454.4966435362444,1440.8675196174188,-1.2355046
M85047,161.61536905465834,42.930943897938924,1.7974827
M85048,735.4710754142664,141.02380549040583,1.0581672
M85051,244.17150378243642,-16.518362028524983,-1.2355046
M85052,35.17133605390227,25.450986687524242,1.7828045
M85053,190.88737928254983,92.18543579112556,-1.2355046
M85055,-96.62497743514595,17.166272426348314,-1.2355046
M85056,146.29699240028316,118.61779584137508,-1.2355046
M85058,240.72019760891897,72.76464608135377,-1.2355046
M85059,-163.80803742974925,-23.227891192498895,-1.2071337
M85060,883.2236441257822,334.28524895283766,-1.2355046
M85061,1200.3938266305215,61.84250028674681,-1.2355046
M85062,107.89825933940823,-12.681647927304493,1.7974827
M85063,5306.784599888406,1349.5486722858018,-1.2355046
M85064,-234.61943169588605,-50.35153926820019,-1.2229625
M85065,521.3142442647683,227.48645171414827,-1.2355046
M85066,809.882182754791,179.2170870385703,-1.2355046
M85068,46.689362878624806,-91.97017270439406,-1.2150733
M85069,651.4821034488018,94.46991608268782,-1.2352273
M85070,833.2721582757702,29.760150923152022,-1.2355046
M85071,506.19601237427054,11.223037399401363,1.7974827
M85072,-156.04522249262658,89.73920006900333,-1.2086859
M85073,-1927.6973419702608,-1254.3264661988323,-1.2071337
M85074,219.72298590888713,21.69115001399198,-1.2355046
M85075,-141.625023425838,0.877027207835578,-1.2157094
M85076,538.2452891778131,79.42708270883237,1.7974827
M85077,295.85246302163887,100.43012335121873,-1.2355046
M85078,656.9470380684592,184.1029004741042,-1.2355046
M85079,895.0906693289166,209.9676085343019,-1.2355046
M85080,-537.8102911415431,-31.39493769267102,-1.2071337
M85081,944.0855881487965,23.32126779980739,-1.2355046
M85082,-72.75055534873835,-25.882061750809438,-1.2355046
M85083,237.29365194310125,48.93283359908356,-1.2150733
M85084,232.14073300643201,-107.3191792218591,-1.2355046
M85085,-408.2577031545626,-16.70267983840518,-1.2224638
M85086,433.04702458599456,112.26561153959081,1.7974827
M85087,850.2246362971149,119.36461669176273,-1.2355046
M85088,459.6663180892929,112.65144164648638,-1.2355046
M85092,401.80593842404124,-50.740267263743185,-1.2270856
M85093,-179.93676595736298,12.302256216393072,-1.2071337
M85094,-357.6613276187381,-5.309081063588507,-1.2355046
M85097,-311.55168565794446,-8.093608092738554,1.0581672
M85098,-187.25867596126903,-20.24165073468745,-1.2355046
M85100,-216.27882349848423,-42.84081813327761,-1.2102381
M85103,-15.330985058081312,-27.607697017167325,-1.2144245
M85105,45.061814198292524,26.6324690063582,-1.2355046
M85107,-85.70437982394287,35.98694149137161,-1.2355046
M85108,174.81690097099298,13.92241429542803,-1.2355046
M85110,388.01324402895625,206.18238100621227,-1.2355046
M85111,72.56388621217246,-58.98600129523378,-1.2071337
M85113,171.06763617602692,55.75865710249876,-1.2355046
M85115,-256.73767733535675,-2.660510031215411,-1.2355046
M85116,468.3336698766036,113.36574394909302,-1.2355046
M85117,309.3172900587297,46.683486391171286,1.7974827
M85118,-187.28495358074292,-4.081016453184189,-1.2355046
M85123,543.587973665388,-39.9932780461963,-1.2355046
M85124,214.37938630723173,29.620187329557563,-1.2355046
M85127,-150.78710045694,-60.16246922672652,-1.2224638
M85128,10.744977750539531,8.507395268313752,-1.2355046
M85131,-447.60241945305086,-163.29619310142255,-1.2071337
M85133,-283.654216937034,-101.8680100500099,-1.2137624
M85134,-174.449277811162,13.521146683543195,1.7933042
M85136,355.0232908082671,338.10994416593167,-1.2355046
M85139,243.32593139461696,-53.22440136540233,-1.2355046
M85141,109.20195487198295,52.88832888281986,-1.2355046
M85142,-345.54472749475576,-2.972352423839655,-1.2349294
M85143,260.56091743438003,29.3772941302621,1.7974827
M85145,25.665218986157733,86.23799387379474,-1.2355046
M85146,32.808546208664985,115.98043995311002,-1.2355046
M85149,766.4096466186279,-164.11796205700875,-1.2355046
M85153,-160.90577855055236,5.093769282286768,-1.2355046
M85154,-81.47473631742349,1.9870358430517723,-1.2355046
M85155,302.20889695294477,85.31701888050613,-1.2355046
M85156,129.71333720882126,128.47830886998148,-1.2355046
M85158,-277.2050556849617,8.345177287432854,-1.2355046
M85159,218.73547894900932,244.02654613082012,1.7803894
M85163,-206.45323594190535,17.665836396515793,1.7883037
M85164,672.9024916511964,77.67106955220851,-1.2355046
M85166,-968.5678397877768,-660.1257822519592,-1.2071337
M85167,-188.15264512320329,22.836979022864192,-1.2355046
M85170,115.26570454652435,-33.01419110718459,-1.2355046
M85171,-283.2333848900127,62.508920733225615,-1.2355046
M85172,747.1518533360867,256.9824987138953,-1.2313325
M85174,-25.6878232509147,-43.76912015407706,-1.2355046
M85175,297.58898605274453,5.748485732088312,-1.2355046
M85176,-79.57188281857398,-9.428803238991893,-1.2355046
M85177,306.96766007201603,22.647224815191123,-1.2355046
M85178,688.0258594663675,225.11325642154745,-1.2355046
M85179,21.73918090067326,34.7582067435398,-1.2355046
M85600,456.21262788554685,279.69499166861755,1.7974827
M85611,-366.1933594704114,-17.372573633088425,-1.219276
M85624,84.0385375225973,-3.153906070788115,-1.2355046
M85634,287.56117156431196,-73.64335682207272,-1.2355046
M85642,124.34976468556175,98.95198883549781,-1.2355046
M85652,-365.38504503978635,-47.43430521844937,-1.2087201
M85655,-408.76529753289844,-152.4710262998119,-1.2071337
M85663,-116.71685333158446,-32.75428848682656,-1.2224638
M85665,-524.4391849898159,-22.13724707471608,-1.2071337
M85669,-110.33370850889287,140.81885369710508,-1.2355046
M85670,-168.28615477588284,-52.29198784805745,-1.2355046
M85671,-343.09842482492587,1.6441890028138308,-1.2342008
M85676,-20.97421029460652,-24.483228688452503,-1.2355046
M85677,44.79055378744298,-25.136365217534514,-1.2157094
M85679,54.8008811549308,-19.04152955398641,-1.2355046
M85680,-312.453932231851,-51.426644348070596,-1.2355046
M85684,-416.3792740131097,-2.7225502260702137,-1.2355046
M85686,-226.48558507645575,-72.06615150855376,-1.2355046
M85689,-307.1810485708793,1.8089360737039362,-1.212633
M85693,-286.0525425678537,40.73623672696254,-1.2355046
M85694,-115.40099456260522,59.37655064237489,1.0581672
M85697,1.55105564754722,-54.91798136219624,-1.2355046
M85699,642.283558791553,-371.090332484717,-1.2355046
M85701,-51.674281959181855,-13.655590971548456,-1.2355046
M85704,-251.85053486475633,-272.6375322877544,-1.2071337
M85706,543.1013100754321,617.371689485064,-1.2355046
M85711,-287.6898520164797,-0.3160159273523597,-1.2313325
M85713,75.4999032625269,-22.553143484163208,-1.2355046
M85715,356.52503621278714,35.75450993329628,-1.2355046
M85716,-120.77674595694202,21.171169755789787,-1.2355046
M85717,44.702933096241104,100.74621391525378,1.0581672
M85721,-232.99428700896743,13.895018420565565,-1.2313325
M85722,185.79038336365215,-94.2659202606047,-1.2355046
M85730,-103.03303235023662,21.73590206179668,1.7974827
M85732,-239.06460472246962,-4.229357819053561,-1.2355046
M85733,-83.48252341250682,87.79848432452712,-1.2355046
M85735,76.46554961504324,33.24726157977952,-1.2355046
M85736,72.35171604371536,-28.54733730964251,-1.2355046
M85738,-501.61134539908505,-157.04125203425534,-1.2071337
M85739,-72.93555066758255,-53.4621946827016,-1.2355046
M85741,-380.7593922970044,-65.1980351422176,0.23158464
M85746,143.37479900569912,201.3561917160029,1.0581672
M85749,-207.32250170810124,-33.24761008480899,-1.2355046
M85750,-535.5007650304709,-153.03500112767685,-1.2071337
M85753,-248.65218959140353,-48.01985285273569,-1.2295148
M85756,-202.21834244637074,-23.61313348988381,-1.2355046
M85757,-270.94334668969867,-7.12040342815485,-1.2355046
M85759,326.8289793513893,161.6914441257215,-1.2355046
M85760,-489.32240761544625,-42.212665863424604,-1.2071337
M85766,-117.25508381217954,17.825344103747245,-1.2355046
M85768,-490.1768823498137,-6.864550268939427,-1.2205002
M85770,-246.28435365479658,-0.1333787963572865,1.0581672
M85773,-1047.806772046202,-678.9172960543829,1.7883039
M85774,-94.89453242449615,93.72690130384164,-1.2355046
M85776,-227.563141443375,-50.89432923499082,1.0592208
M85778,-293.8043106145274,56.94078573196759,-1.2355046
M85779,-24.88286081778546,20.19658221760845,-1.2355046
M85781,-128.23251896489887,-2.23331965077725,-1.2355046
M85782,-414.97547847566324,4.203129911471462,-1.2342614
M85783,146.17902356783227,-37.61046058688396,-1.2355046
M85784,-363.19940424625236,-80.49078223280718,1.0665116
M85786,-342.5303083251358,-89.23181929052411,-1.2071337
M85787,-689.0059758580186,-215.9644987394712,-1.2071337
M85791,-356.40159855186215,-14.757275160980655,-0.8823272
M85792,-215.75870862988785,41.57904014751756,-1.2355046
M85794,-67.10578843920864,-67.27558075991527,-1.2355046
M85797,-35.03296443012893,56.357913673146975,-1.2355046
M85801,-364.4856718573045,-49.77759723158021,-1.2291257
M85802,-280.84469999422885,3.0942778274120406,-1.2071337
M85803,489.26951661187,-199.1029220708539,-1.2355046
M85805,-455.72184885418585,1.7487419487942404,1.0580696
M85809,-250.6661163424866,-104.7825170548681,-1.2071337
M85813,-459.5940047979871,1.3939315832073296,-1.2355046
M85818,-549.0628723776106,-39.12369318910669,-1.2071337
M86001,372.482037724555,50.621973648448495,-0.5765043
M86002,770.6468810605339,-163.99001941191472,-0.55701244
M86003,965.8559840914369,-139.21234421501953,-0.5765043
M86004,526.4032274668359,100.03704612761756,-0.55701244
M86005,53.97989712247166,-30.62788475424122,-0.5765043
M86006,348.613444725475,29.59995689521618,-0.5765043
M86007,40.369094495654714,-1.065164640014109,-0.5765043
M86008,725.5403033819513,7.692286131139443,-0.55701244
M86009,795.7259869152255,85.29690705361179,-0.5765043
M86010,631.0805700695687,-59.16504115432272,-0.5765043
M86011,121.00787328302142,55.59083019593871,-0.66578954
M86012,192.59368888330832,35.37916448485404,-0.5765043
M86013,-110.66284793468847,-68.10736912355316,-0.61571926
M86014,1058.0960809447868,145.48871842004232,-0.5765043
M86015,1048.325135153248,131.01351404942767,-0.5765043
M86016,465.54520276616984,461.9817598117278,-0.5765043
M86017,647.149320897682,-24.13796912839623,-0.5765043
M86018,514.862861321909,68.44386197186854,-0.5765043
M86019,84.96221167655305,-124.85767075490382,-0.5765043
M86020,370.7858447148512,12.396422147619681,-0.5765043
M86021,283.034392194683,-30.18541789928527,-0.55701244
M86022,-207.22968993907256,65.11177792277516,-0.6498341
M86023,79.40816966806203,-47.0730332192544,-0.59897906
M86026,-93.90967644620197,-153.48137526720666,-0.6498341
M86027,132.34035833960021,67.226782007489,-0.5765043
M86028,-38.52850540380252,-30.042860996236097,-0.5765043
M86029,435.9123765316111,120.78299433593475,-0.5765043
M86030,66.07540079082382,-7.068697743616491,-0.5765043
M86032,732.8965447113616,-145.13182119487067,-0.55701244
M86033,168.7546964449061,70.11391046279584,-0.5765043
M86034,536.0565419347981,216.80978293547616,-0.55701244
M86035,364.53615382209074,145.09860693963296,-0.5765043
M86037,-220.25810028609564,18.726777887343392,-0.5765043
M86038,-175.8662618833944,-21.5751468383681,-0.5765043
M86039,-92.44071723706483,48.187825260259046,-0.55701244
M86040,-119.48905748652157,-73.06394937917116,-0.5765043
M86041,251.42108249522792,101.03822512640382,-0.5765043
M86043,-419.5200760703871,-75.18099901073856,-0.66578954
M86044,-132.93024638229886,-20.4662162132989,-0.5765043
M86045,421.11567292542054,-112.20130921671274,-0.5765043
M86046,99.04294509571953,5.738946390093493,-0.5765043
M86048,41.54553238547771,133.89480500968529,-0.55701244
M86604,-316.94591324614873,-75.26767026267659,-0.66578954
M86605,-249.72269976073494,4.385309228881202,-0.55701244
M86607,-287.4389235487571,-131.655468433709,-0.66578954
M86610,-348.4873398549597,-10.839857395140479,-0.5765043
M86612,-221.59467283207016,9.614014708029002,-0.5765043
M86613,-200.6615329335053,15.894204713280908,-0.6232915
M86617,-87.8754362765894,-14.477679225103723,-0.5765043
M86621,-437.2293725363699,-32.08439792042072,-0.66578954
M86622,-292.8673236252436,-0.899900051297187,-0.5765043
M86624,396.84320815641416,-6.838073695961998,-0.55701244
M86627,73.29149906068908,115.98830858891016,-0.5765043
M86629,-305.981391510621,-80.08993004415414,-0.66578954
M86630,-332.8756383563431,-39.63347321716647,-0.66578954
M86631,-495.67112582871215,-5.038844983901522,-0.66578954
M86633,-36.043025976140896,-35.70583047856617,-0.5765043
M86634,-519.0610821085065,-54.55312181428349,-0.66578954
M86638,42.93192235354111,93.33650227091685,-0.17284307
M86639,-426.98735003880256,-39.22349552256648,-0.635361
M87001,181.45626476175062,14.854250367097656,-0.06478284
M87002,-36.79944094528103,33.8207422022384,-0.056922942
M87003,824.3700971305072,272.3089557438464,-0.06478284
M87005,385.4608832722971,174.00805737078372,-0.06478284
M87006,503.5406259610533,130.63352578614285,-0.06478284
M87007,480.7010906755237,178.96779405802096,-0.06478284
M87008,303.27547778479,48.67573795411796,-0.06478284
M87009,1751.1083693055593,199.9414715125367,-0.06478284
M87010,374.1140577161263,113.23010517367409,-0.06478284
M87011,2036.2269624170033,398.7998311926141,-0.06478284
M87012,489.11969435354945,90.09278414150981,-0.06478284
M87013,735.5139619383217,54.05102084151829,-0.06478284
M87014,90.63710091955886,61.67543537944947,-1.2313325
M87015,527.965624429557,43.89154646321979,-0.06478284
M87016,187.61920581341627,70.60130218387481,-0.06478284
M87017,430.4083837038859,66.242675969696,-0.06478284
M87018,292.9076439690995,114.46389680595722,-0.06478284
M87019,461.73211167255295,-0.1648220559003262,-0.06478284
M87020,244.88786606674336,102.78730882054909,-1.2313325
M87021,137.21438011529577,78.64763931970252,-0.06478284
M87023,499.6334042278754,53.459516118236,-0.06478284
M87024,2017.0083229570898,286.8650260708418,-0.06478284
M87025,87.35155266338165,27.48651461199317,-0.06478284
M87026,79.02361612142391,25.01763459052195,-0.06478284
M87027,42.27985212553445,56.09136936053956,-0.06478284
M87028,347.3743643625657,78.80120950030845,-0.06478284
M87030,-14.377424967599083,70.0092724035475,-0.06478284
M87032,-266.1758661118153,-9.233946542788749,-0.052266218
M87034,-40.82992659214785,111.86141749471078,-1.2313325
M87036,-124.4982694201263,103.0075020919265,-0.06478284
M87037,-31.938280049497518,103.76582559083907,-1.1149279
M87041,83.45664695109244,129.67862843673893,-0.06478284
M87601,479.9026848206743,74.74349320403715,-0.06478284
M87602,467.14937216823324,10.77431234701538,-0.06478284
M87605,-100.7006242012441,-22.030677542684376,-0.06478284
M87606,-385.0229993075765,9.792148105409476,-0.052266218
M87612,-154.35056273550313,22.999409783778834,-0.06478284
M87614,-393.9816381936761,-28.894147384925432,-0.052266218
M87617,-113.26512950907512,104.23260246745305,-0.06478284
M87618,-285.4625815148805,14.452068348471977,-0.06478284
M87619,-455.59672165094065,-137.43336561070979,-0.052266218
M87620,-64.55961994443936,109.4148869204863,-0.06478284
M87621,-204.91301220444038,11.494180654984236,-0.06478284
M87623,-81.59280622997353,6.045277293744988,-0.06478284
M87625,-253.33050120772728,-21.316396957415286,-0.066065185
M87628,-207.4976168384352,33.457160335583055,-0.06478284
M87629,-225.34391416262218,-55.47331509022187,-0.052266218
M87634,-335.26876790854635,7.0385851592838335,-0.052266218
M87638,-75.99733657486732,-32.13683447434326,-0.06478284
M87639,-494.99769668875723,-1.4397251868083631,-1.2208693
M87640,-487.38485083078876,-2.8408990666016267,-0.08431379
M88001,1077.9934166112025,390.43899039497137,-1.2313325
M88002,735.3001212150249,-280.06354897928276,-1.2313325
M88003,1077.972930813591,16.333876499776355,-1.2313325
M88004,3402.7151442840077,1809.4113210072207,-1.2313325
M88005,678.5802213993054,81.04214615934517,-0.052266218
M88006,1117.716532509997,-47.95567600577904,-1.2313325
M88007,877.6177098732726,129.09207014657608,-1.2313325
M88008,76.20555069983648,70.00224367695455,-1.2313325
M88009,766.6053964185021,-107.30953279169333,-1.2313325
M88010,568.1915045827877,210.61002797980396,-1.2313325
M88012,561.3048844429954,33.15865929683644,-1.2083105
M88013,1096.1198098184743,63.517216766432256,-0.06478284
M88014,2.2877167350609002,12.99876904619482,-1.2313325
M88015,574.1025955034389,37.74624461580366,-1.2355046
M88016,-143.47043445402488,-31.609628432998676,-0.06478284
M88017,-27.46750005612864,46.34014512447279,-1.2071337
M88018,1690.0861465553594,405.1564302177877,-1.2313325
M88019,-258.3501582617703,6.374910863612223,-1.2313325
M88020,385.62356428935516,74.41146180622988,-1.2313325
M88021,172.18644949490977,277.89418256419486,-0.91487044
M88022,117.79000997184419,37.33412797168799,-1.2313325
M88023,207.5482588685749,64.31802095686291,-1.2313325
M88024,-70.351783797415,14.993500753358685,-0.9053224
M88026,23.023884712634153,60.47968982453279,-1.2313325
M88030,634.7626342488416,-4.964665721612221,-0.06478284
M88031,-18.02621589069359,-43.0053974363619,-1.2290062
M88032,885.5222970315798,142.72053786898766,-1.2071337
M88035,-134.0318372058652,43.31391132956345,-1.2313325
M88036,-153.81551167042966,-117.51376042261235,-1.214545
M88038,1105.462502992576,124.54097225189706,-1.2313325
M88040,55.477684477155876,-1.6427873624043545,-1.2313325
M88041,-115.02255156925546,-45.37131176520662,-1.2313325
M88042,-50.22324178374291,24.34350020108596,-1.2313325
M88043,-17.11042695213448,166.00170103817808,-0.06478284
M88044,-214.37295110521347,-5.782656356940876,-1.2254128
M88600,-129.36310055150872,57.628647079235044,-1.2313325
M88610,-185.34774345447062,-14.827200150927013,-1.2313325
M88612,18.737448764051702,94.62752294605323,-1.2313325
M88615,-462.3458686729301,-102.45931751513301,-1.2071337
M88616,749.7221888618327,228.57574720691312,-1.2313325
M88618,-239.75427410176633,14.039194005311504,-0.06478284
M88619,254.64501393393965,94.00689046271721,-1.2313325
M88620,-213.71082975853105,12.984075648239461,-1.2313325
M88623,-259.60294631373426,-52.23897247127449,-0.9053224
M88624,-82.57677254692847,30.164078345091905,-0.8823272
M88625,-289.57333292543206,34.11408787444441,-1.2313325
M88626,-192.86379333820253,-13.744084761392475,-1.2313325
M88627,-168.28883201893672,45.30757083783886,-1.2185158
M88628,-135.05153150512078,-14.625476330108079,-1.2313325
M88629,-342.8519015661011,-17.467827711554712,-1.2147987
M88630,118.44653490979334,-26.9933726444777,-1.2313325
M88633,-23.732535511344533,44.14995661815398,-1.2313325
M88635,-237.4136638386771,-10.174236320008458,-1.2313325
M88637,-169.62464829454711,-58.47023593850062,-1.2137556
M88639,-185.4423831341252,-51.753811159127956,-1.2313325
M88640,-63.821692279686566,-41.24297058986594,-1.2313325
M88643,277.1701465840032,193.53559886710616,-1.2313325
M88645,1094.0645980638208,71.72126360235723,-1.2313325
M88646,-253.0998481359694,11.170965866814605,-1.2313325
M88647,-190.3539231180217,64.4803806085047,-1.2313325
M89001,-153.01009364128464,54.75904296186878,1.0581672
M89002,560.9224240977105,-102.78231384129498,1.0581672
M89003,2125.158698576123,907.178153715348,-1.2355046
M89004,22.603989496183328,-7.218990409623785,-1.2203776
M89005,218.95322577407822,83.59846031995488,-1.2355046
M89006,-49.85515286061794,-1.6101062496548624,1.0665116
M89007,82.90710061263897,40.314524114433695,1.0581672
M89008,1336.5476455718963,233.52818359858404,1.0581672
M89009,982.8095514069488,177.10945720745326,-1.2355046
M89010,180.22531176843447,1.6951191139172535,1.0581672
M89011,99.01961848422474,48.784510555749534,-1.2071335
M89012,1266.004159417193,56.438477688634826,1.0581672
M89013,245.2083590189964,46.23200603734924,1.0581672
M89015,421.17243919538384,166.93129159582972,-1.2355046
M89016,803.7496282970073,16.184904545641697,1.0563456
M89017,2103.6859169404765,931.229059808,1.0581672
M89019,663.1659072197699,29.58774203789992,1.0581672
M89020,110.77094909818423,-1.5291633260865112,-1.2071337
M89021,-111.55106091342633,41.03759647993709,1.0581672
M89023,-6.479786565067467,0.04813644113794347,1.0665116
M89024,-35.8086952103441,88.89445058512376,-1.2355046
M89026,725.004042938541,65.15793261256364,1.0581672
M89027,629.4836955025997,214.73805036344646,1.0581672
M89028,61.98076446441232,-54.09093929647229,1.0511816
M89030,-243.6659931720142,35.376549840462964,1.0581672
M89601,126.06658514695916,4.421442040951627,-1.2219563
M89602,-4.3787447226545595,20.949132461830118,1.0465597
M89606,-375.19169320807396,-13.225413666545496,1.0665116
M89608,-278.0025600485389,22.95382324076449,1.0581672
M89609,-40.570940149325395,65.94315270569237,1.0665116
M91003,102.84578417644386,34.66674488643879,-0.91487044
M91004,1110.5833417229467,71.21539230799804,-0.91487044
M91006,-0.06700759279150095,29.445738124348008,-0.91487044
M91007,672.3907455161902,28.02366717281828,-0.91487044
M91008,689.2335158356024,69.664955884047,-0.91487044
M91009,317.46654713096126,51.40309151401595,-0.91487044
M91010,438.0426680206365,15.31312330889962,-0.91487044
M91011,270.2389541576704,65.98765391377782,-0.91936654
M91013,832.7728271663957,91.13558990175542,-1.1149279
M91014,-31.842060137429264,-104.23061363670608,-0.91487044
M91015,734.0293133291755,461.2109767664225,-0.91487044
M91016,60.96963320903109,77.02518712055867,-0.91487044
M91017,313.71914824117334,68.00017279751695,-0.91487044
M91018,-92.60424955786709,50.681705674008555,-0.91487044
M91019,1464.1205299645412,322.00207363182255,-0.91487044
M91020,5.446446385046345,102.35102018118315,-0.9198604
M91021,469.1133698865217,177.27143639788946,-1.1149279
M91022,-72.89208619822142,74.45086175993023,-0.89519083
M91024,-199.81672822541904,-3.0383740814380014,-0.91487044
M91025,-221.39636659775394,2.1072782666012655,-1.2090533
M91026,-132.7746347304087,95.41566329155538,-1.2313325
M91028,373.0066310057074,288.99084798811447,-0.91487044
M91029,185.05433596307765,159.32937766078368,-0.91487044
M91032,12.951103224233341,21.039020687638825,-1.2355046
M91033,6.085544140355124,104.12865401511218,-1.1149279
M91034,206.89561870170425,153.73827857609277,-0.91487044
M91036,55.94272674308545,28.75039575155687,-0.91487044
M91037,-579.9604073980215,-276.93436051707954,-0.8823272
M91039,-205.04714985963346,18.37596381930355,-0.8823272
M91602,-230.68680771110402,39.19772172712637,-0.91487044
M91604,89.67357831489193,118.40792131489624,-0.8869839
M91605,-308.4435583920531,-30.795513300690672,-1.1349545
M91609,-250.82692206954118,34.013374251477536,-0.91487044
M91610,-254.0341643216122,-6.6072527624664295,-0.8823272
M91611,-122.70635259429159,9.98553668913243,-0.91487044
M91612,-34.315479826818006,73.63006509492726,-0.91487044
M91613,202.2671111436517,221.82805323696024,-0.91487044
M91614,26.183022505579345,175.17084600223552,-0.91487044
M91616,545.0128388785035,-81.54470901739082,-0.91487044
M91619,-135.12005014609534,82.03105069581109,-0.91487044
M91621,-75.7419121731428,67.52060470380036,-0.91487044
M91623,-245.3379775623397,-7.16736929289209,-0.91487044
M91624,-15.581126144177265,-13.10833212025882,-1.2313325
M91625,-127.82398037026103,-79.86203075325692,-0.89704335
M91626,-44.39180209807008,108.21079205363279,-0.91487044
M91628,-147.9631898233058,-40.35047890910349,-0.91487044
M91629,-31.738819890302583,87.05636792811497,-0.91487044
M91630,-698.4169856835102,-337.8295273987019,-1.1349545
M91637,-207.6295815954963,22.96544857904776,-0.91487044
M91639,-234.05389948246014,-14.068256766951857,-0.91487044
M91640,62.9879819149746,92.37633527553307,-1.2313325
M91641,66.28834998738648,-42.71748731262584,-1.2313325
M91642,-340.11628126777816,12.628215999653982,-1.2355046
M91643,-109.18539642634744,-29.893734857575314,-0.8912566
M91647,172.69629566861056,43.52829676665898,-0.91487044
M91650,539.0433289418914,411.46288431187253,-0.91487044
M91654,-237.27077717067567,35.613698715837316,-0.91487044
M91655,106.74373384451414,-41.05161409050836,-0.89519083
M91659,-117.23288390566567,-42.71622674253043,-0.91487044
M91660,-165.30128393099363,134.79498993211527,-1.2310536
M92001,1.27994103123891,37.33582765488925,-1.1149279
M92002,378.1949770793365,46.048181803849374,-1.1284584
M92003,-243.95129115595782,-5.9486458983753705,-0.08089929
M92004,-135.04681939657743,-22.984320528192544,-1.1149279
M92006,-34.25464077551511,1.9412821313721031,-1.1149279
M92007,291.76188105388076,-28.382588229545796,-1.1203415
M92008,566.0908829463498,158.99376272665938,-1.1149279
M92009,1166.2407936828251,84.62319932571819,-1.1149279
M92010,412.26108654347064,48.75708307155786,-1.1149279
M92011,686.0096507281457,591.2208092532167,-1.1149279
M92012,326.5852200112173,-56.75497023525363,-1.1149279
M92013,390.923086559199,34.48243919719213,-1.1149279
M92014,-316.4173840058656,-9.440496985417859,-1.1326988
M92015,-217.83850259507219,-17.432444987704205,-1.1149279
M92016,466.7119773201242,447.56290715642825,-1.1149279
M92017,-361.8571934596393,-61.418416683356845,-1.1349545
M92019,518.3485267936267,35.784888346633295,-1.1149279
M92020,-239.2154344988298,-37.00876865007673,-1.1349545
M92022,-49.248369862381715,22.235322546621717,-1.1149279
M92024,717.439939775481,90.95368348269386,-1.1349545
M92026,-26.602838325507697,52.30632016290941,-1.1149279
M92027,-1.857926262087178,0.4540082910879165,-1.1349545
M92028,80.00661624007923,-40.64634744473685,-1.1149279
M92029,11.030039959122746,47.63722590368917,-1.1149279
M92030,393.1340968329923,94.42196248812309,-1.1349545
M92031,-48.88340940979524,-187.71232478922457,-1.1349545
M92035,4.828789796725999,177.20441722803707,-1.1349545
M92036,-274.15454904262015,-26.854718692521384,-1.1349545
M92039,47.60560325450812,139.09745056591456,-1.1149279
M92040,561.4667856440439,328.8989214419508,-1.1149279
M92041,-124.7018143032328,-12.93323342748393,-1.1149279
M92042,-225.1761185967305,45.49849122194908,-1.1284584
M92043,60.77221185055845,96.63741110616697,-1.1149279
M92044,-18.160361317667732,5.868096974512617,-1.1319677
M92607,892.5775724450089,27.446040657806268,-1.1149279
M92609,52.89875785731458,71.24072462249109,-1.1149279
M92610,-237.54347881116294,-8.82684311187192,-1.1349545
M92612,1573.961336907491,1624.4444601684913,-1.1149279
M92619,-598.6690327874248,-146.44987782888438,-1.1349545
M92627,-107.96973566621745,48.21548196305334,-1.1149279
M92629,-184.5157705675692,26.085931431573187,-1.1149279
M92630,263.13949356934137,163.6817841753651,-1.1149279
M92637,-396.4738102819911,-75.00804093098309,-1.1349545
M92638,-541.9789707355555,-334.7786630160389,-1.1349545
M92640,-358.21936022104734,24.1071958414983,-1.1197704
M92642,-426.6274970413404,-196.53451541464497,-1.1349545
M92643,-355.15817631046036,-27.180846293289125,-1.1349545
M92647,-146.04130691787424,-53.665712812969716,-0.066982366
M92649,-23.707963202942974,79.97651377474547,-1.1149279
M92654,390.6566440443786,198.4307261199094,-1.1149279
M92656,-483.44579902810835,-16.559142313593615,1.164709
M92657,-491.82193886702333,2.6044129429998426,-1.1148114
N81001,-87.3601396886649,15.436212624220765,0.4312928
N81002,350.30104847146293,50.90019837521002,0.633645
N81005,310.433954319551,121.99013887929077,-0.86084026
N81006,28.828081079910255,5.612213153396192,0.8307818
N81007,734.8331504182299,0.9607363122530906,0.74758023
N81008,640.7195817123751,43.853819600699644,1.330821
N81009,266.55250283226553,27.61655517476098,0.8280624
N81010,144.0052518014537,50.49470759864865,0.43158633
N81011,1010.6510256250439,265.06324604943023,-0.86084026
N81012,607.9469954726165,117.52954710254654,0.74963236
N81013,284.9626580842321,33.91711973346203,0.633645
N81014,222.2377423483988,39.57442441533275,0.74758023
N81015,613.9362235282885,61.75163067206591,0.4513843
N81016,1499.5735441999318,592.1424011252768,0.43158633
N81017,101.60833930135988,-42.73205068483051,-0.91723996
N81018,307.05242011855853,127.42447585841697,0.8307818
N81019,1748.7236276903184,258.87963581526867,-0.86084026
N81020,708.8472500978708,-14.735529573563028,-0.86084026
N81021,10.665162632263952,-32.33039168345535,0.6212971
N81022,1105.7580287078529,867.0566953628024,0.633645
N81023,212.1273581709313,55.489987192874615,-1.2506346
N81024,845.6953391866117,30.026820260243976,0.8312997
N81025,392.91214884363194,43.1679381582899,0.74758023
N81026,335.6712015927488,47.833021495947634,1.1156957
N81027,964.6663561215186,216.60946793299027,1.330821
N81028,215.6955549440228,61.28832716984574,0.74758023
N81029,978.4046132585547,58.89375210838905,0.633645
N81030,1095.554369905542,272.38723337957543,-0.86084026
N81031,-137.15965101053357,30.54207783999636,0.8307818
N81032,1508.5985061499046,190.70404554063637,1.3313087
N81033,47.246513455350296,66.45169380462154,1.330821
N81034,435.22703452158163,18.849607330949947,0.8280624
N81035,797.6688799280133,121.34696650587614,-0.86084026
N81036,192.82003116561657,44.72613776302438,0.74758023
N81037,686.1549564121412,135.75825274465564,-0.86084026
N81038,281.0141180527746,109.35490376720261,0.8307818
N81039,731.5701242128292,201.95210213136164,1.3313087
N81040,214.18860499379917,134.94591452063636,0.8312997
N81041,438.34923287351995,14.661087294536916,0.74758023
N81042,117.78772931103451,42.64057160184944,1.1156957
N81043,65.41534082416784,-21.73731967291826,0.43158633
N81044,628.6509171180502,76.40011515738645,0.43158633
N81045,1276.473936487143,144.02695173853542,-0.86084026
N81046,292.50499867199983,74.29358388037416,0.8280624
N81047,796.4272996711825,45.937699351547444,0.43158633
N81048,1069.952558852822,66.84558215472508,0.74758023
N81049,673.3778117019484,631.2625073618582,1.1528764
N81050,982.4532045518588,763.1734775972802,-1.24072
N81051,304.82223715551123,-134.31548592891554,0.74758023
N81052,688.4455568598144,196.13077243549557,1.330821
N81053,1300.8723560107817,40.136714935137924,0.43158633
N81054,822.6714917135246,109.90648037934287,-0.86084026
N81055,450.4843096987099,38.523916821448324,0.74758023
N81056,786.3196028093163,27.497555263281598,0.74963236
N81057,1159.1262784105438,137.33391454329558,-0.86084026
N81059,529.9804959268612,275.1933514409034,0.74963236
N81060,730.2224173190821,63.07525411171059,-0.22599992
N81061,585.3859521905258,126.29092486020527,0.74758023
N81062,1056.1476007841623,164.50871956914332,0.633645
N81063,1077.8980919437593,221.93424655027684,-1.24072
N81064,624.91115324131,-112.62125280662598,-0.86084026
N81065,474.09269367651416,114.55106523807103,0.74758023
N81066,1126.1726496315089,340.1123506337267,-0.86084026
N81067,420.7196128992893,-0.646434792037157,0.74758023
N81068,1487.0068169097385,80.4194240909992,0.43158633
N81069,-147.1258787870727,59.24374100448478,1.330821
N81070,644.3741341428482,117.97766202298423,0.633645
N81071,53.35853629902847,5.010850621749548,1.330821
N81072,786.4709536468123,93.31543045158818,-0.86084026
N81073,494.4642851962881,-4.610239264303909,0.6250823
N81074,264.9032639559554,37.483898438492865,0.8312997
N81075,827.6372903522837,13.05714847280484,0.74758023
N81077,688.4904702836092,84.75212867748856,1.330821
N81079,403.87108371014324,71.69938390622026,0.8280624
N81080,255.64028668740883,113.8759555439592,0.8280624
N81081,158.34391625950178,-15.606224389366016,0.8280624
N81082,1174.4393523014164,108.89601151219378,0.8280624
N81083,116.18258387532524,4.338239296633658,0.74758023
N81084,946.5077248789859,142.19973151151294,0.43158633
N81085,356.9869479150446,99.96121046923723,0.633645
N81086,357.3484016179004,35.26684076830213,0.633645
N81087,2452.873612306547,95.41304893104608,0.74758023
N81088,676.061135283348,140.07631974693803,0.633645
N81089,605.3713480330249,5.287089295141855,0.74758023
N81090,-66.21866837557577,12.113761707630106,0.43158633
N81091,159.38374571910703,43.27583546384556,-1.2506346
N81092,770.3582135406995,170.1736955078067,-1.24072
N81093,676.4942202694036,626.393527172865,-1.24072
N81094,152.1121364970262,78.77373005887479,-1.2503762
N81095,282.8931282981281,110.94916481922294,-1.2501132
N81096,779.9848223585672,103.00194377135703,-0.86084026
N81097,17.445744681388938,-20.281600720255746,0.74758023
N81100,54.10741000401342,111.98186277211248,0.8280624
N81101,-27.99252633410115,22.751324408946385,0.8280624
N81102,-116.08828419430648,131.23650475455696,0.8280624
N81104,-385.97681216819,-193.57059940598006,-0.16053504
N81107,-70.69906574502087,29.05274012306842,0.74758023
N81108,354.65219518312284,24.91356225994531,0.74758023
N81109,272.96613681969,-13.797443614985195,0.74758023
N81111,108.84815138363894,86.54728016858019,1.330821
N81112,-96.68009639292164,-4.162265814578611,0.6250823
N81113,495.03558965177695,21.184727488586706,0.7500981
N81114,750.7464343255712,136.27219394402658,0.74758023
N81115,148.31511033917081,165.88155173822275,0.8280624
N81117,474.293979985526,91.98750155703922,-1.24072
N81118,296.6583586854577,81.7310229537739,1.330821
N81119,237.77969604250538,102.5623876465462,-1.2634585
N81120,-48.89786546836916,88.04356817151546,0.8280624
N81121,45.596897566332004,40.876906700739504,0.8280624
N81122,499.56431873571444,87.61145518700827,0.74963236
N81123,379.9858891763881,88.05309788990144,0.8312997
N81124,-215.79495017911535,15.197144400206476,0.669526
N81125,301.748863582654,68.04969289315464,-0.22599992
N81126,-167.27403387829509,18.487685399065654,0.84997404
N81127,816.2601292320063,84.88226902254921,0.8312997
N81607,-101.95433166701494,82.92832485011259,-1.24072
N81614,-35.54815340228499,95.30496098710721,0.8307818
N81618,-148.6293762668857,11.056127372971371,-0.9184168
N81619,25.96453384222631,18.925930902909627,-0.86084026
N81623,-76.00228430252336,180.81772739975727,0.74758023
N81624,88.61610950891972,153.38295793497002,0.8280624
N81625,-80.2740821322811,79.20889092804121,-0.91841674
N81626,116.34960973489652,47.54070393777783,-1.2427937
N81628,461.26199919056165,128.02789380086674,0.74758023
N81631,-499.1468158713914,-2.7878249112078795,-1.2415829
N81632,31.679849063876937,82.06675048016413,0.633645
N81634,730.5623324799137,365.0337801798168,0.669526
N81637,-197.57846398607523,8.413325014627011,0.74758023
N81642,-35.499163373862025,21.697173297616626,1.3313087
N81645,-128.90903686499308,-34.41194278493835,0.74758023
N81651,-217.89299346513968,55.289986138896715,-0.86084026
N81653,-473.2918160146436,-3.429414382672096,0.669526
N81654,-377.71495617801287,-27.104996412656206,0.669526
N81655,-351.7568464439691,5.630550809241162,0.8280624
N81657,-481.60161220036343,-5.6453806767328105,0.63502854
N82001,693.7037745089036,35.11196297924648,-1.2634585
N82002,379.42979904460196,58.99858873987781,-1.2634585
N82003,150.8453933112043,58.38998272982052,-1.24072
N82004,-19.86436764702663,-21.809223720580313,-1.24072
N82009,362.8782474263963,28.455904641351836,-1.24072
N82011,1581.5747904871876,-59.35323859523983,-1.24072
N82014,276.2406217755304,29.632378019667584,-1.24072
N82018,1203.2504014437932,115.07564615926124,-1.24072
N82019,349.4990828684309,58.64198395249344,-1.24072
N82022,1232.0250264746874,-188.39227220573656,-1.24072
N82024,1099.25195798107,76.93634941324268,-1.24072
N82026,52.72544326663607,23.145283533450577,-1.24072
N82033,465.7566370466602,92.39822699971349,-1.24072
N82034,551.2834734946432,71.22906108682257,-1.24072
N82035,609.1211577815499,31.90950294805982,-1.24072
N82036,469.61228873820403,-20.919632017192914,-1.2634585
N82037,1222.344312391974,16.807039188866128,-1.24072
N82039,-175.05743693138223,46.62943738245098,-1.24072
N82041,820.5739202077051,280.99708230121234,-1.24072
N82046,586.0556337912483,148.4490756680787,-1.24072
N82048,755.5013167296546,109.17205998741477,-0.18911467
N82049,538.8427683811906,73.25898210187762,-0.18911467
N82050,-136.70511202624576,30.320527719360786,-1.2634585
N82051,-115.45134123783477,35.4829709939276,-0.20853423
N82052,215.04728333635856,187.14460118925993,-1.24072
N82053,1507.4291894043956,336.3931679757991,-0.18911467
N82054,443.9588198049322,32.93826042386452,-1.24072
N82058,283.8261627854419,76.78360776784447,-1.24072
N82059,-145.26295798923385,58.207907646927815,-1.24072
N82060,217.61156602117913,-74.70775630806291,-0.20853423
N82062,77.49549415849792,82.83094844696495,-1.24072
N82065,315.6862911117666,34.31244124845207,-1.24072
N82066,387.0022654646064,-4.007719457215628,-1.24072
N82067,62.766466524880684,60.65954953882814,-1.24072
N82070,967.3078691713728,127.43327340759028,-1.24072
N82073,138.12961070152951,43.464770553902035,-1.24072
N82074,1097.0811839151504,85.80964874540301,-1.24072
N82076,636.922808954138,124.16297877759725,-1.24072
N82077,-12.368925594483782,-2.937711926991782,-0.18911467
N82078,233.01415647422323,-18.46437971177152,-0.18911467
N82079,-45.1511172659285,36.804208630841906,-1.24072
N82081,343.79853957193774,271.3549650433055,-1.24072
N82082,314.0183043336326,22.731394848690012,-1.24072
N82083,660.6709964253278,210.7219006416887,-1.24072
N82084,638.6815954462929,47.21533317891813,-1.24072
N82086,124.05890690518821,119.63159944696068,-1.24072
N82087,-26.623840565901638,-0.17177087720065154,-1.24072
N82089,-65.16075251619786,19.23390712146914,-1.24072
N82090,992.9448278763616,76.0236117225257,-1.24072
N82091,-127.00784788954773,-30.196246007046824,-1.24072
N82092,562.9041933460655,107.66817868372412,-1.24072
N82093,-13.680286829523888,28.717115447683113,-1.24072
N82094,679.2973261827076,255.62907393164016,-1.2634585
N82095,300.587982854031,136.28709681282373,-1.24072
N82097,599.2861988537929,212.33478202555796,-0.18911467
N82099,1033.0790153395553,287.75794824550184,-1.24072
N82100,-205.3137753474484,4.528576379798755,-1.2471931
N82101,283.2823507523102,-133.91457472429576,-0.18911467
N82103,503.0486115644235,234.51613532020733,-1.24072
N82104,25.634667190223368,18.046700938312856,-1.24072
N82106,-88.3642536538242,29.08689265163449,-1.24072
N82107,-334.833838950404,30.564304775051173,-1.24072
N82108,33.7694673947156,72.4954934773808,-1.24072
N82109,78.89097384848299,111.45052241519303,-1.2634585
N82110,1169.9044207767727,105.71392914763315,-1.24072
N82113,166.5173752754075,134.20222379957653,-1.24072
N82115,1231.888785354864,259.352533716304,-0.18911467
N82116,110.5072968429596,88.75706695138524,-1.24072
N82117,1612.2594875343432,766.8910890524724,-1.24072
N82617,-65.01962296305214,68.91047781556561,-0.18911467
N82619,-537.0098785782114,-27.428749236059833,-1.2432233
N82621,-49.112168459293684,17.574085335282305,-1.286978
N82623,-140.12210398803475,-26.312809760867697,-1.2465377
N82633,-42.15115894197816,100.07980614393664,-1.24072
N82641,323.9392266422975,-31.726572039607337,-1.24072
N82645,264.43709058474263,55.123103410937006,-1.24072
N82646,900.6803399960428,-123.62398023176215,-1.24072
N82647,-310.46335285561764,-27.181492240583058,-1.2497538
N82648,-276.2407733073084,29.7317405673924,-0.18911467
N82650,134.92075109291488,31.60644040326551,-1.2634585
N82651,35.04445196235696,224.1364097321018,-0.18911467
N82655,-14.368115567228159,14.67257190353864,-1.24072
N82657,-281.7398399219828,-82.79252497998958,-1.2432233
N82659,-322.8540625204088,-21.605565472003487,-1.2432233
N82662,701.1408473141452,107.36658205958965,-1.24072
N82663,20.678075653147467,67.03260359096757,-1.24072
N82664,-173.83151743707091,-55.11963118495102,-1.24072
N82665,305.37291537841423,67.66887690348835,-1.2495725
N82668,-149.6269965320622,45.28325148423676,-0.18911467
N82669,217.58678566112445,126.31485599529472,-1.24072
N82670,133.11710486039846,-73.4309702535037,-1.2508714
N82671,61.922702146425145,-83.72189425808398,-1.24072
N82673,-479.466927776558,-26.728739957934387,-1.2389774
N82675,-494.26141270679904,-27.57464970692375,-1.2432233
N82676,-98.59242106330326,67.13511041704719,-1.2634585
N82678,-35.7548658457309,66.03471139422845,-1.24072
N83001,1588.5551748402859,140.31131899755323,-0.7425849
N83002,1415.4785521876115,24.45670056990099,-0.74130654
N83003,587.1818221651222,-27.09920202837035,-0.7425849
N83005,808.9561319454958,38.05632232517639,-0.74130654
N83006,48.27328807479918,25.07484922903677,-0.7425849
N83007,-89.69811530236095,66.5808906186384,-0.7425849
N83008,1347.2327167841502,20.935870419699818,-0.7425849
N83009,1895.973429578765,142.50499469370098,-1.2634585
N83010,330.13798928113516,0.775929340649744,-1.2642057
N83012,1107.494715975371,279.58818415230087,-0.7425849
N83013,181.9016620769998,94.98031014060979,-1.2634585
N83014,1160.9874370777572,115.84950788079085,-1.2634585
N83015,190.62978600289304,86.03588312151744,-1.2738994
N83016,-406.65864058976007,-129.96363647559684,-0.7379688
N83017,151.35029463835545,138.94539210301448,-0.7425849
N83018,1148.5463447155073,79.84700731090697,-1.2634585
N83019,850.3115518638514,-170.6587157316134,-0.7425849
N83020,1145.7059382334623,623.0314377643382,-0.7425849
N83021,673.9096040485225,24.80283839948871,-0.7425849
N83022,981.6597102953763,54.07537198378944,-0.77060634
N83023,1062.6182374391767,325.28985893436345,-0.7425849
N83024,936.4556520660186,13.61419529472117,-1.2634585
N83025,867.7887468406954,600.1961800265947,-1.2634585
N83026,-173.86110961411674,-8.589209113508065,-0.7425849
N83027,732.0366608524922,36.37734797487386,-0.7425849
N83028,3754.8531052247035,-138.491210778977,-1.2634585
N83030,211.68988673417763,42.436967722851506,-1.24072
N83031,-112.99699335237248,42.41536738997927,-1.2634585
N83032,1533.706997425524,112.62743583722984,-1.2634585
N83033,656.1906135762667,14.017643141169705,-1.2634585
N83035,711.0357606254429,110.3439191853202,-0.7425849
N83041,78.74613748522418,29.20592067002497,-1.2642057
N83043,102.65348176819852,-37.98862525750416,-1.2634585
N83045,170.98248418187447,103.62278914569147,-0.74130654
N83047,-5.971343476176707,138.63029443920257,-1.2634585
N83049,-18.471847311113947,31.031894397722766,-1.2642057
N83050,120.1486514105736,88.00129607530276,-0.7425849
N83053,150.80048610332577,106.32255169369284,-1.2642057
N83054,15.776378502788777,94.36151088305058,-0.7425849
N83055,518.3412827201205,56.32348152554195,-1.2812123
N83056,-54.45762037069426,-22.152670913928773,-1.279313
N83057,-425.6216987212948,-387.9086334092643,-1.279313
N83060,266.96462764277834,52.434855786494964,-0.7857264
N83601,282.22831113660504,359.83416285883436,-1.2634585
N83603,402.75969940509134,119.59568425724399,-1.2634585
N83604,-24.42762462767734,21.40259103171528,-0.7864474
N83605,144.08269170735863,98.22215555740054,-1.2634585
N83608,1276.3381923158977,523.2983150754844,-1.2634585
N83609,197.6458924874749,153.07028683862984,-1.2634585
N83610,-102.69501003526142,39.29074546865467,-1.2634585
N83611,-92.17292120409846,-87.82838352429368,-1.2797185
N83612,-6.067246190019413,57.612655245208906,-1.279313
N83614,-147.70618340145555,153.46723883577312,-1.2642057
N83619,-227.00501119012478,94.30974997924228,-1.2634585
N83620,59.312456049028455,79.75951083853826,-0.7425849
N83621,98.92032732494323,-25.061281669097447,-1.2634585
N83622,-19.419834296321728,59.00228653641469,-1.2634585
N83624,-132.7205879632012,-5.333369091497005,-0.7438782
N83628,-7.787336325204296,72.69204779868382,-0.75479585
N83633,87.83924920271893,3.3530826740311306,-1.2634585
N83635,-150.7320847740994,-50.564971152671056,-1.2738994
N83636,148.2300547684203,-38.147948611950426,-0.7379688
N83637,37.497116131442354,27.18489042880443,-0.7425849
N83638,-455.0369521239195,-1.9329300986841988,-0.7426392
N84001,340.69751348199645,265.1802586599313,-0.18911467
N84002,-12.710739482447293,-10.89663043410946,-0.18911467
N84003,652.4559887739795,46.36317349457669,-0.18911467
N84004,835.8868484323859,151.66753212388244,-0.18911467
N84005,882.066684708886,341.7724525116458,0.61424416
N84006,428.7015282489757,137.73929785854986,-0.18911467
N84007,237.71381298424777,74.2730596163055,-0.18911467
N84008,505.56035563843704,222.57607431446596,0.61424416
N84009,-87.68277369003489,69.37554528078526,-0.19662465
N84010,-109.89112818353397,122.28950074522491,-0.18760225
N84011,256.64381639763843,68.77145766536243,-0.18911467
N84012,791.3313842820625,21.031144787083473,-0.18911467
N84013,541.1567067710195,567.7393798763956,0.61424416
N84014,-28.173177454891835,69.38231624524083,-0.18911467
N84015,804.2289801914957,16.868810117501603,-0.18911467
N84016,827.5491853516302,-30.147180443253266,-0.18911467
N84017,1081.7405605391205,40.902453797466464,0.61424416
N84018,503.0806230442572,152.70495447166647,-0.18911467
N84019,741.3017535196415,-4.721091923205668,-0.18911467
N84020,452.52509820645304,194.50622589797138,-0.18911467
N84021,1683.6845974591006,199.13647644737716,0.61424416
N84023,841.2759226581553,84.88222630912465,-0.18911467
N84024,695.1247094513747,128.79181856727442,0.61424416
N84025,518.5829816284995,148.6086659741357,-0.18911467
N84026,-177.02414033551239,5.808505765265606,-0.20469438
N84027,61.302723809071956,50.18270167704545,-0.18911467
N84028,747.8845516697571,18.063302597263455,-0.18911467
N84029,435.68973257321767,23.58233616183367,-0.18911467
N84032,-236.08733081205727,-6.590780992070423,0.48907793
N84034,608.9862955884336,101.45893855958182,-0.18911467
N84035,179.11560881741826,-15.06354482690087,-0.18911467
N84036,-333.9001271165141,-89.17294887211462,-0.2065677
N84037,-158.59394385292984,16.38155965400175,-0.1979291
N84038,517.9831013393864,249.71713368617324,-0.18911467
N84041,53.50760483068729,42.34299814456841,-0.18911467
N84043,-173.41851514909877,-28.926465554133834,-0.20330791
N84605,25.477702913990267,95.31733280231563,-0.18911467
N84611,-2.662105471333888,130.31083199128116,0.5501974
N84613,21.871449625328168,108.7876639340085,0.61424416
N84614,-132.38460002849456,88.85371961548724,0.61424416
N84615,-49.793051007091925,64.39898691414487,-0.18911467
N84616,-324.7589179873396,-61.688574561169595,-0.19662465
N84617,-54.099707298254465,99.9479851192871,0.61424416
N84618,12.962399767340537,-27.48258637977787,-0.22777048
N84621,-34.40721894298536,104.94238070381964,-0.18911467
N84622,-276.3762649474736,-40.241869168055956,-0.19662465
N84624,-303.88124199720255,-8.486828966653427,-0.2270473
N84625,-53.02890982584875,61.01932877599797,0.61424416
N84626,-271.2593338931958,8.008792953607255,-0.18911467
N84627,-237.23049633629495,-12.741450728084024,-0.19924936
N84628,-480.5514004300528,0.6414308989121689,0.6195558
N84630,-168.9009672299254,28.8302541279217,-0.20469438
N85001,-51.440198928291,32.84119693680628,-0.22185543
N85002,861.4969301793799,310.6341041675588,-0.22599992
N85003,15.37433383897552,-11.809264681116455,-1.2488114
N85004,-210.53474106744923,-92.80499893797426,-0.16053504
N85005,948.1269193277775,-63.02544859886428,-1.24072
N85006,512.7455937029521,80.96023455335173,-0.22729038
N85007,931.1878022982523,284.4567570457555,-0.22599992
N85008,899.7747897254379,5.6758623817997,-0.22599992
N85009,358.12440372124155,-14.17247662096999,-0.23672421
N85011,-186.3470143566901,-83.77474073560266,-0.16053504
N85012,771.5086500702852,104.84899682772198,-0.22729038
N85013,347.0866981641819,56.35030696155546,-0.22599992
N85014,3.9643454403354914,-40.589248066652004,-0.2488596
N85015,360.9888940699826,10.065720786515447,-0.22729038
N85016,652.999203573869,145.67635990399248,-0.22729038
N85017,378.2361094116583,58.56700264392174,-0.22729038
N85018,272.9606244945123,-23.573755920006995,-0.22599992
N85019,840.2174434602953,21.050397367544708,-0.22729038
N85020,1243.085198947473,483.93461128602513,-0.22729038
N85021,3.4565139394454416,64.93900305261374,-0.22729038
N85022,-79.73293480833446,29.077512972564914,-0.22599992
N85023,352.66678699132535,41.97795151692952,-0.22729038
N85024,902.7809465579268,159.6601109740527,-0.22729038
N85025,118.90400137947522,70.79143297137855,-0.22599992
N85027,1012.7346137102712,-3.301981916933075,-0.22729038
N85028,718.0054351301976,287.82306912913725,-0.22599992
N85029,206.7246386219916,98.87630852390042,-0.16053504
N85031,384.7612257749673,-165.63629259807942,-0.22729038
N85032,189.7631561124284,1.5247420766539521,-0.22599992
N85034,462.51306881269016,-11.513399929156959,-0.22185543
N85037,361.56743368765046,59.89003787006348,-0.22599992
N85038,641.8106258936502,-22.25623652535613,-0.22729038
N85040,210.60428183119475,15.389325178472669,-0.26287484
N85041,449.61383588481755,67.2499873627338,-0.16053504
N85044,1391.3659583706133,591.8998649038502,-0.22729038
N85046,-3.4709738125708034,83.25467232347172,-0.22599992
N85047,76.36390294544404,118.17736297330494,-1.24072
N85048,111.28618073080784,7.200575685897638,-0.22599992
N85051,1027.4298402716886,548.4226827872438,-0.22729038
N85052,-165.4557053807276,91.16344817638651,-0.22599992
N85053,27.746461444087462,56.717281749510086,-0.2177582
N85054,-10.110504582797688,64.1489337874158,-0.22729038
N85056,9.671609888596883,17.319810564902618,-0.16053504
N85057,-274.774019234944,-23.04804200391125,-0.22729038
N85058,-7.846283842978421,-15.286776495101876,-0.16053504
N85059,32.12984005686771,102.95752676342485,-0.22599992
N85614,-329.736697106584,-44.300011346514324,-0.16053504
N85616,98.32403760261505,73.31471736525809,-0.22729038
N85617,-71.06396220375481,60.4778617791431,-0.22729038
N85619,80.47416705232992,146.59111678734848,-0.16053504
N85620,217.04908529881368,157.34953859411152,-0.22599992
N85625,1335.96448900245,759.2219130500563,-0.22729038
N85629,269.99714122336144,41.50093151324204,-0.22729038
N85632,-502.4014548765062,-14.148079002269371,-0.16053504
N85633,-166.98030198543464,69.09654214240624,-0.22729038
N85634,-149.16185779785854,34.30767060031079,-0.22729038
N85635,-158.34206885869517,58.458353545129825,-0.16053504
N85638,-447.5294024500403,-21.941186432671504,-0.22134057
N85639,-464.1046172543882,-31.358523369210317,-0.2026877
N85640,47.09247728847554,-8.8732601982365,-0.22599992
N85641,-481.99972133885274,-9.564710010482129,-0.22870429
N85643,-119.45601841415814,193.9723609699715,-0.22638275
N85645,-408.6863683095893,-29.226622165337083,-0.22795993
N85647,-465.058402414912,8.338530810630166,-0.19755003
N85648,-89.37428598344127,56.226225281764854,-0.22599992
P81002,2948.922702219979,1982.8102130381342,0.07018812
P81003,727.6968197976757,-114.04257052907212,-0.319667
P81004,290.29494541872157,-242.45688020444433,-1.2973578
P81005,669.8174289500166,4.870028976885239,-1.1220206
P81006,1481.2537012292992,571.1099937665214,0.46425328
P81008,501.584998124035,83.11875602809172,-1.1826518
P81010,70.13820972321642,-9.994911328013256,0.83948284
P81011,438.68908725488575,261.3482673113332,0.056002606
P81013,928.4503355118223,103.75273926028146,0.07018812
P81014,416.050775391842,120.94905581248848,0.61424416
P81015,401.63360813726115,126.0513174993621,-0.6282397
P81016,1985.1537329370808,-40.96518797017865,-1.3033727
P81017,722.2625891816712,104.9304436037727,-1.0792555
P81018,541.4510880377801,-10.819375424404411,1.2260987
P81020,1847.1639692274844,744.2065956068254,-1.1826518
P81022,1092.1779673082249,-28.029077787711504,-1.1217356
P81025,1295.4760098925888,208.83345282671888,-0.9280129
P81027,1848.2282653214202,-0.9015054517901515,-0.32116508
P81028,128.37414855344304,20.297509375386337,-1.1402175
P81029,1965.1970397438795,457.72681892615867,0.07018812
P81031,522.3867124696693,-46.6873499531263,-1.2968361
P81032,1040.1796158019806,27.028660012682703,-0.9280129
P81033,836.1416730878566,62.90865274253192,0.8395434
P81035,331.3346724478443,18.411674796683975,-1.1833521
P81036,1945.9865079500362,149.85577410354634,-1.1165257
P81037,715.6776765801791,179.01098818979227,-1.2968361
P81038,390.0205567162789,203.46090066054498,0.8395434
P81039,274.52931744134725,26.77060279873181,-0.74130654
P81040,597.5281748648243,59.549651944880246,1.2260987
P81041,234.91105980911195,197.81633983995403,0.61424416
P81042,1583.2649330331024,246.12731014921735,-1.3033727
P81043,559.001467974339,22.95347326512048,-1.3033727
P81044,1762.636793446282,86.06298201041804,0.8395434
P81045,31.643461534557275,29.030908700036175,0.61424416
P81046,231.31556899776993,24.996260288952445,1.2260987
P81047,1143.9244348044938,396.5197325793523,-1.1826518
P81051,1298.7992886870102,155.33277684532354,-1.1217356
P81053,391.39042353693867,-1.0541451892779161,-1.1833521
P81054,897.2379452701405,76.37684163567003,-1.3033727
P81055,559.4928079167641,190.4219140929818,-0.62819624
P81056,460.6119120406342,-95.21621502360586,0.5251675
P81057,783.4843900927016,79.04532797844972,1.2260987
P81058,831.3829494152916,68.63625195163989,-1.1217356
P81059,549.6261405465397,47.09806329765504,1.0030941
P81061,242.2930171742349,-105.56476705724772,-1.1217356
P81062,505.1581154824544,-6.15323253060209,0.8395434
P81063,1272.178780003872,227.56738857615608,-1.3033727
P81064,166.8440528129777,-18.791421995588294,0.056002606
P81065,737.1978837327557,424.9509269450509,-0.9280129
P81066,694.4835727468164,235.2952269816884,-1.3033727
P81067,989.399438128785,82.92624630256438,-0.6282397
P81069,797.3297836930241,102.79550925327268,1.8886504
P81070,480.97996173634334,52.01520937971246,-1.1833521
P81071,364.8280823838375,-107.39947754253413,1.2260987
P81072,1740.6575025314135,138.8841283649519,-1.2968361
P81073,926.9017594709507,255.7253681126113,-1.2968361
P81074,1851.6645358565843,-113.84167098651976,-1.3033727
P81076,635.2277716767425,6.62308239010869,1.2260987
P81077,751.2001841860917,108.40279399473738,1.0030941
P81078,788.3461146761533,80.93937541182719,-0.9280129
P81079,928.9274867462332,156.90673272369904,-1.2968361
P81081,232.41658989031177,190.51092239832025,-1.3033727
P81082,773.2406662728947,-58.60015076070607,1.2260987
P81083,463.95393524698994,-2.8502415338757037,1.2260987
P81084,282.7658910242084,78.57301661278198,-0.74130654
P81085,363.11396298904015,-78.37109396164261,0.5251675
P81086,1209.8618220616058,73.02876420459805,-1.2968361
P81087,1401.3513602270627,162.94266687877226,-1.2968361
P81088,447.2586715047971,-14.14213662393029,-1.0911463
P81089,1664.0993699404487,-7.440529691277296,-1.2968361
P81091,788.9960444604295,-15.025960518453914,0.056002606
P81092,693.6525556632919,-43.981994405795334,-1.2968361
P81093,-331.3419594619915,-29.282538508567498,1.2026123
P81095,473.4021728280835,-68.29413704052536,-1.1833521
P81096,147.15168791520645,5.796426997651641,0.61424416
P81099,777.5331613375547,-17.26636147358897,-0.32116508
P81100,1606.6142310987066,46.349743192369026,1.8886504
P81103,557.063270065728,71.32764146134997,-0.6282397
P81104,145.09074542350393,28.74510035169654,-1.1402175
P81107,157.05722473753954,-19.89897779464126,-0.62819624
P81109,233.86541958933717,-15.919569420244192,-1.0627753
P81112,1575.6959544363547,319.16429378073656,0.61424416
P81113,148.4629317728529,69.64484587065073,1.2104326
P81115,1884.4391768450885,456.5639718405663,-1.3033727
P81117,167.1592526927264,47.289927064892865,1.2260987
P81118,702.6242804563162,131.65933061325592,-0.319667
P81119,422.0212371414471,96.59370747889655,1.2260987
P81121,-181.6715203577035,20.40249596856233,-0.7379688
P81123,1801.0826701810279,-319.7017822848593,-0.9280129
P81125,673.6414933536861,-76.19241336819336,-1.1217356
P81127,9.042254166370787,114.81675460837276,0.8395434
P81128,834.0774775824225,85.02139224636089,1.0030941
P81129,948.9624593190126,110.73911782107724,1.0030941
P81130,1003.4408539881782,84.40131680190852,-1.1833521
P81132,757.8365334356278,50.51546697750759,-0.319667
P81133,932.5972597301355,61.819479311485125,-1.2968361
P81134,41.56282454528646,-5.618893746598511,-1.1507832
P81136,-156.95221897749434,61.673838922018504,0.61424416
P81137,463.6965121658075,68.96133838292376,-1.1826518
P81138,-140.0209493873072,9.395855746028149,0.61424416
P81140,1446.3056877994172,425.399038306559,-1.1217356
P81143,576.6080535556483,57.103588275333564,0.8395434
P81146,136.8545147908842,-400.4947663461702,-1.0790738
P81147,382.50265388188194,-106.48577135738594,-1.1165257
P81149,266.9636844287706,84.4942141433579,-1.2968361
P81150,611.886834818201,332.58687682271255,-1.2968361
P81152,421.2180286817226,326.1998119804228,1.2303879
P81153,952.7478356422148,298.3767490997952,0.5251675
P81154,460.4979626882676,14.485051580304672,0.8395434
P81155,-71.20939017531809,57.029428790909236,-1.1220206
P81157,516.014173357837,81.78917252441926,1.0030941
P81159,1319.7471216320423,357.3288926211722,-1.3033727
P81160,1207.459409796501,177.41633868001037,-1.0792555
P81163,-230.78050522140114,2.142880503359924,1.2469597
P81165,-155.57352739481823,36.44535401982619,-1.1826518
P81166,-69.65684634664481,-36.832257259945635,-1.0792555
P81167,496.9565614241682,-119.91623258355801,-1.1223651
P81169,285.7576194436048,-12.265287041784678,1.2260987
P81170,272.8059500140581,58.685170883610155,-0.9280129
P81171,-91.33564471105583,46.65900745350448,0.8395434
P81172,830.2231290853113,136.09244805644752,-1.3033727
P81173,-215.1012530996251,-30.60939604536499,1.2086344
P81174,-933.8495092820951,-494.4581961982884,-0.84623766
P81176,-144.29988045988657,-147.96696987252363,1.2448856
P81177,-305.90370203967075,-54.6558716988382,0.5220741
P81179,-33.58274853124424,98.15112117747337,1.2260987
P81180,138.91277163599833,-13.04430241370536,0.8395434
P81181,58.81689112521103,57.58931849368443,1.2260987
P81182,374.0181545362548,-173.0056212892742,-1.0792555
P81184,614.546775677773,78.6936930961497,-0.6282397
P81185,780.5949393180987,105.05463521446016,1.2260987
P81186,29.474486263851794,7.306125071422658,1.2260987
P81190,278.46434093733023,25.3389959603613,0.52314
P81191,578.7375483088124,58.658110756382136,-1.3033727
P81196,1792.0333744778973,1182.4118027724437,1.2260987
P81197,46.31311719182797,64.85147216309221,-1.1826518
P81201,79.00328217157706,41.4734227846143,0.61424416
P81204,251.31073976686145,-145.77838810517025,-1.0920612
P81208,1500.6701706738193,532.1845195845906,-0.74130654
P81210,242.39249679564534,-78.98626597660852,-1.2851009
P81212,229.26310196384227,-23.971409757616687,-0.32116508
P81213,487.5593456755852,144.8090810394763,1.2260987
P81214,-84.1973290860433,-28.27963492811148,-1.1217356
P81215,382.38279702105007,20.806324968351436,-1.1402175
P81218,429.90652495840715,-22.728881086572713,-1.0792555
P81607,143.47910600311886,44.19626091908359,-1.0627753
P81620,-352.73520959784145,6.98952220664688,1.8871852
P81622,305.44414419826705,59.80324611808391,-1.1220206
P81624,79.65158613347259,-173.8697892789797,0.5251675
P81633,-85.38966446408186,16.59804149742731,-1.1217356
P81634,66.98052445936067,73.17702451795904,-0.8462376
P81641,-634.8488612247692,-288.62557878421694,-0.8462376
P81642,-212.75391002830494,9.155517073778972,1.2086344
P81643,47.02034331504152,-283.23835231481667,-1.0746849
P81646,29.665451728694475,19.80205330915721,0.61424416
P81647,-203.30356708249133,74.31349358697044,1.2260987
P81655,40.11237785757752,242.58371875111393,1.2260987
P81659,71.42905212581682,117.03309317013588,-1.0440495
P81664,1525.0817539399764,292.03256123064864,1.2260987
P81667,-236.95303415266486,-63.095130701445996,1.2271104
P81668,195.81690480060396,182.32909177896113,-1.2968361
P81674,62.56156083694438,9.52165537598352,0.61424416
P81677,-433.08658120420785,-69.84839794361675,-1.0266856
P81681,1385.619425966239,212.30525683929676,-1.2968361
P81682,-832.5735781750441,-366.55775808805845,-1.0266856
P81683,333.3685164032759,-130.6151504169689,-1.1217356
P81684,231.97815313429072,-181.15373571036713,-1.2809534
P81685,-32.60123624546091,-12.526843330231411,1.2260987
P81686,-196.96010030998298,12.498771915631156,-0.32116508
P81687,-240.54678780750567,13.363717202004487,1.2260987
P81689,-230.83514953588036,-15.795375732537924,0.79312485
P81690,-248.5098195736713,-2.6245987546657923,-1.2797426
P81691,-372.85713602065755,-34.31691557290333,-0.52143115
P81692,-304.02198856643383,11.373615452859566,1.2260987
P81694,-140.8620132904088,3.9493401957655667,-1.123501
P81695,29.526170344905516,83.13266773769877,0.61424416
P81699,-140.05268304592897,-1.3174953663220306,-1.0795611
P81700,-343.7985024194176,-18.97858793493786,1.2469597
P81701,-124.42729487586877,-10.624682304862208,0.8395434
P81704,375.8808518908019,237.24127759475684,-1.1220206
P81705,-171.03481462425648,-10.21063400494155,1.2469597
P81707,195.6719464159605,-131.171020837293,-1.1223651
P81709,418.4055368426344,32.98571499563493,-1.1217356
P81710,423.8464236485504,161.1687101438554,0.61424416
P81711,-119.70589514323167,-4.239210034245446,-1.0792555
P81712,54.76553672444653,61.75141780505675,-1.0627753
P81713,-153.29326524362185,-20.152372651135092,-1.2920831
P81714,264.7221060843481,256.41743730835685,-1.3033727
P81717,-592.7359891151004,-202.11103246867572,-1.0627753
P81719,-838.8216902443797,-331.18118043359283,-1.0627753
P81721,-242.5857380312581,56.640998338798695,-1.1217356
P81722,-146.20638569546955,38.91009846701322,-1.279313
P81724,-215.74577005695693,-36.083149690464765,-1.1217356
P81726,-205.744714236017,-39.86318868144514,-1.0792555
P81727,-200.1879303809939,-13.094120429554643,0.53041697
P81730,480.85345720827536,64.12051698987264,-1.0792555
P81731,-165.46776947918528,-80.87945741832732,-0.9280129
P81732,-70.26854613718203,100.79017239757579,-0.9869134
P81733,-140.51495826762573,-0.7645885668475513,1.2449092
P81734,2283.625830100287,25.73501773218933,-1.1223651
P81735,-36.84742165190782,36.05022561894156,-0.6282397
P81736,154.38540411904881,-62.569517326313445,-0.9280129
P81737,-278.42222699175045,-11.356131670226551,-1.2937
P81738,-371.7672397625326,-40.64394029604786,-1.0698467
P81740,-25.72192166282383,338.0735978140838,0.83972365
P81741,-215.7898456983065,-0.8292910355261439,1.2260987
P81742,-103.0797652140213,-14.086291031653943,-1.2968361
P81745,-117.35217387788099,16.16667983949503,-1.2793131
P81746,151.38610383231818,167.89726912825253,0.7777948
P81748,217.51039009424994,98.20191380712374,1.2260987
P81750,-268.7267823387653,-60.21483405569042,1.21385
P81754,-258.32895865450297,-218.16586025607478,-1.279313
P81755,640.1763230307714,262.1086749338359,-1.0792555
P81756,-67.1075055164689,-74.27814618868112,-1.149777
P81757,-230.0608888975659,-1.7394521410166213,-0.9280129
P81758,-267.0595671663099,-29.305087373809215,-0.7587897
P81760,216.47015468615564,-26.2456236825968,-1.279313
P81761,-211.5738836192476,-47.041455144107346,-0.84623754
P81762,-257.76435319623675,-46.82352581255729,-1.279313
P81763,-203.5371690224726,-102.69242980784209,1.2287326
P81764,-341.6107897200683,-166.54177590836747,0.4890779
P81769,-320.54682735826333,10.423603326129491,1.2073877
P81770,1.6242994247620919,163.14302378335208,1.2260987
P81771,259.12947506664165,139.79463746939626,-1.1217356
P81772,-172.93195241823796,-66.5201185873712,0.493837
P81774,-305.373223055288,-123.54114253950212,0.49156684
P81778,-113.42174084210247,-7.666936196460553,-0.8615677
P81779,-621.0572117283467,-271.8988161743885,-1.0266856
P81780,194.25978013764802,-76.03559195056845,-1.1826518
P81785,-222.2926097419278,14.620508144028866,-0.5505945
P81793,-493.36540012800805,-2.233776219738633,-1.1080352
P81797,-923.2627042213553,-666.3183304616589,-1.1349545
P81801,-467.5532815177959,-6.708828524689105,1.2469597
P82001,943.4537794908101,184.00199268824025,0.037852284
P82002,473.38189421784875,36.08050369999972,-0.7173163
P82003,933.7581239966421,203.9887057491379,-0.7173163
P82004,469.3314180874313,8.369594359830451,-0.7173163
P82005,260.894425632647,28.53437569062775,-0.7173163
P82006,553.1474702378922,167.72275866828474,-0.7173163
P82007,1323.3136510500215,180.74655141437063,-1.0275298
P82008,1719.509163638536,-50.21757976120932,-1.0285727
P82009,409.15532528601625,65.33551045211419,-0.7287695
P82010,398.83635958204087,70.48990836733236,-0.7173163
P82011,180.8057337317779,134.29187831444173,-0.7173163
P82012,409.4043474480738,36.56225204960641,-0.7173163
P82013,236.66227343732137,-75.85156034615854,-0.7173163
P82014,269.9293864503382,-16.040039870386302,-0.7173163
P82015,1832.4168783910968,94.69780829254694,-0.7173163
P82016,746.6160706189504,50.30960742105217,-0.7173163
P82018,352.78094147598597,30.42560979300197,0.037852284
P82020,36.763195163401086,26.357615661765966,0.037852284
P82021,186.66953808732947,112.8721976498485,-0.7173163
P82022,105.30365314136169,41.34451194973569,-0.7173163
P82023,261.85242487878514,66.86190448682149,-0.7173163
P82025,-34.95855577887346,-6.13129742396072,-0.7173163
P82029,46.02375156738109,21.55089397706762,-0.7173163
P82030,-141.4804978658611,39.77749518120016,-0.7173163
P82031,577.1921316504023,111.46495743972955,-0.7173163
P82033,-265.6158355365008,7.143282610578971,-0.7173163
P82034,-199.2910678382273,49.53273979591728,-0.7173163
P82036,-122.18481904404396,12.746894937093412,0.037852284
P82037,176.13829724650398,29.846423492994703,-1.0275298
P82607,108.76468130202194,48.33414263145016,-0.7173163
P82609,217.72652618802303,-43.65386743618054,-0.7173163
P82613,309.5822031995049,20.931385319017657,0.037852284
P82616,-129.10351778374857,-8.453035645871035,-0.7287695
P82624,-90.01295442317524,31.251627656276085,-0.7173163
P82625,-307.91145028664016,-15.67277536827747,-0.7173163
P82626,188.1574658348849,6.641952247983918,-0.7173163
P82627,-32.71597440696226,8.525502237688412,-0.7173163
P82629,-292.0346561129146,-16.495768594051626,-0.7173163
P82633,-181.55379723652084,34.99844950304719,-0.7173163
P82634,-45.15558308854673,15.46931571611738,-0.7173163
P82640,-49.53422162259889,105.84047396510164,-0.7173163
P82643,-26.98148451620038,53.12929374192855,-0.7173163
P82652,112.06031951189465,8.705569398726295,-1.0285727
P82657,-517.962636869632,-167.24639579000777,-0.62969995
P82660,-118.13639854168633,-26.90037476354064,-0.7173163
P82661,-473.2742613379586,-19.84323124579369,-0.6967235
P83001,451.86644319428893,149.7734084436844,0.03639323
P83004,447.9446985988653,-62.461458586464076,0.03639323
P83005,229.22645649069094,28.73212231400264,0.03639323
P83006,323.4506995599121,46.310605560908904,0.03639323
P83007,664.5519877451677,173.38697434485653,0.03639323
P83008,458.95697162822233,88.21792429467254,0.10436269
P83009,292.01043387202077,106.65514761991916,0.03639323
P83010,41.27091579180837,-8.68975067534737,0.03639323
P83011,440.28480885592455,90.3485693632894,0.03639323
P83012,2717.61051759942,2092.655480795056,0.03639323
P83015,453.0949858780476,15.700127004996979,0.03639323
P83017,-30.839372646190494,70.20385815049733,0.03639323
P83019,198.2051220845735,7.273950565291944,0.10436269
P83020,874.6452715225385,544.3827586464065,0.055463962
P83021,580.7275112059115,434.6145669014886,0.03639323
P83023,416.17432856364775,-6.6424953634631985,0.10058389
P83024,133.77839055373903,3.350970009819972,0.03639323
P83025,-45.47520122575414,17.77535133901549,-1.3154025
P83026,-80.32332686192082,-39.87720175582796,0.12818183
P83027,-331.96813820550295,-10.603387142874718,0.03639323
P83029,440.6173246275203,57.805791472870396,0.10436269
P83030,-183.7929979600771,-57.375705613541875,0.12818183
P83603,949.6989273188153,7.810981305850406,0.03639323
P83605,184.22116574781182,91.60286112714424,-1.3154025
P83608,291.58623991731486,7.694249397243194,0.03639323
P83609,-107.11947903055001,1.3233772370884216,0.03639323
P83611,-164.04299875479208,41.027182925286795,0.03639323
P83612,-18.803402931073638,105.4053171631705,0.03639323
P83620,30.599522555528043,32.80946420392109,0.03639323
P83621,6.201549828091632,34.97026367470425,0.03639323
P83623,-72.20905676594306,22.807650973846897,0.03639323
P84004,689.9817025483981,79.64050030392002,-1.3154025
P84005,-119.10580132872299,34.01258355757661,-1.3154025
P84009,576.2058969168512,115.49883832449085,-1.3154025
P84010,582.2622243560295,9.614207257985399,-1.3154025
P84012,809.3144683136551,-0.9595376086271808,-1.3154025
P84014,247.6792139567581,148.94036502933608,-1.3154025
P84016,498.38989667104516,142.79273348879175,-1.3154025
P84017,834.0180117041325,149.1038691890849,-1.3154025
P84018,-181.67365351479384,52.40789020630464,-1.3154025
P84019,1041.992740003836,57.47865665200863,-1.3154025
P84020,671.94827540714,-5.681885783515352,-1.3154025
P84021,692.2576448320042,203.17006170402027,1.1528764
P84022,423.16829324395883,74.1688544237057,-1.3154025
P84023,197.78633933699945,53.31813635238917,-1.3154025
P84024,817.6205363168904,67.35719351336144,1.1528764
P84025,786.4100790470892,64.59686739915668,-1.3154025
P84026,304.86604058736276,134.6279906420264,-1.3154025
P84027,218.58940742564647,49.85995136465719,-1.3154025
P84028,771.2002018626463,99.62808611590626,-1.3154025
P84029,1677.8147764224,231.77502491691214,-1.3154025
P84030,930.728874737374,84.78933129646369,-1.3154025
P84032,419.29114643098734,-28.38553119344392,-1.3154025
P84033,250.89292374135314,72.59720122080232,-1.3154025
P84034,337.2731761372113,147.4844744444098,-1.3154025
P84035,1060.168967157846,184.33549367427236,-1.3154025
P84037,195.5496304947516,-34.16640224472095,-1.3154025
P84038,605.8766058436813,222.84261873645198,-1.3154025
P84039,409.29840250153,66.19740441258425,-1.3154025
P84040,347.149980387741,164.87851795294523,-1.3154025
P84041,388.5564617531506,77.93482369856302,-1.3154025
P84042,530.5234260097159,118.8964217339153,-1.3154025
P84043,793.148406943929,143.56041517543954,-1.3154025
P84045,282.1938305232337,107.78427958077974,1.1528764
P84046,1057.5356963783029,312.13853055181005,-1.3154025
P84047,695.566719303859,-91.57696891635123,-1.3154025
P84048,683.7432946917156,93.33681626917945,-1.3154025
P84049,1251.5920033703687,246.39256381687767,-1.3154025
P84050,476.2226908046946,-26.02396200161845,-1.3154025
P84051,310.1853862503989,68.95670001389368,-1.3154025
P84052,515.6727647972416,116.96159756942357,-1.3154025
P84053,543.6201869200457,144.46569153550743,-1.3154025
P84054,587.4711200223026,116.21769774937836,-1.3154025
P84055,-28.02376796919091,82.42826460621887,-1.3154025
P84056,79.49577027929365,68.44483781666267,-1.3154025
P84057,-258.7704937782649,9.928795122322411,-1.3154025
P84059,338.2721632659529,194.84539344488817,-1.3154025
P84061,98.323601692209,146.32145709045574,1.1528764
P84063,-53.661322704695756,70.83151352348166,-1.3154025
P84064,260.5781591465369,170.5769089227111,-1.3154025
P84065,47.54005342559695,29.02074966712133,-1.3154025
P84066,307.7305040503348,261.45407479619746,-1.3154025
P84067,167.38443226594464,363.31799013121986,-1.3154025
P84068,682.2795199111252,681.2813709513777,-1.3154025
P84070,429.29621177153734,62.008936305323445,-1.3154025
P84071,-27.212466585253395,12.032191211662449,-1.3154025
P84072,1184.1594349322147,184.70943524715295,-1.3154025
P84074,631.4487223860752,331.98245154921244,-1.3154025
P84605,-204.36966443793665,12.979311753494073,-1.3154025
P84611,80.45196197065877,113.01328721325565,-1.3154025
P84615,112.13476370933341,122.70824990420853,-1.3154025
P84616,194.7044555935854,340.97135606340225,-1.3154025
P84623,-403.1614585647847,-41.15948766803864,-1.3154025
P84626,93.68744422158977,-62.97206139444595,-1.3154025
P84627,-299.84781763770206,18.385797913979445,0.669526
P84630,404.8340480866924,171.4269848459768,-1.3154025
P84631,-241.80057187084049,-38.63494902830967,-1.3154025
P84635,-67.08843676404773,108.95534606378367,-1.3154025
P84637,-56.73166076989949,71.7120049006339,-1.3154025
P84639,-227.01353767721466,37.22670997885979,-1.3154025
P84640,-46.61989021404495,73.46037965372386,-1.3154025
P84642,-399.8730387536201,-25.206536952942656,-1.3154025
P84644,165.758508756898,230.238361407207,-1.3154025
P84645,371.7716300926535,80.23099880885167,-1.3154025
P84646,-511.36117139146967,-53.75456481985924,-1.3154025
P84650,142.36442467178435,95.9555074262547,-1.3154025
P84651,25.563869684000135,130.62433147752688,-1.3154025
P84652,173.59435901707707,76.8532558442872,-1.3154025
P84659,-151.6439666859269,-5.114121192903081,-1.3154025
P84662,-460.9558810400221,-53.87697380600954,-1.3154025
P84663,161.72819043098315,43.71101526027435,-1.3154025
P84665,-243.93392601433086,-7.391872628279981,-1.3154025
P84668,-175.98033454405214,116.44130787943372,-1.3154025
P84669,440.2189387839837,234.91003012810714,-1.3154025
P84672,-109.22315971586525,35.07503039778219,1.1528764
P84673,666.8340325496104,162.5893351861059,-1.3154025
P84676,-242.7023392692161,-91.5642833483486,-1.3154025
P84677,-199.78968063187335,18.10036381036288,-1.3154025
P84678,186.73478920268968,206.0426013299893,-1.3154025
P84679,-284.0684543841968,21.920244936362835,-1.3154025
P84682,-224.08943981802227,-24.22724617846125,-1.3154024
P84683,-222.46574750892287,47.40838354191326,-1.3154025
P84684,143.54088502085816,86.45694230672524,-1.3154025
P84688,-330.21730854293344,15.344915131481988,-1.3154025
P84689,250.10473107403726,341.73232965586186,-1.3154025
P84690,-67.47588760146166,26.189001178551745,-1.3154025
P84696,-497.9199755385843,-3.0965131950265143,-1.3154025
P84697,-501.7971406130396,-8.438704180239695,-1.3154025
P85002,323.451547098313,125.26946859665911,-1.0675871
P85003,245.8339399031081,-93.86279192354716,-1.0675871
P85004,163.92952811649434,130.99680706397868,-1.1157067
P85005,687.7017617340853,49.48123132926831,-0.88733387
P85007,-124.06113754190291,96.25137663883585,-1.0675871
P85008,1674.445872395189,-914.1815742952122,-1.0627753
P85009,4.393758991562529,50.432813995779576,-0.7379688
P85010,908.1242416513417,468.35624512036696,-1.1157067
P85011,-21.975863390456784,836.9056441698732,-1.1157067
P85012,415.0009395101387,-101.70208823609907,-0.9472885
P85013,1959.6236426099276,203.54674772003574,-1.1157067
P85014,182.49466929505695,51.91122691420092,-1.0675871
P85015,495.7520283246802,24.86477227965215,-1.0675871
P85016,798.9040060971801,86.24521155542364,-0.88733387
P85017,885.6456797896567,49.979388342909786,-0.88733387
P85018,-34.342240432612016,34.31569528490175,-1.1157067
P85019,89.91123769468393,184.02144453627076,-1.1157067
P85020,574.1169840147227,167.30854302329118,-0.88733387
P85021,765.1820665732653,124.3826292276607,-1.0675871
P85022,15.748823839843697,12.266226122702767,-0.88733387
P85026,-168.89894103129794,1305.9273331484085,-0.9472885
P85028,668.0921640431101,-637.8459397290985,-1.1235114
P85601,-93.92932468169597,-22.432893655797844,-1.0675871
P85602,-278.6395267879913,17.862815920952656,-0.8276698
P85605,-290.4213553333654,396.38623022212437,-0.9472885
P85606,-66.38261868576785,135.54221042518384,-0.88733387
P85608,46.127929970626646,40.7393794442411,-1.0675871
P85610,70.58217864305999,320.7928853076785,-0.9472885
P85612,-216.6097999563555,86.95799082778996,-1.1157067
P85614,-70.41008248068525,107.7136920701596,-0.88733387
P85615,529.1828450995556,361.85422626469335,-1.1157067
P85620,-82.51303205503208,-190.02068864559746,-1.0627753
P85621,300.31406753798325,-173.51998231325234,-1.0313125
P85622,-524.9681395818156,779.2074417642198,-1.0675871
P86001,195.28474469917964,124.11851287449117,-1.0911463
P86002,-271.3928518922145,-26.4361585955607,-1.0911463
P86003,783.8704954586775,14.515745197788075,-1.0911463
P86004,981.5910399718945,-33.306205733970316,-1.3154025
P86005,386.1273940284802,148.45776434403086,-1.0911463
P86006,924.1779526353173,328.52822858532426,-1.0911463
P86007,1403.9520244973608,143.31660899134792,-1.0911463
P86008,783.820587431024,78.77716354048547,-1.0911463
P86009,891.0914660909,147.02327286754493,-1.1157067
P86010,515.9310923741941,23.349454531382538,-1.1157067
P86011,790.4255845117457,-116.77922785685438,-1.0911463
P86012,849.1367220208482,57.87220965138764,-1.0911463
P86013,337.45876944506114,-39.163655009063596,-1.0911463
P86014,605.5485974210563,-89.17693616882396,-1.0911463
P86015,128.12114908649974,93.397752443064,-1.1157067
P86016,780.2742245669394,117.22739525143184,0.03639323
P86017,75.73070531311332,-77.94346618383403,-1.0911463
P86018,505.87288657696206,39.363380057318615,-1.0911463
P86019,630.4743429522086,355.976805282674,-1.1157067
P86021,-79.58979044798227,52.41590047452944,-1.0911463
P86022,579.6602423536817,109.60006882764358,-1.0911463
P86023,417.8449773296124,78.55728772738341,-1.1157067
P86026,304.0002368775944,126.6431251201916,-1.0911463
P86602,109.74524524555746,88.8580077846219,0.03639323
P86605,120.3554578775264,87.37861267121318,-1.0627753
P86606,222.714495108585,58.9479379855699,-1.3154025
P86608,-89.94056061030403,49.24393297917679,-1.0911463
P86609,-239.16050318349664,-29.032332513533053,-1.0911463
P86614,62.15919919213373,-125.2484482210235,-1.0911463
P86619,317.79640822605165,-190.63781114588696,-1.0911463
P86620,-58.19565889333082,31.85023521397546,-1.1157067
P86621,-464.85311477347943,-22.77036257933136,-1.1187141
P86622,-221.97192037135414,-35.05772321041523,-1.0627753
P86624,42.384524183708145,43.73184936997006,-1.0911463
P87002,735.3308733470561,32.108494711433984,-1.0275298
P87003,65.09624392675637,3.922721551589754,-1.0420157
P87004,22.202428359601175,109.22086252984951,-1.3154025
P87008,563.8741527730542,59.22802523341891,-1.0285727
P87014,151.75060626280393,79.94325336281885,-1.0420157
P87015,138.36244400721745,16.032994403726224,-1.3154025
P87016,555.0098371416293,42.273057789230585,-1.0275298
P87017,324.4802036850417,-28.36185926024665,-1.0285727
P87019,1250.6973471300278,192.28732077361073,-1.0275298
P87020,774.7134444109629,624.3940490637798,-1.0283545
P87022,-151.98047801583272,7.978687962233842,-1.3154025
P87024,1171.154613459167,69.47006708178631,-1.0283545
P87025,727.118312016016,133.07050520165146,-1.0275298
P87026,944.2311061229665,344.9473378950755,-1.3154025
P87027,797.9853731144517,101.16296087938623,-1.3154025
P87028,222.7236727578088,204.9326701127856,-1.0285727
P87032,245.40376590649362,24.48215781250975,-1.0275298
P87035,511.3232569058726,-57.51136151087799,-1.3154025
P87036,-135.33811613988078,-54.53476999876791,-1.3154025
P87039,140.2767209098494,71.94020855414091,-1.0425144
P87040,1067.2689532513184,21.009723468912146,-1.3154025
P87610,1062.170461921074,272.23730786180903,-1.0283545
P87613,-36.69271146885757,75.29573377968849,-1.0285727
P87614,-355.8834690264007,-69.15641859604158,-1.0266856
P87618,-194.31005743659773,-59.30786159728385,-1.047072
P87620,756.5964832251211,23.184586388575887,-1.0275298
P87624,-43.94584627000289,33.09572503198777,-1.0285727
P87625,-67.97113717695618,69.68599123508652,-1.0285727
P87627,-262.90792312571165,33.47860261648218,-1.0285727
P87629,-206.20306844730277,33.27154224142476,-1.0266856
P87630,19.605498416306283,17.67686753377724,-1.0285727
P87632,-352.8874205070262,-27.93461930284126,-1.0266856
P87634,645.3994959799033,150.3183238780933,-1.3154025
P87637,37.59202857855397,-162.56758567503798,-1.0266856
P87639,-154.60428198601238,62.097375133791154,-1.3154025
P87641,-6.5593685640337895,-19.594647099469746,-1.3154025
P87642,-334.3835736277191,-10.387628654790015,-1.3154025
P87648,-386.2541604560496,28.736396864546197,-1.3154025
P87649,-99.3607149891868,242.74118302934434,-1.0283545
P87651,-402.53419558343234,10.042368007757089,-1.3154025
P87652,-116.2655774756011,-88.76804960143517,-1.3154025
P87654,798.3047828522665,391.384168244956,-1.3154025
P87657,50.7056162167798,90.13888875564858,-1.0283545
P87658,-114.40540749101469,32.36617055747971,-1.0283545
P87659,37.26166839101769,226.88646973438844,-1.0420157
P87660,-38.6221753235441,-67.50342190935586,-1.043486
P87661,-191.83921454617493,8.918639395980255,-1.0285727
P87664,-480.09812914572285,-6.051601432540908,-1.3154025
P87668,-192.78300896594538,-45.614090810908,-1.3154025
P88001,670.1316687049103,213.04153195301035,0.6695259
P88002,-27.913015266366934,45.165595479695206,0.633645
P88003,1033.9767301425195,105.78610517778621,0.633645
P88004,527.1365504039494,147.35329757982274,0.669526
P88005,918.290399789952,288.0900806303771,0.633645
P88006,418.38945897352374,209.29442559848366,0.633645
P88007,662.4597147605994,98.52769920079767,0.633645
P88008,382.1258456792752,57.476970403057756,-1.3154025
P88009,-149.86769552849813,-156.19958017238122,0.633645
P88010,-219.06110323941212,-46.89053015302677,0.666719
P88011,646.0856805594227,220.14061305206502,0.633645
P88012,370.19679203016483,-16.926535995036673,0.633645
P88013,1074.7086721459189,76.20925178869186,0.633645
P88014,312.3352395369258,28.357828608811975,0.633645
P88015,332.43209906071945,25.68983650137989,0.633645
P88016,985.8946387227376,95.64404420351444,0.633645
P88017,402.71838336645436,70.12562321526168,0.633645
P88018,526.3421485955053,181.41714300881597,0.633645
P88019,141.85734634819653,114.13151908295957,0.633645
P88020,721.8040975463339,1.8645191330719197,-1.3154025
P88021,332.0753905246251,-43.497209924582954,0.633645
P88023,261.36095518881996,71.52575863072735,-1.3154025
P88024,304.6494421917723,69.50401016313427,-1.3154025
P88025,464.9851467168525,37.026902469743625,0.633645
P88026,2726.5873434319597,1897.2973115754205,0.633645
P88028,42.80622718879784,75.19976772704909,0.66128814
P88031,204.69155637816468,80.1310821207442,0.633645
P88033,-236.65934471408355,-21.84861772297565,0.669526
P88034,40.53112501949498,81.9672425393131,0.5810143
P88041,-104.01429570495877,93.86062951458125,0.633645
P88042,171.21569690203404,17.211336312897945,-1.3154025
P88043,964.049985654625,376.30358206795034,0.633645
P88044,155.36569975110237,65.8204203931095,0.633645
P88600,-384.391382809214,7.762083556904197,0.6074396
P88604,-135.15819618950567,-30.51184828862519,0.669526
P88606,29.97390184852422,91.78951135022993,0.633645
P88607,-34.76910301298778,24.91215062380174,0.5846884
P88609,-220.11748982837528,-12.263359112467677,0.669526
P88610,-109.65546072908919,45.80201787147435,0.57865286
P88615,-237.3542118609607,65.15908599630494,0.633645
P88617,106.59170715085942,53.219073081320445,0.63103044
P88618,-377.9477540543179,-30.728210865208595,0.669526
P88620,-379.57633539797035,-32.30097608645589,0.669526
P88623,106.28902249046232,116.50541455524956,0.633645
P88624,-194.26346863891558,26.5764941809568,0.6231724
P88625,385.39014601651576,206.7939206005497,0.633645
P88628,-293.207425554938,-70.12956791901976,0.669526
P88632,1331.9091214308992,447.0805012695608,0.633645
P88633,-489.8601016878024,-301.9707001613058,0.669526
P89002,1195.3817981522318,474.143860688134,-0.96702313
P89003,763.8160372201545,53.03073673072759,-0.96702313
P89004,297.3365778006978,-10.79233740325538,-0.9855435
P89005,386.23623943829404,70.554497038274,-0.96702313
P89006,773.2902793609777,64.95237354195214,-0.88733387
P89007,289.36675998543143,120.59793355647437,-0.96702313
P89008,1345.8133115588212,521.996517120639,-0.96702313
P89010,496.0607178112998,81.73249196930065,-0.96702313
P89011,265.14950587550055,33.578962290317115,-0.96702313
P89012,622.3531965880651,41.250021403819545,-0.96702313
P89013,553.7441851814432,-22.25057894572982,-0.96702313
P89014,1316.3962875569139,155.74448622222195,-0.96702313
P89015,1838.7816735591155,450.7611940941438,-0.96702313
P89016,657.4246747506604,61.874856411242476,-0.96702313
P89017,54.62518852207089,8.598138363548525,-0.9692226
P89018,414.9211123033637,121.14945493920092,-0.96702313
P89019,521.3214900502551,-61.948541538888556,-0.95450646
P89020,499.99181667307676,214.72789177342514,-0.96702313
P89021,554.6335064365823,387.17819287277393,-0.96702313
P89022,10.556579103148742,14.812197284065274,-0.96702313
P89023,182.66187148439604,52.12923371277389,-0.96702313
P89025,-112.73005864402401,8.871565316839455,-0.96702313
P89026,352.77285392080563,113.90882579497814,-0.96702313
P89027,-60.26331907186053,22.500633012891956,-0.9545065
P89029,170.2976961466239,50.73505488640903,-0.96702313
P89030,141.27956871414955,-6.370448421965857,-0.96702313
P89033,495.4099276376844,16.41438325960189,-0.9634358
P89602,0.42175551959343177,39.26751348448377,-0.9855435
P89606,222.37580686614152,73.62311848979719,-0.95450646
P89609,121.47050488482634,38.52910202199065,-0.96702313
P89612,-262.33325855311693,31.996301895692405,-0.88733387
P89613,-100.22226753339373,41.74343468263764,-0.96702313
P89616,-389.9965400958725,-68.08412583337963,-0.9545064
P89618,-193.3859332246046,32.51435479301855,-0.88733387
P91003,91.46343196654652,54.85526458195316,1.1528764
P91004,75.58623652640077,68.92947190291757,1.1528764
P91006,1511.2278845553374,36.97576822417138,-1.0283545
P91007,-155.27719390281092,91.26736464235826,1.1528764
P91008,-75.67579676077362,-4.611091256756468,1.1528764
P91009,741.8430716144841,95.54040089796266,-1.0283545
P91011,-102.38464323111316,-22.733606574477992,1.1528764
P91012,404.04060499732435,107.5804535109054,-1.0283545
P91013,514.2485062751201,120.9679074263987,1.1528764
P91014,1080.4976699955525,125.87429223817033,1.1528764
P91016,283.6911006947433,60.70034147808526,1.1528764
P91017,309.6104670157279,115.61727333954283,1.1528764
P91018,1468.2001530452721,-212.4936289134355,1.1528764
P91019,182.88295880724968,-31.237002007164115,1.1528764
P91020,377.5266561259934,87.45573522178893,-1.3154025
P91021,1059.0311190942077,68.70691516043522,1.1528764
P91025,-288.9319224873705,-24.382760700613012,1.1386908
P91026,434.1225175098926,67.25451816586977,1.1528764
P91027,-259.9063507070268,-134.3140759637107,-1.3154025
P91029,397.4654476983494,407.4906780838746,1.1528764
P91030,-431.6784112710883,-88.13283799006535,1.1386908
P91032,-106.06192681310652,45.866435894088596,1.1107215
P91035,403.53026608025704,158.12283492673652,1.1528764
P91037,-253.13963680329024,-55.97026797091423,1.1386908
P91603,121.0113474731415,13.759550454579774,1.1528764
P91604,745.5673737178658,76.83609518634218,1.1528764
P91605,-244.01491252869073,-46.221723174464294,1.1386908
P91615,227.42264139844426,-103.97547242532167,-1.3154024
P91617,-304.0177854535051,6.738675580463137,1.1528764
P91619,-5.0978198756609014,197.81494247203457,-1.3154025
P91623,15.162324693622333,97.18450198845815,1.1528764
P91625,219.89203514923733,-60.953932076318345,1.1057026
P91627,268.2470854949434,218.73075794858545,1.1528764
P91629,877.7199402341715,371.7124718969105,-1.3154025
P91630,-357.0930552712274,-134.79293908871833,-1.3154025
P91631,-241.10034504679385,2.97477345786193,1.1528764
P91632,-362.89196600943455,-77.38878886704225,-1.3154025
P91633,-66.46449472568364,49.55029208319666,1.1234583
P92001,152.71017006195993,-17.267250878582782,-0.7425849
P92002,16.102549126723535,-0.7597241322547094,-0.16887946
P92003,908.7652317393159,201.64693815595254,-0.16972986
P92004,527.1042615850992,14.894195601969104,-0.16972986
P92005,-46.48583506767384,20.04325386607615,-0.16972986
P92006,544.725798503445,50.67922668122181,-0.16972986
P92007,585.9905045503943,43.85312300753753,-0.16887946
P92008,866.8284698378969,35.852104785584935,-0.74130654
P92010,1016.8913959074484,48.3811211236791,-0.16972986
P92011,314.4282974983767,89.0127600611736,-0.16972986
P92012,162.64294171099877,9.638362374673315,-0.16887946
P92014,683.0546038845687,93.9057059448195,0.8458364
P92015,95.33421930088454,105.3368030479859,-0.16887946
P92016,1492.3510225559742,359.51304903774627,-0.16887946
P92017,1389.319072841366,44.02726917927171,-0.74130654
P92019,833.909604772958,32.82677539465953,-0.74130654
P92020,-0.8645017218556736,26.513884950716914,-1.0285727
P92021,680.0158734059341,10.890803801457904,-0.74130654
P92023,431.5735699402634,93.62124511663214,-0.16887946
P92024,-0.004937152569468271,44.709263383104165,-0.16972986
P92026,701.9836109002329,-88.99854695811436,-0.16972986
P92028,215.206860038552,87.65516695392533,-0.7173163
P92029,102.84619951422602,62.24355320753085,-0.16887946
P92030,-141.1154949641715,28.717572895625835,-0.16972986
P92031,-5.6170702945893325,18.882458847487783,-0.16972986
P92033,119.07202631253588,49.489857547585,-0.7173163
P92034,135.56043281876563,30.772415249097268,-0.7425849
P92035,-44.07329250454751,66.3220356208004,-0.18132266
P92038,-295.23871754600844,6.813485925922215,-0.7425849
P92041,578.2381818784186,50.16100757087525,-0.7425849
P92042,506.2882274491319,458.1717465701376,-0.7173163
P92602,-204.28012448241336,14.436858014032468,-0.16887946
P92605,153.3164184905362,105.5112805693003,-1.0285727
P92606,-147.40781831156926,24.614132386525633,-0.16053502
P92607,423.9830756373498,308.2798558530745,-0.16887946
P92615,151.23710556323772,153.31517412450563,-0.16887946
P92616,53.8670001505392,-31.63740830568485,-0.18895206
P92619,-304.33448037002324,-81.0150732357346,-0.65886325
P92620,169.6410120205775,292.8326619382861,-0.16972986
P92621,-117.82846083627307,87.49117736378233,-0.16887946
P92623,-198.7394349145312,-42.88319503299672,-0.17873149
P92626,255.8126315336199,107.24488045997633,-0.7173163
P92630,-191.68557021671177,13.10258137743726,-0.16887946
P92632,-148.14853556262827,23.358727580396273,-0.16053502
P92633,-128.73166991614568,65.37072228799656,-0.7173163
P92634,-0.2007361607392035,28.988570587067613,-0.16972986
P92635,-147.95123027039432,0.6423393301376507,-0.7173163
P92637,-194.47846056298582,89.13888169664959,-1.0285727
P92639,-175.5212192952618,17.55766488807627,-0.16887946
P92642,187.25500692537858,62.40623024797514,-0.16972986
P92643,-353.5919967306711,-30.032262049499575,-0.16053504
P92646,-153.97400696130583,1.1056682533667779,-1.0285727
P92647,-12.26481877938608,85.57668084832719,-0.16972986
P92648,-160.75641859177296,123.41051464563824,-0.16887946
P92651,233.75997915595931,48.069225851060196,-0.16887946
P92652,113.36911262270921,37.15388224755191,-0.6680252
P92653,-48.045046717264974,68.29116555086931,-0.17961097
Y00016,-459.8267788963105,-13.821531656744908,0.06832589
Y00020,-155.2158518161355,46.98904112262031,-0.9094466
Y00023,-298.4819436918029,15.736186507123259,-1.2298722
Y00025,-228.80111306434267,-35.239000108439896,-0.2379195
Y00026,-240.2676027280723,15.937238463727098,-0.5525141
Y00028,100.45601056700929,32.6704076602825,-0.12444544
Y00030,-455.4873201685283,-21.794082334773798,1.6439453
Y00032,-393.69413032450115,-99.63555492553226,-0.19662465
Y00033,-64.39259081538125,42.9938896988141,0.5053495
Y00035,-497.0260864922316,-0.8941734102628152,-0.98059535
Y00036,-530.5819393444658,-34.29495540470595,-0.95450646
Y00039,-521.2953100275571,-17.65837142534189,-1.1349545
Y00040,-1004.6922042901125,-632.839013681959,-1.1349545
Y00042,-470.0763993461152,-3.310085090999724,1.446215
Y00044,-504.0014498754861,-6.573702939468006,-1.2071337
Y00048,-466.223407921434,2.6963293579497605,0.43158633
Y00049,-443.64991987903403,35.51902538580269,-0.43580678
Y00050,-90.30034234940723,214.03472624786096,-0.16887946
Y00052,-494.0739205883814,-18.112270532392284,0.7777948
Y00054,-453.3713174221148,9.26159047027228,0.24458645
Y00056,-352.8522614839736,45.431167035243426,1.2319957
Y00057,254.05178799140103,87.9262694067771,-0.7662128
Y00058,184.63729874672677,-268.8031886747788,0.69728714
Y00060,-403.32271867132994,-1.5517104511274629,-0.5765043
Y00061,-471.2172656372361,-57.98311694419982,-0.44925192
Y00065,-393.919922233432,-38.06355430116725,-1.1871071
Y00068,-468.2264778914427,-1.2337907759073508,1.8243935
Y00071,-440.20687225124675,-46.27559554860859,0.775944
Y00073,-496.6571771053384,-2.7313013871843808,-1.0332474
Y00075,-276.8515363235041,-52.571550326164285,1.7879028
Y00078,-49.03791566911704,58.63529743666747,1.1891745
Y00079,-372.227874658171,-47.60988442463604,-0.12444544
Y00080,-9.955308505067059,110.7553909451301,-0.07511585
Y00081,-399.3061076173808,-53.846612162085044,0.13879642
Y00082,-347.7403597960455,5.352111624495616,0.06246954
Y00090,110.4138799249009,-55.33785587690842,0.17131852
Y00094,-487.56617687838354,-0.33488674519779266,-0.6501953
Y00097,-485.2624707535424,1.7552293372063406,-0.99059606
Y00099,-499.1930539077931,-8.15045747952331,-0.99059606
Y00100,-462.46891560727784,29.17493985628372,-1.0364903
Y00105,-280.771092738845,-15.338755620066575,-1.0839826
Y00108,-447.2968787916282,8.40523037879182,-1.1871071
Y00110,-145.61109660492713,25.810075186872165,-1.2536052
Y00134,-487.11594372590696,-25.292248572664775,2.2935584
Y00136,-486.49940091713034,-1.3625970943981818,-0.020186564
Y00137,419.8799021376689,692.7104694853514,-1.1626997
Y00140,-148.33896862116399,-53.88292078952858,-0.5765043
Y00142,-485.2692736566104,-0.9527454793740788,-0.07391998
Y00151,159.61278319484552,-68.20454416763704,0.1893623
Y00155,105.131044625593,41.73948733655708,-1.2844381
Y00159,2421.455970566331,114.24309430140578,-1.2355046
Y00162,-488.3968968628564,-21.94947543045067,1.9687519
Y00164,378.46588021710903,105.91891238762366,-0.9991718
Y00167,-486.56633655799914,-10.950531241483851,1.4241269
Y00172,-463.78483630088175,-9.446711600258261,0.085623324
Y00175,-453.76280142915505,-3.5190553927791934,-0.47764593
Y00176,-646.7426546556185,-206.41758389773517,-1.0988649
Y00178,-444.47486824981644,-20.933803560194786,1.0217919
Y00182,-448.5041974366028,19.737271951714174,-0.20805676
Y00183,-263.85670420325704,49.84822638869155,0.5251675
Y00184,44.24901754835763,52.64705393362386,-0.36580774
Y00185,378.68853207325753,127.47501823767624,1.5738522
Y00186,-342.40128814900146,16.332038616700288,-0.7173163
Y00187,-484.6059602621397,-10.488116894733073,-0.26133704
Y00189,-239.44802036439862,63.74600088512901,0.6873885
Y00192,-102.93929650016149,-225.1968909050812,0.84519106
Y00195,-444.3131022983945,-44.658748106473595,0.60166734
Y00196,-498.8952115689042,-8.385325067994774,-0.95450646
Y00198,436.78995711977365,93.08939599706069,-0.039212532
Y00200,-397.2499221619792,36.04779466330989,-0.059150364
Y00203,-413.95528755727554,13.241211281969557,-1.0275298
Y00206,-142.89908826393682,115.90450082975761,-0.8470578
Y00208,-499.92675738788245,-11.952468357932515,-0.62969995
Y00209,-473.5917117727031,7.131240587119046,-1.1176846
Y00212,-157.47901575819847,69.6614517365954,-1.2934104
Y00217,-473.69230762721645,-0.7698689690321119,1.5177834
Y00219,-483.43791398651814,-1.1535998327810497,0.04036378
Y00225,-430.09283626830415,-11.64498263836544,-1.2432233
Y00226,-495.1901877026569,-21.06428527286245,-0.9947206
Y00228,-248.79375441591154,-49.10227950513905,-0.91487044
Y00234,-427.4942808956201,-24.49589792803039,0.5147737
Y00239,-781.2361979121237,-510.8323172297474,-0.8823272
Y00241,-498.21090907609505,-16.769687392783688,-1.2414188
Y00243,-273.80637872197417,-75.54207234304106,0.8532883
Y00247,-498.66119077473894,-5.4503726834660515,-1.1710441
Y00252,-242.86814419025424,37.459189800349364,1.4452498
Y00258,-525.9233020879705,-74.38789188752823,-0.48534155
Y00259,-441.2302692169279,-36.5414463274861,1.2605743
Y00260,-137.76482616076976,38.3069211230826,1.673427
Y00265,-96.7554601190144,125.13867598390348,-0.46009967
Y00268,-302.3296671217316,-0.22268470598285642,0.5791196
Y00271,-470.7596320627011,-2.265861381188278,1.2413311
Y00273,-486.94262791826054,-1.556189277322165,-0.16053504
Y00277,-495.0139961955106,-12.645866677366403,-1.3154025
Y00278,-125.55052898180462,56.386518219308975,-1.2313325
Y00280,-411.06901796795455,-80.05555106809757,-1.1679397
Y00286,9.597066761818596,20.832083789587077,-0.5301928
Y00293,198.97436037067254,385.4807454811961,0.877344
Y00297,66.53017513058349,138.77871395345085,-0.3997336
Y00301,-479.4929317529624,16.383906388187324,-1.3033727
Y00303,-989.6859844551815,-559.7752744727519,-1.1349545
Y00304,-278.26941672249797,52.82595131288986,0.20036104
Y00312,-168.8724458584599,1.288303200534489,0.6256729
Y00313,-490.06675384634684,-2.400930210268947,-0.4643273
Y00315,-282.2236829210486,7.37724984118833,-1.0988649
Y00316,-170.38521772776792,25.27074335093325,-0.29383713
Y00327,-428.5466063270769,-37.1249068242213,-1.2427937
Y00329,-492.70023615758464,1.6088690902783715,-0.17195581
Y00332,-385.2624931435265,-7.228792164057413,1.9326622
Y00334,-176.87624182723277,-158.57750507768665,0.669526
Y00344,-439.2974922748611,-9.75471566883361,-1.1626997
Y00347,42.705202162068225,40.84455612220633,0.8395434
Y00349,-481.2235774374887,-4.819345729067686,0.5893268
Y00350,-450.47001371684246,9.067915421342262,2.040931
Y00351,369.28932849373666,140.2494574621238,0.23196614
Y00352,255.73756942271382,298.982810896898,0.3088385
Y00356,-520.8210266691323,-25.535745251000357,-0.052266218
Y00361,-481.31017178154957,0.7234457313754221,-0.24987161
Y00368,-458.4152587805574,-55.16990807274603,1.8965726
Y00372,-486.03372329016673,-4.050526123383984,-0.051952396
Y00384,-480.3918851445248,-9.308097916914761,-0.810148
Y00390,-404.8956501298059,-39.79497237141045,0.47218046
Y00394,-505.18706624589777,-9.209105809713801,-1.0627753
Y00399,49.83920118818757,-14.737614529719577,0.20833433
Y00400,-490.7933164946834,-2.4481882275330302,-0.48233402
Y00401,-477.0736732893939,-11.238338086214167,-0.54364014
Y00403,-223.92283843290912,46.38031594250419,-1.06016
Y00408,-424.0034034752986,-14.186606997079,0.43158633
Y00411,1128.4914225413536,408.9740720576745,-0.68644196
Y00412,79.28073922825126,-88.65903987808514,-1.2355046
Y00415,-295.75476720363815,-13.60956060816866,1.2154596
Y00416,-476.9604703728459,-1.7461129579846777,1.1393297
Y00417,-457.99376503331763,11.436784919571123,-0.605159
Y00419,-487.61917394626386,1.0942449250840336,-0.5017459
Y00420,-479.7435068260941,-7.630518030055862,0.52850354
Y00427,-486.2306726690984,-8.201644373167767,-1.2432233
Y00433,-274.6794316674697,-46.78755416443501,0.07352589
Y00434,-431.31203265573606,-10.04045337722403,0.633645
Y00436,-356.781311869709,2.361166064397168,1.860483
Y00437,275.6337916521072,100.16995271892654,-0.46009967
Y00438,-483.063697818454,-3.7871091396336447,-0.4390728
Y00442,-488.49966685188457,-0.7321738619408867,-0.16638742
Y00443,-554.8116029552755,-54.00447360104873,-1.3154025
Y00445,1654.559219392121,312.35476832730194,-1.0285727
Y00446,-102.80291987721186,-33.41935002232904,-0.18911467
Y00449,296.4135417865825,649.2088566869661,-0.087813124
Y00451,-494.01315321668005,-4.168419410039075,-1.1349545
Y00453,-508.0038213910717,-19.202515756877833,-0.4131623
Y00454,-378.84729344595746,-22.811716625981834,1.1441203
Y00459,-464.64567511192433,37.76895200093433,0.1898216
Y00469,996.974162819395,409.0347556048755,-0.037454873
Y00471,-147.1695853855528,62.716999976070845,-1.2355046
Y00475,215.36771897716343,101.64547236949383,-0.7425849
Y00481,-496.14224334056394,-7.200427488745945,-1.1934288
Y00482,-469.86617462727213,4.897931800513953,0.5236318
Y00483,-435.55323062261743,4.27922828943434,-0.5468816
Y00484,264.90328939427366,75.99577881329745,0.7777948
Y00486,59.83338664203293,-12.490055247118361,-0.71304977
Y00489,-484.2751800002848,-2.3192293287661534,0.70751506
Y00492,-229.22211537779364,26.598660208699503,-1.2355046
Y00493,-516.2041669398108,-30.986580764018704,-0.16053504
Y00496,-459.7339964611832,-4.555827171014141,1.9687519
Y00502,-362.0535399202927,-6.100660775948412,0.47218046
Y00504,-494.95966515529636,-38.11887601500033,-0.6297
Y00505,-480.6369783793495,-4.953257366625164,-0.4299182
Y00507,-286.59263315733705,24.19019317804284,-0.32262537
Y00511,-484.44971069419057,-3.352926751570652,-0.19951181
Y00514,-500.57656301160256,-15.102276380196237,-0.3770727
Y00525,-479.2268226201593,-8.934398261199771,-1.2432233
Y00527,-69.17347546548221,6.402369898977376,0.088919505
Y00528,-482.8211918388675,0.1950521748575584,-1.2298722
Y00529,-495.2286025521081,-21.111857488812902,-1.2432233
Y00533,-489.6942757529974,-5.1132982566439775,-1.0802945
Y00534,-459.9561952513815,-25.911036945964586,-0.7564927
Y00538,-442.88647503927695,10.32997567957854,-1.3154025
Y00539,-460.4765166243789,-0.37501686075576396,1.4251131
Y00540,-455.87052456248125,15.898928491239527,-1.2298722
Y00542,193.39233586018065,51.56406425372089,-0.7249364
Y00549,-491.1109616529084,-3.817857831188022,-0.35803643
Y00550,-417.78586651567747,-0.06899019077903895,-0.4147714
Y00552,-460.1486167892428,-57.72811317722728,-0.6515724
Y00560,117.26772055844215,255.87534121095104,1.5845038
Y00568,-283.7769246357827,74.33995375970245,0.8562504
Y00570,-466.70572406285254,-0.7048366643128976,1.7658812
Y00572,-483.4297526517982,1.3362234387325698,-0.7018792
Y00576,-477.1708196205809,-10.696585183021783,1.5356766
Y00580,-417.42301953325654,20.776652308311462,0.48907793
Y00581,-481.007196270948,0.9238193285867417,-0.05376995
Y00583,-497.39977566815037,-18.826686678422572,1.4995869
Y00587,-401.39695837813827,-4.063231848456997,2.2935584
Y00589,-130.76308295821784,117.27406725545076,0.7550013
Y00592,794.4037780268953,-4.327714395414153,-1.1398598
Y00597,-282.898929374292,-60.595185332563474,0.633645
Y00599,-449.1158911788732,-29.765969299769953,0.4933517
Y00601,-455.8347006932754,-51.28874518159954,0.5973467
Y00605,-475.4503550932171,-10.569051091806895,-0.55429846
Y00610,-440.7880913853262,-99.5666613548739,-0.7833008
Y00612,-106.49716028964939,-62.53265216401755,-0.7662128
Y00617,-392.52754603073754,4.282756683012085,0.9565739
Y00618,-480.194058691188,-1.2757508047698123,0.10538839
Y00622,-478.6167109465371,-131.55537860229555,0.5973467
Y00623,-323.141902698738,-33.08895268995121,2.2574687
Y00626,-380.5292770189464,-3.682917445579136,-0.4365971
Y00629,-453.80361587324865,-6.675662954752763,-1.0774785
Y00631,-494.22721102564066,-4.281897655285199,-1.0266856
Y00633,-642.0629902890875,-132.274466076414,-1.279313
Y00641,-468.30528579856156,-1.6939871510232924,1.9373357
Y00644,-482.81426400123945,-6.101743603349376,0.20036104
Y00646,-519.1842567102365,-25.729535970492652,-1.2071337
Y00650,-445.7308020825858,-34.99138214956163,-0.65059394
Y00656,-442.50644657133535,-37.80474849447488,-0.4299182
Y00658,-323.86607402712406,-20.943018651497905,0.77737755
Y00661,-434.53166853939024,-2.7428249139645273,-0.42887193
Y00662,-516.0619118777878,-23.906473739132817,-0.19662465
Y00672,-315.92539362041435,-59.675112763551866,1.7655652
Y00673,-470.202151021876,2.5453970300221234,1.5832094
Y00674,-477.99265118738197,-7.720733272512662,1.5815047
Y00675,-455.66522343884304,17.60452738117528,-0.16887946
Y00681,-450.9359458096346,20.41240420776692,-0.70868856
Y00688,-464.53749529793316,-23.46113124845222,-0.9839039
Y00691,-508.8395434492675,-133.00035156155747,-0.7018792
Y00694,-424.86868470702456,3.5306667156252813,1.0585383
Y00696,-489.00578526968417,-15.087233877294448,1.21087
Y00697,-480.16621768314985,0.7269413964065558,0.67047566
Y00700,-545.6889494055099,-231.4736469990547,0.5973467
Y00701,-435.43197522120505,-8.104489458463858,0.08082725
Y00705,-406.5488686317863,-16.39312263295918,-0.17284307
Y00707,-448.26658797097775,-5.963968267584264,-1.3154025
Y00710,-479.27159970976754,-10.882833329113588,2.221379
Y00716,-463.4059183596972,-9.284968813834327,1.6078558
Y00717,-457.50634552445916,-7.47768940096783,1.7883037
Y00718,-500.52341823068593,-16.329728952676728,0.3808091
Y00720,-484.77490834901533,-13.641854293429915,1.5717661
Y00723,-459.3146867912604,-5.669121502370308,1.6439453
Y00724,-462.40408612890343,-1.8928979867403957,1.6439455
Y00726,202.41797899236283,144.79743381285996,-1.1157067
Y00729,-491.5485988547286,-3.9850153375630843,-0.88232726
Y00732,-492.6178371616068,-1.9768506673539217,-0.99108374
Y00737,-373.2080370945306,-101.93558424759809,0.5612571
Y00738,-488.68245915598845,-7.4549802395880125,-1.2297662
Y00741,-375.6453642787411,-2.916801123201484,1.2512476
Y00747,-477.40925321862966,1.2943473707610103,0.037852284
Y00751,-293.94786928764796,38.845845462179156,1.8915368
Y00752,-455.2148415640779,-2.881655838419644,2.012143
Y00753,-454.3583869964812,-11.531240863414595,1.1975739
Y00754,-430.1395465357731,-12.508972154645246,1.6827469
Y00755,-469.2507710177852,0.008338013814268531,1.8270342
Y00757,-513.6310898632039,-40.16588831987468,1.4274077
Y00758,-263.48139990644853,20.12359085075803,-0.037454873
Y00759,-491.3739121296717,-18.26620376461869,1.5717661
Y00760,-449.5134474527946,-22.470446251322215,1.21087
Y00762,-482.91798402479225,-9.72173651403915,-0.951322
Y00763,-516.1714359583722,-22.101647081791423,-0.19662465
Y00764,-525.9562048747898,-32.37750614469922,-0.26880386
Y00767,-493.3936608493186,-6.828843532830013,-0.66578954
Y00768,-463.89131615398276,1.9412964798071797,0.6013567
Y00770,-482.077118979395,1.4712150169193754,-0.24122319
Y00771,-455.2746095032159,2.312495969268021,-0.9184168
Y00774,422.3276798462994,11.51568998478899,0.6710297
Y00776,-369.02597983481184,51.345335009431665,1.2711585
Y00779,-516.962084004876,-63.595393322021216,0.27254027
Y00780,-469.3896287219514,-10.082191775484059,1.1386908
Y00781,-354.2670544045983,-345.5261217617319,-0.007974425
Y00782,-496.31007785550213,-29.34219012591042,-0.3048935
Y00783,-464.2681135795195,-7.254206980130677,1.1718599
Y00785,-475.4188811167493,4.073942234392744,-1.0266856
Y00804,-484.75964874547407,-10.948428014480571,1.5344737
Y00806,-466.45474222107686,-21.52257911385983,1.5455192
Y00807,-430.66116131094515,9.053425134131686,0.49199843
Y00808,-464.4502104092395,3.6921900294310888,-0.97936815
Y00809,-417.62987571235124,-6.9447871152274105,1.7532679
Y00812,-501.56756534204266,-10.381818361648524,-1.0627753
Y00813,-500.8454946923551,-11.120797410436962,-1.0266856
Y00814,-457.6739531229987,5.655140749665741,-0.04976289
Y00819,-488.4390591779284,1.948520901270579,-0.99059606
Y00820,-491.21443558265014,-4.217254101355951,-1.0045663
Y00824,-433.9279878905585,-11.674508903287377,-0.052266214
Y00825,-400.053652233218,-27.62198787164019,0.7777948
Y00827,-477.3224795932009,-0.6806777673931362,-0.12444544
Y00828,-496.049636441921,-6.35740127307528,-1.2223293
Y00835,-487.2704230444774,4.519872295727801,-0.092757
Y00839,-487.76307520818835,-12.225911247002184,-0.26128522
Y00840,-380.1161619001903,-79.4131583261596,0.120963894
Y00857,-481.39972744656217,0.38108152465244527,0.29248452
Y00859,-484.5634643089806,-42.312772208693865,1.5356766
Y00860,-385.1922904260294,-24.94219783827265,0.47218046
Y00862,-414.674187692014,-19.886065974875546,-0.5525141
Y00864,-482.04446333936914,-5.181974615338349,-0.5438316
Y00866,-483.9569700161656,-4.315433241272012,-0.047687683
Y00868,-458.61396542387104,-2.7500742495123327,0.74896586
Y00881,-499.7393998534505,-18.050736064590428,-0.70433986
Y00884,-507.0507078803205,-28.725271858608075,2.2574687
Y00890,-493.5693850381467,4.078811006413048,-1.3048308
Y00891,-506.75115570781054,-16.444392287447183,0.012394331
Y00897,-499.3959561875532,-11.469912304195107,-0.810148
Y00898,-486.7324894753881,0.7262027741556321,-0.4675041
Y00899,-532.6958899417851,-33.135557395371045,-1.2071337
Y00901,-508.03541310778445,-23.923933415390117,0.669526
Y00902,-133.1611307618039,-10.398976755517015,-0.059150364
Y00904,-354.5873630704047,-28.33901540455984,-0.7425849
Y00910,-472.31265420868664,-2.3362307666675504,1.587004
Y00911,-396.5719087711136,-23.227800418905026,0.59838974
Y00912,-283.2159330417557,4.221082461871476,0.60064906
Y00915,71.4764006646947,-18.60296779506041,-0.99059606
Y00918,9.379984269641078,46.038729947965074,0.17574501
Y00922,-498.2197268141666,-6.795835456045917,-1.2146523
Y00931,-480.3793513416443,-0.4440408663115893,-0.09737823
Y00934,-454.64821604877073,-136.19259579512462,-0.6757718
Y00945,-422.7322159040931,-61.428969687823255,-1.1233127
Y00954,-451.7585199090145,-79.21001367736913,-1.216517
Y00955,-100.25189575379034,-26.81093461102536,-1.2432233
Y00962,-489.74564239258103,-3.22872497629864,-0.052266218
Y00969,842.4836733719397,145.48915210028196,-0.3926617
Y00972,-461.3360255392001,-8.104616183033837,0.61497194
Y00973,-476.9240928642107,-24.239228549573312,-1.2450056
Y00978,-598.3543976139212,-207.9808468767448,-1.1349545
Y00980,-475.27870917235225,-15.943954588196268,1.860483
Y00982,-488.3628479578152,-52.88815689048694,-0.88232726
Y00983,-438.0826920808374,2.098665816215434,1.6439453
Y00984,210.45958308894134,-9.182217966935701,1.836303
Y00987,-481.202398474024,-4.7610345066472215,-0.23271427
Y00988,-393.5457354151989,-59.02833820779593,-0.16972986
Y00990,-525.1152686264259,-25.76423825737084,-0.62969995
Y00992,-490.0659004873704,-1.0942453207139677,-0.5755656
Y00993,-479.00162214793176,-14.50130175048819,-0.17746203
Y00995,-485.80187045656464,-9.422742836852908,-0.5867062
Y00996,-360.7677379528718,13.644186324282902,-0.5765043
Y00997,-489.3404659035252,-1.4962130577161632,-0.632948
Y00999,138.19398598711336,250.98079692751327,-0.0399582
Y01003,-387.39434088548666,-24.791790471968646,0.03639323
Y01008,6143.753059020923,1540.3476469595323,0.46425328
Y01009,-317.49127094985334,24.469567067951473,-0.3409831
Y01010,-486.9029021849761,3.5787517749655184,-0.47684982
Y01011,238.31641562522174,118.66658264747369,-0.32262537
Y01013,-485.70711791097193,0.4534014004927664,-0.3196343
Y01025,-448.00324246495575,-1.3622202272666561,-0.88232726
Y01026,-413.2579059286159,-1.4621589355191797,0.9943325
Y01027,-528.9238559540661,-66.57059656878207,0.99433243
Y01031,-400.12548188707177,-13.452682822572223,-0.52143115
Y01034,-458.3220956884359,10.003137994326782,-0.19662465
Y01039,-475.1799622250341,6.74410007526515,-0.05767966
Y01049,-400.1291589685334,62.96467572566765,-0.62969995
Y01050,330.59403293219935,90.84410638449474,1.3872608
Y01051,422.14016277272736,246.82333798064556,1.3872608
Y01052,-486.7125332216508,0.3781555509242831,-1.040152
Y01054,-492.1109656811053,0.3240516756289854,-0.83279246
Y01056,-467.3299992275113,-6.501426791829324,1.4634974
Y01057,-415.8667646595293,43.28437143079089,-1.2355046
Y01061,-341.4575276682276,-6.85976034614617,1.2154596
Y01063,-486.79241056823474,-0.2091738543642799,-0.3748171
Y01065,-430.853012282888,-23.21628011117621,0.20036104
Y01066,-10.183322520243127,106.33465689104204,-1.0245996
Y01068,23.161610561060197,-101.234819567482,-1.2355046
Y01069,-437.34824520859604,-30.882854102981828,-0.26004222
Y01071,-485.5863869913019,-4.90176821815579,0.27755272
Y01072,-468.50619023619095,-7.845664667202273,2.1131103
Y01075,-452.93074281839506,12.558418186867433,2.0312486
Y01076,-468.95759114259477,-9.176993855750066,-1.2527677
Y01077,-488.6477331693632,-9.782001560790997,-1.2432233
Y01083,-389.8183535557164,-36.21626790773637,0.633645
Y01085,-470.719876273305,-2.258537144425586,1.9052523
Y01086,-413.6751430777495,-15.859844823367508,0.47218046
Y01090,-343.398517805056,29.223037159229545,-0.58411306
Y01091,-479.76071287384235,2.9524695910664924,-0.052266218
Y01095,-455.5750404146004,15.17769686210745,1.1026013
Y01101,-471.6964272867356,-5.372249366931328,1.9735639
Y01106,-484.77744978961385,6.27173056697879,-0.03835668
Y01108,-207.00037415640944,66.1081250768941,0.74758023
Y01112,-476.6152494021597,3.976398748626945,0.82563454
Y01116,-497.10463013688025,-6.926689512175346,-0.59361035
Y01117,-418.39601422648724,-22.214919877269065,-0.052266218
Y01118,-101.80090216888227,29.78132655416821,-1.0364903
Y01124,517.9608244582605,-417.0251962646773,-1.0507454
Y01126,-312.7945289833217,-36.611477712239804,-0.26004222
Y01127,80.88348875322575,126.69546551124198,-0.5961137
Y01128,-469.7646147009372,-3.0098039718111944,1.860483
Y01129,-297.14591332545655,50.38188055196423,-1.2407055
Y01130,-493.671380327469,-2.0968497871715153,-0.62102014
Y01132,86.53239557514796,78.11350080912857,0.5060486
Y01133,-413.7218542565204,32.34731351355482,-0.9166563
Y01135,-493.60799862293095,-22.02380535384911,2.0048416
Y01138,-474.3858663856262,0.2771734111304016,-0.17812301
Y01139,-63.85610042633836,-7.6765481732246865,0.11885868
Y01141,-486.46910421464156,-1.8604280639595714,-0.16814578
Y01142,-467.6037944014098,1.8001924203950181,2.2238176
Y01156,-395.4492792171156,28.2577222236234,1.7883039
Y01163,-174.52512491574018,129.2590930335318,0.6647279
Y01165,-101.76620757531023,38.53757828198865,0.8619209
Y01166,-448.4220557785784,-2.0330683126805056,1.488011
Y01173,-382.0361979877548,20.55161816731401,-0.26212832
Y01176,-416.7704776085263,-21.307804598016446,-1.2355046
Y01179,-528.5555003645906,-37.57417944769929,0.9943325
Y01183,-518.1849625836131,-19.82349078866831,-0.81014806
Y01184,-512.7393708103642,-13.8146450132909,-0.810148
Y01187,-485.3713411823686,-1.1169787805562754,-0.21667443
Y01195,-483.198353142724,-0.29740924205174923,0.22291705
Y01200,66.30210182009048,210.03063045785146,-1.2432233
Y01201,-473.52948554924495,-5.106408528268108,1.7883039
Y01202,-482.5112709350372,-9.795921960786968,1.2469597
Y01206,2.0886904209728274,53.43141544340377,-0.33174586
Y01208,-493.4236887820453,-20.023714432464022,2.0770206
Y01209,-491.05104413562754,-0.8244428220341073,-0.9853967
Y01215,-483.08516928495555,-4.722317011930133,1.7522142
Y01221,-211.47404067351502,24.397808905804105,-0.5033863
Y01231,-367.75913443750585,-68.35744287549154,-0.23506156
Y01233,-479.2241408327286,-0.06378923449763123,0.7357354
Y01236,-482.5508658249412,-9.224568327500531,0.6165945
Y01242,-440.0903959962837,21.0885775018474,-0.20865452
Y01243,-487.6084808883138,-0.12401451219703706,-1.2630833
Y01249,-495.957883994735,-5.45846430876662,-1.3154025
Y01250,-489.7299941450905,-18.658480746252966,2.040931
Y01253,-489.88070669590695,-6.555325025171035,-0.4492519
Y01260,-481.6242443398906,-9.432198763182399,2.040931
Y01262,-489.1096092796357,1.8824965129723332,-0.9386563
Y01264,-483.9580220809393,-6.807471568663515,0.5612571
Y01280,-382.5603719943079,-18.616638969381725,-1.2844381
Y01281,-183.3581894413656,31.889211923920033,0.23478176
Y01282,-488.1760731476671,1.3572830441082844,-0.566753
Y01285,-473.7523296590849,-4.473214337691855,0.9810886
Y01287,-461.9160522626644,-41.76240909645514,-0.62969995
Y01291,138.6214720817006,114.3258540910366,-0.6929875
Y01297,-475.1905750700192,-2.6325610471128873,0.75050753
Y01298,-468.4591549535068,-1.5419100441873437,2.1202686
Y01299,-502.15443976831864,-8.140973173840369,-1.0988649
Y01302,-519.3335849211259,-30.445394249109476,0.669526
Y01303,-478.0491771336795,-0.5189667276763301,-0.861492
Y01307,-477.6311817153112,-1.1928616364635214,0.8548675
Y01310,-483.1159557571654,-7.332088944031876,0.29136962
Y01620,-487.41833956537874,-14.49808286031539,-0.5397624
Y01635,-522.3311282133636,-73.90207034017394,1.7522141
Y01652,557.9604634518283,123.42973095899309,1.186254
Y01655,-124.85216272832555,104.01443062179378,-1.0245996
Y01660,-329.84770912033537,-47.4566657105703,2.0300832
Y01665,-493.1672418435621,-0.18647305355329777,-0.74162346
Y01666,-490.99961932681776,-0.42380400922620765,-0.74637324
Y01676,-487.1075756999916,-2.504099459883419,-1.2406907
Y01680,-306.20304678127724,-98.24014490471706,-1.2071337
Y01685,-489.9934444139991,-4.779439825082275,-0.36554828
Y01689,-467.1180768687221,-4.045490039203955,2.221379
Y01690,-249.07723065451236,161.61924481641998,0.68316615
Y01692,-488.0640265292464,-2.4859395612810657,-0.8173659
Y01693,-492.1645872286552,7.9591914694114045,-1.2432233
Y01695,-164.54919113839185,88.05943316063865,-1.3154025
Y01696,-485.2326846452995,-0.46888991260092744,-0.051890284
Y01704,-494.20605816652727,-3.8554094077177994,-0.45485204
Y01710,-498.7394804545486,-0.8339220186523791,-1.2071337
Y01716,-489.2681047281899,-19.82145568350523,0.5945345
Y01717,-447.40852900982793,2.3623494994137157,-0.98809266
Y01718,-435.39294238665275,18.57874084270982,-1.3154025
Y01719,-65.62540329992234,93.60268137592101,-1.284167
Y01724,-480.64790248514856,-5.202086714915064,-0.1712644
Y01726,-500.2557289070603,-10.809401765867685,-0.9233947
Y01730,-471.4581277975227,0.30405181696939,1.6865968
Y01731,-492.091229437748,-1.7052801962580226,-0.09918271
Y01734,-503.11889064046045,-14.294492640784753,-0.73519266
Y01735,-476.24862766582424,-1.0244004538090319,0.85310173
Y01739,-514.8501675647615,-19.80494494584273,-1.0266856
Y01740,-533.7754404268663,-40.88176640947297,-0.62969995
Y01746,-449.4036465936773,-14.401540234112211,-1.2355046
Y01747,-478.2219742531181,-2.000926550898133,0.72748804
Y01749,-491.48301730980734,-11.01924511048884,-0.20250882
Y01756,178.07707015985892,2.1219846002784304,-0.06478284
Y01764,-499.4001054802447,-11.234958370385415,-0.7018792
Y01771,-490.7187995002295,-1.924416011813132,-0.36070648
Y01776,-475.6795097325292,0.9545012878038441,0.019913
Y01783,-526.7959977738238,-30.362759426150333,-1.0627753
Y01787,-493.4977669672639,-2.256246301805933,-0.990596
Y01791,-492.0268681754702,-6.265068273640809,-0.62969995
Y01792,-459.45019720738446,-44.729279518334295,0.019913
Y01794,752.9111208745553,129.72409256923683,-0.48824808
Y01795,-290.1726596805528,77.5372079408129,-1.284167
Y01800,-453.5785475177286,-32.548230895942034,-0.9628348
Y01801,-477.5676750265032,-3.217438275667986,0.853866
Y01802,-464.89557297296574,0.36234485978831316,2.1765046
Y01803,-470.84764919131004,0.6432447624229782,1.5205944
Y01810,-483.387005247014,-1.1071713126796279,0.4991357
Y01812,454.54059625404903,116.68840675860427,1.1891745
Y01815,-439.4193886918119,-10.840772117770145,-0.037454873
Y01824,-509.30540080989425,-25.023519291612274,0.7777948
Y01827,-519.6448598837688,-31.800186459588595,0.8138844
Y01834,-491.79202735336196,-6.898396795133663,-0.96172434
Y01838,-447.05720068480804,-13.072644775172305,0.49252596
Y01839,-11.190360433619587,113.45123884221113,-0.6929875
Y01844,-513.8899515879818,-12.249062573042718,-1.3154025
Y01845,-468.30097023873105,-1.4516353669980093,0.8312352
Y01851,-161.6937394755066,69.28778696280433,-0.19826509
Y01863,-489.02494275140316,-10.528203754699392,0.20654783
Y01865,-601.7072872346708,-147.48748813684963,-1.1349545
Y01866,-326.47995106212426,47.711544825246776,-1.2355046
Y01882,-462.27281163276353,-8.333699169905856,-0.2589807
Y01895,-513.1220860986393,-24.22483786990939,-0.810148
Y01897,-226.74510464247368,22.5739221451303,-0.35537723
Y01915,-485.41418681050135,-3.7249365288888856,-0.25978148
Y01920,-470.9185871957614,-4.754271225153145,-0.2606017
Y01922,791.2271934382675,54.38502521093749,1.3877717
Y01924,-417.0049355812142,-10.350148362067703,-0.19662465
Y01929,2413.688551949875,1795.8091752993541,-0.22708179
Y01931,-472.0897888639254,2.5584210166653265,1.2181486
Y01936,-488.2633334526026,-13.111858881510795,1.7161247
Y01948,-243.8233480499577,91.4315442658774,-0.5468816
Y01949,-476.1044370119233,-15.534259842569723,0.34471947
Y01950,-477.91468405894364,-1.8921430038182905,1.158679
Y01952,-322.58732766341694,39.639745741582786,-0.26004222
Y01953,-477.5968463573379,-4.474611819058042,-0.55503184
Y01956,-482.0374361677866,9.176448117249837,-0.98626524
Y01960,-493.7965122186938,-3.475163953963155,-1.0640197
Y01962,-180.17608410606712,113.32671370468277,-1.0624282
Y01964,317.90319075487315,650.8734656660788,1.785576
Y01968,-459.8348316289188,8.978169516948528,-0.03685954
Y01974,-479.28494823723526,-7.373149084619241,0.669526
Y01982,-500.60471669247465,-11.762322484615689,-1.2218976
Y01986,-521.4949170133641,-21.42871064678333,-1.2071337
Y01992,-489.0741949065186,-6.3137673018561395,-0.4131623
Y01994,-423.6632398048393,4.348710882974661,-0.35537723
Y01998,-515.9384861389938,-16.409472403119942,-1.3135358
Y02002,-154.65349191103707,52.100004331657026,0.13879642
Y02005,-466.4971258092903,-1.8873441515063363,2.0534837
Y02012,-472.3152420119138,-3.266026508445464,-1.2291257
Y02017,-526.0311823294325,-26.801603127556813,-0.70187914
Y02018,-435.8319533837087,-14.356157054558794,0.633645
Y02025,-473.6941152643112,1.2775868413844063,-0.26880386
Y02026,-502.58535168297544,-8.250264695926635,-1.1710441
Y02029,-455.2728285151349,2.670887632559299,1.2154596
Y02045,-469.52065038944687,2.3567812740343212,0.6261175
Y02051,-473.10696889817723,-5.893517286361996,1.5883073
Y02052,-503.20502784998473,-18.044444738752087,0.5612571
Y02059,-491.4635308761081,-4.232729608637943,-0.44188666
Y02064,-394.49577988555666,-33.66744911583105,-0.05435232
Y02065,-464.3541746435445,7.183130828832576,2.114614
Y02068,-288.2325712397928,-15.203815213852955,-1.1223651
Y02071,-433.8498173693623,-23.040277187413608,-1.3154026
Y02077,-455.11013497037453,-8.643226595329963,-1.1626997
Y02080,-364.2734002599859,105.51566280052151,0.76795214
Y02081,-422.298796472696,-18.139253858395396,0.7574944
Y02082,-437.8077687260929,-0.2156595757685133,-0.70918053
Y02085,-496.0425982746514,-3.031375733486719,-0.93130594
Y02092,-460.2147624048734,-18.085975566568777,2.040931
Y02102,-503.09850757075054,-22.48740977599792,0.6334363
Y02115,-484.93834512986507,-4.672508373742723,-0.4698319
Y02117,209.7823824450168,186.08749985539728,-1.0245996
Y02121,-130.12728826370656,-102.63822394143642,1.3913182
Y02125,-486.95650219408026,-6.259236094924463,0.99433243
Y02128,-464.6516802977034,-16.781357415047168,2.2574687
Y02129,151.88202305343884,189.20632013454127,-1.0420157
Y02131,-515.2571927956418,-23.45837274836388,-0.66578954
Y02132,-471.91240102646555,-5.943235150435024,2.1116667
Y02139,-490.55856696942357,-0.9333527393377055,-0.6680862
Y02141,-518.8068973854638,-46.094505920385544,1.7522142
Y02146,-483.4650948802815,-9.284275306143225,1.6849563
Y02147,-400.5290455626568,29.185543221428148,0.8880563
Y02148,-492.54775655440545,-4.359890094237337,-0.4418217
Y02162,-204.4478128518109,-85.39378359872694,-0.21351062
Y02163,-506.9244963017268,-31.649900151439656,0.5612571
Y02164,32.661884621022146,-49.98165166355495,-1.2071337
Y02167,-479.75054894271835,-4.171287077059932,0.6907333
Y02175,-467.15536731237165,0.227354037514019,2.1803682
Y02177,4.095550692451087,213.51917330512296,-0.034641054
Y02181,129.54210526148677,29.921127494499892,-0.55752075
Y02187,-478.1999497163714,-2.049616685961488,0.666005
Y02192,-463.9214262838104,-48.68903447812946,1.2082922
Y02194,-455.66408236395336,-7.037123500182367,1.7064728
Y02195,-541.4233150863109,-74.92866945125834,-0.7018792
Y02203,-490.1602398312782,-6.075916598233598,-0.9378083
Y02204,-340.6097896473343,-89.2347868751695,-1.2484127
Y02208,-463.8399949708008,-14.267398489849832,-1.1157067
Y02209,-490.31449311107076,-9.819416855789026,-1.094855
Y02210,-493.2375847318879,-5.899876408075935,-1.3154025
Y02211,-478.03590152760194,-2.768196128933629,-1.3154025
Y02212,-183.0334878930645,54.97703317606684,-0.06478284
Y02222,-120.40154890958587,-14.284015324025203,-0.7343338
Y02232,-478.3459638767465,-7.715473632748993,1.6526566
Y02233,-465.7183073452007,-11.85756904116476,1.7071022
Y02234,-470.5174066889718,1.1259247238963601,1.7306682
Y02241,-490.1988364468181,-14.047084882840206,1.5717661
Y02245,-478.6785080780897,0.9781173209065562,1.0602739
Y02247,-481.11365149690965,2.558019562568938,-0.18692893
Y02250,-475.47902176673824,0.8315572523987265,1.6022749
Y02251,-466.5624691310848,-1.8183037780556428,1.718111
Y02256,-483.30551342693064,-0.7160668720699699,-0.18835986
Y02260,-298.9450668069421,6.8313045360311735,-0.50530016
Y02265,-474.70882628160655,-4.790273741407302,1.3191389
Y02274,-0.1452181745530386,124.88967787017427,-0.16972986
Y02276,-490.16941780990527,-12.585212945084292,0.5251675
Y02278,-505.61330901134573,-18.269389547046345,-1.3154025
Y02281,-800.5892611125444,-265.11222836668173,-0.48534152
Y02285,-495.71169593339454,-9.265532612271786,-0.9184168
Y02286,-450.9304843797209,0.229512509729789,-0.86084026
Y02289,-474.09811396841064,-7.164270202466548,-0.1138085
Y02299,-504.35458311728894,-16.314896079661523,-0.052266218
Y02301,-486.25853069290935,-0.7096258400245008,-0.9756321
Y02307,-491.79455676121097,-6.081523294260773,-0.4190545
Y02310,-470.76874801726143,-8.953317204012805,1.5449901
Y02314,-494.63900597163257,-10.801294268234336,-1.1202136
Y02315,-490.63307060728675,-0.6763453696915606,-1.1413232
Y02319,-86.15283017328889,114.25033027482762,-0.7173163
Y02321,133.8747131908853,69.9356038299678,-0.7173163
Y02322,658.2504323422446,94.68050228608745,-0.16887946
Y02323,-484.09094503053785,-4.33795301748195,-1.2071337
Y02325,114.19274413341536,8.771506946100077,-1.3154025
Y02327,-496.1873914833607,-3.9980255270449647,-1.13058
Y02329,-503.15025499895023,-11.42422709126389,-1.0266856
Y02330,-455.6509146039504,21.685345418332542,-1.3154025
Y02331,-514.8606799462206,-31.260672152321632,1.21087
Y02332,325.8036098271248,145.8774791496285,-0.842996
Y02333,-485.88266951501754,-1.2063944915395994,-0.16601071
Y02342,-129.63874606424937,108.44237224694254,-0.4447407
Y02344,40.25879434050189,25.396575487977255,-1.2379998
Y02345,-510.3734378714621,-19.429582450830537,-0.23271427
Y02352,-456.0562178160869,-36.300870007955744,-0.6537597
Y02354,916.1036634248027,2.4324685571528906,0.1254699
Y02361,-472.2619910003069,-3.1895059340758896,0.6200698
Y02364,-462.6731669148469,-4.961807613092999,2.211006
Y02365,-443.2779448705908,-103.11201123239269,-1.1710441
Y02372,-469.45311978560403,-5.275114527778608,1.9937371
Y02373,-487.147479554617,0.4801674178646807,-0.25075907
Y02378,340.6611497429642,97.00957634509741,-0.7425849
Y02379,-421.6795619241418,-53.44065043665544,1.9326622
Y02384,-332.658587742065,9.256515744437367,1.21087
Y02387,-459.4289008820793,-22.21093734520243,-0.74720097
Y02389,-449.45730189412706,9.206424760518983,0.205173
Y02390,-442.22826112940703,-150.13806739186157,-1.1710441
Y02403,-481.64512408520875,-0.9646617301686345,-1.2354598
Y02404,-419.29278119047973,31.82293219963884,-0.12444543
Y02409,-485.94016292148274,1.009405370048936,-0.39105105
Y02414,-16.48990075788638,80.38362738913615,0.11548363
Y02420,-484.39160099805946,0.25362964835735674,0.035702202
Y02421,-260.2542398117366,4.393632514704036,-0.26880386
Y02422,147.64432526765216,88.26707703700255,-0.26800188
Y02423,1758.426638165958,369.91090534029195,1.0602534
Y02424,-553.5338278865124,-136.1488543305237,-0.48534152
Y02429,-477.9273472196583,-0.27827021191861834,-1.2432233
Y02437,-517.7352867023495,-19.79036918318964,-1.2071337
Y02439,-491.87718623402856,4.626718182025995,-1.223538
Y02442,-254.96401602553684,-65.73267506367495,-0.35376015
Y02453,-481.1324527576289,4.48992279125982,-1.2421921
Y02458,-477.57712273463073,-4.245454203979322,0.90970856
Y02460,-513.7922300029705,-34.826142444236424,-1.3154025
Y02461,-49.09079436160896,100.58780463054956,-0.01617661
Y02462,241.60052594028218,115.32894339641463,-0.05590829
Y02463,35.085530921175746,18.499919176811733,-0.842996
Y02464,-195.39402371312505,30.830354240350054,-0.88232726
Y02465,-468.9628849299152,-4.252600901716578,1.8371309
Y02466,138.17176998047043,177.43700678420873,0.8395434
Y02468,-493.9121896100441,-1.5613430344321968,-1.0266856
Y02469,-5.324597173598837,195.9355347209672,-1.1626997
Y02470,-401.04885006777096,3.2405373838092237,-1.1626997
Y02471,12.811579265981289,111.95712627159261,-0.06064416
Y02472,-419.9294222654518,-93.3101821023979,-0.01617661
Y02474,-481.92728951167277,-9.414885405225865,0.57381004
Y02476,-208.34207561206296,78.27058493593621,0.29934967
Y02477,-215.48581370596557,82.04499027733048,-0.8823272
Y02478,-481.45033300846467,-5.046247506435582,0.93742186
Y02482,-492.3890131250475,-0.550386414860108,-0.7943998
Y02483,190.94066203805312,54.53583975043899,-1.1349545
Y02489,-469.620540270725,10.756347284554943,1.2793584
Y02490,-477.26712876545685,-0.4508121867161579,0.86868715
Y02492,-491.77024152511206,-2.457645712349041,-1.0882503
Y02493,-500.3911276420117,-21.80521698746102,1.21087
Y02494,41.64997657231526,-136.83102852234276,0.13879642
Y02495,-300.40339484221465,-54.87434295506783,0.59838974
Y02496,-402.1930554811806,-58.79544811793011,-0.95450646
Y02499,-236.8407642033753,7.56483078321798,-1.1349545
Y02500,-496.3055965231521,-29.472248685403745,-1.1710441
Y02501,-224.11758318652835,40.38725182949237,-0.96026546
Y02503,-330.93806500160025,-84.20377924824021,-0.7018792
Y02504,-488.34676025762343,-7.479610372644043,-0.1763986
Y02506,221.44541695353925,132.2683926024175,-0.4126196
Y02507,-488.1466560822413,7.062489263566648,-1.279313
Y02508,-491.23856028343636,-5.157175355094459,-1.279313
Y02509,-303.04899408354885,-93.46649027672727,-0.54739803
Y02510,166.71523242597243,264.7888190054072,-0.7425849
Y02511,-190.46327057788085,-23.2604374485941,-0.7411415
Y02512,-197.77374708599214,87.10465138351393,-0.9184168
Y02514,-434.5017472066513,0.37163288915618947,-0.18889117
Y02515,-468.35617666259714,7.326145458252436,-1.279313
Y02516,-237.98531976509406,81.6386267571725,-1.279313
Y02517,1093.1992376390294,127.98248843493587,-0.44987774
Y02519,162.0743884280539,286.69281815942276,0.24458645
Y02520,109.83599484239033,32.69877085554438,-1.3154025
Y02521,806.9172055240832,253.7210266807079,-1.1257757
Y02522,-439.71671843498103,0.2775858922935105,-0.7093878
Y02523,-385.2799016127758,36.36860775381407,-1.2858939
Y02525,-345.0866277997456,1.5422215579231286,-1.0988649
Y02526,-133.16432490539418,-100.17296593414487,2.122289
Y02527,-471.40269317855007,-2.9755546178476577,1.7503868
Y02528,-485.84950322570137,0.7791755108297492,-0.06630106
Y02529,-283.8281169589394,-39.49697122615499,-0.19662465
Y02530,-497.01746883942866,-6.829053490667795,-1.1710441
Y02531,-138.403466678649,73.36487632885877,0.34471947
Y02532,-463.4320853626133,-2.7424261674872703,-0.22729038
Y02533,-481.3310759248562,-5.360454935297101,-0.2177582
Y02549,-460.58648230920306,-21.076427938976867,-1.2245562
Y02553,-582.7824242016828,-95.219079299941,-0.48534152
Y02557,-502.8522253240843,-12.020590087388456,-1.2143515
Y02563,-498.46689540605917,-8.71173242355847,-1.1547683
Y02564,-461.78722133855047,-7.602711298264521,2.2935584
Y02565,-357.6250772530115,-8.981764424871914,-0.26212832
Y02566,-261.8308180420048,64.91999398064067,-0.26880386
Y02567,-1.5640839306628598,108.76293720619628,-1.2355046
Y02568,-47.976080037971734,45.81245346121839,1.0665116
Y02569,-382.8429982559983,-8.503788679612095,-0.16053504
Y02570,-93.62659438653499,53.307464292870485,-1.1407424
Y02571,-130.56794374291385,106.18818021507015,-1.2355046
Y02572,-30.377100129740164,-0.7394422880935844,-1.090772
Y02573,-502.9594814532516,-19.18253380922865,-0.990596
Y02574,-334.3640250564723,-15.841743307183377,0.30862987
Y02575,71.45989423974169,344.12125681097746,-1.2844381
Y02578,-224.13078532203474,24.52219084880575,-0.33926454
Y02580,-460.03859515140874,-70.73532486055834,0.27254027
Y02581,-205.54037081094978,70.75722968264195,1.1386908
Y02583,84.103576875728,173.81839208403764,0.07738905
Y02584,-453.8950634067842,-16.042561139643276,0.5612571
Y02586,-11.128241981377723,130.7732244374682,-0.96702313
Y02587,-483.94814434461017,-13.34201702640022,-0.019785572
Y02589,-107.70882057478981,67.84728761986442,-0.32262537
Y02591,-362.1984128501839,7.219562278453693,0.633645
Y02592,-493.6506491466619,-71.04937819119507,1.6439453
Y02594,-228.20660276845092,69.16117375129375,-1.1149279
Y02595,-399.89423742087115,-161.92881473519463,-1.2432233
Y02596,-276.54489164085777,-219.74366068449916,-0.55752075
Y02597,-260.29149292506867,29.87570178275661,-0.95688593
Y02598,-487.0912628651181,-12.019423742333139,-1.29798
Y02604,-492.28194184951434,-4.7073604092676335,-0.20477392
Y02605,-23.69596738526466,57.1390937450828,-1.0792555
Y02606,127.21205680110106,125.36820765457387,-0.319667
Y02607,-465.89234954078086,-54.916353491677725,0.019913
Y02608,-519.5380420929657,-25.22783947807013,-0.62969995
Y02609,-489.9361147782401,-3.1386897643430256,-0.7458144
Y02610,-114.94539946771523,38.904035091240765,0.53041697
Y02611,-18.273919914565724,309.0283746259069,1.5634723
Y02612,-192.8180159798261,160.88933118983968,-0.66578954
Y02613,-288.66428921591455,28.397430386760973,-0.66578954
Y02614,-324.21364775953845,-3.4209558960846516,-0.9184168
Y02615,-225.02665834721432,-18.202658881609025,-1.2355046
Y02616,-401.93702584358294,-188.80649899831957,-0.62969995
Y02619,-496.27887715089344,-10.661356719501175,-0.2241215
Y02620,-224.01741139449314,-256.7154614279721,-1.2275069
Y02622,-232.5968546795577,140.456898734245,-1.3154025
Y02624,-126.89523252206297,83.328050929869,-0.89519083
Y02625,-112.58453606063787,45.472696414789304,-1.3154025
Y02626,-2.1797553837639803,45.65619586894355,-1.1149279
Y02627,819.5296420158705,673.9293886164528,-0.91487044
Y02628,-305.05352094744273,-112.5338465182561,-0.91443014
Y02631,22.42908433812488,82.3201553445365,-0.7018792
Y02633,136.67371413521084,45.1870322078234,0.28345108
Y02635,340.72429313356554,280.37984663106624,-0.7740584
Y02636,-248.91685070557193,79.39856265374526,-1.1149279
Y02638,-316.6737737946492,46.66169966390022,1.5130321
Y02639,118.33126389175847,199.46676910915167,1.2154596
Y02640,82.27294986295267,139.34168211079896,-0.12444544
Y02644,77.02766395966069,129.90236884521738,-0.52143115
Y02645,-362.36388300101737,-82.33274787064538,0.14261767
Y02646,149.21442007024592,219.9881292271296,0.7498855
Y02647,-461.78123868626614,-51.14366779869968,-0.9184168
Y02648,-477.4151455175232,-1.9529089309344265,-0.16813284
Y02650,-304.5615461873992,22.458435478177417,1.0304221
Y02652,-342.06507084638827,-1.4202639965334474,-0.5759852
Y02653,44.99167216746094,113.65078014308973,-0.06478284
Y02656,47.69028527523585,188.41366857480006,-1.2393479
Y02657,310.5174231943895,231.1633202202667,-1.1227822
Y02658,-339.8816712536946,59.50982773135603,-0.54181767
Y02660,-145.38474390467076,17.65759687330312,0.12818183
Y02661,-494.7214513001023,-3.819742865007957,-0.55627626
Y02662,204.60589853862547,159.71174919971125,-0.990596
Y02663,-68.02582410956776,85.72389165793503,-0.96702313
Y02664,-299.4375907041204,35.594567275995736,-0.44925192
Y02666,-403.74329617278306,-24.019729168701613,1.2711585
Y02669,41.84778403356981,147.98602233612195,-0.09211083
Y02670,-495.10106659685596,-8.285452878071803,-1.1375324
Y02671,35.29043333492635,90.53857690685311,-0.4447407
Y02672,-109.40436247698496,69.22776245326067,-0.41128483
Y02673,-379.94055400974094,-66.09841186403463,-1.1349545
Y02674,-365.7012662879076,22.419515949815576,-0.42484447
Y02676,-251.29753152490304,99.08064396077982,0.09501276
Y02684,-63.213447436265604,57.82188426902101,-0.5468816
Y02686,-253.375158893816,90.14382480568702,-1.1626997
Y02687,-492.2225070464693,-5.162502073991493,-1.2775085
Y02692,-297.710796437277,156.53383733407068,-0.58411306
Y02694,-486.31791702616573,-3.258489148261863,-0.4131623
Y02701,23.76683118029201,222.3705003286086,-1.2313325
Y02702,-242.5733717196249,31.673207946805764,-1.2071337
Y02704,173.7260565683221,75.01318809460766,-1.214545
Y02706,-490.7965161510395,-1.8848727898287598,-0.52143115
Y02707,283.94259027516165,86.38344542287962,-0.034641054
Y02708,-218.14241263725495,-24.436083642345473,0.4168987
Y02709,-604.1122307056833,-160.3158408724086,-0.9184168
Y02710,-143.79438635417924,67.32559081953463,0.18878514
Y02711,-167.6960400924419,93.09354177297696,-0.32146525
Y02713,-61.13355196281789,153.5515454725926,-0.96702313
Y02716,-483.9522718894995,4.661387047325068,-0.46261844
Y02718,-100.62199394459493,108.08428635507788,0.03639323
Y02719,-190.5239782462614,41.13572778591013,-1.0627753
Y02720,-170.29334505941264,89.03123750384464,-1.0911463
Y02721,-275.5361040656991,270.56856365517973,-1.1157067
Y02722,-473.7036306136732,14.33283598735537,-0.45581368
Y02724,-452.0955402295591,18.717503387420628,-0.7941926
Y02725,-288.804280139018,42.57855602753401,1.4274077
Y02726,-513.3030184707405,-214.86012442807177,-0.44925192
Y02727,-486.0774636182683,-72.30530831858668,0.669526
Y02728,-471.46715037257394,-2.793721309831425,-0.91487044
Y02729,-482.153862121659,1.9677789269655184,0.52162933
Y02735,-7.31535125003369,138.55398872476687,-1.1349545
Y02736,123.36754657200224,32.82404723593366,-1.1149279
Y02737,-235.28765871973698,-33.37211998063886,-0.052266218
Y02738,-483.2973660022046,1.9027836762455783,-0.99629444
Y02743,-483.4235578401414,-2.240285513346912,0.42050764
Y02747,550.1666469975605,505.6712801513643,-1.2298722
Y02748,-154.87337458775426,86.94322003292746,-1.2432233
Y02751,299.56375118230926,272.6893661712597,-0.70918053
Y02753,292.2622817628561,83.42235146449016,-0.9472885
Y02754,-73.33696099906028,145.757824302991,1.4328855
Y02755,149.1137757424188,299.7063899281226,0.03639323
Y02757,267.3053203741944,355.8828975854279,-1.1149279
Y02758,-423.79001395326355,-25.975513203548914,-0.45989105
Y02759,-465.7572878671726,3.8871451376970425,0.08034211
Y02762,-480.26400170879793,0.33411892386119474,-1.1710441
Y02764,-499.60837416542756,-7.0389878028412864,-1.2223715
Y02766,-448.6180100441569,-15.803029665963834,0.011648204
Y02767,-86.08754487834962,101.83703600020083,-1.0283545
Y02769,-43.87815354869121,156.99977740003277,1.5844914
Y02771,-471.36298533096937,0.48110899354924147,1.1457083
Y02776,-457.63500275428953,-67.61672880668077,1.7161247
Y02778,62.01734454366737,189.89836112986237,0.7056156
Y02781,-489.00072742509604,1.8441395525301347,-0.21630989
Y02784,-238.85571588097136,95.7496094008684,-0.66578954
Y02785,-462.09698034156736,9.243432880261015,1.273284
Y02786,-130.3348199190127,125.24862201568038,-1.2432233
Y02787,3.45712609752814,107.48683111949076,0.08082725
Y02790,-39.887422650026984,206.2061261209867,-0.7173163
Y02792,-496.4359486119578,-5.334697531155655,-1.1349545
Y02794,62.84709862197817,184.13902043738267,-1.2355046
Y02795,77.76326841834133,59.68238795423956,-1.1157067
Y02796,-462.08564742188156,-16.010306939538406,1.5694379
Y02800,-471.33194856182655,-8.731677595333055,-0.52143115
Y02801,-421.4505166974228,19.990348144925807,0.8964741
Y02804,-479.26169232282746,-3.322246300110716,0.12044834
Y02807,177.84279713676224,142.72145135152897,-0.0399582
Y02808,-288.6691415327754,-13.591000510482301,0.66389346
Y02809,-488.21833034182725,-11.945566427843426,0.7172574
Y02811,24.63650073832692,167.64583116108648,-0.9430633
Y02812,-133.16070615184785,-66.46490119024669,0.34803382
Y02813,-507.5262863895578,-19.737566026323982,-0.48534152
Y02814,-468.10253737143364,-7.954264667213003,0.7417052
Y02815,-9.472471981712989,224.3523058543885,-0.52143115
Y02816,-182.2160773260441,34.122080670670215,-0.04916477
Y02822,-466.3705458492658,-12.74922025466704,0.849974
Y02823,-241.03296640798746,6.341755220574988,-1.2432233
Y02824,-249.72484871339896,-54.40422481227643,0.17574501
Y02826,234.08183537095005,77.95914816474875,0.019913
Y02827,108.67018936444634,-57.89738270711267,-1.0675871
Y02828,-591.3548884382653,-88.1175316584194,0.669526
Y02833,-131.94618653219754,-2.7199853773026077,-0.052266218
Y02837,-432.5074959517141,1.1077130517662344,-1.2968361
Y02838,-34.514251025305065,148.10559315582495,-0.7018792
Y02842,-181.4914607565158,100.90774099359062,-0.059150364
Y02843,-487.2605363370263,-5.21524690489165,0.088811345
Y02846,-344.6041037687798,80.1894127248565,-1.2071337
Y02847,-59.68119688157716,170.94728963741994,-1.1871071
Y02849,-120.38588596218527,98.87032897224783,-1.3154025
Y02850,-20.46333616816748,219.24826030499602,-0.6296999
Y02854,-266.8400524867489,-87.93957138613347,-1.3033727
Y02857,-456.33823862962225,-305.0384602131269,-0.66578954
Y02858,-451.2966349276562,-43.50929332769326,0.962754
Y02859,-471.1665104445476,-3.252052858637696,2.2119644
Y02860,-470.27706591357224,-0.7968811856293136,2.2157652
Y02861,-473.0580445881945,-3.139873475037003,1.9530038
Y02863,-472.2780777496472,-2.9565134616410784,2.2090757
Y02865,-486.3088270128502,-19.80886041652817,-0.7740584
Y02867,93.5738268721409,183.33485266591967,-1.1257757
Y02868,-39.20450347500316,50.94427633200681,-1.1349545
Y02869,-464.94650011974477,-32.56096642873619,-0.36125258
Y02870,-477.22183734475794,-3.339459024967617,0.45298833
Y02873,-435.84276961143206,24.3460621030862,-0.33926454
Y02875,-248.89810112490665,129.65485044129238,-1.0675871
Y02879,-487.8973954727754,-10.879366597419173,1.0628102
Y02880,-324.2302081430484,71.8292324361056,-0.44925192
Y02884,-117.07514281018915,144.06582013594993,-1.1349545
Y02885,-133.1785972537433,72.82190491265558,-0.7416467
Y02886,-220.21805382783512,107.36737063446054,-0.16887946
Y02887,-364.0817410387967,27.24984873253475,-0.17034581
Y02888,-499.64577293620135,-8.053858073490625,-0.71390903
Y02889,-397.0922737313161,-15.747802401318218,-1.2355046
Y02890,-43.411005685275725,140.55584041609615,-1.3154025
Y02893,1318.6881123759583,321.3886823025393,-1.2355046
Y02896,-219.7980125563742,-31.345148539599336,-1.2432233
Y02897,-274.61515846430854,20.92437348677488,-0.7740584
Y02900,13.914775645333563,172.64463916917913,0.66522956
Y02901,-491.50881835298105,-7.695039472165896,-0.88869596
Y02902,-399.1895982419063,-52.121560337919846,0.063934386
Y02903,-318.64201658525934,36.79275842602526,0.48907793
Y02906,-174.41685890231145,139.8479820836373,-0.32262537
Y02907,-477.12779707869447,-1.0255136915045409,1.1632318
Y02909,-465.24942183261504,-2.14415654522217,1.5356766
Y02912,-524.481030913784,-27.325275798971447,-0.26880386
Y02914,-495.95963420049736,-23.21363337435046,-1.0886396
Y02919,-510.9655134440084,-17.36035603759491,-1.2071337
Y02928,125.45842876329004,183.22069117348866,-0.6743315
Y02931,-495.64367993032715,-11.019735596083509,-1.2331182
Y02933,271.7435715785807,290.5161313855274,-0.9472885
Y02935,-536.7403465789407,-40.63596215758823,-0.62969995
Y02936,-248.91728724103626,61.25688675840134,-0.96702313
Y02939,-511.18794123026277,-79.51258380673882,1.8965726
Y02942,-447.41818707597264,17.990680048607988,-0.12444544
Y02946,-256.1022436583707,5.54471861370965,0.52120394
Y02949,-495.3034686944074,-12.332163676911144,0.019913
Y02952,-473.9875077054741,0.7636973411594354,1.521796
Y02953,-478.4001988033785,-5.843561235561688,0.7903477
Y02955,-308.26528234018065,63.16647949058618,-0.052266218
Y02957,-395.3557263457293,-33.09258241769554,-1.0209266
Y02960,-5.433031392974556,113.42498328267507,-1.3154025
Y02961,123.35565961831432,83.22807208396789,-1.2219563
Y02962,-183.36257950077746,-56.929666372249734,-0.2290826
Y02963,-390.55504954259266,34.05504980875663,-1.2071337
Y02964,-641.789730252416,-163.01211069852928,-0.3770727
Y02967,-492.5866335787452,-10.756302794742119,-0.47186807
Y02968,-97.11930515953588,32.24661932959857,0.99433243
Y02973,-148.92000400971548,171.6279096936597,0.6256729
Y02974,-44.08768322112475,68.52282804484675,-0.6743315
Y02977,123.86802647534822,128.36354005003713,-0.66578954
Y02978,-465.72983291441466,-26.249046407887757,1.5835774
Y02986,-265.2121994903782,102.6568681599651,0.5344633
Y02987,246.13188949484243,259.91500950161725,0.17131852
Y02988,-341.3604370256624,30.620665597583276,-1.2071337
Y02989,-394.96524866804435,-41.90823286520098,-0.48824808
Y02991,-348.6781688903876,-14.619683762449169,-0.7115031
Y02992,-491.1793329855064,0.9278143453603215,-0.7067562
Y02993,-468.3024940616618,5.307641554005729,1.5156267
Y02994,-462.6701430683755,7.67356606203243,1.5967513
Y02995,-483.7895792565933,2.5552756122082045,-0.48534155
Y02999,-371.4595022173165,24.425403825939437,-0.9905961
Y03003,-466.2725945948711,-5.476301044462922,1.4532982
Y03005,-478.51263882947245,2.705407427225133,0.8807322
Y03006,-486.4809230416978,-1.803171840212538,0.12818183
Y03007,-462.24235773411897,-15.758591608027535,-1.2178533
Y03009,-474.8414182404578,3.791964573171052,-0.23919189
Y03010,-476.4738015910659,-6.2647088896615655,1.2234229
Y03011,-486.6715232100554,5.084274075953316,0.22081183
Y03015,-488.84669436871,-2.1578133336059486,-0.04784708
Y03016,-482.9327535236519,-3.961697530173305,-0.071679935
Y03017,-457.6822622470685,3.0475488762536487,-1.3033727
Y03018,-499.158109051334,2.119698014955393,-1.1078873
Y03023,264.78223843033504,362.990405037292,-1.1787276
Y03027,-501.7187167911775,-9.976619951914788,-0.70187914
Y03030,-486.97057905944814,1.3635884294262999,-0.70187914
Y03031,-488.734031790127,4.803477946156624,-0.70187914
Y03032,-488.71203865966135,-2.8677588957284983,-0.42636582
Y03034,-311.34750499865646,39.865060951450694,-1.2224638
Y03035,668.7305804469719,169.43199575940207,-1.0245996
Y03038,-481.4841996785681,-5.404374358482103,0.9931867
Y03044,-493.9532826234503,-4.27329802144376,-0.9620102
Y03047,-434.69595286299773,-19.416805023003512,-1.1934712
Y03049,-25.78322314563897,140.06761043888883,-1.2264861
Y03051,-13.57379638437143,119.89551582232096,-1.1151837
Y03052,621.8448618265618,305.758396665161,-0.03715894
Y03054,-280.0992941419272,74.01800029693996,1.7522143
Y03056,-488.52702963228535,-0.7849344582640414,-0.5709254
Y03058,-488.84813036277404,-1.6399184076751154,-1.2452008
Y03060,-484.0625077043349,-6.599191570495816,-1.2402686
Y03061,-494.8437062232166,-5.643534368618244,-1.2578542
Y03063,-95.61912938555845,93.09802382604866,-0.9094466
Y03068,-522.5748845951188,-33.769547216867444,1.2469597
Y03070,-461.13496665482467,-22.442887762472267,-0.4041399
Y03071,-374.66601709458234,-75.31434998391629,-0.3409831
Y03072,-493.9246944901596,18.212712728946627,-0.45848417
Y03073,-478.77291486273714,9.169727211716964,-0.4407044
Y03074,-488.6741048692946,9.194446252145196,-0.4251922
Y03077,-437.3659480700979,-21.166497602781178,-0.32993063
Y03079,1119.1493791902355,203.34154678322446,-0.7173163
Y03081,-441.0557236695983,31.26243188151696,-0.12444544
Y03082,-370.0891555105767,-30.445213801969476,0.6256729
Y03085,-484.40790942667854,0.1930189533113654,-1.1349545
Y03086,-460.66588524445126,-8.446389730466288,-1.1914865
Y03094,-402.9843974259788,73.48181129778725,0.4285584
Y03097,-518.0102282871571,-22.097385682015663,-1.2414188
Y03098,-496.8253555572999,-6.822382224996586,-1.2432234
Y03103,-490.83956361888426,49.49166478108056,-0.9579435
Y03105,-460.90600292215345,-13.28842122125368,1.0074558
Y03106,-495.85901773528906,-8.043270363282575,-0.7740584
Y03108,-498.4599135039696,0.6719920030311064,-1.2338825
Y03110,-483.97924354779514,4.941802375327857,-0.55777305
Y03112,-23.77645360305019,276.4938207914296,-0.31713817
Y03114,-484.47218084252626,1.4109552157592085,-0.24545176
Y03115,-477.07249066012935,-4.577132054688739,1.7522143
Y03117,-495.0445904899388,-1.088597389363428,-1.3013417
Y03121,-470.2504121560516,-1.5672890520946705,1.7192092
Y03123,-485.11684971437035,-5.375280414265589,-0.16290158
Y03124,126.14949716867739,309.08915733580557,1.2060871
Y03131,-417.4957681375869,45.23274159797129,-1.2071337
Y03132,-472.9626460618092,-3.296959333817271,0.87685955
Y03135,-57.12298462117734,-18.04106405291048,-1.0241678
Y03136,-491.9303462639223,-3.151265222474829,-0.28468332
Y03138,-489.3969127961712,1.0427104343877727,-0.52245253
Y03142,-485.60168447610994,-0.5163363651776013,0.4494501
Y03149,-448.4349815355178,-42.94263156605863,-0.7173462
Y03156,-460.15401672573927,-23.96352173648347,-0.17943913
Y03159,-474.4714745172531,0.19261475339825082,1.5858881
Y03160,-480.0619574364157,-12.617485623280924,0.20814507
Y03168,-494.8857811040035,-124.25654068307826,-1.1655622
Y03192,-492.833127455083,-7.5148543593078045,-0.36439258
Y03193,-469.87328418905713,-2.321492578235538,1.7169639
Y03201,-429.20147986107025,-10.252335309608451,-1.0112187
Y03202,-508.7766872637882,-21.95364271938048,-0.16053504
Y03203,-489.77584119755807,-4.579462528081214,-0.6216801
Y03204,-469.4765872381178,-10.006437452681613,-1.1157067
Y03217,-471.3465665317639,1.4216587841976076,0.9528678
Y03218,-372.21147923724794,-96.23874958444428,0.89833415
Y03220,-475.02466701124354,0.5518065580272091,0.876707
Y03222,388.38465141101227,74.05042183100464,-0.40113243
Y03228,-476.76858609959265,-7.848288045937231,-1.0412334
Y03244,-493.1471516188017,-0.7072343184029733,-1.2311158
Y03259,-448.1095491972641,-109.70526329096583,-0.7433822
Y03260,-219.74962492853516,129.53005274904427,-0.26880386
Y03266,-470.15714622562314,-14.442930631866721,-1.3050464
Y03267,-461.7533259924242,2.3082236735760726,-0.26556507
Y03268,-487.9855376798077,-2.9266843711463926,-0.22870432
Y03272,-496.44412253238653,-3.1853191876391325,-0.7098991
Y03274,-504.9146263093703,-13.391465532179566,-0.810148
Y03287,-495.9735845149049,-3.756311229499104,-0.38401303
Y03291,-477.2577505062135,-0.6326980967935144,-0.26167506
Y03296,-155.04638811417828,94.2979360835902,-0.7036582
Y03304,-459.0615045023289,25.040014069292933,-0.8411276
Y03306,-496.3585096801636,-6.578830002916594,-0.6597746
Y03307,-487.6416368707359,-12.69318499446887,0.26089847
Y03308,-464.06842337803664,-115.78012879284742,-1.0627753
Y03312,-452.50666918223715,29.189943772136782,-0.9658772
Y03315,-482.88084847146143,-0.9096318473861258,-0.0099001555
Y03317,-468.69522914243754,0.6191934707789933,0.87485564
Y03321,-457.84373677937333,12.79070468428798,2.1149147
Y03322,-487.2442900377748,-1.4679287024068797,-0.20788461
Y03325,-451.31975504228285,15.304050203247844,-1.1349545
Y03327,-515.6534556666287,-43.64406465983067,-1.279313
Y03328,-495.7459547614232,-0.540649341690301,-1.3154025
Y03331,-397.12193937889674,2.578873029724438,-1.2325058
Y03353,-501.06488278410666,0.4587876043428178,-0.539476
Y03357,-399.36836159245377,-9.2535363995926,0.25208947
Y03358,-494.43244457928444,-2.867698864177315,-0.088355824
Y03361,-466.58430610574055,5.643290447541559,-1.2081648
Y03362,-182.1911802047951,164.363310783751,-1.0728468
Y03363,-217.14473930522894,173.65354164646325,-1.2071337
Y03364,-232.51172744066002,-34.514224773131176,-0.6319555
Y03365,-484.82799635500584,-21.85623896290705,-0.19662465
Y03366,-141.01660482150265,17.689004206085592,-0.7226916
Y03371,-473.1323941856319,-5.257917748852673,1.837927
Y03374,-443.96503385648447,23.79745492744111,0.18957563
Y03375,-451.9008504369467,-24.93543797488855,-0.36203536
Y03385,-441.54560356449673,-35.83237687452287,-0.95450646
Y03387,-503.0577926140013,-13.898512810746203,-0.8462376
Y03388,-507.6235186805465,-38.151681178595865,2.1852896
Y03389,-495.1074875263286,-10.288689965105512,-0.45870394
Y03392,-460.59014899268,-29.047674272131214,-1.2221248
Y03394,-493.9531674160255,-1.0503982240182947,-0.93329585
Y03395,-470.72475348848377,14.702639781705717,-0.65103596
Y03396,-458.1741344006101,-8.332647280500765,0.27254027
Y03402,1023.1293802157181,-234.65447291780177,-0.7662128
Y03403,-465.24763834828894,0.6346107492861824,0.4168987
Y03404,-480.39528980243585,7.5139419853029,-0.24104263
Y03405,-470.74859613850157,0.44463495577210915,1.5356766
Y03406,-498.4260076292012,-9.69795192450976,-0.6672331
Y03407,-489.85510056981565,-7.991771698706235,-0.21792343
Y03408,-487.5432080169082,-0.9829627958773473,-0.5478968
Y03409,-477.87999590673166,9.032622163111036,-1.2432233
Y03416,-485.1291391150167,4.388534925232445,-0.20884396
Y03418,-455.597612206638,-16.377327090288063,-0.2635503
Y03419,-448.82300425866777,-1.4003639662215317,1.9320061
Y03420,-423.6459504058594,-50.83100369782669,-0.088355824
Y03421,-466.3701333441965,-3.3610826395842173,1.0787685
Y03422,-462.7857345544159,-15.497778269407574,-0.93614507
Y03428,-506.4047324873946,-21.86152535350515,-1.0266856
Y03430,-42.16866813004524,-146.76929154623454,-1.1349545
Y03432,-321.48388111668817,-33.91867184061974,-0.9175146
Y03434,-498.0552241438507,17.371920464193316,-1.2291257
Y03439,-483.7306238905613,-13.461746757382533,1.3883919
Y03441,-318.04374051070073,79.02556670993741,-0.041462325
Y03445,-523.6780697933797,-269.67769141315756,1.3913181
Y03451,-474.1100629569014,-0.9843382624333556,1.0517812
Y03452,-497.08680742404806,-8.07041184943887,-0.9093944
Y03457,-483.952640066985,-6.014126058013197,-1.1135856
Y03458,-469.3055227468535,-50.21344219949261,0.8174933
Y03461,-488.4143629859194,-1.1198917540821354,-0.3560818
Y03465,-483.5189296195302,2.584394432988331,0.6407879
Y03466,-409.2239814507402,93.61459945845539,-0.7966144
Y03474,-481.44912018822754,-5.181841898248628,0.37520897
Y03476,-491.40922741886584,1.808464416719971,-0.5031636
Y03482,-486.4453604541524,-9.976016141195016,-0.06910804
Y03484,-488.897120493565,-4.112798022527691,-0.39379716
Y03492,-484.1960513500818,-0.2433829935583945,-0.883277
Y03493,-483.8611901071413,-13.349020371144304,1.1541579
Y03496,-514.8778153319738,-28.947898332125376,-0.16053504
Y03498,-493.2917594360102,-1.8605420241981176,-0.9829407
Y03499,-454.43680755237943,3.273596633797511,2.055109
Y03500,-471.1342295231574,9.654988691885453,0.69606245
Y03502,-460.0648878858736,-36.2398527999167,-0.29999998
Y03504,-360.30601482504113,-58.31052432654193,-0.3037293
Y03506,-273.27383658588707,-57.40483975017665,-1.0988649
Y03507,-464.10087719366027,25.754226657416147,-1.0285977
Y03515,-470.34664188267277,0.5530143027993736,2.0868633
Y03521,-471.541132225789,-1.1030454087179475,1.6534785
Y03527,-487.47068399686515,-16.678137613785427,-0.49616843
Y03528,-483.91376045061145,-2.121714869428774,0.64973485
Y03534,-493.32517083037624,-17.59081613242901,-1.300134
Y03537,-489.513602666205,-9.187475547976492,-0.47521108
Y03539,-478.5343478058681,-13.18907877804054,-0.539476
Y03546,-493.78292846556184,-6.599200950605854,-1.2407055
Y03548,-468.6133742411573,7.37936483999611,0.20688325
Y03550,-461.12734177933595,26.071610558108585,1.1522244
Y03554,-374.3459577429203,-73.80078531954997,0.16427143
Y03557,-487.7408300991121,-4.571170914346117,-0.53162116
Y03558,-489.6139776963216,-5.483929360561097,-0.5495986
Y03561,-479.4534247064491,-3.213704353411899,-0.12153499
Y03564,-487.6684703387992,-1.3435917022406916,-0.24002972
Y03568,-489.886787623333,3.929699615497598,-0.28733638
Y03569,-485.28214108453875,-39.57942281205138,1.1747805
Y03571,-342.581450448184,43.061376494348345,-0.2513813
Y03574,-476.5092101046832,-8.065276070538037,-0.98157364
Y03580,-454.53004745876717,-10.922387650480927,1.2040424
Y03584,-467.13861230897226,4.137188754824758,1.8697219
Y03587,-20.284458937810598,-45.45927249364603,-1.1450001
Y03594,-516.6189891851499,-44.00072063662757,-0.088355824
Y03595,282.8264067892045,149.16927406942048,1.6385072
Y03596,-495.9795286929486,-11.913392447237865,-0.90879285
Y03597,110.46082363325021,134.73722983876877,-1.2405227
Y03600,-435.8635093854752,-30.050500736052022,0.4582377
Y03601,-492.4608757739144,-25.530998582288255,0.20473553
Y03602,-27.81991191668937,137.3819900138455,0.18391204
Y03605,-431.9950210745874,-30.820243134531864,0.7351434
Y03606,-524.2682773717406,-43.19693271560168,-0.16053504
Y03608,-470.83488572825297,-10.621520654589549,-0.6669538
Y03609,-459.43382746439516,-17.944607274105323,-0.65641195
Y03610,-358.76105290752326,-112.86952558595411,-0.63902926
Y03614,-483.28560132974394,-6.812193659894287,-0.95450646
Y03617,-478.9073301878964,-2.238092111680064,1.1792917
Y03620,-392.91475404759393,62.33761567254318,1.8441684
Y03625,-518.93619427043,-33.13794893412547,-0.48534152
Y03640,-436.5596611043278,-6.2258178852947434,-0.43427134
Y03643,-487.7169742755626,-2.445957888640104,-0.8311303
Y03645,-489.1561648802419,-3.4072178677470406,-0.22540498
Y03646,-478.6068918448847,-45.4081804448292,1.658879
Y03653,-494.2902557540004,-4.103011566210147,-1.2356697
Y03654,-489.4699866784674,-11.382809269221077,-1.1005435
Y03656,38.12637430585971,9.603538316959833,1.1725645
Y03659,-475.4485993623607,-10.32785146591037,1.1524898
Y03661,-149.93094673166775,-45.763500571848425,1.3913181
Y03662,-357.6242445459845,15.099673206759412,-0.3137266
Y03663,115.872489089129,-40.906364335308574,-0.8357716
Y03664,-133.35470371292635,76.31969258213769,0.572084
Y03668,-484.35794230884443,-45.70965422409745,-0.47110897
Y03671,-195.96329781265396,332.90848475429976,0.72256196
Y03700,-414.8082636565103,8.257511842422986,-1.1230965
Y03703,-489.47959762204306,-52.9431097844086,-0.47587538
Y03704,-480.01809215543716,-6.623345847253479,0.28938207
Y03705,-482.2521108179325,-3.0192690916111347,0.27299708
Y03706,-475.3483100403077,-7.272274811806657,0.271556
Y03707,-482.6694415030833,-2.7303804841417456,0.29875273
Y03709,-482.4149685479034,8.938225520266982,-0.28618035
Y03711,-394.70640877481804,-17.25681247507632,-1.1236925
Y03712,-496.77412795604863,-2.423413701135958,-1.2095397
Y03713,-481.7287789775225,-3.2417219529886694,-0.14647415
Y03715,-407.12631638116017,-1.8915167542035918,1.4452498
Y03723,-462.1656211113309,1.7712298023978745,0.7522195
Y03725,-476.0032134420575,-7.073233217543483,0.42539036
Y03726,-476.64705212890436,-6.072905486402278,0.4011095
Y03727,-474.8471391640445,-20.124491817523786,0.58223945
Y03728,-477.85991474018016,-2.22970580732847,0.4728376
Y03730,-476.3809678834707,-3.5283622196377786,0.4067936
Y03731,-478.8521334300096,-5.976131528380956,0.4144602
Y03733,-485.0558567614095,-1.5930644557426805,-0.12444544
Y03734,-484.1734041384909,-7.834351046288979,0.11405981
Y03740,-479.14872410641266,-1.9209911054145181,0.9391766
Y03741,-473.4788440136383,-0.6387176650108102,0.9133838
Y03742,-496.2587020482404,-11.564836194031422,-1.0943537
Y03743,-457.6081786638285,-2.6478940100574335,1.2270843
Y03744,-480.44106962970494,2.168826193740742,0.19931498
Y03745,-480.43690712477496,4.973012331646752,0.835852
Y03746,-481.8161795100956,-0.7403316301970813,0.7999703
Y03747,-468.3581027808458,10.408125390904397,-0.9237241
Y03748,-501.35845258245814,-39.09559113208721,1.0304221
Y03749,-483.03628868483696,-14.747461420836734,1.0304221
Y03750,-489.45175036750993,-4.458540773053097,-1.1169097
Y03752,-409.7466482034549,-75.29734785174404,-1.126176
Y03754,-486.19350728308683,6.669244988785317,-0.3700464
Y03755,-45.63104889355527,93.17082769185282,-1.2282593
Y03760,-473.10304642635697,-7.856615563644184,-0.96997344
Y03761,-485.5623630255735,-7.609154709307562,-1.1557333
Y03762,-459.9933613937694,-14.343032529740977,-0.051196896
Y03763,-403.238089950266,-52.05847854096201,0.9907235
Y03765,-439.96777052196734,-35.80014485639133,-0.74839467
Y03766,-510.55705321879645,-31.306425464154675,-1.0208333
Y03768,-486.32836637547393,9.809817813607737,-0.9514349
Y03770,-496.0239741975154,1.209177639526011,-1.278467
Y03771,-469.81689518572574,-12.591697461785126,0.83164275
Y03772,-502.997315935831,-32.19293051476759,-0.23271427
Y03773,-466.1086969769315,-6.802237336142143,-0.24569029
Y03776,-475.2193709349985,-7.8159541781883775,-0.24747819
Y03777,-483.6877793067801,68.4537938206276,-0.31428665
Y03781,-475.36671760116695,-1.37488881210472,1.197288
Y03782,-467.2586835346957,-1.3913044638257266,1.9997379
Y03784,-474.24704343540157,-1.2626483240267836,0.6522394
Y03785,-480.3729054112411,-4.964962285662176,-0.14034933
Y03787,-453.6065631229364,-21.230117124094107,0.47024855
Y03788,-472.48483686397105,-5.579955038547056,0.59088296
Y03789,-476.6153405462902,7.807180332267985,-1.3154025
Y03791,-481.5916219577972,-7.336212316004817,-0.46333563
Y03792,-484.6186705384615,-9.45408233019715,-0.47030416
Y03793,-448.763543351349,-10.522584912350133,-1.2597214
Y03794,-486.1268834007453,-6.720069248114541,-0.20892793
Y03796,-482.1623944254619,-11.286885721895478,1.164709
Y03797,-416.6752956531495,87.28265920826951,-0.14798214
Y03798,-287.3808221338393,-88.68071821780684,-0.18741028
Y03799,-479.06113474593394,1.7625937532225477,1.0134387
Y03802,-465.9213035652872,-1.6513335789722754,0.9788655
Y03806,-477.6257650726461,-8.783529764198734,1.0111743
Y03808,-476.50336643962413,9.52482850007251,0.0031469634
Y03809,-434.65656222836554,-30.89927170119751,-0.18734448
Y03811,-484.1599506444978,-4.698819310444763,-1.3031785
Y03812,-490.2123469709891,-25.07023738330417,-0.9184168
Y03813,-494.4736609764037,-5.387820273459933,-1.28275
Y03814,-495.87818085430297,-0.5893575507491846,-1.276032
Y03815,-510.2071287607478,-28.563411335578376,-0.59361035
Y03816,-487.88284475567855,8.723025240522537,-0.5299562
Y03818,-481.2110778806979,3.6430977296150653,0.057777505
Y03819,-456.6254798481311,-19.367623289615878,0.45840174
Y03820,-481.8304011786316,-14.697462679909536,0.669526
Y03821,-529.6286956432064,102.72052263429332,-1.1157067
Y03822,-468.8101349288638,-8.619329886758875,0.7440717
Y03823,-479.1416305666837,-27.760636688791383,0.31116247
Y03824,-467.8846336504886,-0.644097299889748,1.4858073
Y03825,-454.1108872666262,-1.8215928470427958,1.4892015
Y03826,-478.40893186668393,-1.6549874881591424,0.21479689
Y03830,-470.9949183283714,-7.229469423715305,1.2454715
Y03831,-458.04308679187767,-10.224258328132478,1.8661664
Y03832,-448.0931105174127,23.052604490978283,1.8656002
Y03833,-485.0250555354728,-6.9229071768477635,-0.46118233
Y03834,-482.12431752715423,-23.331967460868885,-1.241058
Y03835,-494.3514347467544,-1.890003015704453,-1.244849
Y03836,-468.2615186033849,-16.205495712679642,-0.2472028
Y03837,-480.3915734730811,-4.656258135752449,1.2365704
Y03838,-451.5471842591444,1.7377569012087184,1.1995276
Y03839,-501.7001497581482,-18.447105561574844,-0.12444544
Y03840,-508.9433720958981,-42.0342853111106,-0.5418296
Y03841,-486.4381383018774,-15.01445763792011,-0.46300036
Y03850,-475.89893898092987,-4.582556165521378,1.3831688
Y03853,-486.6284018931866,-17.347438172393502,-0.46729672
Y03856,-482.78034340431043,-31.754868779384395,-0.434488
Y03870,-468.4882704956255,1.6711575443866986,0.98814565
Y03880,-479.11848774023184,-7.901324736086836,0.4234209
Y03881,-465.2768786130362,11.858561050923996,0.42531055
Y03882,-456.4635636365616,-0.2158340868720472,0.62354517
Y03883,-483.8651236122126,3.39709859289253,-0.8318018
Y03884,-482.0292155827188,-3.128926897521996,-0.7414059
Y03885,-493.3035161423666,-7.168618876291218,-1.231623
Y03886,-452.46095731555687,-12.111396118537751,1.3583219
Y03887,-453.9019019416063,-0.1868147103352377,1.3583219
Y03888,-495.87636678127546,-1.8755436006900053,-1.0098853
Y03889,-481.42573754657684,-5.275747107622762,-0.13856746
Y03892,-491.08002747151147,-14.66709244911009,-0.2563113
Y03893,-465.78663916495736,5.529293579850649,-1.1157067
Y03894,-482.54742563067975,-2.9841699670620465,-0.2603122
Y03896,-492.74305221977556,-4.757281083069044,-0.24925534
Y03897,-495.0674345785411,-2.762189250785918,-1.0174055
Y03898,-488.60198196853634,-4.8398029129938305,-0.41177428
Y03908,-474.6615324339145,-0.9316302595383892,1.1167395
Y03909,-494.1323971306448,1.8555752624925852,-1.1597465
Y03910,-484.3208945776506,-6.7633913101661856,-1.1563827
Y03915,-481.6825961382193,-17.17415449716099,1.0053803
Y03916,-472.06377029953796,-1.8415085481748,0.19860059
Y03917,-478.51924796733664,-2.165684172316917,0.22337471
Y03920,-500.05873373706646,-4.780387552271139,-1.1451888
Y03921,-473.0051705431419,-10.533315460411401,-0.93996674
Y03922,-478.47301773705203,-12.312495097569135,0.771426
Y03925,-473.57768507654913,-2.0063685036085745,1.680035
Y03926,-505.45877986419646,-29.12979341991909,-0.26880386
Y03927,-498.45480211084714,-3.5915815185791726,-0.9869871
Y03928,-481.48844698813144,-6.329507504935869,-0.99409723
Y03930,-444.2208611954966,19.456461102102605,-0.99560124
Y03931,-489.68088429505383,-1.2050162094981332,-0.9840343
Y03933,-494.5724151081488,-14.019135171823711,-0.98157364
Y03934,-493.4512557705915,-3.160907338019531,-0.9871914
Y03938,-478.77677691018636,2.2161492451457705,-0.06830604
Y03939,-462.1431046976796,-8.81407012993363,1.3568207
Y03940,-414.0637791736559,-9.85382001467387,-1.1281683
Y03942,-382.65757825235545,-46.126489572509335,1.7996463
Y03945,-442.4172083323256,-7.377698174569257,-0.049105085
Y03946,-483.19906036266696,-0.2165899591708723,-0.049612567
Y03947,-483.24508754075606,-5.724721924398402,-0.050283268
Y03948,-482.3175833922619,-4.674668572366169,-0.05108295
Y03949,-481.64526882044544,-2.2586851548870466,-0.056158233
Y03950,-483.5343626051392,-5.740140551133457,-0.07716805
Y03951,-451.10091030679024,-128.37892479777838,-0.6741179
Y03953,-467.03670860691227,-1.941011965234655,1.2777603
Y03955,-445.3943793066175,-27.275815812951777,-0.7001187
Y03957,-489.18695572625006,-6.168120899041552,-1.2245965
Y03965,-491.1857274763072,-7.400603294916475,-1.2381133
Y03967,-465.62559193775536,-19.025882242726002,0.81914014
Y03968,-467.8871631511205,-0.009175613089221404,1.8604829
Y03971,-480.03864446932033,-3.823632881868723,-1.1956269
Y03978,-451.6352022099695,-8.255252615615607,1.6376688
Y03979,-483.9910087477555,-3.914373892145413,-0.17158952
Y03980,-475.65698071826347,-3.9356024643600005,1.1515363
Y04018,-487.6483785386541,-4.6902298109971055,-0.8230147
Y04022,-510.4839429531266,-36.91802618259588,-0.37517324
Y04023,-464.40036022703504,-7.146798034174962,0.8552044
Y04024,-472.85601690385124,0.41250888425762183,0.8575151
Y04026,-468.2862118668721,-8.420959279974188,0.35128123
Y04027,-473.6641062039761,-5.28948163370191,0.5973467
Y04028,-478.19781975334206,-15.147632725359323,0.4178241
Y04029,-481.2865300802499,-2.2820159585842186,-0.18038434
Y04031,-467.29502935302236,-12.218784391130171,-0.0704531
Y04032,-448.3977889803667,-24.558414819784723,-0.07121975
Y04033,-472.9756133461367,-11.166751104810489,-0.065091446
Y04036,-506.34863734028136,-19.458927605403964,-0.59361035
Y04037,-478.1345458995285,-12.12882492460763,1.6793272
Y04045,-474.255506727326,-10.174993389583573,0.4932421
Y04048,-466.4942508649598,-1.9693030039262394,1.7038274
Y04049,-493.2716577567951,-21.505378211786816,-0.48534152
Y04050,-486.258956009552,1.1162281526920221,-0.37111616
Y04051,-485.0547989251519,-7.7339356766034015,-0.36482802
Y04052,-486.24965562502484,-3.502849618045923,-0.37526822
Y04054,-474.53639050561014,4.873105517733319,-0.37761137
Y04057,-490.16900206004425,-7.45144220313204,-0.3958393
Y04058,-488.68429093024906,1.5107348664182016,-0.32682133
Y04065,-443.75533869488345,-36.645959920318255,-0.3289532
Y04066,-490.4107155904816,-11.577862832907071,-0.44827652
Y04068,-491.0133284478963,-5.846818013047261,-0.3571612
Y04069,-494.1046979224747,2.8693072771932218,-0.40353844
Y04072,-478.0369212268244,-7.349236381530875,-0.7249765
Y04073,-488.27060248958645,-3.3491426874435564,-0.44819045
Y04074,-487.1495311050098,-2.0394045962190126,-0.37279087
Y04077,-483.67937215195667,-3.7443501298656305,0.20313717
Y04078,-474.8837865841659,-4.382671926490078,-0.7454071
Y04084,-496.08928004240727,0.5195844847566216,-1.3154025
Y04085,-488.05963534469055,-4.665383880341684,-1.3154025
Y04086,-497.494675663478,-1.4656678701907422,-1.3154025
Y04087,-497.2570279411651,1.5478910456208625,-1.3154025
Y04094,-493.25944194965285,-4.782671284655339,-1.143216
Y04096,-491.0573824291549,-3.3826290991751264,-1.2560294
Y04098,-479.1590833583647,-5.023607888638061,0.3520185
Y04099,-461.13224062867835,-5.497414683011412,-1.0469061
Y04100,-492.6661680395707,-8.312344927927672,-1.0447304
Y04101,-398.3264104947436,34.937772813378494,-0.69054526
Y04102,-487.04570675684437,-1.7323065915893987,0.017621597
Y04103,-498.98731797798797,-10.056695411085798,-1.1421723
Y04104,-456.086038241244,-16.69547560791047,0.7351434
Y04105,-465.5796069600452,-1.5193842990998374,1.076286
Y04106,-448.5777740000184,-40.39987209907972,-0.676439
Y04107,-478.66430131417434,-10.004204030189408,-0.49089378
Y04108,-476.01079912617666,1.339667641114952,0.64365643
Y04109,-496.35801906592036,-5.4312466922522065,-1.2505459
Y04110,-468.03827667022864,-3.110359195316011,1.2158365
Y04112,-465.77354403003744,6.979477076007846,1.1836721
Y04113,-483.885842761933,-6.3520116264736615,-0.5509305
Y04115,-465.92394972026665,-4.9996169178734995,1.767881
Y04120,-488.47729172822847,-5.131299703691006,-0.59361035
Y04126,-499.8027964374218,-15.292954571725414,-0.5523651
Y04127,-483.55481919253026,0.11413338809679298,-0.55752075
Y04128,-487.4457899627883,0.19968507079245812,-0.55752075
Y04133,-493.9430119054071,-11.833253725056682,-0.55752075
Y04134,-487.7150221084201,-7.213598185283193,-0.8372152
Y04141,-488.61105124788,-4.347572931421062,-0.045048296
Y04142,-468.5381839966415,-5.933721540190018,1.6196325
Y04144,-482.4486079296486,-8.894241537925474,-0.7222777
Y04156,-478.07321289771926,0.6335818657436322,1.5423393
Y04160,-485.96367359993195,-9.079754671105423,-0.24649394
Y04161,-477.3581297564638,-3.381538073110024,1.516682
Y04162,-462.6015159350977,-5.997762106425903,1.495978
Y04163,-459.81409646621097,-8.734930038620933,1.5149442
Y04165,-474.34097639526016,-1.8859758830465345,1.481288
Y04167,-488.13425672497493,0.4994381765766335,-0.012337289
Y04168,-326.42464464111595,13.668150222079996,0.5973467
Y04169,-485.36046665717765,-3.7635959953631706,0.22976738
Y04170,-469.63954162258625,-2.4861824296091948,1.7889426
Y04171,-487.56055154219536,-5.890829017385855,-0.54111636
Y04174,-480.7623443648136,10.46761701210968,-0.29371527
Y04176,-489.34052439480234,-4.741775335510888,-0.43662056
Y04181,-477.1005152678725,2.3427154039855913,-0.3590279
Y04183,-480.9234233650535,-2.1022964487414,-0.2206844
Y04186,-484.6761121371588,-25.003455083411435,1.5996068
Y04187,-478.40917192088864,-3.8194514488535156,0.22911996
Y04189,-485.24364503211496,-1.2152057676661152,-0.36245412
Y04190,-483.90089402995255,-7.852998944757851,-0.36338353
Y04191,-486.8181300891022,0.5978982451044093,-0.36377653
Y04192,-486.3299169198042,-5.048715382414618,-0.3647383
Y04195,-485.1619110939541,-10.293044576000874,-1.2263427
Y04198,-492.02211728432724,-9.304402818404977,-1.287097
Y04202,-356.7591734896604,-187.83969436921393,-1.0683274
Y04203,-494.6063835234127,-12.106708218129882,-1.0305524
Y04205,-469.6437121368431,53.83074515567516,-0.28988275
Y04209,-486.58407747236254,-2.0501341983658237,-0.7477709
Y04211,-473.69852250787966,-10.125254226203802,1.6692082
Y04213,-495.8965227419377,-18.071368906850275,-0.78214747
Y04215,-484.3093709621599,3.431555492387696,-0.41723257
Y04216,-470.3450482354036,-5.733957005504845,1.6730781
Y04219,-493.4258157037606,-7.1637748865323525,-1.0929486
Y04221,-496.7194252136809,3.2115346815679597,-1.257167
Y04224,-505.9124564371578,-24.023142033528856,-1.2825938
Y04225,-261.24240155058743,215.7881022710875,-0.5033863
Y04226,-499.04379339571415,-4.00036735328878,-0.45422977
Y04246,-466.1221528801654,-13.280339086376854,1.9687519
Y04250,-473.66581940040305,-3.08118108670354,0.76562
Y04251,-471.5050070268027,-11.339401857956666,0.7320813
Y04255,-476.63051897847174,3.969334632415408,0.75640833
Y04263,-463.3595354395224,-79.35765382951685,-0.66578954
Y04264,-487.39158988170544,-1.9733333892093359,-0.5750948
Y04265,-491.49368666892065,-18.989470534680986,-0.25468186
Y04266,-109.3625902376576,-2.7941512715575167,-0.2767067
Y04271,-483.8540881641016,-6.675050705931637,-0.36348602
Y04273,-69.24045103175413,323.5670075985383,-1.2288977
Y04277,-463.72285239027883,-33.00424189774163,1.7537833
Y04283,-487.47692943939126,-11.464878587849991,0.43055424
Y04284,-486.2327672622895,-21.339497791371116,0.43183234
Y04286,-485.1079639408559,-15.061508475721755,0.4349435
Y04291,-487.0240695353586,-5.979156699462721,0.011710816
Y04292,-485.5034645248501,-16.38761901997519,-0.014372128
Y04297,-472.457644318211,-9.941321049823154,-0.025660008
Y04326,-493.8599874394672,-14.462176746290302,-0.2625274
Y04331,-457.5420979653559,59.437463782939204,-0.42887193
Y04333,-143.79210746473595,-317.26743541864676,0.24217917
Y04334,-459.3081904105967,-14.052756016704997,-0.6982179
Y04335,-497.42259381103776,-24.76186565858347,0.7777948
Y04338,-486.7189323803831,0.158002914846474,-0.26150486
Y04345,-479.4952358731419,-14.468537163879907,-0.22755861
Y04348,-474.59162720566013,-2.066242136789801,0.9542329
Y04359,-487.3507404651949,-10.873404616717856,-1.0993732
Y04361,-474.00684225608586,-8.38434669277493,1.1675625
Y04366,-483.14001921186576,-4.786210827301575,0.26829442
Y04367,-485.0723116636189,2.5252246489264403,0.24900356
Y04370,-485.06536227544836,2.6655505563847894,0.270794
Y04372,-484.6207384385955,-0.8024035063223253,0.2572716
Y04373,-474.22429237718353,-21.1452421943854,0.26269767
Y04376,-501.4226443868722,-1.9909221861405526,-1.2311934
Y04377,-403.55585173594915,-52.6163900504368,0.13879642
Y04380,-476.1047605361552,-16.254049479907035,-1.3154025
Y04395,-490.85564558929633,4.76372698480757,-1.2258569
Y04397,-491.6420383195422,-23.139645116315034,-0.16053504
Y04399,-457.4550711007758,-22.950045911504002,-0.71631503
Y04400,-469.59010423085954,-2.746254593213456,1.7039385
Y04404,-480.23326167488227,-15.028492808863007,1.0838624
Y04405,-476.27962226452354,0.21620279979989268,0.3577805
Y04406,-474.00937368472034,-4.360281842995832,0.654562
Y04416,-484.7797414960971,-15.626951647630953,0.57930195
Y04419,-491.42263686232263,-7.598732809397931,-1.2329121
Y04421,-460.86531189117045,-4.901155202427602,1.4044416
Y04422,-478.0730096483902,11.586816412067606,-0.0946715
Y04425,-487.7494639469056,-33.088044874005625,0.77177984
Y04426,-426.61185086146725,-27.65558415377436,0.43575147
Y04430,-499.18278779272623,-38.598284259662854,0.019913
Y04433,-513.1902529445034,-48.31179673340078,-0.19662465
Y04438,-495.26613723784186,-13.678718357900339,-0.45827433
Y04441,-493.92167684939415,-2.051961016911534,-1.2453054
Y04442,-494.3688232771714,-17.36557029204757,-1.1078873
Y04446,-483.93381993927807,-6.979656685042552,0.42838174
Y04456,-480.6017947179085,0.07417121358818747,0.51760036
Y04458,-482.89147794804956,-7.37222091507396,0.44154525
Y04460,-466.0324612125903,3.9423147124946274,-0.95101386
Y04462,-503.51356111505726,-34.91419971200949,-0.9219377
Y04463,-465.7855495018028,21.04747030956473,1.2755928
Y04467,-457.3506666889898,-9.714577876058438,1.7530439
Y04468,-511.45123585027477,-58.65383959117073,0.5251675
Y04474,-483.3733560319869,-2.0909045554959556,-1.2264861
Y04476,-483.6930711425818,-11.681922993570728,0.5019098
Y04477,-422.64447192673873,-9.38643565686956,-1.3154025
Y04478,-494.25986587900945,-9.757886343662708,-1.2558547
Y04485,-493.73550701371954,-27.455880089342394,-0.7668405
Y04487,-479.61403796495784,-10.85736670186299,0.82982004
Y04488,-465.8894589842394,5.372019548479349,-0.18803188
Y04493,-480.67548733309036,-4.032327558792689,0.824126
Y04502,-480.3091482646109,-9.124167260269797,1.1249112
Y04505,-481.3318914564411,-5.281978642631008,0.83723646
Y04506,-439.032118533595,-28.2296639817405,-0.19074962
Y04507,-466.273442005221,-6.3005728206911185,1.8900108
Y04508,-499.4104947944396,-30.067768787124855,-0.23271427
Y04510,-494.6760745365651,-16.30004732853362,-0.48534152
Y04511,-502.73799171680463,-33.784775782375526,-0.23271427
Y04512,-471.88264161434273,-15.809342976071493,1.6570687
Y04513,-468.0592320650586,-24.036204634442353,0.3680716
Y04514,-445.88273755414457,-29.517770405088605,0.07765637
Y04516,-485.62195407777114,-22.375566677791596,-0.74427015
Y04518,-475.4595436485204,5.2138456578825485,1.2298324
Y04521,-475.6604565449931,-11.0410355924064,1.1581237
Y04525,-470.05071502162735,-10.784226586823609,1.8358765
Y04526,-462.61332913452907,-8.246273055378051,1.2487346
Y04531,-487.3827105176696,-28.880259554349557,-0.301192
Y04537,-480.51217758089905,1.7355246590564828,0.5379265
Y04538,-440.21506474188766,-16.679376321966213,1.9000549
Y04542,-476.27000095076454,-4.545781613433841,0.5570728
Y04543,-466.8005754776082,-3.3422930964946804,1.7371222
Y04549,-479.72171456584556,-3.3384301120648634,0.21495046
Y04551,-475.42804834114247,3.2539093725373065,0.62381244
Y04553,-474.008547352884,20.458819012913505,0.686621
Y04555,-485.70521098887406,1.2792938003540728,0.12047731
Y04558,-457.55096771584357,0.6221682165753528,0.6924666
Y04562,-473.1653271122848,-6.856061726650468,0.5890184
Y04566,-467.2374141753264,-2.997141947670494,1.7974253
Y04567,-481.98942627574905,-13.043952950297383,-0.1319641
Y04579,-409.87811513092623,-60.07994279084649,-0.7428901
Y04584,-495.71929030031697,-4.2111677161516585,-1.3154025
Y04585,-412.76175845421136,-53.52231895714401,0.43969214
Y04586,-464.1291417731041,-14.86601237079854,0.46587744
Y04587,-448.0898038650877,-26.83731852873991,0.4486036
Y04588,-466.58799845029404,-18.448662690588925,0.50047463
Y04596,-491.5267204932662,-34.83462472125967,-0.8462376
Y04600,-325.2649554676626,-8.182594824988508,-0.748119
Y04601,-475.082360399341,-10.889398604723912,1.1667606
Y04602,-481.70268499836413,-16.53023077477451,1.1266611
Y04603,-482.9254382386145,4.068732651946538,-0.2906476
Y04605,-457.60255885041465,-1.4822196632285363,-1.3154025
Y04609,-482.52243448696385,-1.371051692825918,-0.10178452
Y04610,-495.0633550036158,-25.941119017464292,-0.254368
Y04628,-474.55364440355794,2.198685397745859,0.39524496
Y04629,-413.4551966785815,-84.7381714709599,0.23645066
Y04630,-475.01192700164734,-1.4006048970312626,1.7013942
Y04631,-472.9062227919947,-1.4685140795338119,1.6986619
Y04632,-489.2269047968762,-0.7513535052685676,-0.71209925
Y04633,-474.6938521922329,-4.018217145625722,0.6723021
Y04635,-492.1062286545744,5.414621789436499,-1.2568706
Y04638,-485.3882537201624,-3.518103473338926,0.15088989
Y04639,-487.8482378365953,1.33268710685966,-0.00414674
Y04641,-482.7259018754351,0.752833641364847,0.48622873
Y04645,-340.0220219140692,6.6955168730484464,0.90044075
Y04649,-466.7182251973056,-11.209172569874768,2.2574687
Y04654,-439.9413065409339,26.849912205983877,0.19574158
Y04657,-486.35716856618643,0.317544079070495,-0.37011567
Y04660,-284.6881075427099,-409.85221857995805,-0.52143115
Y04661,-485.33447463287,-9.531184034686742,-0.012309861
Y04662,-336.06266416922494,214.3742373123912,0.7802837
Y04664,-93.8152370891187,-4.767931937137541,-0.25292444
Y04669,-475.6378915109982,-7.774612642599368,1.4839481
Y04672,-486.61240064905655,10.957814345048227,-0.6208359
Y04679,-496.0616855487574,-44.67439104357105,-0.9184168
Y04680,-486.9742054867764,1.650963810550382,-0.89275306
Y04681,-475.7609320818236,-15.126736282766267,0.85489535
Y04683,-449.5303041618859,-27.538978197548328,-0.10804107
Y04684,-427.10910362325654,39.59127591390682,-1.2742133
Y04687,-467.6126149978132,-17.96798990478961,-0.93130594
Y04688,-456.8606605915531,-11.184429619260715,-1.0047952
Y04689,-455.7768945408108,-8.082387571379208,-0.93065053
Y04690,-371.59087555374714,-86.24321358064341,-0.82757056
Y04702,-377.12103845473126,85.0371732422741,-0.8446265
Y04704,-480.7701728156305,20.265089534989823,0.61867243
Y04707,-463.68278136320123,-9.686973223287364,0.59283555
Y04711,-470.170219122983,-10.567614629183623,1.1642177
Y04716,-484.51033649770636,-3.6178277691712317,-0.22528404
Y04721,-478.2468285840645,-16.354332749141978,-0.06455205
Y04722,-448.97984434650266,22.8924297647185,0.71269196
Y04723,-487.2393408521353,-17.257249077025698,-0.06987091
Y04724,-485.32739323322625,-5.344149074398776,-0.3965806
Y04727,-479.5915351640711,18.200263920655456,-1.2432233
Y04754,-489.32219578885594,-11.789771656741056,-1.2569717
Y04755,-486.93725199762,-60.92848364725177,-1.2304858
Y04769,-495.70346946218706,-38.896804125846245,-1.1349545
Y04772,-474.63113679820634,-2.2481179443893953,0.8937971
Y04775,-485.191268044151,-4.771575306179101,-1.1065562
Y04786,-166.8610166430031,71.19470897902026,-1.3063802
Y04788,-482.49999893756956,-6.774647140492948,-0.49547908
Y04789,-480.3707411640634,39.46908504139149,-0.91334635
Y04792,-501.57940535326725,-34.30224702270296,-0.997814
Y04795,-390.8410097105302,-48.58225174598691,1.3950197
Y04798,-479.24510580272494,-7.410533641160419,-0.33820695
Y04799,-459.4985049678289,-38.38650446640721,-0.45495027
Y04804,-477.96476531220156,-1.7142736142496584,-0.54849833
Y04805,-426.039927660179,-13.957507220497101,-1.1063213
Y04806,-453.4105813120297,-17.397425873435488,1.9867965
Y04808,-472.42510622826376,-8.382263508336024,1.6439453
Y04809,-169.17955918913103,113.20264997046974,-0.71016204
Y04810,-398.6107052778441,31.348827340395683,1.7722988
Y04812,-489.2314709479737,0.5457634545160708,-1.1845281
Y04817,-484.39041557133316,-9.255684920515932,-0.19477391
Y04818,-473.83792129990286,5.210088991675572,1.8177648
Y04831,-449.4559085716318,-8.777914454154239,-0.25269777
Y04832,-452.88107432578136,-13.725876100755515,-0.42887193
Y04833,-448.64094068585786,-3.502139047177184,-0.67173374
Y04836,-488.11779600872603,-28.353636497380364,-0.9964484
Y04837,-470.0060852016897,35.65104548967423,-0.99432945
Y04838,-482.3312243278751,-13.505109089275415,-0.46243852
Y04846,-476.5246790184013,12.623072038087798,0.59333676
Y04852,-474.7526425350906,-27.312940492355786,0.75564885
Y04853,-397.18533673783537,-68.37755749572659,-1.3154025
Y04862,-485.66902997707246,-19.519398296056977,-0.073919974
Y04872,-463.6144341623078,-1.2819174041826935,1.1089329
Y04878,-498.2962950451148,-0.43721905532777067,-1.2514255
Y04882,-105.43988517137348,36.5169262527651,-0.194805
Y04883,-207.57688871555135,-78.93471329697846,-0.15380648
Y04884,-115.3211816293628,-8.81567980444489,1.0543807
Y04885,-484.4929273620883,-11.362846646261792,-0.443431
Y04886,-410.3661769131169,128.57892653896667,-1.2725267
Y04887,-352.0920081132975,-328.96720646986137,-0.62969995
Y04888,-456.53095627004734,-24.085274666012154,1.6096601
Y04893,-466.2475250705018,-6.99921448564215,1.6200796
Y04896,-470.5750171376672,-1.3821784977142555,-1.1371417
Y04899,-488.7278469546236,-3.379153312965253,-1.0581185
Y04900,-253.97563103987488,2.816886817298603,-0.6929875
Y04901,-473.1068886925932,-32.818473283344986,1.1699685
Y04905,-497.4142967304077,-9.122351061394838,-1.0779709
Y04907,-489.2353751636088,-14.56932766371119,-1.1349545
Y04908,-450.04586437275617,-25.361789695399533,-1.1214973
Y04909,-464.8739795983253,-0.5124477115789059,1.3588678
Y04911,-479.94733880755456,-23.034442077756992,-1.2654324
Y04913,-426.5346596951107,13.493864312921763,-0.005258742
Y04917,-489.5024256588939,0.028878317715686098,-0.826675
Y04918,-488.7167998411539,-11.380368012788853,-0.26880386
Y04919,-416.8303389339567,-137.27500606486086,0.20036104
Y04920,-451.21533152095935,110.86578138640755,-0.23841262
Y04921,-488.2006955246095,4.346923122938096,-0.2520887
Y04922,-475.1237339624538,19.897291541230516,-0.23841262
Y04923,-467.59325213287696,21.578341155541143,-0.23841262
Y04925,-263.9069885595301,231.50536570599405,0.7879739
Y04926,-339.0654705831533,142.17926515312035,0.669526
Y04927,102.48424501789442,189.44189155939378,0.669526
Y04929,-464.2586835166995,3.0070823315076254,1.7500912
Y04933,-429.6904291260722,-37.012590028860686,1.2230266
Y04934,-406.9570114567228,-62.856521258289426,0.7002021
Y04937,-471.83800094453017,-12.071479742063373,-0.18726808
Y04938,-216.02856684060558,-124.70192926938157,-0.070773706
Y04941,-454.885841758661,-18.375923336769763,0.1627832
Y04942,-351.05211312369187,77.91596825587516,-0.66044295
Y04943,-326.38374120697114,-326.84227058525835,-0.810148
Y04944,-356.8869180969287,-7.807943382404308,1.6078558
Y04945,-116.28004157872229,-257.6496366908491,-0.052266218
Y04947,-214.50986264492343,-197.33101562945822,-0.52736366
Y04949,-137.04498679184047,-271.4876161492327,1.3042785
Y04950,-413.4820652373913,-6.842932106917221,1.7546669
Y04951,-269.2490179540294,22.507229427046774,-0.5305806
Y04952,-145.7167210319079,-135.93840887384795,-0.52736366
Y04954,-437.1801894835228,-25.732693417456133,-0.44620207
Y04957,3080.5081560616445,424.50718518253905,-0.38016608
Y04958,-480.13960857091814,-5.5804810956801205,0.6482272
Y04962,-473.52047800954387,-12.549979577306386,-0.7899378
Y04965,-226.92637011422883,665.7044832206224,-0.5337695
Y04966,-485.09615836471113,-1.5465907579190177,-1.1053425
Y04967,-465.20407412874675,-3.20982360176273,2.1661832
Y04968,-158.5337966550195,68.07278388589022,0.5057347
Y04969,-70.98543717541897,100.41627797122885,-0.19600774
Y04971,-477.7542187487297,-27.331910555243244,-0.060069375
Y04972,-487.92882205124084,-3.8069857650061043,-1.1784911
Y04973,-465.60567114500884,-1.2731963941209625,2.13316
Y04974,-476.781606419285,-13.83762253240615,1.3385718
Y04975,-389.0327428177102,20.17159329478832,1.469358
Y04976,-473.63656085676337,-6.802676992011438,2.019702
Y04977,343.0744444450938,41.3642266912547,-0.6754944
Y04979,-391.12054556714025,-104.85094556149402,0.20036104
Y04980,-448.60813540588896,-32.26354555952532,-1.1344533
Y04983,-492.30548099256515,-23.84256529567632,-1.3154025
Y04985,-493.3989061255558,-19.880435894291523,-0.57007366
Y04988,-392.94674621073585,-40.531177637491616,-1.1324365
Y04994,-478.68172859113207,-17.82834353390152,1.048083
Y04995,3031.1746938022866,-145.70264886952998,-0.35093883
Y04996,-473.93988660047626,-16.516418706855944,-0.5604469
Y04997,-436.0880920554288,7.279658654042087,-0.011111398
Y04999,-475.9541164300452,-2.411604710083888,-0.07169908
Y05003,-484.91996101921956,1.1878304678300902,-0.0424236
Y05006,-458.6174751503789,2.6060921237661567,0.7303084
Y05008,-343.95282932309925,-275.6482758830873,-0.810148
Y05012,-475.97666995630027,-10.901493756990215,1.0608133
Y05013,-487.7470585185248,-7.095636134406912,-0.48227006
Y05014,-483.8170734580804,-29.637363732677997,-1.082109
Y05015,-483.30126071870075,-44.73171559343785,-0.8650042
Y05018,-397.5584788456308,-60.06330551903239,0.1493378
Y05019,-470.24189757413734,-18.745047455910548,-1.0652642
Y05020,-473.8068560135843,-16.011028087463433,-0.6844566
Y05021,-450.14330854156526,-261.4800249266019,-0.41316226
Y05023,-67.24434628569448,117.68220434839695,0.8746669
Y05024,-468.1688069523282,-20.40165863117172,-0.671203
Y05027,-430.26473374303896,-86.81555641301183,-0.26528293
Y05048,-473.24806977979983,4.814904834966836,1.1012969
Y05050,-471.8255148125713,-10.87703988640237,1.0888529
Y05062,-466.54207016621547,-3.8058295701548492,1.2025417
Y05063,-499.4712617334531,-42.358380965303304,-0.990596
Y05069,-489.81677421441196,-44.31179004922197,0.35503078
Y05072,-480.5141210373015,7.614941249870996,-1.3154025
Y05073,-485.9667331051467,1.4711726973590444,-1.1379982
Y05074,-433.33960153319333,-5.841495640508827,-0.6201187
Y05075,-479.76851187091575,-13.451641477566657,-0.053002737
Y05076,-422.0709568595932,23.49346823119956,0.290742
Y05078,-378.6155035614253,-79.2520824385278,0.6298865
Y05080,-236.4332864865266,-41.63213130327897,0.82971317
Y05084,-462.3151310337952,-0.9801479212005957,2.2574687
Y05088,-361.55168923344144,130.40851048713242,-0.74303395
Y05095,-387.65489974605356,-66.70569635376827,0.2695875
Y05097,-462.360480761739,-27.588710556971552,1.2818853
Y05100,-384.12097599342235,4.269835070076983,0.9163789
Y05106,-489.1861580668607,-0.8618490475579291,-1.2448637
Y05107,-391.0694127567544,29.71390815199072,-0.5742766
Y05110,-454.61740180568535,119.74847331683415,-0.46585953
Y05111,-480.86011279254376,15.136038523401975,-0.51772964
Y05113,-472.5578824730161,18.087194475046974,-0.89703035
Y05117,-402.4814294768487,11.460021689778307,-0.49026287
Y05118,-472.2349863270483,-10.31961661853448,-0.10137785
Y05119,-467.7616433481251,-1.8826150163149655,-0.09464667
Y05125,-461.33155256759164,-1.019164072050283,0.14815375
Y05126,-450.96411666668405,5.117635408569104,1.340248
Y05127,-486.3393900547818,31.355613060328327,-1.1584468
Y05129,-463.2133942506775,-49.29135460918066,-0.05165453
Y05130,-476.5069589598406,-34.408319910144016,0.4349435
Y05131,-488.1141652155865,-6.581568832870988,-1.1534504
Y05132,-479.41204095056156,-12.225850694869866,-0.07432098
Y05136,-488.29495405495555,-5.220311376629755,-0.94599473
Y05137,-463.6970038571862,-42.81402394414287,-1.3154025
Y05139,-483.7639001361353,-8.380711606268335,-0.5033863
Y05140,-474.5132838850555,16.28438908031542,-0.7192557
Y05141,-331.5353188272222,-65.9569176972673,-0.83518314
Y05142,-437.43755127295856,-8.070240950703589,-0.83518314
Y05143,-491.1791244230439,-11.625179186131243,-1.3056861
Y05148,-374.9543261229709,-59.74994000420164,2.0344865
Y05150,-452.733282219313,-66.38918878877985,1.457275
Y05152,-473.4346650845642,-14.039216190473704,-0.26880386
Y05153,-481.6111157665277,142.54030556991492,-0.25839967
Y05154,-464.1873507352228,34.705676427508166,-0.26765817
Y05155,-474.43136007439534,15.990787649209299,-0.26789021
Y05157,-445.8641755288401,41.76330671288084,1.9094855
Y05160,-478.45248866527584,90.74744780081103,-1.1098487
Y05161,-427.62540649094854,15.065208075690009,-0.8036454
Y05162,-444.4342855327266,-31.844617456613022,-0.82061404
Y05163,-466.86258437935066,-43.6324755142072,-0.953262
Y05164,-492.7980879632859,-24.22117689366641,-0.602102
Y05165,-459.9838040083192,-21.416569455755372,0.8688034
Y05166,-470.1026553620754,-27.146112146058318,0.8680188
Y05167,268.2652503829975,14.03492446214194,-0.83518314
Y05168,-341.38865112793906,-59.19306255411467,-0.5227678
Y05170,-472.9912978879504,-11.541411816393351,-0.16175842
Y05174,-434.3891960541698,-16.129114352144438,1.3371837
Y05175,-438.2517130466975,-37.26298671268811,2.1118658
Y05177,-471.87885450958794,-27.72591067043924,0.8956875
Y05178,-453.3167727594987,53.79908334478749,-0.62838763
Y05180,-449.5418060055657,-38.807329875530634,-0.32843018
Y05181,-486.0037822970443,-11.667596454971315,-0.75788033
Y05183,-452.69059328204827,-24.752842911131477,0.7138178
Y05185,-459.7482486469807,-50.43091719723658,2.108709
Y05186,-458.4153198555341,-17.82315472118151,1.3394803
Y05187,-461.98654765010923,-59.491123053209186,-0.9725513
Y05189,-480.1697430947619,14.346000171328784,0.6306904
Y05190,-427.93105223445724,24.866040570564554,-1.0097787
Y05192,-194.83383573684188,-60.44232286119275,-0.7662128
Y05193,-420.8897353496455,-132.2026204822574,0.14585836
Y05197,-448.36743185273275,-10.687344863723888,0.6403894
Y05201,-462.63426913285366,-20.350488728595433,1.0537057
Y05203,-494.5820485647992,-4.206819252844145,-1.2008874
Y05204,-484.87988774984876,-17.100257758391663,-0.35796645
Y05207,-475.7164972958161,-12.493684709671381,0.7818804
Y05208,-474.1911779794547,-7.223745601546439,0.79583955
Y05211,-489.80404403589444,-0.20905311906894108,-1.0934514
Y05212,-240.91819371635614,135.28924879882246,1.42807
Y05215,-468.6654000811258,15.592646604450016,-0.8278647
Y05222,-417.49155338195163,32.469438666151454,-0.56817573
Y05227,-427.2920438043545,-221.99461780181403,-1.1614202
Y05228,-456.36131412411606,-34.88208094743899,-0.8472991
Y05230,-459.7944279870761,-27.412042400332417,-1.0898426
Y05231,-341.0854509431526,-9.620917711579835,-0.9008686
Y05233,-479.2721761036011,-11.264231399416337,-0.9688362
Y05241,-490.48447292172057,-10.708602464851994,-1.2615545
Y05244,-474.28669527423466,-0.6372455361321278,1.2295833
Y05246,-482.64335264521316,-23.461907278977876,-0.48534152
Y05247,-487.29687211964966,-18.907903945704753,-0.44761145
Y05248,95.30692410267699,119.92489658590232,-0.5664604
Y05250,-476.87658628787983,-50.579541001813965,-1.0908449
Y05251,-484.20727476027935,-17.62525155696718,-1.1067594
Y05252,-485.4287705703327,-9.724249559371604,-1.1091762
Y05253,-440.13625175532485,-59.773350515492204,-1.1349545
Y05257,-449.1182878387302,11.103537048155372,-1.0037502
Y05258,-375.95270817464035,-28.116553605875627,0.5360937
Y05260,-473.9816218265652,-10.195460390337315,-0.986659
Y05266,-470.5647357838119,-23.037285501933045,-1.0923032
Y05269,-486.3298704088293,-14.398925578624405,-0.5394759
Y05271,-461.7257929669941,-5.615282241906933,1.9036417
Y05272,-476.2204895496492,-22.43106787862209,0.061554864
Y05273,-386.22041781125284,32.0849281233391,2.023714
Y05274,-327.22126087612367,-88.6302032858827,-1.0675871
Y05277,-477.9971365721134,-2.249554419264515,0.8527501
Y05279,-486.15140404109917,-10.610620535003045,-1.109801
Y05286,388.8053906339675,149.33414731339064,-0.34231973
Y05288,-458.380530738633,2.398056645776491,1.3592385
Y05289,-436.6209151678143,-19.11422884515877,1.4093629
Y05291,6.629173071699203,50.52793073038286,0.089342535
Y05294,-489.8654456776708,-5.179242633866407,-0.78016585
Y05297,-475.56393103785524,4.25121725035934,0.4172424
Y05299,-472.61590969390113,-9.184573998210643,-0.3319607
Y05300,-498.4376607155517,-1.8788101237830854,-1.1131862
Y05305,-480.36385947809515,3.020185156975525,-0.56817573
Y05306,-482.3361997357469,-5.708411860573498,-0.5760668
Y05309,-480.7471957463279,-2.4237237394426985,0.35328314
Y05311,-436.5044033672565,29.76770801142744,0.24286658
Y05313,-485.2655792524601,-0.6210726040262312,-0.30180007
Y05316,-476.35223186365636,-11.760225202619585,-0.9881354
Y05317,16.15199830214205,5.1089346028193345,-0.15641052
Y05318,-8.43594606928893,19.793294364573413,-0.15641052
Y05320,-462.604269976242,-5.981124972784975,1.7858979
Y05330,-420.99678249707256,69.8098076265387,-1.2264861
Y05332,-465.7670851958066,-13.036084954716843,1.286972
Y05333,-372.8765411743028,-46.42228082004476,-1.1349545
Y05336,-384.41089734890534,-38.33684566426165,-0.004490448
Y05337,-478.8498961425913,-14.404404672672444,-0.17122827
Y05339,-405.04798733224817,14.136376979589992,-0.004490448
Y05343,-462.6982959358689,-14.388586558954753,0.70962554
Y05346,-212.31694681914752,146.98127809205337,-0.0457782
Y05347,-492.8775453953501,-1.4392884220214734,-1.1110716
Y05348,-464.9397605735012,-26.201838663222137,-1.0772111
Y05349,-240.0538687587783,48.442529779264305,-0.25780514
Y05353,-472.43252990945643,40.162727428526715,-0.7726965
Y05359,-448.85988373921856,-20.39605305504287,1.0852247
Y05360,-487.9106406815151,-10.77042076791172,-1.1128997
Y05362,-492.1534656868763,-32.0685354015601,-1.1416378
Y05363,36.360239481512295,-11.628858040499786,-0.56817573
Y05364,32.63349991242366,36.97754780878841,-0.56817573
Y05366,-458.81872166808347,-29.110191690528975,1.1928252
Y05367,-408.05888719565223,-1.7447641083389833,-0.13093345
Y05368,-472.91346162449116,-22.486294988790167,1.172881
Y05369,85.60087476650814,56.03917591398089,0.41412258
Y05370,-461.34951042816107,-22.400022166318976,-0.3680503
Y05373,-433.5350670018065,-29.155979165707123,-1.255015
Y05379,-490.24668307249993,-1.275207446418069,-0.5028708
Y05383,-478.78068808161373,-14.956086681497547,-0.27060837
Y05386,-488.0765041299283,-5.464973003715869,-1.0938123
Y05389,-489.8980698180124,9.405884292980975,-1.2582606
Y05398,-474.483713534996,-57.758190057379466,-1.0988649
Y05401,-467.66227982389995,78.30621843259135,-0.21466947
Y05404,-351.2313057473429,2.731245709722446,0.1493378
Y05406,-491.0734816522001,-7.5256862862084075,-1.2580837
Y05408,-471.359123861095,0.2383938681228448,-1.1099694
Y05412,-491.01218163849927,-4.2027106175341284,-1.1492541
Y05420,-488.1124823898775,-10.852883813893799,-1.238365
Y05426,-479.30234960133396,-14.896529341977612,-1.0711961
Y05427,-496.3976097384717,2.1824261173786192,-1.1087604
Y05429,-395.9070857204616,-55.34755730645118,-1.0988649
Y05436,-257.21649646660575,-114.65324490631633,1.860483
Y05438,-161.61176129170832,-228.74437577346353,-0.9438919
Y05445,-470.26336080887535,8.197621858844835,-0.9856747
Y05448,-475.85278779121563,-21.082580242445804,0.42564768
Y05449,-476.81661257265796,-37.862050702771285,-0.94007057
Y05454,-385.4114939130219,-46.94189384181378,-0.79458
Y05455,-494.0198409026462,1.5580259248544754,-0.789254
Y05456,-466.66032828117653,69.42276840004989,-0.5482073
Y05457,-477.9713004408352,-23.526722193259058,0.9648046
Y05460,-484.5580339710722,-51.52338177447403,-0.442034
Y05467,-469.9874750658016,-10.187674579238735,1.0195951
Y05472,-418.1867370328539,-93.74082205424645,-0.719924
Y05478,-454.2105267914595,-14.844115900325344,1.849205
Y05479,-494.5591112480695,-6.258266830562419,-1.3113927
Y05482,-475.10038328784873,-49.24061188394773,1.1112628
Y05483,-423.47622885295465,-50.61710438375239,-1.0650308
Y05491,-470.30484799360636,-5.236465792620288,1.2474284
Y05493,-390.6377153268334,1.8795318652717,-0.20099916
Y05495,-485.0213953158092,-1.984555956669861,-0.5593029
Y05497,-474.84881817391476,-51.328646080988314,0.019913
Y05498,-466.46799421260323,-2.198543652214338,1.6063726
Y05502,-471.25697381891905,-25.216372523006715,1.0785416
Y05507,-477.9920662108683,-10.27116557604726,-0.67173374
Y05509,-448.73214796553157,-34.0809499540162,1.7522142
Y05515,-467.99898255356504,-46.87617776901741,1.2406832
Y05540,-489.75784857953363,236.41630081876852,-1.1183827
Y05541,-491.39119340147624,-21.440478728100587,-1.2591028
Y05549,-484.6006087879206,45.87158132316733,-0.7437431
Y05552,-435.5358712257133,49.80412917662673,-0.59849745
Y05555,-459.5572877231739,21.933376022758946,0.7265096
Y05560,-451.6528382280322,-16.153563648324724,1.8622875
Y05564,-473.93004462001636,-5.003547104963948,0.861215
Y05565,-467.3134508570319,-39.11372763765713,1.1137058
Y05566,-207.21971070105894,-157.91929140485607,0.8379441
Y05568,-426.77096973079085,29.858320453249302,1.2778937
Y05571,-467.1112517649607,-7.114245494517213,1.7161247
Y05574,-478.77822379357764,-36.254107463633126,0.17442164
Y05576,-472.1540265923694,6.415450382736862,1.45494
Y05578,-471.5150543609193,-10.235084250812966,0.30600518
Y05579,-469.406303724536,-13.925839735284484,0.28894463
Y05583,-482.8593991201732,-1.8635879417908146,0.28047204
Y05587,-443.7204403962594,-33.55563497722481,1.860483
Y05592,-480.6818217123803,2.433502779671639,1.6723015
Y05594,-451.27374313287294,-22.812133429219493,1.6962754
Y05595,-468.94216595845376,-15.67808021683172,-0.5027641
Y05600,-468.6729348050245,-5.015908737612831,1.4777433
Y05608,-473.2655945276062,10.49656303906967,-0.33814457
Y05609,-402.38936003244675,0.32635548074411075,0.8868001
Y05611,-422.13734962463366,11.526228196357392,-0.70998096
Y05612,-430.59765984251044,8.001812202672893,-0.17541736
Y05613,-481.9387630218979,-7.856189369937738,-0.17256492
Y05614,-415.88789852318473,26.042356581655923,-0.17526549
Y05615,-489.1476830866491,-8.538993035567955,-0.86937195
Y05617,-466.2642178927913,-26.941285431722015,1.7833824
Y05620,-453.3976707296453,-12.65238073409101,-0.48030573
Y05622,-216.93946502810078,85.56841309555618,-1.171044
Y05625,-431.53040973097006,35.20141760903029,0.0005923017
Y05628,-484.8513829171272,-7.432876174234984,-0.008958688
Y05629,-464.6012587159904,33.0773530893528,-1.3154025
Y05632,-483.53254174817226,-18.668431448603183,-0.6533838
Y05633,-482.9411578353314,-9.95084903553662,-0.68022543
Y05635,-482.64037111154863,-30.530006431290985,-0.69466126
Y05638,-489.60095433463323,43.69685900645722,-0.6542885
Y05639,-480.2546970831956,-21.390398146619766,-0.6864122
Y05640,-495.8138342132793,0.9406390088313855,-1.0836692
Y05645,-491.4258448873792,-12.459902226152186,-0.7303134
Y05648,-476.63804499491346,-8.326744890147175,-0.41202265
Y05657,-470.9804331115163,-13.81955091896763,-0.8323173
Y05658,-475.49743299696223,-44.482239485830824,1.0809475
Y05660,-370.8569359458518,-73.07467072145693,-0.56176656
Y05666,-469.83950187724525,-12.196336368105236,0.3166498
Y05671,-430.8937152774178,-50.10768532869648,-0.4375228
Y05674,-473.2855680046355,-10.053759983753348,0.5355662
Y05675,-472.11929350757964,37.777830401484195,0.9181873
Y05676,-454.2795405281268,-21.450823061944956,0.8236714
Y05682,-475.3356532907976,4.619006518805108,-0.119738095
Y05683,-474.03891374734866,-11.688395913369295,-0.16177952
Y05686,-454.35784882555754,-7.721550526622845,-0.06189011
Y05687,-481.02100598521037,-57.13607276905176,-0.3409831
Y05690,482.7064965474233,-25.097241472994718,-0.54830635
Y05691,-470.943020111545,0.9532895834250583,1.8003336
Y05695,-465.7178995300301,-13.478208215121105,0.7858147
Y05696,-296.7379266457381,-120.35560283130067,-0.43571833
Y05697,-486.48274427413946,-26.13852799575713,-1.1643959
Y05704,-491.60804089854736,-2.6502818821642875,-1.198541
Y05711,-478.07224198941026,-17.06349002330247,-0.8738355
Y05715,-488.733990579121,-3.227912310318827,-0.7582142
Y05717,-468.10849096177503,11.79535327101944,-0.18459477
Y05719,-221.13377788062277,46.96603274980197,-0.13725142
Y05720,-478.55325797164676,-8.854013509163165,-0.13740067
Y05722,-523.6070742564812,112.1626165167348,1.3325053
Y05730,-448.0631781359658,-41.920318986781986,-0.21031381
Y05731,-382.89885698623056,-7.3683786721091895,0.27763525
Y05733,216.31538650616096,-104.38549407995784,-0.33671442
Y05735,-475.8065241503581,3.65129430300907,-0.119738095
Y05736,-475.7772817426894,37.92150649241843,-0.12183655
Y05738,-421.58716141043374,-30.03059025809348,-1.0157019
Y05741,-514.5313695100662,191.95101824454727,-0.8973645
Y05742,-476.7813690759642,-4.493248927996421,-0.48215714
Y05743,-468.1789487658169,-22.67406302539507,1.1874607
Y05747,-469.526619252681,-5.536724896723365,1.6221555
Y05748,-454.2300054358118,-30.37085709792081,-0.5991626
Y05749,-424.66829294527315,4.140398262343648,-0.28606412
Y05750,-438.90758973654573,-4.981022832886196,1.4259039
Y05751,-456.29934929855375,-15.54505609255601,-0.95210046
Y05753,-481.95376649517453,-8.983340549685462,-1.0135622
Y05754,-481.35353248179246,41.027132576226165,-0.008043739
Y05755,-472.617171743306,-17.345674768479103,-0.0039061415
Y05757,-434.76656088472305,-15.835031888326844,0.7244449
Y05758,-469.9056737757601,5.02035503819336,0.73268276
Y05759,-467.77900318996154,-6.120126977429978,0.730505
Y05762,-450.48596534848497,29.275922498164384,1.0746609
Y05764,-486.1167412305089,20.166059203633125,0.110878594
Y05769,-473.47925536198835,-15.922446292504445,0.026954878
Y05771,-314.271384360567,-85.87352804939759,0.8559889
Y05775,-479.94697164142184,-10.920391070309796,-0.74750185
Y05776,-464.766271242519,96.94104284058206,-1.0778457
Y05781,-496.62633854728676,-1.3158311941428957,-1.2031237
Y05782,-478.22433683851665,-41.51113187257452,-0.9486855
Y05783,-494.0370299300599,9.771091647383372,-0.5878182
Y05784,-474.96144152513995,-2.4152330251061267,0.8207952
Y05785,-473.28414595280424,-45.237899552835216,-0.6645451
Y05788,-454.0692761460548,88.4140706724544,-1.3129965
Y05795,-377.03738312748607,-113.22772722893366,-1.1668799
Y05799,-427.22471833429074,-54.78553925669601,-1.0663842
Y05801,-487.40563364544624,-8.495397065679674,-1.0745254
Y05802,-473.99018397559075,-18.650349502350043,-1.0788151
Y05805,-476.27333088910166,-26.20462440251316,-1.0774062
Y05807,-490.1652089368497,-7.667887916136407,-1.0787643
Y05808,-488.52940709650926,-3.9084037146598876,-1.0797831
Y05810,-492.255049610946,1.7590205295969137,-1.3154025
Y05811,-475.7981681097178,-15.444162007076633,-1.0802733
Y05812,-489.46388552612945,-9.14581134773057,-1.0790739
Y05813,-451.6583851306589,-69.5629661001244,1.0665118
Y05819,-456.00231232656125,86.08754404455604,-0.577206
Y05823,-496.0565368587423,45.182496214937494,-1.0752426
Y05825,-469.88119603825885,-11.62070327134698,-1.2748017
Y05826,-200.60653507115853,125.99234704793132,-1.2648771
Y05827,-478.01880892858514,-29.81942850059135,-0.57964015
Y05828,-436.1358504235022,23.611324851784072,-0.9540819
Y05834,-473.79721771359976,23.116220954894523,1.9058151
Y05838,-471.25473225756195,-7.796919537134032,-0.8956234
Y05843,-469.38623366291694,-6.712412433387646,-0.952866
Y05845,-482.20571983356103,3.891661908669595,-0.66414917
Y05849,-474.97803081512257,-2.3897579522180434,0.7863251
Y05850,-469.5371630749339,-6.517736239642068,0.7492239
Y05853,-483.7984139661323,-12.369562334931171,-1.2477345
Y05857,-434.2406372801239,38.8820799403568,0.79341567
Y05861,-453.74547226141755,1.0429095326339235,1.9066442
Y05863,-459.2052544737522,-10.353874966772949,-0.10682027
Y05864,-413.164304654866,-55.245938958802746,0.13095795
Y05866,-473.1750623829017,-17.42520922485274,-1.0223111
Y05868,-476.0099256299952,-26.40035205332691,-1.0966777
Y05869,-486.83738983251226,-11.02876157409733,-1.2543278
Y05870,-482.51455992419886,10.87630874653995,-0.582026
Y05871,-481.82777266679443,5.616914488784825,-0.6334768
Y05872,-470.5991590904912,-9.504887131774579,0.8672343
Y05873,-480.54291630465923,-7.847357793531328,-0.6666807
Y05879,-470.3869389341672,2.1821753868910903,0.21280573
Y05880,-458.7568993873914,-10.738389798078863,2.0279388
Y05886,-479.06943921205493,-12.90561447912036,-0.6216801
Y05887,-512.2630216035755,119.19668638980275,0.35134816
Y05889,-465.53175051254095,-58.599027248781034,0.5883243
Y05890,-472.0622188081659,20.821856189917032,1.136568
Y05891,-432.13268080293795,-54.311645229839726,1.1057395
Y05892,-482.2468496529433,-4.733297831065547,-0.9839127
Y05893,-478.4888026688561,-16.266414048050287,-0.48389792
Y05898,-480.9673513367429,-11.49324944251499,-0.49135646
Y05905,-467.82079216358613,-28.36923192019819,0.8824547
Y05918,-450.2695404229419,-22.77341205039136,0.34383926
Y05919,-452.91316329834194,-19.936548830037196,0.34259656
Y05920,-435.3457912759263,-27.382588721923078,0.34259656
Y05924,-440.76964563796935,-27.403516644352848,0.34259656
Y05925,-424.82987066295334,36.44889582537774,1.8500054
Y05927,-438.17301522165315,-72.0761090191181,2.221379
Y05928,-442.4151994772973,64.4223132542943,1.9247103
Y05933,-535.1655445231539,167.99933568415844,1.516085
Y05935,-466.7598870639617,-11.842799347760547,0.5612571
Y05938,-475.07689626532266,-21.1872798334668,-0.745772
Y05940,-449.93369950887586,-34.572922075901054,-0.024887893
Y05942,-472.2916679942962,1.7813969142560313,1.2499057
Y05943,-476.82884564844494,-8.625372110217953,-0.33376518
Y05945,-487.26825331805577,-4.793172167577561,-1.1848562
Y05946,-464.0065789704472,2.4806625992705915,-0.33520874
Y05948,-434.8139302773697,-68.77730102011013,-0.3048935
Y05952,-465.1525179210002,-17.68967534120245,1.2730937
Y05954,-457.02629754277643,-69.15829866335945,1.0304221
Y05956,-395.39183543472615,-70.49864124603644,-0.62969995
Y05958,-483.51895815428605,-9.680049749475737,-0.611073
Y05959,-466.4326484354262,-25.91690445217007,-0.5719566
Y05960,-447.2551895252191,47.50047807623733,-1.1653914
Y05961,-478.81041577167844,-7.086220074734246,-0.12960109
Y05962,-460.3744626185789,-38.56163773051356,-0.4827637
Y05963,-442.9530148470558,-57.81050580216225,1.8258369
Y05964,-458.37494786248396,-32.87765525036368,1.2198925
Y05969,-457.11449765208147,-24.054886227836185,0.48280147
Y05970,-448.73363766587465,-25.504916724733235,0.6417647
Y05971,-422.8034095472403,-43.70103453353923,-0.19662465
Y05972,-473.60755927143026,-6.573491166572999,0.392651
Y05989,-462.3186544706194,-58.80417432690059,0.23645066
Y05993,-469.3390374606518,-30.25888571482789,-0.2499745
Y05994,-466.42620492957354,-8.266567515224967,1.2907279
Y06001,-476.6907227445729,36.01514838069178,0.7262382
Y06003,-469.219794127307,0.5359808712548786,0.4544319
Y06005,-444.475439676951,-26.620066192642078,0.890771
Y06007,277.25041033164575,238.61977696176479,0.32957077
Y06009,-377.9513638052927,-66.9264366607318,2.1024957
Y06010,-449.08394403835695,-54.49544477502104,0.56984985
Y06011,-462.7207606861282,-17.118438833146815,-0.0071542077
Y06014,-460.64047637484185,-9.303364162263305,1.7320987
Y06023,-434.8961923863987,-39.263054801961715,0.90797514
Y06030,-471.4864634801161,-3.5723536764140382,1.1082996
Y06032,-449.51520064068217,31.319654917702657,1.894317
Y06034,-487.07971805258893,86.19038537673212,-0.11828379
Y06039,-379.9289867629306,-72.19980119897046,-0.12444544
Y06041,-462.47566780838434,-51.75619047339347,-0.3770727
Y06042,-496.33594632899127,40.38897834503367,-0.23830561
Y06044,-459.8146012460862,-24.829491925982808,1.8171755
Y06046,-458.5790008679112,-73.12487465775088,0.23645064
Y06047,-448.6066137571918,-11.62405230939529,1.4978048
Y06048,-426.899986654993,-67.65792301176596,1.3552285
Y06049,-473.7193651748613,-9.328109628307455,-0.1539733
Y06052,-447.9192337028256,54.543391914385545,-0.8059637
Y06056,-478.2410240682234,-32.73265456666585,-1.2360054
Y06060,-450.50251791920823,-37.628428567496755,0.35237485
Y06063,-488.1731184944801,-5.995529315725371,-1.1777726
Y06064,-473.61235946205204,0.6116332056043875,0.32197806
Y06067,-451.0363605505044,-18.14517563180151,1.5612034
Y06077,-432.74136329462164,4.232418753262668,-0.4853415
Y06079,-482.57204139835306,-6.622506943923395,-1.2071338
Y06081,-470.8577380589442,-17.067752808977275,0.37583122
Y06095,-467.46242643017047,-1.702887289029793,1.7487217
Y06100,-467.44717098987263,-20.617792759423097,-0.2670853
Y06103,-464.971047281045,-21.59083458455992,-0.58158046
Y06113,-390.7310173275261,15.91948867852323,1.255982
Y06117,-470.6773866690896,-1.6615887123976847,1.2678537
Y06124,-473.5155111456801,11.459428394188881,0.46698225
Y06125,-470.98281219955123,37.81600109266702,1.0576128
Y06129,-432.8064088479293,33.44726550223124,2.2148173
Y06131,-468.31846937244444,-0.12759657397978993,1.2988694
Y06132,-470.2108675099398,1.416881806781889,-0.11554021
Y06134,-474.453957185898,-10.77776565061612,-0.13647531
Y06137,-461.223917613046,264.9975390568007,1.5988333
Y06138,-469.1630519479784,-14.107209733319117,-0.1312732
Y06139,-462.06369430201124,-5.697844641096223,0.63448244
Y06141,-468.60670141719925,-21.78405948576232,-1.253148
Y06144,-482.41627481619923,-2.8658038267974213,-0.47431415
Y06148,-442.27683731325436,37.71239266288329,-0.8049924
Y06152,-464.43654552478813,-36.75511123679692,-0.7379688
Y06156,-466.4879791246194,0.5358994173395706,0.36075932
Y06157,-466.6905836617053,-2.8273681252954415,0.36075932
Y06159,-463.7868959716216,-2.9885932040785117,0.34909397
Y06160,-456.58436813359316,88.9396384805501,0.36589205
Y06161,-462.03236392304206,4.9452929423967,0.36075932
Y06163,-466.3884920406879,-9.772169148598824,-0.34155595
Y06164,-470.95969446982724,-8.896218453326078,0.6075258
Y06168,-477.59457670949615,-13.017184324802184,-0.67352307
Y06169,-424.3082326298307,-7.66528099706643,1.3251538
Y06170,-458.73918522557705,6.314120808041776,1.5255462
Y06173,-412.04646236115366,-30.163028276752083,1.6378025
Y06179,-461.62848366216247,0.8345166607371288,0.7581095
Y06181,-465.33090624728817,-30.59804612314575,-0.95450646
Y06184,-472.21297315590834,-12.736171062478515,-0.017895162
Y06185,-483.44574561304285,-6.745034744369472,-1.2267706
Y06192,-447.2583405490028,-49.80749943065081,0.48907796
Y06193,-462.3103507763408,-26.305829835228177,-0.13475674
Y06196,-447.8216634634289,-50.433186069779204,-0.16053504
Y06197,-374.43395557497024,-74.62085218256685,-1.2437873
Y06199,-470.69504549642426,-27.80462022808383,0.33784527
Y06201,-458.7758184385938,-19.54413618353956,1.5428945
Y06202,-436.4766813523111,-55.58350757310111,-1.2745011
Y06203,-463.47185992528375,1.787627996080123,1.7578055
Y06205,-469.55548110168195,-9.949503618862456,0.84653693
Y06208,-463.85322722555327,14.754738457727358,0.75181025
Y06216,-504.3829774174495,85.6105216776639,-0.1663094
Y06218,-78.97135401837733,185.3975826510785,1.2425102
Y06226,-468.1880275339035,-12.60529340154512,-0.23271427
Y06227,-448.2693846643639,-65.89319137928756,-1.2432233
Y06230,-512.2621953830171,129.649804063048,1.6078558
Y06233,-458.8386881689292,-2.7079843989197347,2.0218248
Y06235,-462.67049013438674,-15.791488582796188,1.0080808
Y06236,-474.5172639704409,7.6455978544114105,1.0559254
Y06237,-477.1887628610381,-3.0405689279369055,-0.99059606
Y06238,-475.04783854714555,-9.142468335104681,-0.562828
Y06239,-480.86540052688446,-10.30215938768965,-0.9905961
Y06240,-484.43353074315377,-4.3677792020249155,-0.8450734
Y06241,-483.13006972205574,-9.894228774585004,-0.8422277
Y06242,-482.2077673497413,-7.384155564234601,-0.84022266
Y06243,-485.13475310985785,-3.2159568043571887,-0.8379093
Y06244,-472.5799158086782,6.971147233084948,-0.3409831
Y06245,-471.8937866264045,9.733929747296823,1.1707704
Y06247,-466.8770069871697,28.953088227726774,1.1386908
Y06249,-464.42915823902354,-26.18345275344403,0.37096646
Y06251,-458.4835312720676,-31.6872531023496,0.37629792
Y06254,-472.52475378247004,-1.9679348361257862,0.7777948
Y06256,-461.580498092353,-12.844570503807804,1.2228999
Y06259,-479.6485918304358,-9.176041012865582,-0.85024756
Y06261,-479.6902958431831,-12.533726194317481,-0.8342077
Y06267,-369.34058788717135,-58.245251678676894,0.6334363
Y06268,-479.7703663456243,77.82036638726503,0.3067051
Y06270,-480.7183417244104,43.135494627956035,-0.48534155
Y06271,-460.18955752970015,-1.1784191106461048,1.6021574
Y06275,154.44203831513286,67.88212923662097,-1.0477378
Y06276,-484.73472525244,42.21161818889201,1.4498898
Y06277,-453.82726046452825,-11.779313140079928,0.7543853
Y06281,-451.3766470985675,-38.607499921221404,-0.96731246
Y06285,-466.28473682913534,-13.640954653598612,-0.13647531
Y06287,-486.75371570220545,-8.124547973043876,-1.0988648
Y06288,-462.88296749193347,-29.460145829723547,0.27254027
Y06289,-421.5982750163516,-25.0451579479955,0.34360904
Y06291,-346.8908416392939,26.40342821678542,1.4259247
Y06298,-443.20821672857613,-30.425346758396334,2.2043958
Y06311,-452.493980014855,13.150805761434407,1.8191004
Y06314,-472.74706772905387,-0.9854413309096616,0.004555719
Y06315,-479.0029453549241,-18.374840236917663,-0.9467224
Y06316,-413.21431730228056,-30.973376361977124,-0.34338906
Y06317,-486.69092294532567,8.540519943972555,-0.106400624
Y06318,-482.5678687605274,-8.627399015740561,-0.810148
Y06328,-455.4605597893538,-16.39514295698541,1.3167329
Y06333,-461.20977040683283,-9.518160496570065,1.8091247
Y06341,-483.3569810941363,-7.597900587608183,-1.0861572
Y06345,-231.35031476223037,217.2001263854858,-0.8494695
Y06350,-478.48631805537025,-12.226918519389262,-1.0473082
Y06353,-584.4107821631648,181.63814833717146,-1.2566686
Y06354,-462.103505120628,-39.960462634106406,-0.52143115
Y06356,997.0675243911116,-136.78221901692442,1.3280306
Y06360,-479.2196512300252,10.915810584719138,-0.7494519
Y06361,-450.4170958384453,117.06717601755791,-0.09557375
Y06363,-478.2286648553246,-22.223794489257227,-1.268866
Y06364,-517.5929567907109,119.33459460708991,0.03938993
Y06377,-301.959133285112,-139.16139602128482,-1.2432233
Y06378,-295.6198587674248,79.7036823660522,-1.262076
Y06379,-398.558787720635,31.03737916613419,-1.262076
Y06380,-428.32783037562115,-1.0031157579949308,1.152813
Y06388,-397.4732083633681,-99.44087738613766,1.1026013
Y06389,-403.0703273802559,-4.491174894253782,0.09470741
Y06390,-472.7517659045083,-3.826967879500073,-0.9335512
Y06403,-464.1603184592356,-28.579260156171447,-0.87430733
Y06407,-432.6937033554192,-38.08291122232232,-0.758179
Y06409,-378.79385301396553,-97.25359176635469,0.61639404
Y06418,-424.3699686011177,-44.81215122038042,-0.66843027
Y06422,-446.20364751139243,-17.10936207442617,1.8941667
Y06431,-437.02709367070105,4.659687720877344,2.1470127
Y06433,-454.80202551771185,-11.205172114818101,2.1458683
Y06443,826.8993076577991,181.55890732053845,-0.526279
Y06448,-442.1037016538257,-33.87230480990896,-1.248379
Y06450,-457.7138639694082,-28.38539582755855,0.4168987
Y06451,-473.5878780602363,2.582526900740688,-0.55522937
Y06459,-434.65187758167104,45.67422312911053,0.2559276
Y06460,-371.5688135429077,-5.481234691226051,1.8941667
Y06461,-434.4037700934889,-31.605268292197838,1.9041264
Y06470,-441.5160067625617,19.79628026419857,-1.0497216
Y06479,-464.5702713609615,4.458270372475786,1.4634974
Y06481,-458.1247584250467,-9.169553195242306,-0.1557231
Y06487,-419.72666213891415,-50.38165414816541,-1.2700592
Y06490,-467.655892842427,-15.234334544242557,-0.3229383
Y06491,-452.93736803116246,-24.780130550365374,-0.48534152
Y06492,-449.65080398233476,-46.031250771963016,-0.48534152
Y06493,-570.7885293227785,156.49320867506682,-0.48534152
Y06494,-457.0042022434698,-17.990045839003127,0.8319292
Y06499,-450.5675504851305,119.78384058297829,-0.4733117
Y06502,-378.6181455472753,-37.91405457834583,-1.0266856
Y06503,-471.79355568920704,-4.773819174692565,0.8932816
Y06506,-373.9544190997492,-31.759117720643335,-0.32379755
Y06507,149.51630752356036,-194.927201600485,-1.176536
Y06523,-475.7906586678485,-0.6219565552011584,-0.23271427
Y06528,-335.81626739572215,-8.476374773469855,1.8243934
Y06540,-468.0293149008056,-19.845239864964828,-0.12064653
Y06545,-472.0618711568627,36.50508518913321,-0.84142566
Y06553,-448.62718285370306,-24.72441963771729,0.8598166
Y06554,-444.9865727019219,-21.964351733115674,0.8598166
Y06558,-447.76903027858475,-42.59421220551004,-1.264507
Y06559,-439.078586251817,-11.602665218913211,-0.99059606
Y06560,-464.85581944816454,-6.9096260332630175,-0.99059606
Y06563,-442.6581905957428,-55.912817710387536,-1.2720951
Y06567,-462.0864429552857,11.610105908578278,-1.2481446
Y06568,-453.69766828333627,-19.849107976397462,1.2071875
Y06570,-470.05016954254825,-16.642659019542105,-0.17857984
Y06575,-455.19198910111356,-6.3498183528308125,-0.95450646
Y06579,-431.49611382396444,-23.113748839513715,0.52115756
Y06581,-476.39905767309233,-7.343808406809221,-0.5161064
Y06582,-438.3275462872166,-33.9297247630717,1.8941667
Y06583,-442.07873594683895,-20.251857516593155,1.7674099
Y06585,-446.4845690034031,6.811371216551947,-0.65218204
Y06589,-446.8725577655932,-38.07177855970432,-1.0645797
Y06591,-457.3828020114875,-27.097756805156997,0.2524905
Y06592,-432.1027392508777,-5.888361340104616,-0.84142566
Y06604,-457.6623834651596,-13.14386365279033,0.847568
Y06612,-458.40845943986216,-12.152645180105516,1.1766155
Y06614,-471.22843057679887,-15.738084794558933,-0.99059606
Y06620,-428.5309887861574,-34.66829405326891,0.83379596
Y06623,-466.2344969093413,-22.238970753276533,-1.2598245
Y06629,-456.23064616808813,-28.83072655472453,1.221854
Y06637,-449.6426070883528,-28.595442986435895,0.0018681954
Y06641,-401.7217184376208,-48.04312905907314,1.7497252
Y06643,-398.49485893315534,-59.36633712519216,0.16427143
Y06645,-460.8500387357961,-14.707803266197637,-0.10519764
Y06659,-241.11012886394508,-1.6348187075587801,-0.32140908
Y06664,-449.8745613306182,-21.16740137043039,-0.23271427
Y06665,-445.1356569148628,-44.49246578827838,-1.2462307
Y06710,-473.45455608284385,-8.21030107547379,0.28003055
Y06712,-464.85259524043875,-15.176027415473918,0.278909
Y06714,-436.3067790847023,-59.07420397812425,0.24332488
Y06717,-396.14782849436097,-15.715760763305736,-0.14369322
Y06718,-427.2458925793125,-70.2753241348497,-0.26880386
Y06726,-400.91642929677187,-51.94097531962527,1.1217074
Y06732,-459.16036274696023,-31.37239161596834,-0.7594274
Y06733,-433.8991760927532,-48.44536408792087,-0.96533334
Y06734,-356.0825353295557,-66.42188934060619,-0.034803502
Y06738,-430.06320538338787,14.600625889076227,-1.0524639
Y06743,-466.4371830277783,15.838174601185347,1.0777119
Y06747,-444.3902994747766,-13.408652828211988,1.3624464
Y06752,-361.5353746946525,116.70753778741927,-1.2263814
Y06756,-406.5686156213737,-53.88051588188561,0.5356451
Y06759,-428.1233971231486,-20.69987305495365,-0.19662465
Y06760,-437.97098804634896,-35.57336213775026,0.56596446
Y06761,-442.59498897291667,-20.800025901591898,0.5057347
Y06762,-358.59684541654747,-60.14586540740489,1.1603446
Y06763,-504.20019835220836,57.23974476867527,0.09931014
Y06764,-390.92943935597305,-78.40678801549474,0.42090866
Y06767,-436.9746411051821,-28.98631919302627,1.7364829
Y06769,1.948309190871897,-410.9576418797934,1.255671
Y06780,-412.0370956401465,-35.09596704962745,0.0901237
Y06786,-424.0536524511129,-51.7158170117237,-0.8452622
Y06792,179.21403730741716,138.13564244804823,1.3456045
Y06793,-401.76796165536507,-47.54986423469805,1.9356698
Y06794,-403.9557544236676,-49.032008456692225,2.000975
Y06797,-464.9143666264639,-22.435782179889564,-0.39731807
Y06798,-433.66849001445536,-35.770491011796395,-0.8845828
Y06799,-442.922541372783,-27.604153586262694,-0.8582675
Y06810,-740.9318060828423,648.2209527079411,0.6131755
Y06813,-212.56810860109775,-122.4185589772791,1.8526374
Y06815,-363.3960809577859,-84.55665752767698,1.7522142
Y06826,-470.1797659565343,-11.389559869444954,-0.11722752
Y06830,-471.40365167342156,3.7573096514345607,0.28216416
Y06834,-460.20758371417566,-1.2554609325383126,-0.51902515
Y06837,-367.60814775371733,-85.24591293634215,1.1026013
Y06838,-435.8304288913296,-31.899153442783664,-0.56632304
Y06839,-455.19088960756574,29.788355953212665,-0.27990836
Y06845,-395.9340220633679,23.302353463060836,0.084874295
Y06852,-394.4285288782887,-39.49168436495692,-1.2270452
Y06853,-445.5861805893872,7.3638357742865255,-1.2394898
Y06856,-470.4341631792479,-13.304768306422783,-0.39476368
Y06857,-472.93281134105547,-2.112376530119484,0.04560391
Y06861,-475.3836475159013,34.81066073732824,0.4746421
Y06863,-496.1837445831384,20.648757303549047,-1.1987407
Y06869,-471.6840787918104,-1.074934384409497,-0.7328132
Y06871,-500.52221641632525,185.43323956246002,0.32208702
Y06872,-466.54888180452406,-15.414293269810416,-0.16495419
Y06875,-436.71461269956166,-26.387888867757702,1.5984411
Y06880,-552.1122526915435,133.36523220072937,-1.3154025
Y06881,-269.20041381128846,-94.7018128354713,0.072042435
Y06883,-481.24304628681216,-10.088236907358581,-1.257104
Y06885,-453.3257907545043,-15.902082736074338,-1.2707201
Y06886,-466.03164060853396,10.19425186106342,1.83776
Y06887,-421.3435104090979,-62.24357987350876,0.99433243
Y06888,-469.4748405103569,-21.218993599211736,-1.2617083
Y06889,-463.9626896130213,-22.05217312246435,-1.2552532
Y06890,-463.27907913057817,-5.506228278042156,0.05272174
Y06897,-461.09968405565115,-17.621637584171665,0.35538232
Y06903,-471.2465940822142,5.534761220342864,0.79178876
Y06926,-442.4204511285265,-8.612614087798114,-0.3409831
Y06927,-503.3133715080369,29.17537838358192,-0.3409831
Y06928,-427.1070562428474,-40.455808751409045,-0.0966842
Y06934,-433.8500956663985,-38.30928246619066,0.6637051
Y06942,-470.18723893757334,-13.721737662508449,0.027130919
Y06944,-451.0579796081219,-16.14882229991071,-0.841082
Y06948,-441.21108614809987,-4.799730209758346,-0.841082
Y06949,-455.8761247381132,-9.45507474063375,-0.020608665
Y06958,-418.91198161947756,-53.997885357015974,-0.39979577
Y06961,-427.06252742836745,-54.760410637513814,-0.39119473
Y06966,-452.4420772576118,-26.222530947274034,-0.018952733
Y06969,-453.52164808642794,-14.746169574243265,-0.61001474
Y06971,-471.6113591963617,-2.9656249420825556,0.38576257
Y06979,-159.50104470977922,-75.26448632366889,-1.213943
Y06981,-453.58057920009725,-22.732236938753402,0.071271285
Y06986,-410.78722074414407,-62.01905081011317,-0.9348212
Y06989,-457.728174247914,-25.513841935018633,-0.71437174
Y06997,-428.0114311791568,-40.43335948767564,0.0840723
Y07005,-442.84185701549416,60.044320166531925,-1.0695845
Y07008,-458.0191532738996,-27.437323799624014,-0.4672967
Y07009,-465.37308367396923,-6.562062082426183,0.48667195
Y07010,-473.95397639560906,3.6561387339678855,0.4809762
Y07011,-453.2488549110092,-32.09389156364531,-0.28865317
Y07013,-351.0457702087306,-60.463569303956575,-0.44925192
Y07014,645.1196993731442,205.76085741847288,1.5288671
Y07016,-454.89967409689365,-20.671058017521787,0.08198712
Y07017,-407.62620296810314,-2.1734694525412093,-1.2707201
Y07018,-457.4471091096985,-16.925463975339397,0.60012287
Y07019,-464.7623514743795,-21.722425890103846,-1.0683892
Y07020,-400.5813805510507,85.98306810785526,-0.6241477
Y07022,-433.4413211652268,-20.26393104979275,0.8398689
Y07025,52.20120342153135,287.35996482607914,-0.71339715
Y07026,-442.520394235627,-18.23489846197576,1.5907133
Y07030,-426.37052271123105,25.090076469084373,1.146893
Y07031,-423.83479431269893,63.07985413503778,-1.2562156
Y07032,-520.7859720617388,98.58081161207927,-1.192834
Y07035,-430.4035475426853,-38.54341547754675,-1.0266856
Y07040,-458.2777795108315,-7.677139786319073,-0.8268047
Y07042,-417.16311484802964,-44.47522695965732,1.0187802
Y07044,-440.9365592708356,-28.46681419520727,0.9915563
Y07046,-442.0803213921669,-21.263915417982226,-0.12528473
Y07057,572.8985321959952,102.58046766015273,-0.7123051
Y07059,1347.8223155659932,189.5564668763484,-0.712863
Y07060,609.1832472569776,474.0378262057959,-0.7123051
Y07061,-425.8245803101235,-35.47572493383803,1.6439455
Y07064,-396.4200887370814,-53.2459738857684,2.1629484
Y07066,-453.512366913739,-21.840009308675278,-0.24314016
Y07073,-453.9682193255821,-22.969442779118022,0.06322053
Y07077,-496.53668135872755,34.84021654521845,-1.1975589
Y07080,-444.0195818171151,-36.26725910409899,-0.6176701
Y07081,-435.82942230485247,-29.08677686470448,-0.5791745
Y07093,-443.25516244826366,-13.195325443015735,-0.14955124
Y07108,-443.68128027801214,-26.42862812255972,-0.202323
Y07110,-448.80809668987104,-39.128797130249126,-1.0763088
Y07112,-446.7262544468394,-18.650605553657623,-0.48450226
Y07114,-386.1549662610852,-17.935708649891783,1.1026013
Y07120,-467.0950242533635,32.3217013768955,1.1914371
Y07123,-389.7072061707226,-67.43994398285399,0.12302617
Y07128,-432.79603041753523,-56.24969134781405,-1.2619364
Y07131,-439.18940165405866,-0.6895105662992039,0.5769483
Y07132,-424.9548429280655,-46.13109749054079,0.36877924
Y07133,-440.0131558374064,-30.88409206059356,0.2136985
Y07142,-430.76822904904424,157.41912450409836,-0.8496747
Y07143,-428.5567234160062,-43.597497352534894,-0.10974226
Y07144,-398.4556702125978,-42.947391359869115,-0.60052115
Y07146,-371.0659674236956,-51.72817468212351,1.8934792
Y07148,-429.2669395133187,-32.535529775474096,1.3191389
Y07149,-428.1940516760135,-47.357462489074805,-0.93130594
Y07155,-442.00612438009057,-33.66237679962898,-0.7238468
Y07160,-433.97951889339214,-21.179583157413354,-0.72491515
Y07161,-461.9083432933806,-15.62114958204433,-0.72491515
Y07162,-338.3134077901626,-9.04858435219942,-0.72491515
Y07163,-425.38973408932674,-53.115647476363044,-0.7368046
Y07165,-400.1496293110643,-5.549493286484432,-0.72491515
Y07166,-379.7762798087559,8.884819946106896,-1.1992881
Y07171,-388.48710514438164,-62.999496313565736,1.1603447
Y07176,-438.32594509868744,-33.82084142203751,0.9492204
Y07177,-412.4844345599345,23.72811232441271,-1.2604089
Y07179,-427.4682675151712,-41.233193127346084,0.8299242
Y07183,-395.3196162638038,-76.60304215941652,-0.11189252
Y07184,-448.8357972380208,-16.753596939222827,0.21020366
Y07185,-422.2616103346206,-49.403101158806734,-0.81233525
Y07189,-381.0419671205936,-58.60543324904918,2.221379
Y07190,-446.3399797277331,2.1449879725416947,-0.97856617
Y07191,-405.6299912863449,-50.34604113939124,0.98461604
Y07194,-423.0091492111197,-19.166632123124906,-0.9338838
Y07198,-413.32598503634847,-33.7245609281544,1.6006378
Y07203,-396.9865555598012,-39.15389628817624,-1.2632731
Y07206,-424.3233528406117,-44.21689249353094,-0.3070164
Y07207,-414.11099248349257,-40.14405729042422,-0.30977046
Y07208,-399.99616415941506,-60.157569442760575,-0.3060965
Y07211,-397.9205227431464,0.9059857067265172,0.078968726
Y07214,-416.66938978226267,-47.201472931603746,1.0983554
Y07220,-437.66359272075647,-38.6704963729437,-0.54325277
Y07227,-450.20491306503664,-20.401847968593028,-0.79356635
Y07229,-416.1127689137386,-43.61553637856883,-0.57814336
Y07244,-419.9977348431809,-52.23584375737468,-0.8216967
Y07249,-383.4722788089124,-27.788726602345335,1.5239265
Y07251,-420.92079441857476,-49.65031343926333,-0.3409831
Y07252,-452.061563165603,-25.1756725185707,-1.1854799
Y07259,-391.4148809839534,-47.811234186788646,-0.57814336
Y07261,-397.5988877186954,-54.58298815193504,1.5884229
Y07262,-409.37606728473105,-57.69229045229178,-0.5761476
Y07263,-425.87275740918284,-44.023439461378885,-0.57814336
Y07264,-428.1437261526528,-34.19909904954256,-0.57814336
Y07268,-446.5819500041701,-29.16090712742173,-0.55752075
Y07271,-407.9970097682404,-52.79257698167564,-0.30708075
Y07274,-410.7555085610671,1.3838526943538099,-0.25075907
Y07275,-85.42940517555864,14.185173847853743,-0.31322187
Y07276,-391.8267009435951,-51.80421803636506,1.726436
Y07285,-415.8351359930131,-20.563291452643092,-1.2535347
Y07286,-379.71207885662636,-70.53740695948552,-0.23271427
Y07287,-484.2535509695704,39.22838772556692,0.71226364
Y07290,-431.1574821631643,-48.69494038492233,-1.1924306
Y07292,-407.4737704507302,-55.399471755101764,-0.23271427
Y07296,-422.0033976232161,-44.93410234901434,0.012067432
Y07303,-398.5161636914763,-54.26024063953389,1.8467345
Y07304,-408.5770825503121,-43.315558706570876,1.8316114
Y07307,-393.30449124395034,-31.97659084517665,-0.57356054
Y07323,-426.84198294596825,-50.602553912624515,-1.2684861
Y07325,-416.243014415168,-53.40580985136971,-0.15795721
Y07326,-421.10924476397855,-36.3872450733482,-0.4361284
Y07328,-409.8214711728907,-43.77109858807159,1.2875605
Y07329,-386.6027003133329,52.40169701675205,0.94868976
Y07346,-416.8516601213053,-38.741336152390836,0.82266295
Y07349,-415.3925639612649,-43.32615255783335,0.1859252
Y07350,-428.94385915699974,-38.22161675649659,-0.57814336
Y07351,-409.7926479224194,-22.284777141190954,-0.26261708
Y07356,-414.1114727030385,-45.97079966214748,-0.0615464
Y07357,-400.67694361509183,-46.097671889887884,2.140451
Y07377,-406.99375603766526,-56.289305345866836,-1.0627753
Y07386,-320.6882358730711,7.556114386824669,0.946213
Y07398,-412.0882821286763,11.678573429230006,1.8553272
Y07400,-394.51757207900437,-56.06353758158959,-1.1803243
Y07401,-385.41830540298827,-43.97660622367725,-0.3708859
Y07409,-417.3905705141416,-53.34659573833093,-0.0721155
Y07418,-375.85837627391396,-59.36444983027126,0.00788313
Y07426,-403.98567256612665,-54.86516847095797,0.4529883
Y07428,-399.42115210607477,-60.40444257072451,-1.279313
Y07432,-379.3504231003712,-71.18275390080605,1.4755272
Y07433,-401.3472553887734,-52.44539134649368,0.92215323
Y07443,-417.61878041435637,-54.02194517329789,-1.1746532
Y07445,-413.6651102843705,-47.13682575703338,-0.16162866
Y07447,-369.05180243342016,-68.11448763483338,-0.088355824
Y07452,-264.03918629862005,-76.14780189507633,-0.4131623
Y07453,-345.7302233682152,-61.63246638973721,0.5612571
Y07457,-412.9936048753563,-42.09420904584411,1.0510447
Y07458,-380.27481640147073,-58.852124512635,1.8149787
Y07461,-430.38514478103116,-15.367112347749867,-0.55752075
Y07463,-340.0082375412005,-70.95951267828372,0.20036104
Y07465,-419.3134557238163,-33.34036750479547,0.22742826
Y07466,-411.26023580402466,-49.61110061231036,-0.74009174
Y07469,-429.4801598174671,-50.46339428826102,-1.3154025
Y07471,-357.4213797907831,-55.48050092453529,0.20036104
Y07475,-409.99059370863904,-45.79979064264685,0.11271486
Y07479,-404.9399224281738,-49.267371741216536,0.69736654
Y07483,-405.3828412920265,-40.235986567288045,1.5119605
Y07484,-397.7940631535135,-46.509728655129585,1.9388491
Y07485,-396.28669466693293,-53.48920588144416,1.508336
Y07486,-413.1775652488509,-29.0130970520725,0.8018545
Y07488,-420.20443184079414,-46.033529655332174,0.049440857
Y07489,-413.5036493866984,-45.09462892931665,0.76954573
Y07491,-419.8012280473352,-36.654304632879956,0.63859206
Y07493,-408.3082378651802,-45.68962776581017,0.64271647
Y07496,-370.370610016249,-49.43099495079815,0.6334363
Y07500,-423.3590431281586,-44.92275229962662,0.062769406
Y07504,-400.49367103815416,-51.88189514502146,0.69736654
Y07505,-407.83155054566873,-48.132001946279566,0.76954573
Y07511,-446.22026654715484,-6.977158365904074,0.062189396
Y07512,-419.2076080008647,-44.795367117815296,0.06237136
Y07513,-413.5221039950119,-46.47400113738331,0.058189854
Y07519,-389.5779445602067,-54.99405481107963,-1.2143517
Y07524,-399.66696147056206,-49.766279607223034,1.5080786
Y07525,-414.0508969569673,-58.42967489344798,-1.3154025
Y07533,-410.58399746174496,-46.79637235523573,-0.9844092
Y07535,-395.0976051855369,-52.294388192706805,1.8944496
Y07537,-443.94097801915024,-38.74004710431164,-1.2271835
Y07539,-408.5714532273823,-37.129203232178774,1.0397023
Y07540,-391.3463553662393,-58.62747980420344,1.4634974
Y07541,-416.94905640768303,-56.69227025639034,-1.2304858
Y07544,-422.536009344525,-49.79419418926315,-1.2304858
Y07546,-374.5258393870156,-66.41332180812334,-1.2060058
Y07550,-414.250688628098,-41.81275205911465,-0.43481606
Y07554,-416.8785427198866,-50.09554675837022,-0.43545294
Y07556,-412.216050791803,-52.814797176606206,-0.42081767
Y07559,-415.18810667537025,-49.84163163289953,-1.0988649
Y07560,-415.87749789875807,-44.87821118575826,-1.0988649
Y07561,-383.75040510108573,-69.4672148553903,-1.0988649
Y07570,-393.38148678142346,-51.52489309864226,1.8467345
Y07580,-429.84463397299453,-41.111416465951066,-1.1143318
Y07586,-380.7346919300265,-37.22342254878675,0.8458495
Y07587,-401.2085502268656,-59.16834222061976,-1.1710441
Y07588,-386.9382045942947,-60.49374328869935,-0.73075086
Y07595,-398.6642472982051,-52.60922439949714,-0.73075086
Y07596,-432.2035560107327,6.822244616872906,2.184196
Y07598,-395.031245436726,-55.209266471241556,1.2764876
Y07599,-407.9825042383176,-55.42136998752522,-0.6910523
Y07601,-435.29860153891696,4.52803754513904,-0.73075086
Y07604,-427.08541795607505,-46.18162947767736,-1.3154025
Y07607,-412.7394611907002,-49.95047408137868,-0.03473698
Y07608,-419.6399349601444,-8.422216745618623,-0.9290314
Y07609,-389.35958771315774,-68.8248554251852,1.0665116
Y07615,-431.3935609372953,-35.476165301169786,-1.3154025
Y07616,-440.03658415344125,-28.93933358192479,-1.3154025
Y07619,-385.9112569807896,-64.14411733305244,0.5450168
Y07620,-400.91158295442546,-53.685876230375065,1.4926019
Y07621,-395.2682466071691,-51.71321028039263,1.4934001
Y07624,-425.02145849982236,-44.976540548386026,-1.2308497
Y07626,-420.60508800906894,-39.999233486875305,0.5601957
Y07627,-405.3074382284129,-40.354827532004485,1.525062
Y07633,-425.1369891954703,-43.947535454109435,-1.2762196
Y07634,-449.1885198135354,-18.108370111074837,-0.88593614
Y07636,-416.993604984978,-47.237194441352926,-0.98635024
Y07637,-402.6078367139463,-49.13378082744848,0.669526
Y07638,-404.50475777945064,-57.321815179417165,-0.052266218
Y07641,-443.36838233846487,5.336028719196154,0.8458495
Y07649,-396.15224417890835,-71.5586801691093,-1.1710441
Y07650,-364.70582412263315,-61.78016250157141,0.5485196
Y07657,-382.69065393791226,-63.87870932727983,0.7056156
Y07658,-333.7344727397443,-38.61442607841919,1.0665116
Y07659,-410.2324631420327,-57.213526621615706,-1.1710441
Y07668,-410.6406306581243,-53.481741030668616,-1.2453462
Y07669,-398.9557078943307,1.6059969292837866,0.20036104
Y07681,-364.5579095146164,-69.73954081927559,1.1386908
Y07696,-345.5697809519503,-69.53278905175081,1.7194055
Y07697,-373.62607688362954,-62.10699839536503,-0.52143115
Y07698,-405.0762959019972,-51.24611826550588,-0.088355824
Y07699,-404.34311341103455,-53.433335632642304,-0.12106204
Y07700,-413.8839246595316,-49.14744252912986,-0.95450646
Y07701,-410.005116291271,-58.83189307641439,-1.0266856
Y07703,-370.15346233703195,-78.81714980354847,-0.7740584
Y07705,-399.54881571071024,-56.217133851500016,-0.95450646
Y07709,-324.74920887518505,-15.144794638295705,0.4473493
Y07710,-416.2671235434909,-39.10593745965855,1.0890677
Y07718,-381.02491567768584,-52.01893540596116,0.16427143
Y07726,-400.8213121281854,-51.80772226852629,0.88606364
Y07733,-375.2511529429103,-37.32208088093781,1.3191389
Y07734,-419.41235140840826,-52.26136601178748,-0.70187914
Y07735,-417.7223599538436,-44.56169174273036,-0.70406646
Y07738,-390.4768737073213,-72.57647122312835,0.7092246
Y07747,-457.83128576009716,18.978036138507495,-0.5881422
Y07755,-388.0031997834289,-46.34012217499671,1.0304221
Y07765,-371.73229709913954,-76.14500292009873,0.09209221
Y07772,-366.2984820797855,-67.32021814259248,-0.16053504
Y07773,-389.31270626431905,-68.5672679989638,-1.279313
Y07804,-391.59793509188626,-54.02959190297191,1.8965726
Y07818,-411.34138696970086,-55.57240259975381,-0.810148
Y07819,-407.1133567216872,-49.17233003689241,-0.4131623
Y07839,-395.915647923845,-58.89101555299846,0.12818183
Y07840,-411.07695090102413,-39.141383647206084,0.23645066
Y07842,-337.0097490144896,-34.0360149093879,0.4168987
Y07843,-425.35018854383026,-33.40230205519142,-0.3770727
Y07844,-379.95642405635533,-64.13192843487796,0.23645064
Y07850,-395.5760059365427,-53.87990198990116,1.1026013
Y07864,-409.44699447780084,-51.16987634377769,-0.088355824
Y07866,-397.6815231211118,-50.53640235684744,0.23645066
Y07881,-388.8412054706409,-44.90837528096053,1.7883039
Y07883,-398.11789054827335,-54.225799696913285,1.1747805
Y07885,-351.33891568805586,-73.79729124281265,1.7883039
Y07888,-394.9937287067277,-65.57802949420703,-0.3770727
Y07923,-407.67154364426824,-54.52076617456132,-0.26880386
Y07926,-397.93022812960146,-60.122410069832085,-0.26880386
Y07932,-406.05421234682836,-53.78487054805566,0.23645066
Y07935,-383.48431116629183,-61.81460140432779,-0.088355824
Y07936,-400.291334776103,-62.427171072436124,-0.26880386
Y07956,-293.3712544234741,-72.5372501003162,-1.0988649
Y07970,-330.78834220285654,-64.33140427651668,-0.05226622
Y07975,-400.1438561038113,-61.52149800454884,-0.3409831
Y07989,-349.79401283902706,-81.99091520210018,1.1026013
Y07993,-386.515275254002,-60.94139073516376,-0.7018792
Y08002,-378.1206592290898,-74.75395420297372,-0.7018792
Y08008,-378.39865835280267,-70.96575731710101,-0.55752075
Y08015,-414.3901220107767,-9.176268318960174,-1.1349545
Y08016,-381.35558986650807,-71.60366327487577,-0.52143115
Y08017,-370.58122826056484,-70.98977286419618,-0.52143115
Y08018,-357.88161354790236,-79.12495704948371,-0.52143115
Y08041,-354.8282820974779,-81.22715842619789,-1.2432233
Y08065,-347.831011376556,-69.57347297515074,-1.2432233
Y08067,-377.8568844919136,-73.64331661986955,-1.2432233
Y08071,-390.53851198180297,-67.58976961311011,-1.2432233
Y08072,-344.75800338251895,-69.8720618447037,-0.37707272
Y08074,-385.02973002823836,-73.03508101956788,-1.2432233
Y08077,-352.37350347625176,-68.55163187138083,-0.7018792
Y08083,-378.97202180221774,-46.95803036937182,-0.34098306
Y08084,-385.2961605801082,-49.26458107030771,2.2935584
Y08085,-330.8904893180367,-76.26513077106941,1.8243934
Y08109,-363.87613459667296,-61.208345280758294,1.1386908
Y08118,-360.3634825105872,-66.2565447080138,1.4995869
Y08120,-363.6811574301709,-74.67151299811178,-0.48534152
Y08132,-352.7773244074642,-76.82398129961491,0.5973467
Y08139,-271.00535392410546,-110.77317732542075,1.0665116
Y08188,-336.68977293868295,-75.50029500781896,1.8604829
Y08245,-356.19302739714016,-81.09203439514368,0.23645064
