,practice_intercept,practice_slope,imd_centile_practice_mean
A81001,-268.72765600665286,210.94137942060303,0.051175278
A81002,11843.246325953369,1197.4459609943876,0.051175278
A81003,668.3332697574479,218.9079342564735,-0.9596795
A81004,3415.73094954833,1063.9492652569757,0.051175278
A81005,4013.8281735632227,181.31916168175442,-0.49769554
A81006,8420.707477844206,1811.910213023925,0.051175278
A81007,3447.8829548416816,412.13498911351166,-0.9851098
A81008,1515.0709663969294,-275.331640751956,-1.1398108
A81009,3538.6547660274978,-500.6553494413188,-1.1398108
A81011,5229.2451437271675,878.216298835616,-0.9851098
A81012,2157.4281587988926,126.02846329460067,-1.1398108
A81013,2165.1597417445832,710.7111422708183,-0.49769554
A81014,1158.134889592945,-373.7139872457573,0.051175278
A81015,-701.0008169733125,-326.5465328248247,-0.47578114
A81016,4172.35668080141,-30.319316643779285,-1.1398108
A81017,10572.680439446076,456.8882837199531,0.051175278
A81018,5492.540269418309,2521.831914780589,-0.49769554
A81019,4838.490580142306,394.54119796961254,-1.1398108
A81020,3803.407451368225,313.38825857200004,-1.1398108
A81021,10011.229004147513,1007.565667300652,-1.1398108
A81022,5882.567707830787,-34.62665751714723,-0.49769554
A81023,399.8856240296159,-74.63044689382232,-1.1398108
A81025,102.53682538759938,243.78386600727467,0.051175278
A81026,7573.379568060412,934.2443041662873,-1.1398108
A81027,5366.280143609627,1522.2521291893268,0.051175278
A81029,1543.6324116646845,711.1268934231032,-1.1398108
A81030,4632.229336898703,1139.1283216708664,-1.1398108
A81031,5037.732820118182,234.70877544003696,-0.9851098
A81032,5633.943804606208,203.9942409517423,-0.49769554
A81033,-278.16595458740983,-374.80365903106866,-1.1398108
A81034,11306.295664985848,987.5278122410546,0.051175278
A81035,3449.3086828973705,35.44274102900366,-1.1398108
A81036,10591.132288662207,44.672778676900016,0.051175278
A81037,2338.1810419654853,155.9157782405179,-1.1398108
A81038,53.5830423671386,495.1187290255253,-1.1398108
A81039,3777.8227448863036,519.4883254976154,0.051175278
A81040,2851.627467216392,457.8652254989411,0.051175278
A81041,3251.3666853449217,122.90802427905898,-0.9851098
A81042,7160.686326566914,4134.969838544212,-1.1398108
A81043,4355.785601449173,177.64892366522258,-1.1398108
A81044,13007.047345659887,2442.493140314712,-0.9851098
A81045,4471.93701093379,18.143902447836115,-0.49769554
A81046,5752.890285270545,495.68794084532414,0.051175278
A81047,1607.3086824694885,-1709.366229648504,-0.45759183
A81048,4441.852247161913,2014.1131777842252,-0.49769554
A81049,2673.976142063014,499.034307210954,-1.1398108
A81051,1960.2227671895698,368.3852273370344,-1.1398108
A81052,4619.2711360334215,821.3001843180544,-0.49769554
A81053,4399.476913452924,151.78856390812788,-0.49769554
A81054,4472.839148792284,296.67720229821555,-0.49769554
A81056,-843.120473289521,22.967848420953686,0.051175278
A81057,3235.4214522220127,826.9901952908066,0.051175278
A81058,2475.3972102942016,829.4380018688233,-1.1398108
A81060,42.92641823550007,523.0085678196499,-0.9851098
A81063,1824.081397906066,197.29426018396302,-0.9851098
A81064,381.2315637940409,427.40090164277393,-1.1398108
A81065,384.7560032131638,92.76772611683045,-1.1398108
A81066,772.5850788233773,289.47909030491144,0.051175278
A81067,3634.173506089029,680.5146584810849,0.051175278
A81069,-1279.0068144143527,-229.68296204220454,-0.45531166
A81070,76.0653767253324,1704.7962804783856,-0.9851098
A81602,-42.058133524494124,124.75073433323774,0.051175278
A81605,-1978.1717160730614,-599.9172775961706,-0.4553117
A81608,357.84675383871274,1624.307032869755,0.051175278
A81609,-1988.8674934316386,43.57042817347956,0.08508235
A81610,2575.313977603872,167.10488598726974,0.051175278
A81611,934.2870460520388,1137.7702296699426,-1.1398108
A81612,-564.1761719413793,288.5164303172546,-0.9851098
A81613,-1415.0503499625615,-445.6507543067638,-0.9596794
A81618,4301.823583203722,1455.3239166789024,-0.49769554
A81621,-1274.5111908548124,407.8568639096713,-1.1398108
A81622,771.9904842551871,415.1786083508092,-0.9851098
A81623,-1984.7360526206303,91.62515730431305,0.08508235
A81629,720.4094164338095,823.789607824813,0.051175278
A81630,-2588.1029760588863,85.55046868784662,0.051175278
A81631,1189.9529241715509,621.3196172259371,-0.9851098
A81632,-2697.6531101318305,-89.0501538344179,0.055673152
A81633,-2801.6636235354704,-4.73567307186936,-1.1398108
A81634,-2588.6231381367015,185.4102650309544,0.051175278
A82003,3577.352206534844,865.1742980481727,-0.85160065
A82004,-802.9528930823285,48.83105477444163,0.6996481
A82005,669.3750158761322,676.8133691251574,1.4180543
A82006,791.3515221345308,288.0487577013494,0.6996481
A82007,3802.813576463266,446.1494901224714,-0.85160065
A82008,5845.077692357672,-31.0466909444133,-0.85160065
A82009,5808.789404594311,56.245268737686715,-0.85160065
A82010,2031.5882092979023,74.94691509683012,-0.85160065
A82011,-866.4602407953084,-69.36753811886189,-0.85160065
A82012,11716.046459245803,1089.0200961859587,-0.078095466
A82013,2568.854417458542,528.7233352955427,0.6996481
A82014,1474.4366381409877,514.4950830877538,-0.067499496
A82015,493.2051871929087,10.772536521556862,-0.078095466
A82016,14835.103639740722,8088.688684724761,-0.078095466
A82017,4736.008267583947,-256.63424569599096,-0.095049
A82018,2968.4666258808065,436.0154406315102,-0.078095466
A82019,2348.2229991710606,195.6091367300067,-0.078095466
A82020,4568.851225356967,780.4065130030452,-0.078095466
A82021,8777.174604930551,3938.433232159236,-0.067499496
A82022,1842.6773851144242,-141.06711845343492,-0.078095466
A82023,1826.0540662916794,785.5940577972455,-0.5930592
A82024,2292.2769043625062,-379.1279865206197,-0.5930592
A82025,2758.0117681976994,356.8133249436771,1.4180543
A82026,8914.726454477315,544.6750770774997,1.4180543
A82027,5673.118872662326,-783.3916134208849,1.4180543
A82028,2995.0977609935208,984.5844336487257,-0.067499496
A82029,-1.021739793506124,561.4075255617752,-0.067499496
A82030,2495.6802271921542,289.94999206331437,0.02362577
A82031,-288.4842624718548,287.5446144427886,0.6996481
A82032,9421.415128209645,427.897069733847,-0.067499496
A82033,3097.895973602522,615.0502637490403,-0.85160065
A82034,2681.9461299103646,17.06174309087989,1.4180543
A82035,5029.731172028516,253.2966027701892,0.6996481
A82036,3149.008378888085,-27.59540139855652,0.6996481
A82037,1225.6907634772524,-3.261685767983989,-0.067499496
A82038,78.55831118058158,195.0410957892553,0.6996481
A82039,2814.047199999167,215.52224116491618,-0.85160065
A82040,-661.3091744055591,-703.0789204674907,-0.63544303
A82041,6394.219609798231,656.1538073353069,-0.5930592
A82044,17903.185753716472,3802.983060226009,-0.5930592
A82045,3894.7513954893416,1029.1352019180815,-0.067499496
A82046,240.61055398751895,-570.159411449432,1.4180543
A82047,5481.617403852157,575.607783523101,-0.5930592
A82048,1835.2401906134037,59.64347772063994,-0.5930592
A82049,961.7491338986584,592.6988938842212,-0.5930592
A82050,2915.510701237638,642.8259198847857,-0.5930592
A82052,538.2863097369705,33.035521772548705,-0.095049
A82053,1522.862676660801,219.54431535921134,1.4180543
A82055,3300.6961171560743,837.0903925907757,-0.067499496
A82057,1704.5631607849566,84.70480896645081,-0.05902273
A82058,762.2481770416812,539.5939616523765,-0.5930592
A82060,-222.15926621385003,767.5539671359785,-0.60971
A82062,306.2344831321011,572.2954296044356,-0.85160065
A82063,-2129.7082529100835,-786.9102180093084,-0.05902273
A82064,2011.91690640348,214.11907868065703,-0.5930592
A82065,600.4292600043829,0.7040343910175594,1.4180543
A82068,-557.9074822446113,6.687465495145322,-0.85160065
A82070,1214.172279915228,233.58785558463862,1.4180543
A82071,1468.5920032155504,136.03270633196365,-0.85160065
A82072,3521.7718454485607,1424.3926526970288,-0.85160065
A82074,-1098.4042383068902,-418.77927709221706,1.4180543
A82075,2412.9375953959375,1005.0543578271339,-0.5930592
A82077,663.2241168462847,56.34100109830544,-0.85160065
A82608,-138.22118357772962,-289.93236502552804,1.4180543
A82613,-2378.3911975814303,-13.264419623775767,-0.85160065
A82617,-1001.3074789734981,156.09290907042458,0.6996481
A82619,-2252.455241443685,-147.92725231811073,-0.85160065
A82620,-2566.662429002083,58.64138818561839,1.4180543
A82621,-1426.2431677722695,-92.8483205379502,-0.85160065
A82623,1253.9950200481082,-283.80716979319357,-0.5930592
A82629,17.00807811801008,252.8925254528154,-0.85160065
A82631,-252.19609315764512,193.27968947138737,-0.078095466
A82635,-2126.5282039006815,-368.87236956317247,-0.095049
A82641,-2289.345459943305,-429.0917716375436,-0.095049
A82642,-2156.273479742767,57.54035973144621,1.4180543
A82646,533.5107304215542,268.42018494939276,-0.078095466
A82647,-674.5797685760909,240.0311952206522,1.4180543
A82650,-827.405396709005,159.42366265102638,-0.85160065
A82651,-600.0505433369173,-19.59442307661409,-0.85160065
A82654,2108.492000171576,1817.592207463137,-0.078095466
A83001,6610.616993297382,875.8001937746526,-0.029354034
A83003,5713.168114462801,1044.6305688274574,-0.4616693
A83004,1711.627903262805,576.4593208942504,-0.93129516
A83005,6073.626705131612,43.566700999654266,-0.029354034
A83006,1780.5269015476147,457.4796552162527,-0.029354034
A83007,8253.292629165118,1463.1823451681778,-0.9851098
A83008,3311.042163347169,50.05464765176044,-0.029354034
A83009,4124.783703264098,358.6568053167524,-0.5146491
A83010,7308.53646858586,650.3380745302925,-0.029354034
A83011,3865.1271575428646,198.79254763089983,-0.93213
A83012,15300.096784695817,2304.8736001985335,-0.9851098
A83013,5558.605602984359,1187.3842451103221,-0.029354034
A83014,2880.4115156823245,-584.5817334117316,-0.93213
A83015,6178.803402189478,620.3823930739014,-0.029354034
A83016,9501.009504076788,1242.7983142415553,-0.5146491
A83017,4033.3872397692567,568.300390240569,-0.93100554
A83018,17636.903176591484,3503.1720812820527,-0.5146491
A83019,1466.6749602925297,-180.88858369785163,-0.9307099
A83020,8667.289157887479,1111.9875803924053,-0.4616693
A83021,11648.849248211765,1397.9362826381432,-0.029354034
A83022,17960.760699134673,2097.848913188748,-0.5146491
A83023,9502.845891488994,3056.2036763100814,-0.5146491
A83024,2383.873509444337,533.5842421298422,-0.93213
A83025,11615.410352631976,3663.4136487249057,-0.029354034
A83026,5726.409148590539,529.6235168628912,-0.5146491
A83027,1796.506449913132,1322.5547178433972,-0.93213
A83028,6716.659518019409,994.3235967501549,-0.5146491
A83029,1233.404250238392,441.31110972683126,-0.93213
A83030,7332.848281857353,1507.7060516962954,-0.5146491
A83031,5516.0093911777685,884.758255130853,-0.029354034
A83032,6.048840786205397,29.363165469135335,-0.4616693
A83033,5715.776154386983,1050.0144169281293,-0.5146491
A83034,2959.300111428152,502.47987514220944,-0.029354034
A83035,4665.988826858773,442.58086806915145,-0.4616693
A83036,4139.779378761716,133.21787230238698,-0.93213
A83037,13630.785039125334,1356.0583854922106,-0.029354034
A83038,1170.4938333923897,-150.8666245379695,-0.5146491
A83040,5967.361546738821,586.0501670564768,-0.029354034
A83041,8377.123700967544,496.3108890607234,-0.93213
A83042,1655.5944635527087,-417.2475010922129,-0.9761263
A83043,446.47460321434545,197.74556522827615,-0.4616693
A83044,3825.896012963485,1383.2061176509962,-0.9851098
A83045,11104.141123122723,1403.2892299200942,-0.029354034
A83046,7033.712103212228,690.8642067414842,-0.4616693
A83047,8622.030498437425,1298.954372034073,-0.029354034
A83048,2044.5830877779383,479.0420415837774,-0.029354034
A83049,8791.053922072051,1336.740572567515,-0.5146491
A83050,6502.06906076876,995.1731701172539,-0.5146491
A83051,8935.231541747524,1585.9339923802102,-0.93213
A83052,6115.72200160837,838.5595566405876,-0.029354034
A83054,10184.349323759334,867.0363578831092,-0.029354034
A83055,-516.7977722070534,491.29546985636546,-0.93213
A83057,7186.97797561874,4834.381240550295,-0.9851098
A83060,-466.67166902015117,362.8792136742574,-0.4616693
A83061,-343.6631865226541,163.800040133385,-0.029354034
A83066,6459.56224739032,2104.3533239658213,-0.029354034
A83068,-1178.182724158559,-281.2319063013408,-0.9596795
A83070,2339.152147245858,214.96302691837047,-0.029354034
A83071,1360.7070915932509,-96.68650712891515,-0.93213
A83072,372.98686700297594,264.6024428788821,-0.5146491
A83073,2530.2751910526113,424.08599751855587,-0.5146491
A83074,7967.056272962381,1021.0956652317344,-0.029354034
A83075,4543.073445878647,736.5151072052643,-0.93213
A83076,-293.70552882075685,-2.1304461121338085,-0.49133795
A83603,-628.292256054449,217.84735823473383,-0.029354034
A83610,185.9719997295996,432.4899424006129,-0.9851098
A83616,1478.3900988234739,1375.4318780258895,-0.93213
A83617,43.42509957171193,218.24149111992017,-0.5146491
A83618,2462.340757178564,1831.463748791266,-0.5146491
A83619,138.84166562542651,747.9274737591846,-0.93213
A83622,-794.9574816497742,-31.42721325868985,-0.5146491
A83626,-645.8893359097526,-16.796823413852053,-0.4616693
A83627,2793.302004848488,982.8273017866046,-0.93213
A83630,-1266.25067127679,218.47184607810388,-0.5146491
A83632,-1010.9868193114527,93.47794280873167,-0.5146491
A83634,757.5892331170455,467.89945876383587,-0.029354034
A83635,139.71910570704387,17.66688230723849,-0.93213
A83636,3022.8248107490094,826.4187997164496,-0.5146491
A83637,-487.02713514291287,63.42610440331382,-0.5146491
A83638,-1724.7378780894946,-391.55594639427534,0.013029811
A83641,785.7147194472823,395.4804215021624,-0.029354034
A83642,-2905.965941579989,9.411759043731559,-0.9308584
A83644,473.43978907537723,199.38957984639725,-0.5146491
A84002,776.5223426830509,326.6654888695861,0.2397834
A84003,9506.865665481208,2085.616164391744,0.17620762
A84005,5993.106596586219,395.0351620120028,-0.35359046
A84006,11232.802726291424,5394.541610908234,-0.35359046
A84007,7575.379302337266,-295.5156021276956,-0.35359046
A84008,1815.0059391486623,12.626927055728721,0.2397834
A84009,12111.50764199602,5149.723558817163,0.17620762
A84011,4017.737609192192,592.7555167464926,-0.35359046
A84013,2049.031637637287,-263.2769628707422,0.17620762
A84014,4239.864665331214,825.4264225291047,0.17620762
A84015,493.0420433233975,298.7783568942349,0.17620762
A84016,1146.2616167128094,354.2496896524464,-0.5146491
A84018,2940.01925846737,280.1419744928589,-0.5146491
A84020,4051.98696599856,-355.80686584809877,-0.35359046
A84021,5983.6091244431145,1865.5908754057828,-0.3112066
A84022,7868.87623823529,1668.9839662529564,0.17620762
A84024,3771.4139175504533,375.91592500208765,0.2397834
A84025,1686.583348714755,-153.5676832019795,-0.35359046
A84026,5425.611999844121,898.1574260636231,0.2397834
A84027,630.2614807151829,688.8504196179041,0.2397834
A84028,13825.047285060586,1190.1152303550716,0.17620762
A84029,272.81938016885476,-0.7163449266201365,-0.35359046
A84030,4113.05253197175,806.9849156085804,-0.35359046
A84031,2234.1133964519404,-197.10090147548343,-0.35359046
A84032,-219.47312331114347,94.67140378199376,0.2397834
A84033,1525.9174979602594,119.33623968516603,0.2397834
A84034,2899.6801175301566,618.8447391281218,-0.078095466
A84035,2454.3283834192534,279.6129126413733,-0.5146491
A84036,16443.721606819716,856.0251221155826,-0.35359046
A84037,1790.579075752745,359.2765036789713,0.17620762
A84038,2929.9447988297443,768.4846528063938,-0.35359046
A84039,858.5364637893275,300.8985379633582,-0.35359046
A84040,751.7263551781502,192.06736705852413,0.2397834
A84042,-1026.7193042227973,310.12363970874515,0.2397834
A84043,9346.06156400357,147.08283493817896,0.17620762
A84044,3604.666928189275,425.8980789582918,0.2397834
A84045,1453.8916906179502,1037.7322224570762,0.2397834
A84047,1687.1726671788288,539.0581149498886,-0.5146491
A84048,4657.83042813068,27.59841878138327,0.19316116
A84604,-843.4917397395026,210.99292877593396,0.2397834
A84609,-1346.6633670408023,391.917869661378,-0.35359046
A84613,-2120.3926504218193,-157.4781198978448,0.2652137
A84614,-1706.7308620103106,122.30394015292858,-0.5146491
A84618,-1595.6446764397754,112.01107544687416,0.2652137
A84619,-448.4679290444971,-39.43158447204008,0.17620762
A85001,2415.2746161029936,185.97322732887872,-0.5146491
A85002,619.8648263043947,237.7839858325344,-0.5146491
A85003,3588.003338448934,142.46001603528418,-0.5146491
A85004,6281.076742041606,341.0077640884071,0.17620762
A85005,9553.569232137988,2748.5356349208328,-0.35359046
A85006,4372.20139256151,389.0234219620825,-0.5146491
A85007,2679.740625319962,561.9384634241242,-0.5146491
A85008,11561.49448771396,2270.37044785697,-0.5146491
A85009,2647.5543411598446,149.74667876251593,0.17620762
A85010,4707.093509580714,696.8453361813207,-0.5146491
A85011,4885.775095520458,780.2202622991656,0.17620762
A85012,893.4659072859808,265.1942456498044,-0.35359046
A85013,476.88069283173365,-321.21548963342156,-0.35359046
A85014,4491.03654906802,729.0037183048527,-0.5146491
A85015,-1818.2916677759818,-558.9384031761625,-0.45531166
A85016,8408.408106024606,2688.965124593326,-0.5146491
A85017,1168.9898181946653,381.5610234387274,-0.35359046
A85018,1381.017882336947,279.3848680066722,-0.5146491
A85019,3514.3005852922643,-214.83643974062355,-0.35359046
A85020,8382.685662717102,678.0980001700742,-0.5146491
A85021,-960.043406376229,-88.24552228116907,-0.5146491
A85023,2859.7189726490406,399.5339032775664,-0.5146491
A85024,-69.31745562931634,-53.25553000372722,-0.5146491
A85025,876.9733139138436,237.02348737427076,-0.45531166
A85026,1712.5937103436402,877.5987037971618,-0.5146491
A85601,-2617.109945796978,-417.0336414800678,-0.4553117
A85605,-888.1387779401413,-343.00654672014775,-0.46161628
A85609,-1779.8844152467373,-15.225560837817124,-0.5146491
A85611,1144.7778429025616,247.33021404217942,0.17620762
A85614,675.6283549897877,29.830173620189168,-0.35359046
A85616,1079.491730872838,1448.6758557814828,-0.5146491
A85617,122.67830214465106,441.6460220153844,-0.5146491
A85620,327.38631600073654,342.9287029882017,-0.5146491
A85621,-2745.703026699757,-34.127928706767776,-0.5146491
A86003,11032.094661053326,816.611960915444,-0.35359046
A86004,5277.195676158184,364.88512249444756,-0.35359046
A86005,2726.869057115889,537.0525982966022,-0.35359046
A86006,1175.7413203665183,71.20114181994634,-0.35359046
A86007,-2126.8821071264415,27.332318094358147,-0.35359046
A86008,5023.2169872117465,169.01740401739724,-0.35359046
A86009,1665.402879582292,-1161.836577602412,-0.3112066
A86010,2424.119685363144,491.6066840951131,0.17620762
A86011,10117.10130249199,963.3824167021985,0.17620762
A86012,3655.6208732229925,363.3843577590065,-0.35359046
A86013,5060.909133935738,333.91625394771216,-0.35359046
A86015,145.27762634732144,-342.2295008746686,-0.3508355
A86016,2773.596450703586,477.9037451343378,0.17620762
A86017,6834.615708932224,1056.2072293325418,-0.35359046
A86018,4172.87505823349,711.2081771383453,-0.35359046
A86020,-439.9735496435439,990.2694815308786,-0.35359046
A86021,8786.29001117982,305.72604142292676,-0.5146491
A86022,3903.309432611385,960.8064158051342,-0.35359046
A86023,4475.505526611147,1096.5983634091924,0.17620762
A86024,2646.697303648409,935.0342188841952,-0.35359046
A86025,8451.249293460887,1485.2438231060764,-0.35359046
A86026,3921.792256267086,475.88626947594213,-0.5146491
A86027,-2341.4565620100398,139.27378590952304,-0.35359046
A86028,5.579666790079432,256.2306757588366,-0.35359046
A86029,12088.902264667226,4523.320628866516,-0.35359046
A86030,7408.826295422386,1232.7327562270411,-0.5146491
A86031,2258.2199300819825,1057.6122954384643,-0.35359046
A86033,-367.190081114851,123.71901676584329,-0.35359046
A86035,-1306.7365185259694,26.85790916447105,-0.35359046
A86036,2607.812468092676,807.9290818809961,-0.35359046
A86037,3424.5019013236692,195.70617227029624,-0.35359046
A86038,3753.1490330557613,508.71257059702396,-0.5146491
A86040,3299.052155985385,855.0126205897312,0.17620762
A86041,1865.6720687602551,153.5203600327421,0.17620762
A86601,3276.1881176512297,600.6360969368002,-0.35359046
A87002,4150.859284652844,-312.02355928828,-1.0041825
A87003,6537.906437750514,263.0328465263927,0.17620762
A87004,10053.932633065902,493.0631855598347,-1.0041825
A87005,4990.1882762505165,966.5034832580234,0.17620762
A87006,1632.762446107701,267.47123903910426,0.17620762
A87007,6481.206867542119,1397.5536245407536,0.17620762
A87008,1544.1588761177225,-84.61441628727933,0.17620762
A87009,7782.466012831906,837.700024662335,-1.0041825
A87011,1858.7712988806131,296.47466565906313,0.17620762
A87012,5921.976257777833,298.14619833534954,-0.35359046
A87013,5291.742604697888,761.2180460287573,0.17620762
A87014,149.21777554057877,-551.13806886069,0.18645859
A87015,2716.564459078624,-112.70062644321577,-1.0041825
A87016,6351.740755451817,438.68357741428264,0.17620762
A87017,4085.7905596228547,329.92034620481706,-0.35359046
A87019,2005.7362367249232,-42.854374164988734,-1.0041825
A87020,2520.1632200893678,678.013932009111,0.17620762
A87022,1614.1755208285745,1361.2560068058228,0.17620762
A87023,1544.2675176282823,-105.77535249157738,0.17620762
A87027,1752.608919049771,-204.7985505509259,0.17620762
A87029,2384.172022523141,758.5735559304665,0.17620762
A87030,1116.7245907614745,359.29258026007363,-1.0041825
A87600,10.507705308125944,405.5336947106366,0.17620762
A87612,2305.7739263224444,850.5994668493846,0.17620762
A87615,473.08137432431096,612.0007325572044,0.17620762
A88001,948.8866877123646,98.36353241368987,0.17620762
A88002,9360.830201564995,2812.540538608113,-1.0041825
A88003,7830.756324771892,1250.1640912553423,-1.0041825
A88004,3097.5335180461243,472.62833036380084,-1.0041825
A88005,1789.6542288188598,316.0170872777807,-1.0041825
A88006,2956.129383239359,787.7539319806716,-1.0041825
A88007,3757.495514113427,-237.1231642380828,-1.0041825
A88008,2579.967032041303,510.68645105992584,-1.0041825
A88009,1431.6688027032556,46.475866343557,-1.0041825
A88010,2084.570458483925,438.9988251682064,-1.0041825
A88011,-559.1214175118425,-114.83837025537267,-0.9957057
A88012,3784.1596873080775,401.83652529411074,0.17620762
A88013,10852.275115464963,3533.8510212656197,-1.0041825
A88014,-686.9212779382119,-65.63512172106653,-1.0041825
A88015,3709.925137091486,1983.198933652018,-1.0041825
A88016,2815.4328606887498,889.3947938008981,-1.0041825
A88020,-1271.3341829561516,-562.7020415816124,-0.9957057
A88022,4147.303524610191,593.283846478397,0.17620762
A88023,1979.3767567082361,100.58324729300264,-1.0041825
A88024,-3851.753604514745,-1816.0843729239725,-0.9957057
A88025,757.5323693845365,329.609174593509,-1.0041825
A88601,-532.7869751070518,588.8091551835332,-1.0041825
A88603,-1176.5404434365228,-924.0010795554684,0.17772134
A88608,2099.924622354114,301.0338649545126,-1.0041825
A88611,-1151.3959757589137,-102.63763677641893,-0.99616176
A88613,546.6121359662789,-207.59578043831752,-1.0041825
A88614,-2103.9923932583742,-377.6651499350726,-0.99570566
A89001,14813.752997537491,2054.0951737448086,-0.93213
A89002,1690.8994624385832,1231.7173415153966,-0.93213
A89003,1860.121879157668,231.32331565290974,-0.9236532
A89004,12806.839257460493,2378.5090261137475,-0.93213
A89005,2493.7884067168675,434.6821121936143,-0.93213
A89006,3398.264392429111,760.1394447844291,-0.93213
A89007,5688.578969392063,445.5432921486417,-0.93213
A89008,3094.9647532114927,557.3234526152522,-1.0041825
A89009,4664.784297971905,722.0773842379897,-0.93213
A89010,7227.254660412921,1152.9829465577227,-1.0041825
A89011,1262.5599560347027,336.8988039528841,-0.93213
A89012,5218.019583256875,3415.8790074626095,-0.93213
A89013,3465.2297372456055,-63.39682256893275,-0.93213
A89014,-1052.360055713718,136.19992039116573,-0.92541057
A89015,4745.22329749241,1090.1718443372195,-1.0041825
A89016,3893.9311671674127,1363.163770377234,-0.93213
A89017,7688.9745048446875,978.3357732403356,-0.93213
A89018,2815.4921899147726,450.80793086549295,-0.93213
A89019,9452.246154510689,1016.2129558773614,-1.0041825
A89020,4450.359912447771,1416.045368882984,-0.93213
A89021,5617.621249867871,655.9398587174479,-0.93213
A89022,2329.3748579805006,681.2787478605595,-1.0041825
A89023,4715.218874738162,1297.224058857604,-0.93213
A89024,3486.197508374008,429.6009444762398,-0.93213
A89025,5624.350589243042,3930.254845829593,-0.93213
A89026,2832.223594906498,1936.2364072002042,-1.0041825
A89027,2716.20175101793,741.332313798267,-0.93213
A89028,4550.41492121494,734.3146272496642,-0.93213
A89029,-1113.2229288013275,-490.7423215525327,-0.92541057
A89030,5453.265217626704,1607.818825710422,-0.93213
A89031,1774.0938962448943,526.1572755656551,-0.93213
A89032,4246.587316216622,2912.3359390657283,-0.93213
A89034,-627.1779559752863,174.53631539691992,-0.93213
A89035,5886.58018004032,1922.950045103196,-0.93213
A89036,-308.9403420801827,59.23471960110029,-1.0041825
A89038,-323.9159426174081,-528.1863002428013,-0.9236532
A89040,1638.0025566505435,1554.960675857926,-0.93213
A89041,1972.5280760365085,1189.558424177147,-0.93213
A89042,1067.0639397881637,-1021.1172184991198,-0.9245539
A89603,-1129.6666004476178,-161.82324149292742,-1.0041825
A89604,1977.9115610667625,1042.666708560383,-1.0041825
A89610,355.2790751404949,-273.29327133497156,-0.9236531
A89611,-1487.5518854125764,273.58328750202895,-0.9236532
A89612,-1376.761544484671,-152.08871279790196,-0.92700446
A89614,1644.4693855925889,541.3384054194057,-0.93213
A89616,-786.1942321320163,527.4388394761334,-0.93213
A89617,505.42271494787514,1347.47235244869,-0.93213
A89618,-1950.6308503804255,-525.7540057780408,-0.9236532
A89620,-105.88134836412713,-89.9115067992677,-0.9974631
A89621,-1203.6804420933508,-1166.6040181032854,-0.9236532
A89623,-956.2338451884357,96.8958958229648,-0.93213
A89624,-663.4282238928992,328.9197212160282,-0.99704
A89625,-2971.8719091756534,-315.0150567132455,-0.9236532
A89632,-2914.6890315815904,-5.729091804841367,-0.93180203
A89634,-2921.021500021635,-2.7868298938049523,-0.9318878
B81002,149.65599050742696,-67.24458435391901,-1.2478896
B81003,11151.39433336645,891.6999069635808,-0.5994168
B81004,11537.37530174319,1064.607888830527,-1.2478896
B81005,13561.078747985257,425.96573991638985,0.12322781
B81006,4349.1063546896285,531.3133480490126,-1.2478896
B81007,6747.9122004883475,605.3284567379612,0.12322781
B81008,17493.99307342139,6733.618168983769,-1.2478896
B81009,4732.308951656617,324.3679351101923,1.0471957
B81010,7687.604400805376,381.13576083477165,-1.2478896
B81011,5666.373318976989,1869.9625835696081,-1.2478896
B81012,938.8311394807712,-668.9381879928623,-0.5994168
B81013,2741.583647634506,169.7685243012977,1.4710342
B81014,4006.970709058762,0.13428454082421412,-1.2478896
B81015,10363.169345505816,818.380102830785,-0.5994168
B81016,3027.2579921883016,804.1956026509753,-0.5994168
B81017,5117.108598007565,1822.3314699668206,-1.2478896
B81018,5610.23832184396,1280.8090728227553,-1.2478896
B81019,-1195.5685826290198,-423.3788806884182,-0.5994168
B81020,3159.394643955087,892.7376862546088,-1.2478896
B81021,2067.795797779672,568.0486114595419,-1.2478896
B81022,11662.402540314595,687.7093477024955,0.12322781
B81023,2993.765211092873,263.1963416844586,-0.5994168
B81024,2744.254887482599,963.2150259274596,-1.2478896
B81025,14426.299866313911,4644.894097111306,-0.5994168
B81026,12627.829721926408,2149.1198447127113,0.12322781
B81027,4861.21940027293,1994.3780100365739,-1.2478896
B81029,5331.2960394850825,395.233984675305,1.4710342
B81030,5308.398016001328,1616.953871556324,-0.5994168
B81031,7531.844899032351,-344.9256605537693,-0.5994168
B81032,-674.1000787685692,736.8699744243178,-1.2478896
B81034,7881.743767126632,729.8738365678289,-1.2478896
B81035,1988.0815356684861,646.3853321798096,-1.2478896
B81036,8388.940335980544,535.390034886089,1.0471957
B81037,11171.282118450827,484.0066306050204,1.0471957
B81038,4632.245115935151,618.9826318299002,-1.2478896
B81039,14984.57285618715,3902.3182840688514,-0.5994168
B81040,10231.285108167047,-474.7311453807453,-1.2478896
B81041,1995.2291275567868,352.16086002884083,1.0471957
B81042,7575.664299694752,596.5712045343953,-1.2478896
B81043,10264.577594218672,323.93726342588553,-0.067499496
B81044,1642.0624721954734,255.39708024803738,1.0217654
B81045,8654.377211893905,724.3407619089189,0.12322781
B81046,6488.326970554687,666.9879026765104,-1.2478896
B81047,1233.46068014088,447.2733010159633,-1.2478896
B81048,10568.865585051473,8976.108606177519,-1.2478896
B81049,1836.8363879175972,65.90164171349755,-1.2478896
B81050,7136.032621227911,-427.49340483814444,-1.2478896
B81051,3210.6843255352637,843.6378760898663,-1.2478896
B81052,-435.77833305624034,228.48572123252953,-1.2478896
B81053,8536.884351247381,421.8982644967365,-1.2478896
B81054,5629.990575732678,262.14401931288063,-1.2478896
B81055,1400.7298543770664,883.2078142908721,-0.5994168
B81056,6621.08547339165,-31.676279136611196,-1.2478896
B81057,-1847.2330873000801,-1084.8896433278665,-1.2478896
B81058,3150.01301511687,-434.47560085606017,-1.2478896
B81060,4398.693947637167,-2190.6097957256175,-1.2478896
B81061,16761.44897973492,4473.316030951981,1.0471957
B81062,7929.8415792438345,1024.4032534720282,-1.2478896
B81063,2470.7281241250603,501.9453216045757,0.12322781
B81064,4791.36120761,69.48181539638028,0.12322781
B81065,8047.1779479786355,16.66057371111512,0.12322781
B81066,-905.82956622338,-80.5476717236835,-1.2478896
B81068,10546.593557704398,983.2731705305855,1.4710342
B81069,7801.171188939335,616.4695015076728,-1.2478896
B81070,2871.5808949483417,333.6216081096994,-1.2478896
B81072,-751.0169418195851,-1033.4263735509041,-1.2478896
B81074,1575.3306391342344,1629.5279487276334,-1.2478896
B81075,-1185.7167486815981,556.0679753833157,-1.2478896
B81077,4133.488534152999,852.4918649208475,-0.5994168
B81080,-1204.1889832424692,-349.17869474734374,-1.2478896
B81081,357.93964025144226,372.0752743841102,-1.2478896
B81082,-141.32524544115967,355.4986639681075,-1.2478896
B81084,1107.5495843587412,-75.91144364342813,-1.2478896
B81085,535.7277195433891,1042.4025996018368,-1.2478896
B81087,5754.511415984671,2209.8589074785073,-0.5994168
B81088,2857.6494315843497,605.0452768875342,1.0471957
B81089,-626.14825140548,-244.89405288675226,-1.2478896
B81090,1127.5500563747132,359.91346595642676,0.12322781
B81091,-395.1430359050307,-68.79704223221387,-0.5994168
B81092,5885.028492409819,14.873737905327328,1.0471957
B81094,-1900.948937321205,249.92961358434573,-1.2478896
B81095,1098.1102857040237,91.46969405643945,-1.2478896
B81097,-1418.298645806103,432.8929592368628,-1.2478896
B81098,-1979.4807034946268,-1123.3896248200329,0.15713489
B81099,3914.8171141584367,2195.725675135576,0.33726624
B81100,-177.72258226903497,990.5832411393164,-1.2478896
B81101,6631.962171851288,5195.868955042895,-1.2478896
B81104,-2100.956844674885,108.54665536352101,-1.2478896
B81108,584.3609746394529,-189.2816443934718,-0.5994168
B81109,9800.51209028168,1209.9743336002516,0.12322781
B81112,2538.5831777384738,2739.19842356211,-1.2478896
B81113,3508.2651812088607,1186.855534270805,0.12322781
B81118,2884.3489484770716,2029.9935902083205,0.12322781
B81119,1008.8867305039566,444.5339209481546,-1.2478896
B81120,-1366.2716932679994,51.176167753639085,-1.2478896
B81121,-1050.7334682168946,745.4386894143697,-1.2478896
B81602,-639.5001764805205,-42.245704380310904,-1.2478896
B81603,-903.8853408433135,-789.2281747515386,-0.5994168
B81606,269.3985949014624,50.574744983347905,-0.5994168
B81616,-364.5623953287863,5.8211218116518,-1.2478896
B81617,2722.5513915161314,1889.4384176516294,0.12322781
B81619,635.2550650877128,358.90241194382946,-1.2478896
B81620,-551.7131618446001,450.6169678416879,-0.5994168
B81622,-356.1395986747431,-182.56933318522638,-1.2478896
B81628,584.3723263781708,63.29225217331258,0.12322781
B81631,977.2078919006934,843.7629947656283,-1.2478896
B81634,-1365.72879805247,-111.33999225490251,-1.2478896
B81635,-7.264090280447328,599.1622932403693,-1.2478896
B81642,274.3142202641548,642.1420955962453,-0.5994168
B81644,-1873.2343805332132,-396.78941746876666,-1.2478896
B81645,120.18220015661275,620.2282374279894,-1.2478896
B81647,-446.18058565174596,372.37356559163214,0.12322781
B81648,-986.6473306152285,638.4069045458685,-1.2478896
B81653,-506.8528148465751,361.7848138388531,-1.2478896
B81655,-1648.3252043013265,51.73044582552418,-0.5994168
B81656,1042.2499848785446,639.2842999884474,-0.5994168
B81658,-1016.4876972250465,736.736813873991,-1.2478896
B81663,-1523.490177453394,243.8359350479007,-0.5994168
B81664,-1499.8658231096633,12.411415398415683,-0.5994168
B81665,-1849.15909165717,62.17817669994154,-0.5994168
B81666,-2280.7731901436646,83.58360788830693,0.12322781
B81671,-2925.655454120038,-55.588754789606526,-0.5994168
B81674,-1436.5360311129618,-892.9660967908113,-1.2478896
B81675,2917.842771389456,1529.0197896196014,-1.2478896
B81677,6.051183344286067,-81.99089984426743,-0.5994168
B81679,-1754.221088765562,5.637879125166224,0.15713489
B81682,1996.9584141696428,-351.88248347730496,-1.2478896
B81683,-785.7371050233712,32.48033105565006,-1.2478896
B81685,-1763.4353387539802,-305.1279707671904,-1.2478896
B81686,-1124.2586507681697,-888.8752927700432,0.15713489
B81688,-1415.8590257958908,43.852645596127154,-1.2478896
B81689,-1085.4952233256938,-8.455218623926836,-0.5994168
B81690,-2621.6499599463305,-606.5165455074062,-1.2478896
B81692,-1323.3846209156557,666.4984070375239,-1.2478896
B81693,-1525.6317889698905,-332.2819845714163,-0.5994168
B81697,-1040.4752487203675,177.56850918934842,-0.5994168
B82001,2357.900461975262,-1195.9732126842582,-0.33522412
B82002,1946.278255424206,398.1546364108165,1.668119
B82003,-1370.2467013594048,-230.15621732949919,1.6342119
B82004,4973.825830927725,196.09847132353894,1.8418927
B82005,25342.28815557237,6275.762796278645,1.668119
B82006,-1587.519878168583,-702.89105771733,1.6342119
B82007,4822.966583981168,508.09444582795453,1.4095776
B82008,3718.9364707041086,-265.2479517871262,1.8418927
B82010,1863.614733636095,-198.24143037300098,1.8418927
B82011,1584.2772860450314,442.6465103518755,-0.35359046
B82012,5683.7142327245065,442.07039975373755,1.8418927
B82013,7557.000598089315,2701.31999080727,1.8418927
B82014,62.615043027974984,72.36351401862798,1.8418927
B82016,-311.19873906590306,-8.998380162769497,1.8418927
B82017,9943.702821233339,256.492868521187,-0.35359046
B82018,770.4872988838193,-15.635260510755698,1.668119
B82019,-1248.4003615136482,2.2672336533660595,1.424412
B82020,8646.23031425053,788.974302166441,-1.021136
B82021,507.4906315099781,-111.79956060709354,1.668119
B82022,1359.1711220015084,29.153352328235282,-1.1398108
B82023,2269.8798607837675,208.60941186005604,-0.029354034
B82024,3634.530091928874,614.4294463574091,-0.35359046
B82025,15058.18759733932,1976.2629574118118,0.7250784
B82026,22342.553128062063,7809.092121943542,1.668119
B82027,3885.4633344067997,1820.4115978726018,1.8418927
B82028,4870.706544720785,241.65162701595938,1.4095776
B82029,-453.50737182557174,126.85105274416867,-0.029354034
B82030,1761.4476302096655,280.2093300920667,1.8418927
B82031,3218.6153044801445,647.937088200942,1.4710342
B82032,4782.904506908208,145.7565685327685,1.8418927
B82033,6520.215714753069,500.70836263654894,0.7250784
B82034,1500.9814025398246,395.4962013810987,-0.029354034
B82035,-199.94034621297115,-140.12946937478824,-0.029354034
B82036,2107.4359244251527,201.81185139337418,1.8418927
B82037,7258.223516243674,940.8819186410485,-0.35359046
B82038,7433.869550075727,6496.4321712131405,-0.35359046
B82041,9420.188859604172,563.0278526380122,1.4710342
B82042,4235.545226525736,-51.61169019029678,1.424412
B82043,-2282.050751322827,-657.3429596869495,1.6342119
B82044,1582.838763688006,26.504641750656816,-1.1398108
B82045,1036.748512976067,30.985660271763027,1.2506381
B82046,-218.6937223016902,128.17737155272576,-0.49769554
B82047,-351.5296694644966,135.18701524375274,1.668119
B82048,-2176.2555119894746,-1446.6370317656088,1.6342118
B82049,2625.527425087427,-307.8427666656692,1.424412
B82050,13220.0629817331,596.6968704034284,1.424412
B82051,-3510.4954891212246,-2512.9657106031104,1.6342119
B82053,4749.772988722038,599.1274801976633,1.4095776
B82054,8772.421952453082,1033.070474305934,-0.35359046
B82055,4926.019610157216,954.1239003987971,1.6342119
B82056,479.75932656353535,-258.3146470761406,-0.3112066
B82057,616.875638531619,186.81953504170679,1.668119
B82058,97.38905566257922,-985.4542477817993,-0.3112066
B82059,3180.1384145117686,-412.36273548732834,1.8418927
B82060,4894.699134841469,201.2315447216705,1.8418927
B82061,3401.2414358094557,183.28838934614032,0.02362577
B82062,-854.9071927177198,131.0400641013808,-0.35359046
B82063,6171.8490936089465,1345.5932844003476,-0.35359046
B82064,-728.2718905136608,-184.7917594292978,1.668119
B82066,4251.164723624218,110.21471126224793,1.8418927
B82067,422.402115142211,449.90170389108147,1.8418927
B82068,322.03323526414846,-81.05975452979709,0.7250784
B82069,2618.2457162542046,108.90585458353964,1.8418927
B82071,902.5842378292327,524.1608446481051,1.668119
B82072,1438.325982282527,-226.28889445924435,-0.029354034
B82073,6189.405353153695,513.611922139158,1.4710342
B82074,6028.251293551664,741.0029256051049,1.4710342
B82075,4578.25518978218,377.5613349841552,1.424412
B82076,-454.63476437582904,-103.61521362103893,1.8503696
B82077,1428.3999977542717,-261.0639223202038,0.7250784
B82078,2230.492823011015,133.59687745266663,1.2506381
B82079,-223.46934295213964,25.48751644911636,1.668119
B82080,9057.249730725867,523.9583836416667,1.668119
B82081,2281.1780501713743,165.38194204728157,1.668119
B82082,-340.67312088113977,-137.56206506335968,1.6342119
B82083,17265.81797817963,10056.590088043957,1.668119
B82086,-973.7671370468883,114.44948411925317,-0.49769554
B82088,4016.4850304120077,2438.5413804060313,-0.35359046
B82091,-277.73849203504983,199.7709215129686,1.8418927
B82092,1203.7158674195125,61.631731295937264,-0.33522412
B82095,-1525.1217784307257,-204.636466568093,1.6342119
B82097,967.0981046102504,-9.092035478592726,1.4710342
B82098,3184.916469464088,1460.8963656509598,1.668119
B82099,-863.0074856872186,-293.1162364037119,1.4180543
B82100,590.4397984644048,1303.9943434546637,1.668119
B82101,2072.313854621045,767.9769936567766,-0.35359046
B82103,-2111.1308981255384,31.494419062733066,1.668119
B82104,-193.41809354349036,397.69219721944245,-0.029354034
B82105,3438.6678515767917,154.9124078920755,1.4710342
B82106,397.53016748801537,81.05758862038118,-0.35359046
B82609,-68.8580181064046,187.47525504098738,1.668119
B82611,2470.9302471717706,1543.433736133744,-0.33522412
B82619,-2095.019690549741,92.62795846778864,0.7250784
B82622,-1422.0597150501628,213.86752283890297,1.2506381
B82627,-1564.754298983708,254.9338943263334,1.8503696
B82628,1576.4768952042173,234.79592842253982,-0.35359046
B82629,-3168.38815642854,-496.3199237915707,1.6342118
B82635,-2957.6768350146085,-6.045610632350586,-0.32758218
B82638,-2886.62350195494,-9.99680747894849,-0.029354034
B82639,-3223.935614491336,-102.51936719007152,1.634212
B83002,-631.827059433556,-6.584986070836542,-1.021136
B83005,584.5989177145957,-930.0988143748785,-1.021136
B83006,5930.797639156992,433.0596217701187,-1.021136
B83007,208.70651056396738,-891.495106574668,-1.021136
B83008,3089.8536716306958,623.2799165525303,-1.021136
B83009,2920.8772106328547,-170.49007753715088,-0.23703487
B83010,4531.799012551421,625.3441463638037,-0.23703487
B83011,1079.4448368089152,593.2695873930614,-0.23594381
B83012,1739.5708050045587,1320.9067261914013,-1.021136
B83013,5657.765490921663,908.4580233935932,-1.0194831
B83014,3708.493354549727,-233.9187529023789,-1.021136
B83015,3771.9916792274685,588.2411626591085,-0.23703487
B83016,1262.4568347487368,593.5571171655255,-1.021136
B83017,1082.2382709944377,89.59921460047521,-1.021136
B83018,4115.891342409563,700.2518918478277,-1.021136
B83019,66.89282455081519,166.35807871998813,-1.021136
B83020,2077.991665519824,483.21038760155255,-1.021136
B83021,4715.588100906276,654.852024303336,-1.021136
B83022,1635.8995705021205,1.2286129700648492,-1.021136
B83023,3077.7325421014357,283.68300768306756,-1.021136
B83025,-576.0757303847092,-60.882399643006565,-1.021136
B83026,8.877971845748673,232.42015919771276,-1.021136
B83027,4711.125264318397,240.25643744943986,-1.021136
B83028,5819.3457362551135,1314.1512687561062,-1.021136
B83029,4430.317106415093,1157.645760193145,-0.23703487
B83030,3453.34429164318,1099.5820794432718,-1.021136
B83031,-906.4372427819862,194.1765010834628,-1.021136
B83032,-621.6448367997239,-52.38026588643397,-1.021136
B83033,3916.2337363934344,529.1894491196854,-1.021136
B83034,1430.9409758300571,-431.7455693260306,-1.021136
B83035,1643.7549264694946,517.384778314957,-1.021136
B83037,4858.377447376661,-133.93696026196008,-1.021136
B83038,4170.833425977613,710.9803465369168,-1.021136
B83039,7225.510183817091,904.9850167098124,-1.021136
B83040,3411.6796943226173,420.1318210895103,-1.021136
B83041,3981.4311796495963,2007.2472404952314,-0.23703487
B83042,3389.9643005362755,21.136067474090307,-0.23703487
B83043,-857.5660956294122,-436.9524003972159,-0.22637056
B83044,1840.8485690922673,436.47708376915824,-0.20846504
B83045,3103.4549334417698,1943.279504456584,-1.021136
B83049,383.28839258148037,581.312412037901,-1.021136
B83050,435.83224341221023,-492.1547957905232,-1.0079874
B83051,-2656.386413804348,104.76269026039863,-1.021136
B83052,5319.426809278377,2193.6332874157406,-1.021136
B83054,1902.4422127961654,371.281339113316,-1.021136
B83055,12908.479722885191,-195.6771403020616,-1.021136
B83056,4290.983918468082,1663.3863999728994,-1.021136
B83058,659.8513781254279,22.385031499035687,-1.021136
B83061,-740.4378530939276,-33.337042345869186,-1.021136
B83062,3670.0471031524985,646.2553053449546,-1.021136
B83063,4222.118585007484,2439.6438029235946,-1.021136
B83064,3347.083323265866,1071.0018431670971,-1.021136
B83067,691.411982386172,577.0371724398602,-1.021136
B83069,-2412.795400541319,-821.9411752990519,-1.0047123
B83070,-755.7796252566728,-128.35771499680897,-1.0046064
B83071,-948.6706744109471,198.54792580255383,-0.9957057
B83602,18.64245684588551,2.526385423878641,-1.021136
B83604,-861.1013096816403,148.64266087361642,-1.021136
B83611,-1090.9988004449317,300.12738264204984,-1.021136
B83613,-970.4443687374663,42.372946799875784,-1.0057596
B83614,-194.08703239201543,712.1748558521319,-1.021136
B83617,-1924.1372544308053,-245.29925847855918,-1.021136
B83620,99.59666588179546,-213.99628703878565,-1.021136
B83621,-819.5599603447159,325.6892654864982,-1.021136
B83622,-402.1305315335547,169.67572569619819,-1.021136
B83624,10453.301512381056,3194.9037834775113,-1.021136
B83626,1174.1923982231267,647.2673237636562,-1.021136
B83627,-861.5050946384391,520.951602622368,-1.021136
B83628,-168.34502258069665,395.9726305381269,-1.021136
B83629,-947.8742741350741,-58.115623705793176,-1.021136
B83631,-1226.6346268916873,-251.01381718003202,-0.9957058
B83638,-603.3939294290094,-390.9741376513016,-1.0186316
B83641,1007.5423523350445,451.5543562853298,-1.021136
B83642,-1712.8165710854682,-57.01061223715429,-1.021136
B83653,3165.3259353155486,1218.2949209788385,-1.021136
B83656,-2941.644145109574,-106.4836346875887,-0.9957057
B83657,-1321.6860550120273,787.645929065334,-1.021136
B83659,-1308.2043632052332,174.6486448661327,-1.021136
B83660,1076.6313474328017,735.3029857742565,-1.021136
B83661,-1245.3294565083625,86.12186583471204,-1.021136
B83662,-2901.4422023344137,-29.589644118944427,-0.9957057
B83666,-2915.382406942052,-0.9295219107739137,-0.99970865
B83667,-2898.34376006323,1.8243213832673537,-1.0224218
B83668,-2933.1366095962444,-31.894715289786642,-0.9957057
B83690,-2849.950458951768,-20.997450831631483,-0.9957057
B83693,-2894.3165785179235,0.53558257801119,-0.9957057
B83695,-2948.4286373566792,-95.75209357426418,-0.9957057
B83696,-2914.190647609451,-11.882975692339578,-1.0157202
B83698,-2906.827336454806,-28.76775315293691,-0.9957057
B83699,-2927.7750421557034,-22.475506070190313,-1.0014956
B83700,-3500.079217634643,-749.302021975824,-0.9957058
B84001,2438.911756368359,-503.57816359643795,-0.32604095
B84002,560.7509452929677,151.21763414842135,-0.32604095
B84003,2841.109603660671,323.08781380814355,-0.23703487
B84004,9612.402301821328,-549.214740530537,-0.32604095
B84005,3853.797674536272,1323.2756813212948,-0.32604095
B84006,7008.651028395857,59.55348796078443,-1.0847119
B84007,1445.8380267185937,634.3579370150774,-0.32604095
B84008,7719.507613271361,2047.2621884565917,-0.23703487
B84009,4611.0881596568715,178.9005363098773,-0.23703487
B84010,4459.191463821256,294.42545888537774,-0.32604095
B84011,6633.623661694787,1164.150795574376,-0.23703487
B84012,3431.6253705968525,-9.333074504256237,-0.32604095
B84013,4845.21985360032,616.7496716367464,-0.32604095
B84014,606.8836792241844,-569.3270057313398,-0.23703487
B84016,2387.576496526543,1410.2116821232073,-0.23703487
B84017,-1637.817609668467,-204.18288253909859,-0.22093855
B84019,2890.0851676927846,650.0166020141022,-0.32604095
B84021,2973.0614299950207,638.4903389277281,-0.32604095
B84610,-81.44040945304158,200.5130765446308,-0.32604095
B84612,2995.769605233333,1830.1030746109313,-0.32604095
B84613,3021.5627171123724,1122.499610395662,-0.32604095
B84614,-1774.8024407287783,-74.24957468017818,-0.27518034
B84615,-1072.6689896388152,273.51235615455334,-0.23703487
B84618,4714.975943976756,472.2561254899392,-0.32604095
B84623,-967.2621073135273,389.81053495913085,-0.23703487
B85001,1411.3999545440283,295.4399002841206,-0.23703487
B85002,-437.7141200798708,-68.20468952692795,-0.9236532
B85004,185.2636603786041,301.65450428827836,-0.23703487
B85005,1503.389639047932,-135.31907615022328,-0.23703487
B85006,3329.629952299579,1368.7225767938337,-0.23703487
B85008,168.6727274165676,272.174201222852,-0.23703487
B85009,3234.079326693754,1323.9869795292027,-0.23703487
B85010,1302.6121339752312,605.6431157566623,-0.23703487
B85011,-501.79182002420293,-1328.1384011350433,-0.2031278
B85012,5067.944595578895,1334.2275787002068,-0.23703487
B85014,6306.14831203036,1258.3449652459256,-0.23703487
B85015,2995.1508376008715,-69.82819009202466,-0.23703487
B85016,2988.637893222576,1005.6922791154725,-0.23703487
B85018,2976.7596532370717,175.62002778076385,-0.24763085
B85019,6782.988524325277,543.4855773909338,-0.23703487
B85020,3128.802920081816,455.73491945780194,-0.23703487
B85021,4655.334108673683,1095.430541204365,-0.23703487
B85022,2000.6757153846124,496.25200444892954,-0.23703487
B85023,671.2321983500817,580.0704851479445,-0.23703487
B85024,3396.014863451951,490.9120505590729,-0.23703487
B85025,3337.8555612254972,-213.2646233786367,-0.23703487
B85026,1156.6615601975939,107.35492327102698,-0.23703487
B85027,2181.940243873025,1000.8174764652466,-0.23703487
B85028,10328.5962486512,1228.6007886936236,-0.23703487
B85030,2262.2490957499526,546.7564888122542,-0.23703487
B85031,1575.8447584302735,593.4988515942086,-0.23703487
B85032,155.40190292988345,298.5761835593665,-0.23703487
B85033,-244.61085543129016,331.6727885416399,-0.23703487
B85036,2270.2051079596026,281.9525425170301,-0.23703487
B85037,1560.3026991528798,164.61619508084027,-0.23703487
B85038,927.1014735541421,228.54710160242476,-0.9236532
B85041,4422.780419168366,1160.176351354869,-0.23703487
B85042,2041.0167538524006,144.5035274138483,-0.23703487
B85044,-1199.6578731101117,365.26079130703675,-0.23703487
B85048,539.9768203542169,930.1714016708272,-0.23703487
B85051,2194.8125759962163,790.8923255151792,-0.23703487
B85054,2685.069459037317,2103.886252997244,-0.23703487
B85055,3598.613262859426,1967.1454017337223,-0.23703487
B85058,-1408.3352076825113,303.16631451148226,-0.23703487
B85059,2.623191931563374,490.2271811071137,-0.23703487
B85060,-538.5359498223964,-135.6600528376069,-0.23703487
B85061,3240.663952888098,533.520398000462,-0.9236532
B85062,-2280.4391341834225,92.30880234425479,-0.23703487
B85606,1862.9004129538396,-51.4618666710951,-0.23703487
B85610,2067.3007727609665,957.5545775481869,-0.23703487
B85611,-361.0738138218115,635.8672104184058,-0.23703487
B85612,-39.139146242128376,40.31991988051406,-0.23703487
B85614,1825.4895241833333,1038.4800612179788,-0.23703487
B85619,-554.0184743140773,312.6933218027923,-0.23703487
B85620,-1191.88853842903,-66.60060148396147,-0.23703487
B85621,-1206.7163648614683,-68.99525830403307,-0.20846504
B85622,-534.7198839474603,158.35502700868352,-0.23703487
B85623,-1016.1035317014156,509.7058510243285,-0.23703487
B85625,-3156.553344135484,-914.89012530145,-0.2031278
B85628,-2510.9993735691965,-747.2117187165496,-0.2031278
B85629,-1527.0548559256083,-85.07379451539583,-0.2031278
B85634,-1136.2541581382916,445.2783214016474,-0.23703487
B85636,-1290.5999086328889,-27.41911473020704,-0.23703487
B85638,-1061.6463268917228,-521.5391933866342,-0.23483092
B85640,-742.2288114584726,-210.91868315900243,-0.23703487
B85641,16.57536487299796,-77.37116150987113,-0.23703487
B85644,-1529.0547936457174,73.56302790021813,-0.2031278
B85645,-1378.0337003993302,-284.6636612055618,-0.23703487
B85646,2158.8298569626686,703.68621243264,-0.23703487
B85650,-1503.0381133413996,176.58080716011523,-0.23703487
B85652,2368.648823246325,445.63497197255026,-0.23703487
B85655,-940.1127238660349,-32.00790597101865,-0.23703487
B85656,-3042.3165480737575,-55.90252010605747,-0.27518034
B85657,-2978.382191406793,-7.133894602774856,-0.221722
B85658,-2967.9605234076585,14.489876987365632,-0.23014751
B85659,-2429.5415375617235,60.31069418540737,-0.23703487
B85660,57.22960923081382,349.80872444671616,-0.23703487
B86001,-1185.619428459907,-109.13884226615866,-0.24763085
B86002,3070.546591226789,358.516728976123,-0.24763085
B86003,6498.485420239998,478.9938870058517,-0.24763085
B86004,802.1607429792241,-45.43008481261849,-0.24763085
B86005,-117.27393480830969,469.9990983661193,-0.24763085
B86006,4848.201511878441,851.0990298181159,-0.24763085
B86007,3456.866002697301,560.1685695993879,-0.24763085
B86008,5484.339107043968,2473.0354678044823,-0.24763085
B86009,1719.5316661836666,152.63718421679613,-0.24763085
B86010,4784.268156228438,437.8299717079171,-0.24763085
B86011,1316.9183009016194,20.0140643871782,-0.24763085
B86012,5389.81619211168,1076.3146204383504,-0.24763085
B86013,5652.055018448905,1178.901841082478,-0.24763085
B86014,5816.971127751266,471.85814297147795,-0.24763085
B86015,9080.726074181926,1429.0818263039437,-0.24763085
B86016,9141.9218062486,461.27766748930173,-0.24763085
B86017,2750.98057206365,476.8199729265222,-0.24763085
B86018,3368.3211876801497,206.00125507031785,-0.24763085
B86019,1142.7867964949428,-831.1587973305191,-0.24763085
B86020,3596.2208576511744,567.9524539747102,-0.24763085
B86022,4767.16532765656,941.0832194644859,-0.24763085
B86023,-29.532810206732663,-62.725183060200436,-0.24763085
B86024,4838.009381233597,550.7165293816046,-0.24763085
B86025,2227.526853551869,437.75996030948573,-0.24763085
B86026,-460.1351492337693,-430.02590029528153,-0.23915409
B86028,-164.6080920928111,560.5364547465706,-0.24763085
B86029,-188.38166842176,-57.330168777630924,-1.021136
B86030,2691.0399709350318,507.92939940858923,-0.24763085
B86031,-298.80310585148015,666.8703244696475,-0.24763085
B86032,7955.858978222773,3222.4882159385384,-1.021136
B86033,7032.262732989234,2616.26201807597,-0.24763085
B86034,1292.6633814700615,-78.76489176207933,-0.24763085
B86035,2784.360721781572,256.49491511686534,-0.24763085
B86036,3620.8251570061016,-23.900485929250305,-0.5443178
B86037,-1578.3673300721327,-284.9289543648811,-0.5340668
B86038,2267.8664382758307,0.26683296185048977,-0.24763085
B86039,106.42017816411484,-235.59075503977667,-0.24763085
B86041,477.00323470476695,94.80843235577647,-0.24763085
B86042,7895.867131719992,158.0170191240318,-0.24763085
B86043,4067.7628280395484,715.6695494419698,-0.24763085
B86044,7743.6370465708105,-458.36084456359976,-0.24763085
B86046,1557.520164772043,146.40607717180148,-0.99570566
B86047,-262.01127104948466,-271.20149819257233,-0.24679603
B86048,8041.290796122533,768.8707891275538,-0.24763085
B86049,1488.0285208663113,-175.05680228721798,-0.24763085
B86050,8534.91320106677,258.9816541984192,-0.24763085
B86051,675.6221287900148,788.3320661410368,-0.24763085
B86052,3302.1127992354945,3.827836798158211,-1.021136
B86054,3421.8242537896153,159.43214255487996,-0.24763085
B86055,1506.4815416312208,405.33366515227976,-0.24763085
B86056,-39.97429803344086,-602.181634224059,-0.24763085
B86057,6963.260113683147,1044.009080550512,-0.24763085
B86058,-677.2709965711186,31.70527955546421,-0.24763085
B86059,5667.2563600426265,730.4241365444383,-0.24763085
B86060,2566.912175658209,-105.55687180268687,-0.24763085
B86061,-268.50509095312674,224.06108688166168,-0.24763085
B86062,4672.810813576982,255.0387615017888,-0.24763085
B86064,5403.738143906474,860.6340917478336,-0.24763085
B86065,-334.0838134077904,-358.62702998966535,-0.2391541
B86066,3316.7136257926027,161.22332845820372,-0.24763085
B86067,7871.5999455611,980.8389288917384,-0.24763085
B86068,1886.5938744501602,1067.2622389205917,-0.24763085
B86069,1754.858842297094,-110.31709649467803,-0.24763085
B86070,253.8709707582849,115.77211061813318,-0.24763085
B86071,468.7513993907535,229.5266353012341,-0.24763085
B86074,-697.3593233836075,-106.4232536430336,-0.24763085
B86075,5461.734147646665,839.0552072751965,-0.24763085
B86077,472.89192889265036,-919.1058623391607,-0.24735808
B86081,5159.948075412995,464.6358845016052,-0.24763085
B86086,-358.54630221709925,228.85803843726273,-0.24763085
B86089,1043.9744910748987,-164.73499733720283,-0.5443178
B86090,-2607.427961853236,-704.7133811198838,-0.23915409
B86092,1007.7124037367109,952.9782225310928,-0.5443178
B86093,23.630097150943527,246.83419518043755,-0.24763085
B86094,162.60483512381424,374.0525675614891,-0.24763085
B86095,-882.0311172452346,-105.15563500317269,-0.24590902
B86096,817.5203255391458,-280.9892214563906,-0.24763085
B86100,1150.6173488436962,475.2085139145714,-0.24763085
B86101,-82.31645196741692,59.46663435357937,-0.24763085
B86102,-1825.564747322529,-664.0538496463806,-0.23915409
B86103,-1555.9951881581308,85.50045701448832,-0.24763085
B86104,1309.4440727658202,1152.6025748934649,-0.24763085
B86106,96.62838780077635,68.9425296676141,-0.24763085
B86107,348.3759489067824,-120.86138390780604,-0.23915409
B86108,-1149.5532932383999,-106.7801309116488,-0.24763085
B86109,47.53849248522791,207.6069336327767,-0.24763085
B86110,-1840.3613593883458,85.6419321341036,-0.24763085
B86623,-1747.6442172714708,-157.26724451679243,-0.24763085
B86625,-8.885916151500883,-509.93306773632713,-0.24763085
B86633,-999.2732599462776,-197.3551912775811,-0.24763085
B86638,-2426.070194000011,-703.2477033513102,-0.2391541
B86642,-1292.150274863521,186.88173079676216,-0.24763085
B86643,-639.6095024985104,349.2691662359867,-0.24763085
B86648,-1268.7871844356453,163.9284078076895,-0.24763085
B86651,-2812.341976903533,-875.0009271061301,-0.23915409
B86653,-3862.4350642165473,-1407.4861824531938,-0.23915409
B86654,-157.1861495505794,179.23384203927338,-0.24763085
B86655,-1777.4469600196935,-73.84405647179551,-0.24763085
B86658,369.1121052734238,672.1356855958693,-0.24763085
B86666,404.82537283499147,413.71951706100873,-0.24763085
B86667,-251.28988095499315,472.45925015847905,-0.24763085
B86669,-2381.3717528618095,165.0469865529544,-0.24763085
B86670,-2511.607510599581,-321.14866073777125,-0.23915409
B86672,491.5666310756526,681.244070538958,-0.24763085
B86673,108.16597499511646,227.82873548917496,-0.24763085
B86674,-2909.451397134941,-0.5113494451513212,-0.24360676
B86675,-61.296835912963004,174.7997330923337,-0.24763085
B86678,-625.2398186200995,281.0134194556525,-0.23703487
B86682,-1206.4013571580517,-132.81779925059382,-0.24707986
B86684,-2977.0478513632156,-13.329904004634244,-0.24794097
B87001,3915.195085640034,537.3742455676833,-0.9236532
B87002,3520.5943977843517,419.68843345290975,-0.5443178
B87003,4292.311901968552,122.07396856642005,-0.5443178
B87004,3106.8172248092574,-27.888642459173703,-0.5443178
B87005,4588.915882193385,39.79361605298175,-0.5443178
B87006,6597.042581914933,246.88410961356504,-0.5443178
B87007,4862.43220417214,-179.69749078452386,-0.5443178
B87008,7774.3639419261945,-212.45402567121022,-0.5443178
B87009,2331.6343281431577,-475.5903994068836,-0.5443178
B87011,6233.536621798804,-491.7143226991355,-0.5443178
B87012,2745.8842973224837,-628.2882597666246,-0.5443178
B87013,4895.828556355685,96.79317814941615,-0.5443178
B87015,4719.906601335013,981.319271000571,-0.5443178
B87016,16272.955346160556,1459.7709367642706,-0.5443178
B87017,7313.325022457159,3343.2943738128465,-0.5443178
B87018,2332.8301874065824,476.31756996696936,-0.5443178
B87019,797.7133886404068,-91.69268615622222,-0.5443178
B87020,3016.0773358064307,560.3685384541458,-0.5443178
B87021,10155.16029201289,-774.2081994222472,1.4710342
B87022,1391.1288414926996,-178.38521027808304,-0.5443178
B87023,8848.15607072798,-1735.364310014464,-0.5376575
B87025,2388.6298780101547,683.4723125877898,-0.5443178
B87026,11746.550542347528,-1390.0261144385643,-0.5443178
B87027,3696.6752072926524,124.8414830465576,-0.5443178
B87028,5549.4771577197025,-234.4109075947289,-0.5443178
B87029,994.5921846765565,-892.6241865616709,-0.52736425
B87030,10979.333117707476,4811.7435682500545,-0.5443178
B87031,3270.3599939827336,378.2643522764716,-0.9236532
B87032,1546.502975381818,468.21643934558574,-0.5443178
B87033,50.375786450897856,18.159616255109444,-0.5443178
B87036,356.24285165078345,-205.06604462756556,-0.5443178
B87039,5664.30277966857,835.3682839482641,-0.5443178
B87040,1860.6765074445323,-79.5328148332421,-0.9236532
B87041,-950.484804363344,-298.8813983621893,-0.5443178
B87042,889.0998890986633,-92.43178305137911,-0.5443178
B87044,-902.6958259116369,445.42069361024323,-0.5443178
B87600,-739.8508561144051,193.77662467484157,-0.5443178
B87602,-1011.3748329203643,-209.1590169782764,-0.5443178
B87604,-951.6431755931866,-337.57208318840964,-0.5443178
B87614,-2552.4435496800793,130.83210712827005,-0.5302464
B87616,-2902.256117274404,29.496384809412334,-0.53173107
C81001,5256.228455556975,731.6076644345043,-0.6714693
C81002,8232.650048096453,2743.7666282760247,-0.37478238
C81003,3414.7927004947846,303.40218298969984,0.6021653
C81004,3213.394081894022,-334.1173972455104,0.47077534
C81005,6277.6190707884825,1663.6177518331378,0.47077534
C81006,3540.393432814199,601.5749966713855,-0.3663056
C81007,1039.8238576040135,-137.34630207429942,-0.3663056
C81008,6185.460973429384,1842.0379146406212,0.7717007
C81009,2755.614148922397,91.0061949935604,-0.3663056
C81010,3665.96957080641,-406.93658455665945,1.1192483
C81011,-1606.5369750251325,-2867.3144604151244,-0.67146933
C81012,6300.326579566076,-214.23419885030256,-0.37478238
C81013,578.7583693560059,-171.2521156171663,1.5600402
C81014,2958.6048537893535,-265.22061896213165,-0.3663056
C81015,3064.2499795705858,-462.9202480864792,-0.37478238
C81016,2034.0552680734254,15.862381684863381,1.5600402
C81017,3961.611211804887,-69.5701706308816,0.47077534
C81018,4343.201431938294,438.73712477522696,0.47289455
C81019,-207.35441052150847,-228.5586979733281,-0.36855456
C81020,2415.940877497974,62.78045027041318,1.1849431
C81021,4322.569131464763,663.8865002128696,1.1192483
C81022,-1183.3303240949272,-142.08946674443953,1.1192483
C81023,1262.1392639560695,-60.99016872706693,1.1192483
C81024,16351.569612032748,2871.944735954506,-0.38325915
C81025,5681.1401845009495,281.89736266257654,-0.37478238
C81026,555.3915079655964,-270.7318443034048,0.36057737
C81027,600.0351686160042,376.71333561522005,0.47077534
C81028,1216.0061876015495,17.20618473728061,0.7717007
C81029,13281.745960956532,79.45448864950895,-0.580344
C81030,4346.364679347656,709.7382149784911,1.5600402
C81031,1220.9769757345334,249.22373333843987,0.36057737
C81032,4535.143313212325,664.4525130796852,1.1849431
C81033,10544.581291430944,-1.1294298199902757,-0.67994606
C81034,1697.4348424542045,361.34780885125946,0.8946138
C81035,3818.7660968015907,-33.13957232548455,-0.3663056
C81036,-866.8365573031901,-386.22323461062894,-0.3663056
C81037,3231.4342044645214,708.8065564671334,1.5600402
C81038,3194.273407027616,8.429057258228339,0.47077534
C81039,42.843492047077255,124.24259603062062,1.5600402
C81040,-73.11414112634014,-0.36014347427143795,-0.3663056
C81041,7047.637180426379,559.5907463670497,-0.6714693
C81042,1591.9487472447552,-0.13228589438313365,-0.3663056
C81044,2726.711305377998,378.1949766201304,-0.37478238
C81045,6050.245313185202,1619.536843773583,-0.37478238
C81046,1127.2839275071897,-46.84791986237446,0.36057737
C81047,3998.491090740465,565.7099323120898,-0.3663056
C81048,2143.832937748839,-175.85935937349788,0.47077534
C81049,2652.163071461069,296.1265494995654,0.36057737
C81050,5809.092083136605,320.6305659881848,-0.5814036
C81051,4921.107867875819,456.97843452624414,-0.3663056
C81052,782.9241908082356,87.42528544286655,0.36057737
C81053,1331.738929638398,393.973697421961,0.7717007
C81054,4514.987754431183,405.79220453341196,-0.3663056
C81055,453.330758366289,-0.6596193501269376,0.7717007
C81056,4577.7212285237965,597.830116016432,0.7717007
C81057,845.5200179618979,34.87489838576198,1.1849431
C81058,3259.69769746214,166.82785405974028,-0.37478238
C81059,12.058851809334254,105.53653958285844,0.47077534
C81060,1228.5608623461246,372.1078967102819,1.1849431
C81061,3520.869254791555,-406.4391337787244,1.1192483
C81062,892.8641338619599,266.78814874609515,0.47077534
C81063,3706.9431643405596,805.348597876046,0.8946138
C81064,1905.482144332575,-37.41650118421778,-0.3663056
C81065,963.4227833646498,51.029745922679204,0.8946138
C81066,2506.040381743605,-104.94104386819026,0.36057737
C81067,1355.1967769608573,323.7160505739372,-0.37478238
C81068,2733.0433727532813,308.3046283826476,0.36057737
C81069,2866.732981484282,307.05009507401553,0.47077534
C81070,1805.338912086064,134.57544272823543,-0.37478238
C81071,4516.270364401832,12.795367705287271,-0.3663056
C81072,5554.211896806801,885.9387860049073,-0.3663056
C81073,2638.229653876498,378.47318045224824,-0.3663056
C81074,2541.2078692014707,-257.1450454118286,0.8946138
C81075,1889.573855139096,248.22164548153185,-0.3663056
C81076,-470.0556462160802,64.028282647333,0.8946138
C81077,-439.21673204190336,11.899107218370721,0.8946138
C81079,-2125.1524511542902,-637.8099239134398,0.445345
C81080,4042.4461210190802,328.13872018484903,0.8946138
C81081,6328.259846531146,-558.7334204138168,0.8946138
C81082,-200.14468686417223,-19.228772335382352,1.5600402
C81083,2447.437169356044,357.8349631850199,1.1192483
C81084,6445.3419221980685,2699.766991284987,-0.37478238
C81086,2668.009089704472,683.0767756373939,1.5600402
C81087,2941.848728430536,426.1700795381332,-0.3663056
C81089,1409.0656087233551,-63.03987172918312,-0.37478238
C81090,-912.5040660103108,-180.76135215187475,1.1192483
C81091,4121.80159879524,780.4059002121413,-0.66935015
C81092,1518.3328316122445,79.47257026784087,0.8946138
C81094,2041.4358905782742,251.65699051034215,0.47077534
C81095,-104.58327910040053,92.94653370930376,-0.6714693
C81096,1492.481151514208,408.5279169646704,-0.6714693
C81097,-126.29965963609378,-105.74059455417402,1.1192483
C81099,3436.586084274695,476.52799693642106,0.7717007
C81100,-394.9306959474312,-1372.5692997725569,-0.38234708
C81101,1769.0050020475908,162.74068551103113,0.7717007
C81104,-1738.7047595122185,124.04252749563419,1.1849431
C81106,1664.3575544522978,231.4198436237029,-0.9851098
C81108,3508.060069964763,289.14577836788834,1.0471957
C81110,2918.5514390080416,382.1057858215862,1.1849431
C81113,-301.5049085698965,258.14659895595383,-0.3663056
C81114,1260.239761363697,458.1532849223761,1.1849431
C81115,84.26145642888555,27.47496370980031,1.1192483
C81116,-1581.9552232855094,-1166.279134920412,-0.38325915
C81118,1302.9569542978356,604.8505604576113,-0.3663056
C81604,-1164.8797905773113,-246.37181969209036,1.1192483
C81611,-1273.4758534512614,-6.449040904209334,0.7717007
C81615,-1337.3411009101847,90.49790306239909,-0.9851098
C81616,-546.9515543889337,33.88335081366529,-0.3663056
C81617,-169.37049744257882,380.68084196361906,-0.38325915
C81627,-485.40373604900714,-652.5180269057614,-0.38325915
C81629,-1991.8110127906025,-699.998409851268,-0.38325915
C81633,-2370.5039554021596,-455.1659526536319,-0.38325915
C81634,-642.8612030174306,4.702920162324696,0.6021653
C81638,277.0089970263417,404.1430899893092,-0.6714693
C81640,-632.6534017570257,153.252682322461,-0.9851098
C81642,-1223.3938249095934,321.5714627756992,0.36057737
C81647,1368.4106743363564,438.1713266991973,0.7717007
C81648,-1479.6690178294746,163.97866009828144,-0.3663056
C81649,2065.1718819958123,783.309538618723,-0.37478238
C81652,-1369.6927685977341,157.67576874163277,-0.3663056
C81653,-1361.474742761637,117.02548535148524,-0.3663056
C81654,-1104.1013879508935,-284.68226114020433,-0.37916526
C81655,421.05760750691854,170.0714556909842,-0.6714693
C81658,589.4834985144167,795.5469924924663,0.7717007
C81660,-1142.5632758706781,-92.10271778452665,-0.9851098
C81661,-171.53904023583834,147.85888491808157,0.7717007
C81662,1991.6464240901284,603.956667040993,-0.6714693
C81665,-478.4794999519297,-758.4427502439962,-0.38325915
C81667,-2963.026111555917,-12.420041960003061,-0.37365213
C81668,-3086.911525819398,-95.82810046428379,-0.38325918
C81680,-2950.5454043719137,5.669065579251876,-0.38244036
C82001,5440.158554903987,2782.0163773539616,2.119507
C82002,1531.8234044410774,248.34645617742007,1.4350079
C82003,5776.388820622104,951.8743643347777,-1.1588835
C82005,2533.3997702018714,121.89109766857221,-1.1588835
C82007,2454.1199141687134,274.6073038742856,0.36057737
C82008,2453.267794189351,801.4666446232139,1.8503696
C82009,17198.88302286247,2090.167767497902,2.119507
C82010,12041.845628261166,538.8638416423527,1.9923555
C82011,2047.8419469441872,128.2824836513672,1.3078564
C82012,5176.147616311227,288.60097201278876,1.0471957
C82013,4591.91839768633,-396.35226316149175,1.4350079
C82014,6943.757758727138,48.716632297170165,1.0471957
C82015,-1789.249032023763,-622.5519193443015,-1.1714965
C82016,2029.2531875398743,513.6710454463642,1.3248098
C82017,6285.695956976399,306.4489621739706,1.0471957
C82018,11272.049394774838,1105.4929065502665,-1.1588835
C82019,1219.4984155287614,334.73215341773516,-1.1588835
C82020,-858.1716630214316,234.90227375194857,-1.1588835
C82021,1604.3779654820473,128.78056717664003,1.4350079
C82022,2127.2438278643317,497.8740490230566,2.119507
C82023,-1140.6005278999883,-765.1943604087056,-1.1731684
C82024,8736.067094282462,-828.4766402387934,-1.1588835
C82025,2418.6380907532093,147.6619828194468,1.8503696
C82026,1066.9435085515147,-187.00172926576124,1.3078564
C82027,2914.336427818673,181.09020572605854,1.8503696
C82028,2759.329773395802,203.1207857993217,1.8503696
C82029,6536.29021872244,805.8259572344676,1.4350079
C82030,759.2024970279128,197.63691195631066,1.4350079
C82031,3017.748534281419,318.87650062609094,-1.1588835
C82032,116.39908818527486,263.1472090526828,-1.1588835
C82033,2825.975869240979,161.0906865148317,-1.1588835
C82034,766.7670433766046,245.42771665994405,1.3078564
C82035,501.3438759912561,-21.583012905894563,1.3078564
C82036,6698.264583090864,35.455172007499655,2.1160634
C82037,5128.916825151833,-179.59419886910433,-1.1588835
C82038,13582.785160360861,1159.6416983216338,1.3248098
C82039,5081.058054582136,1127.9186051289105,1.8503696
C82040,1913.7165900305197,368.8344267278352,0.36057737
C82041,4593.378835560712,1406.6676359959931,1.3078564
C82042,3893.8996180961194,918.6002442339504,1.3078564
C82043,7136.499375663018,-52.3550246471631,1.392624
C82044,2284.205084796992,314.9275797525168,1.9923555
C82045,864.5936745364954,6.473034143471234,1.0471957
C82046,6916.20639387661,2385.271878145007,-1.1588835
C82047,6027.206485479175,1225.6481052145916,1.392624
C82048,-799.3367574528453,230.90123792841575,1.4350079
C82050,5997.06222967324,2947.886870880127,1.0471957
C82051,5811.018322939119,1075.747409405382,1.392624
C82052,-391.1829572755509,126.26576940893474,1.0471957
C82053,3522.1653009350634,857.7238764339261,-1.1588835
C82054,6351.852460029751,883.0872485379296,1.392624
C82055,3966.9925799251823,358.0165378898478,1.8503696
C82056,4697.721226316278,186.0607373180883,-1.1588835
C82058,-1019.0106852419157,-1346.6469279559026,-1.175837
C82059,-1982.4084572345205,-111.70665879850415,-1.1588835
C82060,-817.4837501223931,297.2814113547112,-1.1588835
C82061,5077.826828500466,1307.092884511132,1.392624
C82062,956.4326606484855,-18.136162175138193,1.3078564
C82063,2861.6185229705484,-505.44261445715347,-1.1588835
C82064,5390.474252006992,365.298852174216,1.0471957
C82065,-2232.1256543360473,-167.46459319374972,-1.175837
C82066,4896.791093831774,503.52866975233917,1.8503696
C82067,1318.656956432978,55.375209507778095,1.4350079
C82068,5527.479801032512,-50.72506410448533,1.8503696
C82070,1129.2240027327443,290.3188667813848,1.3078564
C82071,4925.108313088846,1477.8644837189602,1.4350079
C82072,1471.9607499502367,-787.6178223106674,1.0471957
C82073,5638.318065805418,-270.13205303619907,-1.1588835
C82075,5130.145177604007,492.8838340476692,1.392624
C82076,1596.4490452629948,633.0329556190095,1.3248098
C82077,7757.002821507724,1250.7951648908083,-0.49981472
C82078,2593.103970189521,606.4001200023501,1.3078564
C82079,1009.5270988019337,-200.63365020813222,1.4350079
C82080,-73.49659708181213,360.33820210365747,-1.1588835
C82081,-1840.6316214591961,-699.4970698975767,-1.175837
C82082,1803.1349426565096,-189.91917754072418,1.392624
C82084,-1329.1036666201574,97.38918915024371,-1.1588835
C82085,-5729.987845484876,-3491.9119488030187,1.8503696
C82086,1733.3412342309664,540.991782942818,-1.1588835
C82088,2845.6788751137337,-338.86986853730946,-1.1588835
C82091,3524.461907216849,-401.20554829818315,-1.1588835
C82092,-833.7240322166945,240.15156310719476,-1.1588835
C82093,4659.353072367733,821.6347403930183,1.8503696
C82094,515.3165499341892,41.20513966847487,-1.1588835
C82095,2539.555220589854,1099.8767582977807,1.3078564
C82096,2299.6250419576622,317.1608817314463,1.0471957
C82097,-2499.705516399783,-25.228812622675783,1.3078564
C82098,1220.7083713305378,183.32862286526537,1.8503696
C82099,-98.45965285795616,383.8965826514439,-1.1588835
C82100,1280.0874768411054,320.53483424848133,-1.1588835
C82102,-147.7830456146629,35.39710179239856,1.0471957
C82103,2315.726947759489,449.7406751549721,1.3078564
C82105,-2368.203787624694,-241.10293693259464,-1.1588835
C82106,-1225.4956304292934,-104.1816322982877,1.0217654
C82107,2180.278643965542,1796.286784873754,-1.1588835
C82108,-2215.2652677740566,-1159.3894258762728,1.4180543
C82109,-10.667842778142239,55.088883403750614,1.4350079
C82111,-2490.3906183856816,119.35306693932036,1.3078564
C82112,-83.7456905323281,-57.42686145366852,1.4350079
C82114,-1614.5539953192579,-20.569763035517465,-1.1588835
C82116,-875.3826648680753,-151.4998666930461,-1.1588835
C82119,-1130.366605055406,-140.48015038978392,-1.1588835
C82120,-971.3343328105831,197.57233865320563,1.0471957
C82121,5489.036197470736,1120.236932773086,1.392624
C82122,-525.6102764485713,257.90308332065416,-1.1588835
C82123,57.141303067770835,457.70822273539994,1.2985126
C82124,-1215.4583195545704,663.8720393732126,-1.1588835
C82600,124.32379449868093,329.93047092203017,1.3078564
C82610,-1001.7700484172398,117.23562234216834,-1.1588835
C82611,174.6676366554956,264.22152654003077,1.8503696
C82614,-616.9126849973721,572.9319917166955,1.4350079
C82620,-1484.4348288061203,81.50691510584127,-1.1588835
C82623,-656.345627287838,511.3628974584558,-1.1588835
C82624,332.1001410991756,31.08691671995619,-1.1588835
C82625,-2789.4177250348553,-1274.310658096675,-1.175837
C82626,-1460.3915219103305,-261.6307851262494,-1.1588835
C82627,522.4992925480894,557.0158096707661,-1.1588835
C82628,-954.6183877014195,439.16304636789727,1.8503696
C82631,-604.0206337892276,218.4870438345135,1.8503696
C82634,-1082.1465470478906,294.99201630779964,1.8503696
C82639,316.88715261955997,250.79614596153195,-1.1588835
C82641,-1386.1136906732922,119.01759724130007,1.4180543
C82642,2296.7775328507937,-825.737925695846,-1.1588835
C82643,3897.7768751360045,1428.822263684558,-1.1588835
C82644,-392.2154772350989,481.8827733844285,1.3078564
C82649,254.52203970449358,935.2093149183087,1.9923555
C82650,-217.63841931471387,418.15843960752443,1.8503696
C82651,-347.47950845755264,28.902537861244074,-1.1588835
C82653,-2019.479810671767,-50.21466376065198,-1.1588835
C82655,-2366.4934236075546,-405.18666697664173,1.0217654
C82656,-625.7310228851649,397.5344948396163,1.0471957
C82657,-1970.69278782253,-47.30766689009568,1.3078564
C82659,-1156.5179540092638,367.27518219176744,-1.1588835
C82660,1234.6802640784354,-132.79824601201904,-1.1588835
C82662,-1543.8299019319068,-64.3946467329136,-1.1588835
C82663,-517.4980094966953,114.19886258656378,1.0471957
C82667,1291.764107950493,-554.1976776313533,-1.1588835
C82669,-895.9794159199232,-113.25154477219064,-1.1588835
C82670,-2249.763464141787,140.51253717295896,-1.1588835
C82671,-903.3784803037361,458.40890881709345,-1.1588835
C82676,169.31850619958578,306.2566023515122,1.4350079
C82678,3130.8918983732574,-28.895187062414674,-1.1588835
C82680,-160.66006696638968,397.7427743929173,-1.1588835
C83001,3586.147207070344,864.0707001957295,-0.75623703
C83002,3191.8833776478323,493.49347209574006,1.623616
C83003,12753.734856021714,2405.2633321720546,0.19104196
C83004,2842.8933856845483,140.53227201120671,-0.54855615
C83005,6014.861136677603,752.4381699773579,-0.9681563
C83006,824.3797664643503,343.35816548454574,-0.96225274
C83007,14777.792808978786,7637.092431093737,1.9923555
C83008,1290.3172832244686,-138.4426675853651,1.1722281
C83009,4842.308777566154,885.6193136825208,-0.75623703
C83010,4575.372614645637,1256.5473921521132,-0.54855615
C83011,5252.344166273153,517.7096568833774,1.623616
C83013,5226.301966635744,17.998336543542507,1.623616
C83014,4057.8835568471864,559.7556184680475,-0.75623703
C83015,6950.231243009335,278.2881500375332,-0.54855615
C83016,-1299.993568574274,-176.68297840681322,-0.78691715
C83017,5773.416065584814,-2079.8001223144624,1.9620966
C83018,7830.08558731132,3585.2119309023024,-0.067499496
C83019,27444.138204252886,1197.5053858498272,-0.9681563
C83020,6676.325871855648,936.0386726611805,1.623616
C83021,-146.9323747868392,-239.09888712644405,-0.9596794
C83022,18112.611598031315,867.8531258164163,0.19104196
C83023,14641.2714257011,1925.1429897185196,1.623616
C83024,466.6648583153202,223.27545840235967,1.1722281
C83025,4951.738776728808,1611.673668327333,-0.75623703
C83026,16775.59175205335,2088.297632851914,-0.71597236
C83027,6087.509018023786,799.9887699894738,-0.9681563
C83028,5425.087297514157,34.67488264451229,0.19104196
C83029,2922.4087225396634,-13.937095518372466,-0.75623703
C83030,2536.9558122854346,678.3664120890538,-0.54855615
C83031,10266.227742455296,855.6156117541004,-0.75623703
C83032,4910.785915604397,208.05801208340165,-0.9681563
C83033,1032.3543190975713,490.74977920471866,0.12322781
C83035,7222.830110525898,678.5198827561894,1.1722281
C83036,8217.542203935343,1911.7517430675218,-0.54855615
C83037,4945.470693090605,107.59321445947859,0.33726624
C83038,4943.951975562745,38.25595754042444,-0.75623703
C83039,3508.586079583603,381.8535838068439,0.19104196
C83040,15666.734542486176,3052.2459271673365,1.1722281
C83041,2074.998758578848,711.9434224085124,-0.75623703
C83042,4969.069292125035,793.5508902715532,-0.9681563
C83043,7223.800202264301,700.3216884336948,0.33726624
C83044,5684.1227330215,1887.546406044718,-0.067499496
C83045,10235.582709228185,2789.081407069844,-0.9681563
C83046,1761.8293567182607,62.153101662369636,-0.75623703
C83047,4031.0970519699454,1087.423920263575,-0.5793091
C83048,4723.217587137226,566.4177798398416,1.1722281
C83049,4795.137698220463,701.6737140231294,-0.54855615
C83051,1805.1289241686625,1236.5634346152783,-0.75623703
C83052,-24.761770711617405,153.9464340994523,0.33726624
C83053,-1118.5989033748551,2.156964047320968,1.1722281
C83054,7328.107892398603,860.1876634508102,1.1722281
C83055,2825.7272270436997,805.1598665548789,-0.54855615
C83056,9487.745351470476,2283.01379890826,-0.9681563
C83057,2169.8818469513003,870.7549131108972,-0.54855615
C83058,2937.697682057047,969.5971300188652,-0.75623703
C83059,3289.0759678687673,315.8396405846902,-0.54855615
C83060,5352.527165477732,2830.324235879818,-0.54855615
C83061,6727.788676958715,1119.7307486424543,-0.5994168
C83062,888.0441740614917,969.169755874119,1.623616
C83063,17202.538116405398,1204.3513171954285,0.19104196
C83064,23830.677432987468,1790.1541149477507,-0.9681563
C83065,3996.8147103437163,417.74300689264277,0.19104196
C83067,2257.176491396397,211.34188716070017,1.3248098
C83068,-840.9058633501195,52.86081879026955,1.965478
C83071,3811.18390977043,463.87476837105135,-0.75623703
C83072,3836.5724930668257,919.3303071587919,-0.75623703
C83073,-135.11399703431925,-130.67390416258726,-0.75623703
C83074,1459.9864662786888,800.4250000117345,-0.75623703
C83075,2328.291254239695,589.8732938273412,1.1722281
C83078,4283.9239226885875,1450.364609364661,-0.75623703
C83079,37.11495458627279,511.2296059486881,-0.75623703
C83080,894.0933374344374,136.96305948189405,1.1722281
C83081,-2315.0619413909994,-1167.1560885652923,-0.8155744
C83082,3863.8783045212654,696.2419042780242,-0.75623703
C83083,5038.694566353994,654.3394515415529,-0.54855615
C83085,8533.90623725741,2683.8602373735853,-0.9681563
C83605,-468.6801756263825,210.40208535629722,-0.9618497
C83611,1618.8545402364741,651.6161969436712,-0.75623703
C83613,2525.601779740436,631.4043814185002,-0.5994168
C83614,1501.1736320646758,811.1893316300625,-0.54855615
C83615,-1991.7426782141054,-784.0768476105296,-0.8155744
C83617,3502.1618746123913,1555.9562016047548,-0.71597236
C83626,631.1783700870043,1027.7916626125389,-0.75623703
C83628,-1718.0531881465436,167.03564254603697,1.2985126
C83631,-647.0699690523486,-870.8593679709716,0.19104196
C83633,420.24183847883756,298.2583724692866,0.15179765
C83634,1580.847548769692,1015.2179705329419,-0.54855615
C83635,2686.67933346698,463.53901918361646,-0.54855615
C83637,2356.4168443842495,2.4072336594474093,-0.75623703
C83641,1839.863446507542,951.740079228361,-0.75623703
C83642,-5588.41724759283,-3737.1362144869563,-0.8155744
C83643,-319.011365685862,14.77021339759012,-0.5994168
C83644,-1051.1597845633407,-718.5026250946872,-0.059022732
C83649,297.5490437556482,570.109193358369,1.1722281
C83650,1464.6176494560157,842.2852545796779,0.33726624
C83652,-1948.58286755289,-479.94237429901915,-0.8032727
C83653,-1515.6684988186148,497.1081581550389,1.3248098
C83655,-1941.5481584903473,-445.35110161606684,1.5981857
C83656,-2756.4584170963667,-64.01322185144375,-0.8155744
C84001,20539.10777842523,1694.2073714924857,-0.067499496
C84002,4066.927213797201,-547.7096445190365,1.1071761
C84003,-1155.0404539583903,-999.8094911856518,-1.2118634
C84004,1788.9944849164272,924.0571068864676,-1.2118634
C84005,5926.288739700765,992.5607866367969,1.3078564
C84008,835.1860672883638,-38.40714847346434,0.39236525
C84009,3758.0231786916315,866.860182363333,0.39236525
C84010,2586.4786759037693,707.5975897536258,0.9391169
C84011,1055.8062778327362,-75.13666771119877,-1.2118634
C84012,7951.7230678693995,1382.0698329790318,-0.580344
C84013,7596.6051641122485,3273.6380025848744,-0.067499496
C84014,4239.959076778234,444.90117619722,-0.580344
C84016,11989.766062477582,-536.663611959628,-0.67994606
C84017,14863.313861150415,652.6325305503253,2.1915596
C84018,1920.4918019354209,907.016327324256,-1.2118634
C84019,5942.313215331933,-146.789860099673,0.39236525
C84020,1777.1539418321568,395.5263684470886,-0.67994606
C84021,5632.764261139473,1344.429484176704,0.39236525
C84023,-1307.4949186331717,125.24142362971293,-1.2118634
C84024,19062.374075438172,3260.264516651253,-0.67994606
C84025,1833.646949124683,168.80294590163342,2.1915596
C84026,3654.8285100708904,539.563537312822,0.9391169
C84028,160.90720957198096,199.67301968065976,-1.2118634
C84029,9126.685923082696,456.3062440242572,0.39236525
C84030,1002.0074319559669,555.8627077676529,-1.2118634
C84031,-652.2375662658137,-118.71322581934305,-0.67994606
C84032,6651.505790131637,3632.5181343864465,1.1192483
C84033,2313.0777143601,-760.2023063191355,0.9391169
C84034,2964.4598392361163,463.05002610429744,-1.2118634
C84035,4074.3215695067647,407.1054169738103,-0.067499496
C84036,10705.606136765853,3463.634730067469,-0.67994606
C84037,5785.766499875177,400.4068796964802,0.9391169
C84039,1056.5781893894518,707.70144516898,-1.2118634
C84042,286.39705364073177,108.96995069468619,1.1192483
C84043,3830.0195148580415,612.253174904341,-1.2118634
C84044,787.4918318340722,718.4100084413275,1.1192483
C84045,3159.6624572523615,441.315101305481,0.39236525
C84046,3686.679797630293,-21.749219218985804,-1.2118634
C84047,4793.376798992767,331.9112004387051,0.9391169
C84048,3576.0323228069783,-298.7398369309286,2.1915596
C84049,7520.259334307003,976.6607792302981,0.39236525
C84051,9502.10066835799,2775.0935105697235,-0.67994606
C84052,2374.71389287648,-475.28100624782394,-0.061989598
C84053,6937.721714725837,128.3464946628895,1.1192483
C84055,2658.715465597177,210.22176240402342,0.9391169
C84057,397.39231803438224,350.3699337210105,-0.6714693
C84059,8702.180955446676,2507.6965614404417,-0.67994606
C84060,2158.084603949223,235.79475808065635,-1.2118634
C84061,1847.2605496256137,992.4729378946776,-0.580344
C84063,1583.4126882085448,796.3524573334457,-1.2118634
C84064,1480.5364556993918,508.1843874575904,-1.2118634
C84065,588.7102063134466,372.21664944406865,1.1192483
C84066,1638.4561208835298,268.939368464186,0.9391169
C84067,2420.0592968768274,-176.9067220539685,-0.580344
C84069,6318.589333513055,1365.416556933718,-0.67994606
C84072,2502.539377443604,1111.8484529123891,-1.2118634
C84074,1743.3266943858778,293.9162189804565,-0.580344
C84076,343.84540245181483,364.68501522984735,-0.580344
C84077,4283.198808846896,166.17358934148467,-0.580344
C84078,4060.8106571750486,352.7994854254247,-1.2118634
C84080,1783.8331875383424,633.1190360397278,-1.2118634
C84081,1874.4453262975148,-0.00888908449349677,-1.2118634
C84082,-3931.6989364828573,-1667.832553436162,1.2739493
C84084,2579.6006832203693,147.3168806296114,2.1915596
C84085,798.339452925464,287.3732210897517,-1.2118634
C84086,3560.5753769419107,1375.1280951594424,-1.2118634
C84087,2009.720264658104,439.63619250347256,-0.67994606
C84090,273.32856507457586,280.3060234200842,-1.2118634
C84091,1164.6497222180747,325.50490370580286,-1.2118634
C84092,87.8247429652709,699.7332402000432,-1.2118634
C84094,9191.967429980255,4755.292761490306,-0.067499496
C84095,683.1358169437431,435.2256585922113,0.9391169
C84096,-526.3126146504047,3.6969237940105133,-1.2118634
C84101,-516.223217859381,425.2282501854059,-0.067499496
C84103,-574.4014773793525,-162.5770384106937,-1.2118634
C84104,-1886.6058993665645,84.90532105475442,-1.2118634
C84105,773.6131561805671,445.77831114639247,-1.2118634
C84106,4147.386436390914,464.0604109032077,-0.67994606
C84107,1277.9341896812396,-982.5158272446347,1.1192483
C84112,-1672.4509420954525,108.9736634560221,1.1192483
C84113,1963.8356677604893,20.495040875266305,-0.67994606
C84114,3423.782194392414,2300.488584339527,-0.580344
C84115,-249.43369739978766,367.7463810634693,0.9391169
C84116,2292.3619604981573,116.85871529870559,-1.2118634
C84117,-1071.8280441535355,200.12025918642803,-1.2118634
C84120,2780.4168679217205,407.0792739474912,1.1192483
C84121,-2514.83254408795,-1181.7150003868373,-0.5633905
C84122,783.2386080455569,479.4579001576256,-1.2118634
C84123,-611.1183574269369,-66.44218213489987,0.39236525
C84124,3668.3096688124856,-631.7334878700624,-0.57979846
C84125,-640.14766302918,-581.0025109628426,2.1772747
C84127,1564.154176506715,-154.0723769182788,-0.67994606
C84129,688.6128963197998,451.7289672203519,0.9391169
C84131,956.9106616156238,374.7641540696172,1.1192483
C84133,528.0358168879646,291.60913772446304,-1.2118634
C84135,-937.6832559859322,141.7296101581674,0.9391169
C84136,-853.4394237012737,294.965742471489,-1.2118634
C84138,-1180.888454539464,92.49360233478156,-1.2118634
C84140,2134.4328219191375,224.58257107081963,-0.580344
C84141,-3693.923968811567,-1399.9851889505587,-1.2118634
C84142,1124.3519981322847,268.59028108706246,-0.580344
C84143,1247.6085386126317,306.47035202972256,-0.05902273
C84144,-943.2499300769276,107.55679810604863,-1.2118634
C84145,-2445.0202849746306,-205.16510434568266,-1.2118634
C84146,-392.3065282350696,93.40228869639243,-1.2118634
C84149,-1213.5061944064205,-853.0674475912284,-1.2118634
C84150,-767.7688428967641,-237.13007835271804,0.9391169
C84151,-1940.4127063867681,41.92189009857911,-1.2118634
C84602,-2309.062922437838,-221.73285190973704,-1.2118634
C84605,5506.307202868448,3889.838993044582,-1.2118634
C84612,-1329.7983010748762,-217.88504220121047,0.9136866
C84613,-892.0510875940861,329.55507838041876,0.9391169
C84619,-230.15008340188436,142.34173500642504,-1.2118634
C84621,-1404.747028684335,305.21309652635153,-1.2118634
C84624,-732.3231665217814,89.07825026344668,1.1192483
C84628,-597.7171084351335,154.11685118736116,-1.2118634
C84629,1574.4870524754417,231.58637233369475,-0.580344
C84632,-2066.2858618542446,-811.5055356714333,-1.2118634
C84633,-1941.7846520122905,238.17909330484383,-1.2118634
C84635,-1279.0004542842833,-97.72306031230951,1.093818
C84636,-1781.0260555790114,-15.263790021439908,0.9136866
C84637,1688.243171979203,-234.52497125911697,-0.67994606
C84646,927.650528808549,748.3229188176341,2.1915596
C84647,-1935.8139025136647,-184.60335452261685,1.1192483
C84648,-516.8763503633407,-468.06715142088234,0.40931877
C84650,-1590.654958404984,-57.67555531690751,-1.2118634
C84654,180.89221806388136,58.31389490119455,-0.580344
C84656,-580.9954906079497,372.5924165458429,-0.67994606
C84658,3312.342509187633,137.62135349252785,-0.67994606
C84660,-128.04856485753913,240.42793933163054,0.39236525
C84664,-1244.262729186688,51.81716932086618,-1.2118634
C84666,-1072.141345986665,80.75424184096951,-1.2118634
C84667,239.66072753662024,434.86440226832104,1.1192483
C84672,-1080.108553178122,44.78509572030488,-1.2118634
C84674,-1071.3308328947733,176.2104097377015,-1.2118634
C84675,-2611.1360769010375,-782.3209995967732,-0.67146933
C84676,-1349.3146513387721,438.9091236507086,-1.2118634
C84678,-882.0651436950021,-620.4399207265853,0.40931875
C84679,-583.6015450475579,115.84916634672508,-0.67994606
C84680,-1587.1011697949145,-75.1193962371778,1.1192483
C84682,-1695.9320961379372,10.745420522321252,-1.2118634
C84683,2260.5818619489064,544.6606940319771,-1.2118634
C84688,1988.111595059759,-433.19999625518534,1.1167438
C84691,245.14162266254246,79.43086454289951,-1.2118634
C84692,285.4016954932855,302.0491322654513,-0.067499496
C84693,-488.7761355420696,11.95323307855681,-1.2118634
C84694,-1419.0273500573533,-391.935275342665,-1.2118634
C84695,-680.5206325323203,223.20940334556462,-1.2118634
C84696,-975.031908068217,309.41211635933774,0.9391169
C84698,-1102.82337079276,-391.8094436412881,1.1192483
C84700,-1890.8263379602377,-656.3721084227859,-0.05902273
C84703,-682.7401636553158,305.1705343118414,-1.2118634
C84704,-325.1916761854178,25.497609659709642,-1.2118634
C84705,-11.323457381099743,671.9839238305963,1.1192483
C84706,-2520.3669044682265,-350.4773239416771,-1.2118634
C84709,1613.5610811141141,1353.0075584209508,0.9391169
C84710,-524.0770199832106,-242.58569257853298,-0.67994606
C84712,-950.2877765882856,-451.61909434274133,-0.57368374
C84714,-2602.711125997045,-10.055487719602331,-1.2118634
C84717,-839.9590832622914,190.88324441726954,-1.2118634
C84718,220.09918571481347,230.43069650065655,-0.5633905
C84720,-2869.4407402369407,3.0370357443335454,-1.2118634
C84721,-2889.735765013423,-6.83389135208857,-1.2118634
C85001,1496.7766038728698,54.02372752966441,-0.66935015
C85003,6554.777491722558,1140.8067180833075,-0.9236532
C85004,13235.051186911449,926.0046177257971,-0.9236532
C85005,3400.4979266470114,56.431679798641106,-0.5443178
C85006,2446.042811711159,-116.03914354830134,-0.9236532
C85007,9354.08250328311,1677.8922930803856,-0.9236532
C85008,9651.739987257895,189.0430039433734,-0.9236532
C85009,1665.5089068810535,766.9813186448191,-0.9236532
C85010,10598.530333417215,4958.680054374283,-0.9236532
C85012,-1714.8746922982743,-502.62514029589954,-0.52736425
C85013,9203.697587620067,2106.9254472852986,-0.5443178
C85014,6751.674383041662,317.7691882781862,-0.5443178
C85015,1401.9229628075323,253.07530207005513,-0.9236531
C85016,9248.678609241435,2214.7549282509513,-0.5443178
C85017,9521.430821622733,2585.2045077669763,-0.9236532
C85018,4245.835412171619,1146.3036853257645,-0.5443178
C85019,2011.4800935946407,1200.284137592903,-0.9236532
C85020,11170.168066963432,1988.9237409195534,-0.9236532
C85022,9308.9333972063,2942.261961309992,-0.9236532
C85023,7319.6269154169895,3410.2877310658087,-0.66935015
C85024,532.6693771975958,293.8110433443749,-0.5443178
C85026,2467.480256116088,-898.0991849179105,-0.9236532
C85028,763.129675901818,-204.09050054818647,-0.5443178
C85030,6731.196673207045,1074.8575277290643,-0.5443178
C85033,5170.447991527183,1347.6963073939414,-0.9236532
C85609,-1710.164803272114,-30.30430839093534,-0.63544303
C85614,-205.40377176082242,319.5379184611994,-0.9236532
C85617,-1230.479167862474,-783.2732699490554,-0.63544303
C85619,3079.366217584147,975.6625444016636,-0.9236532
C85622,-1160.5439873604448,295.91535872244236,-0.5443178
C85623,-464.5751520384911,138.81415460496453,-0.9236532
C85624,-1054.597913758197,-1010.5872012488884,-0.9236532
C85627,-1348.855837426639,-1754.138143290417,-0.52736425
C85628,-1892.2532597944478,-130.64846966478726,-0.5443178
C85629,-2840.104824666622,48.323467247811166,-0.9236532
C86001,8792.208964515397,2193.7116492306504,-0.8049784
C86002,3095.270607120304,35.9926788847991,-0.8049784
C86003,5977.577147296187,-501.7938844755594,-0.8049784
C86005,4017.853154657705,8.649512702730426,-0.66935015
C86006,4742.873472091329,-264.6202396316621,-0.8049784
C86007,6533.238730341236,724.9375721965187,-0.8049784
C86009,4413.121800722671,-47.02945400445456,-0.067499496
C86011,6561.334343088933,889.2297376005467,-0.8049784
C86012,584.1430297128381,424.3991947107059,-0.8049784
C86013,6889.525388214927,74.59102511195486,-0.8049784
C86014,1097.569773003066,-834.1560598236945,-0.7918298
C86015,4189.531181370995,73.49600348028008,-0.8049784
C86016,3792.622830904673,219.66862462512825,-0.8049784
C86017,4243.809135658546,244.77079591108793,-0.8049784
C86018,5823.543005954806,-455.67105919425273,-0.8049784
C86019,7757.156865527666,734.3185698490022,-0.8049784
C86020,5130.048061642698,-254.704767901865,-0.8049784
C86021,3516.038650261604,119.88690196907704,-0.8049784
C86022,4527.738835099876,393.0712740600672,-0.8049784
C86023,2135.3139541254477,225.7361543196646,-0.8049784
C86024,5026.878903267626,371.4413589732252,-0.66935015
C86025,2891.9955075013495,-472.0156633320386,-0.8049784
C86026,1049.9039255263062,-50.438664115319845,-0.8049784
C86029,6129.4832770844305,287.76014248625177,-0.8049784
C86030,-1366.302640506505,-115.08169494334024,-0.78844875
C86032,1966.5456395912004,165.46255030626446,-0.8049784
C86033,345.77412482423085,394.81697328741313,-0.8049784
C86034,3623.9679547775527,1012.5614239379204,-0.66935015
C86037,5525.273113809324,-178.97159410891015,-0.8049784
C86038,3757.9308820367482,236.3831717369017,-0.8049784
C86039,657.1364193812643,240.80151488890434,-0.7907287
C86605,1414.4151411932085,-261.48554558954606,-0.8049784
C86606,-658.3825282319289,361.3568287193302,-0.66935015
C86609,1256.568111700564,1597.932614835877,-0.8049784
C86611,1512.0894386834193,433.66721247527465,-0.8049784
C86612,-2292.0033666360227,-1131.092064766614,-0.7795481
C86613,534.8728361773217,482.64075902410787,-0.8049784
C86614,4938.675211556943,2360.8873419667466,-0.8049784
C86616,560.0857503367703,-689.5323787672361,-0.66935015
C86621,1540.8096974707332,-371.0769252372102,-0.8049784
C86623,-1722.4675323978686,179.53806648626022,-0.8049784
C86625,-1523.1620191425043,7.750344732588975,-0.66935015
C86626,-1727.8541506064967,-43.01370182129958,-0.8049784
C87002,16770.10249888229,3499.8254128236576,-0.66935015
C87003,6681.80757025446,-773.9422869662105,-0.66935015
C87004,6591.68450348711,23.61771323504557,-0.66935015
C87005,9797.194120743956,1233.9072226854664,-0.66935015
C87006,9723.442663038057,3270.9673773191757,-0.66935015
C87007,7499.257483680631,2677.847548884287,-0.66935015
C87008,8711.453847777668,1129.3679726066607,-0.66935015
C87009,4234.710211398223,1314.7208615940435,-0.66935015
C87010,477.0976789479835,-328.53008095354426,-0.66935015
C87012,5531.297904053362,529.0313638091282,-0.66935015
C87013,3537.2851737350293,38.020210105243955,-0.66935015
C87014,1500.1603903988157,142.09371592917802,-0.66935015
C87015,3297.1947498329428,325.2495880533107,-0.66935015
C87016,5603.941171771774,889.0149828542328,-0.66935015
C87017,7384.914655288667,379.25969673969996,-0.66935015
C87018,4812.401270080469,316.3142994147365,-0.66935015
C87019,-2114.9002487964476,-915.5690067290814,-0.63544303
C87020,2222.946322457892,666.1379479525216,-0.66935015
C87022,3621.1128310030294,245.63499052814154,-0.66935015
C87023,-725.8534532688866,-80.32282853950366,-0.64247257
C87024,194.2445122509968,-130.520977411638,-0.66935015
C87029,4750.427950786387,1334.6644321048693,-0.66935015
C87030,5152.302566109003,1426.9400463746786,-0.66935015
C87031,624.5287331381013,-88.534435502107,-0.66935015
C87603,-21.85690237343498,549.7990895746179,-0.66935015
C87604,1467.659175627349,144.64935306683023,-0.27518034
C87606,-1759.5688753693762,1.5881363208353663,-0.66935015
C87608,-851.8768903212836,89.63524337582894,-0.66935015
C87609,-576.9186338311025,-80.94956434717717,-0.63544303
C87610,-1750.078914231246,-182.46519112352118,-0.63544303
C87612,-2259.9994268581895,-422.19791309154226,-0.6354431
C87616,1965.2154829219144,217.70904526748868,-0.66935015
C87617,-1851.3510431687732,-2.034813975342138,-0.63544303
C87620,1717.2931696956223,728.5780200580463,-0.66935015
C87621,-1150.3842765766726,-160.27478601831328,-0.66935015
C87622,1455.997152442656,3156.42081971835,-0.66935015
C88005,3069.731516402067,222.22514760517953,-0.27518034
C88006,1245.9552772101258,34.967536062313435,-0.27518034
C88007,1513.6211153635793,532.8176136115061,-0.27518034
C88008,3105.720154825308,734.1456374586232,-0.27518034
C88009,2876.861160964817,603.2137546775498,-0.27518034
C88010,12202.896057685262,639.2324417333878,-0.27518034
C88011,1308.4254695487693,173.9725123422812,-0.27518034
C88013,-2146.0036741346803,-697.7469885554194,-0.63544303
C88014,5485.194255516081,682.1191535127228,-0.27518034
C88015,7439.568308553092,2879.455646563891,-0.37478238
C88016,5511.586847654277,-196.46326543256922,-0.27518034
C88018,4436.197238308298,648.912705055657,-0.27518034
C88019,4051.897914214035,-243.020495667859,-0.27518034
C88020,2453.290779721488,396.9893888767647,-0.37478238
C88021,3740.599150303542,-129.97561866049395,-0.27518034
C88022,1262.9504892905932,132.79277197547967,-0.37478238
C88023,5175.766610981977,-116.04271201160472,-0.66935015
C88024,3138.450456254213,-288.54876703995717,-0.27518034
C88025,4278.1772043143455,-394.9411802824044,-0.37478238
C88026,7257.831229257998,402.55162725130174,-0.27518034
C88027,330.7224267703952,404.6265605619443,-0.27518034
C88028,1255.3474267721263,373.1704252767185,-0.27518034
C88030,1833.5420315782585,431.93155597380786,-0.27518034
C88031,4306.036473513861,507.108086484289,-0.27518034
C88032,2366.089478026517,747.5521996966637,-0.37478238
C88033,1002.7014296522738,-778.510886675361,-0.27518034
C88034,3538.995662977836,310.3387108432612,-0.27518034
C88035,2645.302974060509,743.4672906337837,-0.27518034
C88036,4983.2391536165305,541.7646294095347,-0.66935015
C88037,8749.927073593046,2145.975527299982,-0.27518034
C88038,4242.47602938471,-516.5683688296955,-0.27518034
C88039,4782.741261122564,266.97663046915244,-0.27518034
C88040,1455.8408731095121,7.150912526868303,-0.27518034
C88041,5073.9437696883915,896.7706862665968,-0.27518034
C88042,876.1616767926655,-874.3744558090297,-0.27518034
C88043,3958.962645872223,414.68802789535397,-0.27518034
C88044,-664.8934267457538,169.37568788322864,-0.27518034
C88045,3460.0563743258963,666.4345539252067,-0.27518034
C88046,-631.5121082831863,-184.7964498884759,-0.27518034
C88047,3055.8201484322276,572.9012129045072,-0.27518034
C88048,2198.5164458542295,294.0899087857283,-0.27518034
C88049,1372.3536758187681,512.9352752557166,-0.27518034
C88050,1368.086641566493,235.3468219076819,-0.37478238
C88051,-60.01638197751938,187.26764490307994,-0.27518034
C88052,1034.4316279760178,541.4262828426064,-0.27518034
C88053,-215.09867054306008,334.6027936148307,-0.27518034
C88054,1374.2631979245132,188.89638963197984,-0.27518034
C88057,-1480.5557342172367,-257.29930714132263,-0.27518034
C88059,-1005.7549159148277,299.5030901911816,-0.27518034
C88060,291.7158075358692,291.1362267653025,-0.27518034
C88061,-2225.3322436440258,-444.8892459935277,-0.2751803
C88062,-818.1941033463723,-4.058665867650204,-0.27518034
C88068,-943.4442677343563,130.04777590851438,-0.27518034
C88069,8759.786858198659,1991.2680375154955,-0.66935015
C88070,2817.1011882849484,294.43843318205313,-0.27518034
C88072,12529.753461662984,920.4602650711437,-0.66935015
C88073,580.9937148509706,62.96100097125805,-0.27518034
C88074,1708.7611936014237,214.91854937914738,-0.9236532
C88075,-1555.520388157527,-1019.5483991004679,-0.63544303
C88076,639.5011677734511,383.3642301513239,-0.27518034
C88077,-346.23694609308103,-114.13711980678596,-0.27518034
C88078,2723.3767925769585,480.7311884595513,-0.37478238
C88079,367.4275711993687,481.9328205008143,-0.27518034
C88082,-1879.3479447804323,68.50038989910954,-0.27518034
C88083,-930.8091128660668,-125.91193378161827,-0.27518034
C88084,699.9329925250719,272.3631292291538,-0.66935015
C88085,3730.5314993938628,917.03184839612,-0.37478238
C88086,218.44019404463936,-46.17905104143038,-0.27518034
C88087,4685.681230201471,2010.0186665167525,-0.27518034
C88088,1328.694544059122,322.2419914732678,-0.37478238
C88090,2234.887041015609,1320.082887365452,-0.27518034
C88091,-1371.1176274223071,6.301382952296231,-0.27518034
C88092,5528.8984702590515,-98.99687467943296,-0.9236532
C88095,876.8240309659051,367.81629456782184,-0.27518034
C88096,3263.074681336223,275.94162861555867,-0.37478238
C88622,-1259.8585975766312,-3.0968929957848323,-0.27518034
C88626,-452.5902967741651,940.9015721836323,-0.38325915
C88627,-2197.5670028853747,38.67162251950186,-0.27518034
C88631,-1723.8225395974139,5.894392259543509,-0.27518034
C88638,-2132.6547015831497,-252.90248470235687,-0.38325915
C88643,-183.50511779518288,-103.08405926823538,-0.27518034
C88647,1057.4285743669595,872.1945257200763,-0.37478238
C88648,1254.789634000192,170.00728900457992,-0.66935015
C88652,-1467.7479929476929,274.4701659548246,-0.27518034
C88653,-599.9870721288473,-925.5704082468064,-0.27518034
C88655,-2179.3188678302986,-76.11219737401967,-0.66935015
C88656,294.52941699116496,258.1100469650384,-0.27518034
C88662,-2967.9102690741233,-37.23804578418784,-0.27518034
D81001,-712.8818663128079,-73.39415753465327,1.1234866
D81002,2984.486935936708,376.3714733000759,1.1234866
D81003,1263.4011459195224,783.8120202241008,1.1234866
D81004,5389.394974141916,1004.0214229828597,1.5642786
D81005,-801.6488031566254,372.8620377460365,1.1234866
D81006,4362.919279123658,-117.67399915833053,-0.70749557
D81007,2968.410361661782,153.23489942323198,-0.7122991
D81008,15532.89909758614,1731.3782061540408,-0.71597236
D81009,571.0611190517566,-432.42080114166026,1.136817
D81010,7778.697497681983,1586.4550733246288,1.5642786
D81011,8096.9834050870495,175.77058720965394,-0.71597236
D81012,2218.7033925809546,367.31680955201824,1.1234866
D81013,-216.67008670868668,466.94869320926176,1.1234866
D81014,10626.327527067819,1382.606449746037,1.5324907
D81015,3223.1256125306354,451.0249213315222,-0.71597236
D81016,2216.9336375784924,563.4424452749819,1.1234866
D81017,-389.22136484421947,280.1805539477249,1.1234866
D81018,2315.468800076868,305.6778607916713,2.1216264
D81019,-217.00878996194032,-268.11068268098956,-0.7126422
D81020,3913.795823907461,115.94657778178956,-0.7129779
D81021,5689.8998226929825,788.5173097931504,1.5324907
D81022,16189.877939599071,14240.76782615834,-0.71597236
D81023,5390.772673635745,941.8376202828705,-0.71597236
D81024,2483.5425679086165,170.08331300641498,-0.7136277
D81025,2642.3219307183817,235.3042068795271,1.1234866
D81026,13258.773121236682,5558.977926073082,-0.71597236
D81027,1829.6636605770407,394.387439510569,1.5642786
D81028,2374.6936974080413,598.5359505261807,1.1234866
D81029,5030.571174064102,419.9822191422426,-0.71597236
D81030,5110.278795525574,646.687896621318,1.5642786
D81031,5980.848480014123,499.4587614660467,-0.71597236
D81032,4406.169723860346,-689.778505309407,1.5664825
D81033,134.0106391692962,162.6038828058345,1.1234866
D81034,9994.739294865145,429.8235778594954,1.5324907
D81035,3196.0447909048157,152.20271896328495,1.1234866
D81036,1629.9554372704163,97.83087806486382,1.5324907
D81037,-1811.6546460784111,21.84575603129517,1.1234866
D81038,1873.8199282718933,717.9204916809183,0.39024603
D81039,2291.459524054687,335.9421802033913,-0.7122991
D81040,-640.7675996042527,-37.93381714147632,-0.71597236
D81041,300.2403405287497,224.2258054353349,2.1216264
D81042,604.5669013775222,289.1484577309679,1.1234866
D81043,17625.352392255445,9739.245118513283,2.1216264
D81044,3183.652921648063,-122.26865688633711,1.1234866
D81045,2808.1102864497125,366.3444321321216,1.5642786
D81046,9813.83751365523,1331.3542911446762,-0.71597236
D81047,3260.912432463925,325.72897611829046,1.6511654
D81048,2245.0074241424045,-1678.614935090677,1.9584484
D81049,4029.4366248089227,562.143156845093,1.5642786
D81050,5487.225014866714,673.8431532411712,1.5642786
D81051,2058.5085584704048,234.06128103880448,1.5324907
D81052,3555.5414185483264,-1265.0308837538103,-0.71597236
D81053,3314.28880001716,-1010.2029852979007,-0.7156996
D81054,330.1387367700613,197.44503729720182,1.1234866
D81055,1678.8479667805766,236.58296697001597,1.5324907
D81056,-1263.197143600341,152.14283807814212,1.1234866
D81057,7421.004731621128,2589.964084601061,1.5642786
D81058,1572.999657079687,266.40469222202097,2.1216264
D81059,3743.830031924257,36.87753075012553,-0.71597236
D81060,2239.6728859093478,376.5645141252948,1.5642786
D81061,6766.424648626267,858.2611805349752,-0.71597236
D81062,1952.2595759191033,440.0678881417221,1.5324907
D81063,1875.2632434041775,-482.79562968587055,-0.7129779
D81064,1751.3677012641451,196.01241765225217,-0.71597236
D81065,-677.323211588,-195.52567106000276,-0.71597236
D81066,18.450338165698025,402.81503032752533,1.1234866
D81070,-1005.2118512239831,18.96286225961228,1.1234866
D81071,2476.35117727103,1081.624996982632,-0.70749557
D81073,56.766530772830244,123.53067647950941,-0.71597236
D81074,-680.3227057692916,-388.7037665988855,1.58181
D81078,-1078.6746864852332,34.7909623928494,1.1234866
D81081,-773.1190067837327,131.52822998195353,0.39024603
D81082,316.12672436806514,246.5737393402962,1.5642786
D81084,1179.59595106275,303.7931314844261,1.1234866
D81085,1506.1561996028934,350.8889270321055,1.5642786
D81086,570.6580983483362,482.50127092417233,1.1234866
D81087,-0.2982117338156281,361.7899020809182,-0.7100689
D81602,-1136.0501355372435,175.08556654611732,1.1234866
D81603,3466.84661574638,204.7942303834822,-0.71597236
D81605,-1068.9343221618653,-5.0475576681608345,-0.71046245
D81606,616.9161258044409,1902.904240626496,1.5642786
D81607,-1347.5795195843223,89.24830764745234,1.1234866
D81611,3324.4690293878934,4299.433917862256,1.5324907
D81612,-345.9780281011926,313.13120277571926,1.1234866
D81615,39.21940709219092,972.7931365574722,-0.71597236
D81616,-1310.5695241409278,175.40593653912902,-0.7126422
D81618,-647.0744820412694,591.4303092602127,-0.71597236
D81619,-250.06430696643653,65.7336320509307,-0.7129779
D81620,-2289.6101631206466,44.91098483934289,-0.70749557
D81622,4131.203652600709,492.82456014278023,-0.71597236
D81623,-505.90461775196337,564.8771063319471,1.5642786
D81624,-269.81173783127923,640.5661680063911,-0.71597236
D81625,5358.856287708636,2158.894493580521,-0.71597236
D81629,691.1630534568911,487.83949413863945,-0.71597236
D81630,133.03791414563835,548.3094183170925,-0.71597236
D81631,838.9621463097376,346.224147600514,-0.71597236
D81632,-3129.7005148040835,-474.68111568577257,-0.70749557
D81633,2008.8960486952692,887.3810582307999,1.5642786
D81637,-437.17238171397116,700.118523621066,2.1216264
D81638,-3165.7912739786575,-57.72020478662856,1.1658704
D81645,-1451.4592240978589,52.07791623613348,-0.71597236
D81650,-3030.519862760931,-71.56655033006007,-0.70749557
D82001,11259.247188212154,552.8758913681376,-0.27518034
D82002,6693.73983175039,165.5527798173363,0.63395315
D82003,8546.111305319531,3295.7134824100835,-1.0126593
D82004,10519.901433824009,1011.8111955917512,-0.27518034
D82005,7214.231645173066,-254.8206390123622,-0.27518034
D82006,3791.574160638287,613.2427197730135,1.2018967
D82007,10441.386675373202,4231.554057127452,-1.0126593
D82008,4640.60909163668,808.046759162862,-0.7731905
D82009,5458.52659594144,692.7048979816872,-1.0126593
D82010,2091.097191622635,110.4270331921595,-0.3726632
D82011,5980.9440981502175,-241.57003862426845,-0.7731905
D82012,3608.6522575452364,501.0373773094401,-0.7731905
D82013,55.600614568479784,5.352915194509985,-0.7731905
D82015,6277.703134354767,1210.5561529342294,-0.3726632
D82016,4886.392892635767,1152.5292464208892,1.6532847
D82017,2634.534235589781,96.49925426396176,-0.7731905
D82018,1312.1420209130026,388.2323949983609,1.6532847
D82019,5809.974083421204,2896.4154307079507,-1.0126593
D82020,4190.6757755422905,555.571978369675,0.09355912
D82021,-1316.262024883922,-2738.7183328530364,-0.34723288
D82022,2861.613632678799,498.91098326486616,1.3014988
D82023,3749.071524051045,222.61684087463945,1.6532847
D82024,1033.3282998320597,-1011.18295233623,1.6532847
D82025,6336.233890232246,660.51961970111,-0.7731905
D82026,1890.674732200415,-106.50701089851428,-0.7731905
D82027,6257.8290038506175,109.84836935910879,-0.3726632
D82028,3240.362179672625,433.605332156821,-1.0126593
D82029,11810.343974323485,2571.312794995981,1.6532847
D82030,4660.517760878545,348.7828685192241,-0.27518034
D82031,3651.826714630061,652.2395133567452,1.3014988
D82032,4698.923855977443,375.7700340890696,1.2018967
D82034,11359.809952387044,146.22334446184254,0.09355912
D82035,7688.041895238795,971.1632198939101,-0.71597236
D82036,3612.6835355327585,9.37269671384435,1.2018967
D82037,5084.398773811238,1248.5745282714158,1.2018967
D82038,-351.08296066580243,42.90081316803996,-0.27518034
D82039,4692.5320392435815,343.9657724361776,-0.27518034
D82040,4187.380587699125,675.4769590819012,-0.7731905
D82041,3368.287472390033,640.7673159963828,0.63395315
D82042,3382.974713561538,780.911511649164,0.09355912
D82043,3092.1945253678473,236.74411887959755,-0.3726632
D82044,29983.63281771841,8547.72989024375,-0.3726632
D82045,8546.027430495547,334.1853998561737,-0.7731905
D82046,1544.0267951012142,751.7001360136676,1.2018967
D82047,1072.5207571189105,150.76846400397298,-0.7731905
D82048,4870.3050840374735,428.1097722258868,-0.7731905
D82049,2384.898681165293,250.73810701329964,0.09355912
D82050,3508.6148966673595,-960.1344960257302,0.09355912
D82051,8439.986612241559,1973.991093031728,-0.3726632
D82053,3735.8458902595808,483.3004432276884,1.6532847
D82054,10580.03830113124,856.5574014651312,0.09355912
D82055,-1309.6487897574907,-121.53849394787858,-0.9957058
D82056,6702.841746327136,514.7733795693704,0.09355912
D82057,4613.980693406665,646.5602762682104,0.09355912
D82058,13604.822826683176,363.0975121289143,-1.0126593
D82059,7284.96049982193,365.1454240302566,1.6532847
D82060,364.13541340528127,41.93058271892804,-0.7731905
D82062,4441.415865780484,1217.8422519604435,1.6532847
D82063,6336.13157402703,632.524445973407,0.09355912
D82064,10143.056152813127,1070.3216257264846,-0.7731905
D82065,5085.755786324335,457.88327096884564,0.09355912
D82066,3762.9118054976184,331.65630855319495,1.6532847
D82067,4509.316738908477,1520.9341110302182,-1.0126593
D82068,3878.097464320732,574.0085164883909,-0.3726632
D82069,-892.9531527585629,-431.66544628087775,-0.77455443
D82070,3069.8387479243706,371.6642166536573,-0.3726632
D82071,8195.674092930421,53.36869875014121,-0.7731905
D82072,2376.517405791618,116.96697000746839,-0.3726632
D82073,1513.2668065913404,107.19101736793708,-0.7731905
D82076,855.3658893044824,269.5055991971487,-0.7731905
D82078,3239.2407342212423,171.99645571125353,1.2018967
D82079,2533.5616359533988,536.1892296603324,0.63395315
D82080,3288.1063650442093,882.5299702933489,1.2018967
D82081,698.3324949258778,178.4315511626352,-1.0008523
D82084,4477.916665998896,311.67435800398283,1.2018967
D82085,1649.4701440149174,704.623953466742,0.09355912
D82086,2081.6480688551387,1184.9805238540534,-0.34723288
D82087,238.09856178150162,231.07152683259423,-0.7731905
D82088,-1694.2760037060827,206.9666812154935,-0.7731905
D82096,293.3895601007409,524.9964162663931,-0.7731905
D82098,292.69217387121404,-591.6854182559065,-0.9957057
D82099,4335.307826778196,1115.0422706869863,-0.3726632
D82100,1385.6633740432314,639.9328632490121,0.09355912
D82102,851.2631454708942,636.6313414708728,-0.9957057
D82103,-1885.7710562347131,-200.71741408599775,1.6702383
D82104,5202.111440505839,121.83686176842797,-1.0126593
D82105,2702.083658596723,867.5589277402554,-0.3726632
D82106,-551.2436223898386,26.636336465767048,-0.7731905
D82600,-1077.4572080924804,-15.807632094101239,-1.0126593
D82604,-137.47688405537266,12.709227329078258,-0.3726632
D82613,1654.395256493423,607.9662628591278,-1.0066702
D82615,-2937.1997473982183,-889.7333551262262,-0.8155744
D82618,-6.257122838444378,309.52794976734106,-0.3726632
D82620,-2718.570943457156,-553.9732356356535,-0.8155744
D82621,3697.0654909820137,357.51707006236944,0.09355912
D82624,-452.0570869702622,424.56792681563644,-0.7731905
D82628,-221.98600670397605,338.3578030724976,-0.27518034
D82629,-727.8596267128326,-78.31371931687366,0.08508235
D82632,-1648.1089442945522,-169.32671313101508,-0.8155744
D82641,-2776.858593676711,54.407467612756335,-0.7731905
D82643,-2931.0627182030253,-14.256478884689534,-0.77455443
D83001,5948.672627896917,-50.25213648290608,0.9475936
D83002,6293.069671282419,605.4024317350367,-1.0126593
D83003,1858.9337020779312,518.7471909889912,0.63395315
D83004,3052.4473812437823,541.9081491273362,-0.49981472
D83005,8835.715195286944,1400.0688426465417,0.63395315
D83006,2778.7230192312,434.90454479090226,0.9475936
D83007,4301.048855144046,388.7530845234444,0.63395315
D83008,7559.254693693685,1142.9250875691769,-0.49981472
D83009,7799.638591033333,-25.138703445541914,1.2018967
D83010,3964.2802391310265,-282.84570943977457,-1.0126593
D83011,4183.99523204469,990.4148179589724,-1.0126593
D83012,9579.937478749982,374.911452316653,1.9754019
D83013,8108.141393151205,1055.2807366031518,0.63395315
D83014,6077.72203299154,677.9844568540191,0.9475936
D83015,1666.4758202543444,511.0186506550743,-0.49981472
D83016,3333.688769131493,559.9537455774498,-1.0126593
D83017,9166.1942786342,148.3765411653145,1.3014988
D83018,6544.6621066150665,968.9341004548468,0.63395315
D83019,3279.913395429548,422.1625270824174,1.3014988
D83020,4205.701949815623,416.97844678209526,-0.49981472
D83021,7976.668845159591,2169.3339638382413,1.9754019
D83022,1556.5617517446594,-33.99936756133404,0.52799356
D83023,4701.203231863016,1078.1839963356872,-1.0126593
D83024,2432.6178570164498,555.2858405185676,-0.49981472
D83026,4829.448701556492,291.2299732258457,0.52799356
D83027,4043.5461818070203,356.87812947062343,1.5324907
D83028,2747.142489277473,879.8537191961994,0.52799356
D83029,7013.0929193252305,755.2416622381406,1.5324907
D83030,166.12871625451234,579.7506345102369,-1.0126593
D83033,4383.578528506426,464.83012371697043,1.3014988
D83034,6807.739562412267,525.683253514705,1.2018967
D83035,6352.987382831105,-14.164973338740765,0.52799356
D83036,-39.88257498255371,343.34324460379526,0.52799356
D83037,9854.468281859867,964.8407964814178,0.9475936
D83038,6060.823824889927,2712.058341714065,0.63395315
D83039,7182.339406994823,2712.065278071197,-0.49981472
D83040,5205.499150536362,337.9879629648869,0.63395315
D83041,3390.4159920906914,407.8698230350526,1.3014988
D83043,1530.0457880840693,169.31243648733968,1.3014988
D83044,12697.282919270598,1014.7827960888649,1.3014988
D83045,1064.4409011098176,42.19828123686595,0.63395315
D83046,6437.336071902397,3610.813311044163,-0.49981472
D83047,4459.391311598975,1674.1769306417118,-1.0126593
D83048,10641.46515631017,2849.084940681566,-0.49981472
D83049,2306.0431278163783,355.48700330277074,-0.49981472
D83050,927.371315021126,225.206888456019,-0.49981472
D83051,4217.807797737466,1149.4303464327015,-0.49981472
D83052,-183.75728979676,-1128.2949328027614,-0.49133795
D83053,5157.9215106732145,494.8467186874002,0.52799356
D83054,634.0417033786912,248.67115422171523,0.52799356
D83055,9135.008022932407,967.2682467503355,0.9475936
D83056,1540.1538236966178,303.1977365242845,-0.49981472
D83057,7899.143381351934,212.94653088896425,-0.49981472
D83058,1925.1668531904647,124.10257870469377,-0.49981472
D83059,6420.803884708555,1793.270768937721,-0.49981472
D83060,17621.963953001483,1182.4030873861218,0.9475936
D83061,4619.462772385145,496.8486077215362,0.52799356
D83062,4263.681936061434,875.6865383693226,0.63395315
D83064,1462.740433917169,286.6260732650607,0.63395315
D83067,436.42505652318846,517.8066230687813,1.5324907
D83069,1578.543183054551,706.4991872357402,1.2018967
D83070,1618.0251016088348,637.0919996234553,0.63395315
D83071,-835.3537504229306,-686.1581643039448,-0.9957057
D83073,-911.5318998705676,318.7107267297198,-0.49981472
D83074,2029.8293537262732,532.6329419908998,-0.49981472
D83075,3408.087933542545,1704.203651526609,0.9475936
D83076,-284.51307559463646,87.41790815045766,0.9030906
D83078,2149.9525449470007,531.1150963441036,0.63395315
D83079,3990.197356188992,124.81684598015656,1.3014988
D83080,566.4392533597761,320.1834985875897,-0.49981472
D83081,535.8284930892684,704.2593798708002,-0.49981472
D83082,373.07641208512456,430.1602125886417,-0.49981472
D83084,663.7376083690816,-87.02803449438588,-0.49981472
D83608,1134.3279740612948,668.4035840463953,-1.0126593
D83610,3869.118956122754,1181.1466287861504,0.63395315
D83614,-5346.818614470566,-2787.1064353140505,-0.49133795
D83615,-1355.6064288482519,138.57790545033743,-0.49981472
D83618,-917.8224543381847,-52.52413886995988,1.9584484
D83619,-2142.092731477531,-331.4596788900405,-0.9957057
E81001,-973.1996767869874,-9.338692930354611,-0.8537199
E81002,1533.6681174185865,747.9647349092606,1.5875897
E81003,8107.534849128093,1167.8749152983028,0.68057543
E81004,4768.233319043661,932.3817994478625,0.68057543
E81005,1691.0649325934985,-621.1715228911208,-0.8537199
E81006,2086.2728416310606,-139.8252093747397,-0.8537199
E81007,1822.325876909221,-72.87173766646123,0.11263186
E81008,6843.280150978781,2005.4707823768358,-0.8537199
E81009,3000.9289254428577,248.65844149461006,-0.8537199
E81010,948.7999576860665,149.83328447091284,-0.8537199
E81011,2287.010556256246,-810.7901403112398,0.38219786
E81012,4781.778829929082,419.9375848896319,1.6511654
E81013,1562.6978761747457,684.6342778651454,-0.8537199
E81014,2061.4471088954992,723.7327052955397,-0.8537199
E81015,6310.202626750032,-625.902926861658,1.5875897
E81016,-247.72755952716574,-372.0309016941302,-0.8537199
E81017,1655.896779844734,579.4994000457632,0.3784391
E81018,2339.621110368186,-429.9071318428988,-0.8537199
E81019,3560.2168874573504,1179.1726370985793,0.39024603
E81020,-786.2596521652008,-1105.118102952525,0.3732925
E81021,1694.2402673952158,792.5194151770717,0.39024603
E81022,5129.9289136903935,17.497112448371603,1.6511654
E81023,-1205.6994080745374,-221.9953993777034,0.39024603
E81024,1542.788973694955,175.56420306923386,0.39024603
E81025,-523.6846817738516,45.319420706897446,-0.8537199
E81026,210.93025486322864,-358.83709933464354,-0.8537199
E81027,2500.779626095285,633.6670898797736,-0.8537199
E81028,2767.9788994859055,482.2825309521349,-0.8537199
E81029,3651.167874640601,521.1961217021027,0.39024603
E81030,-189.7136395988958,517.5100170648101,0.39024603
E81031,894.5325848312059,183.08830138748687,0.39024603
E81032,5240.249293581898,177.94067053305935,-0.8537199
E81033,8703.413604469262,1199.6018425929753,1.6511654
E81034,656.3113743287039,620.2363616648413,1.5875897
E81035,3091.4122008249474,321.4901099030287,0.39024603
E81036,5479.896714531889,732.7217057296683,1.6511654
E81037,9665.601662236984,3536.406638282756,0.39024603
E81038,4341.079549416926,250.0852818211957,0.39024603
E81040,2511.6168544530365,134.4511142935939,-0.8537199
E81041,1951.831587847768,-728.8302947036399,-0.8537199
E81043,120.91552973391786,452.5910297318713,1.5875897
E81044,8503.53465299554,3022.7123107747457,0.68057543
E81045,2719.9032002421245,451.3665403184947,-0.8537199
E81046,5834.236009034758,733.0113257559723,1.5875897
E81047,545.3310021162036,709.731361059448,0.39024603
E81048,501.1262669639456,197.1600457712675,-0.8537199
E81049,444.97457276321995,510.2789425447276,0.39024603
E81050,4765.330453877564,445.11970414079605,0.68057543
E81052,1598.244340469681,679.8578480537038,-0.8537199
E81054,-1675.1366139574104,-160.34935729422892,-0.8537199
E81056,-234.36890184018597,162.51771836326296,0.39024603
E81057,6954.304844968296,1113.166981098286,1.6511654
E81059,1325.8929459685885,566.0170578744953,0.3879971
E81060,-451.49664801248366,592.4599320669336,0.39024603
E81061,534.3080016642676,116.8912846778638,1.6511654
E81062,-1093.0826101623304,88.437355066821,0.37999508
E81063,1604.528376411897,103.35074154355287,-0.8537199
E81064,-820.5926212986801,-711.7519237421203,-0.8537199
E81065,-582.060182223462,-64.74748718358505,-0.8537199
E81069,889.1649775479718,568.9347331685691,-0.8537199
E81072,1709.4433463431199,756.1481916470142,1.5261332
E81073,2363.186073757182,315.2673034132951,-0.8537199
E81074,4994.968277898069,749.1070246126101,1.5875897
E81075,-1239.2615332088835,-664.4818756512342,-0.87125134
E81076,-226.90987865233038,86.28773801486432,-0.8537199
E81077,-183.00896862094626,1088.200641505339,1.5875897
E81611,-1578.816330660892,258.57008927913466,0.39024603
E81612,-369.86016100019003,-38.14540351268261,-0.8537199
E81615,-1983.2258808005952,48.363178319572334,0.39024603
E81617,-702.913513069075,-37.921212396570866,-0.8537199
E81618,-2194.9423750037836,0.7433522513471121,-0.88762695
E81626,-1762.9413325074067,-669.4102431430476,0.3732925
E81631,-1628.1291175909505,-41.937021711886196,-0.8537199
E81632,731.0332208972993,458.8734224944761,-0.8537199
E81633,-1948.2578738904986,145.42507554497138,-0.8537199
E81635,-1696.0852503830924,84.5682735435473,-0.8537199
E81636,-1922.7892438137874,-181.21545604783594,-0.88762695
E81639,-2912.0768301539,-3.8990581831547613,-0.88762695
E82001,11817.72107902436,2890.430226457247,1.4922261
E82002,3056.017402701326,296.854105184421,1.2315655
E82004,-794.9492184607117,588.26367349952,2.1661294
E82005,16785.700066282363,6845.525970701574,0.11475104
E82006,4039.017782095013,263.5763808015862,0.5470663
E82007,2252.040379189262,54.11125953558164,0.5470663
E82008,5380.833866541553,26.77114384774097,1.6511654
E82009,3429.4472314824025,1780.0736338374386,1.9859978
E82011,735.6005592407681,-647.7980553759362,2.1385798
E82012,2785.4822249174945,-262.5139376875393,1.3396442
E82013,7399.3518671563015,4753.152953683291,0.8501108
E82014,2996.857505588169,2303.0486363855543,2.1661294
E82015,2987.5553064836,427.57045264877746,0.8501108
E82017,1946.2802095776456,886.4620005395115,0.8501108
E82018,5110.451837594463,484.6776576651851,1.2315655
E82019,11414.816710416757,2291.483668320438,1.2315655
E82020,1211.5243400229167,-38.94344777801792,0.8501108
E82021,1347.2071279437123,281.22778530615983,2.1385798
E82022,4337.9479084858185,1197.3947476076721,1.4922261
E82023,2943.2394991995693,549.8896098800464,1.2315655
E82024,6305.230578267473,708.7384190356568,0.5470663
E82025,4879.38950006952,-411.33981240966114,0.84498537
E82027,2393.8817784070557,882.451969043458,1.2315655
E82028,2160.972863356163,1559.5448840539564,1.4922261
E82031,3670.074932392408,644.5334277828166,2.1661294
E82032,6952.655130293114,944.2762245131834,0.8501108
E82034,490.74368905093644,277.2537472468435,0.8501108
E82035,7299.417766190442,869.904313555457,0.11475104
E82037,3608.8446481945984,1115.3220327661513,2.1661294
E82038,622.1749417943755,289.51737805073225,2.1385798
E82039,2108.359957388502,-1459.2266712628564,0.15485474
E82040,13135.470252673858,1626.5605400458342,1.2315655
E82041,3850.9620937008117,351.59370100897814,1.2315655
E82042,3747.5883027689865,719.1397005244844,0.5470663
E82043,3733.52190754139,897.4681971592051,1.3396442
E82044,4300.820342545856,-104.0319217339409,1.6511654
E82045,1412.8451753753804,558.4565557996905,0.8501108
E82046,4862.319457040883,307.0941525822502,0.8501108
E82048,807.3299661408395,-563.4273280651627,1.3396442
E82049,-728.2598006458259,-48.03709993930592,1.9859978
E82050,-948.6820499517173,197.5830945632511,1.4922261
E82051,4706.374122406758,283.5439171572542,0.8501108
E82053,2695.4955622777784,2045.3414565353523,1.6511654
E82054,1050.7332059090731,121.22520834296898,0.8486907
E82055,2227.9590683988895,592.717792304686,2.1661294
E82056,3084.550193526019,194.6602070532775,0.11475104
E82057,-106.24943794532334,266.17390284622536,0.5470663
E82058,2179.0267946055365,311.78388584278946,1.2315655
E82059,1262.7601322537216,881.6253632481671,2.1661294
E82060,4046.407298218356,1538.2041030209411,2.1661294
E82061,5494.949165282025,654.7512889184184,0.5470663
E82062,6597.166950315018,697.6131599162735,1.2315655
E82063,4876.496020674072,1187.8053471007418,0.5470663
E82064,-716.5344755339148,106.83600750899701,1.9859978
E82066,-2028.0632918417634,-4.777933882027355,1.9859978
E82067,7867.201022502977,910.5101955397067,-0.45107332
E82068,3901.72260943093,-158.1992995912109,1.9859978
E82069,-1141.6687769066555,552.853220775701,0.8501108
E82070,-1647.1987485578948,247.57248097415743,2.1661294
E82071,1893.7979056794802,168.84579292607364,2.1661294
E82072,4244.227750192504,331.77649371150443,2.1216264
E82073,3841.7196795110785,2354.6615650907665,0.8501108
E82074,11351.870213999115,390.08770284667594,-0.45107332
E82075,3429.5101398943652,858.0407819945909,1.6511654
E82076,-889.9821765692209,-194.18782246223438,1.5097576
E82077,743.0590011499427,383.0224754630178,2.1661294
E82078,1922.1233502480004,551.3198763259496,1.2315655
E82079,3412.3265505711865,1286.2156635553945,0.5470663
E82080,2533.6886337039714,-255.59690751403122,1.6464761
E82081,6629.287581216085,1441.6548514926149,0.5470663
E82082,7882.509025875186,-67.33841821423049,1.6511654
E82083,2942.1647625296177,379.278143430225,1.9859978
E82084,1727.8068210929503,693.4177278648004,2.1661294
E82085,4643.421278069681,838.8747447319261,1.3396442
E82086,8223.679685178728,1373.2575854999204,0.11475104
E82088,1841.0367456088902,-82.0385981500273,0.5470663
E82089,6559.468897838668,1183.4313722722138,0.11475104
E82090,4846.905291923197,392.5264716348073,0.5470663
E82091,6643.391201662726,1059.8951823452771,1.4922261
E82092,5658.200231182247,1736.5391559483253,2.1385798
E82093,7724.461986834752,637.7251865874305,0.11475104
E82094,357.60079698934715,550.3902179899353,1.4922261
E82095,-658.5359381892264,-79.31987529192659,2.1705122
E82096,2075.0566133802618,362.46434597668554,0.8501108
E82098,988.0180437238046,376.392938434812,1.2315655
E82099,4876.35459641495,-197.16248460912232,1.6511654
E82100,7173.635699647185,566.0376467394512,-0.45107332
E82102,2602.3069589294078,436.2581696852772,2.1385798
E82104,927.3413947895812,126.15623480796854,1.6511654
E82105,-1299.667533216532,-25.430904506714604,0.8501108
E82106,1778.4160204368102,265.06547273708867,1.9859978
E82107,1105.4044129324932,560.7045474863365,1.3396442
E82109,662.2303372924802,505.41325094624676,0.5470663
E82111,-132.48719733479567,-4.800602633304886,0.11475104
E82113,-1425.2185120927825,304.1445586980685,1.3396442
E82115,6221.318055394731,-116.69376758439792,0.5470663
E82117,2061.640025189075,778.2578649323669,1.3396442
E82121,679.7053788011515,150.73162183904086,0.11475104
E82123,7017.693133197188,1023.1619821178695,0.5470663
E82124,7275.845228278636,3428.475318011336,0.8501108
E82126,-1180.799759139069,101.79335415706721,2.1385798
E82129,2694.716154921267,782.347120351722,1.9859978
E82130,1106.7825900118066,611.9665051973731,2.1385798
E82131,-1653.1849659346765,65.29564344455919,1.4922261
E82132,1107.3687272851148,8.230240141125192,2.1216264
E82133,1789.1074254345751,-447.82254150059015,0.5470663
E82603,-1042.1565634860651,929.2837398510042,0.8501108
E82613,-2002.3142801939334,-77.9638550135152,0.8474448
E82620,-2948.551974849159,-28.99257054634185,0.5470663
E82624,-1367.7854142223323,410.83259992283973,0.15713489
E82626,-1103.1016436343075,224.42885783054064,0.11475104
E82627,-2050.766843985638,-258.3539290679273,2.1385798
E82630,-1986.9893233738476,158.39353141850202,0.8453609
E82638,1503.5826573337242,578.8546421171445,0.5470663
E82640,269.7462150413985,671.2240072688959,1.4922261
E82641,282.791367318162,771.2154855433064,0.11475104
E82643,-2098.965126388891,-44.00162705769508,1.4922261
E82644,-2192.485654460043,276.6421323332389,2.1661294
E82652,-1901.2036371048127,119.51950175548971,1.4922261
E82653,-1697.7046007341014,90.76246969862258,0.84163404
E82654,486.1068169732241,925.8703600645019,-0.45107332
E82655,-992.3182351935676,833.8832903133804,0.8501108
E82656,-2230.041663918247,212.769635710996,0.8453609
E82657,337.86795744679887,655.6412405937214,0.9687856
E82658,-871.0251169858763,143.21704693460288,0.84163404
E82661,1909.9343130018794,596.5075574967955,1.6511654
E82663,-935.2065195811592,-415.32004647647835,-0.87894595
E82667,-2890.8460601706665,-13.429536271191663,-0.45107332
E83003,1385.014166005619,499.83857788107207,0.49408647
E83005,-1054.504046739941,404.2403405833473,0.49408647
E83006,-788.690293428602,-85.29554809771332,-0.39385512
E83007,-512.4164654673933,363.6841962167824,0.49408647
E83008,254.88228254510105,151.43087177190685,-0.39385512
E83009,532.7443772161645,812.702719956776,0.49408647
E83010,902.0251774403437,-172.0755486412037,0.49408647
E83011,1229.5775236046777,253.38024909295675,0.49408647
E83012,-114.26264591852221,74.17266056996066,0.49408647
E83013,-1194.223601221477,154.32320859369452,0.49408647
E83016,3367.0851959698475,97.71032471541889,0.49408647
E83017,2273.474665242669,497.1137875466795,0.49408647
E83018,5003.855490114395,796.5745011296287,-0.8621966
E83020,899.1263435735301,587.8569023112744,0.49408647
E83021,1529.5728862975313,675.0642787744861,0.49408647
E83024,1624.121141447133,253.68484782953882,0.49408647
E83025,967.6347588913263,661.158544274075,0.49408647
E83026,-1123.7613762279414,144.27548171325083,0.49408647
E83027,971.1116870908695,380.9223511821456,0.49408647
E83028,-284.66463610680677,284.2657468461174,0.49408647
E83030,510.3654393676182,485.61750236285377,-0.8621966
E83031,-1064.9973074500465,11.046165693066518,0.49408647
E83032,4048.1006354742453,539.1738758411113,-0.8621966
E83034,413.4554956860299,-186.52081820385362,-1.0614007
E83035,1252.2207366119346,898.8401430331372,0.49408647
E83036,-1222.1685881137741,320.5430624138117,0.49408647
E83037,-836.6536731538051,138.91751687124096,0.49408647
E83038,1877.4884011734175,339.6426359556185,-0.8621966
E83039,-1105.1790161383965,347.2925589969532,0.49408647
E83040,-2974.7149389606816,-444.82082002361284,0.40931877
E83041,-1235.1565569298587,197.3631579755009,-0.8621966
E83042,-2023.4539170364458,-141.03165507296484,0.40931877
E83044,-19.23071973224857,81.7232088230625,0.49408647
E83045,-34.24541828792921,954.7324818472265,-1.0614007
E83046,482.430557073048,944.1258609644717,0.49408647
E83049,-418.97704328917075,272.2156879748246,0.49408647
E83050,-726.8398430038667,299.0414221284127,-0.39385512
E83053,2768.0084947874443,1063.1378507304596,-0.8621966
E83600,-753.4214399420981,152.3634259825449,0.49408647
E83613,-1086.1651328562625,629.4526137442824,0.49408647
E83621,577.8270108823061,1676.2331898189689,-1.0614007
E83622,-752.9121885725592,1079.632932216313,0.49408647
E83624,-2225.524200248989,-38.34724290564865,0.46414134
E83629,-1777.556627401481,-205.21524738145345,0.4798857
E83631,-2245.84364212657,-152.7878481240599,-0.5199853
E83632,-1339.0186851279288,-13.365229351103574,0.46742567
E83633,-2355.5212875543125,-163.99797289039162,0.43505183
E83637,-1111.8857894653722,568.2996863652818,0.49408647
E83638,-1155.8638629548273,270.1062255091195,0.49408647
E83639,-1277.4634376482168,285.91410311202173,0.49408647
E83640,-2519.0994800089825,8.38589309542058,0.40931877
E83644,-2526.5876092307653,-395.71092098889676,0.44658732
E83645,-1408.6990757280919,-9.175584067042951,-1.1037846
E83649,-2004.2139570577117,24.972058254305427,-0.39385512
E83650,-2256.9824721625196,-100.5323666204924,0.49408647
E83651,-2638.615478777674,29.455025570080377,0.40931877
E83652,-2080.9006978854177,138.87504413720896,0.40931877
E83653,669.1936529906856,836.2321685492091,0.49408647
E83654,-2024.4891207959552,-96.96431576848663,-0.49636486
E83656,-2239.726573207397,-59.496069295353266,0.40931877
E83657,-2342.795637533062,38.79168422506237,0.49408647
E83658,-2557.180641328694,-258.6360215890496,-0.879814
E83659,-2277.505268111639,-195.1028214358217,-0.887627
E83664,-2768.8606750840827,-235.38459405627648,-1.1037846
E83665,-2896.6673406872856,-42.31986514889922,-0.74352187
E83666,-3008.044174874287,6.028226708527544,0.4333363
E83667,-276.06778014304007,-1464.046948782394,0.4093188
E83668,-1804.2609651215616,14.470736116617834,0.49408647
E84002,-835.2154596709438,170.25422858930276,-0.8621966
E84003,-97.49040720713647,933.6993665592711,-0.3472329
E84004,1579.084345444453,-44.1862205971037,0.9687856
E84005,1437.7475383821254,-304.6802599349079,0.9687856
E84006,4485.550964283435,1217.2254703311996,-0.43200058
E84007,906.0074521936488,302.6691008814389,-0.8621966
E84008,4320.556165244563,11.412745072863581,0.9687856
E84009,5140.19209615712,661.1035120216525,0.9687856
E84011,-746.6706733907283,-409.69434293047647,-0.8621966
E84012,241.75347029462512,453.47772074837917,-0.39385512
E84013,2105.90205149767,264.84125945230375,-0.8621966
E84014,2703.130698061419,-513.8035555378032,-0.8621966
E84015,3374.694127054886,1081.4108395649139,-0.8621966
E84017,1411.313996742423,603.5454440046996,-0.3472329
E84018,1065.2513926943152,-200.70476286756113,0.9687856
E84020,-643.1069486042779,720.4772759732876,-0.8621966
E84021,3310.811869659617,916.613276362353,-0.8621966
E84022,-393.3106849401066,-431.8702487205455,0.9687856
E84023,-812.9311731504965,349.3409059960633,-0.17352206
E84024,8325.74863952462,-177.1338462476951,0.9687856
E84025,-65.15975573929734,65.22009038510681,-0.39385512
E84026,145.3665935943995,386.4647395075664,-0.8799071
E84028,-113.5302825201007,-42.55201691039638,-0.8621966
E84029,-1703.2436276197293,159.20334148304855,-0.87872636
E84030,784.8200633861895,736.3503569167063,-0.8621966
E84031,1603.246579922476,180.63347855646978,-0.8621966
E84032,812.2694409838189,919.1076083434785,-0.8621966
E84033,-638.7323387542675,296.5133746715567,-0.8621966
E84036,1786.1607964078987,839.1036081969445,-0.8621966
E84039,3509.4089405398568,1329.078416340502,-0.8621966
E84040,-507.0965761719749,-195.98398874011835,0.9687856
E84042,-582.889804821314,30.883690229092316,-0.17133993
E84044,1237.804629701404,-34.577655541067934,0.9687856
E84048,670.1552665158723,193.46115592683446,-0.8621966
E84049,-1221.144558101225,650.5345780057196,-0.8621966
E84051,300.0157630481701,742.9185961226758,-0.3472329
E84053,-389.74746044368385,-121.14859829879629,0.9687856
E84056,-2138.868477110974,-235.07271311866887,-0.5633905
E84057,4993.782581549421,827.6598250564289,0.9687856
E84058,4938.770373558074,638.6943026179368,0.9687856
E84059,-875.3752769014263,654.4086375738518,-0.3472329
E84061,3703.9212166405746,274.7163159908045,0.9687856
E84062,-107.6013149912714,420.0910661587653,0.9687856
E84063,-1509.0477368190936,216.20765180774274,-0.8621966
E84064,-2322.326335107623,-797.0505605577731,-0.8876269
E84066,-115.02449269692094,1511.7671402006717,-0.8621966
E84067,-315.66414925308163,389.5494165848601,-0.8621966
E84068,7190.243750992456,1326.4152776399003,0.9687856
E84069,3027.3800419317954,-255.0842514185159,0.9687856
E84070,-1185.364701138356,-28.05784242418162,0.9687856
E84074,82.45445264425325,212.72343681573676,-0.8621966
E84075,-783.5732564172677,-83.08874147229413,-0.8621966
E84076,578.6662806080933,434.9216154158511,0.49408647
E84077,-1893.141266560421,-31.09496548403622,-0.39385512
E84078,-383.2816635255475,753.3402600151271,-0.8621966
E84080,187.25170796655428,687.3576428814471,-0.8621966
E84083,-184.85742865040967,314.2336016470592,0.9687856
E84084,-1915.8134870415195,-548.3745152706675,-0.88762695
E84086,-889.8461115410607,94.32692340948776,-0.39385512
E84601,-599.6374103451124,305.77756575877686,0.9687856
E84617,-1272.3243908500835,-209.9379315552725,0.9687856
E84620,-447.62174293481297,454.98313271179836,-0.8621966
E84624,-1391.4690732893691,200.2873917933992,-0.8621966
E84626,-1182.0895682291778,325.14841109850954,-0.3472329
E84635,-1227.863154699422,427.56827517719614,-0.8621966
E84637,-1532.398092296911,308.3697040732111,-0.8621966
E84638,-386.6364565952727,492.3152510651329,-0.3472329
E84645,-362.33123533132454,837.8265886247892,-0.8621966
E84646,-2053.097212010731,-59.351452732750396,0.9687856
E84647,-984.9116629676686,155.74811418838965,-0.8621966
E84653,-1845.1264434894697,79.17077876870808,-0.8621966
E84656,-1303.2184311820176,144.13535756180693,-0.8621966
E84657,-1968.3896763137184,-348.7714389566139,0.98393786
E84658,577.4939642401164,-104.51317721756324,0.9687856
E84661,-695.7261659640318,96.4298617956722,-0.88762695
E84663,-812.4433949873427,-61.72850762340119,0.9687856
E84665,1027.7239916469662,750.1615305885286,-0.8621966
E84667,-1824.0743941910266,230.2087256763111,-0.17352206
E84669,-1948.041428632166,-24.206306045428228,-0.34723288
E84670,-1801.7150083878798,-825.9575043567005,0.98573905
E84674,-791.6871601015467,174.05513252078305,-0.39385512
E84676,-802.4796243937703,193.3406294273778,0.9687856
E84678,-1515.5822625977146,132.0229054162707,-0.8621966
E84680,-1156.9521192945924,-98.16936402015418,0.9687856
E84681,-1948.442636193673,64.39945595439589,0.9687856
E84684,-815.7516043548833,473.16867917217456,-0.8621966
E84685,1306.6411559610485,1176.5298775084004,-0.3472329
E84690,-1500.8214176995268,132.48126781278296,-0.87534523
E84693,-192.47325199313858,79.05423271158084,0.9687856
E84696,-2424.646423493048,-103.38657265990948,-0.39385512
E84699,-1510.9651017519323,-544.6206930043328,-0.8621966
E84701,-1511.965636672185,292.8883034030882,-0.3472329
E84702,-1210.5670830581969,73.29013484069061,-0.39385512
E84704,-1907.8053531219912,84.78650518679896,-0.8621966
E84705,-2021.7936473888374,-76.25612062746718,-0.45296213
E84706,-2215.5675754844688,-200.57351405791474,-0.88762695
E84707,-2927.5118621992606,-12.714550113367844,-0.8642917
E84708,-2363.075737543233,-112.82022074761544,-0.88762695
E84709,1404.2619071928882,561.6601634273181,-0.8621966
E84713,-1225.6947114584266,20.620165697267367,0.9687856
E85001,2420.7902713308927,606.6404257261106,-0.35782886
E85003,2269.1225879320136,1593.9926943174669,-0.43200058
E85004,1538.2044774287285,779.7697963672179,-0.3472329
E85005,-885.6125163553438,93.85266970320218,-0.43200058
E85006,-285.0370173437667,705.4936227797915,-0.35782886
E85007,1366.6649186550412,898.8988552665905,1.9478525
E85008,49.889914007742334,428.8400500294582,-0.17133993
E85012,2701.5172742577533,718.104228219101,-0.3472329
E85013,-1675.9316544673163,438.9924479052292,-0.3472329
E85014,581.6622306711089,299.518456765713,-0.3472329
E85015,971.5176398731547,1577.4639477256194,-0.35782886
E85016,1418.9797957986946,467.26953251970775,-0.43200058
E85018,-1749.3977012756695,69.18128526340337,-0.35782886
E85019,991.3591654276518,282.75128363537675,-0.3472329
E85020,1768.4844994068749,784.1059717589259,-0.43200058
E85021,559.1429779832296,327.7792596844127,0.345743
E85023,-831.8532627774758,466.23228853646714,-0.35782886
E85024,-133.82871924160395,440.4196232336269,-0.35782886
E85025,-573.3023509208942,602.5559471994414,-0.17133993
E85026,2794.7795356687107,711.274967090123,-0.3472329
E85028,550.7038570163145,14.736024062798764,-0.3472329
E85029,5094.208386268533,571.2206416635128,-0.43200058
E85030,-541.5584691219502,53.93565452127149,-0.43200058
E85032,-372.0571900788673,163.5155446834337,-0.43200058
E85033,1074.2241295141591,-18.024018261234314,-0.43200058
E85034,2082.1857778946555,267.0072294545676,-0.3472329
E85035,-89.99323132745243,99.28949840881957,-0.35782886
E85038,-1055.053217148,132.69016506121181,-0.43200058
E85040,1979.3007195107955,22.25367487303347,-0.43200058
E85041,-969.6943322530458,212.75633985804137,-0.3472329
E85042,-531.2370315075856,253.92080268235097,-0.43200058
E85044,-1185.194729440713,131.09311258323459,-0.38325915
E85045,-674.494180267966,269.9794765991725,-0.35782886
E85046,308.316861723707,187.01123141765422,-0.3472329
E85048,-518.3401156516758,482.7917465564809,-0.43200058
E85049,1821.2781952012492,1865.633183736155,-0.35782886
E85050,1134.8857815722192,756.9079890483672,-0.3472329
E85051,844.212665083858,1200.6014333993692,-0.3472329
E85052,559.589495592071,1084.1182351309164,-0.35782886
E85053,-922.4614107834483,200.03823693637358,0.9687856
E85054,1181.4720979904057,426.71579335299367,-0.3472329
E85055,2131.724342973227,599.8360283376991,-0.43200058
E85056,1569.938863510634,595.3787412037944,-0.35782886
E85057,205.56927515627396,-69.27647069890689,-0.3472329
E85058,1731.2432341370518,553.6729279140794,-0.35782886
E85059,1052.5043066873855,465.91051484115866,-0.35782886
E85060,-2.1002757977673596,176.66092710040365,-0.35782886
E85061,-910.684311423554,302.7471982540272,-0.35782886
E85062,-506.7788682799132,91.41415735579572,-0.35782886
E85064,23.587061476524728,262.27374736778944,0.345743
E85066,-1981.1659072541534,-3.281757627122497,-0.43200058
E85069,4.946114472055091,482.7750829396877,-0.3472329
E85071,-1215.3159201070043,-108.07270774541335,-0.35782886
E85074,-1880.9727551348897,-54.21545662475174,-0.43200058
E85075,-1091.9787769730258,77.67465344889665,-0.3472329
E85077,-1399.325897747852,-10.929453792597574,-0.43200058
E85083,516.6894673944105,610.2901484896845,-0.3472329
E85088,-309.967129243992,523.2693889358106,-0.3472329
E85090,342.94131728251915,-33.76282507050464,-0.35782886
E85091,-2572.1826288403563,-26.371831549248448,-0.3472329
E85096,301.47724569792496,823.2693022740904,-0.35782886
E85098,-1537.2382297473498,173.85310095516638,0.9687856
E85099,-1331.3862632834673,234.00930998844012,-0.3472329
E85103,86.69423171347457,655.9525237593945,-0.35782886
E85105,-1818.0365038418229,-19.88665265956256,-0.3472329
E85107,706.7452014645173,504.71517422697326,-0.3472329
E85108,-525.0012328857432,193.10148060138098,0.9687856
E85109,-1408.8042178879723,113.51835780462137,-0.3472329
E85110,-2009.164736429278,-72.67327438667331,0.2987265
E85111,-1336.9955932161026,392.02767100750674,-0.3472329
E85112,-986.809013274155,30.283326068776788,-0.3472329
E85113,-340.52905419664296,93.4486980480386,-0.35782886
E85114,1358.5352671123994,975.9209841594807,-0.35782886
E85115,-1112.6356419393196,358.5965974126677,-0.35782886
E85116,-480.0790164434174,631.9618796649215,-0.3472329
E85117,-1555.5715202579788,-206.4981786367192,1.9237902
E85118,-151.03625249818916,54.72247560719354,-0.17133993
E85119,1432.4939042030628,1246.3977673085772,-0.35782886
E85120,3167.095152203069,1057.9931916705436,-0.3472329
E85121,2315.79169502553,701.7673708459887,-0.35782886
E85122,1835.257072780301,642.1845083630083,-0.3472329
E85123,-1225.4285644639122,381.3250800288372,-0.3472329
E85124,-521.3471950768046,1188.6064069253216,-0.43200058
E85125,-1274.8041699243643,149.23870824363243,-0.43200058
E85126,629.0112594419595,373.3748868797748,-0.35782886
E85127,571.4413147612046,455.36284732599773,0.9687856
E85128,325.55372318115724,1260.6906909424524,0.3499814
E85129,272.0489061640059,426.323643392325,-0.3472329
E85130,-1020.5296845190649,159.6646419736508,-0.3472329
E85600,46.302701420370354,555.7625853305906,-0.35782886
E85605,1611.2032050253954,705.7509514133112,-0.3472329
E85617,-2145.9709400511533,61.846744715715836,-0.3472329
E85623,-1961.3256466949522,-30.38550781560051,-0.3472329
E85624,805.3893386137951,651.1290884766688,-0.43200058
E85625,-1820.8016860791654,-159.22969454137527,-0.43200058
E85628,344.0216317533412,773.0564413582011,-0.3472329
E85630,-1609.2282034732839,-11.660938428278087,-0.43200058
E85633,558.7488806362267,566.6475192136181,-0.35782886
E85635,-1468.1462947841258,-20.684081250648134,-0.43200058
E85636,494.9029539139542,1126.5781824110888,-0.43200058
E85640,-1746.4115792898103,-40.02330684208692,-0.3472329
E85643,-694.4441716835902,430.5560571542337,0.9687856
E85649,-2422.314315976847,-127.52800549590496,-0.43200058
E85656,-352.4804316897392,241.33531257099128,-0.35782886
E85657,831.1348882651513,285.02096454580123,-0.3472329
E85658,-1654.4599064241097,167.49606035752743,-0.43200058
E85659,-2129.6723982976164,-117.21751154258882,-0.43200058
E85663,2869.0184637529046,2049.338588703199,-0.35782886
E85672,-2490.5638458637272,-208.21494371694808,-0.43200058
E85673,-2452.9383539404316,-1157.7758421954663,-0.49133795
E85677,-858.3774682379143,507.11714824532856,-0.3472329
E85680,183.41209789558653,544.9844716659924,-0.8621966
E85681,1405.3321602385702,1006.221698568967,-0.35782886
E85682,-16.669329077002395,423.28409544042614,-0.3472329
E85683,-1478.0663352742897,213.28116819693722,-0.43200058
E85685,311.1873749851218,382.5282943702008,0.3499814
E85686,-3077.9256222718086,-1541.9462924761112,1.9238257
E85687,-2670.6193209040966,-31.07504611340017,-0.43200058
E85692,-648.7700607922665,20.617197895191744,1.9478525
E85693,-769.6214703465556,380.8170607656762,1.9478525
E85694,-1604.622046207135,122.49408682215301,-0.3472329
E85696,3.0465036289340635,719.4975833108774,-0.35782886
E85697,-283.2446295817015,-328.5078017049733,1.1701089
E85699,605.595683501687,405.5991130000961,1.1701089
E85700,-2149.8368869557116,-146.51300970888985,-0.36208907
E85705,-2328.7154453201724,-161.4054573434737,-0.34723288
E85707,-240.96599366501272,455.0781734441958,-0.35782886
E85708,-884.9547117369373,254.22298950102203,-0.35782886
E85712,-378.46211677318985,617.6023761117823,-0.3472329
E85713,-1006.285096869953,63.44147313376717,-0.35782886
E85714,-1705.0195549781226,-88.94889933334677,-0.3472329
E85715,-1023.3172496969175,188.11025446866822,-0.3472329
E85716,1275.6862059011357,471.7464485619474,-0.35782886
E85718,-1595.0557188381567,-366.1139573792874,1.1701089
E85719,-868.7399475094378,23.540812015062457,-0.43200058
E85721,-2012.3277383921704,18.15314799526023,-0.35782886
E85723,-1149.4700268451147,140.89934780843802,-0.3472329
E85724,-2130.7422064736566,-317.1664675982823,-0.38325915
E85725,-1462.5558443308626,148.33668165548272,0.9687856
E85726,-1361.0708148611616,44.467296905609956,-0.3472329
E85727,-1253.7471967317474,74.76195867875069,-0.37925625
E85728,-2256.0944854252925,-60.85814161623611,-0.34723288
E85731,-1548.0256722768809,8.06535521356192,-0.34723288
E85732,-2105.841803984324,-70.02441154047122,-0.34723288
E85733,-2268.2991075104846,-343.018865270319,-0.3678193
E85734,-1005.4881958261153,113.88469589459973,-0.35782886
E85735,-1209.322404937206,384.2187902876771,-0.3472329
E85736,800.3189239165915,529.4624081733808,-0.35782886
E85739,1580.2106586511502,1818.1347390973826,-0.35782886
E85740,-2240.0795713933635,65.88737792795841,-0.3472329
E85743,-1529.5276805705114,14.894130430329552,-0.35782886
E85744,577.8184320183176,1638.4343259958582,1.9478525
E85745,2021.867976465147,301.335595005232,-0.3472329
E85746,-2195.364292608734,167.67751405750838,1.9478525
E85748,-1507.822389469053,-177.0433364649686,-0.43200058
E85750,212.13765514034216,614.5416096499987,-0.35782886
E85755,-2367.991230404858,-189.49233042552376,-0.38325915
E86001,2414.556464556287,772.770314557609,1.9859978
E86003,-907.3564070146399,-131.10501889838284,0.345743
E86004,1222.9420209266812,312.1557237699711,0.345743
E86005,998.8440842995881,491.9498104558178,0.345743
E86006,1068.1301122033094,387.24394989826743,0.345743
E86007,2957.0872148587346,-535.3541139892358,1.9859978
E86009,-106.14963670210214,-89.82318799204968,0.345743
E86010,2241.7274821212204,247.4977581145978,0.345743
E86011,-404.85877963507767,-36.80488220347357,0.345743
E86012,3845.022925186473,330.3172095549011,0.345743
E86014,-689.7859437824881,59.459832397201055,0.345743
E86015,5629.329050261034,1027.0031053224955,0.345743
E86016,79.23568808910447,184.364263500515,0.345743
E86017,2452.7051481937615,803.7769410236673,0.345743
E86018,3873.5844032821983,42.82438334567488,0.345743
E86019,1410.5882163845295,52.52450930419499,0.345743
E86020,-527.2435811564767,172.30249585552056,0.345743
E86022,-278.04412854734596,105.06522892673726,0.345743
E86024,-692.9051984123647,-265.39533649835033,0.345743
E86026,29.27451042969784,529.7603976877139,0.345743
E86027,1638.907740947217,292.9248730637693,0.345743
E86028,1967.6460756933452,225.5888238248769,1.9859978
E86029,1827.2025571362542,451.79779436237095,0.345743
E86030,-1503.0038257727315,163.0373683856087,0.345743
E86033,961.4469569774861,389.37762424373864,0.345743
E86034,-2183.369817615427,-45.9528120770244,0.345743
E86036,1943.8866297713148,-143.64566966481766,0.345743
E86038,-1087.3120124391007,120.37433301071394,0.345743
E86041,-717.210654861499,-65.08806839537405,1.9859978
E86042,220.9941555559878,210.80709635640852,0.345743
E86605,-1858.970927106539,35.463885049117316,0.345743
E86609,-1730.9808083991368,70.16397871679462,0.345743
E86610,-1575.6177451379413,18.21195255478954,0.345743
E86612,-1277.8733773683668,-246.13427667311018,0.345743
E86615,-2075.5836660670184,108.63883351049812,0.9687856
E86618,258.02041843464633,490.92540612876235,1.9859978
E86619,-1867.6512513195098,215.02791164387483,0.345743
E86620,-1637.677894924591,-103.16530146609172,0.345743
E86622,-2392.1191427650597,-128.83313944316782,0.33726624
E86625,-1249.4375054132795,74.4412916593759,0.345743
E86626,-960.6646850514131,-237.05611157753174,0.345743
E86629,-1459.312548641223,-37.12786055267959,0.345743
E86632,-819.3175707881379,62.25646259595682,0.345743
E86635,-2258.974482765859,-152.33848808795585,1.9944746
E86637,-25.675019292774007,642.2755179346972,0.345743
E86640,-950.2885392239803,135.88208009166885,0.345743
E87002,3701.791311464325,978.1362099675558,-0.60577434
E87003,-818.8142970525098,373.7982566402628,-0.43200058
E87004,235.56677094306974,212.12323836674042,-0.17133993
E87005,-596.0562099702073,-257.6793169908435,-0.60577434
E87006,-1361.6066378114574,-270.54949805562177,-0.39385512
E87007,-1477.2906799574907,146.31163299050604,-0.17133993
E87008,1131.3095528386418,801.2226121393601,-0.60577434
E87009,-856.1627772474351,79.28337881116491,-0.17133993
E87010,-1150.624487558861,51.006811558361896,-0.39385512
E87011,931.2787626325381,406.91215718031333,-0.39385512
E87013,-65.10357900193198,513.0911127295408,-0.17133993
E87014,174.04500120478082,-14.696356119142736,-0.85160065
E87016,-994.5083313364007,154.7556413485811,-0.17133993
E87017,-1992.2078848024262,-98.23478864686778,-0.5633905
E87021,-1696.5659021360257,-78.1792964744154,-0.17133993
E87024,288.11376780939264,139.95244232815406,-0.17133993
E87026,-1173.3041077170276,278.7673374070721,-0.17133993
E87029,30.86438352206541,558.4125362281641,-0.17133993
E87034,3840.165564723397,2998.0121594715056,-0.60577434
E87037,-561.6099202253135,22.401554765209244,-0.60577434
E87038,267.037704291723,209.23022724660194,-0.17133993
E87043,-1811.702592555087,102.74272229767891,-0.17133993
E87045,-1225.921285261501,307.7942207366166,-0.60577434
E87046,-926.9364361930109,285.85370977649967,-0.39385512
E87047,-325.0359507437294,-253.97181445440944,-0.17133993
E87048,-2289.456383474719,-55.610706123127606,-0.17133993
E87050,-2209.69426746175,84.53111992058743,-0.17133993
E87052,-919.0188397942561,-151.33360404945685,-0.39385512
E87055,-1931.3870910264718,186.8384427189808,-0.23915407
E87057,-2031.522941478496,-90.32629487883428,-0.21541914
E87061,-1452.0931077346995,138.03706293643913,-0.17133993
E87063,-536.0174153221067,506.4977755763399,-0.17133993
E87065,-1801.587864439668,230.1275780549218,-0.17133993
E87066,-359.49185808088515,386.2600669542874,-0.60577434
E87067,304.13162419513174,1585.3359562847686,-0.17133993
E87069,-2281.311467381921,15.787643504930427,-0.60577434
E87070,-1742.7351120873432,53.5677929922354,-0.60577434
E87071,-2147.8114092975234,-17.89470372286275,-0.23915409
E87609,2055.66283769638,763.0630231086876,-0.39385512
E87630,-2675.304399115182,-410.8637164430986,-0.85160065
E87637,670.7822167102067,1764.4526234557502,-0.17133993
E87648,-1788.1860420602607,44.58393651598566,-0.60577434
E87649,-2526.9795630689887,-64.68533840775945,-0.23915409
E87663,-2090.2974314368453,75.8920112744603,-0.39385512
E87665,-1420.9346965983689,171.55670271863676,-0.17133993
E87670,-2440.86032705141,-428.26789373581204,-0.85160065
E87677,-2288.7060948519534,92.48199693635434,-0.17133993
E87681,-415.27490938405435,289.1660229979466,-0.17133993
E87682,234.82120111776632,607.9074037895676,-0.20933925
E87691,-2960.28598398672,-52.94584158051476,-0.6254151
E87694,-2908.468407125087,-45.069332520480884,-0.60577434
E87699,-2293.623819473676,40.73231897989304,-0.23915409
E87701,-1027.2961520929423,172.92665768049352,-0.17133993
E87702,-2605.48922499963,-8.439384231811038,-0.17133993
E87705,-2492.1464762384567,-39.27176088557135,-0.85160065
E87706,-902.9794886729812,404.18920600140336,-0.43200058
E87711,-1201.4807880261562,426.0963410726163,-0.60577434
E87714,-1583.7774103980114,-17.88107241158799,-0.60577434
E87715,-1597.2768548742963,334.2409629470341,-0.17133993
E87717,-2705.321319171645,-156.17668765175142,-0.85160065
E87718,-2259.571090879321,-276.5569938130887,-0.23915409
E87720,-1523.8922926798205,123.65196242754172,-0.43200058
E87722,-2198.244009261148,251.8620608630214,-0.17133993
E87723,-1287.7160104138927,-121.36623110300464,-0.23915409
E87727,-2233.5887737838507,-276.90747788691687,-0.49133795
E87728,-2303.52529225796,-167.74451208251833,-0.49133795
E87733,-1037.643950239588,486.3639785846176,-0.43200058
E87735,-2330.4264466692002,-55.31163697027468,-0.17133993
E87737,-878.6289586224743,-237.6005915322419,-0.60577434
E87738,-567.0319440995426,661.2458599058084,-0.60577434
E87739,303.08872760580385,-152.83003515840628,-0.60577434
E87740,-2174.8770264378036,222.0008590873677,-0.60577434
E87741,-2169.712565044319,87.8572579434323,-0.17133993
E87742,-2354.6746546466425,11.993990105399215,-0.17133993
E87745,-1425.0252691915073,-110.26304082411576,-0.60577434
E87746,-2064.3488519919024,67.21064766801075,-0.17133993
E87750,-1856.1468670614117,562.9151254046387,-0.17133993
E87751,-1317.1487057172865,240.62445099361955,-0.17133993
E87753,-818.4038116892486,345.1308710204129,-0.60577434
E87754,-1076.6603665154555,-116.22856964817736,-0.39385512
E87755,-2270.047605547024,116.99021807715445,-0.17133993
E87756,-1033.0946786001416,62.41816367512986,-0.39385512
E87762,-1561.0135875633603,433.9638194510638,-0.17133993
E87765,-2996.916269442372,-87.73072696799727,-0.85160065
E87766,-2962.2793310746556,-50.36209619878643,-0.85160065
E87768,-2796.9712818881735,33.54433730456037,1.1319634
E87772,-2779.9469178641084,-38.59922433716204,-0.60577434
E87774,-2961.9130875579776,-58.463482985470634,-0.45359614
F81001,3170.8638536602452,803.8524106817588,0.76110476
F81003,-666.0839088074811,439.05072983526793,-0.099287376
F81004,3871.5863620298123,626.1461387652988,-0.45107332
F81005,798.3737291575483,-327.3863611004108,0.7695815
F81006,173.00108663280056,-6.005459825937841,-0.08657224
F81007,4488.963533689284,1770.3746046116253,1.8397735
F81009,4072.236665199097,-13.093378570206859,1.9754019
F81010,6715.532186010008,1073.9382026187611,0.49408647
F81011,928.9774066234105,307.3642540008256,0.97514313
F81012,4072.518783083844,-100.67738067610982,0.76110476
F81013,1264.7624324149942,433.1062999783971,-0.08657224
F81014,5201.909699026596,-1480.517391527996,0.9030906
F81015,4026.7614236914687,1924.45154667351,1.9754019
F81016,972.7835797111557,366.3420723376441,-0.45107332
F81017,6588.083852722611,-1543.0198548430367,-0.82193196
F81018,3865.645706958594,-2386.1325390600705,-0.8133227
F81019,12334.532087998165,3950.8847260554885,-0.49981472
F81020,2683.189367699634,491.0572837598977,0.9030906
F81021,5916.021539237282,638.7680828802805,-0.82193196
F81022,10064.54765739233,977.1431924725068,0.97514313
F81023,840.4005788255453,172.69920436941473,1.9224222
F81024,-54.940394478123636,90.3404743049096,1.5515635
F81025,1537.9180331917917,372.5341767878226,-0.08657224
F81026,5414.981388785183,1127.4989137727334,-0.82193196
F81027,8423.730598648099,197.86152836323063,-0.45107332
F81028,2562.584677575562,432.379792479979,0.76110476
F81029,853.3484050572413,120.26984964372235,-0.08657224
F81030,9563.037317505134,201.34533641466436,0.9030906
F81031,841.6839010071288,-248.14167400014583,-0.08657224
F81032,-1379.091770646307,27.820203257200124,0.76110476
F81033,-1218.475866318346,-462.9431030438014,-0.095049
F81034,2385.9570777136787,112.59573388780504,1.9754019
F81035,-400.79348836306974,-743.3292811930959,1.5515635
F81036,5470.441546813428,392.0170400264586,-0.08657224
F81037,5503.064507825062,-1420.664068265651,-0.82193196
F81038,2703.596487090749,167.60049125551174,1.9224222
F81040,1061.9570006113847,60.213894800123384,-0.08657224
F81041,3174.2059285953464,1009.8895395012701,-0.08657224
F81042,13247.618091053087,9203.030191305517,0.76110476
F81043,11355.285573389649,1692.8506961065175,0.8946138
F81044,2442.5300269922595,697.4185979325695,0.76110476
F81045,-1526.4498658922998,186.08284261087235,-0.08657224
F81046,244.79824610919346,32.628912939513725,1.8397735
F81047,4908.678310617494,446.2121302312354,-0.45107332
F81048,3886.257316575808,-127.94940334895699,0.09567831
F81049,6956.114535989076,1233.3575963270996,1.9224222
F81051,1442.8367345807783,38.72418676585521,0.76110476
F81052,13386.03580941358,490.62994509746574,-0.82193196
F81053,3407.4872799411482,581.0480564932948,1.9754019
F81055,3271.5229068484923,150.51243914915636,1.9224222
F81056,4295.618007356997,111.12016724935185,-0.45107332
F81057,1934.777870447366,508.5504024663863,1.5515635
F81060,965.9277352801888,50.43577835754143,-0.08657224
F81061,3901.0431705623596,449.3348923637325,0.76110476
F81062,1603.4661124222637,-117.52579761640935,0.09567831
F81065,-804.950369380346,56.18469129398355,0.76110476
F81066,878.3877300247991,632.6483369710118,1.8397735
F81067,9659.195881131282,960.98942833657,0.76110476
F81068,7705.625186126247,880.5079425549187,0.9030906
F81069,2109.1140210967988,972.0626671461387,0.76110476
F81070,-1130.621675977177,-1454.0294958311342,0.7634493
F81071,2493.9014877622444,276.41241982066396,1.5515635
F81072,1137.118997720356,-45.9883011575525,0.8946138
F81073,-2113.151039812055,-787.2652737420457,-0.1530425
F81074,887.3673741220034,136.87091064542156,1.5515635
F81075,4584.057075326025,-289.5492543567764,0.76110476
F81076,101.19687132957083,182.56235499052605,0.97514313
F81077,-4762.267371298139,-4014.4495003052,-0.49133795
F81078,1854.484091418568,617.5936754213079,-0.45107332
F81079,3868.1010469370876,-977.5317886910004,0.7637708
F81080,2481.2529940767263,228.42362861710546,-0.08657224
F81081,6471.178309630147,-916.8682283239391,-0.099287376
F81082,2289.597542757682,869.0357392572347,0.013029811
F81083,2122.2969064828194,311.53575123971814,1.5515635
F81084,331.0205698660406,-484.6121420164651,-0.084755786
F81085,3361.7555659772925,192.74241283795277,1.9224222
F81086,661.987331225145,440.6210376128753,-0.099287376
F81087,8824.052105546278,504.8990367551002,0.9030906
F81088,-823.8935462588158,-392.05821667098127,-0.08657224
F81089,2897.004181917006,493.8463489752515,-0.099287376
F81090,4728.020407297861,377.3142709130208,1.9754019
F81091,3402.192247344796,314.3155305037464,0.76110476
F81092,-926.8788941518379,153.37187569075556,-0.099287376
F81094,5087.80189800785,-864.738235584249,0.76313466
F81095,6562.7407950522065,2403.8873073232166,0.76110476
F81096,6283.758260199506,-26.311624171642425,0.76110476
F81097,4954.77107265954,1226.0583636024242,-0.099287376
F81098,3287.089913329596,616.5478204028682,1.5515635
F81099,9955.213325341392,522.7106262907458,0.97514313
F81100,10665.82887317134,3637.5814293115436,1.5515635
F81101,-317.37777393639266,-333.2618493135071,0.76110476
F81102,70.58724379745061,346.4326603199029,1.9224222
F81103,-3751.4648271804685,-2159.613510993546,0.5894501
F81104,1386.6191726816785,-83.57451358522496,-0.08657224
F81105,8904.607761752648,1370.5056205549095,1.5515635
F81106,4745.535108844607,579.8953434300868,-0.45107332
F81108,4329.1522484857005,1926.8079550984146,-0.08657224
F81109,-493.55080359289,-127.97546255003614,0.7634493
F81110,1320.060571758287,2310.8494921573865,-0.078095466
F81111,1271.346045404031,831.3937774453474,1.9754019
F81112,1736.7240985397773,548.6754782017566,0.76110476
F81113,3938.997183378731,584.4925870217687,-0.078095466
F81114,7021.160659756555,1353.101830639019,1.5515635
F81115,8471.98815341606,4188.92361822106,0.76110476
F81116,4241.935331959042,1087.7657685101844,-0.82193196
F81117,4205.208980751578,-173.44252285075126,1.5515635
F81118,7246.453356673911,636.7217826043047,1.9754019
F81119,3162.8369471708565,313.85159600410236,0.9030906
F81120,6644.045136249607,3.99328528369107,-0.45107332
F81121,817.8503152228448,343.74909262422244,-0.099287376
F81122,2877.4359600737594,1107.703414670178,1.5515635
F81123,8594.72592731203,871.1097295783903,0.76110476
F81125,4353.101149856531,276.37051471632685,1.8397735
F81126,6225.474816086889,-281.10673394875795,-0.099287376
F81127,1206.6288773091267,355.0439498555605,1.5515635
F81128,4331.339210524359,566.4041882151644,1.8397735
F81129,-1800.3550468487492,-3142.4998564022876,0.7695815
F81130,2370.3093453471242,753.8996033767525,0.97514313
F81131,2861.958483941352,436.99100388232114,1.9754019
F81132,9795.651161693002,811.4883442269447,0.9030906
F81133,5328.704881753495,286.50316256567135,0.97514313
F81134,2591.665201069379,-36.9916353236142,-0.078095466
F81136,2263.341464513054,2591.804142838922,0.09567831
F81137,1707.8240265317497,826.5444245213836,-0.078095466
F81138,-34.16644932921898,383.593897995647,0.89509237
F81141,67.2209816228683,411.4694311695533,0.76110476
F81142,-182.4420004199505,-62.15631150616473,0.76110476
F81144,4967.85297437961,1682.650676389457,-0.099287376
F81147,-192.84376756982144,-399.833518052547,-0.099287376
F81149,5730.468000729307,-9.18654052444385,1.5515635
F81150,1245.5298167782466,487.5632131879942,-0.08657224
F81151,324.3551669241536,-440.661097313617,-0.086845
F81152,1708.489896315495,90.81598179503047,0.09567831
F81153,3950.400003210425,-31.812106130851124,-0.08657224
F81155,1436.6762962654727,-226.74568669532576,-0.078095466
F81156,5177.275683231305,1092.3170400163708,-0.82193196
F81157,3813.887441527638,-1293.4977595589546,-0.8035656
F81158,-341.81168907149646,344.17567084868455,-0.08657224
F81159,-888.4381668874196,537.3909641495401,-0.099287376
F81162,-1780.6377505593828,-241.76894645560208,0.8776603
F81163,510.8649522119885,485.4099396050602,1.9224222
F81164,1420.2786235795197,763.2963822185186,-0.099287376
F81165,-1178.3444220584922,28.235610962849993,0.09567831
F81168,-535.7953574701085,-319.32127587200097,-0.086845
F81169,402.227945454648,-148.908351247497,0.09567831
F81170,-18.807053400237464,574.2457545735941,0.76110476
F81172,-1715.1975168038978,-1402.6897752498558,-0.02299646
F81173,794.1104848541922,627.3260252516745,0.9030906
F81176,-1772.2080037934777,130.75773074017278,-0.099287376
F81177,-60.21312735695395,265.3351586315773,-0.08657224
F81180,-1556.4195594373282,-860.8447193556257,1.5261332
F81181,5963.723497731853,1170.3002399310496,-0.45107332
F81183,951.7196132360295,1212.6490670639494,0.97514313
F81184,-781.6943426040676,133.81645846279866,0.8946138
F81185,-1699.4169950439411,-803.3779277195131,1.8143432
F81186,564.4100584070771,585.9097250693417,-0.08657224
F81192,4171.808971869547,501.1444091871141,-0.078095466
F81193,762.7066465597619,481.75761733818314,0.97514313
F81195,-1361.0162258550392,-121.66221902906169,0.9030906
F81197,-1266.990122909082,-493.44049175913773,-0.078095466
F81198,-1041.0298526631188,67.10108702125873,-0.078095466
F81200,-1339.0974756753576,-201.6144589651697,1.8397735
F81205,2252.505319050355,1654.8984998327498,0.76110476
F81206,1340.9930570367674,690.7803301960415,-0.078095466
F81207,-2234.5011177647602,136.93044051035457,-0.099287376
F81209,-1069.4558656428082,-111.51473593910796,-0.099287376
F81210,-1647.5424501115754,-888.4543005017136,1.9584484
F81211,672.5597126495877,-157.11841982244505,-0.078095466
F81212,6403.381904220983,1984.8929807456836,-0.82193196
F81213,2830.5994411389624,2658.1642571499447,-0.82193196
F81214,-123.61266399235696,-489.52613413952935,-0.095049
F81215,1090.6883045048098,823.0061382209626,1.9224222
F81216,-721.5106684741626,65.49061583818434,0.09567831
F81218,-1741.5088894754513,-26.175467028550845,-0.078095466
F81219,425.9337712079816,110.43297547655268,-0.078095466
F81221,1372.8268171237194,272.19132153903087,-0.49981472
F81222,-777.0010909016211,-68.7357519038501,-0.08657224
F81223,-1270.6341453110049,5.656169417767441,1.8397735
F81606,-298.31986486427456,481.846946045899,-0.82193196
F81608,1075.5961871764966,-1369.9127822866237,0.5726937
F81613,1611.2138247075156,427.53675512825674,-0.099287376
F81618,-567.672239079997,-56.4757728578603,0.76110476
F81619,-425.1173535269112,-68.76602911756176,-0.45107332
F81622,-1047.689026152593,-1.1255985190039002,-0.11306212
F81623,-1032.6108631564286,-81.75259413080576,-0.078095466
F81632,27.431275364957923,-426.10593446531146,-0.078095466
F81633,113.6350189898102,-50.35542496885529,-0.82193196
F81635,-1747.6685148179047,262.819938829247,0.9030906
F81636,3953.089066979823,1265.181457172039,0.76110476
F81639,-2522.5507093820784,-148.87006189723536,-0.16710153
F81640,-717.2897670337078,759.2769287043284,-0.08657224
F81641,-121.3734692784368,205.94435934228068,-0.078095466
F81643,-5013.074475924464,-2212.0423113084353,-0.095049
F81644,-2189.5537221573154,-232.41201925426176,-0.0879923
F81645,-360.8527363877891,371.95390686068316,-0.08657224
F81648,-2389.3966593291584,-169.09686447092588,-0.09132215
F81649,-261.1093304059114,244.56807869089138,-0.099287376
F81651,-1260.4384380533106,-265.68044529744657,-0.08657224
F81652,-1836.042610619812,112.27921861284997,-0.078095466
F81656,-1466.589659002656,20.898094868403966,-0.099287376
F81659,-4496.616669589365,-1716.4912634381365,-0.09504901
F81661,-2249.05284799225,-612.1410990989981,0.7695815
F81665,-1662.1368703455096,157.40596822680286,1.5515635
F81666,-601.3874738052755,186.57523487969917,-0.08657224
F81667,-2320.6608305863638,-277.7389294620691,0.76958144
F81669,108.76557652237909,510.9935022179245,-0.078095466
F81670,274.8111709779495,-223.1378751196203,-0.82193196
F81672,-1316.028991730941,-554.6759112308166,0.7644349
F81674,-1601.0338142787157,294.3150170802829,1.5515635
F81675,-830.655548145408,657.146592714643,1.8397735
F81676,-2575.5630468757536,-226.69000507123386,-0.16710153
F81677,-3547.8682127983116,-1392.986075214053,1.8143433
F81679,913.4721022423023,757.4868168142713,0.76110476
F81681,11412.08704529207,5506.169013703419,-0.82193196
F81683,1437.8731659932178,130.18704341185693,0.9030906
F81684,-879.1385021000793,480.2536295342611,-0.099287376
F81688,-1877.6645631299614,13.30478492433529,-0.099287376
F81690,184.59076420838852,1424.9588226916555,1.8397735
F81691,-631.9051941413079,-45.87518163042013,-0.078095466
F81693,-2782.937599372045,-142.4608625637567,1.5261332
F81695,-2529.5411814548843,-174.52507863961858,1.8159565
F81696,-2095.13333478538,126.3362381936893,1.8397735
F81697,-723.9132983456304,2.7395496519289835,-0.08657224
F81698,-712.2584636767834,75.45609050517288,-0.08911526
F81699,-1758.5517095867144,-117.31614883898081,0.76958144
F81700,-243.3413970583794,296.1265603071675,0.76110476
F81704,-1888.1929067511896,120.81368429141028,0.76110476
F81707,-1648.7480018103865,293.9912076656545,-0.08657224
F81708,-1030.6992928745794,928.6322303234728,-0.078095466
F81710,-2259.690710375145,-710.254179770725,-0.095049
F81711,-1889.7366183555268,67.44602275394307,-0.08657224
F81713,-2095.554545975581,9.394075426137904,0.76110476
F81716,1329.5787280412978,932.0437445988173,0.76110476
F81717,-1572.701346997377,121.12113262857834,0.9497128
F81718,-2609.2898558660445,-374.60935722227646,0.7670082
F81719,-1966.8202806432132,-587.1434086791065,-0.095049
F81720,-1417.209653729433,129.00499802583843,0.76338345
F81721,573.9042525412991,585.3286584696197,0.76110476
F81724,-1874.1821856925674,-244.07028224783204,-0.123243466
F81725,846.7306563776334,872.6733413585811,0.5470663
F81728,-2089.508927363572,-412.76274545507624,1.922422
F81729,-772.1769158505288,-111.47347146177164,-0.08657224
F81730,1210.2503114660994,334.73553483871433,0.9030906
F81732,265.6256435440032,2158.135018125451,-0.08657224
F81733,-1904.8100650841063,-13.229492540538585,-0.16710153
F81734,-2981.8327324729094,-397.7466331119747,-0.095049
F81736,-2340.9367491720645,-741.8698936837056,0.7695815
F81737,-2400.5437832767393,115.48751456914732,1.9224222
F81738,-1509.4205031507313,-450.698487074866,0.97514313
F81739,2114.6513803451207,2318.2302090355233,0.76110476
F81740,-1426.494860076258,121.34205116769081,0.76110476
F81741,5791.7702497659,3956.489401064617,-0.82193196
F81742,-2433.1583613857233,-71.69642305195055,-0.094136946
F81743,284.76353618880853,-325.59387180726935,-0.09208213
F81744,-1397.3377904537203,45.346317688176136,1.8397735
F81746,-1984.4515784415996,214.08739007010263,0.76110476
F81749,3441.703548538727,2568.944253096623,0.5470663
F81751,613.122687977202,1253.421412043828,0.97514313
F81754,-3646.2796643991915,-953.3718057784625,-0.16710153
F81755,-2774.5835733063223,-73.37501825855587,-0.16710153
F81756,-1949.4526200835892,-221.38168462783253,-0.08829408
F81757,928.1727158307909,629.7941869975738,-0.82193196
F81758,-813.779614611883,-630.0837216464644,-0.49382254
F81761,-2996.5276595773344,-16.536128653098498,-0.02299646
F82001,-125.36485750806692,89.96325219533493,-1.3114654
F82002,161.2996022460633,322.79635556961466,0.55978143
F82003,-377.5644048577549,312.13633643991386,-1.3114654
F82004,731.5960318853769,-1663.630331638078,-1.3199421
F82005,-400.94333536841305,102.03176243525799,-1.3114654
F82006,6397.908444411229,894.0077595776489,0.55978143
F82007,2968.1216468769812,642.3437149361768,0.55978143
F82008,4581.324065998406,-357.87018274075007,0.55978143
F82009,4314.110666209245,416.83968045955623,-1.3114654
F82010,-471.5795854009653,148.0326704924418,0.55978143
F82011,4822.731527111925,-93.65098975695382,0.55978143
F82012,-147.48692864065995,-641.3379915642639,-1.3114654
F82013,4110.820949826748,271.1501528065728,0.55978143
F82014,1832.724146821053,-0.33995101029434116,0.55978143
F82015,164.43874497802045,272.149780063787,-1.3114654
F82016,612.2149321054932,-24.362091957599677,0.55978143
F82017,4055.6310610871815,114.4648871685228,-1.3114654
F82018,3014.3308466270023,231.25229332021001,-1.3114654
F82019,1375.4310997275486,258.8411049348526,-1.3114654
F82020,-1490.238234136736,-460.3571200058365,-1.3199421
F82021,3795.7886752465556,-334.85033989104227,0.55978143
F82022,4489.15154418035,1525.487844813687,0.55978143
F82023,-1188.7822066185,-384.9386970225129,0.55978143
F82025,437.5386182432072,759.1406643431711,-1.3114654
F82027,-1779.9908819875313,-95.3331836317993,-1.3114654
F82028,723.3762895982633,855.1774866910059,0.55978143
F82030,4488.988865629447,1004.7619924915539,-1.3114654
F82031,148.32532441347536,-125.18894750685482,-1.3114654
F82033,-1336.69764992626,33.24524386464397,0.55978143
F82034,-1717.8300041266011,-137.42340517365804,0.09567831
F82038,1752.5039518286005,-16.056248586765722,-1.3114654
F82039,-924.2885750259135,150.0600509490572,-1.3114654
F82040,-1460.013648334891,-54.832321642452946,-1.3114654
F82042,1794.8257275464496,697.2114309211465,-1.3114654
F82045,-1378.53782052791,283.48786216658726,0.55978143
F82051,3050.852632338475,660.0322565223519,-1.3114654
F82052,-1509.2061545876595,-58.9871425939157,-1.3199421
F82053,-661.7377980035423,556.0623536506336,0.55978143
F82055,-608.7077830568965,729.1365488699532,0.55978143
F82604,-430.7050170372457,412.2754324851197,-1.3114654
F82607,254.9883774387293,527.7594031954542,0.55978143
F82608,-2715.7971659732257,-300.42793049721126,0.5173976
F82609,-730.2736554798602,243.22492506046666,0.55978143
F82610,-1537.9372027624117,-41.497003366544654,-1.3114654
F82612,-19.557743711101427,383.8759263465581,-1.3114654
F82614,-220.1430814183483,622.1845351534174,0.55978143
F82619,-1461.9381772575805,-171.56491621257987,-1.3114654
F82621,-893.3879226177777,436.98849009170755,-1.3114654
F82624,-1567.1451073017702,-91.09017583532193,0.55978143
F82625,-592.6198340864808,228.7875087376834,0.09567831
F82627,407.90971102419695,187.6426530130873,0.55978143
F82629,-2674.4428185669703,-471.62766792920763,-1.3199421
F82630,-174.58406393107128,400.7782711240361,-1.3114654
F82634,-930.9888118640695,197.47825067957388,-1.3114654
F82638,236.567473817262,-94.82705103669691,-1.3114654
F82639,-1971.531564929634,-18.420433525651035,-1.3114654
F82641,-2561.6384398462537,-114.72351169110286,0.5173976
F82642,135.08259532991863,168.61658948814764,-1.3114654
F82643,-1970.857751495213,-50.06561215744481,0.5173976
F82646,179.9124284326903,-647.4544169341317,0.5173976
F82647,-1332.1755414664408,202.67281385288254,-1.3114654
F82648,-1144.5968354431834,-162.92751195217454,0.55978143
F82649,-494.08743800419194,-247.32469589839553,0.55978143
F82650,1004.9191303444587,940.5422473448443,-1.3114654
F82653,-2270.595533470058,-89.78979870099269,0.5496316
F82657,-2918.951987236187,-537.2548653864509,0.5173976
F82660,10182.05935297047,6051.027512615379,-1.3114654
F82661,-1691.4863527126615,-134.59244346123023,-1.3114654
F82663,-1144.3302859512357,192.31102363979969,0.55978143
F82665,-1739.2618089739874,-358.09171784941367,-0.010387265
F82666,-885.201315032182,-12.29101633371505,0.55978143
F82668,-1243.2792238486745,-61.46079959824886,-1.3173689
F82670,-2271.06085574531,30.643842277099417,0.55978143
F82671,-1316.175677044164,104.86848088881248,0.55978143
F82674,-242.32364456491328,279.42297813455434,0.55978143
F82675,-415.7912869624101,-327.9495516825643,0.55978143
F82676,579.5350039268877,356.42636161691496,-1.3114654
F82677,518.4852859038955,636.0768994265267,-1.3114654
F82678,831.5627152768404,1528.578308649409,-1.3114654
F82679,-991.928275031828,70.08515628712968,-1.3114654
F82680,809.433734264131,954.6547105380048,-1.3114654
F82686,-1984.16465318406,-123.79054211619462,-1.3114654
F82744,-2823.94771751049,-913.9763012357289,0.5173976
F83002,353.65044116670714,325.80722114173074,-1.14193
F83003,-1170.7451084943837,217.02275740175423,-0.39385512
F83004,-1411.1766306184152,-53.46565269213513,-1.14193
F83005,-2259.135847457479,2.6451873237723142,-0.60577434
F83006,469.0036345764706,566.5667548346705,-0.39385512
F83007,-792.3706894696573,198.04595132616066,-1.14193
F83008,1524.3439350227902,368.46939164096824,-1.14193
F83010,1031.6195070715644,1046.2543146118437,-1.14193
F83011,-947.9846374374497,-11.158809597776068,-0.39385512
F83012,-487.4114263277212,186.619698940371,-1.14193
F83013,-2741.2511689651046,-297.12777680555996,-1.175837
F83015,450.7409770518993,112.3356554908054,-1.14193
F83017,1336.1383610608266,306.0289100177301,-0.39385512
F83018,569.9832885506395,350.2198622611153,-0.39385512
F83019,380.7522354215883,-103.8324704175862,-0.39385512
F83020,296.14979408736406,192.67743498220236,-0.39385512
F83021,1058.1159666732829,446.732686663203,-1.14193
F83022,954.1459029577804,335.38864118774563,-0.39385512
F83023,2928.0694947262236,537.4216257081246,-0.39385512
F83025,-510.7291324610951,461.61136772134415,-0.60577434
F83027,-867.0484731728768,216.9250223444804,-1.14193
F83030,-1971.1741578004096,-327.34511838721403,-0.5633905
F83031,-2225.81671207502,-413.76540586112037,-1.175837
F83032,-239.94317379988158,129.3250788981164,-1.14193
F83033,-1535.341659498766,75.34033593405839,-1.14193
F83034,-1427.3728051920446,122.44790352284495,-1.14193
F83039,-1069.166343750336,49.146888494359416,-1.0614007
F83040,-2538.1156483366976,-697.3214503321568,-0.85160065
F83042,-1989.9925443920442,-12.075956702116018,1.1319634
F83043,-2394.634203577417,-52.1930319754037,-0.60577434
F83044,-1840.4093087405934,-36.199009466179206,-1.14193
F83045,-897.7835336537576,173.69535843458345,-1.14193
F83048,-637.9512576442177,317.3109510292193,-1.14193
F83049,-2830.4337269524085,-64.12034564582427,-0.5633905
F83050,-1844.0085997491606,320.32834855301724,-0.39385512
F83051,-2326.8620944539584,-358.54886796640045,-1.1513085
F83052,-1428.0511992053694,76.46689972172639,-0.39385512
F83053,-805.0641144717075,48.24715573716635,-1.14193
F83055,-268.4809440670996,43.16062263935285,-0.39385512
F83056,-1707.7808880883833,-317.6484963758605,-1.14193
F83057,-663.254962158345,133.39630688806972,-0.39385512
F83058,-1151.835891771648,204.55405305484072,-1.14193
F83059,1523.1919959201289,261.5874942488193,-0.39385512
F83060,-409.09244502168923,272.0932831215582,-1.14193
F83061,-1782.7019292136065,310.0477717299966,-0.60577434
F83063,-252.14572228680183,331.7235892525734,-1.14193
F83064,-725.7326891959646,14.377838907961038,1.1319634
F83602,-2883.0406199685895,-234.93291953283332,-0.5633905
F83615,-1069.7917859397232,192.38277910711037,-0.39385512
F83623,-738.5720122468098,102.1796391407829,-0.39385512
F83624,-1106.0237430358804,137.80313917532308,1.1319634
F83630,-2665.5034677201124,-469.53476987311643,-1.175837
F83632,-1088.238113658808,796.4133522323858,-0.39385512
F83633,-2448.0072379384287,-112.05250432363823,-0.39385512
F83635,-2024.458551870778,95.44425272035002,-1.14193
F83648,-1417.4637740297976,298.57867677417045,-0.5633905
F83652,-972.0396924316494,251.26742132986396,-1.14193
F83658,-1471.5756376721993,-3.9914758537471653,-0.39385512
F83660,-474.05456916967273,106.26578934759583,-1.14193
F83663,-2760.4085531942496,-520.5747659507343,-0.5633905
F83664,-1089.5830457278707,119.48016844642281,-1.14193
F83665,-798.956515202834,122.74142226863923,-0.39385512
F83666,-573.770738628069,145.8257444807912,-1.14193
F83671,-2022.649668313708,108.05312448536975,-1.0614007
F83672,-2807.909704519444,4.042120998434059,1.1319634
F83673,-926.1193748443756,210.42851083966778,-1.14193
F83674,-609.6814765677647,1304.2103806231607,-1.14193
F83676,-2884.6424043156494,-12.771469831350013,-1.1513085
F83677,-2526.25347967737,-23.454167130228033,-0.39385512
F83678,-1535.520326667372,31.061165908506073,1.1319634
F83680,-1392.8798635829257,319.88405966387666,-1.14193
F83681,-1624.794788408205,-79.76291505381161,-1.14193
F83682,-2432.0763172701204,-135.79877732068053,-0.39385512
F83683,-1365.1987726879854,141.97644460406295,-1.14193
F83685,-3527.491041074246,-531.7855611312305,-1.175837
F83686,-1667.623127103078,-118.17467730407171,-1.0614007
F84003,1293.440175165509,856.0457529336257,-1.3029885
F84004,7889.588499928829,1097.8919713073328,-1.2394129
F84006,8242.782741825695,974.8746761365987,-1.2394129
F84008,1256.2501521919191,234.45720683807053,-1.3029885
F84009,2035.691982511074,540.7760074580119,-1.2394129
F84010,3099.211244256457,611.6267081426327,-1.2394129
F84012,1902.9709468490685,89.05876586913845,-1.2245785
F84013,-347.11668015309795,173.63676177429963,-1.3029885
F84014,3072.56064334368,1254.9235231296261,-1.2394129
F84015,-54.413268780690544,178.02417670697537,-1.3029885
F84016,3746.4233796672556,1101.3638565739113,-1.3029885
F84017,6612.556465561344,1182.7372479819007,-1.2394129
F84018,442.2389677778785,403.4554202579899,-1.3029885
F84021,-212.2962194289911,238.18536119906486,-1.3029885
F84022,-56.85702760635691,-164.67808760157928,-1.2394129
F84025,208.29505989604246,1599.7656716881168,-1.2245785
F84030,-965.9549855215607,780.4120921582529,-1.2245785
F84031,6510.8210058756595,1012.3605403140277,-1.2245785
F84032,-1752.5425196129283,-421.53612888176866,-1.2478896
F84033,-125.596252048162,-293.8573168898218,-1.3029885
F84034,5050.5879792202595,1346.5209158840169,-1.2245785
F84035,-1822.0417107567955,44.66169949622452,-1.3029885
F84036,-1112.7597848554658,88.85624179024633,-1.0614007
F84038,-811.8697277352501,-122.07487052740963,-1.3029885
F84039,1754.7758895281963,1091.046910011976,1.1319634
F84041,1301.4284080914892,413.4453864147898,-1.14193
F84042,-2805.5143859564937,-416.45224651522125,1.1658704
F84043,-1088.8273022550095,-227.41864563879773,-1.3029885
F84044,395.3946771230269,401.443459360947,-1.2245785
F84046,-1135.3129144163847,502.9053418745253,-1.2245785
F84047,3500.7648216427406,-147.7292465238199,-1.2394129
F84050,2368.5266651807374,1472.98741480193,-1.2394129
F84051,-312.4473404681575,393.5844343980168,1.1319634
F84052,1400.972775766963,1406.89903133239,-1.2394129
F84053,1473.5019744853214,482.09250922693,-1.2394129
F84054,2818.691641550999,1117.7173768868433,-1.2245785
F84055,-1656.4748507848087,3.727089470618938,-1.2245785
F84060,-309.25119525311743,195.4094037859239,-1.3029885
F84062,5322.1881533418355,1627.4675033428377,-1.2245785
F84063,253.37118827475456,-144.6742980904264,-1.3029885
F84069,786.6066770014148,350.07411311833283,-1.3029885
F84070,1272.403750114112,1022.5152604577654,-1.2394129
F84072,-1397.8500399195918,375.01783645771917,-1.3029885
F84074,2883.0555764262945,200.527065202588,-1.2394129
F84077,602.8444760736704,466.8840343155278,-1.2394129
F84079,1068.5508777078173,606.8111078693468,-1.2245785
F84080,-1305.9187594114758,165.91787176328606,-1.3029885
F84081,3757.344749580776,1194.9474530179084,1.1319634
F84083,2707.8187544960874,777.0478012730147,-1.3029885
F84086,2238.132045259235,389.0256196546291,-1.2394129
F84087,5964.192187740735,971.165641525139,-1.2245785
F84088,376.2351409463049,216.23261536317702,-1.2394129
F84089,-1941.8799790046978,-344.67595023102234,-1.2465553
F84091,-756.061470411982,-708.9473911089826,-1.2478896
F84092,460.63469419966333,773.308327930809,-1.2394129
F84093,3827.060090494825,1252.6545518346195,-1.2394129
F84096,846.7241232352326,530.8999865767507,1.1319634
F84097,3313.302892328813,965.2594889587989,-1.2394129
F84105,130.05056485431854,-93.12718763516294,-1.3029885
F84111,626.6169661086901,689.763035177284,-1.2394129
F84114,-414.8932574971604,96.46880997525344,-1.2245785
F84115,36.33196837367673,152.33823847750506,-1.14193
F84117,258.7257078338741,213.98730912235442,-1.3029885
F84118,63.93214089999838,270.9320460499607,-1.2245785
F84119,306.37008058970224,468.10182629137734,-1.0614007
F84121,4383.516206554575,1286.8279733667537,-1.2394129
F84122,6626.815792022697,1370.497847512785,-1.2245785
F84123,572.9827756225966,512.488577236508,-1.2245785
F84124,-863.8240346385071,482.10964835732204,-1.2394129
F84601,-1176.8045303938143,217.54720380535792,-1.3029885
F84619,-1645.4862422730214,72.73984739599877,-1.3029885
F84620,827.6854288654346,394.9351496673512,-1.3029885
F84621,-1045.6759220004676,-52.68980290262967,-1.3029885
F84624,-2012.7478249672545,7.506276117191303,-1.3029885
F84631,-1065.3118542805964,-80.21428958022223,-1.2394129
F84632,-2378.2138507593054,246.59372631155003,-1.3022966
F84635,-1455.6174334077023,95.09856240739755,1.1319634
F84636,-1975.4941714846666,8.9955124106313,-1.3029885
F84640,-61.876544941696395,256.8074280140389,1.1319634
F84641,-603.7126917073266,-49.79547411229231,-1.2394129
F84642,-638.5960534363597,-257.18270043303175,-1.2394129
F84647,-997.404191476251,539.3947514139629,-1.2245785
F84653,-3350.3094086022743,-805.1886932758608,-1.1037846
F84654,-2683.523722822139,-696.4128757702098,-0.02299646
F84656,108.86058983058068,756.7971001573255,-1.2245785
F84657,43.73623830833601,508.5512609225766,-1.2394129
F84658,4043.9515829989036,3635.211450978999,0.09567831
F84659,-3072.102352486809,-4.584173383474119,1.1622678
F84660,-2332.519929373523,86.95057386114787,-1.2394129
F84661,-1540.4697273172596,-55.07836864350384,-1.2417575
F84666,-971.1643580932831,287.9758695823965,-1.2394129
F84668,-1420.4553833708196,-111.17214093582481,-1.3029885
F84669,3025.079584434015,2177.213952693363,-1.2394129
F84670,-160.14722712981785,695.5498482302759,-1.2394129
F84671,-2862.4579340047267,-375.79422033910254,-1.2478896
F84672,119.6839085532288,1389.033366938529,-1.2394129
F84673,-2327.1260423708773,-27.39321720942287,-1.2394129
F84676,-636.009316172768,229.1056924208208,-1.2245785
F84677,1897.2674108951405,1006.7466606691706,-1.2394129
F84679,-1383.0049953226655,-64.76810934074749,-1.2457193
F84681,671.0860073599833,300.4440374470276,-1.2394129
F84682,3038.577622329593,1394.1453434910186,-1.2245785
F84685,-1994.3929805018065,-6.687721614921579,-1.3029885
F84686,-1770.6609322412144,-39.29292216929992,-1.3029885
F84692,-1577.3602559668261,102.7626938276213,1.1319634
F84694,-2082.820922102386,69.79882312026383,-1.3029885
F84696,-519.6116878508215,228.90012303986418,-1.2245785
F84698,-269.12015003862325,475.1356168541912,-1.2245785
F84699,-2564.083875973668,-848.651112958196,-1.2478896
F84700,-2713.2180556807325,-143.1395743208355,-1.2478896
F84702,317.17407178342614,394.6108496055844,-1.2578279
F84706,-1148.8027275918002,286.90696246676595,-1.2394129
F84707,-3604.2761832042565,-856.0371175861453,-1.2478896
F84708,-975.7832681703906,85.29309821588296,-1.2408329
F84710,1704.9561209036792,536.3128638128336,-1.2245785
F84711,-1759.1524423663723,13.241761798724735,-1.3029885
F84713,-2036.5862005810684,-467.4423817395092,-1.2478896
F84714,2211.341660528555,660.6537006338708,-1.2245785
F84716,-1573.2721857790889,-49.528447000485926,-1.0614007
F84717,117.30732587816583,242.33629675235156,-1.2394129
F84718,2860.639422872768,1318.0611957116853,1.1319634
F84719,-981.443163643903,-37.4051743892727,-1.3029885
F84720,-499.2637663690246,210.78752071069928,-1.3029885
F84724,3064.1862783270585,1257.2787937681226,-1.2394129
F84727,-2051.9018857412493,-535.8393593141997,-1.2478896
F84729,-762.7809680512106,901.282095408456,0.09567831
F84730,-267.1061814084516,934.4055086497095,-1.2394129
F84731,-2671.8549888644493,15.516075449956226,1.1319634
F84733,-2209.5050691469983,63.27172457400573,1.1319634
F84734,-313.37945664584436,-190.96049858465003,-1.2394129
F84735,2382.7779904466456,742.5249084545093,-1.2394129
F84736,-4173.140895707319,-1553.3723389738923,-1.2478896
F84737,-552.2267388472983,1232.9297940661834,-1.2394129
F84739,-705.2372906985056,199.1768802071876,-1.2394129
F84740,-769.5594507186238,809.7889666609475,-1.2394129
F84741,-323.024733507984,136.06515934946196,-1.2394129
F84742,-1742.8765433574572,64.9484348303962,-1.2394129
F84743,-2838.9961910682964,-70.15846545052791,-1.2396035
F84744,-2703.482433317087,2.4907444018854394,-1.2245785
F84747,2506.8552866032387,1429.2675747056414,-1.2245785
F84749,2343.166476783152,2588.633682007734,-1.2394129
F84750,-2906.777757944591,-24.521993791990568,-1.238409
F85002,13617.982272298746,10645.032593611832,-0.72656834
F85003,1354.2845190293958,-1468.422109590431,-0.72656834
F85004,6891.088355956188,2059.0064085161353,-0.72656834
F85007,3854.5836451793166,2409.7678030740376,-1.0614007
F85008,3792.073457692898,263.2419818819005,-1.0614007
F85009,88.18306414021323,-265.73948349579007,-0.74352187
F85010,1179.470332491175,600.3392331124738,-0.72656834
F85011,-2034.264631136328,-655.4037736207255,-1.1037846
F85013,1058.0417465120659,319.6559785101969,-1.3029885
F85014,1692.1656192487005,578.0746845816096,-0.39385512
F85015,-1320.9625297193966,-437.71822929662056,-0.73190045
F85016,340.34513004057874,378.49082606455244,-0.72656834
F85017,2225.5010691992597,-291.6595715521854,-1.0614007
F85019,3775.6961182609407,1103.6951254827432,-1.0614007
F85020,1214.3002140714989,439.48992948588307,-0.72656834
F85022,-2676.485738824684,-549.1016457015342,-1.1037846
F85023,-22.27306168002466,482.65653311794114,-0.72656834
F85024,-2013.0256276059733,-325.7718947773571,-0.72656834
F85025,4759.1219676727,621.5023420609457,-0.72656834
F85026,-1530.6426931036801,-711.2504119297613,-1.1037846
F85027,1764.4307109805882,-2037.4427918321737,-0.72656834
F85028,608.1099089684006,-273.24753674042034,-1.0614007
F85029,4021.6738152445264,763.2744174006167,-0.72656834
F85030,6633.124706126625,1889.930457799788,-1.0614007
F85031,2286.5000688444193,1107.7048096430492,-1.0614007
F85032,337.2528791760061,-208.87668268589385,-0.72656834
F85033,10633.065598268158,5653.079062110126,-0.72656834
F85034,-1006.6431251652726,142.72826985311121,-1.0614007
F85035,914.3075807938982,179.29318875834852,-0.72656834
F85036,-1169.7807512273487,-199.19803165239895,-0.72656834
F85037,-2688.5423151220307,-672.2452895044163,-1.1037846
F85039,-327.9282349920384,250.74999746895398,-0.72656834
F85043,-1012.3528569795232,-80.78263038987546,-0.72656834
F85044,-590.886509635739,265.5774171904698,-0.72656834
F85045,-1259.3529642873593,-116.82147202992782,-1.0614007
F85046,-838.7614510745158,414.13735436674784,-1.0614007
F85048,-1039.0476336551762,-50.20449207221884,-0.72656834
F85049,-2024.6618369472073,-217.87338267425272,-1.1037846
F85052,-2228.529096678943,193.12630913595765,-1.0614007
F85053,-970.9964903661466,-1554.633118036114,-0.72656834
F85055,166.78785895245792,213.5011843300102,-0.72656834
F85058,1713.7918351553246,251.17426151427475,-0.72656834
F85059,-1865.3099701445403,-259.9443174442958,-1.1037846
F85060,-370.24237081381426,654.2324524777746,-1.0614007
F85061,-1262.0267780748902,118.57518321605045,-1.0614007
F85063,982.480951478742,549.7801150511951,-1.0614007
F85064,-932.5497836550607,68.96264791431116,-1.0614007
F85065,-1176.5808286574759,-55.541787374162816,-1.0614007
F85066,3431.9476423215115,1010.2093226174649,-1.0614007
F85067,-561.2748929254951,421.05557193678226,-1.0614007
F85069,-235.5132746177737,623.5056587604088,-1.0614007
F85071,-18.551234504129347,689.2575638317953,-1.3029885
F85072,2554.2856299871696,1777.0205697059664,-1.0614007
F85076,3863.3685594764765,-803.0863400158893,0.5470663
F85077,-1527.5809444943823,-56.527359963450536,-1.1037846
F85615,-40.40641409285038,342.45643459422286,-1.0614007
F85623,-709.7018072833071,421.58549237824167,-1.0614007
F85625,-96.92398611969999,-38.669194996809544,-0.72656834
F85628,-1050.3880355463134,342.4967913897219,-1.3029885
F85632,-2444.798195356564,-181.49831781762722,-1.1037846
F85634,-1452.1352102247054,75.99197972839656,-0.72656834
F85638,-3389.3849612641297,-990.6502288428329,-0.74352187
F85640,-399.7669378015685,481.73738173832913,-1.0614007
F85641,-2348.510845999181,-700.5628989772746,-1.3199421
F85642,344.40741156990373,843.1970262162147,-1.0614007
F85643,-1471.447687869966,-262.23106601127785,-1.1037846
F85645,-2081.2936260266915,38.699828963164194,-1.0614007
F85646,-2922.373017765043,-25.241074338744628,-1.1037846
F85650,-49.276703070659636,58.36854536893114,-0.72656834
F85652,-299.38859827064243,-427.2584629903203,-0.72656834
F85654,-526.0691326493727,407.04024123746035,-0.72656834
F85656,-1824.645873901579,-138.39297635197136,-0.72656834
F85658,-2187.4074210098033,-274.6539584132344,-1.1037846
F85660,-2685.74041186569,-232.05046477340125,-1.175837
F85663,649.9252479285642,-96.85625582328234,-0.72656834
F85665,-2854.7179225411282,-319.24435007740607,-1.175837
F85666,-324.5847162010442,88.49513228119419,-0.72656834
F85669,254.18289073301028,1437.5587900750827,-1.0614007
F85675,-326.8739503592678,845.4079543853471,-1.0614007
F85676,-351.2573905913584,826.0818291159986,-0.72656834
F85678,-1445.1723084221785,114.7000976413471,-0.72656834
F85679,-2056.9477014980644,-101.76977302471926,-1.1037846
F85680,-1963.174119462303,76.2286654452079,-1.1037846
F85681,-2111.6516565205584,-189.07562454215253,-0.72656834
F85682,-1372.8239587479857,40.71366933181525,-0.7264005
F85684,-744.7190061743693,-616.3687915004688,-0.72656834
F85686,-1536.8274327595093,-200.70444174230448,-0.72656834
F85687,1259.1042981129426,-103.60047542361497,-0.72656834
F85688,-743.369525920968,156.99568319043638,-1.0614007
F85697,-1554.4800880838768,336.30709268603846,-1.0614007
F85699,-2034.9844198142166,-155.05252119452285,-1.1037846
F85700,-596.874498040061,741.4547206908095,-1.0614007
F85701,1049.3878842565703,953.6714929936617,-1.0614007
F85703,-1420.88031792887,-105.55797592270979,-0.72656834
F85705,1015.0041680379497,2212.246879908083,-1.0614007
F85706,-3141.9729153368107,-1353.193453228347,-0.74352187
F85707,-1886.5999836353603,-184.02355953461668,0.5470663
F85708,-2757.607658094244,-70.65658183313677,-1.1037846
F85710,-2948.4881859793263,-206.1513751277726,-0.74165034
F86001,100.66565002867691,-64.51484484991589,-1.0910693
F86004,3027.5137848775444,448.307331717806,-1.0910693
F86005,129.2794426901251,-475.8643161648551,-1.0910693
F86006,157.0653913340571,322.03594005364215,-1.0910693
F86007,2885.1677504881295,404.5352819557561,0.09567831
F86008,1443.9667806807936,698.9927219187548,0.09567831
F86009,23.815601843124487,-530.5841542357614,0.09567831
F86010,4173.850661632482,392.4209225570462,0.09567831
F86011,1522.744203360748,1117.7222817358079,-1.0910693
F86012,1162.2649561812327,-218.7768450791011,-1.0910693
F86013,-933.4637463174537,-53.641760321763044,0.09567831
F86018,1613.6823042219748,738.0321033888672,-1.0910693
F86020,-294.6590805634567,167.69655666761136,-1.0910693
F86022,3150.3815553793474,381.9297934548432,0.09567831
F86023,1382.0237529026363,702.1018057307396,0.09567831
F86025,3148.8468401049345,1360.5210584489625,-1.3114654
F86026,-354.57213826063656,-34.18606169910622,-1.0910693
F86028,286.4420015133662,130.2642693083727,-1.3114654
F86030,-614.9026625356861,238.34649907971882,-1.0910693
F86032,1589.4731547414242,686.8272818472958,-1.0910693
F86034,-468.37209851653705,-315.434100872138,-1.3114654
F86036,2798.7342848724147,522.5894010547757,-1.0910693
F86038,1947.8489246576646,911.1077503777178,-1.0910693
F86040,-335.5943952776145,225.76106688371468,-1.3114654
F86042,-1056.0985758265297,63.50821723677441,0.09567831
F86044,-900.5601594537766,-147.23891464539943,-1.0910693
F86045,-2090.1075173816575,70.71444682668923,-1.2394129
F86049,-2157.2361856868342,-95.35074474439027,-1.175837
F86057,392.5068990930242,246.7990817795139,0.09567831
F86058,1793.7759005216294,980.7040236682648,-1.0910693
F86060,2198.5864864048076,372.4557121711376,0.09567831
F86062,-897.047363274775,67.38919945339461,-1.0910693
F86064,-547.1609452393341,131.1615233329422,-1.0910693
F86066,388.21247328759307,464.0109603668721,-1.0910693
F86073,-1611.4692718529973,-88.02946990875853,-1.1052701
F86074,1075.0336190074954,563.3019754082308,-1.0910693
F86078,314.48202263810776,-65.64150897581229,-1.0910693
F86081,-563.5612064799784,367.03478607695445,0.09567831
F86082,-156.59684544999664,1189.7193953634417,0.09567831
F86083,2137.9086782664176,1300.8919038266733,0.09567831
F86085,-1805.5253496654439,-134.54686574944017,0.09567831
F86086,-1002.9626811491582,149.337127078245,-1.0910693
F86087,-696.8329461665174,-557.6378597670164,-1.3114654
F86088,-898.796020738012,363.34227171926904,-1.0910693
F86607,1353.2241689094137,-271.36773854323377,-1.0910693
F86612,-990.9376179734445,0.6933031444880237,0.09567831
F86616,-793.2771555104769,286.20985930365345,-1.0910693
F86621,-865.6621361059474,60.65651105826375,-1.0910693
F86624,-1853.230002609499,89.97828057453738,0.09567831
F86625,-476.57946056296265,468.7845175260455,-1.2394129
F86626,-1659.5623642554692,-22.461525149069523,-1.0910693
F86627,3329.047080848306,-0.07634661959456128,-1.0910693
F86635,-2044.6617393405872,-194.9497748983035,-1.3199421
F86637,-1140.4317033102054,225.25219764135838,0.09567831
F86638,-865.1378030563047,9.949712857708098,-1.0910693
F86639,-1056.314691522495,218.70569356875498,-1.2478896
F86641,-885.3995404303746,277.38086139130615,-1.0910693
F86642,-1398.6410222897148,149.77299063214713,-1.3114654
F86644,484.49210704682827,-111.22323284742487,-1.0910693
F86650,736.3142742783035,169.19313956559677,-1.2394129
F86652,381.1418806161723,765.9603527289142,0.09567831
F86655,-2075.6346828989954,-119.22779461794003,0.007387141
F86657,-609.4897155529125,455.4589293058777,0.09567831
F86658,-1368.7806441926277,144.69521821578724,-1.0910693
F86664,-713.5711303877408,-258.348189121334,-1.0910693
F86666,1860.2782364546185,1337.9876654598454,-1.2394129
F86675,-1767.6815941097677,178.14996908122612,-0.01636004
F86679,-1565.9000147702263,150.2920245861805,-1.0910693
F86680,-3525.287211614938,-801.7669005576874,-0.02299646
F86686,-2206.951205983804,-1839.2568859145626,-1.175837
F86689,-1867.3036965544122,227.8272911099266,-1.0910693
F86691,853.7579935299717,1132.9767647665221,0.09567831
F86692,338.69638840288326,1434.9930723441032,0.09567831
F86696,-1186.1639420741449,156.9537681429508,-1.0910693
F86698,-1361.4179076267994,292.92254320691217,0.09567831
F86700,-1274.671992282731,75.13394275592839,-1.0910693
F86701,-1408.5826658899937,235.14791463397103,-1.2394129
F86702,-791.1914800555257,546.0071417199683,0.09567831
F86703,-1486.4689543826985,234.83329703885522,0.09567831
F86704,-2784.629226214656,-167.27262938986513,0.023921473
F86705,-1896.4929223085906,47.953859936795226,-1.2394129
F86707,-509.85008735691844,374.7048428873063,0.09567831
F86708,-1898.036258916357,51.704634401595314,-1.0910693
F86712,-1592.5849602858573,51.61207561393679,-1.0910693
F86731,-726.501219250686,291.6579741472376,-1.2394129
G81001,2987.065572173105,582.5810718498346,-0.0378308
G81002,2153.267295060775,-389.12751549565877,-0.04842677
G81003,6747.313633760107,850.8801548986148,-0.04842677
G81004,7696.5570611058965,-963.7675971876114,-0.04842677
G81005,-2280.545244439814,-1700.3130836144771,-0.13107526
G81006,1703.379533693419,754.8012404561946,-0.0378308
G81007,1371.9262027763557,-254.81584288751685,0.9052098
G81008,7493.121302307128,-213.3371157941582,-0.04842677
G81009,1168.996202162346,-724.6425447754477,-0.13107526
G81011,4317.577420724701,-21.8792907336639,-0.0378308
G81012,2091.8004579885987,546.9854171442698,1.6723574
G81013,3226.9979516241847,3510.1847969126857,-1.1097183
G81014,659.8071437458888,605.2355662212684,-0.0378308
G81016,1697.4743520491886,-483.8704417245241,0.9052098
G81017,2498.843199611816,6.039553002179134,-0.04842677
G81018,445.05233921264505,-194.38700560597857,-0.0378308
G81019,2313.644181170766,-6.38066971913889,1.6723574
G81020,-2668.697305268015,-240.5504559768526,-0.13107526
G81021,679.9373876273354,-199.82327712575298,0.9052098
G81022,9158.393908523702,-30.08415071712766,-0.04842677
G81023,2626.9657989689354,-294.39160662254505,0.27580968
G81024,3501.5326948504144,96.31015744052124,2.2106323
G81025,4839.138781427132,431.55842811076917,-1.120738
G81026,2153.463836510271,370.74992731560775,-1.120738
G81027,157.02090646448545,-196.97104004603514,-0.04842677
G81028,2259.903273575349,442.22148800987907,-0.0378308
G81029,7334.1748647402555,147.38406013234604,0.9052098
G81030,2401.1861469734645,-507.9318132315185,1.7507676
G81031,5640.8415735069375,266.6544441813444,-1.120738
G81032,2707.935402638814,119.18906675215547,-0.04842677
G81033,132.503594098686,-1097.970761465824,-1.1119723
G81034,5109.2065061696985,1796.0603233757963,-0.0378308
G81035,3675.285695335003,-613.9912406705328,0.9052098
G81036,2402.9818759324776,282.76086341976094,-0.0378308
G81037,1388.9955018004894,72.77251616006258,1.6723574
G81038,2504.961006182218,29.710826266553678,-0.0378308
G81039,9350.847118001988,1001.8561741793886,-1.120738
G81040,-908.0132114826077,33.55088095795926,1.6723574
G81041,7907.08196992425,-328.3813809579183,-1.120738
G81042,958.2616689797652,220.61685113702262,-0.0378308
G81043,839.5159843885607,535.8127857564534,1.6723574
G81044,-1541.2846664722429,-144.19120606142826,-0.0378308
G81045,-30.777127285329794,297.18460890078364,0.9052098
G81046,1880.1673503554694,-139.42551902435403,-0.0378308
G81047,367.42736035204996,142.13801640964883,-0.0378308
G81048,2393.3136992771238,264.3478623600841,-1.120738
G81049,2098.408260990842,160.30442131558485,-0.04842677
G81050,6245.152027735961,658.9307409426467,-0.04842677
G81051,5215.990500934123,519.6414761366399,-1.120738
G81052,280.0240376711117,-52.002024536846584,1.7507676
G81053,1887.2881662922398,553.0246528095643,0.9052098
G81054,2546.7715038473953,837.2431760710507,-0.0378308
G81055,3543.4525599691774,288.13264685624694,1.6723574
G81056,808.0084816149813,-323.78943435165104,-0.04842677
G81057,3087.9351497975995,398.3521934349255,0.27580968
G81059,5575.0120478068,-178.99535741418578,1.6723574
G81060,-5658.757703472138,-4162.761037692712,1.7062645
G81061,733.0710963600429,145.29061443819526,0.9052098
G81063,-1485.6675066503287,-131.24489234182073,-0.13107526
G81064,-500.46026616203346,127.73136501881149,-1.1037846
G81065,2115.879872018983,882.0515791171122,-0.0378308
G81070,3068.8958772759747,3844.3360675933886,-0.0378308
G81071,-2395.1023176415288,93.50186603461728,-0.0378308
G81073,867.4977645567508,-196.13268191046765,-0.0378308
G81074,3800.6313713456348,3308.005405256692,-1.120738
G81075,1251.8509471649088,498.271575228106,-0.0378308
G81076,2043.0155626478986,134.0307364018337,0.9052098
G81077,2808.3153835203,-246.79243174644813,-1.120738
G81082,678.1981904799165,342.1731970507067,0.27580968
G81083,261.0983819639948,475.2300156406123,-0.0378308
G81084,4259.974682061798,3138.964089769974,-1.120738
G81085,943.7860404312653,129.1400294221202,-1.120738
G81086,-169.88003428735098,123.88515448000535,1.6723574
G81087,2950.1742292927643,312.0163732092785,0.27580968
G81088,6067.715855926176,522.3449955893768,1.6723574
G81089,-655.9447341219253,173.38193412717095,-1.120738
G81090,-722.9616505712448,-71.95495336122927,-0.0378308
G81094,-1538.5714179055192,-71.92196439978002,-0.067157686
G81095,3925.730429715862,3740.8267290548506,-1.120738
G81096,-544.9573759266488,-51.655824145004786,-1.120738
G81097,-457.28261205604485,-136.68455517693204,1.685678
G81098,2107.186827170551,1564.3601084954498,1.6723574
G81099,4149.178062282969,436.0403904434147,0.9052098
G81100,4164.678882014347,1413.0355017758393,0.9052098
G81102,6843.71270904037,1832.2466783883126,1.6723574
G81103,-840.7234895399708,153.03828467787423,-0.07823674
G81104,3514.5391333476014,1363.9793115152313,-0.04842677
G81105,1208.8255742662832,316.2853047448108,-1.120738
G81611,-1021.9420371925762,-337.85590135913054,-1.1037846
G81613,-533.0279456116782,240.12158810999662,-0.0378308
G81614,782.5122692554829,74.09580341302723,1.6363312
G81627,-1992.148820101498,-257.58114075252814,0.9136866
G81634,-619.987376655263,505.5790742243614,1.6723574
G81636,-1966.0464831257573,-474.04048564070797,-0.13107526
G81638,-71.17198428497268,716.6351396555762,-0.0378308
G81640,-1523.6413227723992,-30.309124698514037,-1.1037846
G81641,-673.8165914792647,362.76887705279313,-1.120738
G81642,-2041.933547967659,-176.44314721408375,0.91192913
G81643,-598.2505934947023,-139.6422130079073,-1.1037847
G81646,-2296.42336883136,-71.38208871105078,-0.0378308
G81649,-1270.8880842772446,-231.28569545351687,-1.1037846
G81651,751.0125506084911,-332.4907694764421,-1.1081251
G81656,-920.4202877252128,-139.28332473247593,-0.0378308
G81658,4614.712110298514,2271.8441710582997,-1.120738
G81661,-2029.3483974050437,-100.87553828598483,-0.13107526
G81662,-708.6225166976863,-853.6784692428107,-1.1037846
G81663,-593.0327570466346,300.85792501436447,-0.0378308
G81667,-1747.475715030158,-165.31915659732277,0.9052098
G81668,-2860.9203426351346,30.21376960332394,-1.1037847
G81669,-1147.970078804329,555.9848427238982,-0.0378308
G81670,-2980.231567093237,-21.370989874646266,-0.022996457
G81676,-1420.7584796847068,-314.05703827934013,-0.13107526
G81677,-3014.3753743818697,-36.66918004808268,-0.044704594
G81680,542.3896210234922,1231.0293112489292,-0.0378308
G81684,-1570.2336407976177,153.27190015451285,-0.0378308
G81685,-2166.205757639348,-797.0270079666079,1.7062644
G81687,-2375.637408799258,-1719.3681749861544,-0.13107526
G81689,-1946.0936546207809,496.3401315545177,-0.0378308
G81690,-3003.550094469892,-19.51585208375706,-0.027499743
G81692,-2158.1346826408108,-1016.2175369295512,0.91368663
G81694,-2072.519762080643,187.1039411745872,-0.0378308
G81696,-2911.362318227983,17.419917097094324,-0.04919738
G81703,-2889.853735563833,-1.0293690449338027,-1.1238922
G82002,812.0278136021495,661.9428889666198,-0.07597627
G82004,-1789.7569221144083,-582.5772602163128,-0.34723288
G82006,3029.9800651439095,-148.11377306545805,0.49408647
G82007,2293.4424270240247,-909.1005522486363,-0.24551165
G82011,-666.1256816199221,134.43030552169034,-0.070551135
G82012,258.43433116701306,-461.1008939393762,0.7348895
G82013,6026.943084472783,-223.63147546123034,1.6363312
G82014,6874.438358058987,1706.2267041499642,-0.07385708
G82015,1673.3525950844044,603.1219833427416,-0.07597627
G82016,2046.2409305066835,-285.0230536719595,1.6214968
G82017,3957.814763463337,2686.1039434885993,0.94335526
G82018,1897.0000437449553,-956.8130783650936,-0.24551165
G82019,4637.679911829876,-64.30285408210118,1.7634827
G82020,6179.2265664130855,354.1289374157733,-0.93213
G82021,6458.342565442234,974.0173884259125,0.013029811
G82022,2350.5960522740857,-274.31921143448335,1.6214968
G82023,80.29438236343941,18.137648387196226,-0.3980935
G82024,2559.6570506625844,142.2915985270822,0.94335526
G82025,3146.6903007898327,1794.8219771850527,1.6214968
G82026,516.3783884873712,275.74341523515227,-0.3980935
G82027,3033.9533622622967,1651.7181129124997,-0.3980935
G82028,2289.8651424780637,-868.4518720329022,0.83315724
G82029,597.8928811465911,-1001.3529358204664,0.73572546
G82030,-1704.561535643812,-2295.8596274550114,0.9857391
G82031,4327.98430069497,482.2471773881643,0.94335526
G82032,7118.528573295898,737.8868500926033,0.013029811
G82035,1849.8087500077797,227.44481553292198,-0.3980935
G82036,3125.6005114136765,293.8468727584433,-0.07597627
G82037,9158.54573771212,536.8272722422909,1.6363312
G82038,3008.522079766064,534.6496864080848,-0.07597627
G82039,6072.739631052141,2147.218532958684,-0.3980935
G82040,-2550.5506147428837,-1498.27148601486,0.7335552
G82041,1998.0583672134157,1463.412057969105,1.6214968
G82042,7201.008257609213,508.9859723935421,1.6214968
G82044,1872.8151845381185,7.078270491337299,0.013029811
G82046,3004.7513843971838,-789.7484386584221,-0.93213
G82048,3120.6307236376783,221.47295672304787,0.49408647
G82049,-859.9660233521474,-435.289095862056,0.53858954
G82050,7150.432074147501,2478.495556135232,0.53858954
G82051,3542.9722567239132,804.7840188455588,-0.07385708
G82052,7876.217805678482,2016.9265482806554,-0.93213
G82053,1206.9320457720435,669.3968472191074,0.53858954
G82055,1988.5599900051081,255.91527277769336,1.7507676
G82056,1334.3868133287103,-155.50685626633506,0.49408647
G82057,7312.972958668758,370.5587061494438,-0.3980935
G82058,2921.4624820489275,97.24606741842263,0.94335526
G82059,9743.524767933592,617.2176606551046,1.6214968
G82060,6169.848516022003,927.6602591249354,0.742032
G82061,-1425.7744761208612,-102.8448341959074,0.7335552
G82062,-1648.8821965882616,-97.59117860762028,0.013029811
G82063,3050.9530718420474,521.2834946833982,-0.93213
G82064,3032.5864938618406,1938.064247211149,-0.93213
G82065,-1582.358657400014,-210.07436158538252,0.94335526
G82066,3463.6535610772453,-638.1713288314779,-0.93213
G82067,3408.892251608293,-363.090541564478,0.013029811
G82069,2023.9826237100242,-360.56515034915714,-0.24551165
G82071,18167.94706229908,2418.512331588365,0.742032
G82072,96.23737720290458,616.2462868312188,-0.24551165
G82073,4411.263859259388,168.27782084159267,0.013029811
G82074,7382.692471343966,941.8677254814336,0.94335526
G82075,-588.8540931889412,-286.44978727380465,1.6929214
G82076,4511.349703035832,470.37270768948207,0.94335526
G82077,6217.3835101709,835.1505416555441,-0.07385708
G82079,4427.9936765287,479.1772501993295,-0.93213
G82080,4858.800625211552,1622.1774192281364,0.53858954
G82082,1810.1327096627024,249.5672571004326,0.742032
G82083,7656.261109914869,334.16877755964765,1.6214968
G82085,3898.2567103179867,-1087.241384748052,0.013029811
G82086,2063.3878415359204,580.7513545353722,-0.07597627
G82087,6803.219896568997,952.4220058488997,0.53858954
G82088,-106.4531034416044,-58.42757704996062,0.49408647
G82089,515.8425179744851,134.59604864302028,0.94335526
G82090,10412.157542844254,1386.1854289868513,0.742032
G82091,1930.530833722496,265.633167660537,-0.07597627
G82092,800.9115755087049,112.17253410666352,1.1362019
G82093,5952.2749348510315,1031.3279055604687,-0.3980935
G82094,4340.510377710109,1072.735721761588,0.53858954
G82095,4141.718771756198,558.9198952705071,-0.07385708
G82096,-1449.2127776202,-26.669822293827902,0.013029811
G82097,8992.441593210793,-495.4066766194304,0.49408647
G82098,153.92155870900365,-6.675009218796773,0.94335526
G82099,7916.187060392729,167.7048150335349,0.94335526
G82100,3479.136515262439,1887.1198155930808,-0.07385708
G82103,-828.4971081739174,-495.3298448663651,1.6214968
G82104,-1830.2381580367023,271.90048625565424,0.9634757
G82105,9665.215851854815,1504.1197606383714,-0.93213
G82106,685.5220606071988,482.8935968775844,0.013029811
G82107,4367.82381177957,714.6480305149422,-0.93213
G82108,1398.690966072848,-42.626210931951896,-0.07385708
G82109,-860.6360583987096,-323.970057384683,-0.07385708
G82110,196.03693616090092,-452.2221235774991,1.6363312
G82111,2874.8529490876203,196.3012548598443,-0.07597627
G82112,4234.798015739754,324.3250952163932,0.94335526
G82113,1916.5177650659155,600.4465492304013,-0.07385708
G82114,10079.56569196943,430.0168523288781,0.53858954
G82115,991.311896820549,30.287476721175782,0.742032
G82117,1781.1831326346796,164.83839833384062,-0.07597627
G82118,3929.2041776597616,581.6822222445919,1.6214968
G82119,11005.286760074338,2794.488003722282,0.742032
G82120,6387.506368795679,-231.35696779799952,1.6214968
G82121,4350.065289047099,140.278042322439,-0.24551165
G82122,6278.201646511443,1691.8655066667004,0.49408647
G82123,-35.07837210864734,918.95658509502,-0.07385708
G82124,-799.8116523705967,286.59455919385374,0.5534239
G82125,1723.4312223633008,-221.91052188560923,1.6363312
G82126,6126.152701320761,1014.6225032907512,-0.93213
G82128,437.9294485801004,-48.52918639789557,-0.07597627
G82129,-506.9265038269833,118.05037925639483,-0.07385708
G82133,1719.5096962613027,-232.1157181553819,-0.07385708
G82135,5147.4004850545925,-866.5590259327836,1.6214968
G82137,1781.2087268584169,284.1595430323378,1.6214968
G82138,-386.4732324854515,15.14088736397712,-0.07597627
G82139,-1251.3471951430356,52.99302277256328,-0.07385708
G82140,-2251.197246895647,90.5014295612048,0.742032
G82141,1292.4861096725585,0.5397418145695766,1.6214968
G82142,2923.6354956741243,187.55386727482494,-0.24551165
G82143,302.5741697930531,170.83889883043116,0.49408647
G82147,942.4915366586545,586.4948150091099,-0.24551165
G82148,111.75407661156375,-4.014001726841529,-0.9297853
G82150,2797.2158429556384,512.5862703703061,-0.93213
G82152,557.7162543007507,-42.03876431176599,1.6363312
G82154,-163.87807256717747,693.8824843989975,-0.07385708
G82155,1982.9929740952127,293.82892896790605,1.6214968
G82156,-2077.65086913723,-626.234432975626,0.5534239
G82158,550.8349790157515,48.474475857271635,1.7507676
G82160,4544.065133903663,-357.1350072754366,-0.24551165
G82161,4669.569174002789,2202.0820446412245,-0.07385708
G82162,665.6552513813355,-165.49545262337963,-0.07385708
G82164,3696.4384201384464,251.03878636403152,0.94335526
G82165,2324.1784166334855,237.98445587941654,0.742032
G82170,-1543.51461175434,27.74573104929243,1.7507676
G82175,-2413.383724038626,-72.68691332463935,-0.38591373
G82179,-2045.427881252979,-226.53770415770995,0.7335552
G82180,805.2367892573751,38.95302515676153,-0.07385708
G82184,-1667.6475351855065,-157.539081658601,-0.07385708
G82185,1589.1089228115118,-132.13942013290364,0.49408647
G82186,2869.230638688446,771.0727303244208,0.53858954
G82187,709.4877567712381,248.8425939496518,-0.059022725
G82197,-388.21607157534,479.6628364984511,0.013029811
G82198,517.5288259441742,835.5852480005176,-0.07385708
G82200,1611.0665900682836,603.9011262449484,1.6214968
G82203,2350.882648196137,107.61678940016023,0.013029811
G82204,988.8505777957142,-180.79704494229318,0.7380079
G82205,2305.766561353695,-183.95069877043602,1.6363312
G82206,-1257.1231828336136,357.5535058423388,0.83315724
G82210,-2257.9995857567396,-723.1795238652289,-0.9236532
G82211,2095.6600128587925,493.3340463475768,-0.07597627
G82212,4.486111625446813,633.9637454497412,0.49408647
G82215,1338.381297823742,419.5591658533053,1.7507676
G82217,-1812.0466446334167,-92.90902767199161,-0.07597627
G82218,1885.3783582026178,619.1401601007565,0.49408647
G82219,-227.06344259059085,41.047907496641095,-0.93213
G82221,941.5309130243083,1553.8689773123726,0.49408647
G82224,-1234.3693815484999,-29.9134404835338,1.7507676
G82225,3453.663078554866,-917.0133793087484,0.83315724
G82226,-639.9083608758307,98.74686794922512,-0.07385708
G82227,1164.9707900050105,647.2229078472295,-0.07597627
G82228,7553.702603495759,3399.3797751887,0.742032
G82229,333.60054780748555,689.735817488025,0.94335526
G82230,-665.3404777416655,-302.9700675031843,0.9748878
G82231,1704.3675813919651,56.72793447147398,-0.3980935
G82232,1791.1098915419468,436.4617946235235,-0.07597627
G82233,4734.722775105541,-185.20062288578833,-0.07385708
G82234,541.5694092631762,131.4944369174025,0.013029811
G82235,-488.3993889117257,-15.792184130350558,1.7507676
G82600,-1964.6419349510634,-70.56018209405201,-0.07385708
G82604,2465.8457421460016,617.5166868321344,0.94335526
G82605,-1788.2495376042489,56.76812538651303,1.7507676
G82622,-1466.3940927549243,-343.5836461398328,-0.07385708
G82630,-4289.304521487494,-5285.377074585637,-0.9236532
G82631,1125.0034903099634,1156.1500942107275,-0.07385708
G82634,1741.5494481933456,867.7480059760592,-0.3980935
G82635,-2008.2769126650426,-51.407847887905504,-0.07385708
G82639,-898.8248194388307,-101.43885934277999,0.49408647
G82641,-713.8903529159846,-318.24661161017383,0.94335526
G82644,-2207.1828007883487,-524.9152268881032,-0.02299646
G82647,2603.19015769456,2906.267213361935,0.49408647
G82648,-810.9735814755992,277.0128741032307,0.013029811
G82649,-1352.3725403833726,324.7360892599065,-0.9236532
G82650,3330.720163680876,2139.789442948973,-0.93213
G82651,-3070.8904882948605,-16.98406099770293,1.6702383
G82652,-485.5089474495897,-109.661202029466,-0.24551165
G82653,-1419.1411399842575,775.0207468080362,-0.07385708
G82656,-2142.6347521776815,-277.93803341143183,-0.02299646
G82658,932.8650977131184,298.94523209991524,-0.24551165
G82662,-1829.8085147222166,406.64584361442843,-0.0743066
G82663,-2805.373251474855,-261.86104516561596,-0.3472329
G82665,751.4973875564051,1633.691845556917,-0.24551165
G82666,5297.990837797731,-137.85436888094523,-0.93213
G82667,-1856.5319173361356,-303.37483492278056,-0.34723288
G82670,-2522.7661692269758,-289.09628108706517,-0.02299646
G82671,-708.4783596380447,164.24983256314084,-0.3980935
G82674,-2886.41629212103,-546.1850449070519,-0.9236532
G82679,1797.9539033626772,573.2229841867369,-0.07385708
G82681,691.977429137052,-241.12323806928958,0.94335526
G82682,622.9692576310329,48.035750536281654,-0.3980935
G82684,497.3320309238468,474.6224244313488,-0.24551165
G82686,1837.3358949322342,679.5275049974384,-0.3980935
G82687,-337.0773352247439,336.29665329572714,-0.3980935
G82688,-1311.128288081699,453.9899258438994,0.5606291
G82690,-628.344331279394,278.9633385737248,0.013029811
G82691,-552.4409386674319,460.7419574033015,0.94335526
G82693,3768.0461080300565,1462.576693214875,-0.3980935
G82696,-1542.4482971920659,199.96809776069415,-0.07597627
G82697,-216.0095774843578,1122.5743126367195,-0.07385708
G82698,-1132.8883149223066,448.28527569409107,-0.3980935
G82700,433.856964806268,-33.2733004636384,-0.07597627
G82702,-1469.2612111267913,358.00955121502676,-0.3980935
G82704,-384.3952967853142,243.20675305976073,-0.07385708
G82706,-1706.663653565079,127.86426292000442,-0.07385708
G82708,-1163.608885561113,286.56948583067435,0.013029811
G82710,-1737.6036919863257,-213.20374879730429,0.5534239
G82711,-1318.2077466818369,-16.547283938560163,0.013029811
G82712,-1814.1706155215697,-212.30101166050522,0.5894501
G82715,-1477.9858007215948,-501.34626929055827,1.6702383
G82718,-2642.3360709556378,-374.2491385013826,-0.02299646
G82719,-1689.4251102696755,96.00253062948808,-0.07385708
G82721,-73.3906217441969,136.85155704316477,-0.07385708
G82722,-755.0838845664321,544.5222209571525,0.83315724
G82726,-684.1407161804442,-133.51707216889815,0.7365221
G82727,1085.8539186755245,218.13724404284787,-0.07385708
G82729,2313.5956134033377,776.1381311541286,-0.07597627
G82730,933.9374745786905,605.869145521523,0.53858954
G82732,437.7002872650606,82.9634713563726,1.7507676
G82733,-1498.9173340270147,-46.898571638123336,1.7507676
G82735,23.97752062145698,-690.8523382191275,0.54359853
G82737,-706.9505999282599,658.871687466908,-0.07385708
G82739,-2620.3559243838768,-319.43837649752436,-0.02299646
G82741,-1963.7049217093365,254.22681657412608,-0.07385708
G82743,-803.0234706621833,134.1736107385057,0.013029811
G82744,-801.3080932307834,191.06803353290437,-0.07385708
G82748,-1313.0585179190869,-284.85628025958067,0.5894501
G82751,299.12899158415524,742.1354888020076,0.96172166
G82753,978.7580015247198,-346.25526682501646,-0.07385708
G82754,-789.1273513218366,27.552302091896053,1.6214968
G82757,-1263.8957666089093,502.29664234968817,-0.3980935
G82760,-1388.1207421738552,-118.10415661643877,-0.07597627
G82762,-2100.2507767276184,91.54483214349224,-0.07385708
G82763,-1485.5290480391761,210.10510792903554,-0.07385708
G82764,-2322.212075679681,-129.55598892965745,-0.02299646
G82768,-349.7174335056593,-28.027700521924665,1.6214968
G82769,-2412.698414263223,-119.25698525809884,-0.9236532
G82775,-1603.3411500041861,217.67891767600653,-0.07385708
G82777,-1231.0537448237758,207.58776861976952,0.9550784
G82780,2547.0337346741567,403.93655924763635,0.013029811
G82790,1047.2881215884493,406.5809766137793,0.742032
G82791,-176.03167450402336,169.95392105966437,-0.3980935
G82793,-590.4923647312451,-696.2617460974344,0.9634757
G82796,1357.2780923771008,2297.902565766051,-0.93213
G82799,-746.5886210033195,700.5534454715653,-0.3980935
G82802,-1021.4952930093457,211.7433144831015,0.742032
G82805,-3926.4350241007214,-2012.977860425229,0.55342394
G82808,2505.8251632035863,1257.809512017997,0.013029811
G82809,5025.630337159193,317.58842499858724,0.013029811
G82810,-809.6127744554352,-670.6662097082689,-0.9236532
G82812,-2378.0523667139037,3.3661399664034355,-0.9236532
G82813,-1752.5626354235103,-572.0885412347849,-0.07385708
G82818,-2448.5952734754846,-575.5316783107363,-0.05902273
G82820,-123.85386132183034,1362.4612309193114,-0.07385708
G82888,-1018.7703534070665,204.02225552299666,1.6363312
G83001,2865.555480335053,145.37177716002228,-0.7541178
G83002,1564.0539898423767,633.9600876948784,-0.7541178
G83003,-491.3219119198899,-167.64200768514505,-0.7541178
G83004,5935.233926094717,1510.7348453346688,0.83315724
G83005,1234.3801494837196,-1033.7722063101055,0.83518726
G83006,4343.322575178427,857.9694169648193,0.83315724
G83007,954.2529225537016,-49.47600807965757,-0.7795481
G83009,1716.0180661200036,1438.52966851874,-0.7541178
G83010,2780.1142963077314,1008.9653650076096,0.83315724
G83012,3922.6287136094365,320.5210918108578,-1.3114654
G83013,-166.73573342928103,-854.7433770357245,-0.7541178
G83015,-356.35298394224554,-307.5735010843299,-0.7541178
G83016,252.97324624259767,105.00480120122839,-0.7541178
G83017,-246.38070092485435,206.0764026089894,-0.7795481
G83018,3823.979235209327,705.8070050576231,0.83315724
G83019,2481.6153124787406,1600.4352121825657,-0.7541178
G83021,1810.4774501305242,-215.66987068631573,-0.7541178
G83022,-1653.6645256555148,-5.191730220650096,-0.7541178
G83024,-909.4067503414514,120.37751543100181,0.83315724
G83025,2583.8898458739313,-562.3331508523702,0.83315724
G83026,1146.0017879826887,-44.33939487162903,-0.7541178
G83027,4652.88845000006,1512.6312340055192,-0.7541178
G83028,2865.0194855628292,134.09109065943164,0.83315724
G83029,1043.0782184108157,106.45823801433882,0.83315724
G83030,-594.0144314246254,-209.68764551460558,-0.7541178
G83031,1457.8730545202689,59.934526212114825,0.83315724
G83033,-650.7112661074892,-117.46048272867648,0.83315724
G83034,-205.92569509247394,114.159870582298,-0.7541178
G83037,-1219.097518166759,-93.43397059496564,0.83315724
G83039,709.8020628077111,-118.51558952614411,-0.7541178
G83042,-2824.06503546229,-1474.760164499195,-0.7795481
G83043,-913.6511800267396,-129.94516038196033,0.8416341
G83044,2059.015941843335,-544.1366927021301,-0.7541178
G83046,-390.6810768238874,247.57552133115666,0.83315724
G83047,1903.847603785879,358.8526976964891,0.83315724
G83049,2910.2269619422,-162.08164061912956,0.83315724
G83052,2753.9595109698607,2117.50666071365,0.83315724
G83053,5315.344475525708,387.72974188044907,0.83315724
G83057,3421.041652560551,-210.72698039410318,-0.7541178
G83058,-64.84334936227647,68.25534825168828,-1.0063016
G83060,362.105767014333,-441.51521925563446,-0.7541178
G83061,2302.232622216124,-114.88713452102313,0.83315724
G83062,177.37626887065218,258.717002509806,0.83315724
G83063,-1806.732992950294,-446.4940224335731,-0.7795481
G83064,-1357.6829781308372,-136.91821926449953,0.8398767
G83065,357.47195262175774,629.1172078863773,-1.0063016
G83066,4619.827531320976,1612.6371816909043,0.83315724
G83067,8196.522082787607,1289.9775524482463,-0.7541178
G83068,-2639.1780260358246,-60.878751104000926,-0.7795481
G83069,-3564.0157377564183,-1527.309419786738,-1.2478896
G83605,-1931.8415815173032,-554.9569700707756,0.841634
G83628,824.8982172139442,1145.7770006053067,-0.7541178
G83630,-435.2020517713301,515.7173073445185,0.83315724
G83631,-716.1619125936583,73.87178746024469,0.83315724
G83633,-715.883389788789,-241.61078829110872,-0.7541178
G83635,-409.7111092352193,49.22276569386966,-0.7541178
G83641,-1798.9857978175635,34.69502723551652,-1.0063016
G83642,1017.5076148254849,1411.7662621253457,0.83315724
G83647,224.6341256042205,245.91796834830356,-0.7541178
G83651,-300.21307741871146,-676.9147589856202,-1.0063016
G83654,-490.75701719123634,134.3278176986166,-0.7541178
G83655,-2233.7586385183495,-22.091271713396,-0.7795481
G83663,-1368.7427616805576,-67.17648564877896,-0.7541178
G83668,-1521.340257452653,-268.8525431467599,-0.7795481
G83670,-2311.216392002924,78.64867647315309,-0.7795481
G83672,-1972.5018468356639,18.191189784086,0.8364874
G83673,-1048.2510339588696,396.0350348146001,-0.7541178
G83675,-3978.1376343929924,-1721.3215967338374,-0.7795481
G83680,3209.1476007415085,1400.8068042261718,-0.7541178
G84001,1233.5778803454514,1342.7049069905843,1.1362019
G84002,800.3688714019003,-410.3127853683386,1.1362019
G84003,2488.2560305699812,-823.9853284998999,-1.0063016
G84004,2268.1892445098947,-26.124420612262984,1.1362019
G84005,-226.66117437536496,-144.18475543140025,1.1362019
G84006,1804.1880157797564,-163.25079968048172,1.1362019
G84007,881.1020873087492,192.24369122744653,1.1362019
G84008,-1140.5742963260575,-47.48739182816124,-1.0063016
G84009,-1283.8427055031602,-104.27778425979866,1.1362019
G84010,2984.1531059316394,-71.15773300158266,-0.7541178
G84011,-375.54288731850573,-31.580522452996,-0.27729952
G84013,-1920.5759387983562,62.769648685183874,1.1362019
G84015,1885.4598897080289,-225.13832231893048,1.1362019
G84016,2840.844141071128,-146.76391782729027,-1.0063016
G84017,1046.1853492538876,-126.1893297845503,1.1362019
G84018,-183.58498195133947,-396.68497001308384,-1.0063016
G84019,1822.0127233305966,-370.52274358668274,0.83315724
G84020,372.95057197035936,7.996986508371328,1.1362019
G84021,-23.580151652141577,-1071.1121055034034,1.1362019
G84022,-827.3377915220644,-150.39776088643546,-1.0063016
G84023,1604.3388935529867,-781.6702350244133,1.1362019
G84024,136.60310566792725,331.0330510330246,1.1362019
G84025,-553.2772761232386,-430.2385618765273,-0.27729952
G84027,3068.955205865981,191.2960644401508,-1.0063016
G84028,433.77656561847607,-79.49524259301498,-0.27729952
G84029,-515.6670605042664,-268.42445837863505,-0.27729952
G84030,-719.7814544658399,-194.74709588459194,1.1362019
G84032,1459.4059554842438,796.9639801183773,1.1362019
G84033,-219.56590976234847,88.64318026344792,1.1362019
G84035,-428.7036462733792,-46.99542147796553,1.1362019
G84037,-755.1434981954715,161.02266533891256,1.093818
G84039,-1971.564387568587,59.51204488051881,1.1362019
G84040,14.419760072023642,261.2167996696248,1.1362019
G84041,-1966.4916241546678,137.4299873005283,1.1362019
G84604,-1228.2018006911876,84.05281142380693,-1.0063016
G84607,-834.354065489429,170.88284324276353,-0.27729952
G84609,-1611.065543770657,159.659033924768,1.1362019
G84621,-1719.7483370224902,14.781406280214357,1.1362019
G84624,-1966.5395258992032,-26.659592053226476,-0.27729952
G84625,-1825.9605076121502,32.43811352366713,-0.27729952
G84627,-330.34819379829514,354.69997418542556,1.1362019
G84628,-2121.71506141077,-148.83559580577955,0.8345773
G84629,-883.1905728390253,247.27070234339192,-1.0063016
G84630,-2077.2914694158494,-76.2773663540587,1.1362019
G85001,2115.8332516634964,166.28946867853483,-1.0168977
G85002,904.8600986685182,1161.4648442581165,-1.0444472
G85003,-665.6154651401307,-50.85019936800816,-1.0063016
G85004,1243.8653350600844,-897.0417510525334,-1.0063016
G85005,3617.6771998210816,-422.36710566388786,-1.0063016
G85006,2251.21208094465,259.7156319244035,-1.0168977
G85007,-2890.3029144096586,-327.1757988570104,-1.0677583
G85008,-1354.781510518166,-168.4257710977233,-1.0063016
G85009,-2033.0288984054507,-216.40749681516357,-1.0677583
G85010,-2118.5254687854567,-76.08384591337312,-1.07016
G85011,1758.6061364718353,958.2841143468506,-1.0444472
G85012,4214.178833602696,-1305.5886776537495,-1.0677583
G85013,1639.5891030219727,205.77435055018137,-1.0168977
G85014,2229.0498638950344,1565.0292446862077,-1.0444472
G85015,852.9567469991231,-746.9314543408539,-1.0168977
G85016,1971.50508268516,1310.3107896741262,-1.0444472
G85019,-1055.4520368384085,126.71770288444168,-1.0168977
G85020,-1777.05873019708,-36.492195374943925,-1.2245785
G85021,1501.154709512657,217.34421163036822,-1.0444472
G85022,2549.8752341473823,1072.6879957101485,-1.0444472
G85023,-269.4685157619887,396.92854831241215,-1.0063016
G85024,2736.1793498931784,-786.3454237675934,-1.0063016
G85025,736.7163346468941,516.6347670966464,-1.0444472
G85026,-1222.076132554124,-410.5840458751031,-1.0063016
G85027,-148.92937045929077,-1038.9539113393867,-1.0063016
G85028,4452.852739372494,683.3797623114147,-1.0444472
G85029,-611.556904772276,-305.4971193736441,1.1319634
G85030,-837.2008235568703,55.33062360057452,-1.0168977
G85031,45.89472494585859,-75.8012122877907,-1.0168977
G85032,1118.7621590941917,-152.84586762911928,-1.0063016
G85034,16399.520389562913,13770.975587365105,1.1319634
G85035,-368.59677286640067,-724.5491662218008,-1.0063016
G85036,-468.86044842666695,-957.9425013529035,-1.0183738
G85038,729.8999907010003,-522.1674626420571,-1.0063016
G85039,4082.2521433883953,299.95307223071325,-1.0168977
G85040,233.01697602410016,614.0238317903824,-1.0168977
G85041,820.7645822568952,436.4016030240482,-1.0444472
G85042,-482.3990495188663,440.858302919383,-1.0168977
G85044,-903.7748328098819,236.70057946826648,-1.0444472
G85045,946.2711803604619,208.58907773309306,-1.0444472
G85046,-202.34985368574021,-100.39706051537881,-1.0063016
G85047,-489.4240227690405,958.3285256742207,-1.0444472
G85048,-1416.4661789214672,-519.255384778869,-1.0063016
G85050,-1468.3276698944712,-283.5607469719578,-1.050291
G85051,-357.8652214226085,233.66040971952418,-1.0444472
G85052,-213.44756466784915,701.3393835798469,-1.0168977
G85053,2660.54601651245,-125.58712281157753,-1.0444472
G85054,2020.291485859184,685.6823193574039,-1.0444472
G85055,527.9894688610871,-839.3485675695968,-1.0063016
G85057,-502.28307297371424,-441.5194196120293,-1.0063016
G85060,-3379.333310851899,-693.5587306999911,-1.1037846
G85061,-510.03298060324977,-275.70948989588663,-1.0063016
G85065,-6334.442312390725,-4281.362686153933,-1.031732
G85073,130.5859325512332,360.7897666513231,-1.0444472
G85076,-1940.6929770229463,137.35440985240956,-1.0063016
G85078,-968.1059733634955,83.76550891948597,-1.1037846
G85081,-1856.3730125852958,-495.51017086789255,-1.0088062
G85082,-321.16234140639665,668.3216716562649,-1.0444472
G85083,1490.7697856941718,218.69427511170105,-1.0444472
G85084,-256.19438542894517,678.7957514517686,-1.0444472
G85085,-228.90585277349376,1.311051181697504,-1.2245785
G85086,158.40587932143512,410.5800501650051,-1.0444472
G85087,-122.87155726644028,940.132088209206,-1.0168977
G85088,-630.0555936976951,-239.66377182464115,-1.1037846
G85089,-84.94097272306696,-442.28616169288784,-1.0063016
G85091,-1328.5684760554605,424.9087230778859,-1.0168977
G85094,946.7883638480741,140.2473991286431,1.1658704
G85095,-384.3294231497196,-1184.3898839896938,1.1658704
G85096,604.2216933361664,1550.1372755930997,-1.0444472
G85097,-1109.9650092856648,-277.61833383885096,1.1658704
G85099,-1769.9072764245157,-94.60326737930714,-1.031732
G85100,-390.2594734594076,433.1668324604879,-1.0444472
G85102,-1144.6432066110133,174.56590143155708,-1.0444472
G85104,2004.1937556146804,1260.4137560285726,-1.0063016
G85105,-1380.2171038854601,135.61469722151926,-1.0168977
G85106,-1789.0561198299797,32.18420484083499,1.1319634
G85109,2617.776270120037,675.2166438779406,-1.0444472
G85112,-1241.138051740859,154.19277588885552,-1.0168977
G85113,-1388.8132388912063,-34.017918942049036,-1.1037846
G85114,719.3529642668742,-298.9264025677308,-1.0168977
G85118,-420.4630901281481,-745.2800292821036,-1.0444472
G85119,-89.33607245090421,104.90793826488165,-1.0168977
G85120,-134.5772099050477,-15.804094923067199,-1.0063016
G85121,-1250.2387989007932,78.32726600339149,-1.0063016
G85123,-484.6909219653695,74.17405990150321,-1.0444472
G85124,-420.87959154714724,-164.2463330575086,-1.0063016
G85125,200.92193797868063,181.16630970359546,-1.2245785
G85127,-719.9937825650642,309.38969109704385,-1.0444472
G85129,-1323.0372434997819,225.7048065059285,-1.0444472
G85130,370.0594182621833,559.0381565746648,-1.0444472
G85132,278.93088363416757,677.9239048838498,-1.0168977
G85133,-125.06028215215163,52.072611748279115,-1.0751274
G85134,-1058.5037288206154,298.3391545901849,-1.0168977
G85135,2704.495426679069,2067.5508400894073,-1.0444472
G85136,-679.7807286005755,472.1206583013904,1.1319634
G85137,-1038.0610694881298,436.84208022275243,-1.0444472
G85138,1395.5507306580841,649.5230038470921,-1.2245785
G85618,-2736.919526373061,-520.8290507308341,-1.1037846
G85623,1337.9765316776964,1124.6004677900482,1.1319634
G85632,-913.5207767663802,283.19984947875287,-1.0168977
G85633,1969.9538438139364,676.0499423319903,-1.0063016
G85642,-960.6129038895298,69.18757379084644,1.1319634
G85644,-52.995194777509134,132.14070576779181,-1.0168977
G85647,-738.1138894967889,669.2292505857466,-1.0444472
G85651,587.005448693604,-65.82019468859885,-1.0168977
G85662,1269.6689685342249,53.660337778145106,-1.0444472
G85673,-527.9784955010908,70.5272505805909,-1.0444472
G85674,-1673.5338208326748,143.12680814259892,-1.0444472
G85677,-3653.433362200707,-1380.8784068232303,-1.1037846
G85681,-1223.6441894821646,47.20562386345094,-1.0168977
G85682,-1797.8816177398792,-60.186971506459926,-1.1037846
G85685,2329.2595857895685,777.5861488325188,-1.0168977
G85690,-278.7014022743405,301.9595275525493,-1.0444472
G85692,-281.73837045772177,355.18770034466843,-1.2839159
G85695,-1540.1055756827438,-141.0466636177393,-1.0444472
G85696,219.11584780095183,-51.6730480624244,-1.0063016
G85698,-740.96896484497,258.57559251374846,-1.0063016
G85703,-2616.7480670972473,-322.58462655745103,-1.031732
G85705,-1913.7770040628805,220.6651147905233,1.1319634
G85706,-651.5776593009028,363.03435249493043,-1.0168977
G85707,-2233.382280381756,-654.4631453288407,-1.0677583
G85708,-48.90525906503677,66.80051139824559,-1.0444472
G85711,-1961.5779652180377,134.18976511332036,-1.0063016
G85712,-2100.7441033822265,-661.9334434717312,-1.0389373
G85713,-4006.5436386324022,-1641.9184655256192,-1.031732
G85715,-929.4790857380386,32.95563418921513,-1.0168977
G85716,-1354.2617467881068,165.71106699008618,-1.0063016
G85717,-935.2250369261549,-238.37133947692018,-1.010562
G85719,-3096.7926009455405,-361.497908930821,-1.0677583
G85721,-281.4323783696006,284.8060607203629,-1.0168977
G85722,474.3362255116911,20.20826849340678,-1.0063016
G85723,-1442.4039908547184,-220.75161960314023,-1.0328941
G85724,-98.01575972574591,771.2024004920193,-1.0444472
G85726,19.761725753217515,189.3355658978731,-1.0168977
G85727,-934.5448621625641,104.80828939882865,-1.0063016
G85736,-1708.3361502846349,14.390212369328054,-1.0063016
H81002,-236.71514570845346,5.981210474516986,1.1701089
H81003,3406.071647694967,575.2973966916486,1.1701089
H81004,4336.486142317927,553.0564300761486,1.1701089
H81005,507.0949330205263,-89.31815681781595,1.7634827
H81006,-930.9528786045532,-30.359903622314263,2.030501
H81007,-128.28485427247443,259.04158295194793,1.1701089
H81009,5280.975289198258,411.46259239949313,1.1701089
H81010,3364.3531484103014,-209.76056454919262,2.030501
H81011,1175.8174875097081,284.0060111365317,2.0940766
H81013,14106.342911403348,3614.0144882106283,2.2021556
H81015,1381.0861462808177,-193.8987369211927,1.9690444
H81016,2652.9649096658354,-562.2398312504414,2.2021556
H81017,4549.910774669585,242.8668049055891,2.0940766
H81019,613.0382530432407,229.01949372507374,1.9690444
H81020,1104.630509760523,548.1643014715337,2.2021556
H81021,3349.3554435036494,-136.5683992126926,2.2381818
H81022,-130.2125987894824,-52.031627926567865,2.2381818
H81023,1032.9033117943113,322.6251914172734,1.7634827
H81024,1845.813123436302,132.78775722739985,1.9690444
H81025,1204.088243495671,-11.917128111338073,1.9690444
H81026,1461.644323127947,-121.96358753493442,2.2381818
H81027,1798.0248652776145,39.71073357265143,0.9327593
H81028,3181.581577226616,206.76562701172264,2.0220242
H81029,804.6826330074684,-464.5680690500964,2.030501
H81030,2175.7202467458633,312.4080271095941,1.8694423
H81031,3293.5035097935734,447.4835183072191,2.2381818
H81032,3296.0883459357515,661.0258883713849,1.9690444
H81033,2983.8977668049,1719.6792644514478,1.699907
H81034,-341.07406590009646,377.54926152009926,1.699907
H81035,388.7808028142408,-258.3433985705179,2.030501
H81036,1602.8898262715918,-56.58468206425421,1.699907
H81037,3695.92776838976,548.049350860625,0.30335915
H81038,-1451.0453795666028,88.21208842779207,2.2021556
H81039,-252.02934541449812,63.711294363435705,2.2021556
H81040,1004.814809020419,228.49269995843284,0.9327593
H81041,25.039664613667306,157.25672393176518,1.9690444
H81042,3717.1292860401577,171.89601366499153,1.1701089
H81043,3331.8322379528686,564.2056433895962,2.030501
H81044,-687.8868020627192,-102.79350322387705,2.2381818
H81045,815.1309647984101,554.2972789993496,1.7634827
H81046,-1014.7006171113247,135.80729077356077,0.30335915
H81047,1329.7075900324523,-285.21633192991663,1.699907
H81048,178.22692541139332,216.88197872396762,1.8694423
H81050,1040.3404382216327,47.29198972208036,1.699907
H81051,1810.2570349258544,-36.532014399672065,2.0940766
H81052,4468.965213900157,217.90325793072952,2.030501
H81053,361.060826795408,-30.244641926198216,2.030501
H81054,26.40983214065744,-463.4977172145646,1.7236565
H81055,1815.9540958268713,92.82430269001568,1.8694423
H81056,4119.154042785919,-288.333650862848,1.7634827
H81057,550.471644996453,371.38197950069133,1.1701089
H81058,810.8382625473978,247.10285633692286,1.8694423
H81060,2196.6758939862607,-421.56863666362244,1.7634827
H81061,1062.977697574309,488.3184915401463,1.9690444
H81062,8521.60151624742,2226.4898102365223,2.2381818
H81064,3509.2888010737984,312.73325516610436,2.030501
H81065,1098.1340602132866,-108.37204736263075,2.2021556
H81066,2518.6490094790624,888.3773361972084,1.699907
H81067,1205.5772938388561,213.01704121774029,2.2021556
H81068,5030.112165170683,76.89977338527481,2.0220242
H81069,4128.632941956297,2413.9340880453565,2.2021556
H81070,1653.5391556151726,54.03715065367591,1.8694423
H81071,17.821455918172422,199.39148265819478,2.0940766
H81072,1191.7156735900708,114.95789327943295,2.0220242
H81073,1354.0959504212606,193.71662099478365,1.1701089
H81074,-802.0477979509429,295.68316496574494,2.0940766
H81075,3126.9971488087313,1166.2941342014221,2.2021556
H81076,4104.232942740722,49.05043023599721,2.2381818
H81077,1581.6742943818151,321.435432471614,2.030501
H81078,4747.55414578145,1567.0838727495343,2.2021556
H81079,-1037.4568436138077,-59.32187251480685,1.699907
H81080,4412.118281035434,-120.94858761784693,1.1001755
H81081,1962.964531843928,453.7863136744844,2.0940766
H81082,675.4583596842332,150.83088117043062,0.9327593
H81083,2304.3076635142374,219.552336868004,1.8694423
H81084,-71.05809799516771,-132.18461571348737,2.2021556
H81085,-180.21692036801383,-98.20240758554537,2.030501
H81086,-924.6407055971068,-143.48220498758047,1.7422907
H81087,2642.3319404077965,421.6629674930132,1.1701089
H81088,3411.528850532699,637.9939591465055,0.9327593
H81089,4548.681215307919,1218.7645187966634,1.8694423
H81090,1117.9344390877402,-505.691762092548,2.030501
H81091,330.2173850366903,138.40691700823538,2.0940766
H81093,-3677.2701155671525,-1037.331789196441,2.2106323
H81094,281.81629183196867,242.87573889706053,2.2021556
H81095,-101.64855045933065,500.3759169135129,2.2021556
H81097,632.1435362250833,-295.49230013142426,0.9327593
H81099,267.788731742985,401.5032074591312,2.2021556
H81101,-994.9799674200624,-71.04068753260132,-0.28063884
H81103,-193.2759140873136,264.4732844781351,2.2021556
H81104,0.038318282272059065,342.7459290973391,1.1701089
H81107,-990.7655151162078,-57.407659553712854,2.2021556
H81109,1109.917100752542,315.96956365469913,2.2021556
H81110,305.95110361155355,281.4864087118281,0.9327593
H81111,-1184.152384128891,412.3782924734615,1.699907
H81113,3277.786042502825,211.35396295629786,2.0220242
H81116,-464.9040358586639,-225.55248780096113,-0.27729952
H81118,-1646.296164360028,-284.97137428206497,1.7422906
H81119,2206.0622084823162,764.2371976930177,-0.27729952
H81122,-757.4834301932166,481.01735915619855,1.699907
H81123,-1363.7814020731857,54.45753969386944,1.9690444
H81125,-949.4805358163231,-154.5186477982237,1.7422907
H81126,-454.2523706764525,58.95083537911804,2.0940766
H81128,-809.8392303996512,268.4971202400396,2.2021556
H81129,-1698.6751529608875,221.36888066347862,2.2021556
H81130,555.1278439014952,691.3591592175757,2.2021556
H81131,-1418.6185626983404,460.3772691207796,2.2021556
H81132,-1762.4254175499973,-46.41535892515625,2.2381818
H81133,9670.066007168098,799.2812454940138,2.0940766
H81134,1728.938068723479,-307.5853997440304,1.1701089
H81611,-1877.8751532781841,10.123459737560284,2.026407
H81613,-1939.0149965801586,26.79146028551394,2.0940766
H81615,1739.3173407499664,283.0918678177782,0.9327593
H81618,-351.57118269291294,-309.5800247767608,2.0940766
H81620,-1233.8905903174589,-159.68715890735814,2.205829
H81622,-1220.5488959174345,27.60538717128943,2.2106323
H81632,-1712.4253405008217,193.4335256562574,1.1701089
H81638,1531.5726872427822,420.2405833777204,0.30335915
H81641,-2188.769265597858,40.439155781710724,1.9690444
H81642,-1274.9680139394231,201.85766513847585,1.1701089
H81643,-2565.593855627823,136.37603950022282,1.9690444
H81644,615.4510762340323,152.321923204251,2.0940766
H81647,-2542.0801249964916,76.65746811955556,2.030501
H81655,-4163.882937675469,-1040.1262601477863,2.030501
H81656,671.741163863185,66.12682696393274,1.7422907
H81658,-1174.9040230966361,138.05536473910203,1.699907
H81659,-3068.126433166855,1.1342182658855655,0.9260243
H81663,-1794.0541881767858,-108.97049857711598,2.2021556
H81664,-2405.7336424468654,-56.82271990434384,1.9706973
H81667,-1355.829338509295,-49.44096408300955,1.885472
H81668,-2899.7305146642448,80.18027894319977,1.9690444
H81669,-2969.982074550135,-1.5233572435219225,1.1984422
H81672,-120.8250612034499,427.99333975367,2.2021556
H82002,-237.03766133254683,-300.72576501322254,0.30123997
H82003,958.3130252768242,87.70983660223807,2.2106323
H82004,102.75947058915835,277.32518013809965,1.9308989
H82005,-127.24606030477823,387.0855076829847,2.2106323
H82006,1971.358172447752,140.12435773534173,1.1764663
H82007,4573.183566536817,532.465372653709,0.5979269
H82008,1730.1999610925395,207.72503981068576,2.2106323
H82009,6646.287035316055,2148.2878367317003,0.5979269
H82010,811.0653531920877,-671.3561605921003,2.2106323
H82011,4548.972128125938,-98.11914174684533,0.5979269
H82012,3083.1091667044693,-324.1269114095277,0.30335915
H82013,6606.436255944904,589.9814419708272,1.1764663
H82014,3797.7391090816586,1071.0883651608576,0.5979269
H82015,1197.3753018845507,-324.58689235090867,0.5979269
H82016,3818.580367265496,737.0037939233338,0.56613904
H82017,7653.010768764789,690.6569874684649,1.9308989
H82020,2041.1565911790465,288.0909005580593,0.56613904
H82021,97.04553211744104,30.524942924881735,0.56613904
H82022,2595.0157893924097,360.5728024886794,0.3521006
H82023,3074.0178262894656,1890.9416621845144,0.3521006
H82024,-496.25534021104426,-1117.7031810958924,0.6254764
H82025,6080.602535351209,-483.163548552195,0.30335915
H82026,3798.8268833968864,376.4715291496267,0.30335915
H82027,-841.0562390782079,22.332662600488465,1.9308989
H82028,533.6951201585899,354.26399797848535,1.9308989
H82029,2539.7234184146437,310.4005114814716,-0.0378308
H82030,7631.084818542913,119.09595375559358,1.9308989
H82031,1091.4123343201034,249.0080905644318,2.2381818
H82032,5394.370587899364,-143.4309543996423,1.1764663
H82033,804.4997382163311,444.8900054728564,0.30335915
H82034,11507.30438412239,2598.4847111438567,0.5979269
H82035,2421.440573451103,-1219.4646623934025,2.2106323
H82036,1117.5861228563415,165.0130478657,1.9308989
H82037,5334.878065136025,3090.559778301645,0.56613904
H82038,4534.093543461105,713.3007489549882,0.56613904
H82039,2705.9687596224353,1240.0802093229204,0.56613904
H82040,752.6061784747837,431.6296777677431,2.2106323
H82041,3194.3358225696197,855.8802285990796,0.5979269
H82042,8181.432791705957,764.6717142934289,1.1764663
H82043,5232.5468912874985,-26.063436654677606,0.56613904
H82044,1221.1839019261595,-564.6835841445675,2.2106323
H82045,11080.679149335583,2281.6146573034334,0.5979269
H82046,2249.062429572414,832.0176394433602,0.5979269
H82047,4024.63414235104,-113.71076886646411,0.30335915
H82048,4780.79178970556,204.9840168025027,0.56613904
H82049,2240.3693277723414,202.91292083800715,1.1764663
H82050,2534.497540173663,76.43717498780343,0.30335915
H82051,5357.1741314185665,1264.2418189677255,1.1764663
H82052,2523.608705718792,-189.40044331766038,0.30335915
H82053,1725.1343606919943,-50.76043480713181,0.30335915
H82055,5259.365523281087,781.7540242255631,1.9308989
H82056,2053.795040133402,107.4604208601648,2.2106323
H82057,6375.126974927017,-40.62248866251088,-0.0378308
H82058,4624.826324387378,558.9231005977701,0.56613904
H82059,5945.607747439901,815.2483544044599,0.5979269
H82060,5376.6264886024865,345.332371178889,0.3521006
H82061,2076.6383526383856,484.1733171363574,0.5979269
H82063,3126.4719360816957,57.52007925887259,1.7634827
H82064,2711.7394370911957,720.5872315997206,0.30335915
H82065,3078.883275502709,1635.2815945681832,0.3521006
H82066,5485.052079236732,601.2398443391395,0.56613904
H82067,384.39911106010214,585.6684584072351,0.56613904
H82068,-2178.3591137177705,-1175.1849265299902,0.5894501
H82069,97.31950088685801,-563.4259247161804,0.6254764
H82070,3445.773208538249,1621.9738230589799,0.5979269
H82072,1206.9784497668602,231.33067525841918,2.2106323
H82076,-821.0071267376592,-25.321897258407734,0.5979269
H82077,5906.366737767416,650.9050938317745,0.56613904
H82078,1793.9296447350923,353.7033886577357,0.2122339
H82083,1956.8539912299027,389.08996601655394,0.3521006
H82084,-156.57537941768243,243.86541372913092,2.2106323
H82086,-1878.7286049663196,-255.02299803753976,0.5894501
H82087,-12.167568854665436,49.30329810164378,0.5979269
H82088,1282.7814156865186,769.824332534956,0.30335915
H82089,-443.77731693819294,163.41564050861797,1.9308989
H82091,1092.0328622984973,349.43971574806335,0.3521006
H82092,-32.7842228127173,314.64176145992343,1.9308989
H82094,-89.85825283242288,-396.7508687356502,0.3092458
H82095,4628.515014611348,356.1847294420852,0.2122339
H82096,406.6363584893207,101.8331406922791,0.3521006
H82098,979.6903596360405,764.1106428269362,0.30335915
H82099,2181.429882537707,508.3343993718142,0.56613904
H82100,-612.635251429362,264.6407435511358,2.2106323
H82101,394.332318317292,-536.5215113820271,0.5894501
H82615,1197.9699837376002,57.143370670906194,0.30335915
H82621,-906.9136313728803,83.20032332558806,2.2106323
H82625,-2753.42594780133,-483.60087857404744,0.30123997
H82636,-3178.9386494746213,-62.67850496153013,1.2018967
H82640,1598.5176342158882,438.2666417054334,0.30335915
H82641,-703.6280150185781,249.2951446200395,0.5979269
H82642,-3112.1653149761055,-75.62882611673159,0.5894501
H82643,-1470.2062610190121,-776.3081598479343,0.5894501
H82644,-3104.5498707062607,-80.61187737376825,0.33726624
H82648,-3031.809689016725,-24.430131736234927,0.30123997
H82649,-3121.2836382988976,-43.27643476234265,1.2018967
H82653,-3084.070940183027,-59.18490832595525,0.33726624
H83001,2711.6832664803733,-52.599358596149884,-0.27729952
H83002,-2160.1907381850833,-349.3440355455416,-0.29933915
H83004,2986.199435336001,298.3777760363253,-0.27729952
H83005,176.6303978301188,388.05727750866487,-0.27729952
H83006,1395.378703015754,1578.044339203432,-0.27729952
H83007,999.4368992408974,336.7102592690473,-0.27729952
H83008,-1207.11933286924,148.75038792462962,-0.27729952
H83009,2116.276740209522,102.34592987389885,-0.27729952
H83010,-339.1244116545482,124.55950192406767,-0.27729952
H83011,-1142.125498591548,286.9323291863131,-0.27729952
H83012,1324.9231799732538,574.2754201146645,-0.27729952
H83013,2445.990075303511,-30.723515180816364,-0.27729952
H83014,872.1149538395797,211.3205792434856,-0.27729952
H83015,2688.321020809355,45.83845509918049,-0.27729952
H83016,3914.608262001565,1891.3182399911786,-0.27729952
H83017,2357.3824765189706,1157.4563047686522,-0.27729952
H83018,2177.516009142587,346.49402624206266,-0.27729952
H83019,261.9898509061546,-262.22272351005586,-0.27729952
H83020,2076.8900756114,507.47924854378823,-0.27729952
H83021,353.0794606444254,789.2927764842402,-0.27729952
H83022,890.7210160323822,153.60373198569303,-0.27729952
H83023,124.10809688271752,212.18322671022148,-0.27729952
H83024,4998.441194786203,-786.0330516564031,1.1001755
H83025,2326.7194564668475,727.2067333147511,-0.3112066
H83027,420.48789013784074,-97.35213488493004,-0.27729952
H83028,-1280.4337858795782,-61.93485135290936,-0.27729952
H83029,-537.0721026828315,207.42927173603513,-0.27729952
H83030,-1617.6585932859969,-43.97435162525977,-0.27729952
H83031,-1056.9612369622098,122.52341599318751,-0.27729952
H83033,-1258.6885066834095,376.3739925826479,-0.27729952
H83034,305.2236798195572,177.1415235103358,-0.27729952
H83035,-1059.640801338287,-461.1020854321063,-0.3112066
H83037,-460.3867591792051,322.428237328185,-0.27729952
H83039,352.6368460347569,395.33388992856305,-0.27729952
H83040,-1121.856034746762,253.79038815934604,-0.27729952
H83041,-1989.6997994830515,-190.11419982495147,-0.3112066
H83042,1429.5639790682515,104.04474395364662,-0.27729952
H83043,1372.907006023913,1810.295392356246,-0.27729952
H83044,1779.2905949541864,863.7168025022072,-0.27729952
H83046,-890.2541690091117,-440.74246246105054,-0.2962992
H83048,-2195.5538685831957,-157.9571467955309,1.0900257
H83049,-1875.0239867323273,138.6291887032493,1.1370494
H83050,-628.9377836884145,-10.063172265222278,-0.27729952
H83051,-807.3095186991509,360.76150584426324,-0.27729952
H83052,-873.6623004286117,223.15322865632538,1.1001755
H83053,4491.950754965937,403.19253402663435,-0.27729952
H83608,-1400.295656050415,-18.328521421959017,-0.27729952
H83609,-1379.870779822422,235.0354391862818,-0.27729952
H83611,-1226.266229630913,274.54531748121696,-0.27729952
H83616,-2468.76054107275,-700.3915424366912,-0.3112066
H83619,-4128.674681044877,-1235.3458180463795,-0.3112066
H83620,-1307.3456882463938,-280.6309511540905,1.0884522
H83622,-2011.1426649192147,-38.53300340018325,-0.29933915
H83623,-2556.26092937324,-238.97851614697072,-0.30914798
H83624,-550.9854876469183,289.0734366388228,-1.0444472
H83625,-986.1468107109692,-148.2773879949471,-0.27729952
H83626,-2096.532732542881,-145.49141034409985,-0.2962992
H83627,-1042.351670351769,44.135979093055525,-0.27729952
H83631,212.56338830828832,741.7175316635204,-0.27729952
H83633,-3196.1842786597276,-941.363833166549,-0.3112066
H83634,-3035.7446185177537,-406.59382220288126,1.0686429
H83635,-2709.9761797209485,-601.5436950291489,-0.3112066
H83639,-2935.1488845929507,-10.347607009338258,-0.28297985
H84002,2539.6307424682136,99.94753755911336,1.9478525
H84005,1050.110382202499,953.8284777641716,1.9478525
H84006,927.4001258754009,692.7797751066537,1.9478525
H84007,437.6916117569211,-12.275869234614557,1.9478525
H84010,836.1407635994552,-44.52323286842473,1.7422907
H84012,1056.7015940577683,-190.2572452714055,1.9478525
H84014,-1891.9722014075962,56.50229666465567,1.9478525
H84015,-48.896626211763746,365.10094828838805,1.7422907
H84016,4848.859974213857,1938.299797013954,1.7422907
H84017,3611.3390129193554,410.42957344877044,1.9478525
H84018,533.6501574073856,162.16952428765543,-0.35782886
H84020,1740.9676348775868,162.41605954984328,1.9478525
H84023,-457.0797362372549,98.95253051235646,-0.43200058
H84025,308.6380111190338,660.1726966765112,1.7422907
H84027,2835.03137666233,1021.0370192451884,1.7422907
H84030,5781.054241026091,1822.1815892124143,1.7422907
H84031,240.15622398021725,214.92255562349507,-0.35782886
H84032,1270.5280504815187,320.1584854441068,1.9478525
H84033,50.29697381989512,-274.8198748662,1.9478525
H84034,712.4538916070125,992.5385936841728,1.7422907
H84039,1678.0610712662985,-252.19112913581088,1.9478525
H84040,5299.377500193479,213.4399797402557,-0.35782886
H84041,-2207.5471621878773,127.91765232637405,1.9478525
H84042,2844.824454117575,-162.30267904443872,1.7422907
H84043,-293.2389435045667,162.45332937722256,1.9453479
H84044,1089.8858922627403,326.4472710295698,-0.35782886
H84048,-344.950990376244,34.154384741399234,1.9478525
H84049,-2212.6274829006265,-340.5085706798363,1.7422907
H84050,570.6143458135647,505.6688112391788,1.7422907
H84051,-571.0817341667212,273.15490320206214,1.7422907
H84053,-728.9440439936408,-138.25158177727684,1.7422907
H84054,-1385.2217447468581,184.13385470283606,1.7422907
H84055,850.0552552512751,472.6023486824292,1.9478525
H84057,-1648.6234013249855,36.84599057012488,-0.35782886
H84058,-1101.3005145071986,14.867296586506981,1.7422907
H84059,-1204.2208539399471,-168.6218853725472,1.9478525
H84060,-185.13803111624662,203.1076498055082,1.9478525
H84061,-1015.6511867761651,408.45831177409923,1.7422907
H84062,105.02909504576793,204.4589918091299,1.7422907
H84607,-2144.5483472504534,-688.359239657777,1.7422907
H84608,-2411.356307325317,-214.15338493365238,1.944479
H84609,-3227.2126294402688,-303.3759470174623,1.7422909
H84615,-2338.61747160749,-248.34032340985104,1.9224222
H84618,-1001.2491743854501,352.801098539781,1.7422907
H84619,-1023.0455250256381,206.4520372681281,1.7422907
H84623,1959.041704010924,452.4026787748311,-0.35782886
H84625,-374.01662506690565,151.81016453730106,-0.35782886
H84629,-1159.4942617312468,359.3396563027652,1.7422907
H84630,-1667.7373205904146,133.5561181488906,-0.35782886
H84632,-1470.5594436655008,-60.4271803143262,-0.43200058
H84633,-2630.858655196403,-472.62644654860225,1.9224222
H84635,2426.822812196537,1302.0018336602498,1.7422907
H84637,-2720.181570826202,-594.9621225736165,1.7422907
H84639,-2322.2895830819393,233.06548421804024,1.9478525
H85001,455.82034561548505,575.5448826730719,0.3499814
H85002,1122.425269488746,859.0701509927793,-0.17133993
H85003,1163.3022473733697,350.1960820689706,-1.0444472
H85005,3350.1552109362838,552.5734516131469,1.0111694
H85006,664.8033245675284,16.846691848055627,0.3499814
H85007,3511.518312734824,334.3776274414999,0.3499814
H85008,1727.0319683493904,182.24857674292699,0.3499814
H85009,189.35193043732104,285.80666822770326,-1.0444472
H85011,2075.4805244902304,980.3325217488514,1.0111694
H85012,4285.236266625403,1231.7208212097912,0.3499814
H85016,477.75064157168885,-1747.6441094373167,0.9857391
H85018,662.1073951150069,268.20637668421125,1.1001755
H85019,1155.4488025649478,111.18230571968988,2.0967426
H85020,9828.352069818806,4581.090700211664,1.0111694
H85021,150.97455672804278,163.4119312659947,1.1001755
H85022,-959.66093572902,254.22455344498516,1.1001755
H85023,174.9554984848625,325.22902234759596,1.0111694
H85024,2210.2478313243864,-816.5342866981796,1.0111694
H85025,3953.8934842986455,1273.7246609974534,1.1001755
H85026,277.53857589308086,311.7027835408266,1.0111694
H85027,-265.61522817856195,141.76636920336287,0.3499814
H85028,620.5339919514525,-140.41379674013825,1.0111694
H85029,1331.2993836047312,911.2726758224226,1.0111694
H85030,4666.357510381026,1327.285118781125,1.1001755
H85031,3140.7565635694937,146.65569257823526,1.1001755
H85032,-1365.7266588961816,73.86688086850161,1.1001755
H85033,1371.1521518647423,606.251332887171,1.0111694
H85034,-1603.3506753635143,-688.9884016306328,0.9857391
H85035,104.1592690225873,-242.12001484781842,1.0111694
H85037,2975.9505568836566,761.3898674369459,1.0111694
H85038,2494.6179856447543,-99.43396222974228,1.0111694
H85039,-3222.1964069048195,-1455.5741419171145,0.9857391
H85041,2830.308821727406,30.84774939649704,0.3499814
H85045,4657.37234395161,918.420514973148,-0.17133993
H85047,2610.7103966330837,392.35067253715164,0.3499814
H85048,3822.0825954718625,652.5872734790073,0.3499814
H85049,-1132.7975701968285,190.67085859839875,0.3499814
H85051,925.5776796531087,1645.286237157214,1.0111694
H85052,636.931339837284,64.50673097445944,-1.0444472
H85053,-917.1168888515926,201.94546558119106,1.1001755
H85054,1021.9023721879671,-68.27274093732261,2.0967426
H85055,915.5030970251191,604.7906926503493,1.0111694
H85056,-2407.4307304492067,-195.99562781361774,-1.1037846
H85057,-1709.5654582636687,37.47085522590763,0.3499814
H85061,1476.0399129354919,708.2685575945602,0.3499814
H85063,3238.1216337992573,1980.315797842008,2.0940766
H85065,-813.0536965847052,-34.42313433304289,0.3499814
H85066,1733.901613182751,839.5571304354557,1.0111694
H85067,-712.7000299541663,-18.448777306826234,1.9478525
H85069,684.7154989892028,459.35925591840413,-1.0444472
H85070,1639.435233748111,749.3643000985909,1.0111694
H85072,369.33643902277015,278.4233743194879,0.9946397
H85075,-1613.2539079606615,506.9166534907061,0.3499814
H85076,2662.7014635946543,16.233539454342406,1.0111694
H85077,-272.32552636771993,242.2459570795664,0.3499814
H85078,-1347.2982796006365,147.25202781323344,1.0111694
H85082,-320.2163109880706,49.934002664783144,0.3499814
H85086,-2154.558074143868,-34.152130576179445,1.0577916
H85087,1866.854777463353,1174.3020327984873,0.3499814
H85088,-1575.829279971065,-52.73489868815495,0.3499814
H85090,499.47637584946955,114.26833633802478,1.0111694
H85092,232.1103695302882,467.5338223648412,1.0111694
H85095,3042.7362720032934,1048.3542726539883,1.1001755
H85100,-421.42522565960354,837.1220992203766,0.3499814
H85101,438.2562357003048,306.9443809445344,1.0111694
H85103,-883.0672524017206,295.5710818327007,1.1001755
H85105,2597.249954322628,616.7501606521549,1.1001755
H85108,-1355.4349807957647,24.11844263351343,1.0577916
H85110,-0.27302971619546246,-67.7161178533181,1.0111694
H85111,915.3473085330182,505.66762214447806,-0.60577434
H85112,-2085.2777460202497,-336.8347310077467,0.3499814
H85113,-1102.2225046084586,192.2751148325298,1.1001755
H85114,200.100639086775,591.6414737862347,-1.0444472
H85115,4989.799172160313,1464.60743441687,1.1001755
H85116,1208.7777841815912,571.9000645177499,1.1001755
H85618,-798.3047017229867,1240.5959996473352,1.0111694
H85634,-539.3116968709917,185.20703631850532,1.0111694
H85637,-2121.313574643088,-7.1138929218930285,-1.0444472
H85643,-1580.2475976431522,-641.5355312552717,0.2652137
H85649,1970.6697303724734,267.3401391025073,1.0111694
H85650,-2860.854149079634,-145.87006991498822,0.2652137
H85653,9053.841967736937,2022.764139351944,1.1001755
H85656,-779.2350522086966,185.57396787920538,1.0111694
H85659,-1967.487626905134,210.45583954767122,0.3499814
H85662,-1046.952451559053,146.18059953260146,1.1001755
H85664,-2811.2838320890405,-1.9287296632813546,1.0111694
H85665,-1226.2612760370914,131.84409753699433,1.1001755
H85674,-1572.6697675187918,-83.71891857386511,1.0577916
H85680,1343.306109456988,1141.1815900847869,1.0111694
H85682,427.34921508326534,951.8763208727015,0.3499814
H85683,-258.55021690308445,48.51929291616289,1.0111694
H85685,-3239.7048553095797,-348.52542135216135,0.2652137
H85686,800.0110132805571,327.9507301132211,1.1001755
H85691,-2652.4003584168504,-98.95353382173946,0.3499814
H85693,4069.6261828954216,1152.793711812109,1.1001755
H85695,-1162.18040555826,-200.23046759106066,-1.0444472
H85696,-3122.6981557920917,-46.928510025429674,0.98989594
H85697,-2967.778313408878,-75.60940632059595,0.3499814
J81002,3647.562391060774,232.83366922120766,0.5534239
J81003,-181.77404545639018,-653.140053923496,0.5534239
J81004,2493.6903482713205,614.8494601615049,0.5534239
J81005,13154.066443339078,3142.062923084209,0.6551451
J81006,14576.259286885028,611.5121222369191,0.5534239
J81009,7158.343491918953,709.0050105423111,0.996335
J81010,5522.1241560591125,-160.28222000726367,0.5534239
J81011,3506.4755752207425,243.95924155051298,0.5534239
J81012,3866.2588352516123,2031.9761127044535,0.5534239
J81013,2717.0970842386128,174.8888011856241,0.5534239
J81014,5235.26948676295,252.83830709977656,0.5534239
J81016,489.7085700654725,60.40155156627571,0.996335
J81017,252.8258849497688,159.18796054901458,0.996335
J81018,3358.389121225469,-181.66068202355729,0.5534239
J81019,10987.342516573122,1459.5403462943843,0.996335
J81020,384.16862362086965,200.07460127119984,0.996335
J81021,4464.074123450415,2673.551351759696,0.5534239
J81022,1834.326570153875,124.98936958482582,0.5534239
J81024,-439.3794920956229,-709.9709656944941,0.5534239
J81025,2304.8739911837033,238.76605545896416,0.996335
J81026,2364.103971050831,-3689.7749588086867,1.0217654
J81027,9873.536206055447,939.4494376217792,0.996335
J81028,11471.346939507817,914.6798327642814,0.5534239
J81029,1383.2666063152844,251.9800315521116,0.996335
J81030,2858.3284841742443,-134.27444138774575,0.5534239
J81031,1295.2949770577216,385.5410157730767,0.996335
J81032,2413.7168552128237,424.42366698483903,1.0005952
J81033,4221.416153588858,2073.751835762946,0.5534239
J81034,4282.050305573537,267.0291272296414,0.5534239
J81035,192.85844428530004,209.57118969739662,0.996335
J81036,1044.9522207649748,215.9680783531998,0.5534239
J81038,15.380223866170065,-406.1108310583541,0.5534239
J81039,96.26757849587756,-5.4134086600214495,0.5534239
J81040,-41.715971684162184,-912.4874880876389,1.003369
J81041,6654.989854261274,328.67366985750095,0.5534239
J81042,375.6107355980548,164.46787072689773,0.5534239
J81043,1065.6396067441117,-299.793173559954,0.5534239
J81044,4106.810401962845,1385.331412231029,0.5534239
J81045,3804.5903044700894,841.6866513077676,0.5534239
J81046,2861.69046741082,41.97406506180876,0.5534239
J81047,2358.602329298976,131.6077479941447,0.5534239
J81048,-241.0177678841888,-37.548020820346736,0.5534239
J81049,2114.737025320273,-296.1666348905427,0.5534239
J81050,4510.827734332787,-578.6680278902405,0.5534239
J81051,3727.8129616590063,2405.6776903073214,0.996335
J81052,433.7844103969174,115.38892574827743,0.5534239
J81053,576.4914625504359,139.91412117706906,0.996335
J81054,1780.3695081173537,-51.72630856394864,0.5534239
J81055,3155.5316547163047,-901.0492326909362,0.9997085
J81056,7570.713211317828,5401.229343210072,0.5534239
J81057,1715.401912354946,21.485171095271966,0.5534239
J81058,4765.405223573894,1038.4807654357028,0.5534239
J81059,924.8719915246483,175.84819021904522,0.5534239
J81061,3155.3366775030718,105.22048352803071,0.5534239
J81062,2146.3272254657422,-319.33153892417357,0.5534239
J81063,-807.8433081147635,-392.7219184840574,0.5534239
J81064,-910.7521311871135,-83.59756438045476,0.5534239
J81065,718.324549031942,-601.1034762630569,0.5534239
J81066,3226.3939453860903,674.9960634078467,0.5534239
J81067,-1138.1312510176447,208.4031251531574,0.5534239
J81068,3641.070437747324,607.0405578776418,0.996335
J81069,-348.2332295727736,-6.998444338650086,0.5534239
J81070,1794.0195527542585,705.8502509021208,0.5534239
J81071,-996.6814840097506,-275.77177366760094,0.5534239
J81072,1249.352564448476,59.12832235692157,0.5534239
J81073,8729.188463317509,1177.7678682514788,0.996335
J81074,2253.7990110328687,248.90103623231005,0.6551451
J81075,898.2066331641972,679.9948562636475,0.996335
J81076,2675.3150741629547,395.08228566906763,0.6551451
J81077,1151.936967418477,-797.004774928687,0.5534239
J81078,1771.875142447735,1165.444267050768,0.996335
J81081,6591.033877129937,1768.4920758826863,0.996335
J81082,1852.9510932199032,526.5094383492651,0.996335
J81083,204.46847335172885,-84.01463200681962,0.5534239
J81086,-884.9923522662654,373.95071962782924,0.5534239
J81087,1405.8375078568404,296.1639116301622,0.5534239
J81090,-1154.307297527434,-404.379764384945,1.0217654
J81609,-254.79348850405748,-70.9814115641972,0.996335
J81612,-374.0239147506711,635.9928966800694,0.5534239
J81613,815.4850070769187,681.577215286939,0.996335
J81616,281.95083269507757,554.3622942502815,0.996335
J81620,13690.469793337847,9713.799406558364,0.996335
J81621,753.0573846731103,632.7076898683619,0.5534239
J81623,-2005.2992980649935,-242.15147942166317,1.0217654
J81624,-2500.240996615794,-231.27666593599332,0.5534239
J81625,588.6134570016936,466.9536995179709,0.5534239
J81626,168.86359414058822,833.5113820323905,0.996335
J81628,-821.3516540901327,355.1436121231159,0.6551451
J81631,-1258.3930628051896,330.007327530138,0.5534239
J81632,-984.6183975826891,5.79969115142281,0.5534239
J81633,-745.554125435678,65.90332273121385,0.5534239
J81634,3459.3832621930687,3286.3890349502867,0.5534239
J81637,1087.2855487076572,899.0831754582509,0.996335
J81640,-1275.7820647052374,-386.6316067827541,0.5534239
J81644,-1496.6720263204822,-136.71827790969564,0.5534239
J81645,-2378.429194496814,-255.66352248648118,0.5534239
J81646,763.9866210937338,234.27784208269472,0.5534239
J81647,-783.652179545153,435.31651162108574,1.3820282
J81648,-1183.2223846573013,252.1858860833435,0.5534239
J81650,-3042.9138892837987,-4.022548678263251,0.5534239
J81653,-3045.7236359284093,-19.372180019702867,1.0139524
J81656,-3044.3347648094114,-11.284331126175411,0.5534239
J81657,-3015.0340031522087,6.75538839378559,0.5534239
J82001,671.8119195487731,-136.31147847416966,-0.70749557
J82002,2466.147922523628,618.2072459510498,-0.70749557
J82004,-1028.4872620875847,-676.2750692036536,-0.70749557
J82005,-138.08689168312802,366.1684941957266,0.2122339
J82006,2501.0900694345987,584.721733452172,0.12958539
J82007,5938.299252103751,418.1218468159109,1.4731534
J82008,480.759379107589,189.06958966135204,1.9499717
J82009,3503.465587254721,-49.4420381330682,0.2122339
J82010,5477.52530363932,753.5830751261209,0.2122339
J82012,1976.5512415704975,-96.48879825457854,0.12958539
J82014,-2836.4490536400745,-692.8240592926223,0.22918743
J82015,513.3847572038376,431.2129217597344,0.9327593
J82016,2520.604474281413,294.5152368858333,1.7719595
J82017,2802.2062766887193,-196.55431212838656,1.7719595
J82018,4842.57809067872,1749.6590487867302,1.9499717
J82019,1580.7303106843121,1213.3267718066184,1.9499717
J82020,-419.56165711263066,313.4811262427511,1.9499717
J82021,3084.300148589475,-172.48423496845697,0.2122339
J82022,3771.7384728652046,138.25030773455435,-0.70749557
J82023,372.31381365112554,-343.41163780833415,2.0940766
J82024,1411.9715283292953,2775.9507659336355,-0.70749557
J82025,1573.3697699226846,850.2335936452157,1.7719595
J82026,6370.712814158805,633.5525091973171,0.12958539
J82027,297.83248685058584,-80.9031024226756,2.0665271
J82028,4982.114356136888,3175.2104244083166,-0.70749557
J82029,4151.328051878517,156.59858923003026,1.4731534
J82030,-26.835635750708764,-416.7163778938744,0.9437791
J82031,-2036.9198021188759,-920.5658148034952,-0.70749557
J82032,-1263.1460163381732,-146.0269442995399,0.22918744
J82033,371.86678842486197,194.10839183343236,2.0940766
J82034,6869.968181821029,368.75596400312827,2.0940766
J82035,2694.3026894319187,-142.78034552024903,2.0495737
J82036,-1345.9230859497866,58.486988227547606,2.0241432
J82037,-1643.1191041168897,-2986.3123956438203,0.22918744
J82038,-1303.483018939446,-647.3450499971206,-0.70749557
J82039,4963.5729871572,-608.5275278577873,0.5534239
J82040,2249.226499792365,842.1253508178442,-0.70749557
J82041,1673.1938727140557,-280.048091972063,0.2122339
J82042,5533.053546919836,1326.731919845049,2.0241432
J82044,609.6965170101406,-74.17618550169928,2.0940766
J82046,3645.671648946771,510.79507626015055,1.6801765
J82049,6918.2165055360465,4199.0041737143865,0.9327593
J82050,1728.4324742669396,316.49460589246144,2.0495737
J82051,4521.087856333351,1103.460218044535,1.9499717
J82052,1296.3388999561694,164.52068097196775,2.2826848
J82053,825.1685221219434,38.09650273554176,1.7719595
J82054,1804.1232363097465,666.3040872886417,1.9033493
J82055,2358.854140257411,2089.3150252173255,-0.70749557
J82056,9471.31386198799,92.62000386846438,-0.70749557
J82058,3523.0722143573325,362.28810560673986,1.6469272
J82059,1166.49917160483,687.2892710235351,2.0241432
J82060,2601.602234268221,910.338285819488,-0.70749557
J82061,2116.6051154775255,449.62654164938937,2.2826848
J82062,3043.4980806645076,523.9111018434804,-0.70749557
J82063,939.0688235497505,-941.1262341072198,1.9499717
J82064,5512.192222125364,437.7588553016048,2.0495737
J82065,2522.2860614511683,398.8693017539412,1.6854964
J82066,5137.929200429125,1573.1927905128318,0.9327593
J82067,2060.396778128514,792.7119995061146,0.9327593
J82069,10887.933435755904,3904.51046219439,1.6469272
J82071,1.849829797452379,370.7443695343701,1.9499717
J82072,2122.3942655384994,160.9009278562436,-0.70749557
J82073,1972.9812755492408,-56.578161888584425,-0.70749557
J82074,4843.079170955864,844.985174025513,-0.70749557
J82075,1505.062188775204,-305.3033991172589,1.4731534
J82076,4639.537062907993,2398.39250345482,-0.70749557
J82077,3840.7132128697376,2195.183386935742,1.6469272
J82079,843.081163000562,563.2893113991367,0.23766421
J82080,-2009.6743072859495,100.8356159474822,-0.70749557
J82081,3785.744728569655,1139.7330521935442,-0.70749557
J82082,1647.0231871111368,564.2347053100848,1.7719595
J82083,11700.577672957917,7795.8995675107735,0.12958539
J82084,164.9491113840571,-577.5383219569943,0.12958539
J82085,5773.08298622639,494.3508779125854,-0.70749557
J82086,-982.832746192289,-798.1800774516383,-0.70749557
J82087,613.9068137306527,283.0769348892515,-0.70749557
J82088,2341.5748045035084,889.3990776627951,-0.70749557
J82089,2621.05707888794,359.6484891524225,1.9499717
J82090,3417.7461132670082,591.5690796319194,-0.70749557
J82091,2282.194877682649,497.6898849155831,-0.70749557
J82092,597.8111232597118,148.4223054257693,-0.70749557
J82093,689.5169238909597,-152.40185033299673,0.22918743
J82094,12958.306047651213,1357.2539704746216,1.6469272
J82096,-4731.070624898117,-3010.387704885589,1.7062646
J82097,2620.2720099387634,-894.189518146554,-0.70749557
J82098,4896.610144183061,2136.9979191897123,2.0241432
J82099,3724.627882670958,1121.7726687540373,2.2826848
J82100,1671.4138784798163,-1163.9549542695145,0.121108614
J82101,2731.5274229401543,-477.2229801777259,1.9499717
J82102,4698.37762733359,1411.6339015665744,-0.70749557
J82103,1684.49709234032,239.6633820158831,1.7719595
J82104,4389.46659339129,-27.57629351449429,2.0940766
J82106,1143.9926357038453,131.60483102864842,2.0495737
J82110,2606.290227122159,78.71760482982539,2.2826848
J82112,4027.447777094552,1358.9844737261076,1.4731534
J82113,1038.445745817456,-1472.2959914390115,0.121108614
J82114,1242.086185995544,271.4743274333777,-0.70749557
J82115,-503.50517767940386,125.30811150741648,-0.70749557
J82116,2897.8026794432058,-108.19735064929634,2.0495737
J82117,3924.3975304805685,229.72856587395205,-0.70749557
J82119,2379.7995459168474,222.5156226936524,0.2122339
J82120,2878.0613274550496,-56.92853732207436,0.9327593
J82121,962.63830092556,524.4255217310476,-0.70749557
J82122,1892.926165188135,-235.53584916228098,-0.70749557
J82123,1759.3053220815984,-1040.1173453518236,1.67264
J82124,3462.6655164007884,66.7994556810669,2.0495737
J82125,1830.1526634472693,303.95133521209686,0.9327593
J82126,-658.777263620668,131.465596080803,-0.70749557
J82127,1516.6244357878177,-29.34196999998881,0.12110862
J82128,692.795638325316,72.4915339068516,-0.70749557
J82129,2045.306011014258,-11.734858283395202,1.4731534
J82130,4230.01037647455,-29.937495484391732,2.0495737
J82131,7956.9265621048,89.31428342619148,0.5534239
J82132,6430.828320735115,-425.7140135929043,-0.70749557
J82133,76.52880232666708,316.60624956360186,0.12958539
J82134,11855.108637035015,5205.643420047497,0.2122339
J82135,2455.5663656534243,462.0880328367871,2.2826848
J82136,1287.4637839650125,-668.0538372041743,2.0241432
J82138,6305.576803771285,2586.6460302495952,2.2826848
J82139,10980.8624337659,-285.16322702526793,1.4731534
J82141,2462.787251278885,-842.5949597281824,1.9499717
J82142,3078.3229231279156,459.79594159624367,0.9327593
J82143,2397.5820281821484,430.4017648887551,-0.70749557
J82144,7965.943801316346,997.5143172304785,1.6469272
J82145,8492.722319674165,3475.26432420736,-0.70749557
J82146,-14.396965725133967,21.677975434098176,1.4731534
J82147,-160.94656074534527,160.73979387003996,0.2122339
J82149,2595.2647722768925,201.09381120086906,-0.70749557
J82150,4553.183990939861,452.65743547856647,0.5534239
J82151,615.4924068291815,393.7286291044014,0.5534239
J82152,2270.634969868673,306.75695633367,0.12958539
J82154,5145.445586689058,21.688234820200645,2.0940766
J82155,22242.49221452869,6306.957956743123,-0.70749557
J82156,727.1175423362437,9.344065137902303,-0.70749557
J82157,3849.539559891244,530.6085287029701,2.0241432
J82159,-1932.6700527039711,-632.4270959720886,-0.70749557
J82161,2898.887393473891,125.4024832620644,0.12958539
J82163,6004.299375811647,2642.1132928142733,0.2122339
J82164,4729.295040990714,289.26690781581266,2.0241432
J82165,-907.3348073766012,-0.9752799890017174,-0.7074955
J82166,7297.968828606285,-133.21311464761143,1.4731534
J82167,-1968.7248301968218,-957.852364138069,2.0665271
J82168,151.77267538717723,-142.1942546398496,-0.70749557
J82169,-1005.3761622875551,393.5872793521815,1.9499717
J82171,470.7331871596767,194.7405014855438,-0.70749557
J82174,1755.141202342595,715.3913155024967,2.0940766
J82175,601.8558578610041,-48.191812719282545,-0.70749557
J82177,-1170.0294886111553,42.4562299900911,-0.70749557
J82178,2007.4065502168437,1171.3009373500713,0.9327593
J82180,-1120.6079579098368,-75.8843070657379,1.9499717
J82181,1952.4734333258532,800.9531251629658,0.9327593
J82182,-1380.304182526924,-395.03245319700216,-0.70749557
J82183,-640.6098664039312,753.3096230516081,-0.70749557
J82184,-1611.9447286828918,142.1290222722403,2.0241432
J82186,-327.08191783755956,-2027.969381074662,-0.70749557
J82187,1101.3079834179493,-502.5337326759475,-0.70749557
J82188,-1275.534979939603,284.28638272222764,1.9499717
J82190,-712.3243745229761,-707.5833248129005,1.955875
J82191,-2409.9281443103873,-818.5483697482504,-0.70749557
J82192,1104.7538682729635,130.99655848699203,1.9499717
J82194,3037.4230165707368,2926.6127191505384,-0.70749557
J82195,-1259.9998685775035,-97.80176875335181,0.934429
J82196,4838.525291616486,790.6183469723436,0.2122339
J82197,-976.1141814933419,219.6750222669461,2.2826848
J82198,-1241.265148467787,134.89160611941904,0.9327593
J82199,-2101.054064241038,172.36911867293037,-0.70749557
J82201,-17.305688427249137,352.56223961807666,2.0241432
J82203,-767.7386321189864,-42.35285277715332,-0.70749557
J82206,-1329.1708676606513,101.75813109060748,2.2826848
J82207,-273.1677054553649,151.94053984466694,-0.70749557
J82208,251.4738104111673,-41.859993706732205,-0.70749557
J82210,3209.3566115187546,-65.96046202980162,0.2122339
J82212,-1182.4323253340872,-71.01319872640121,-0.70749557
J82213,-553.6503397726859,293.01705992402947,-0.70749557
J82214,1915.404695683887,977.447879603516,1.6469272
J82215,1363.9845994211075,959.8054980183232,0.12958539
J82216,3074.046421014954,-5.454307054409527,2.0940766
J82217,-2825.314886456006,-13.61977679888728,-0.70749557
J82218,1284.7699123088732,580.8420125639725,1.6469272
J82219,-3529.3265231167575,-458.5220648413714,2.0665271
J82220,-434.5880390390773,962.1670689889353,1.6469272
J82605,-2012.4552661511152,-35.099649332088454,-0.70749557
J82607,-2767.788217192448,-608.4346233552983,-0.70749557
J82609,-693.3176627440897,-124.22093455818344,0.22918744
J82612,-1852.9254389922069,67.40017568108551,-0.70749557
J82619,-897.0936374312375,62.52457658292712,-0.70749557
J82620,-2109.4878210346787,-53.37796258332077,1.9584484
J82622,5661.377541793543,3802.539117446658,-0.70749557
J82625,-1045.2092198526118,-24.329382885233517,2.0241432
J82628,-136.23761852710388,391.4111629476519,2.2826848
J82629,-1756.1987176357334,-151.57840033447286,1.8143433
J82630,-1171.4748919573788,122.75378691464027,0.9327593
J82631,-1384.345171143222,74.05111516368832,-0.70749557
J82633,245.91737306955244,1379.8374694700867,2.0241432
J82634,-2299.646325569575,-466.46751977924805,1.9584484
J82639,2571.1813885726724,2421.361082395258,1.6469272
J82640,408.64737707018804,499.2962065346429,0.2122339
J82646,1121.5172176873107,1855.7739729219652,0.2122339
J82647,-2301.9895295957153,-182.38097386147217,1.7062645
J82648,-634.6796086004892,-199.7673739231605,0.12786354
J82650,-1525.404306893552,-673.7052847403829,0.22918743
J82651,-1486.621056490766,-71.74865828052049,-0.70749557
J82658,-3272.101469692965,-128.47681926120228,2.0665271
J82663,-2063.697748496434,57.607492444015485,-0.70749557
J82669,548.3660399012354,23.56453220965592,0.12958539
J82674,-3157.7518197854047,7.673230601226754,1.9493383
J82685,-2961.619815535299,-25.650802398437303,-0.70749557
J82688,-1323.0276483747828,27.902530528284668,1.6910728
J83001,5544.550266859171,-352.78021037929057,0.75474715
J83002,7630.321172999182,2795.021009597516,0.75474715
J83003,3439.791853216121,203.25596059667143,1.2463999
J83004,1518.4978645028928,313.54175097416766,1.4731534
J83005,3243.4242622116612,1400.8916694784277,1.2463999
J83006,3353.7381518930833,186.29535644334172,0.75474715
J83007,5502.409508349886,204.19175760466928,1.2463999
J83008,5386.661494660665,303.9109983095699,1.2463999
J83009,10324.64170080765,987.9649243508092,0.75474715
J83010,3982.6351459468433,347.3386784202709,1.2463999
J83011,6973.825030771981,1610.8164023875424,1.2463999
J83013,1071.0875221115787,557.0189693646369,1.668119
J83014,4551.353798309407,1378.4909402006074,1.7719595
J83016,7800.323624156014,4223.692831345185,1.668119
J83017,-323.5467697328604,-309.8541255018661,1.237923
J83018,7429.390354114938,953.6898805525443,1.2463999
J83019,6096.415730417881,1555.4072718793623,1.2463999
J83020,1653.4841546610467,-960.6757879172051,1.4883054
J83021,6874.555735007371,3877.1251272626037,1.2463999
J83022,653.8598345195687,269.44427683493825,0.75474715
J83023,2477.7450028923645,516.8388930353435,1.2463999
J83024,4818.769340349487,417.37290521858,0.75474715
J83025,-153.7408064137243,146.88319290094282,0.75474715
J83026,9250.347178569455,5256.244065540623,1.2463999
J83027,7716.636074052204,803.8297918249111,0.75474715
J83028,1327.3640838101164,-487.4661668431741,1.6360359
J83029,2319.679083233639,-56.89653707869959,0.75474715
J83030,14908.976024728008,1945.781586940044,1.668119
J83031,6001.65909000719,-262.6884947540518,0.75474715
J83032,436.17056680454556,-177.01023928962488,1.2388237
J83033,599.3586972086932,-1319.5682107396105,0.75474715
J83034,782.9243697114318,-53.44798464145918,1.2463999
J83035,5756.765309395751,-718.9371398653959,0.75474715
J83036,2956.237988218742,281.324761316133,0.75474715
J83037,5855.897597565768,2242.0646215413226,0.75474715
J83038,4920.49539039484,149.04552802951093,0.75474715
J83039,3717.710845424241,504.0294205097916,1.2463999
J83040,8324.987269156172,1131.4217753541143,1.2463999
J83041,6257.850597096716,1306.1204290523704,1.6320928
J83042,5133.640114859286,73.6802624518988,1.2463999
J83043,3348.4233902486517,233.6237887599341,1.4731534
J83044,-710.4000460185313,-574.149223569956,1.6342119
J83045,2877.7313286185176,233.4087881906838,0.75474715
J83046,6287.450126398097,1400.28877413865,1.2463999
J83047,2489.1147074595915,196.16913991572267,0.75474715
J83048,1053.9651875448433,283.9925466283003,1.2463999
J83049,2740.9482475232303,505.09355972119306,1.2463999
J83050,1479.7431972136037,1203.0587721254894,1.2463999
J83052,-50.84257622258259,21.6049143631872,1.2463999
J83053,350.2437572378914,267.6828882681247,1.2463999
J83054,367.0014709949874,112.58950972006868,0.7950635
J83055,4019.4698582602277,886.5891150995147,0.75474715
J83056,-167.2922188131427,-102.53590297697676,1.2463999
J83057,5624.912545055338,1752.754166332152,0.75474715
J83058,55.706802084490164,313.04233018449827,1.2463999
J83059,2498.1124674401435,595.7526302341623,0.75474715
J83060,1076.0496757878584,73.85945455303174,0.47925213
J83062,-1361.7485029204056,-36.61211768567386,1.237923
J83063,-520.7042967500851,281.3059975247415,0.75474715
J83064,2448.1757051901827,683.7350007564328,0.75474715
J83601,-222.7016300251072,299.8819691899011,0.75474715
J83603,-326.8589495968999,-55.24024748639064,1.7952706
J83609,-614.0468999612733,20.36982669530434,0.75474715
J83615,-411.46219007047716,182.1924894755657,0.75474715
J83618,-463.2143924341629,128.79998124565503,1.7952706
J83619,-1505.8777814691211,-54.77517119750792,1.2463999
J83623,-3952.286033629264,-1373.9721382958628,0.80560774
J83625,565.766967777706,215.97847803359005,1.2463999
J83627,-2815.6624490370336,-985.2079029069154,1.237923
J83629,-994.3100298784433,40.954785158860226,0.47925213
J83630,-1317.6987943346355,140.89320419954535,1.2463999
J83632,-582.1345713848725,545.1252876378139,1.2455649
J83633,1511.949899139459,761.309651384261,0.75474715
J83634,-2195.4897381426176,-164.54433118680402,0.80560774
J83636,-628.0069891932632,252.07143386077655,1.2437338
J83642,-802.2763199906559,-390.5506568197551,1.2392573
J83643,-1929.2927333832172,110.04623573337771,1.8055565
J83644,-1596.793337999029,-181.1473505106644,0.78324664
J83645,-565.2597589712161,-187.92361090254178,0.75474715
J83646,687.2608407670616,-364.70296455446817,0.75474715
J83649,-1398.3629165152925,283.02776976975895,0.80560774
J84003,1291.8195488454242,28.88831222281934,-0.41928542
J84004,3953.870529699943,-147.01682239547037,-0.41928542
J84005,3122.0957997609057,-936.4371028241604,0.12958539
J84007,4004.8582304662336,367.374224729427,-0.70749557
J84008,569.1140391937703,676.2067820697371,0.12958539
J84010,7014.428004149072,-271.3498983767903,-0.41928542
J84011,5324.094979194344,892.223833864869,-0.41928542
J84012,4880.843035084274,966.2981815079045,0.12958539
J84013,6806.85754133255,-328.2111623286771,0.12958539
J84014,6034.567181873347,-456.2336548665414,-0.41928542
J84015,4444.141446310805,456.40258406769146,-0.41928542
J84016,3640.340964117323,410.04475548836075,-0.41928542
J84017,3106.5334185553675,-152.09400401643845,0.12958539
J84018,-341.3793488758964,-90.30438825562273,-0.41928542
J84019,6888.350526298548,88.9473530046193,1.4731534
J84020,-86.77952266651641,-284.6387783375046,0.12958539
J84602,-1683.0899904671107,-681.6638859200947,0.12110862
K81001,1528.2897903924961,363.014695302931,1.8588463
K81002,2146.4840729782777,463.2781044914381,1.9033493
K81003,3568.3704989478565,345.84543698642153,2.2466586
K81004,6625.060811831731,744.8857285508128,0.23766421
K81005,-350.49507184146324,-137.04319006993373,-0.46378845
K81006,4242.546401127554,203.63153132806247,1.8588463
K81007,-322.90677373467906,-601.8133674393406,0.23766421
K81010,-471.5633366394442,33.09492767020476,2.2021556
K81012,4533.8666121233655,643.6165491889944,0.23766421
K81014,5518.506965303313,1263.4497827480225,0.23766421
K81015,-1529.0819183374624,78.442850583715,2.0474544
K81017,6530.707803708522,-279.4032142133261,1.9033493
K81018,830.7355648326162,-283.23214677382066,2.0474544
K81019,-1517.4613887728,434.290360391364,2.0474544
K81020,3267.809031177545,963.3773044206853,2.0474544
K81021,1824.1384002010343,130.0667645816927,-0.46378845
K81022,10024.28498825696,2611.0539693520655,2.2466586
K81023,-192.6375530808224,-331.92256755105365,1.8577219
K81024,7705.620973848665,1079.4165509573572,-0.46378845
K81025,5744.940332266508,1322.3027876668518,2.2466586
K81026,151.94563979694837,-396.1828972475485,0.23766421
K81027,8387.535279585805,829.9575253915312,0.23766421
K81028,-138.89604558938123,-203.43804069953717,2.2021556
K81030,6928.867062558408,-202.7727029542223,1.8588463
K81032,-232.18826997683877,-411.40857128892173,1.8540965
K81034,1988.1205556480159,120.63463500239489,-0.46378845
K81036,1122.9194006495088,-355.47854790720214,2.0474544
K81039,2732.03349027424,390.8939657887543,1.9944746
K81040,2542.593117032351,805.5389047913561,0.23766421
K81041,1380.4012830910574,143.09422830468844,0.23766421
K81042,1022.7202554112398,19.875450793016245,2.0474544
K81043,3564.7202479248144,802.9409817567496,-0.46378845
K81044,-2161.4875380897456,-29.682412048301586,0.22918743
K81045,2259.3515155927753,-226.9860507992434,2.2466586
K81046,-278.2475472870387,253.63286862081222,-0.46378845
K81047,4510.880344796321,61.28349225854028,2.2466586
K81048,827.9178729370154,-101.60811067642487,0.23766421
K81050,2721.713797949456,662.9975850403547,1.9033493
K81051,1687.202139354516,455.1141639068043,2.2466586
K81052,1045.6518419358285,58.23016545388227,2.0834806
K81054,-3901.7307413299113,-2720.426361226026,0.22918743
K81055,1721.8218972223071,-69.33226579979711,2.2466586
K81056,395.67823687992507,-145.30312104325867,0.23766421
K81057,-42.3536171494986,162.56033103740762,2.0834806
K81059,656.7185661314489,150.53737094747635,1.8588463
K81060,-162.99147594977688,240.14930266796617,1.8588463
K81061,57.1295068318313,-888.3547501448388,1.8863958
K81062,2566.6112278084547,681.8724733865012,0.23766421
K81063,6825.087355238111,2445.5763652324813,1.9033493
K81065,148.59367899342024,383.5550809336539,0.22918743
K81066,3564.975706089596,321.91379166963014,2.0474544
K81067,1820.3465536682877,-1523.9506256380314,0.23766421
K81068,650.1112512508084,-323.7249296352014,-0.46378845
K81069,3357.8835606875737,-761.5954947550972,2.2466586
K81070,3151.301628978269,-173.9387170458169,2.2466586
K81072,-2379.6021627942946,-246.79943536580396,0.22918744
K81073,7846.118816367191,-423.15984306176813,1.9033493
K81074,340.8129544773621,-80.8374866387054,-0.46378845
K81075,9328.514819869844,-96.79492753085354,1.9944746
K81076,972.2073403272879,-335.5304657628245,1.8588463
K81077,4213.258155803227,355.10284634905474,0.23766421
K81078,2739.296396883738,-456.58347375894095,0.23766421
K81080,-667.7242217458299,196.4416075887027,1.8588463
K81081,-2079.155919028625,-149.79785849634808,0.23766421
K81082,2583.012942961918,564.1277079777914,2.0474544
K81083,5001.863781672491,648.7469952647175,2.0474544
K81084,-629.4492797340984,232.73467621507356,2.0474544
K81085,2332.896828789417,1007.8149069756819,-0.46378845
K81086,2347.022131431381,678.2602316034387,-0.46378845
K81087,-1033.875119856536,25.586491441336857,1.8588463
K81089,-698.3816491457798,440.6786246260194,-0.46378845
K81091,-3573.1612432920374,-1305.9163277659147,2.030501
K81092,956.8266924310765,587.3914797533205,2.2466586
K81094,-1419.8614914044895,-97.56743981937423,1.8588463
K81097,103.12622571501716,184.84373034667902,2.0474544
K81100,-1434.5875790818284,252.44464538808268,0.23766421
K81101,-485.6992041998617,-1526.731571419056,0.22918744
K81102,1986.0726450184907,87.74765256400532,1.9033493
K81103,1586.5829746387494,396.6614224034712,1.9033493
K81605,2467.6949903874697,2894.659223327623,0.23766421
K81607,-1169.8557057761689,145.77139685862707,2.0474544
K81608,-249.33224692389584,225.18243562985646,2.0474544
K81610,1909.3179106854443,1091.6764158567134,1.8588463
K81613,-897.2218800694673,389.96860508505983,0.23766421
K81616,-691.4209438745993,202.64744377761255,-0.46378845
K81622,-2384.399944273301,-29.34973116810175,2.2466586
K81630,3191.280711953127,65.87676361015188,-0.46378845
K81632,-1520.230736416895,-235.85436149436956,2.2466586
K81633,580.6316184953197,619.9006368369138,2.2466586
K81636,-529.5743653209498,228.8938787785415,0.23766421
K81638,-2009.4149004439585,195.21036684623786,2.2466586
K81640,-2149.3797828556812,121.28506991138364,0.23766421
K81644,2734.935491135915,840.8736551977153,0.23766421
K81645,-54.70692121226414,531.1182211545114,-0.46378845
K81647,-2514.2114901499344,-27.625594019946913,0.23739143
K81651,1058.7868255706835,843.9645546129118,0.23766421
K81655,-1333.1029207321126,237.09619981118067,1.8588463
K81656,-1526.5937769351985,102.6741888383003,1.8588463
K81657,-2079.5233281000765,64.36465913502354,1.8588463
K81658,-3186.3755866271595,-14.248421239518427,2.2466586
K81663,-3007.0394805211367,-1.407659085574528,0.23493075
K81666,-3170.0668083504856,-21.851885679043864,1.8503696
K81667,-1732.3725404043703,-44.75371605572575,2.030501
K82001,1306.3133948772947,127.43582888219105,2.2466586
K82003,3019.6569020433835,381.46602289916586,0.68057543
K82004,1560.4761108530392,-16.151261378374436,2.2466586
K82005,-668.2106364051767,-280.4550459809166,2.0386887
K82006,2673.7935236703315,128.87017981279257,-0.46378845
K82007,12304.64514436715,7115.955422697633,1.7867938
K82008,1676.749693959404,-326.8704087652779,1.9944746
K82009,2561.5871169213183,123.31973672559978,0.68057543
K82010,155.20039151970818,248.41950962697632,1.8779191
K82011,-295.3363555651505,191.61959082452424,1.9944746
K82012,-279.68016314493013,370.14837281983097,2.2466586
K82013,4476.39144807256,692.5136819002048,0.68057543
K82014,-723.4349626206937,164.70289290076838,1.7867938
K82015,2113.884971742461,469.5283932803859,0.68057543
K82016,6087.086174247928,1663.304790207085,0.68057543
K82017,1346.222555545786,402.33659888568417,1.8779191
K82018,4405.255427618091,2086.1095180848774,1.7867938
K82019,3054.952041812629,-329.9985217762909,1.7867938
K82020,562.579533251725,-352.27685957828504,1.8779191
K82021,4155.169882853159,178.30980590538053,1.8779191
K82022,1478.5663775015062,351.1485821858432,1.8779191
K82023,7670.24184240019,515.7453318632437,1.8779191
K82024,2030.6402979375612,683.6028545041474,2.2466586
K82025,2317.1480619866993,875.9665162245952,0.68057543
K82026,4275.930675697972,737.8815104016094,0.68057543
K82027,298.059396312285,237.88743657528605,0.68057543
K82028,792.4272653645284,380.6036330983694,1.7867938
K82029,765.3981809358485,93.16373204980873,2.2466586
K82030,1969.1217522285071,-123.98787855461707,1.8779191
K82031,-736.3183509657977,93.52068728347152,1.9944746
K82032,2167.4241681957865,882.0165363074294,0.68057543
K82033,8646.794640445181,1146.9527769422955,2.0474544
K82034,1323.0168063703775,-139.47693342684104,1.8863957
K82035,-1873.5409991705756,51.46469325062082,1.8779191
K82036,1455.1924800709762,189.82248622548514,1.8779191
K82037,3450.2920598311757,560.3123432285655,2.2466586
K82038,7991.174346518015,2677.803080792963,1.7867938
K82039,2427.044345440692,480.51753356182843,0.68057543
K82040,4597.174898236704,1029.8783808337305,1.7867938
K82042,223.93405238368948,-17.8614730542134,1.7867938
K82043,4248.532742118136,252.13503422268363,1.7867938
K82044,1011.9090593816582,373.2098579649067,1.8779191
K82045,-334.0640619107193,-111.76852086253228,1.9944746
K82046,2940.0674204927964,314.2892505006176,1.9944746
K82047,6335.404475562407,2290.636842837054,1.8779191
K82048,696.9184785899839,254.91196543390913,1.8779191
K82049,7492.364905165465,871.5242990292691,1.8779191
K82050,925.5654448075927,268.18121567769356,0.68057543
K82051,2825.8119063133904,488.1710024780757,1.9944746
K82053,2138.63627145348,289.81042158455045,1.8779191
K82054,3050.7149328001888,159.5290873358494,0.68057543
K82055,2520.562038273706,1196.420594424774,0.345743
K82057,333.168916304928,-32.023586841608115,0.68057543
K82058,-271.9111853208069,-225.60022274307434,2.2466586
K82059,23.698283868335846,587.5660305807792,0.68057543
K82060,-1831.179549906688,227.2285653449991,0.68057543
K82061,133.69047300679884,159.1356813362419,1.7867938
K82062,-2078.174693260272,-66.49676132399844,0.68057543
K82064,-1259.9723583240186,139.36259055404787,0.68057543
K82065,3271.897472060472,500.17224325654166,0.68057543
K82066,1170.0597747914364,1193.0487023826063,1.9944746
K82067,3040.6089729004716,437.97847524769287,0.68057543
K82068,535.5973140851489,-15.946983153117895,1.7867938
K82069,1062.4687959009855,-1641.0158665358872,1.7783172
K82070,34.83734044758021,419.08298063459273,1.7867938
K82071,1192.6257853092657,367.86574463622145,1.7783172
K82073,15387.191346492718,760.9284614368365,1.8779191
K82074,-865.49824199375,-228.87250833445182,0.68057543
K82076,927.9324076841866,580.0065641648017,0.68057543
K82078,958.3586199322126,223.98901073570067,1.9944746
K82079,3363.6337467064864,827.3854588572599,1.4922261
K82603,1268.6897851931099,706.875874965407,1.8779191
K82608,70.19850812694344,260.9868265187225,1.7783172
K82610,105.81266794627021,320.42684616531983,0.68057543
K82615,15.146424893097489,-17.82437001670126,0.68057543
K82616,-5455.812528062994,-3487.1264844696293,0.69752896
K82617,-283.29885357229875,604.598524423974,0.68057543
K82618,-1654.414103454513,-103.1288458846171,2.2466586
K82621,-1449.782167851501,43.56740481388054,2.2466586
K82631,160.61259480913654,375.80239346893575,0.68057543
K82633,541.6380024032478,409.73257073745054,0.68057543
K82634,-3132.6481737727245,-27.80116599330734,1.9944746
K82638,-2134.4021485340063,-216.07312517757728,1.7820439
K83002,30177.85428919182,4920.815964108744,-0.49981472
K83003,3262.213990514821,203.52138015706424,-0.13107526
K83004,-383.3120382190297,-184.41204116659108,2.174606
K83005,5806.122853806838,605.1368897346472,0.11263186
K83006,4453.933425483215,425.7001319323246,0.50892085
K83007,6187.4531090386445,876.893690725682,0.11263186
K83008,5331.797735606633,427.45841625702724,-0.13107526
K83009,3065.124870949405,384.9259206225949,-0.13107526
K83010,8890.060846757222,1201.7885315280237,-0.13107526
K83011,6354.1829555925415,406.43415304580924,0.11263186
K83012,5315.732491973019,775.3802157662366,-0.13107526
K83013,5531.329354033384,840.1831012666664,0.50892085
K83014,7062.974618235814,1447.434783035948,-0.13107526
K83015,7157.999227616652,-255.49848453964054,2.1830828
K83017,4197.980736087311,505.1073263199311,1.127725
K83018,3601.3374141113777,876.5907163864083,2.1830828
K83019,871.3891739121118,169.0130166869805,1.3354058
K83020,-1473.5175112997908,-64.44909078314393,-0.13107526
K83021,13125.953563345502,1264.8067160503929,0.50892085
K83022,2484.5777527329715,301.9779004429523,2.1830828
K83023,4645.90454849245,358.93640153810907,1.127725
K83024,5724.459424852313,584.9521039458967,0.11263186
K83025,9601.842638677637,282.7481885157488,-0.13107526
K83026,9627.049189054185,1297.4586984198145,0.11263186
K83027,3238.0930741670068,261.7096787985678,-0.13107526
K83028,5621.1875238910125,490.47934770533453,0.11263186
K83029,6320.872964939701,-38.08787456814294,-0.13107526
K83030,4866.6245458756985,353.30335825260016,1.127725
K83031,2492.0669589977347,362.15091514834097,2.1830828
K83032,11189.442495784397,225.40544409366566,1.3354058
K83033,-392.5509859135016,-23.12231231867865,-0.13107526
K83035,596.2205701763938,29.800654383807444,-0.13107526
K83036,8200.858982742337,935.9601821207713,0.50892085
K83037,7443.282496499753,921.2611560683698,0.11263186
K83039,6910.800790722207,-41.09998703232683,0.50892085
K83040,4373.427012665753,-89.75991084562509,-0.13107526
K83041,11673.324352132367,773.6599041754521,-0.13107526
K83042,5222.168534460962,421.0969263404379,-0.13107526
K83043,7491.276328792378,97.99766764539754,-0.13107526
K83044,6636.1664790716395,923.8074354825615,0.11263186
K83047,10165.280926408108,342.82025601939023,0.11263186
K83048,1374.791586404559,-113.71065283953814,-0.13107526
K83049,5787.218981009223,2528.3264194422786,2.1830828
K83050,127.82808603704345,-210.7580124326332,-0.13107526
K83051,8814.916476285782,892.8575140695061,0.50892085
K83052,10397.26767906907,1280.6347476742117,-0.13107526
K83053,984.9733114149798,405.99222679917,1.3354058
K83055,1178.6091335820554,347.5337524318726,-0.13107526
K83056,-215.8831834938339,-198.07048779739887,-0.13107526
K83058,-318.3618331805055,-845.1238423682296,-0.13107526
K83059,4102.673715342905,607.0766696044561,-0.49981472
K83064,7526.180991661623,751.3513045286641,1.3354058
K83065,1377.0403535987937,610.5746277540109,1.127725
K83066,7952.358999057177,1150.8186352943428,2.1830828
K83068,1736.202695251198,147.53642575006933,0.11263186
K83069,348.2730234741075,419.20567462461986,1.127725
K83070,3836.373475955844,-158.8562412134977,1.3354058
K83074,-2260.8509125418254,-505.31567651877657,-0.13107526
K83076,400.39768666406724,652.8220005651608,-0.13107526
K83077,3596.7192894799673,926.8886979723359,-0.13107526
K83079,681.9990227395151,349.80377711441025,0.11263186
K83080,1079.7708695695767,1.6146833811858077,0.11263186
K83081,-1845.3962704495355,147.95893459300964,0.11263186
K83601,2636.897907685821,1604.1782661085026,0.11263186
K83607,-1120.194374866597,139.42647538217187,-0.49981472
K83610,2303.037642378973,485.0457888021612,-0.13107526
K83614,1116.9125720238092,545.7313663750543,-0.49981472
K83616,424.02324090180855,168.94675519759934,1.127725
K83618,1643.4577223186989,1204.8579242757885,-0.13107526
K83619,-1405.007407335359,-51.13482071589785,-0.13107526
K83620,2562.889759839921,-457.9621250300333,2.1830828
K83621,742.9998591614266,1371.1894297821918,-0.13107526
K83622,3081.995577902947,1264.8189780476087,-0.49981472
K83624,-2903.0596199779898,4.166537967787917,2.1830828
K83625,-317.6115805357986,647.4145177991153,0.50892085
K84001,538.0463399986284,291.3695742887178,2.2466586
K84002,3580.4429562495316,554.4669429540041,0.61276126
K84003,1188.4022453559865,4.327020996610783,0.61276126
K84004,2750.47404523072,-777.7546378706276,0.61276126
K84005,28.946443081586878,-48.970416811334836,0.5534239
K84006,8183.306358633482,648.0097340760628,0.61276126
K84007,203.62614777335028,176.7055311665872,0.61276126
K84008,633.6628289969752,312.2806256401702,2.0750039
K84009,3912.0021996768537,1525.0475831086655,0.61276126
K84010,3178.152287565336,152.4775132041456,2.0834806
K84011,964.7030535534535,644.6613514815668,0.61276126
K84012,1039.3947697725346,266.4271177513414,0.75474715
K84013,-146.03779991436767,242.73073256066638,0.61276126
K84014,3758.343479407241,157.58478129199116,0.61276126
K84015,-273.4162776232758,268.7999571525582,2.0750039
K84016,-363.37299867734055,326.62354708480814,0.61276126
K84017,8149.526983024542,1726.888287525368,2.1216264
K84019,2727.1521368641193,1130.2009577450474,2.0834806
K84020,1776.2259312214708,-102.79400201862383,0.23766421
K84021,-1203.8708191441115,15.872729019044067,0.61276126
K84022,-47.182250382536154,133.51043080807966,1.4901068
K84023,1225.1841784756984,-78.7905471293914,2.0750039
K84024,1570.4504889660986,282.4308711919899,1.413816
K84025,3905.795216549478,2171.1696362311286,0.61276126
K84026,328.34229544369805,755.6513503855645,0.61276126
K84027,5739.184900189281,181.04925308434792,0.61276126
K84028,4941.109631656201,-186.55900380170837,1.413816
K84029,-2139.7780716520588,-578.0609165366812,0.5534238
K84030,9410.27157383141,5330.828206466233,2.1216264
K84031,2931.0040149301512,1164.8976511956382,0.61276126
K84032,599.3422069148437,360.18419261549167,0.61276126
K84033,2926.3073278461447,37.06706035838489,2.0834806
K84034,-800.261118440456,133.17206584906924,0.61276126
K84035,572.025603141602,509.12072378474045,2.2466586
K84036,-803.5914832781746,129.77198562476346,2.0750039
K84037,6717.814533316258,564.0411129619392,2.0750039
K84038,7739.58007013577,1148.8049321221922,1.413816
K84039,622.5872503288734,-874.4020539931735,2.1385798
K84040,5514.854275219172,301.93833022621544,1.413816
K84041,5477.355217983741,9.076527462925263,0.61276126
K84042,1880.0110986872335,297.0029025265118,1.413816
K84043,2165.7233512721277,-146.3121655580988,0.61276126
K84044,2893.9478017941688,766.6697201985094,0.61276126
K84045,1443.9468707360018,508.65463598872185,1.413816
K84046,1580.302340114044,555.2386955533535,2.1216264
K84047,1556.0014441727653,316.3290370736489,2.1216264
K84048,862.9392599818607,177.77879819583262,0.61276126
K84049,-1538.676912039505,-50.87746155844469,0.61276126
K84050,1242.3087801634204,427.3965727734062,2.0750039
K84051,7569.508082082264,2269.0077538837595,2.0834806
K84052,5014.547060305589,453.1415386450937,1.413816
K84054,1807.9531029441007,806.2347042160054,0.61276126
K84055,4588.241491227443,786.2838035328602,1.413816
K84056,312.44448304600826,527.4522390165882,1.413816
K84058,2775.0970284167734,800.1252079532637,1.413816
K84059,2076.906429640176,867.859576477388,1.413816
K84060,-773.181714892365,189.71644567544953,0.61276126
K84062,258.73523318282287,318.2888206931332,1.413816
K84063,-909.9616954958371,-21.14757178453805,0.61276126
K84065,-1699.9872999939016,-69.40090492432223,2.1216264
K84066,-2786.8490229026506,-39.67161139125963,0.61276126
K84071,3830.0518515602716,368.60899112060457,2.0750039
K84072,2822.2952815736253,472.364139426349,2.1216264
K84073,269.03809431495677,366.3011593065116,1.4901068
K84074,-1227.1477096919523,194.91920550619673,2.0665271
K84075,1524.1008181170112,619.8437172782789,2.1216264
K84076,-913.161947717785,295.3450134142573,0.5534239
K84077,-1264.0942939166525,-693.4096638411837,2.0665271
K84078,-2107.906197969629,149.04097949325947,0.61276126
K84079,70.55316549253641,906.221744964851,0.61276126
K84080,-1476.2661510285411,113.29851106036942,0.61276126
K84082,4968.1644216471805,2359.4845508866206,1.413816
K84605,-2505.8514075827757,-51.6906953274101,0.61276126
K84608,-2892.2856506049106,-542.136372088419,0.5534239
K84610,-268.7562344508173,-97.8916908678893,2.1216264
K84613,5293.391474513981,4045.405122435389,1.413816
K84615,-2027.5161306397226,93.47581496502487,0.5534239
K84617,-1988.7421698954113,-64.49942990038323,0.6108519
K84618,-635.5901967704625,212.3819582044732,2.1216264
K84620,-2909.3049986356086,-375.9004912301243,0.55342394
K84621,-2011.1261743543034,-317.3289637878483,1.4901068
K84622,-1624.9294949575583,-545.2898898156899,2.1385798
K84624,399.49304216614706,251.6807011030601,0.61276126
L81002,322.5276311858375,383.03245194270795,0.2652137
L81004,7369.671035670265,769.7908175237217,1.1383209
L81006,-1211.8806970283897,-437.8163721154718,-0.49133795
L81007,5475.5737860788495,5313.2774560440785,-0.47438443
L81008,4545.7897807769905,591.42667631813,-0.47438443
L81009,4909.185730476515,984.07182673122,-0.47438443
L81010,-118.5634620351337,-82.36903656124313,1.668119
L81012,3150.2410546117253,785.1963017092497,-0.47438443
L81013,4787.113325147971,206.09302762673298,-0.47438443
L81014,4802.304653130735,-848.9769948510791,1.678715
L81015,5954.34642958677,1199.3147409694861,-0.47438443
L81016,4382.5240303274,687.3463396697125,0.21435307
L81017,1879.9278146526212,181.7405541632779,-0.47438443
L81018,2678.4837839056577,-295.60944355791037,1.678715
L81019,2419.20352116414,-63.28705580344447,-0.47438443
L81020,72.85307948846797,187.3414901738707,1.668119
L81021,3298.0384122233495,546.3395238672678,1.1383209
L81022,5383.880263934365,595.9770189094294,-0.47438443
L81023,1449.5818124167056,683.1731951816498,-0.47438443
L81024,3693.126020233287,-259.58358100628755,1.678715
L81025,7833.6594902114575,831.677537752551,1.668119
L81026,5130.7445352316045,2429.5129869685716,1.678715
L81027,0.7082149926649344,41.19641130675949,1.668119
L81028,-51.70736757428604,-415.93129092034974,-0.47438443
L81029,3751.280672418456,241.3387945203274,1.678715
L81030,2231.2623646325997,115.90394605083723,0.47925213
L81031,9136.146137237369,2389.662867681045,-0.47438443
L81032,1105.967104680917,-17.695396852820473,-0.4824326
L81033,2606.129163640017,-159.51862505262136,-0.47438443
L81034,11002.741704979613,6149.546373208395,1.1383209
L81035,638.786371046273,-997.6879204318842,-0.48315018
L81036,3453.208476293844,344.50777071636713,-0.47438443
L81037,8497.952169435091,4302.093861455666,-0.47438443
L81038,4278.997772295545,-287.8351000944424,-0.47438443
L81039,7956.187117946158,3445.472475709332,1.668119
L81040,6601.740489314604,2747.715253177412,1.1383209
L81041,503.12010075193683,-131.10347453957186,-0.47438443
L81042,1506.368981502392,-467.0717096276977,1.678715
L81043,2812.972104961055,605.3387041255219,0.21435307
L81044,5392.585780626949,1220.6137114070318,0.21435307
L81045,4041.0551930125116,934.7816676919712,1.668119
L81046,3759.742162996922,128.4544095893928,1.678715
L81047,4581.591472128237,80.18283699096922,1.678715
L81049,953.0245774022205,-558.3405006422612,1.6561409
L81050,1691.9756511437008,0.2946607095099185,1.668119
L81051,7162.808508329446,903.3720073646622,0.21435307
L81052,3610.287059896808,-137.76122610197467,1.6728116
L81053,2684.22277237435,235.27916521915338,-0.47438443
L81054,4639.023092397087,728.3933614812752,-0.47438443
L81055,2878.2495300017467,-402.96921038526204,-0.47438443
L81056,-477.07214950621045,77.15010182807724,1.1298442
L81057,782.8860162237364,-531.307127036699,-0.4824326
L81058,3951.0135900517394,443.78557642152487,0.21435307
L81059,3598.8399912510517,124.42148071921513,1.668119
L81060,4176.944703689357,-161.0904464182354,1.1298442
L81061,386.3767504544747,-184.01947777860065,-0.47438443
L81062,4170.226929317614,2498.6403072789867,-0.47438443
L81063,2957.383509293026,11.488972254554323,-0.47438443
L81064,3562.211228412831,-173.94965567985543,1.668119
L81065,863.5679196250277,-236.13213394340835,1.668119
L81066,3953.831815981857,24.50104776727715,0.21435307
L81067,4916.924770845102,-258.043028119973,-0.47438443
L81068,3498.5404134499395,88.34274963736314,1.668119
L81069,3376.905703356053,489.11308375212104,1.668119
L81070,1222.6188165968401,184.54418082253633,1.668119
L81071,1288.9524642840845,424.0793556841786,1.668119
L81072,4893.497861448514,232.04521036890793,-0.47438443
L81073,2005.2829408130096,343.6389653612793,1.668119
L81074,3628.948175832024,-302.4418316513945,1.1298442
L81075,4801.192635402428,1553.6331815430144,-0.47438443
L81077,1850.413257606978,535.4259277631754,-0.47438443
L81078,2080.705697721869,508.3185461120088,-0.47438443
L81079,10427.228413121664,-432.2184548218698,-0.47438443
L81080,2391.9349132328957,68.08990899713544,1.6428928
L81081,976.1268557166075,837.4648199383026,-0.47438443
L81082,2647.179925709906,-19.504116654907,-0.47438443
L81083,2742.904334728532,55.35514641797884,-0.47438443
L81084,3072.0800337306523,1570.07436005378,-0.47438443
L81085,1393.7695035551683,-134.17858534799498,1.1383209
L81086,18496.967194804674,13086.764117369636,1.1383209
L81087,3246.0888293452576,109.5784584064287,-0.47438443
L81088,2307.2608658012973,-305.47599801435376,-0.48315018
L81089,3004.8804731980886,-507.38945639245964,-0.47438443
L81090,1484.6070925117524,492.8615715483147,-0.47438443
L81091,2151.022876615921,353.42665552732166,-0.47438443
L81092,-1491.4221346583665,-281.07326928477653,-0.49133795
L81093,-1255.9746985377612,-1017.1139997439761,-0.49133795
L81094,2268.2162507503695,84.63376757277297,-0.47438443
L81095,1535.2637498951742,494.0474177577793,-0.47438443
L81098,3379.6777905429085,378.210898876561,-0.47438443
L81099,3067.2979154003638,531.1119155029172,-0.49133795
L81101,941.5470727179153,347.8327626785529,1.668119
L81102,1075.5850717367146,-356.3296528453778,1.136291
L81103,751.0720511076015,110.8390406254454,1.678715
L81106,-1089.5190892175422,153.93271438736008,1.678715
L81107,-3106.9285000518053,-1222.4752137058135,-0.49133795
L81108,-2800.2980686590668,-325.84851758736556,1.6342119
L81112,-306.0548411772776,202.82668028226385,-0.47438443
L81116,1343.940716217173,392.6726734606942,1.1298442
L81117,1026.8093132200916,359.195967473169,-0.47438443
L81118,2274.9619866950147,166.5542798616295,-0.47438443
L81119,735.7300130303253,-47.9944708535588,0.21435307
L81120,584.9569553163115,271.64375144933217,-0.47438443
L81122,1212.3884892089325,23.70781984417422,1.668119
L81123,670.2715127460193,407.09019977604146,1.668119
L81124,1397.4628370572436,-0.6315913684338701,1.1349908
L81125,852.4328172416824,700.7940609407012,-0.47438443
L81127,-972.4235654738341,246.3391920416977,-0.47438443
L81128,-1032.6143316688376,197.62493802649425,1.1298442
L81130,2319.8277710881293,1982.0616449738882,1.668119
L81131,2093.25687047304,288.11348503905447,-0.47438443
L81132,-1546.1037095910328,165.944586248544,1.668119
L81133,-2218.4930608091104,140.31680730682663,-0.47438443
L81134,-372.14815448203734,214.85762144232103,1.6342119
L81600,704.9493696441766,234.86484037843533,1.1383209
L81617,-2640.3172666738074,34.50020757830153,1.668119
L81622,-1546.4568440023827,294.9679286731385,-0.47438443
L81632,251.6574827222559,287.5529878321205,1.678715
L81633,-2650.1048494903393,-209.94487410069632,-0.49133795
L81635,-487.2767495369348,-492.1300581564844,0.2652137
L81637,-1775.7487153670268,-39.12499393728475,1.668119
L81642,-1674.1194086219682,384.6385633908623,1.678715
L81643,6087.474001262929,4249.04193853826,0.21435307
L81644,647.8649348925538,799.4005434838236,1.668119
L81648,212.27539795305543,328.4965101813187,-0.47438443
L81649,1770.352143857524,897.4458490200313,-0.47438443
L81655,-1328.8420861739958,6.619617138611949,1.668119
L81656,-2131.727108843548,13.468839524540785,-0.49133795
L81663,-2162.925771400031,-503.0457700908451,-0.49133795
L81668,-2955.7561119552342,-0.7885452999555937,-0.4760961
L81669,413.3258533736949,285.881910972008,-0.47438443
L81670,1784.689587849192,831.2360658135934,0.21435307
L81671,-3124.9052990517157,-26.541153570854632,1.634212
L81672,-3352.096073479935,-694.9342562045007,-0.49133795
L81673,-2947.347955292261,-10.52141182930726,-0.47404534
L82001,4268.838064347264,509.9194114905416,-0.52100664
L82002,1521.839147242742,-814.0478407152311,-0.5633905
L82003,4855.366911926161,393.52519812327427,-0.52100664
L82004,3660.159356271416,-94.08695418581787,-0.52100664
L82006,8576.643172285068,405.4736291687792,-0.52100664
L82007,-458.4242803157319,333.5718310139574,-0.52100664
L82008,3388.2961265888716,-256.30446214534646,-0.59094
L82009,5732.822433823866,642.6823929987057,-0.52100664
L82010,5110.871139256016,261.1938875416517,-0.52100664
L82011,659.0781254926453,404.4830167295265,-0.52100664
L82012,13047.34068667625,850.6014268841453,-0.44471574
L82013,2780.584408623358,-29.476807796209084,-0.52100664
L82014,-199.27610753269988,-475.49365545590183,-0.542921
L82015,1721.357955631621,328.11443078261567,-0.52100664
L82016,8143.7991588305595,1554.9874970778008,-0.52100664
L82017,-1594.751146997637,117.41063547459066,1.371432
L82018,6604.293717066527,80.7460338239788,-0.52100664
L82019,2285.6166974303565,1152.8372909073908,-0.5633905
L82021,2306.3658927902193,-142.56616057261866,1.371432
L82022,7092.431364631687,224.86229315583788,-0.52100664
L82023,10652.048763679324,234.38800051744843,-0.52100664
L82024,-373.77623509569713,269.5998528510545,-0.52100664
L82025,1497.880226295945,280.9053931758467,-0.52100664
L82026,2649.070619306843,464.32728526301304,-0.52100664
L82028,6738.490865648334,773.3227709802679,-0.52100664
L82029,6021.31687237541,1186.5390823043763,-0.52100664
L82030,11627.338099056125,1199.4748978423431,-0.59094
L82035,3883.68524891187,376.8027491529712,-0.52100664
L82036,5121.075953642483,10.120780471452177,-0.52100664
L82037,585.7809794727428,-127.60027675468963,-0.5311565
L82038,2637.5802794305378,252.5726079385181,1.371432
L82039,684.1673172798288,130.015889139147,-0.52100664
L82040,54.31089176676049,-1880.8359156137822,-0.5633905
L82041,13906.549891652578,7487.497281366139,-0.52100664
L82042,5769.323219960713,73.66426621755024,-0.52100664
L82043,358.58192867754633,312.3514486786215,-0.44471574
L82044,3191.7861090168417,-350.6353066187535,-0.52100664
L82045,3955.316043359789,603.8527693552281,-0.52100664
L82046,3544.0812420972725,313.4994014010271,-0.44471574
L82047,4219.739400789039,591.4233491935829,1.371432
L82048,910.6433300038549,85.15350996132966,-0.52100664
L82049,3283.9176444897025,3.8495911765688837,-0.52100664
L82050,5287.969667720176,1035.7730772839152,-0.52100664
L82051,6979.738895326962,1023.5522783616576,-0.52100664
L82052,3886.175065792031,196.8034899713581,-0.52100664
L82053,686.6107377593213,-236.22377880709251,1.3460017
L82054,2825.2100166254045,-20.201306840006588,-0.52100664
L82055,-734.666634216572,-2747.7786878413335,-0.5633905
L82056,4510.788939587359,481.7891238312483,-0.52100664
L82057,197.15739658164918,368.6060642717066,-0.52100664
L82058,1487.7746355382549,253.15358582099657,-0.52100664
L82059,-76.93383839863714,10.372681029834263,-0.52100664
L82061,2207.4543788114083,334.58672773690176,-0.52100664
L82066,1038.0808765807271,-43.612628518823996,-0.44471574
L82068,2303.208782552893,869.3524405815108,-0.52100664
L82070,1527.5758736448493,13.534339578900468,1.371432
L82611,2718.002687163425,1245.2111173702858,-0.5633905
L82617,277.68267295062753,-533.3307875507423,-0.5296159
L82618,-213.43998178524635,116.56058277744471,-0.52100664
L82620,1771.0454850489475,286.5237647300215,-0.52100664
L82621,-2082.647430741605,-468.8724961278458,-0.41928542
L82622,455.4977246289875,-232.2687011964499,-0.52100664
L83002,9967.848684547667,2724.514995264784,1.3820282
L83003,2142.541620639876,547.6981884676153,0.049056083
L83004,2429.9504451904763,76.97739443912599,0.686933
L83005,4951.397282326809,452.9439560816535,-0.8070976
L83006,9334.473721232836,4051.5173466603096,-0.44471574
L83007,5303.964021302598,621.7576288227079,1.3820282
L83008,7474.5927367965705,2613.892403638777,-0.44471574
L83009,960.132790456132,378.5862810672231,0.3732925
L83010,1255.2423837419894,90.47936124020205,0.686933
L83011,4669.298069583403,-327.83066459233294,1.3820282
L83012,-432.22461772396616,-53.0857369560152,-0.59094
L83013,9265.891187509675,-310.7630641032763,-0.8070976
L83014,9515.043144273974,3930.1598019822236,-0.8070976
L83015,1745.6010281982385,73.37071850458656,-0.44471574
L83016,10395.601796459503,98.43151663522575,0.566139
L83017,5111.280637160473,617.3508840588004,0.04905608
L83018,1859.3956948093746,567.4343807051661,-0.44471574
L83019,945.683010912888,133.21520632462025,-0.44471574
L83020,8619.748030930463,744.9049602777073,1.3820282
L83021,4081.0809478056203,275.2884870463901,-0.44471574
L83022,2837.5401747312967,302.88404611579165,-0.8070976
L83023,1619.6325749696396,-20.667791649098525,0.4071996
L83024,1753.4052873154674,98.19111498217829,0.566139
L83025,3244.1341999955425,244.7105597543911,0.049056083
L83026,1540.6419145291381,44.785202336538035,-0.59094
L83027,905.8445398365795,34.161710850010415,-0.8070976
L83028,3683.898977523472,859.1193872828436,-0.44471574
L83029,2751.850942198272,843.4210173643193,-0.8070976
L83030,2429.595159903121,654.0326585885466,-0.44471574
L83031,4900.0439037338565,823.0848467291817,-0.8070976
L83032,1764.4203594937092,-1284.9552671204158,-0.8155744
L83034,2256.508758738926,393.1546090482712,-0.8070976
L83035,8532.19145781248,1078.841954124953,0.049056083
L83036,5884.683870807233,1253.262907080209,0.566139
L83037,2711.865706456027,-316.3036934308581,-0.41928542
L83038,5421.618892281649,2033.9783386811887,-0.44471574
L83039,531.6744835458594,381.864976875535,-0.44471574
L83040,5304.2259463153,588.6071420085062,0.566139
L83041,2672.788139610509,67.16015609723266,0.566139
L83042,2798.3585543339636,182.74863802712366,0.566139
L83043,3091.9071991458745,-420.3224315733158,-0.8070976
L83044,2838.3958803080673,-86.21659667126838,1.3820282
L83045,4341.870997771066,252.2932127625173,0.686933
L83046,898.0627016316331,388.0981293243511,-0.8070976
L83047,1250.2470587834778,-129.8165028017928,0.04905608
L83048,4838.451980356421,895.1835955724849,-0.44471574
L83049,-833.2057112749154,110.96214860299692,0.686933
L83050,7623.04970815646,265.68127774413654,-0.59094
L83051,2517.7275533113266,-166.7883620447987,-0.8070976
L83052,4969.95466611237,618.0283182402587,0.4071996
L83053,5941.917639964727,477.2927688820583,0.566139
L83054,3970.257834710649,308.5524411324892,1.3820282
L83055,6931.410312155865,25.7842974305311,-0.8070976
L83056,3871.709722998886,-157.37658006264286,0.566139
L83057,3221.5175936400624,204.45940892435047,-0.59094
L83058,2728.052393795242,-55.48125880364502,0.566139
L83059,3642.778466933948,223.182623070191,1.0281229
L83061,2270.750302296102,288.51348040761445,-0.44471574
L83064,3705.5621097876897,226.10485046190843,-0.44471574
L83065,902.1007454288022,133.9559685956496,0.4071996
L83066,5698.025977974787,704.3930079938165,0.566139
L83067,14610.714359237018,66.60906765210903,1.3820282
L83068,-1076.2622603717948,-98.47961677093241,0.049056083
L83069,7192.586358575763,1782.7576355958852,-0.59094
L83070,-521.8737975147219,-23.468637113744734,1.0281229
L83071,1901.5214009642764,925.4538465952845,-0.44471574
L83072,3569.809135559797,-5.980814963566952,-0.44471574
L83073,5637.98414398915,1307.6250680142896,0.049056083
L83074,11492.508624026295,4826.321210549291,-0.4376818
L83075,-60.875189771657446,120.45143199042442,1.0281229
L83076,829.7834597636753,-399.8043320064165,-0.44471574
L83077,1534.0240690093265,-593.1104814773832,0.566139
L83078,4608.709810647023,48.87636377076088,-0.8070976
L83079,2527.9876816324468,-20.710827641960016,0.566139
L83080,-1062.3786824984213,-382.01813979175716,-0.44134232
L83081,2515.3580860245083,240.30834533393485,-0.44471574
L83082,-1134.148660893934,32.54185082354386,0.686933
L83083,4738.256842061698,389.7045845656912,-0.59094
L83084,2062.1307279037624,219.67891884502015,0.566139
L83085,5037.232267737206,2739.500918458768,0.4071996
L83086,46.069091832336085,160.27894946974385,1.0281229
L83087,10636.182374604015,2268.5165649299456,0.20163792
L83088,-511.422353080821,76.72731454121678,1.0281229
L83089,4247.833519551833,354.23459022227445,-0.44471574
L83092,8397.981554758446,519.609825966817,0.566139
L83093,-601.0230802156179,-4300.085893355696,-0.41928542
L83094,3564.540144247179,-663.2595508604435,-0.8070976
L83095,5953.170933970792,238.17079157887792,1.3820282
L83096,7524.085786337909,5055.423768325028,0.049056083
L83097,2694.0380289025284,126.47123168137844,-0.59094
L83098,445.65821951335033,97.13581524855375,0.686933
L83099,702.1602496420538,-239.31963670794332,0.566139
L83100,16400.935735372248,8726.38853909076,-0.44471574
L83101,9641.22885420341,1322.2822517677448,-0.44471574
L83102,1924.100101033416,358.22437185825925,-0.44471574
L83103,9093.096241209112,1424.9619096806564,-0.8070976
L83105,2800.954917513727,375.5773066896888,-0.59094
L83106,3084.9292899258276,135.07088380484078,-0.59094
L83107,-1272.0621907647885,-972.7556023960536,-0.44221124
L83108,-798.1280483067524,-429.4512030573649,-0.8155744
L83109,-1787.4517352842493,-42.544403285989816,-0.41928542
L83111,5909.9651884175,1037.7463800016646,-0.8070976
L83112,929.4324484037518,464.4171652446678,-0.44471574
L83113,1463.4180064617258,772.7219359651646,-0.44471574
L83114,-640.0690274777085,72.02445314741179,-0.8155744
L83115,286.60941017164134,-29.933967291229038,0.566139
L83116,260.7625754439646,265.7713741413942,0.566139
L83117,-2554.554829570839,103.67588606347394,-0.44471574
L83118,6396.070918002126,4542.686962706994,-0.8070976
L83120,2240.37493046398,432.9800921004674,-0.8070976
L83121,-1519.3450816544541,53.008020314027306,-0.5994168
L83122,618.8691368026892,-119.69885173164144,-0.8155744
L83123,-1359.873859422675,277.10685165415373,-0.41928542
L83125,-1149.7510075382156,42.24339537376829,-0.44471574
L83126,-1345.9515278981062,-375.8425083802419,-0.8155744
L83127,1829.0061371455897,1094.7578320636248,0.4071996
L83128,1029.649613806624,312.22433521410494,0.566139
L83129,-567.5785796117749,62.19809979821451,-0.59094
L83130,2256.988980345484,-66.15523580425032,-0.8088195
L83131,8634.361750302609,2645.8296813629936,-0.8070976
L83132,-2887.1875648332734,-2400.5954340534386,-0.41928542
L83133,-1785.8816907071227,-1473.4805717062154,-0.41928542
L83134,-98.14502926400317,282.55639567631187,0.566139
L83136,2159.0160875043302,870.2903723169485,0.566139
L83137,4119.585326169827,2684.3729447348496,0.049056083
L83138,-520.5144140050136,-501.3887199899625,-0.42065352
L83139,-1041.7739413226238,-963.6194752203384,0.04905608
L83143,-613.4180877231776,41.003258250558794,0.566139
L83144,-1842.5579222142846,-231.04862843386994,-0.42933926
L83145,-1700.6027539869945,-430.97532891310874,-0.81340414
L83146,-1122.2586469144562,269.8809094014134,-0.8070976
L83147,2739.908561109746,-227.69367760970155,-0.44471574
L83148,313.2203434494129,365.754521076953,1.0281229
L83149,-1733.197669697618,-993.8305483294126,-0.81557435
L83607,98.77791857051483,326.79233313374357,-0.8070976
L83608,-468.43397059037034,-144.5242199355478,0.19316116
L83613,-1440.2400039640731,127.44619140802693,0.3732925
L83616,-1412.4643673559465,-46.31859897196552,0.3478622
L83624,2356.552501447421,699.4115251339409,-0.44471574
L83626,-964.2587540045212,-282.4077972876314,-0.41928542
L83627,-173.6380409257276,11.95415936297444,0.566139
L83628,653.1640385132263,202.3356034945846,0.566139
L83633,-1915.766885615732,-187.11970989695712,0.19316116
L83637,-1260.7448454099506,149.0914060603396,-0.8155744
L83639,-665.3068922195393,266.719287600755,-0.44471574
L83642,-1012.0961025419081,501.79549691406254,-0.44471574
L83643,-1722.4757527614565,-183.53153081551238,-0.42933926
L83644,-830.5728730552361,71.62210374495439,1.0080025
L83646,1898.936531862097,528.3416896946004,-0.44471574
L83647,-386.889932617482,824.6830623812909,0.19761384
L83648,1481.5590412476943,512.6038943349001,-0.44471574
L83651,-813.4044847877885,457.57672457386184,-0.44471574
L83655,506.6036959873883,177.70784041105344,0.566139
L83657,-436.5831781579526,40.00259853745359,-0.8070976
L83658,-2129.4880982993645,-158.09720802267753,-0.41928542
L83661,-1051.610540625844,115.26247439903935,0.4813713
L83663,-294.9009687326869,413.1208590490437,-0.59094
L83664,-1705.1703447931607,-458.08178072408714,-0.41928542
L83666,-884.6406575870192,133.36748724072822,-0.8070976
L83673,-2613.938310807871,96.97788257341062,0.566139
L83677,-3292.3746842777146,-141.4380413464971,1.3820281
L83679,-2636.484638135032,-154.9903667614022,0.566139
L84001,829.283854610341,-50.84807438686253,0.20163792
L84002,1860.7117021076879,-310.0407900396749,0.19533141
L84003,214.5425023363255,365.0486155103746,1.2358037
L84004,3744.095252101364,555.5835988703518,1.2358037
L84005,857.4584949006227,-35.24410908990582,1.7952706
L84006,766.7535053260285,125.27887763167415,1.5791129
L84007,2025.831969054869,135.22963208272068,1.7952706
L84008,2905.3158592298428,262.28289835688764,1.2358037
L84009,6703.834620635975,867.4305147335489,0.20163792
L84010,5540.863351893334,1659.7415972304268,1.6320928
L84011,3310.5014155064628,408.31541334946223,0.35633895
L84012,4656.1826443015925,1658.0252403766765,1.6320928
L84013,1994.4071194105836,67.67008418744945,0.19573446
L84014,2526.7140322825167,489.66434124573493,0.20163792
L84015,1767.733771662365,-288.8922698076122,1.2358037
L84016,1952.367689121961,171.41282727008556,0.20163792
L84017,2488.3554466805904,143.55550640024097,1.613093
L84018,3495.305109134796,1468.439206259847,1.6320928
L84019,4136.129343330276,1183.0187311504458,1.7783171
L84020,2488.7122510014838,-528.0202857467777,1.793601
L84021,3277.024034815952,496.49727782590816,0.35633895
L84022,1720.3688070493959,282.39648306365103,1.2358037
L84023,3185.9661712777943,-11.130408458239865,1.5791129
L84024,910.4386167439382,61.11081458149754,0.35633895
L84025,-352.5548797001517,120.43527441395618,0.20163792
L84026,8437.100490452307,5358.97899563985,0.20163792
L84027,1427.5515156640035,77.5922973321775,1.7952706
L84028,3956.144272301519,245.8423431443011,0.35633895
L84029,573.2248829611324,251.13976217753796,0.35633895
L84030,-449.3410932982893,115.19270919208456,1.2358037
L84031,2392.5834610135594,417.5884488653479,2.1216264
L84032,3425.5108378441023,307.39861785587163,1.7952706
L84033,5209.279051074205,154.5950030726012,1.2358037
L84034,2027.058202357835,274.0702541977493,0.20163792
L84036,3533.3447404039753,430.7058679298368,1.2358037
L84037,5932.858418488773,423.3007023261182,0.35633895
L84038,6076.288292883223,817.872544127315,1.6320928
L84039,210.9974415444896,121.49592776888001,1.7952706
L84040,4095.6008280900624,-122.73723400770156,1.2358037
L84041,2037.1526255440283,181.06449041313684,1.2358037
L84042,718.7566546901433,-1130.1654631630802,0.19761384
L84043,1086.9983919610636,192.15910393932796,1.5706363
L84044,491.7872017797924,-331.6278394075163,0.35633895
L84045,2756.1943167804884,241.54563170801734,0.35633895
L84046,734.6922504819357,743.1280098907876,0.35633895
L84047,4641.2204765307815,389.09597263843716,1.5791129
L84048,3999.7775975382992,708.3247036675626,1.2358037
L84049,359.29802952327844,439.32410425165375,1.2358037
L84050,10031.538383247855,1496.1171588257141,0.20163792
L84051,2690.1285017846894,260.5054778234472,1.7952706
L84052,2727.799959352677,238.46296083291085,0.20163792
L84053,3582.51793683113,336.6497203475999,0.75474715
L84054,2393.1961616830386,1786.0072062666088,1.5791129
L84055,7.8271522909150635,-876.5565273164158,0.7901679
L84056,2127.2385065078,-231.70883336387152,1.2358037
L84057,42.64835224639303,-154.52500202465032,0.19725505
L84058,2424.8135658581286,269.09938367443715,1.2358037
L84059,864.6537947358211,323.0943651884898,1.2358037
L84060,5567.677803631845,3346.8761065586696,1.7952706
L84063,-873.9732062377994,148.48365702325398,1.6320928
L84065,1095.6094819265165,-254.7562339868071,1.7952706
L84067,910.9195493904938,419.9872685082049,0.20163792
L84068,1045.483738525319,567.2969180784648,1.5706363
L84069,5315.351431747298,427.8912175739472,0.35633895
L84070,763.1460884035671,238.700312222847,1.7952706
L84071,2920.5514408334893,488.5131790414262,0.35633895
L84072,1163.5568294769403,368.31091321069715,1.5706363
L84073,-1105.0909545852837,-97.5594059199665,1.7952706
L84075,245.35667500390414,-78.29362796091208,1.7952706
L84077,-514.07803830499,-35.78764294296648,1.7952706
L84078,-500.5797142560711,64.80570871878031,1.7952706
L84080,166.73651018205675,20.235806901559478,1.7952706
L84081,843.3459187107653,14.65362872235764,0.20163792
L84084,2924.125033264504,-959.9055532294211,0.20163792
L84085,1082.3023837275084,117.91493347907999,0.35633895
L84604,-791.9050561059498,15.702686861699837,1.5621594
L84606,2984.0565518121516,1697.2894036788232,0.20163792
L84609,-2538.404283797818,-60.65645578311523,1.7783171
L84613,-813.5099570336153,46.33431915931249,1.7952706
L84615,-7.919425616452964,42.978596243644006,0.35633895
L84616,952.4316520073793,-752.6396452179547,1.2358037
L84617,-812.5586060718279,322.3915722679495,0.20163792
L84620,-3112.115332846239,-64.7838632828788,1.2155282
L84621,-1405.7798175083947,103.14304817372127,0.19316116
L85001,4049.7499306500627,89.19405885084703,0.3478622
L85002,2964.0939147020017,-107.96098534630492,0.47925213
L85003,401.2354872857309,-154.81256215577616,0.4071996
L85004,5435.2725566764775,1420.3763860069646,0.6551451
L85005,-266.6677798177318,-1525.846202789559,0.6684755
L85006,2667.270915349007,201.50082309676574,0.21435307
L85007,5081.316434017091,456.26472435945124,0.6551451
L85008,17855.477187620203,271.848891031996,1.668119
L85009,3944.2918709541036,-644.9961407853174,0.3478622
L85010,6886.339918049406,-368.9391407441795,0.21435307
L85011,1275.5790033773055,267.3768698555257,1.1383209
L85012,5018.944478474808,1945.913076543216,0.3478622
L85013,211.36396198979432,268.021623671078,0.3478622
L85014,2264.802975683261,714.5005250081254,0.21435307
L85015,2624.8185279140607,21.45784780182631,0.6551451
L85016,13094.870675433314,625.2725534236677,0.21435307
L85017,3377.975475753634,501.3100464732263,0.6551451
L85018,1239.4995308532966,-62.993815913185244,0.21435307
L85019,2698.807663104525,983.609962706726,0.3478622
L85020,4718.962348761573,490.888010783638,1.668119
L85021,4874.119840072568,15.862755604776638,0.3478622
L85022,3808.717469493823,367.9651842578886,0.6551451
L85023,3749.7511184593845,866.8554309267791,0.3478622
L85024,4540.456440040456,981.2562272982188,0.21435307
L85025,3738.4462941941033,1176.2726317715806,0.21435307
L85026,74.43206693270182,280.21779728611654,0.6551451
L85027,1838.032464474465,-185.24942691703825,0.47925213
L85028,1719.374805171326,-757.4637865090854,0.6551451
L85029,3215.9740321833074,1104.389440732953,0.6551451
L85030,2679.6974772607505,289.9762676605152,0.6551451
L85031,1242.4129247230503,785.2701072919104,0.996335
L85032,-383.77190771203306,-242.10246543527887,0.47925213
L85033,6788.931120700906,376.89577930457824,0.6551451
L85034,583.8936204443374,274.10666248611994,0.47925213
L85035,6110.978662243809,85.26051540991517,0.21435307
L85036,931.0931568310451,43.019921732048324,0.3478622
L85037,131.41067030254737,47.967190587566265,0.21435307
L85038,2344.729826264142,-259.3173131900332,0.3478622
L85039,4796.0958762027485,-341.30705043772974,0.21435307
L85040,-248.3539221306311,245.39031577818395,0.47925213
L85041,1073.3343301041564,-464.92371171619,0.35212243
L85042,3800.2295110468153,417.7614561784029,0.21435307
L85043,1732.8595573547,141.3339280825289,0.47925213
L85044,1517.3218401057827,493.09291343863237,0.47925213
L85045,-1927.585583443111,-527.447382139464,0.69752896
L85046,1660.8039532023606,-111.26658924851978,0.47925213
L85047,-652.6216944527772,120.99342286553156,0.21435307
L85048,-209.65065109810408,-136.1883368260585,0.6551451
L85050,428.4510749605895,472.61041332608903,0.3478622
L85051,1229.3419345071327,-132.7975840071555,0.21435307
L85052,674.1608053682388,240.8627700744252,0.21435307
L85053,169.56143462479216,-181.95278543948143,0.47925213
L85054,3175.089841116403,532.8429684338926,0.6551451
L85055,2737.0121592932605,182.89415138667002,0.21435307
L85056,1404.2092227472356,98.96366846483913,0.21435307
L85059,674.0091294534593,-486.51627972608446,0.37329254
L85060,-787.9939916447393,-444.32819970973287,0.67889464
L85061,-286.01504578278565,100.05758168272136,0.6551451
L85062,-5.430994680144058,31.724783550679057,0.21435307
L85064,37.45497785128986,1049.7649575729724,0.6551451
L85065,1711.0794107567422,2296.056767891596,0.3478622
L85066,-361.6108898210729,941.2408428961006,0.6551451
L85601,-882.8009955035127,277.2225745183579,0.21435307
L85602,-2047.3747664671564,-183.87168259135714,0.3732925
L85607,-783.792654814758,149.08492122926955,0.21435307
L85608,-1266.7280657968602,-303.60481587843316,0.3732925
L85609,-284.77125821635394,124.75157112351773,0.21435307
L85611,-1466.9286965199283,27.48804576303764,0.47925213
L85612,-939.3867688900456,60.83603914786331,0.21435307
L85616,-688.8313086102934,360.2535663638752,0.3732925
L85619,-71.74923099491313,514.9033130132524,0.6551451
L85620,-1007.169036830497,702.9016261862915,0.6846624
L85624,-538.2556756367142,138.09974482642608,0.6551451
L85625,-3127.1182898651755,-15.335795022320585,1.6669631
M81001,2686.9357407701686,-335.2510900955072,0.12322781
M81002,2863.2712841057873,152.1393142274105,0.12322781
M81003,2559.6152365504827,562.767721679362,0.09143993
M81004,10848.792883205855,1683.4860153787545,0.81408453
M81005,2544.1403231536374,163.16110897744989,-0.0039237277
M81006,6043.757052765175,1411.1304485700707,0.4262723
M81007,1282.0248368568098,232.97136676163936,0.81408453
M81008,4230.606055428072,420.5526445412563,0.4262723
M81009,1025.237048786791,-224.31817645873573,0.09143993
M81010,3204.458390052132,2144.2559935903414,-0.0039237277
M81011,1011.0082543380882,416.8549788379802,0.4262723
M81012,2089.3396004417527,-64.5417093643361,0.7695815
M81013,1473.5484265992857,-492.78637151254037,0.071319506
M81014,-69.47625486015922,-245.73980558596898,0.06952555
M81015,1952.848064342028,625.0180015887396,-0.0039237277
M81016,3648.4671660884605,802.4617646087868,0.09143993
M81017,3787.105637535919,329.96385546152703,0.4262723
M81018,1574.2457884169523,518.6821537200535,0.09143993
M81019,4367.960896732146,487.211658409599,0.12322781
M81020,2637.242571353728,355.88629430258214,0.12322781
M81021,1991.5489305772417,136.24854292881554,1.7698404
M81022,6282.108001586496,1163.6801803750243,0.4262723
M81023,1229.700343745948,68.9766003526655,0.06769036
M81024,725.3848235592092,313.5675313616369,0.09143993
M81025,-630.785955724587,228.31240777810777,1.7698404
M81026,14073.527476777037,6104.755585317451,0.09143993
M81027,337.11874655925806,201.58156639885956,-0.08445303
M81029,5157.9166700459555,918.871572970266,0.81408453
M81032,3106.6625925550493,69.84023079330132,0.09143993
M81033,1813.160470302802,311.47618370972754,0.7695815
M81034,2349.902980204474,187.99376829157973,0.4262723
M81035,2285.039632194019,100.97638501952848,0.4262723
M81037,3695.7681070437716,168.2487899116949,0.4262723
M81038,9148.24414353387,1033.2148753500073,1.5791129
M81039,2698.245539558073,991.2011947894233,0.7695815
M81040,4660.617122880286,-348.4214479007889,-0.0039237277
M81041,1854.8785476964852,399.6717228864157,0.12322781
M81042,3127.9494696819943,391.6720290148733,0.09143993
M81043,3353.153802505849,518.1166518180657,0.09143993
M81044,3799.536613592822,667.1602650206703,0.35633895
M81045,484.0186543026233,262.3914595069654,0.7695815
M81046,7199.146937365049,435.2837781738245,0.81408453
M81047,1694.017931066891,305.50127331793277,0.4262723
M81048,5192.629303102358,476.96367708747505,0.7695815
M81049,3395.49776022867,649.9727644316554,0.4262723
M81054,3495.26850462098,-665.9936403147733,0.09143993
M81055,-567.0406940797515,33.96697744786232,1.7698404
M81056,6645.492448892013,74.37745450601558,-0.0039237277
M81057,6767.71033004885,834.9867919112133,-0.0039237277
M81058,9057.557725812876,1001.0793907449587,0.81408453
M81061,747.855042958091,348.5581035989858,0.35633895
M81062,-1071.5238460093806,-124.32391337776758,1.7698404
M81063,3458.4784221883456,629.891080619474,0.4262723
M81064,-344.4808159551332,311.2871651378611,-1.2288169
M81065,427.70681128804614,78.69309131256037,0.013029811
M81066,1763.1970440918299,62.78202525420583,0.09143993
M81067,171.53479152287272,231.7575354275822,0.09143993
M81068,6390.7099967103395,1829.4361501035883,-0.0039237277
M81069,2515.681240455442,-447.9029954540482,1.7698404
M81070,3113.542626741492,-359.8301758838646,1.7698404
M81072,481.05321757475485,299.29317131014926,0.4262723
M81073,1727.3082313028528,486.00033626972646,-0.0039237277
M81074,6256.1709316950255,292.64186995716557,0.81408453
M81075,5731.9705873831845,1750.3095967602894,0.7695815
M81076,-630.9115987331103,82.45787967411641,0.7695815
M81077,611.7866157201356,-95.05261689234538,0.12322781
M81078,-673.0730480189844,-34.77236702470872,1.7698404
M81079,1381.5353276549763,582.3963354855117,0.7695815
M81080,-409.5915509820034,-287.30879504349895,0.073073596
M81081,46.47214782938575,307.40044785710455,0.7695815
M81082,2774.990855816734,834.5729701022126,1.7698404
M81083,-29.30192889313909,-225.26805559433524,-1.2288169
M81084,-1083.342841938574,231.63555367664952,1.7698404
M81087,-1017.9403081038218,-143.8015773868922,0.13134767
M81089,26.75377667575259,67.37053474412893,0.12322781
M81090,-145.5584029309828,439.37249148972245,-0.0039237277
M81091,3358.527316998042,-66.90040845825175,0.4262723
M81092,111.3914275262247,254.70808788778396,0.12322781
M81093,1153.4755179546962,185.8865817468358,0.09143993
M81094,4250.246127204066,862.8208593594089,0.81408453
M81600,-538.9982259737914,162.03204663746317,0.7695815
M81604,1294.4965249514494,120.99599091960292,0.09143993
M81605,191.14617373216396,215.42734085920182,-0.08445303
M81608,324.7217640748626,293.18363440072153,-0.0039237277
M81616,-1507.700189763383,363.17595457174787,0.12322781
M81617,-946.4725868138262,455.8450152474433,0.12322781
M81621,-157.00133801745554,396.941289812875,0.7695815
M81627,907.4615226378568,363.0893264014031,0.81408453
M81629,2205.5528793700346,119.72682135640738,0.7695815
M81631,-3074.9538779165027,-55.94286971654237,0.049056076
M81634,-3055.2136044116933,-42.40920253814485,0.049056083
M81636,-1466.2209190583505,-16.72084821326964,0.4262723
M82001,-1887.9362197501198,-121.67676516398218,-0.27518034
M82002,972.1066362718653,204.72181525745472,0.6085229
M82003,3581.9839698501414,1080.766264182458,-0.2582268
M82004,6263.891452690103,1568.1937676965033,-0.2582268
M82005,3832.5863981986195,222.3320533055362,0.6085229
M82006,2904.9563476029666,-1320.7732817634635,0.6085229
M82007,4561.616972364455,-173.92780948431843,-0.2582268
M82008,1255.4415098642041,-32.64198329939695,0.6085229
M82009,2581.7797700794404,689.2840313756863,-0.2582268
M82010,5313.312700233868,858.8386477037993,0.42839152
M82011,140.90025491052268,155.23415684572473,-0.2582268
M82012,3611.6396011871448,1016.3587824598353,-0.2582268
M82013,-808.4962137526038,145.19843794380546,0.6085229
M82014,2119.546795207629,349.1414215553872,0.6085229
M82015,-1012.7456225911919,-1340.5698138196178,0.6254764
M82016,1850.7277901234197,-300.91464007938305,0.6085229
M82017,1098.9212895363967,321.2229129863563,0.6085229
M82018,1969.6346586838072,301.6711128974101,0.6085229
M82019,3147.4276619703014,14.799079578877778,-0.2582268
M82020,-246.2463160595576,624.4278727162184,0.6085229
M82021,2416.1691093345303,216.64848805631019,1.4286503
M82022,6740.503850531045,720.0023222990258,0.6085229
M82023,1243.9042039520557,380.16742839339463,0.6085229
M82024,-798.0846587546899,21.925772246549602,0.6085229
M82025,6557.186288722343,2499.7611401763306,0.8162037
M82026,7959.981775318138,2922.775822888537,0.6085229
M82027,735.3560630817353,-545.5070596328867,-0.26047575
M82028,8634.891297633905,1185.0922003344042,-0.2582268
M82029,3092.7185982207843,-1959.5416528779065,-0.27518034
M82030,3197.8588366865133,726.0642297857956,0.6085229
M82031,-520.6740519593153,57.11232727636926,-0.0039237277
M82032,4319.622651916763,2959.453151394278,0.6085229
M82033,-866.7689062877816,15.7142068503307,0.6085229
M82034,132.9930626948038,25.700953805108853,0.6085229
M82035,4654.164215289744,1173.1014554775588,0.6085229
M82038,2633.4840121010093,232.09612782698497,-0.2582268
M82039,6745.465423719447,-489.2708515571971,-0.2582268
M82040,-633.9369262534144,-8.00460907676253,0.6085229
M82041,1400.2750390270505,-155.4332021419436,-0.0039237277
M82042,789.2271827628449,340.87015679827016,-0.2582268
M82043,1715.2696615535758,168.25732629464443,0.6085229
M82044,825.2742160956415,21.5959037674185,0.8162037
M82045,-576.7499663064201,344.1901081483108,0.828276
M82046,248.99162858236753,142.00457674377952,0.6085229
M82047,419.2168444232617,77.62168935214495,0.6085229
M82048,-722.9080847657009,303.6830131160707,0.6085229
M82050,1145.0805784012268,135.66354849278062,0.6254764
M82051,-680.4873834129569,261.2462795857476,-0.2582268
M82054,-2305.9097300451645,-500.310537484475,-0.27518034
M82055,-1105.0881851994409,-246.15803431432272,0.84163404
M82056,1726.329167797919,203.75929174590308,-0.2582268
M82057,-1085.8837607540102,419.05658669657083,-0.2582268
M82058,390.18843441988633,-99.80221693865842,-0.2582268
M82059,2386.4534427049734,580.7505085772169,-0.2582268
M82060,2635.2070800711695,309.20838966107567,0.6085229
M82601,-140.01662205483044,148.12886186950553,-0.0039237277
M82604,-1420.7809056483402,-9.803889994625614,0.6085229
M82606,-1441.424236459836,133.9137186577962,-0.2582268
M82607,-1590.6888457901862,244.97484923699125,-0.27518034
M82612,-2264.6579296221753,-211.5990954080612,-0.27518034
M82616,-292.3690822188717,313.9132965895203,-0.2582268
M82619,-935.3437256999996,138.4784942078122,-0.27518034
M82620,-892.1822598418117,33.36454107158876,0.6085229
M83001,7090.049150657733,476.51966979202484,0.08508235
M83004,7796.3320388069005,-800.8355818730162,-1.1482875
M83005,2792.8375414314937,-957.5048910031019,0.42839152
M83006,12582.848376757407,3725.1345356049615,1.4625573
M83007,1515.4215636915603,582.7346182341943,-1.1482875
M83009,6111.06423039164,1242.4072880938531,1.4286503
M83010,2420.6467524975064,291.87576298944686,1.1849431
M83011,2655.354090481157,-14.655834230374976,-1.1482875
M83012,1585.3394831889402,311.53815894434973,0.95818955
M83013,1200.5849046193405,-45.30206852649081,0.47289455
M83014,3965.0630062149003,575.1822720207259,-1.1482875
M83015,3038.810081203079,52.427382490303636,0.42839152
M83016,1315.544056926453,524.6769315095108,0.08508235
M83017,1395.8928153895272,69.1169908506828,0.42839152
M83018,1440.0256941317334,302.7680503884894,-1.1398108
M83019,-4640.532245163399,-2489.134705621377,0.9497129
M83020,3929.477033264891,-479.44235404625647,1.337525
M83021,6536.1858871236645,286.93150932237177,-1.1482875
M83022,5109.227308540652,-134.62502925731158,0.08508235
M83023,3360.6450402705736,57.97432744400878,1.293022
M83024,432.9905318268937,127.95412215309949,1.337525
M83025,2866.6903047708656,-384.0666149022148,-1.1482875
M83026,3435.207346827517,715.5061998795129,1.1849431
M83027,4062.173139462054,419.62355286577105,1.4625573
M83028,4824.195251923442,787.9859190402376,-1.1482875
M83030,5033.032151564529,868.8155359150248,1.4625573
M83031,963.2177083165145,32.14424413931946,-1.1398108
M83032,5123.156428908835,-589.6408869656128,0.19528036
M83033,-1261.0134598521477,-39.14506609638449,0.08508235
M83034,7285.6582323142375,816.3597019097074,0.42839152
M83035,422.01359538694595,-0.6435615044859175,1.4625573
M83036,2307.173854130141,-291.5565520452295,1.337525
M83037,910.7760009915888,395.7233686009627,0.47289455
M83038,5756.818401821039,-20.37992679631249,-1.1482875
M83041,1123.3683433296146,392.5288127029183,-0.0039237277
M83042,4469.651640945985,169.48685715712014,1.1849431
M83043,-1931.2170598215373,-257.29185028848127,0.22918743
M83044,2937.6284989917303,843.3316299059325,1.337525
M83045,3273.4587169938445,332.15370482984486,1.4286503
M83046,4060.6124011884503,551.3682932949574,-1.1482875
M83047,895.3510287487428,878.5740733701184,-1.1482875
M83048,1784.1737732792278,1523.671369581295,0.08508235
M83049,2849.569726264518,74.34581423216204,1.337525
M83050,4212.47020873916,-797.7143769355552,1.337525
M83051,3235.5647592030505,-1.7404326111005646,1.1849431
M83052,8015.59585670135,922.6725020931196,1.337525
M83054,5179.348563856444,205.49555339671562,0.42839152
M83056,5568.063402875283,544.0262232402455,-1.1482875
M83057,3319.625501574829,369.3121839333623,1.337525
M83059,1.9675511269769534,146.63534510564406,0.47289455
M83061,4473.490444493427,702.9481045691823,-1.1482875
M83062,6452.68431191485,256.1877772770146,0.19528036
M83063,-682.9219503331528,83.75941717677551,0.08508235
M83064,3980.066659981363,153.0819098431957,0.22918743
M83065,2630.474441217842,87.75625259737129,1.4625573
M83066,592.9204503060539,459.7281168319297,-1.1482875
M83067,1808.8366296057388,160.01526159966173,-1.1482875
M83068,3235.7634306199516,643.8460173203878,-1.1482875
M83069,7908.636225640383,-116.11045803274472,1.337525
M83070,3908.5907530645304,565.5015477647714,1.337525
M83071,5670.920161793572,2310.555602442575,0.95818955
M83072,8814.99878036844,82.48455187446125,0.08508235
M83073,3826.9884321911286,375.38225954992896,1.1849431
M83074,8225.074265007555,630.8661509349055,0.47289455
M83075,2298.025689458089,343.5034960362225,-1.1482875
M83076,1671.6718806573522,-1.9487763246272616,-1.1482875
M83078,693.2671711720592,-712.5096368085103,1.4554149
M83079,2417.533497329656,447.38169931908766,0.95818955
M83080,-1654.910372012344,-13.068052526307193,0.08508235
M83082,8907.739085666663,937.4217593460606,-1.1482875
M83084,1795.4903570154122,242.88666572436244,1.293022
M83088,7990.964610970904,688.6777332455856,0.19528036
M83089,4195.588451736702,494.32603995903173,-1.1482875
M83090,1877.4529829366763,919.1485276568129,-1.1482875
M83092,2800.172700892377,187.39351246796465,1.337525
M83093,484.50234385685235,86.3917629759626,-1.1398108
M83094,8207.724655923317,469.1759726410912,-1.1482875
M83096,1991.0809882228446,231.74026707661494,0.95818955
M83097,551.2636063974418,33.435336170369126,-1.1398108
M83100,671.6982139875215,237.7317543597794,-1.1482875
M83102,135.19054561034423,146.163571784924,-1.1482875
M83103,167.07162269730352,394.67669745267233,0.95818955
M83107,1173.7707358970436,1136.9790990329548,0.08508235
M83108,2919.948030129964,192.88787223962592,0.95818955
M83109,-1583.3278459600149,77.83480565139159,0.08508235
M83110,2787.1635209065166,3681.050047085647,0.19528036
M83111,-1024.7478457105308,98.68287298979749,0.19528036
M83113,-1366.5787938788324,140.35404523453798,0.19528036
M83115,-1395.48804087643,141.86361996759706,0.08508235
M83117,463.8746285539047,117.78506144861518,0.19528036
M83121,2362.1597808743245,368.06756376746733,0.95818955
M83122,-255.38034865090583,393.72749404475957,0.95818955
M83123,3076.5073410971145,269.826578774718,-1.1482875
M83125,850.3991882965961,121.36449556679808,-0.0039237277
M83126,1998.0059915798267,538.1844211038755,-1.1482875
M83127,591.3013877953257,374.44554136274087,-1.1482875
M83128,664.8698514834111,-321.5511748659711,-1.1465658
M83129,1954.5858804533789,502.9316671543123,0.08508235
M83130,-228.5278042062565,145.86026034193642,0.08508235
M83132,-498.98218423920616,152.0551478799861,-1.1398108
M83133,-1138.9397820614815,-102.50069067224443,-1.1398108
M83134,-630.5095320160872,-165.86539758106338,-1.1482875
M83138,1089.7068083775694,-283.5681995142752,-1.1482875
M83139,969.2870297484832,340.1093075026799,0.08508235
M83140,474.9620741055215,358.71823247862943,-1.1482875
M83141,3783.920645134377,229.72842095858425,-1.1482875
M83143,822.9225841284243,461.22275484097,-1.1482875
M83144,-3572.202186092628,-1380.8879235686409,0.085082345
M83146,5850.074446183347,1354.3389644385593,-1.1482875
M83148,8420.490472275287,1683.8207690617974,0.19528036
M83601,408.7182511317413,567.887278966239,-1.1482875
M83608,-319.47925755169194,339.313446442269,0.08508235
M83613,-1660.4089481412198,-208.32777350046504,0.08508235
M83616,875.800457100832,-1349.5646835681011,0.08508235
M83617,7462.069697129882,3494.2989380520526,0.08508235
M83619,-1776.5540421716669,84.75968698212209,-1.1482875
M83623,-356.5246198340458,-225.86011396573477,-1.1482875
M83624,-291.2770336668394,344.8292376427183,-1.1482875
M83625,3246.9973458340173,-201.9635007660827,-1.1482875
M83627,1290.7089641560033,-228.40873112146735,-1.1482875
M83629,-130.74535753545203,-234.41602847876283,-1.1398108
M83631,-423.73170299554954,-299.50382307655764,-1.1439047
M83632,532.3149716328389,-296.5521713462228,-1.1482875
M83637,-764.4681234888042,10.301650298930628,0.08508235
M83638,5330.954611235506,124.27787986527248,0.08508235
M83639,-807.3060785929124,-702.1289673396614,0.08508235
M83640,-905.2816310335996,100.04719476935736,0.95818955
M83641,-1155.384218051205,95.22543377822184,0.47289455
M83650,1926.427683676877,3212.794753897813,-1.1482875
M83661,285.40381338273676,1710.6314302913001,-1.1482875
M83662,-1484.0721778967406,-76.42808556774716,0.08508235
M83665,-392.033510984939,205.61837717632864,1.2970818
M83668,-1027.212978757611,300.42054614056394,-1.1398108
M83669,160.15918100196333,429.8034933567692,-1.1398108
M83670,-2080.419479479896,150.39655428969596,0.42839152
M83678,-1611.8503676667847,-289.99765357372814,-1.1398108
M83680,940.1312837218907,500.56190449891096,0.47289455
M83681,473.6064066275152,-7.284796995119487,1.1849431
M83682,2832.087235685557,196.72765628727254,-1.1482875
M83691,-1704.2955552368178,-8.515019546486977,0.42839152
M83692,2746.7808945833426,1853.476601858141,0.08508235
M83693,-20.635547979916755,558.8865334149441,0.19528036
M83695,-2170.0751136913186,-51.23657242763052,-1.1398108
M83697,-1174.5441885740145,311.73511678448045,-1.1482875
M83698,-551.9593194906387,453.80199171471236,0.08508235
M83700,-915.3118867752859,387.54212220100834,-1.1482875
M83701,628.6889317337885,162.61129129732774,0.42839152
M83703,-141.48125118062563,345.4490879183719,0.08508235
M83704,-2877.7781347114446,-25.39980421660335,-1.1482875
M83705,-815.597923034025,905.9799221555662,0.19528036
M83706,-1592.3033101188703,200.2889884229864,0.19528036
M83708,-1150.0335122429487,419.8663571187222,-1.1402848
M83709,601.8094250866428,244.76308121461736,-1.1482875
M83711,-252.80408002088492,247.7968416297965,-1.1482875
M83712,-1491.5766155498147,-122.07996069847277,-1.1465658
M83713,848.4491752617195,606.5822463343025,-1.1482875
M83714,-2094.959323860313,-123.37041388603546,-1.1482875
M83715,-702.8312248215998,254.13580841000388,-1.1398108
M83717,-1459.589264567136,106.53804580445198,0.08508235
M83718,-884.4564080998331,-33.039745254745014,1.1849431
M83719,638.7763378420699,272.4225539216745,0.08508235
M83722,-756.3112086601623,-28.726531690608446,0.08508235
M83723,2770.0787345973845,2747.8989123753454,0.42839152
M83725,113.29247289759117,-166.18334362336418,-1.1482875
M83726,-1516.3355128640128,-223.72188597689697,1.2018967
M83727,-134.7515438643757,85.13514402011279,0.08508235
M83732,-3052.3933193982157,-607.4940972996494,0.08508235
M83733,-1861.0403518635835,-290.6509947768716,0.2238502
M83738,1433.803032688185,117.13357663812847,0.08508235
M83739,-994.7136557042559,-299.49493767522955,-1.141981
M84001,9510.790007901911,531.4191305742975,-0.1480288
M84002,1335.336701247165,412.6481253509215,0.12322781
M84003,4769.508941185953,-203.8791506892244,-0.1480288
M84004,5381.15049800713,766.3278449493987,1.3120946
M84005,-575.310188174956,756.9771365771403,-0.1480288
M84006,6895.309808356286,1123.411914600453,0.6297148
M84007,7942.061756208617,738.1087040364428,0.6297148
M84008,3773.9735611038527,626.5064938163928,0.6297148
M84009,834.8651897825528,388.95932225375554,1.3120946
M84010,1352.56706130633,200.93633181863242,1.634212
M84011,10600.218931907253,3408.3322255365206,-0.1480288
M84012,5538.922253385317,98.94839128133948,-0.61213195
M84013,2606.916205989941,181.2512695302642,1.634212
M84014,3318.2781831336038,152.13674872807448,1.5706363
M84015,4617.459274793983,1038.8382344833306,1.634212
M84016,757.7291881740151,542.0891794734129,1.3120946
M84017,2210.8266713462212,80.87758771111828,1.634212
M84018,7364.8451115221105,377.0444022649801,0.12322781
M84019,11811.376363255355,1523.8622263221835,0.6297148
M84020,2960.242508624607,-117.23571852847306,1.3120946
M84021,6072.090077582401,552.3519857537128,1.5706363
M84022,4713.211604443724,-153.67868775980332,-0.1480288
M84023,6396.460360334453,541.0070715329268,1.3120946
M84024,1417.7472198434327,235.76833074988238,1.040838
M84025,6920.289620413564,659.786808344725,1.5706363
M84026,3433.899159802828,-102.45926775859442,1.3120946
M84027,-238.10403455407126,22.34559012872307,-0.13107526
M84028,7272.211647957376,1513.1110748198885,1.634212
M84029,1268.2516703312508,217.9677862111905,1.634212
M84030,5759.287549194983,458.7014007541301,1.5706363
M84031,1434.2704370112124,423.84008740600797,1.3120946
M84032,1480.9695233060365,522.2266545554202,1.634212
M84034,-1437.0214155666645,134.13402544545713,-0.1480288
M84035,2346.557970258156,443.9896808477728,1.3120946
M84036,6036.909277379555,2432.9272270434985,1.634212
M84037,5890.446536272761,-201.40501131039423,-0.1480288
M84038,-1164.7470438866571,-401.9276752505106,1.6342119
M84040,1926.389161013163,-519.0409558756594,1.634212
M84041,929.2534757328411,358.0912009661151,-0.1480288
M84042,4891.459675254195,560.662717025862,1.040838
M84043,9010.370131497892,322.5000743792607,1.5706363
M84044,1457.7338153940727,6.721311458359265,1.634212
M84045,1446.3800515479604,-985.4030600712999,-0.13107526
M84046,308.3741858440139,-89.18325098590574,1.3120946
M84047,697.5007783308043,496.6405035010406,0.12322781
M84048,-367.8725746567368,-396.7706638201202,1.0577916
M84049,423.0116638887852,490.8924122430868,0.12322781
M84050,1746.0438903609677,467.48322241668086,1.3120946
M84051,4531.81356379159,326.62966845312087,-0.1480288
M84055,-277.5335866728688,-90.43311762330204,-0.1480288
M84057,-461.3403719634768,-33.851401771755214,-0.13107526
M84059,-121.2678649642846,56.64282090136344,1.634212
M84060,1041.1236196165023,552.8952749200292,0.12322781
M84061,1154.3230223980597,235.81697502507674,-0.1480288
M84062,290.9961675889796,198.52082633549585,1.5706363
M84063,-376.8161320777453,222.2259978504482,1.634212
M84064,-513.0842508108084,257.2677371404347,1.634212
M84065,-137.45283542980394,-16.27463340947286,1.3120946
M84066,434.08916975031065,419.6520665057635,1.5706363
M84067,2049.175476622165,169.78969255442857,1.3120946
M84068,-512.5192081536345,-531.1631617976253,1.3460017
M84069,-129.02797670711618,286.8357877546052,1.634212
M84070,-966.6178765368695,298.53639408029255,1.634212
M84603,-922.766433216585,177.9876403771635,1.6342118
M84608,-2236.0902137089897,-257.0090616000693,0.15713489
M84609,-599.3808235262505,83.48543790852956,-0.1480288
M84612,208.29342527679518,364.84406970869156,0.6297148
M84615,1662.4077258293996,207.68454826681216,-0.1480288
M84616,-343.7566708561448,200.16368553232994,1.3120946
M84617,-1713.1587869292337,-41.27431581926872,1.5706363
M84618,94.17183118401728,67.12899680727287,-0.1480288
M84620,-1238.5656359627449,134.97917316370277,1.040838
M84621,-1240.2060674806694,20.285026578707612,-0.1480288
M84624,-1556.4274210286067,-182.00883853826787,-0.13852897
M84627,235.96081554261804,351.64936308718916,-0.1480288
M84629,-290.7707533117614,721.4733654367866,1.3120946
M85001,740.0765182564368,-709.6881006978422,-1.2288169
M85002,2463.6477016076346,506.90386447897146,-1.2288169
M85003,1671.7308346235918,-331.3484965307323,-1.2118634
M85005,42.06376421672115,-127.45416384792443,-1.2288169
M85006,1141.7906866186333,-307.2388135258613,-1.2288169
M85007,123.8873294993128,816.8002190822103,1.7698404
M85008,-717.9760217574438,-643.4464990507378,-1.2288169
M85009,-143.033751791169,205.33059675111184,-1.2288169
M85010,-2399.318280345907,-690.4371621818007,-1.2118634
M85011,1236.041474574118,-5.9628659681698615,-1.2288169
M85013,-71.4499541781365,262.4800716481868,-1.2288169
M85014,-692.1032617972023,-124.23060787829857,-1.2288169
M85015,-331.23840903029776,-214.71455340282014,-1.2118634
M85016,1540.3111110388024,-362.41474095973405,-1.2288169
M85018,2403.6141923308046,-23.777956244551948,-1.2288169
M85019,11520.814947028013,6126.914624667884,-1.2288169
M85020,5450.548514834358,1124.9864050862507,-1.2288169
M85021,-2222.112778929255,56.4261104516251,-1.2288169
M85023,1497.8821701221882,-77.12241090844148,1.7698404
M85024,757.7566245204443,63.417533704820606,-1.2288169
M85025,-246.4233897302593,162.22061035813306,-1.2288169
M85026,4234.3506843850455,453.15444875536036,-1.2288169
M85027,1040.5703640549252,501.70144034878865,1.7698404
M85028,7997.9224952483955,-784.6479268880537,-1.2203401
M85029,611.4654029805133,-6.500930910226188,1.7698404
M85030,1026.8708513326442,825.1651881070511,1.7698404
M85031,3540.2032549470537,-102.41408958297322,1.040838
M85033,4142.370241471348,270.5318080020715,-1.2288169
M85034,2692.958484627112,568.3664466285936,-1.2288169
M85035,-566.2002113529052,27.719821149460774,-1.2203401
M85036,504.64443299939063,168.13856432458354,-1.2118634
M85037,1103.3350502362982,82.55411625638993,-1.2288169
M85038,1609.5076060418521,-163.6859532004236,-1.21701
M85041,-1176.4698797637982,-61.80012046809443,-1.2288169
M85042,-1137.359868490406,151.80300237672202,-1.2288169
M85043,24.32030351595754,-165.01045882407865,1.7698404
M85045,-1784.97159778078,-416.18898544943903,-1.2118634
M85046,7271.366580265848,7096.744854027654,-1.2288169
M85047,-206.2180005477908,320.63899305167473,1.7698404
M85048,3369.277377497439,390.04912446470996,1.040838
M85051,-394.6394844521207,-339.35573547908376,-1.2288169
M85052,-706.7022563340435,70.88948787219579,1.772185
M85053,-546.3689565366757,290.9672545620447,-1.2288169
M85055,-784.5738727826633,-349.5125569612554,-1.2288169
M85056,256.28958490264085,334.9526228774618,-1.2288169
M85058,331.75669150974136,149.29745715236743,-1.2288169
M85059,-818.3951853189284,-23.744333259476907,-1.2118634
M85060,5288.267780075927,2252.4700797910195,-1.2288169
M85061,3645.2281655235097,37.28903389598329,-1.2288169
M85062,-48.54533405524936,-427.15033442647103,1.7698404
M85063,28663.434368161455,10244.013987591807,-1.2288169
M85064,-1576.5748594743375,-409.7821448935848,-1.2288169
M85065,1977.5016673123778,340.6373900544586,-1.2288169
M85066,2774.4155189268945,989.4239716677347,-1.2288169
M85068,473.0415988442784,-901.8733925006127,-1.2214704
M85069,4741.055602518887,1319.0218434914796,-1.2288169
M85070,3091.9284559382163,245.69629769523056,-1.2288169
M85071,1760.602473735872,147.3842451455875,1.7698404
M85072,-1150.6076971331552,251.36227810633974,-1.2144367
M85074,675.6264112608898,119.22669415196663,-1.2288169
M85075,-1561.2383391348194,-295.08090923326495,-1.2214704
M85076,1124.2181932851588,9.046937839378675,1.7698404
M85077,1920.9225938684172,153.29232436513627,-1.2288169
M85078,574.5090315130572,500.28917208017634,-1.2288169
M85079,2197.2893841417863,271.002339004987,-1.2288169
M85081,3355.887707944764,-657.1231082382577,-1.2288169
M85082,726.1561593526042,991.2293450007228,-1.2288169
M85083,2104.9208568401245,-775.5265638360785,-1.2228279
M85084,143.1835898949436,-138.421956467999,-1.2288169
M85085,-2372.412309289498,-111.93180111675456,-1.2288169
M85086,1004.4299158661638,777.609538395533,1.7698404
M85087,2841.287891521542,464.92180077968663,-1.2288169
M85088,1122.7441860285428,207.81091682970631,-1.2288169
M85092,1020.5917869562816,-30.348355604743595,-1.2288169
M85094,-2143.2559340694293,-266.5813145986592,-1.2288169
M85097,-2204.011006497526,-134.63612519150007,1.040838
M85098,-1016.3099935173493,39.68827390869985,-1.2288169
M85100,-1334.8926640383886,-210.82683570066314,-1.2162039
M85103,-318.09094112540123,-261.92836446916783,-1.2207688
M85105,-692.3346491536008,103.78965414974661,-1.2288169
M85107,-1326.7708408219253,86.22850209445771,-1.2288169
M85108,-560.8590158954653,136.84767378010454,-1.2288169
M85110,819.1581958354462,1162.9592915893422,-1.2288169
M85111,-1157.8869975227085,-1506.8341417412298,-1.2118634
M85113,804.9638086466456,395.8365113500716,-1.2288169
M85115,-1753.5457904502475,-262.8433077678038,-1.2288169
M85116,869.3702912732992,516.7706500631282,-1.2288169
M85117,1386.7276331000498,299.9062709127124,1.7698404
M85118,-815.3520601473631,3.8101216809697687,-1.2288169
M85123,749.3400380795397,164.75970237321735,-1.2288169
M85124,412.5186557866112,-174.56486841390407,-1.2288169
M85127,-1627.8698993807755,7.464540806119989,-1.2288169
M85128,-1009.4178164045067,-133.59836418886547,-1.2288169
M85131,-4793.343449279273,-2240.604301099043,-1.2118634
M85133,-2214.8363887392393,-271.40857421859016,-1.2193171
M85134,-1591.0268442510062,-75.93745391519718,1.7698404
M85136,1201.1953777721806,1375.4504416917766,-1.2288169
M85139,207.47835561603435,95.16074047011116,-1.2288169
M85141,-462.1197019497379,-16.757584774056344,-1.2288169
M85142,-2015.64264838744,14.200653272831927,-1.2288169
M85143,467.15421024993816,-338.0288663719214,1.7698404
M85145,-142.4985194345822,104.31634000222634,-1.2288169
M85146,-767.6530382276758,506.84192243225976,-1.2288169
M85149,1632.4480063549126,166.98449070738152,-1.2288169
M85153,-1405.4735932926528,171.62654640780565,-1.2288169
M85154,-1220.3755560839015,7.214163149333473,-1.2288169
M85155,1075.2138000822654,93.20693259292648,-1.2288169
M85156,-227.23194297507786,84.03932922381253,-1.2288169
M85158,-1551.9210197429852,16.747973429248557,-1.2288169
M85159,825.6706303605412,1357.266720653294,1.7698404
M85163,-1954.7648311756977,-178.22916144990927,1.7783171
M85164,1730.430181729229,568.216134430984,-1.2288169
M85166,-4358.613672690604,-1919.5340952850663,-1.2118634
M85167,-1447.9369652652376,119.68676685255869,-1.2288169
M85170,-57.13540448619425,-82.58045146708646,-1.2288169
M85171,-1563.2828766617583,94.32318659476294,-1.2288169
M85172,3215.3591103737745,282.94112425951977,-1.2203401
M85174,-726.512241093647,-257.85111933692235,-1.2288169
M85175,2030.0140061183915,-130.52638393414895,-1.2288169
M85176,-404.0856280968441,252.1982718791502,-1.2288169
M85177,608.6603092847675,278.910880237288,-1.2288169
M85178,2483.370562322492,930.6837403271628,-1.2288169
M85179,599.3317972707636,292.2689859420621,-1.2288169
M85600,953.1531009069673,1148.7742806469837,1.7698404
M85611,-2235.9530218419923,-140.0116008159558,-1.2253733
M85624,-71.4740246321903,-47.04208128085331,-1.2288169
M85634,373.58606551494057,-55.8126261442382,-1.2288169
M85642,-381.93237466359324,549.6315620352837,-1.2288169
M85652,-2191.606793209142,-297.81664585005893,-1.2136648
M85655,-2577.1571804189766,-1378.1610721607938,-1.2118634
M85663,-1081.474370328125,-91.01568080770916,-1.2288169
M85669,-1462.8178801858799,326.18256942935807,-1.2288169
M85670,-1690.2255829585251,-148.98521238649812,-1.2288169
M85671,-2156.651082186018,-84.88998897204786,-1.2288169
M85676,-859.4015417795215,-0.21866217852049513,-1.2288169
M85677,-975.2382026417854,-36.10002538975903,-1.2214704
M85679,-574.5161089093563,102.19938321533203,-1.2288169
M85680,-2210.271201288883,-70.73306743071723,-1.2288169
M85684,-2379.5256582306124,-12.16083898775346,-1.2288169
M85686,-1826.0510208955757,-150.43428444252882,-1.2288169
M85689,-1659.9448863107962,-157.29462419438616,-1.2179955
M85693,-2072.4803991089993,-114.56824374033275,-1.2288169
M85694,-1658.2922461333285,17.239775248483973,1.040838
M85697,-416.65443602912825,-212.09463358048214,-1.2288169
M85699,859.0149779613623,-1217.5167758005496,-1.2288169
M85701,-984.6193191756654,35.694138744075204,-1.2288169
M85704,-1944.856597486511,-948.8978697592415,-1.2118634
M85706,527.8371263178304,1769.6851791252554,-1.2288169
M85711,-1608.9536975668827,56.78137173635367,-1.2203401
M85713,-608.0365165720139,-88.12689348787356,-1.2288169
M85715,664.9551098860686,188.76634664771285,-1.2288169
M85716,-1354.136831681522,99.52045216769525,-1.2288169
M85717,-1041.320227928196,233.566007446939,1.040838
M85721,-1372.1855460688168,-96.26708409973207,-1.2203401
M85722,-929.8306655604342,76.50739021463055,-1.2288169
M85730,-1885.6325068561082,-121.59384588966802,1.7698404
M85732,-2209.1261518441156,-6.495246340887278,-1.2288169
M85733,-1651.8685483533297,-106.5905888431938,-1.2288169
M85735,-1373.390409556907,169.8882799107204,-1.2288169
M85736,-53.14168232480431,110.01633337797638,-1.2288169
M85738,-2679.2884008177875,-906.7006337886154,-1.2118634
M85739,-738.0930865913613,19.520832520563093,-1.2288169
M85741,-2501.7418216767232,-462.19076024530483,0.2238502
M85746,-147.92812045024053,1090.5621820403821,1.040838
M85749,-1616.792993017449,-80.97425109446986,-1.2288169
M85750,-3589.7354952873693,-961.3821522245172,-1.2118634
M85753,-1948.9076773074141,-107.67304491524405,-1.2288169
M85756,-1643.638758202445,0.69725689009509,-1.2288169
M85757,-1939.9803631363304,117.5628654751922,-1.2288169
M85759,2.3414015220418256,-175.63363603190547,-1.2288169
M85760,-3223.0484146797194,-476.4760151333509,-1.2118634
M85766,-1927.4630202059996,-210.42237014685796,-1.2288169
M85768,-2861.6482256145773,-18.56208077664297,-1.226568
M85770,-1979.1125409988153,122.47334307469653,1.040838
M85774,-1585.5014057164371,184.92527536831727,-1.2288169
M85776,-1892.944774588139,-401.70937991007776,1.0481846
M85778,-2232.261397955648,182.76891250870702,-1.2288169
M85779,-676.4647198996014,-43.19216399251735,-1.2288169
M85781,-1310.7741447721917,64.75430667345081,-1.2288169
M85782,-2398.304874019586,17.286588154204146,-1.2288169
M85783,-385.4643554655348,145.05894356249337,-1.2288169
M85784,-2560.685515337874,-438.53959616646904,1.0577916
M85786,-2291.4897008145076,-707.6505644351997,-1.2118634
M85791,-2279.298917310695,-205.7051951746246,-0.88762695
M85792,-1609.1447148346026,92.06350790606378,-1.2288169
M85794,-1392.2245603218607,-187.28619128149228,-1.2288169
M85797,271.1039276989597,626.2519030596034,-1.2288169
M85801,-2166.7031960831596,-310.7167270899642,-1.2288169
M85803,-165.8668436356596,-778.5102488690037,-1.2288169
M85805,-2861.0353171435318,50.97487428077368,1.040838
M85809,-1806.0213760070399,-638.6337815701584,-1.2118634
M85813,-2345.779616624007,292.59143845493566,-1.2288169
M86001,627.5631590268708,48.41549578773718,-0.61213195
M86002,3616.8788643051334,-368.5359627565295,-0.61213195
M86003,5371.821317421265,-3.6840216086646334,-0.61213195
M86004,2668.0004003095933,43.66245466345157,-0.61213195
M86005,141.82639372896523,-64.05734321793865,-0.61213195
M86006,2402.319767542533,207.6664858159284,-0.61213195
M86007,1798.7977587216274,-27.151260141945485,-0.61213195
M86008,4645.117345903664,333.8072454421585,-0.61213195
M86009,3837.0116427974017,345.6968275504772,-0.61213195
M86010,2334.580938184733,-1467.804896146997,-0.61213195
M86011,-131.57649459699985,-211.05748335819618,-0.67146933
M86012,725.5321979676662,400.77295290507027,-0.61213195
M86013,-523.9989799093552,-620.9631530609089,-0.6140413
M86014,7248.830449830729,622.1671948416625,-0.61213195
M86015,5685.998572747984,157.95408413293717,-0.61213195
M86016,395.7527771309237,321.28735835184176,-0.61213195
M86017,3532.795801328706,-372.77429437931767,-0.61213195
M86018,2520.916648420236,356.1794490347009,-0.61213195
M86019,1220.8196926258813,-444.9715772667344,-0.61213195
M86020,1768.9552186722299,196.92571814751352,-0.61213195
M86021,991.7017322074693,-243.90883534291174,-0.61213195
M86022,-1174.762160331879,167.99455869869902,-0.6534562
M86023,975.2694288088267,-109.50079946110914,-0.61213195
M86026,-543.1575226162713,-702.6900464255586,-0.6534562
M86027,536.4310693633311,310.17222382675396,-0.61213195
M86028,-560.1437697165178,93.87544562227859,-0.61213195
M86029,3072.3833680512075,830.7711250734981,-0.61213195
M86030,1392.9264954484659,91.49906253987673,-0.61213195
M86032,3951.7484701761355,197.8806936339778,-0.61213195
M86033,30.29062257324671,160.69530038212986,-0.61213195
M86034,3303.097455041187,1566.568692865103,-0.61213195
M86035,1599.004554110961,1583.1227428066468,-0.61213195
M86037,-806.6774521681605,69.00341405261162,-0.61213195
M86038,-607.5641735398887,-186.74537799267026,-0.61213195
M86039,72.36778344049281,274.63622326685396,-0.61213195
M86040,121.72511925223066,-174.86409204945775,-0.61213195
M86041,1181.4596727220728,738.5498823469871,-0.61213195
M86043,-1875.3271640119353,-587.8159041338688,-0.67146933
M86044,-692.9904209734362,-61.18270681367885,-0.61213195
M86045,1577.065673900014,-94.88626634753986,-0.61213195
M86046,725.2052428232453,610.9499095012019,-0.61213195
M86048,-106.4371169559531,808.6481096509605,-0.61213195
M86604,-2160.602172571061,-810.5028201876739,-0.67146933
M86605,-1123.3168813064083,187.70385280082638,-0.61213195
M86607,-1793.6941305648004,-738.6257332692875,-0.67146933
M86610,-2093.3516746266623,-39.22259117509631,-0.61213195
M86612,-1542.7040856688009,61.2157075900875,-0.61213195
M86613,-1241.529822677744,106.30014222342318,-0.62418485
M86617,-863.80732300069,-29.616905869402732,-0.61213195
M86621,-2525.0368639777425,-81.26104161318139,-0.67146933
M86622,-1254.448982424261,-324.58569345992703,-0.61213195
M86624,1554.1400528053464,142.58764608996194,-0.61213195
M86627,-510.01227769680435,590.884526690287,-0.61213195
M86629,-1769.1505330416874,-384.1146416427153,-0.67146933
M86630,-2233.4240253788735,-258.0429165099662,-0.67146933
M86631,-2960.0797553447896,-28.19881776654324,-0.67146933
M86633,-326.2570533780086,-8.071886172839095,-0.61213195
M86638,-332.54609377375283,190.14710366682849,-0.1480288
M86639,-2490.863451567398,-265.2503591630328,-0.6307945
M87001,1939.164472717997,-34.22116798879568,-0.08445303
M87002,-462.9711819443801,-99.16010796093444,-0.0655335
M87003,5752.683349897633,609.8835333513101,-0.08445303
M87005,2057.362012409231,523.0292443917715,-0.08445303
M87006,2548.259715244329,669.0599740340871,-0.08445303
M87007,3873.414948196558,795.2846991928384,-0.08445303
M87008,2935.88784968835,212.49231632853792,-0.08445303
M87009,8217.676552348172,6.249795149907212,-0.08445303
M87010,2326.6806543235093,558.9743112857351,-0.08445303
M87011,10807.229213373252,881.6821589890575,-0.08445303
M87012,2349.0132675436143,639.3355131975834,-0.08445303
M87013,3032.674479516537,146.91734104968694,-0.08445303
M87014,600.3799770956053,-92.94576580209383,-1.2203401
M87015,2853.402287473103,503.04014040516694,-0.08445303
M87016,385.3444050105263,-70.874790118479,-0.08445303
M87017,2394.3853688316026,482.65935403283015,-0.08445303
M87018,2466.3194958641348,65.41858590647614,-0.08445303
M87019,1327.2919597142159,-216.11631949573027,-0.08445303
M87020,1609.4045245273564,527.5437328375524,-1.2203401
M87021,1259.2256512055135,47.02223551169406,-0.08445303
M87023,2436.5479990756307,-374.0053019714179,-0.08445303
M87024,9276.426597347277,96.67347975896166,-0.08445303
M87025,401.43969774610395,-17.50721692918232,-0.08445303
M87026,-213.8735280922514,-84.54475979501348,-0.08445303
M87027,-487.4307620628961,-325.74847137742427,-0.08445303
M87028,777.0770553495299,-10.258767696164437,-0.08445303
M87030,-325.8605987084043,-360.4856938949884,-0.08445303
M87032,-1017.183634247547,-19.397865651220435,-0.059022725
M87034,-860.7586410199672,123.13542313045,-1.2203401
M87036,-1466.4199617503195,365.04392695452265,-0.08445303
M87037,497.2364605543796,359.9495264756422,-1.1398108
M87041,275.22352866247826,114.46164556448957,-0.08445303
M87601,864.6887509556226,121.97281505478261,-0.08445303
M87602,3116.31673426785,-1167.676671403626,-0.08445303
M87605,-1412.7532193831835,-128.15472151040893,-0.08445303
M87606,-2508.955452322539,-19.102345728164668,-0.05902273
M87612,-1652.5341298671012,22.097206964128855,-0.08445303
M87614,-2484.0512662710835,-203.4179060113599,-0.05902273
M87617,-1339.8768627603977,344.91973181528977,-0.08445303
M87618,-1782.736579280322,131.90949294311596,-0.08445303
M87619,-3631.7942458888965,-1635.4241221818982,-0.05902273
M87620,-622.855586323537,685.3489125571723,-0.08445303
M87621,-1534.64994168737,-150.61170966572269,-0.08445303
M87623,-1361.8634565131235,-55.22102580222379,-0.08445303
M87625,-1900.794247831755,-401.0776589548927,-0.0754695
M87628,-1865.8630627756563,38.98471152416769,-0.08445303
M87629,-1964.1398314512976,-432.3251774659086,-0.059022725
M87632,-2979.3513318895702,-3.291146502924744,-0.09315287
M87634,-2602.1335940181066,-64.25259663020566,-0.05902273
M87638,-328.7452697661976,-354.09753436448267,-0.08445303
M87639,-2879.4610084912642,-4.172463019331248,-1.220424
M87640,-2982.7797225946515,-6.603345251296041,-0.08445303
M88001,4059.3733068009215,1459.239188781753,-1.2203401
M88002,3266.59269555367,-1171.1528412901087,-1.2203401
M88003,4416.902539475005,-571.7601292135125,-1.2203401
M88004,18217.677257764055,10256.92766083969,-1.2203401
M88005,2033.0195421347753,-458.6817493380001,-0.060390815
M88006,3779.0919839870226,-10.312132259818737,-1.2203401
M88007,4654.266253254765,290.77659769975395,-1.2203401
M88008,244.7881044839328,-76.15661632102085,-1.2203401
M88009,3981.9532728655836,79.84806885655209,-1.2203401
M88010,2376.2226864266604,601.9048257727438,-1.2203401
M88012,2212.0365699404556,-229.1655994996229,-1.2131977
M88013,4661.715921905564,309.9275662974597,-0.08445303
M88014,-463.4028709558155,121.88689611226941,-1.2203401
M88015,3273.9360564213853,-172.28510941015207,-1.2288169
M88016,-1098.7135784452837,-285.08284224121854,-0.08445303
M88017,-656.9559981260069,169.380277936817,-1.2118634
M88018,6882.046207669072,1273.1750035569512,-1.2203401
M88019,-1601.4950959369198,-211.80502877590612,-1.2203401
M88020,2437.01338923043,56.32948048421166,-1.2203401
M88021,743.451372865685,237.73994117584468,-0.9130572
M88022,591.3928263515206,-29.577387473754484,-1.2203401
M88023,471.4969065283461,-5.28877432288782,-1.2203401
M88024,-465.74688256615207,-125.63617486613988,-0.9130572
M88026,-630.1060026295373,29.83749116023725,-1.2203401
M88030,1970.8142988953657,-281.40248164866375,-0.08445303
M88031,-781.7991113236611,-218.08074700825406,-1.2203401
M88032,2082.5677692984477,-578.4927085552914,-1.2123252
M88035,-953.3715107214482,256.89842973933474,-1.2203401
M88036,-1229.490034168182,-178.53334643434525,-1.2200674
M88038,5332.00196030561,947.8014662734525,-1.2203401
M88040,309.3707534596672,398.4086918746739,-1.2203401
M88041,-1249.6542713224003,43.491708850669745,-1.2203401
M88042,-679.2875648905704,64.14543143265085,-1.2203401
M88043,-378.49608174430773,518.947399440131,-0.08445303
M88044,-1329.2080464675794,64.28235787958587,-1.2203401
M88600,-1101.9309106893454,130.38465486603332,-1.2203401
M88610,-1559.429052558658,101.02450549416055,-1.2203401
M88612,-342.59583122247034,651.6091764892147,-1.2203401
M88615,-3805.562058609358,-1429.7827753813676,-1.2118634
M88616,2883.270346785117,700.5503369256459,-1.2203401
M88618,-1812.6146158534877,109.67635364598988,-0.08445303
M88619,996.9603253772395,510.03523822971016,-1.2203401
M88620,-1433.0519676938368,17.00718470316747,-1.2203401
M88623,-1497.4393303600868,-160.63807614430573,-0.9130572
M88624,-605.8188934968629,-78.01399082311232,-0.88762695
M88625,-1739.0721227983618,146.80944885573822,-1.2203401
M88626,-1113.706808595082,84.20609790516748,-1.2203401
M88627,-1021.2064587500348,135.1239427475908,-1.2203401
M88628,-892.5746220158633,88.72673187937758,-1.2203401
M88629,-2185.734306983405,-73.94545429677045,-1.2203401
M88630,434.8398914739348,155.5956319971113,-1.2203401
M88633,-242.70475565556578,407.2630824979985,-1.2203401
M88635,-1354.22325537057,-8.459359178439419,-1.2203401
M88637,-1670.8629605827703,-172.5709014452418,-1.2192158
M88639,-1063.8482595267685,3.7487462298883867,-1.2203401
M88640,-1106.4624516059587,54.6572039848917,-1.2203401
M88643,585.4552879441827,1098.8587744460817,-1.2203401
M88645,3696.4180416850268,510.03628898442497,-1.2203401
M88646,-1302.0760052240648,108.37635651576132,-1.2203401
M88647,-1261.4906061701367,539.0304952077644,-1.2203401
M89001,-954.5880147303134,164.9707440633152,1.040838
M89002,2051.4390572814514,-673.4160163451807,1.040838
M89003,17257.209697605074,9219.441694907799,-1.2288169
M89004,348.2703964324948,-316.1082602730724,-1.2271472
M89005,1301.1782210870747,218.55563612776626,-1.2288169
M89006,-467.13081291151207,-291.0785362320109,1.0577916
M89007,-457.10527067293276,-630.7791857923637,1.040838
M89008,4594.318665250915,30.40061347987164,1.040838
M89009,4963.0570032769465,-391.95425721517415,-1.2288169
M89010,1352.634115240578,-37.33877659702969,1.040838
M89011,484.1270464639371,92.10125228705618,-1.2118634
M89012,5124.8047913577975,570.3820698067211,1.040838
M89013,295.0159714155595,88.05764494234687,1.040838
M89015,3889.257125649011,1732.7825236325837,-1.2288169
M89016,5759.256471016319,606.1229065545946,1.040838
M89017,12885.89693840532,2296.637215387955,1.040838
M89019,3600.1580150903746,334.6625774598355,1.040838
M89020,88.40000461401883,-720.071492780145,-1.2118634
M89021,720.027974145853,-39.55056190342248,1.040838
M89023,-712.9514666045521,-968.660885625454,1.0577916
M89024,-1002.527522976652,-157.9266325335558,-1.2288169
M89026,4032.23896435663,670.9541257632914,1.040838
M89027,2750.7278228207133,247.15256049609764,1.040838
M89028,451.43687410104866,-533.4163653139641,1.040838
M89030,-1449.317600047424,-0.5543265018765935,1.040838
M89601,1065.285788804355,-683.6276690349948,-1.2282714
M89602,-351.8122489013595,68.15309758187935,1.040838
M89606,-2327.506984880602,-127.56821927120316,1.0577916
M89608,-1788.3541179505282,-46.82023279684219,1.040838
M89609,-358.48927075470164,259.75394899693777,1.0577916
M91003,171.73246535694045,246.76038022611894,-0.9130572
M91004,2822.414500170706,302.53535820168,-0.9130572
M91006,-201.16819617793126,122.30314803066473,-0.9130572
M91007,3585.140546175743,56.68141248169489,-0.9130572
M91008,2378.390098438983,91.61640048858713,-0.9130572
M91009,1092.5451763126528,-41.65771000931573,-0.9130572
M91010,2359.782549242401,541.1552523954625,-0.9130572
M91011,2037.2849145628138,223.44663821657574,-0.9130572
M91013,4146.4500362072295,306.9461979345221,-1.1398108
M91014,-590.4547292897286,-120.09863848305393,-0.9130572
M91015,1885.3701077429837,213.40593005556272,-0.9130572
M91016,-25.258502548249453,104.44314835606893,-0.9130572
M91017,1753.2873987839914,396.9316985305298,-0.9130572
M91018,-933.0840911186576,-25.52066559172224,-0.9130572
M91019,7877.356750631905,1767.1328917465157,-0.9130572
M91020,252.89217783724908,350.72478595733986,-0.9130572
M91021,1618.0370361270664,1263.5540783072388,-1.1398108
M91022,-1039.6569041652947,345.6500557535429,-0.9020375
M91024,-1191.5891336411535,-11.443024314827044,-0.9130572
M91025,-1677.8973023012907,-211.50601387174427,-1.2144367
M91026,-1539.0798214330077,31.47834505350827,-1.2203401
M91028,1474.0608359132304,1213.472513873567,-0.9130572
M91029,-429.6232517632064,388.65532866876896,-0.9130572
M91032,521.8933364384758,-233.08374814682386,-1.2288169
M91033,-741.884130630015,314.14533746989315,-1.1398108
M91034,577.5868226561831,869.2843414344198,-0.9130572
M91036,-438.137325164344,231.07625002267454,-0.9130572
M91039,-1049.5251292159126,-104.336894992466,-0.88762695
M91602,-1692.074672374816,62.11021520971965,-0.9130572
M91604,-621.5658364458305,-171.79751467500083,-0.8953469
M91605,-2124.90415012856,-411.62589831233845,-1.1398108
M91609,-1975.1604563147891,-53.545210694354445,-0.9130572
M91610,-2085.475070762564,-323.89770230331544,-0.88762695
M91611,-680.921414848778,-145.2115678995597,-0.9130572
M91612,-1071.818135732308,164.19889418374672,-0.9130572
M91613,-288.7039455359038,558.4400117848345,-0.9130572
M91614,-189.33304333717876,414.6895494839257,-0.9130572
M91616,2060.6763997159205,378.3674794685446,-0.9130572
M91619,-1159.6588222971893,417.02620762021894,-0.9130572
M91621,-2.711153349681499,657.2354983552266,-0.9130572
M91623,-1685.5917840084944,-1.0345160308934704,-0.9130572
M91624,-920.0220086923623,-131.35209249547663,-1.2203401
M91625,-1551.0560533596188,-6.835668570261084,-0.9040737
M91626,-819.2822718700145,545.2602219775922,-0.9130572
M91628,-1257.3453958202092,161.8283311992716,-0.9130572
M91629,-827.4342345059854,140.0297414921228,-0.9130572
M91637,-1032.178545376696,76.3548677098698,-0.9130572
M91639,-1526.8285270134593,6.880684149589659,-0.9130572
M91640,-416.7597317812471,73.9871477117648,-1.2203401
M91641,-373.7471747897519,-108.76386478248548,-1.2203401
M91642,-2078.8905717679677,29.408940182118563,-1.2288169
M91643,-940.9935178200194,-437.76321572261577,-0.89880747
M91647,205.5067199704884,36.16115520739608,-0.9130572
M91650,1801.4260397701098,1380.983887215894,-0.9130572
M91654,-1559.3759143870736,159.3901819035253,-0.9130572
M91655,17.669501670201953,-540.9913609336685,-0.9020375
M91659,-1484.3046781181033,-125.8937576448215,-0.9130572
M91660,-1329.0760010807976,629.4813906343326,-1.2203401
M92001,-66.31490867489815,547.005935758615,-1.1398108
M92002,3623.436921663658,668.4421803880549,-1.1398108
M92003,-841.8668635465599,206.0124703918018,-0.08445303
M92004,-688.4972756718321,-70.03505424118009,-1.1398108
M92006,214.15799552278176,14.635269873770314,-1.1398108
M92007,1823.346175636467,438.2691684795452,-1.1398108
M92008,4973.4871543136305,270.69422399887566,-1.1398108
M92009,5924.1552195644435,141.01295399068073,-1.1398108
M92010,4876.9845526987265,251.42290615226196,-1.1398108
M92011,3651.1548997420605,212.24636222609124,-1.1398108
M92012,2931.839612895551,-533.3962355818246,-1.1398108
M92013,2719.9662999209054,188.48159392783322,-1.1398108
M92014,-1890.7040103982247,-202.57405504697562,-1.1398108
M92015,-1405.8846267863337,-687.3211120838987,-1.1398108
M92016,2867.9451464302315,2723.838173823368,-1.1398108
M92017,-1496.024703295587,61.2049359183786,-1.1398108
M92019,1970.7284561110673,298.5359793998577,-1.1398108
M92020,329.677955931983,555.9699634125176,-1.1398108
M92022,-216.05803345702918,217.15427035188512,-1.1398108
M92024,5166.341254044876,341.55507138577474,-1.1398108
M92026,-335.4133800905134,-171.49149297522501,-1.1398108
M92027,167.2721177428613,-274.29945024964695,-1.1398108
M92028,536.285534091909,-292.9934992421796,-1.1398108
M92029,687.6400075742837,283.83016059573856,-1.1398108
M92030,197.99702150456264,14.16293011539981,-1.1398108
M92031,-68.1541611399313,-616.0054491025473,-1.1398108
M92035,-26.918793616376703,1111.4051765201682,-1.1398108
M92036,-1420.7661273099523,159.49894351537966,-1.1398108
M92039,1700.0649859649134,1292.7860922522314,-1.1398108
M92040,3498.474951329114,457.50381036118273,-1.1398108
M92041,-1120.4568868367342,-129.15377559459435,-1.1398108
M92042,-1376.2428828101465,-99.52366837579655,-1.1398108
M92043,44.919061377866164,257.2538654716202,-1.1398108
M92044,-548.4159936709135,136.37255069901383,-1.1398108
M92607,7747.883718328632,1509.58480773551,-1.1398108
M92609,117.38950704282733,385.5837891674218,-1.1398108
M92610,-1984.9836779989978,-60.81114186508401,-1.1398108
M92612,6218.8025988183745,5760.903793009462,-1.1398108
M92627,-424.9927118316842,208.9870876532401,-1.1398108
M92629,-1270.0840188139002,172.83639075786422,-1.1398108
M92630,2203.595847392214,713.8597724869784,-1.1398108
M92637,-2415.10560580186,-571.8721627999884,-1.1398108
M92640,-2051.060291010622,4.935814901282451,-1.1398108
M92642,-2527.3402578765013,-545.5342718144973,-1.1398108
M92643,-2067.351761928,-190.68637737659424,-1.1398108
M92647,-894.2849169566886,-344.3940869880633,-0.076454796
M92649,-673.367824016102,177.9805092477415,-1.1398108
M92654,3041.688231650917,2281.4161986751633,-1.1398108
M92656,-3095.039184369442,-32.65583327627343,1.1456451
M92657,-2892.854467248837,-26.029635132485055,-1.1398108
N81001,-450.14669604040927,6.943563523344683,0.42839152
N81002,3358.546266796988,551.3780998253476,0.6021653
N81005,1934.1479778169955,483.1484274284339,-0.9151764
N81006,980.6045919357914,19.683143793960685,0.8162037
N81007,4025.735436043042,-74.54131382453365,0.66150266
N81008,5451.714635355023,7.111723794812149,1.293022
N81009,965.0551571768726,267.07088253753074,0.8162037
N81010,2218.1067282187396,264.28992425616474,0.42839152
N81011,7054.110137043134,1170.0790101071238,-0.9151764
N81012,1713.6327906023514,241.7971199807868,0.66150266
N81013,2440.7944252450284,482.75134699950604,0.6021653
N81014,1916.9265627982468,487.44165117305454,0.66150266
N81015,1771.8903549986635,-587.4246643021634,0.44267645
N81016,7695.9170485566165,3318.2005109140096,0.42839152
N81017,294.8866921088448,-1050.8441868942887,-0.92107993
N81018,3471.588552202822,486.0663003377341,0.8162037
N81019,6580.291346862879,353.29703485872193,-0.9151764
N81020,5984.5436755254605,297.3017667971684,-0.9151764
N81021,684.8264793402905,-331.652655069786,0.6080091
N81022,7234.133551193275,4167.520864854168,0.6021653
N81023,448.850931929481,-173.90498990080116,-1.2563664
N81024,5214.478208543523,39.15864532949348,0.8162037
N81025,3114.7316102537966,72.9034858359116,0.66150266
N81026,3209.7650924138647,-124.51672153638744,1.1044139
N81027,6718.65581983964,1364.4047540579613,1.293022
N81028,1162.1536534651445,41.24144779401914,0.66150266
N81029,6708.517393050172,-273.2263653770217,0.6021653
N81030,8702.06395456436,1715.5315921518597,-0.9151764
N81031,-822.1818304001373,69.2695347564393,0.8162037
N81032,8530.722202824005,106.8219292025287,1.293022
N81033,1861.6805079441713,123.76049983459816,1.293022
N81034,1859.0312715406137,19.652590377287186,0.8162037
N81035,4003.91883810118,-525.8422437923693,-0.9151764
N81036,739.102954773292,332.96085972465517,0.66150266
N81037,2782.2227237278457,326.1800969807973,-0.9151764
N81038,2499.734787517355,340.6150360607705,0.8162037
N81039,4330.890283429481,1486.0562503366073,1.293022
N81040,578.4914209030902,584.5138924498751,0.8162037
N81041,2172.207103628537,-67.22137541201127,0.66150266
N81042,2289.6158366042123,304.4029766718691,1.1044139
N81043,1587.8872613321955,195.24592767647053,0.42839152
N81044,3598.1462088746243,434.3785756809889,0.42839152
N81045,6611.862650987573,215.5202211202184,-0.9151764
N81046,1136.4010897531089,422.4004731431134,0.8162037
N81047,6471.922641728819,-479.95422837491583,0.42839152
N81048,4792.538770026326,272.44344574352294,0.66150266
N81049,1401.7924929361182,126.23928711325921,1.1044139
N81050,2918.78728251035,1198.8390004681771,-1.2563664
N81051,2902.2716713299988,-262.13161191426826,0.66150266
N81052,3028.6543794586323,642.2580564269292,1.293022
N81053,8307.791018885198,403.87219874954485,0.42839152
N81054,2716.669520444621,333.1880012580838,-0.9151764
N81055,3087.9481106706717,473.15923462786134,0.66150266
N81056,2596.230198954825,179.73770241678818,0.66150266
N81057,5602.451616142396,467.90108848523045,-0.9151764
N81059,3461.3540810903214,1465.102718261739,0.66150266
N81060,4953.356788620069,85.72582507328045,-0.23491567
N81061,3557.74898791151,273.2732908661482,0.66150266
N81062,8233.951273290708,401.1278372012339,0.6021653
N81063,4026.5009032841162,114.69654581845546,-1.2563664
N81064,3481.1764684617733,-491.86412267364557,-0.9151764
N81065,1107.0105612013572,345.00021289794796,0.66150266
N81066,6059.348440960297,1115.4812007902437,-0.9151764
N81067,4221.8056183706785,342.23403533385454,0.66150266
N81068,6748.793576941089,395.3334789006341,0.42839152
N81069,23.084729725948687,-67.80782159432025,1.293022
N81070,4501.128870894121,529.3957464354124,0.6021653
N81071,1420.0421833150008,78.80845695825676,1.293022
N81072,2552.4430811167954,-136.9825327781942,-0.9151764
N81073,4758.30688466271,-1213.9408683495708,0.6080091
N81074,191.217861018857,316.76437489006486,0.8162037
N81075,6374.314864208884,334.99677834705443,0.66150266
N81077,6901.211954773849,135.20793271378759,1.293022
N81079,1614.0295386439152,212.51121330213223,0.8162037
N81080,422.5340042751724,254.70694092815464,0.8162037
N81081,571.2104799829127,139.42742035813177,0.8162037
N81082,6584.595075118456,337.06238652730923,0.8162037
N81083,231.04148913123913,7.658741140189379,0.66150266
N81084,5983.234261977736,421.9846400047519,0.42839152
N81085,3385.579638290052,603.0223661832725,0.6021653
N81086,2882.6782606015877,-29.829793919854172,0.6021653
N81087,17494.039249433292,695.812720169217,0.66150266
N81088,3921.963882907756,628.0053671038443,0.6021653
N81089,3195.736788394903,103.96050433545476,0.66150266
N81090,-262.57521894604935,-44.92203784540808,0.42839152
N81091,739.2915853556417,47.96788476242322,-1.2560936
N81092,3757.724162084366,578.3036746962349,-1.2563664
N81093,1014.6558099828826,338.282941534136,-1.2563664
N81094,426.64127993134,263.615262082755,-1.2558154
N81095,1775.338694179531,-146.95679221913565,-1.2560936
N81096,2368.6386598946174,495.92597003048263,-0.9151764
N81097,-877.1864435712383,-562.9514813655838,0.66150266
N81100,-203.26833617240968,355.29941100646386,0.8162037
N81101,-573.9220319744155,-113.92877549562989,0.8162037
N81102,-1541.1617346435562,-52.74510451976636,0.8162037
N81104,-2589.027596634972,-1831.189157088018,-0.16710153
N81107,-1362.088853658235,-23.560222462227927,0.66150266
N81108,2284.5209974149593,144.65356515152322,0.66150266
N81109,392.7908169825699,34.45519629261853,0.66150266
N81111,706.4134699988991,125.9067777704341,1.293022
N81112,-626.5306619651172,-257.2843841167632,0.61003655
N81113,2572.8065875334596,156.33156582739667,0.66150266
N81114,3214.7118174341304,642.8690336439608,0.66150266
N81115,-341.2334925813732,247.43977979682057,0.8162037
N81117,1617.6390348177997,278.7292869098619,-1.2563664
N81118,2269.1557888401417,439.51236524982875,1.293022
N81119,536.6049159547522,599.4787044861615,-1.2923926
N81120,450.5590153637881,457.7310746536479,0.8162037
N81121,-138.09313145535083,200.63455349930825,0.8162037
N81122,2393.9880762058606,978.1485217625508,0.66150266
N81123,990.6324914159491,435.67797723286805,0.8162037
N81125,2321.090331460331,-85.54241958174362,-0.23491567
N81126,-113.26075324435779,-11.439157917380946,0.84163404
N81127,3927.894998547815,98.74112974278628,0.8162037
N81607,-1575.2787938106205,-189.5179154059478,-1.2563664
N81614,-86.65666914902154,550.3982509387937,0.8162037
N81618,-1504.6081908962913,-284.7961976907515,-0.92319125
N81619,-791.3186349558757,-116.51583989709987,-0.9151764
N81623,-582.1677765850366,801.9636442194429,0.66150266
N81624,1497.130276637258,1136.8796047017634,0.8162037
N81625,-910.9237139426181,26.553347979096884,-0.9236532
N81626,137.28949535233016,408.6426022232176,-1.2563664
N81628,1485.18648609314,636.5668298388773,0.66150266
N81630,-3139.3030952499153,-48.14636961878277,0.66150266
N81631,-2885.837178242954,-6.475166297059713,-1.2564503
N81632,271.0934139077989,524.5466629184255,0.6021653
N81634,3615.7436090096962,2382.6820675977187,0.66150266
N81635,-3078.3450884144895,-30.923529085239515,0.8269793
N81637,-1666.0427592626497,-54.46656945107807,0.66150266
N81642,283.3397989588079,420.27542533693924,1.293022
N81645,-1163.63688330236,-92.77426330190615,0.66150266
N81646,-3122.2429892515265,-47.1395002203556,0.84163404
N81649,-3093.6299169131144,-30.1354315437746,0.6278781
N81651,-1364.1492443202906,348.16626920168414,-0.9151764
N81653,-3029.8256220682633,-5.007423192494929,0.66150266
N81654,-2131.1291515105418,-11.883990280971634,0.66150266
N81655,-2715.247570290356,87.41901069106983,0.8162037
N81657,-3021.942854115048,-1.1733009859750887,0.6213825
N82001,2621.1415505444024,52.80110333644356,-1.2923926
N82002,1036.0396750273283,397.3513506855191,-1.2923926
N82003,395.8079325749224,337.30940832968054,-1.2563664
N82004,-600.7642252577949,-3.1191412499891595,-1.2563664
N82009,1720.075279274735,-126.64372391688485,-1.2563664
N82011,6112.434682530851,-126.52548370653705,-1.2563664
N82014,1379.8625542082534,424.66805599917626,-1.2563664
N82018,5129.353306843615,813.5488204030246,-1.2563664
N82019,1785.0865149251313,-209.1846788117297,-1.2563664
N82022,4359.143697509029,-21.966099322076822,-1.2563664
N82024,5728.813436740383,459.4105484226578,-1.2563664
N82026,429.3926323953493,35.917496333659265,-1.2563664
N82033,1363.5431598527682,489.7441778467333,-1.2563664
N82034,2885.837596245566,84.1874785771081,-1.2563664
N82035,3603.7093130701405,-309.16351676010953,-1.2563664
N82036,1218.0914884026442,-351.85985824520446,-1.2923926
N82037,6135.869263479962,244.99886251931966,-1.2563664
N82039,-404.16163988668916,303.7736068970094,-1.2563664
N82041,4627.089494474212,1411.2034627780154,-1.2563664
N82046,2242.7847612167975,824.2518366899411,-1.2563664
N82048,3588.374566048705,194.8955644645069,-0.22855811
N82049,2305.445783541974,661.9615813127097,-0.22855811
N82050,-930.8708592469671,125.62506099173682,-1.2923926
N82051,-1415.8531895257117,-46.52332706150387,-0.21648584
N82052,345.44943553835145,363.29832662809025,-1.2563664
N82053,9550.651675381212,1287.8573392065252,-0.22855811
N82054,858.4692713055908,58.46063697941698,-1.2563664
N82058,259.0618704569663,225.2247251194186,-1.2563664
N82059,-913.2031726560559,327.9210662493463,-1.2563664
N82060,-426.7498229220257,-698.6013139309448,-0.21648584
N82062,814.9390025613274,221.59977728202787,-1.2563664
N82065,768.4667993782392,264.01192250449753,-1.2563664
N82066,2568.1087264360003,-166.0824021700391,-1.2563664
N82067,-366.10451840963566,57.429997670836535,-1.2563664
N82070,3616.3971708644626,-22.092138229384307,-1.2563664
N82073,1626.1645327188135,-376.6792931142832,-1.2563664
N82074,4388.787607015771,332.06798903043216,-1.2563664
N82076,456.6977162060657,-646.2251046485287,-1.2563664
N82077,-818.0120568331046,-137.3250593060686,-0.22855811
N82078,251.4770950365995,19.328899876030267,-0.22855811
N82079,-722.9349090353796,60.23920663203975,-1.2563664
N82081,-463.59563249611296,349.5971940786509,-1.2563664
N82082,688.8383351020274,-375.1607363086055,-1.2563664
N82083,2015.6395059969136,811.3843335481758,-1.2563664
N82084,3048.4185577081107,60.26528268754279,-1.2563664
N82086,301.12264083725006,771.9041666696149,-1.2563664
N82087,-557.0342932712632,16.331874006754052,-1.2563664
N82089,-1289.2217989187227,-104.57243926494115,-1.2563664
N82090,3410.7369663491395,107.41496736265277,-1.2563664
N82091,-1291.5517202357332,-248.85632213925987,-1.2563664
N82092,3347.6990344134642,941.7409032909821,-1.2563664
N82093,-498.9978074988294,285.05773488776913,-1.2563664
N82094,2928.520957381096,874.6557498732485,-1.2923926
N82095,245.799671107863,366.79968185712704,-1.2563664
N82097,1731.160620083986,631.1634885855271,-0.22855811
N82099,2684.404537850971,1027.3321458311627,-1.2563664
N82100,-543.9174786950138,-153.90165024675701,-1.2523423
N82101,523.3252860942519,-531.4710395750983,-0.22855811
N82103,1284.3003563365967,732.5189343013537,-1.2563664
N82104,-293.3237045887243,204.08855536400782,-1.2563664
N82106,-611.5492372348675,58.67611860281574,-1.2563664
N82107,-1852.6674463217337,8.074958143830688,-1.2563664
N82108,122.71681012137535,434.56880227646815,-1.2563664
N82109,-408.2020260617216,-83.2396242800755,-1.2923926
N82110,3692.0696332614207,-78.56144648382224,-1.2563664
N82113,-398.31274090701396,595.1115461549516,-1.2563664
N82115,3086.369551038125,716.4465802700544,-0.22855811
N82116,219.59228263762353,200.14940075142684,-1.2563664
N82117,4593.163313361669,2833.163967171924,-1.2563664
N82617,-1317.3222715037625,94.80739046209423,-0.22855811
N82621,-956.1547175083609,92.72883640525444,-1.2923926
N82623,-1302.5134362946148,-444.9788077478396,-1.2523423
N82633,-741.3777370008582,202.14810570694786,-1.2563664
N82641,1601.3581501336353,87.93324250554059,-1.2563664
N82645,-123.22767853837998,50.717292060904455,-1.2563664
N82646,2818.4907260372497,-403.6077534492537,-1.2563664
N82647,-2045.1626655375528,-267.72088119253897,-1.2550198
N82648,-1946.1006545606251,-36.29175794806175,-0.22855811
N82650,-829.5126988845975,-167.79629471863925,-1.2923926
N82651,-794.1979138244559,1041.458177314718,-0.22855811
N82655,-631.3630816198049,76.30901816965076,-1.2563664
N82657,-2304.0197274400516,-1548.2424316768124,-1.2478896
N82659,-2134.9118290679526,-322.5778191262621,-1.2478896
N82662,2038.5006050759748,291.81876787219267,-1.2563664
N82663,-104.74613651533826,104.92093009293171,-1.2563664
N82664,-877.6530519710391,-367.65651943803493,-1.2563664
N82665,60.86892887716346,-196.95641079455532,-1.2549462
N82668,-1343.691573548118,212.46970799072062,-0.22855811
N82669,-233.36412702531152,194.17983809787768,-1.2563664
N82670,-432.4173726145405,-335.6930117113191,-1.2563664
N82671,-566.3905899126319,-262.1581250004493,-1.2563664
N82673,-2689.1893574334354,-71.25919988359084,-1.2478896
N82674,-2742.7918919907097,81.23477870741112,-1.2496052
N82675,-2882.872971015843,-141.64352043148654,-1.2575552
N82676,-601.6874024357627,429.3999499059607,-1.2923926
N82678,-704.9801866382379,126.29863375437341,-1.2563664
N83001,6753.0467684734185,725.3318998895393,-0.7774289
N83002,6864.344263829682,452.17415654031515,-0.7774289
N83003,2154.4137027432607,-250.739081672194,-0.7774289
N83005,4013.4095063596606,-897.3603528757258,-0.7774289
N83006,-594.7317198986361,-90.8551962417945,-0.7774289
N83007,-573.9054090426076,-0.618977553102829,-0.7774289
N83008,5344.208689864356,-41.37780772990287,-0.7774289
N83009,8179.196164744254,238.0926389234013,-1.2923926
N83010,2461.853071626885,-52.30330605089101,-1.2923926
N83012,5886.304287425032,1694.6317319972243,-0.7774289
N83013,253.13753683278688,327.4037972295817,-1.2923926
N83014,5199.410025085706,117.74805968722235,-1.2923926
N83015,349.3197518159138,353.685660149126,-1.2923926
N83016,-2602.545486087521,-817.5399327018943,-0.74352187
N83017,-120.97446786019304,501.86006257167105,-0.7774289
N83018,4115.098443248792,-47.82494179071028,-1.2923926
N83019,7210.679052613274,-306.55372726693736,-0.7774289
N83020,3897.7112495556034,150.6840706866522,-0.7774289
N83021,3447.6197189743366,315.1184183538044,-0.7774289
N83022,4381.824679209837,415.3117442725832,-0.7774289
N83023,3189.9051589078913,139.4176706918316,-0.7774289
N83024,4758.751880926038,-443.3638010722699,-1.2923926
N83025,3562.5502006814536,2374.4409398763823,-1.2923926
N83026,-884.0431184875727,76.04261862935161,-0.7774289
N83027,2830.714865270732,-40.43291250031178,-0.7774289
N83028,19880.512239203726,-293.86489175971974,-1.2923926
N83030,1391.1255536584256,116.97666640079835,-1.2563664
N83031,-1232.9266886110759,180.29246427260398,-1.2923926
N83032,6092.7999629058795,-186.299587569952,-1.2923926
N83033,2747.824613449909,-137.62311257963506,-1.2923926
N83035,2212.1037331251646,464.80049926832856,-0.7774289
N83041,347.58961054213614,337.7804191305271,-1.2923926
N83043,445.4926449611082,-93.33301459091498,-1.2923926
N83045,-83.6787575693998,97.86558271939967,-0.7774289
N83047,277.2976772093648,462.74121779081514,-1.2923926
N83049,-230.60666896271582,206.213319517903,-1.2923926
N83050,-141.15686825833123,-53.63774532819763,-0.7774289
N83053,202.49703669417627,105.37933863856678,-1.2923926
N83054,-652.7340969753579,198.896879118877,-0.7774289
N83055,1544.9158302701499,440.9425981051781,-1.2923926
N83056,-757.7732826597717,13.709103598627513,-1.2839159
N83057,-2630.4646567397,-1913.7416450733863,-1.283916
N83060,1277.6673327630517,487.0626272917533,-0.7774289
N83601,646.1183692327897,1421.3793275612597,-1.2923926
N83603,2175.4497251187317,123.16587468999802,-1.2923926
N83604,-920.2326540986304,62.36577150266037,-0.7774289
N83605,-128.33027716222418,174.36540051257148,-1.2923926
N83608,4828.873446225514,2210.1628793999644,-1.2923926
N83609,354.0221513061838,567.9144382601307,-1.2923926
N83610,-873.7575964759318,84.65744383003643,-1.2923926
N83611,-1075.0910486446726,-724.3511887377939,-1.2843719
N83612,-889.752964163103,-187.87336117852445,-1.2839159
N83614,-1122.413542996672,95.74197222295147,-1.2923926
N83619,-1387.2151789034128,-250.19369991113066,-1.2923926
N83620,-393.6204488686305,-33.715603368998316,-0.7774289
N83621,-24.544451624094616,-38.130507169899936,-1.2923926
N83622,-952.6013332539198,113.45947681483705,-1.2923926
N83624,-373.16732575872135,24.396403813046806,-0.7774289
N83628,-801.4727200266209,227.84144552194957,-0.7774289
N83633,567.163940177369,-216.50020108653635,-1.2923926
N83635,-788.6656518668312,-39.26319353748548,-1.2923926
N83636,-670.4376099325356,-333.3609863208986,-0.74352187
N83637,123.99622690078122,-295.1781102725377,-0.7774289
N83638,-2273.7867822296284,128.2713985958609,-0.77810705
N84001,2390.44394550854,1943.980476826845,-0.22855811
N84002,-587.3907647830085,-202.5330828997456,-0.22855811
N84003,5283.970332528949,260.6034428553703,-0.22855811
N84004,2923.8202706615416,114.12853310891214,-0.22855811
N84005,4186.036987356751,735.1767730924987,0.5322319
N84006,3947.7247447471245,685.226502549887,-0.22855811
N84007,1238.7045660901867,-14.56211524177783,-0.22855811
N84008,2465.2050117601316,371.65930156962565,0.5322319
N84009,-228.20268834483292,372.6016717995148,-0.2031278
N84010,-572.4217190839777,-41.9290306826265,-0.22823702
N84011,2176.087357666432,984.510623866035,-0.22855811
N84012,5974.198944185412,-304.9315849795712,-0.22855811
N84013,1376.0858910430054,1534.2438708898562,0.5322319
N84014,-368.55910579579137,-60.44787989533057,-0.22855811
N84015,2834.7541734119777,-18.166263909044666,-0.22855811
N84016,3057.7906946956214,106.94077442592628,-0.22855811
N84017,7880.868572642096,1011.7878200896885,0.5322319
N84018,5264.661588870396,1153.9025755737775,-0.22855811
N84019,2730.6881477844463,-603.5549357743716,-0.22855811
N84020,3026.9392195513174,706.2515049447134,-0.22855811
N84021,9278.782714979918,-603.6110669987129,0.5322319
N84023,2669.02676204313,160.13934784532154,-0.22855811
N84024,6015.339209819344,384.533540715325,0.5322319
N84025,4624.92784697108,1062.202253518783,-0.22855811
N84026,-631.9894814839155,-164.14678628590588,-0.22855811
N84027,-387.4404324636201,136.84504414046384,-0.22855811
N84028,2946.4372622266783,123.60947313909486,-0.22855811
N84029,1528.0171849336753,-90.81914632409993,-0.22855811
N84032,-1233.0783585144611,119.71412105680744,0.48137128
N84034,2553.4326559175347,44.73641995101693,-0.22855811
N84035,1709.5954621526505,145.06053062280816,-0.22855811
N84036,-1876.8942566154,-820.2323846457639,-0.2175383
N84037,-989.5565225101249,-88.54353861104478,-0.22855811
N84038,1565.8554864515045,1415.5508670856627,-0.22855811
N84041,249.16661436185743,98.88209902384659,-0.22855811
N84043,-1886.4887849491756,-78.41101961760708,-0.22855811
N84605,-973.596304528041,-285.0875755477345,-0.22855811
N84611,-3.9343874161168193,572.6375205078803,0.5322319
N84613,405.1277393431736,630.4515603630263,0.5322319
N84614,-1017.3716266455771,289.11661068490275,0.5322319
N84615,-463.6578551680079,201.46635668029296,-0.22855811
N84616,-2247.2443079691484,-613.9293680454045,-0.2031278
N84617,-498.62011217579027,353.9162566819753,0.5322319
N84618,996.1960049066828,367.0155410812942,-0.22855811
N84621,-423.6402935527364,-15.877106217822488,-0.22855811
N84622,-1258.776840128143,-256.7123343896015,-0.2031278
N84624,-1215.3574636723122,147.44179841581257,-0.22880988
N84625,-863.3902956726909,-9.030044989982859,0.5322319
N84626,-1246.2563267364758,-9.549121266119585,-0.22855811
N84627,-1255.267923337225,2.0689985461745293,-0.22855811
N84628,-3041.037115406864,-16.87585099578057,0.5322319
N84630,-1440.159394405551,120.2025110197033,-0.22855811
N85001,69.05471604823624,-122.1071664411857,-0.23491567
N85002,6754.43406689591,2938.9049575138624,-0.23491567
N85003,103.49670573551525,50.48836727734023,-1.2563664
N85004,-1571.6089103708173,-938.1963664941641,-0.16710153
N85005,6502.097630159529,39.50457247671474,-1.2563664
N85006,2831.629041987663,149.50822042369958,-0.23491567
N85007,6784.36910344999,1711.0811220914482,-0.23491567
N85008,9376.066451726429,-153.33381092931592,-0.23491567
N85009,1902.405996004208,73.78128501965358,-0.23491567
N85011,-1433.349798314154,-816.3019584668816,-0.16710153
N85012,4112.749223878409,107.23505170235882,-0.23491567
N85013,2118.20868354039,324.30754124075173,-0.23491567
N85014,372.30270007729024,-262.2587533304111,-0.23491567
N85015,1118.0531111692226,57.09433531524382,-0.23491567
N85016,1581.7125989555798,287.7836481216861,-0.23491567
N85017,1169.7541469957423,119.71082332919501,-0.23491567
N85018,1037.2746885259942,234.7841487446968,-0.23491567
N85019,2585.9786344363993,315.9516686324452,-0.23491567
N85020,5802.834338781185,3197.2591515764634,-0.23491567
N85021,-1028.4684340696174,-20.630330957539552,-0.23491567
N85022,-866.793501467674,-61.102709692725796,-0.23491567
N85023,1113.4780032074668,229.70537936577279,-0.23491567
N85024,2994.704846055203,354.00269906800804,-0.23491567
N85025,394.7728403016704,422.77856451682317,-0.23491567
N85027,4738.600256237404,597.8621868900639,-0.23491567
N85028,1630.5174504764877,96.32894913111895,-0.23491567
N85029,-258.1899791082972,196.0514396693114,-0.16710152
N85031,1129.1832701888316,-157.23342536337523,-0.23491567
N85032,1568.1492117490002,-120.94115351095017,-0.23491567
N85034,2317.679222377572,-171.15257969368986,-0.23491567
N85037,588.195765091173,56.19503176785721,-0.23491567
N85038,1153.9635040297565,54.01701167527421,-0.23491567
N85040,1032.128175329611,170.90509714651435,-0.23491567
N85041,1501.428742362914,-286.04083197315606,-0.16710153
N85044,6563.9352691376225,2657.5884292759133,-0.23491567
N85046,-213.8110040979,188.28355063705934,-0.23491567
N85047,272.50635553858723,305.04329758932346,-1.2563664
N85048,113.31575269424567,384.49219679862784,-0.23491567
N85051,2370.843038480316,-38.31584156681537,-0.23491567
N85052,-981.7061157125338,245.73852509743224,-0.23491567
N85053,-429.3957840642419,-87.75337652156581,-0.23273355
N85054,-93.78873464492352,348.0976201142536,-0.23491567
N85056,-323.212479744453,17.200898661295202,-0.16710153
N85057,-1321.7276024138357,-161.96347851044692,-0.23491567
N85058,455.5167989608418,-98.57658246289924,-0.16710153
N85059,273.3963966884502,317.910693780531,-0.23491567
N85614,-2680.5147004379423,-675.1109051163581,-0.16710153
N85616,86.5238694333542,140.5777505911717,-0.23491567
N85617,-513.8425774878115,261.2768662480026,-0.23491567
N85619,210.6639378520226,238.06883362437117,-0.16710153
N85620,1218.6704639836587,1182.0645817378443,-0.23491567
N85625,4213.054402789799,2928.500357875386,-0.23491567
N85629,85.62115052455161,-240.20217617671327,-0.23491567
N85632,-3023.07746503981,-47.72389216906858,-0.16710153
N85633,-976.5009591585115,243.57894945012507,-0.23491567
N85634,-1770.727549401784,185.554616053302,-0.23491567
N85635,-1133.8176721380544,250.34674867142323,-0.16710153
N85638,-2375.107184256149,75.94681319034908,-0.23491567
N85639,-3004.8718511399147,-365.4713731879934,-0.18467532
N85640,-617.527518356631,120.42417898728775,-0.23491567
N85641,-2972.8043986894595,-11.203893439734017,-0.22182499
N85642,-2917.680295014297,54.345802736116106,-0.16710153
N85643,-1290.6198193100465,426.4551789197524,-0.23491567
N85645,-2326.1932637727004,-341.7136990605565,-0.23491567
N85647,-2804.4968282736636,10.626738799776001,-0.21705796
N85648,-1202.7931797804356,40.56389312415255,-0.23491567
P81002,14608.223440428877,10661.038729985694,0.02362577
P81003,4620.155089073074,27.349724679671187,-0.25610763
P81004,1266.5462739696054,-148.85539020343555,-1.2923926
P81005,3169.1833674678724,177.5357679316544,-1.0931886
P81006,12307.873934205452,4223.6524409830145,0.47501373
P81008,2214.5696027577487,322.5782738166854,-1.1567644
P81010,-135.10768694351862,80.71425646170184,0.786535
P81011,2042.9235807034406,1256.3922995202765,0.04905608
P81013,4055.664030639946,-286.8539973179483,0.02362577
P81014,2340.98834315919,514.1699739865401,0.5322319
P81015,2641.587885774523,696.530156298951,-0.5951784
P81016,8915.570497280993,782.9068057611865,-1.2923926
P81017,6034.790740680003,1495.4796638775779,-1.0571623
P81018,3430.8157965334217,216.96015044865652,1.1955391
P81020,7246.64008555558,2438.8715671531436,-1.1567644
P81022,4814.161543479984,208.1637047779635,-1.0931886
P81025,6383.153317162644,1117.8491955518043,-0.86855423
P81027,7944.62566336395,279.47769610039717,-0.25610763
P81028,-319.5006773930112,-40.91981626714924,-1.1465133
P81029,13304.049339833295,1650.1617647633675,0.02362577
P81031,4728.62271806816,-281.3380214387801,-1.2923926
P81032,4796.5438309227575,306.9465260327381,-0.86855423
P81033,5005.527636605524,278.9612753267647,0.786535
P81035,883.4810110832176,-224.39224083363553,-1.1567644
P81036,11396.07705880201,641.3122232486439,-1.0571623
P81037,5521.281213845463,495.91316347627713,-1.2923926
P81038,2532.8107521956185,1456.530439474833,0.786535
P81039,-45.40876773997327,37.46906525119746,-0.7774289
P81040,4394.63795998704,221.02339009810885,1.1955391
P81041,1301.7912506799253,693.8464134726781,0.5322319
P81042,6974.168607096218,618.2693558937234,-1.2923926
P81043,2583.3106103013156,-192.47163583184255,-1.2923926
P81044,9074.97586440065,658.3393803589183,0.786535
P81045,151.39516728568287,-156.96089495210546,0.5322319
P81046,1260.8656362806566,33.999669510044505,1.1955391
P81047,4823.155209922742,1665.2430165771593,-1.1567644
P81051,6291.398368055011,741.7860945114516,-1.0931886
P81053,2161.8441137574,-108.96014450486467,-1.1567644
P81054,4188.758059407781,725.3725875862067,-1.2923926
P81055,3197.0856889832344,560.8378284380171,-0.5951784
P81056,2557.4945088707696,-1067.75710383058,0.5173976
P81057,4791.679478824714,-73.46565910744584,1.1955391
P81058,3488.9896708328934,187.96053477868702,-1.0931886
P81059,5438.048264065746,159.56074437303866,1.0238845
P81061,1548.252490978232,-190.20907643386988,-1.0931886
P81062,2993.541708300145,-543.8443471007532,0.786535
P81063,6235.150415186682,858.2296731668741,-1.2923926
P81064,-166.25713840619645,-536.4664405537858,0.04905608
P81065,3860.3887146356747,2037.3914457067006,-0.86855423
P81066,3801.95356211912,560.6423886821998,-1.2923926
P81067,6135.648317721812,1249.137467506542,-0.5951784
P81069,5029.890519199072,644.1112528651498,1.8503696
P81070,3149.0597933113027,274.1485509841522,-1.1567644
P81071,441.78487937756285,-379.6339716192895,1.1955391
P81072,11857.16964378255,249.52870623088606,-1.2923926
P81073,6180.755223038088,197.50390673849503,-1.2923926
P81074,11629.574098776115,2503.4004500245337,-1.2923926
P81076,3334.246428644356,-624.4452062988089,1.1955391
P81077,8247.26422192468,1056.0439698510183,1.0238845
P81078,3772.364843514345,254.21931037192363,-0.86855423
P81079,7838.836537742622,1867.5894934268397,-1.2923926
P81081,1581.0095135915403,5.319151598889378,-1.2923926
P81082,5484.071087045335,196.68632055132795,1.1955391
P81083,2741.806884226518,55.60384841719789,1.1955391
P81084,1662.2587322042516,368.9571957236825,-0.7774289
P81085,404.3602965325902,-1960.5704801469012,0.5173976
P81086,6978.401257923786,-538.7055147324681,-1.2923926
P81087,10285.343089452865,478.5598858414057,-1.2923926
P81088,2175.529641093812,-131.17276336834945,-1.0847119
P81089,8489.40579238863,57.68087549497381,-1.2923926
P81091,3531.673097893739,212.66332869785487,0.04905608
P81092,6079.6628131806,-529.4160911279325,-1.2923926
P81093,-2178.681557326089,-54.772201195807405,1.1955391
P81095,2549.961014379801,110.42160519765649,-1.1567644
P81096,891.3297441420389,-31.4072822867226,0.5322319
P81099,4354.389298761032,479.7056790926515,-0.25610763
P81100,10094.387524579146,1148.2443884575605,1.8503696
P81103,4079.148744678887,791.2700405272051,-0.5951784
P81104,-270.71554569984215,-190.80845830393142,-1.1479987
P81107,1126.2357573122601,-403.0524241137242,-0.5951784
P81109,92.69373488126459,-561.3790252510665,-1.0677583
P81112,8741.771559044379,2427.1032120516898,0.5322319
P81113,944.4082526276752,411.0864493042089,1.4180543
P81115,8722.130388197726,517.6315579488511,-1.2923926
P81117,196.51543138841583,-82.5542668586637,1.1955391
P81118,2627.7361320367395,596.3762214653783,-0.25610763
P81119,884.7718061254615,-166.8643524727383,1.1955391
P81121,-1664.442688927486,-173.61709444855012,-0.74352187
P81123,8809.819482989542,290.8395280951593,-0.86855423
P81125,4069.4807672214583,-146.39922042997355,-1.0931886
P81127,-688.6487818377855,-126.81699188185219,0.786535
P81128,4197.185142454094,206.77983808133612,1.0238845
P81129,5270.526615185464,373.3979825558938,1.0238845
P81130,6372.532692557694,533.6888279636421,-1.1567644
P81132,3652.5370099810757,-52.03779121764758,-0.25610763
P81133,6168.069992927962,233.7209814814361,-1.2923926
P81134,1285.6154506522598,230.99918758305188,-1.1567644
P81136,-839.4860987933561,-197.9595078289708,0.5322319
P81137,1637.0421599040844,246.50048012342478,-1.1567644
P81138,-578.8753728055026,-80.70235887283594,0.5322319
P81140,9198.652592512863,3748.0264480713427,-1.0931886
P81143,3563.599942495155,424.06878536091534,0.786535
P81146,52.60752244803718,-798.4626638673135,-1.0555093
P81147,874.9784579286942,203.9244477782801,-1.0571623
P81149,2811.0685781082047,386.33953363774344,-1.2923926
P81150,4684.758268739782,1860.7506088140335,-1.2923926
P81152,1863.0004746130064,1366.6549817327143,1.2156596
P81153,4769.891463761851,663.7617302314113,0.5173976
P81154,2986.629090306962,199.39127824597333,0.786535
P81155,-222.0490917065261,267.514498559078,-1.0931886
P81157,3656.0269542869673,798.1192932027806,1.0238845
P81159,8300.333423833838,1434.13434150828,-1.2923926
P81160,5640.077785416021,1026.636949421004,-1.0571623
P81163,-1223.4571138043268,-203.04422714471852,1.2334197
P81165,-1178.6728007109766,-35.353447884710185,-1.1567644
P81166,-743.0401255939912,-107.1526216358949,-1.0571623
P81167,1394.5337633047507,-299.5950758381409,-1.0931886
P81169,1200.272884637708,-228.88205315649745,1.1955391
P81170,477.30689407365145,422.5260424118872,-0.86855423
P81171,-868.5466973672931,39.59124621239958,0.786535
P81172,3660.6954000446244,619.6611213495215,-1.2923926
P81173,-1258.7969247964606,-1.13200677792579,1.1955391
P81176,-1593.9216816855517,-1183.0552024491192,1.2355528
P81177,-1869.0208200762963,-308.57884866965566,0.52005213
P81179,-1073.3064062271053,173.69054713676454,1.1955391
P81180,-162.72773908011615,46.16096697800748,0.786535
P81181,590.9018336215157,268.30828058730015,1.1955391
P81182,981.530073481098,-398.10554909997296,-1.0571623
P81184,2571.9272334219568,164.29577332716957,-0.5951784
P81185,5792.332267035406,1365.2412610380252,1.1955391
P81186,-405.60806405199173,-65.21974210064656,1.1955391
P81190,3272.45747632698,235.8507386853486,0.5150882
P81191,3886.5687718303197,291.93585542867316,-1.2923926
P81196,9963.001242740875,7314.882016873827,1.1955391
P81197,-366.356815493213,607.3841892533484,-1.1567644
P81201,-145.4841933915073,85.78314124077825,0.5322319
P81204,572.3539811870669,-162.61919950726022,-1.0931886
P81208,6800.296975314786,3618.240749509037,-0.7774289
P81210,1611.505017299871,-1199.1705996599396,-1.2909726
P81212,672.4401538247566,10.2655416005108,-0.25610763
P81213,2308.675447691535,372.0585471429047,1.1955391
P81214,-509.3889206541562,74.63749886744046,-1.0931886
P81215,1322.9547388512974,-338.2146645534264,-1.1457446
P81218,2048.1805237204544,339.44280436990744,-1.0571623
P81607,372.91800378713816,253.436837934206,-1.0704603
P81620,-2170.0385461944993,74.80701349519958,1.8503696
P81622,1152.7278018687546,764.8446124112029,-1.0931886
P81624,388.4307721573717,-726.379115648596,0.5173976
P81629,-308.26768915611444,-999.1425789542806,-1.2839159
P81633,-698.2642755826536,128.79291772692778,-1.0931886
P81634,-226.40107926983885,230.53094467418742,-0.85160065
P81641,-4299.617377750082,-1864.2358066018726,-0.85160065
P81642,-1537.695602075809,-25.66090910219215,1.1955391
P81643,-645.8056072532672,-848.5854050469748,-1.0821688
P81646,-7.570123462804449,-138.01225338278218,0.5322319
P81647,-1700.7815050974164,405.9175906787747,1.1955391
P81655,-49.02333152057335,1198.9258463918247,1.1955391
P81659,-50.218269252817464,380.5670117228027,-1.0519967
P81664,8561.736995426254,1719.3235662530485,1.1955391
P81667,-1663.6298701909361,-313.14200527783277,1.2139055
P81668,1453.7158954758438,2204.653819988676,-1.2923926
P81674,389.1425688055089,73.88708241664328,0.5322319
P81677,-2402.029991538783,-319.1028079300928,-1.031732
P81681,10332.93455119198,1545.3662474713285,-1.2923926
P81683,1011.0587885991113,63.41820386444756,-1.0931886
P81684,1361.790146574722,-288.7218115258175,-1.2852502
P81685,-559.427006312685,137.24251955827006,1.1955391
P81686,-1166.7111156742496,156.91576306999812,-0.25610763
P81687,-1231.4317246025437,7.735458502427115,1.1955391
P81689,-1518.9718979752995,-157.44084102075894,0.786535
P81690,-1848.0452147421424,-423.0279349990892,-1.2843778
P81691,-2034.972867408717,-413.0606902207983,-0.52736425
P81692,-1578.7964312245324,199.20834923639967,1.1955391
P81694,-1292.3257894606927,56.109429749530065,-1.0934404
P81695,670.0119216611288,802.4562914188467,0.5322319
P81699,-1274.0048113252062,14.134479896177735,-1.0571623
P81700,-2381.1555196669765,-323.28199665983095,1.237923
P81701,-923.0975655710323,80.49283368151526,0.786535
P81704,2270.6562329261196,1898.209915733653,-1.0931886
P81705,-974.6759769526094,87.98484233761715,1.237923
P81707,549.158639180401,-107.52240509925741,-1.0931886
P81709,72.64345264457907,80.568588780593,-1.0931886
P81710,1927.0272796671907,404.525472388897,0.5322319
P81711,-1193.903579222082,112.62947964332888,-1.0571623
P81712,-362.0744313138515,142.2546678142647,-1.0677583
P81713,-1025.8902913392778,82.40537225999262,-1.2921199
P81714,1484.0506064343417,930.4778267604939,-1.2923926
P81717,-3726.7427801219596,-1198.761570733396,-1.0677583
P81721,-2034.3184282394939,7.129912256288061,-1.0931886
P81722,-1328.3468733815978,-144.53258645179795,-1.2839159
P81724,-1779.962895006596,-142.56240851114353,-1.0931886
P81726,-1579.6317190692155,-254.83893858976302,-1.0571623
P81727,-1595.3165710448836,-252.44536190759052,0.528926
P81730,4312.4804703014115,1378.0717772130563,-1.0571623
P81731,-1244.3164742326323,-18.1400841230139,-0.86855423
P81732,-198.7293377811377,214.48956462791088,-0.86855423
P81733,-1112.3241013714787,-710.265472525336,1.2312515
P81734,9275.622641861217,1095.93526421435,-1.0931886
P81735,-383.5130824094422,736.1096196266815,-0.5951784
P81736,-338.5210321861871,7.227813457428432,-0.86855423
P81737,-517.1559869092575,37.59394105060436,-1.2923926
P81738,-2186.5652929432217,-225.70972699313714,-1.0571623
P81740,-2044.51179660677,-116.92486574054476,0.786535
P81741,-1595.6728075162443,124.30059644354553,1.1955391
P81742,-254.11757789595413,143.95788745447146,-1.2923926
P81745,-737.3695241981914,2.1580695112555013,-1.2839159
P81746,-467.2087219326059,369.05674093482725,0.76958144
P81748,1513.1448104275767,341.2908382814611,1.1955391
P81749,-2221.8762400222736,-206.42477223625977,-1.0406325
P81750,-1998.8732449898644,-93.97342866819896,1.1997133
P81754,-1594.6489499746058,-455.0086638168518,-1.2839159
P81755,1601.867575609025,820.0574606005185,-1.0571623
P81756,-1254.6997786320965,-355.7877109105201,-1.1567644
P81757,-1341.2194938442506,11.902642772426171,-0.86855423
P81758,-1624.7783250139516,-174.25557863761958,-0.76676464
P81760,72.03304631102391,555.6989342476919,-1.2839159
P81762,-1374.5272097585485,-697.7019177964721,-1.2839159
P81763,-1999.2623374793027,-243.95628090466866,1.2174535
P81764,-2213.338573492928,-1014.4850127598459,0.4813713
P81769,-2352.317325622707,11.902210192576973,1.1955391
P81770,-816.8982329444685,734.0290578362602,1.1955391
P81771,783.4056608480623,-180.03452626177523,-1.0931886
P81772,-1014.3278718801191,-577.9033520764806,0.48937714
P81774,-2032.8406081002138,-920.1025419054594,0.48947722
P81778,-776.0321280598832,80.0145031111285,-0.86855423
P81779,-3330.944611232403,-842.1506831529553,-1.031732
P81780,-151.6493151209485,-15.402532176009325,-1.1567644
P81785,-1694.1817242096017,-145.62957998407114,-0.5685371
P81786,-2927.2195286777473,-16.35207249563436,-1.0677583
P81787,-2940.21927645152,-30.904067152085332,-1.0677583
P81793,-2880.4748236465475,1.2562086127586507,-1.0931886
P81797,-4929.110345361441,-2874.925989939732,-1.1398108
P81801,-3072.0837136225337,-30.809092907752948,1.1372614
P82001,3505.673596525721,785.894610986157,0.07024801
P82002,1868.9970202770712,52.18664596308412,-0.6778269
P82003,6545.409387634299,2721.1004571137596,-0.6778269
P82004,2639.050187950902,-545.2507769976759,-0.6778269
P82005,892.2883097669275,-407.0307236124349,-0.6778269
P82006,1951.0835863691327,26.57954233030915,-0.6778269
P82007,6467.98931715178,1353.973670717088,-1.0486854
P82008,7569.032196309197,-1080.8137756006881,-1.0486854
P82009,2446.1679607604483,-557.4466280951342,-0.6778269
P82010,1786.3102486523444,266.77131959056175,-0.6778269
P82011,627.5257970308286,258.1784530579541,-0.6778269
P82012,1205.4726838772253,227.97786618221116,-0.6778269
P82013,554.064066383002,-631.0444586132439,-0.6778269
P82014,1923.2284796125027,-118.33286977973803,-0.6778269
P82015,9580.086487070068,-67.27575184075721,-0.6778269
P82016,6120.427936827717,661.2841055825573,-0.6778269
P82018,334.2274332559243,128.66490068034344,0.07024801
P82020,-381.80453437561084,112.30811877993347,0.07024801
P82021,448.31391189176975,191.589432446928,-0.6778269
P82022,106.33286843529207,-112.05494572449075,-0.6778269
P82023,1624.948927478254,322.89963819869325,-0.6778269
P82025,-683.8039613407017,81.32685422712264,-0.6778269
P82029,-577.2198768493595,-237.74781554159557,-0.6778269
P82030,-624.7436021640135,-4.120693547786611,-0.6778269
P82031,2461.144865650806,-16.455972235599532,-0.6778269
P82033,-1742.731534825114,-59.39950466425187,-0.6778269
P82034,-1107.3733478762344,-314.7070389586148,-0.6778269
P82036,-947.1686542610341,-53.23978528421887,0.07024801
P82037,200.69669384601258,-301.1817440236183,-1.0486854
P82607,615.4875540007498,-294.8650913456022,-0.6778269
P82609,899.7428141844614,-416.9798840682296,-0.6778269
P82613,1364.880121265039,-129.11736108450899,0.07024801
P82616,-1113.0420365856648,265.1747324198883,-0.6778269
P82624,-629.4044387168204,321.658976204411,-0.6778269
P82625,-2108.3351364391483,91.41309591767022,-0.6778269
P82626,543.7994328818427,-354.3320795756158,-0.6778269
P82627,-583.6453274426916,-120.76696209744074,-0.6778269
P82629,-1697.5424699458852,-66.06524358271776,-0.6778269
P82633,-970.1506669797142,-109.73571197814046,-0.6778269
P82634,-780.9592313959544,179.83275915010512,-0.6778269
P82640,-465.5177442068856,759.2703610711014,-0.6778269
P82643,-539.5457685048118,-1.5872385792475632,-0.6778269
P82652,-269.0602104120932,-122.63415325391026,-1.0486854
P82654,-2933.7817716586746,1.9124057588791072,-0.675133
P82657,-3550.7454097643886,-1101.1026656485685,-0.6354431
P82660,-430.68979807583037,107.31624564485317,-0.6778269
P82661,-2847.861928766498,-215.7953651568911,-0.6778269
P83001,1465.0943952879,141.64326692366944,0.07024801
P83004,2792.229735303166,-406.81830312810007,0.07024801
P83005,431.033606579074,-170.87182392929137,0.07024801
P83006,2199.954738475299,473.85164313943545,0.07024801
P83007,2190.84599790726,501.45520436909806,0.07024801
P83008,913.0183158380506,152.95677391167825,0.09022896
P83009,2713.363513359067,416.41077451173504,0.07024801
P83010,-442.9194292453678,3.157189587375735,0.07024801
P83011,2414.474719509125,498.30115179870637,0.07024801
P83012,9447.437109711362,5085.036821070572,0.07024801
P83015,2004.2749493207261,-31.633136140696724,0.07024801
P83017,-1002.706784003118,-118.75181706562745,0.07024801
P83019,120.04050876442845,120.39158687703758,0.09439251
P83020,2632.1949660899054,2525.069573191202,0.07024801
P83021,3067.2426175546184,2904.0497471990107,0.07024801
P83023,3178.944403533712,-426.9740349914687,0.09022896
P83024,-159.14707491525775,27.789805483806333,0.07024801
P83025,-31.98159725688386,-35.430302491753544,-1.3199421
P83026,-1008.3274172462302,-265.04925959287954,0.12110862
P83027,-1590.0868411676768,-47.01032968140702,0.07024801
P83029,762.9190031172125,-388.658884190367,0.09022896
P83030,-1756.5697182072568,-699.3038711162914,0.12110862
P83603,5538.831881608016,-239.94376133195126,0.07024801
P83605,1323.5689012229882,-18.110260747522837,-1.3199421
P83608,960.3896536152777,41.22498348102442,0.07024801
P83609,-1065.395239628525,-18.556007371897035,0.07024801
P83611,-1558.9069557269383,269.97643571928126,0.07024801
P83612,-500.72806766638865,428.9007224157809,0.07024801
P83620,195.20943960302213,-9.054087478211136,0.07024801
P83621,-745.3832499275863,215.57481575914596,0.07024801
P83623,-766.2405537068378,21.041953864517833,0.07024801
P84004,2391.7589108450084,77.35828407628756,-1.3199421
P84005,-759.296117778781,-279.92111887906805,-1.3199421
P84009,555.7865760346748,33.9596547149074,-1.3199421
P84010,1575.6373119023226,-254.8103927421003,-1.3199421
P84012,4773.941742438848,-214.2809968836841,-1.3199421
P84014,496.26010765499296,358.8627954119974,-1.3199421
P84016,2009.7929884729606,398.043969340304,-1.3199421
P84017,2419.6817061334655,116.96822865527288,-1.3199421
P84018,-1211.627839619043,186.39740478467115,-1.3199421
P84019,4348.3812845119965,351.8964632259624,-1.3199421
P84020,4006.8289566157105,-206.69506061719986,-1.3199421
P84021,2399.8186939175876,739.3290771247695,1.1044139
P84022,1900.2211602149898,617.4442836041478,-1.3199421
P84023,-94.54615660837231,-80.03450211926598,-1.3199421
P84024,3884.906566937622,-10.622410861381887,1.1044139
P84025,2020.967812393842,-133.0405037402738,-1.3199421
P84026,768.8241887074695,573.6795217776472,-1.3199421
P84027,1106.121983956701,75.95314056309788,-1.3199421
P84028,3507.6868593468776,-3.9714460110313263,-1.3199421
P84029,5127.096034982562,1085.225649947512,-1.3199421
P84030,3578.2519814454795,613.5100052111715,-1.3199421
P84032,1075.8998089376935,-266.4869564618666,-1.3199421
P84033,-61.55888132088703,-669.4580006226925,-1.3199421
P84034,1528.9058683937462,463.6115294773167,-1.3199421
P84035,5091.446235469704,252.8905793574611,-1.3199421
P84037,255.98824631353057,-138.1154139941064,-1.3199421
P84038,1856.3577003870835,767.0253883275094,-1.3199421
P84039,1267.9873499134328,378.1769605430698,-1.3199421
P84040,1707.3728483809984,687.2891768767594,-1.3199421
P84041,1582.5071429245315,86.106736563239,-1.3199421
P84042,2537.7812001572684,444.6058039474651,-1.3199421
P84043,2525.6855789649085,139.95803841814427,-1.3199421
P84045,504.84215333696403,175.57008614281239,1.1044139
P84046,3074.4056649487375,954.6731248660402,-1.3199421
P84047,2337.8389589498756,-335.270436978946,-1.3199421
P84048,2098.0166419550715,-40.501567616222225,-1.3199421
P84049,6238.350178166896,47.3445446337612,-1.3199421
P84050,1228.3189703410535,178.45706259503322,-1.3199421
P84051,1171.4680418569314,27.853888710390496,-1.3199421
P84052,2137.4082816792184,664.1169894727486,-1.3199421
P84053,1945.3714299978778,513.3207572641742,-1.3199421
P84054,2288.0011571775385,160.8618917472803,-1.3199421
P84055,-582.2073334020345,196.3832100555664,-1.3199421
P84056,144.20213335777126,189.495469675118,-1.3199421
P84057,-1521.9128618976683,145.3448178788758,-1.3199421
P84059,1785.0217862732393,46.530930807128755,-1.3199421
P84061,239.10451111981033,557.0245755693552,1.1044139
P84062,-1206.6256656646603,-104.81839448087894,-1.3199421
P84063,-949.6371483812559,217.52240451679447,-1.3199421
P84064,360.24364376501626,209.39029427113178,-1.3199421
P84065,-505.9580105709248,-4.677611046211443,-1.3199421
P84066,203.02606049698326,148.37831727501933,-1.3199421
P84067,2066.145352447986,-257.49886204018304,-1.3199421
P84068,3084.0176464351716,3406.59163011824,-1.3199421
P84070,1988.8529574563443,533.1970153122024,-1.3199421
P84071,-456.736490626046,-95.1281844651321,-1.3199421
P84072,3581.2720318129136,740.1743854162935,-1.3199421
P84074,1084.2846489721687,764.7038941342746,-1.3199421
P84605,-1310.6472683976333,79.545944512464,-1.3199421
P84611,6.595717753195119,656.8484769843699,-1.3199421
P84616,801.8490325061717,1674.372316838836,-1.3199421
P84623,-2473.2554432485167,-125.65784368097982,-1.3199421
P84626,566.0761059100764,-13.984067753522172,-1.3199421
P84627,-1960.6160161090613,-188.42657718662156,0.66150266
P84630,1370.1212164133933,769.479660424361,-1.3199421
P84631,-1486.580554098051,-270.9070835322253,-1.3199421
P84635,-868.2130800725267,675.5415671657317,-1.3199421
P84637,-986.7865126936241,218.63827470039593,-1.3199421
P84639,-1487.0343878659903,201.53361608944667,-1.3199421
P84640,-975.8095660639838,402.7458477254549,-1.3199421
P84644,-627.6467375971807,648.5550484643716,-1.3199421
P84645,1366.4792996312829,132.65113397802273,-1.3199421
P84646,-2726.5239290805653,-200.67004127902152,-1.3199421
P84650,104.75294046845721,391.8796074689683,-1.3199421
P84651,-318.3043920855877,343.76612908408237,-1.3199421
P84652,595.5104154785175,413.83117771710624,-1.3199421
P84659,-1391.7824241400717,-383.310663406903,-1.3199421
P84662,-3035.8425842899655,-630.0324131444105,-1.3199422
P84663,-126.97510971832058,23.500459729641634,-1.3199421
P84665,-1476.6453240982664,-7.057630331332964,-1.3199421
P84668,-1533.0987455169688,353.0048244601503,-1.3199422
P84669,865.5179190859427,955.56709479739,-1.3199421
P84672,-604.5726048842783,323.245615602468,1.1044139
P84673,2179.0531086940914,187.64903696819397,-1.3199421
P84676,-1568.9263543426923,-357.91669687145026,-1.3199421
P84677,-1253.2016436356703,-28.087669196470095,-1.3199421
P84678,1521.3216637678006,1450.4521358631298,-1.3199421
P84679,-1665.0467822299363,-26.08091698617715,-1.3199421
P84682,-1885.7088406586258,-319.47157811272376,-1.3199421
P84683,-1598.5919471812458,176.5513588894379,-1.3199421
P84684,-232.97655176621373,622.391061200699,-1.3199421
P84688,-2888.9688629319644,-329.1361318171843,-1.3199421
P84689,-897.9069318075054,205.36371444509797,-1.3199421
P84690,-825.5356872788526,222.27848227035713,-1.3199421
P84696,-2876.8396529992397,-4.60513467685595,-1.3199421
P84697,-2902.72951286967,-76.08057126379809,-1.3199421
P85001,183.6216337956022,-71.59546948175165,-1.0847119
P85002,1227.9201062738166,264.9031637919284,-0.8028592
P85003,547.0991492759382,166.30142757823708,-0.8028592
P85004,396.9017418348656,110.18640696991804,-1.0847119
P85005,3384.805981246286,161.23322948433818,-0.8028592
P85006,2495.271872984702,608.1942532501128,-1.0847119
P85007,-709.1751705133031,-70.06086178041082,-0.8028592
P85008,6455.214898592438,251.03391405332812,-0.9851098
P85010,5619.084573915545,-20.51651224767424,-1.0847119
P85011,2492.149851907333,225.5187673742513,-1.0847119
P85012,816.0185041000848,27.875507102395854,-0.9851098
P85013,8320.58218171857,634.4926842369105,-1.0847119
P85014,329.4321856255337,-305.02197108932205,-0.8028592
P85015,1748.72703095576,318.57852032844346,-0.8028592
P85016,5830.390824753948,203.78313911465918,-0.8028592
P85017,4203.400234825775,267.7556998464041,-0.8028592
P85018,349.84730175810876,551.5554618186517,-1.0847119
P85019,163.52112876093994,614.9747497811933,-1.0847119
P85020,3276.077522467771,1431.3683234800415,-0.8028592
P85021,3181.5722063142593,2140.3434691683824,-0.8028592
P85022,-382.32484829922925,-12.308947030889865,-0.8028592
P85025,-498.36444999645465,-349.28924803926617,-1.0787228
P85026,688.1116103848725,51.44502627027141,-0.98429155
P85028,604.0710140764731,-415.2592589395843,-1.0847119
P85029,-1290.9899517600259,-52.06995408590283,-0.74352187
P85601,-1436.8911209516295,-72.69064928727875,-0.8028592
P85602,-1705.793276468013,138.54783931240308,-0.8028592
P85603,-1863.4080535955727,-124.00518104230947,-0.74352187
P85605,-120.00031989016492,-10.026639406267813,-0.9851098
P85606,-1140.4014112773755,212.64091014981915,-0.8028592
P85607,-588.049279364821,101.7092220742749,-1.0847119
P85608,-493.9726399748253,441.9706597325273,-0.8028592
P85610,-1125.0975285212483,2.936931802213506,-0.9851098
P85612,-1221.892220256283,204.3187263091228,-1.0847119
P85613,-1810.365179078946,-150.29021524445872,-1.0847119
P85614,-1132.3146372085298,176.9921247744407,-0.8028592
P85615,1643.0287045020975,1226.2170841791635,-1.0847119
P85620,-1575.148217234453,-160.2452903001263,-0.9851098
P85621,-260.55500544335007,238.85222921422337,-0.8028592
P85622,-505.0934697949959,356.0298368419664,-0.8028592
P86001,536.4170898705493,306.12060980584056,-1.0847119
P86002,-1751.1007501540016,-174.8317138815138,-1.0847119
P86003,3829.5152089993044,39.17549113640152,-1.0847119
P86004,3819.2244791075127,-86.1989763542439,-1.3199421
P86005,779.470849761966,544.0097170542463,-1.0847119
P86006,3357.0625117109144,770.6826221629743,-1.0847119
P86007,4875.600038535314,54.49843836467101,-1.0847119
P86008,2390.1391333019747,86.94268817424476,-1.0847119
P86009,3328.6318007233263,369.1816503112382,-1.0847119
P86010,2221.702316958467,-322.24242347561113,-1.0847119
P86011,3302.8587337937442,-939.2918687969096,-1.0847119
P86012,2340.6773486997045,56.39192038665186,-1.0847119
P86013,986.1380171193534,-310.8365547963867,-1.0847119
P86014,2027.9096385877633,-71.06404678003507,-1.0847119
P86015,282.94418164554094,-362.03155694431047,-1.0847119
P86016,4374.700966950211,1561.7142750378478,0.07024801
P86017,-258.70112638737993,-197.85072335204276,-1.0847119
P86018,2277.7699574764697,139.78818745911315,-1.0847119
P86019,4313.026829283976,193.82430701685394,-1.0847119
P86021,-753.2362163041696,-7.760908537331772,-1.0847119
P86022,1811.7327174210645,-79.8788537675199,-1.0847119
P86023,1513.9293010397282,410.86740570248185,-1.0847119
P86026,705.2135440726385,543.5173625913932,-1.0847119
P86602,-45.453414879375444,290.081587947903,0.07024801
P86605,320.31049604198483,-178.17793265637604,-1.0677583
P86606,410.02881889816035,144.68415624210667,-1.3199421
P86608,-1123.2620492625128,157.57400073895886,-1.0847119
P86609,-1818.6534565905984,5.346216083637208,-1.0847119
P86614,-760.380717418604,41.55695978634559,-1.0847119
P86619,346.13989222432303,-447.442235049056,-1.0847119
P86620,-941.5686423191682,-169.04164506893,-1.0847119
P86621,-2905.6115910444096,-9.325719769839079,-1.0830886
P86624,-346.26253211347966,18.90786011261184,-1.0847119
P87002,5359.16136056818,975.9595839003423,-1.0486854
P87003,-7.885982217227025,-12.120233834981804,-1.0486854
P87004,-70.26946379346404,353.82885445230664,-1.3199421
P87008,3313.642883124452,202.39003146597932,-1.0486854
P87014,677.2525964252487,-289.5429559499907,-1.0486854
P87015,548.738537140655,109.95340915832293,-1.3199421
P87016,4109.855198100831,-872.8506546019776,-1.0486854
P87017,1884.5934278235713,358.7644349551647,-1.0486854
P87019,10294.047388726716,1623.6237997856879,-1.0486854
P87020,2181.1917499303668,700.2896101590195,-1.0486854
P87022,-1024.8635504454771,-194.33108791867784,-1.3199421
P87024,6591.0948602467015,598.8573685501595,-1.0486854
P87025,4728.220884024132,-191.48705419679675,-1.0486854
P87026,5776.042262538311,2457.661556702046,-1.3199421
P87027,4692.980700167373,290.622288482912,-1.3199421
P87028,762.6462025522404,509.39931097129755,-1.0486854
P87032,1383.6471186769015,180.48601819932946,-1.0486854
P87035,2187.4611345873614,-386.69894707019193,-1.3199421
P87036,-657.9613709188736,-467.4702585552455,-1.3199421
P87039,757.9565007411945,17.68317632674783,-1.0486854
P87040,5919.328965727923,444.0750370047138,-1.3199421
P87610,4778.229283014285,131.3981915541849,-1.0486854
P87613,-198.0845717456369,566.8718344429204,-1.0486854
P87618,-1008.8799348834787,42.73999189056066,-1.0486854
P87620,4726.086932345922,804.6414213461427,-1.0486854
P87624,-443.5426751507532,218.34719715471283,-1.0486854
P87625,-770.3578229736706,443.0751655726075,-1.0486854
P87627,-1723.38841777983,40.900616545232474,-1.0486854
P87629,-1624.861434725994,-134.3808054283453,-1.031732
P87630,437.54083607345603,477.9492871071938,-1.0486854
P87632,-2586.211575918475,-707.7800260888105,-1.031732
P87634,2771.3963309626183,403.8016350337263,-1.3199421
P87637,-844.7685571553103,-2144.5620534292216,-1.031732
P87639,-1443.3518680394434,-38.30008301173542,-1.3199421
P87641,-1452.9851544420562,-911.0289762183065,-1.3199421
P87648,-1863.204181483415,201.84154985413144,-1.3199421
P87649,-1654.8909413271856,288.3101982617659,-1.0486854
P87651,-1961.3954922284336,-27.360719391141338,-1.3199421
P87652,-1437.4000598820558,-681.6828064911113,-1.3199421
P87654,3514.6700267195356,667.2869237678627,-1.3199421
P87657,-148.11060372234482,103.10489173692373,-1.0486854
P87658,-655.3392541274021,28.95128132093099,-1.0486854
P87659,5.0269204872387085,1087.6052367842676,-1.0486854
P87660,-681.5961517241136,116.90233374697202,-1.0486854
P87661,-1213.6460742098964,146.75052677292075,-1.0486854
P87664,-2839.029937160484,-11.259132401652726,-1.3199421
P87665,-2931.693362025524,-26.74427848050755,-1.3199421
P87667,-2960.1219577758557,-95.50814717154496,-1.031732
P87668,-1655.7645643727142,-255.62231458178115,-1.3199421
P88001,529.074867785974,-23.617839483619935,0.66150266
P88002,1118.4236538741154,594.391578700888,0.6021653
P88003,6692.8803819559735,-338.7865199352776,0.6021653
P88004,4230.608579887446,1466.0135286088716,0.66150266
P88005,6774.48436902029,3408.436298438491,0.6021653
P88006,2074.158853802433,617.1744615038383,0.6021653
P88007,4488.910368334844,-785.8299477266804,0.6021653
P88008,2274.75955876523,-62.676397130053836,-1.3199421
P88009,-805.9057944865955,-1261.2123069253444,0.6021653
P88010,-1778.9373109999533,-620.5143083739813,0.6583105
P88011,1850.730977958155,6.390548729303049,0.6021653
P88012,2784.160433934934,-42.678690211872606,0.6021653
P88013,6798.959886354822,96.07701452437598,0.6021653
P88014,951.0927387771543,156.52041607278073,0.6021653
P88015,3224.3177412385935,83.19714572936407,0.6021653
P88016,5057.102616723739,892.9887502472026,0.6021653
P88017,2669.0049965114713,17.276569623999233,0.6021653
P88018,3399.4644770145437,496.78090187178196,0.6021653
P88019,850.2648485351017,504.1513317175692,0.6021653
P88020,4378.9500737706685,315.4508941857958,-1.3199421
P88021,1717.3810503658146,-282.8457306983129,0.6021653
P88023,2977.3565273896293,-53.34269111078108,-1.3199421
P88024,1131.9841541510384,-164.22546903464746,-1.3199421
P88025,4053.534757058138,-7.9212873939277575,0.6021653
P88026,16233.39510717792,10189.7470059248,0.6021653
P88028,548.8372896523808,-53.76586553831989,0.649201
P88031,1667.5216268434046,440.9140123346041,0.6021653
P88033,-2451.5484323277205,-834.3297930187827,0.66150266
P88034,-397.36647564931457,397.709218985451,0.6021653
P88041,-331.92101412190505,490.5920026067584,0.6021653
P88042,2233.7541351325435,126.78044603023056,-1.3199421
P88043,4070.7573956618307,2841.8889717044653,0.6021653
P88044,1083.0411942554108,74.24372330952625,0.6021653
P88600,-2459.777651744287,28.528306385835005,0.6021653
P88604,-1139.709795131402,-497.0101508071457,0.66150266
P88606,543.7197509988632,452.407375097338,0.6021653
P88607,-707.5146601634742,64.16095761347124,0.6021653
P88610,-624.6399180953549,358.11443544032267,0.6021653
P88615,-1923.931346644083,35.14159249853411,0.6021653
P88617,-451.41826894389476,-54.309429199618506,0.6121058
P88618,-2354.409455528472,-335.8821448266886,0.66150266
P88620,-2418.502259258007,-356.85256363913146,0.66150266
P88623,1476.3735760580828,-22.5516902734466,0.6021653
P88624,-1694.0664424225133,-16.293803281824967,0.6080091
P88625,2042.2563842444986,1446.828747106883,0.6021653
P88628,-2305.1851983589027,-757.5839928441193,0.66150266
P88632,6662.944476941959,2719.754490617796,0.6021653
P88633,-3258.8960742867034,-2398.322191567557,0.66150266
P88636,-3068.377436656668,-15.600953443355182,0.619472
P89002,4301.696450309124,616.2207616154677,-0.9851098
P89003,3954.1259900429104,-174.4090995035684,-0.9851098
P89004,1567.4998887029394,83.26532125818841,-0.9851098
P89005,1600.91927377208,-134.6754158854482,-0.9851098
P89006,4102.214499041849,229.8811481424822,-0.8028592
P89007,981.6003385733871,256.74348744961844,-0.9851098
P89008,6543.33763265151,2217.9906635630296,-0.9851098
P89010,3990.1182173177017,872.4034931834884,-0.9851098
P89011,362.58721334876014,62.147458075019074,-0.9851098
P89012,2883.9866198421323,443.40521635143836,-0.9851098
P89013,1952.1260746084522,-108.0578576633955,-0.9851098
P89014,6388.397303073216,398.4765240349231,-0.9851098
P89015,11795.31502490091,2984.549700678009,-0.9851098
P89016,3829.4306357147475,351.3342987508124,-0.9851098
P89017,-67.94397606534024,-577.8349075279873,-0.9761263
P89018,1718.307879930326,193.6779929442629,-0.9851098
P89019,2282.523999821967,-1334.179976266948,-0.9596795
P89020,4169.400406948908,2668.445993075569,-0.9851098
P89021,2881.5832486760623,2232.031948069526,-0.9851098
P89022,-298.27432906438844,32.90657032013873,-0.9851098
P89023,1183.3409618789576,374.4730333629611,-0.9851098
P89025,-788.8781519149953,27.712760609695994,-0.9851098
P89026,2100.679256460674,191.6514803343928,-0.9851098
P89027,-376.291734581494,-81.4449824882956,-0.9596794
P89029,1680.0133424303417,164.77509334188963,-0.9851098
P89030,157.35872833855387,-210.31663926644248,-0.9851098
P89033,2259.171311415412,-623.6915317664332,-0.9697333
P89602,-211.38102517648042,85.48043621757937,-0.9851098
P89609,67.8714022616812,-46.11380931690918,-0.9851098
P89612,-1868.8890399371487,-108.59832998552055,-0.8028592
P89613,-1126.6000762764115,-52.244108685012016,-0.9851098
P89616,-2191.1946120310276,-705.6090392423263,-0.9596795
P89618,-1529.1188331524752,-161.3089477870728,-0.8028592
P91003,934.3952470977864,327.4976090974323,1.1044139
P91004,692.9056496621928,168.0655823905724,1.1044139
P91006,7000.70355359041,-53.303394906352736,-1.0486854
P91007,-169.37544703045364,706.9435833152501,1.1044139
P91008,-137.8898985948144,-42.17377178931789,1.1044139
P91009,5122.587970451024,651.9242036344555,-1.0486854
P91011,-183.13935316586912,-3.499239675120835,1.1044139
P91012,2927.4951631466647,236.2368685826665,-1.0486854
P91013,3391.9546983084538,985.9089010392553,1.1044139
P91014,6600.22150385653,212.8173070985253,1.1044139
P91016,601.7408500177669,459.9980880999465,1.1044139
P91017,2331.286568645825,455.1317491603666,1.1044139
P91018,10016.440140823308,-902.1124214849675,1.1044139
P91019,243.21782852152674,-77.24808454704514,1.1044139
P91020,1483.4292035573442,-106.71461286146786,-1.3199421
P91021,5830.616238462608,-761.9901876932099,1.1044139
P91025,-1957.1881596363503,-164.53832589265045,1.1298442
P91026,2014.0477076475786,411.1827649243291,1.1044139
P91027,-1799.4144780715424,-873.3836656801745,-1.3199421
P91029,1155.8710683101788,561.0349881370062,1.1044139
P91030,-3529.8327618522035,-1079.940391623565,1.1298442
P91032,-672.7700074754787,354.99400258071614,1.1044139
P91035,1848.6136445584445,42.60847347028427,1.1044139
P91603,1660.5925400023666,209.60121665176842,1.1044139
P91604,5850.647912845176,241.5232002716035,1.1044139
P91605,-1588.4430624214335,-650.4849121305903,1.1298442
P91615,1721.5264739194101,-333.75804071269056,-1.3199421
P91617,-1773.42633453124,-7.250292320366476,1.1044139
P91619,27.230921165894085,1338.1268274262852,-1.3199421
P91623,641.5595399796887,874.329604954852,1.1044139
P91625,1817.7507599226863,11.511050670301653,1.1044139
P91627,2320.1020572777693,1426.4090375225246,1.1044139
P91629,3898.382064464392,1239.5100660402159,-1.3199421
P91630,-2615.521803450762,-449.6304805085752,-1.3199421
P91631,-1186.3507005145,236.43387378270177,1.1044139
P91633,-526.162781724185,326.6720131310194,1.1044139
P92001,204.76417156082007,-24.685609472022364,-0.7774289
P92002,-46.85757792526493,-645.9412170532714,-0.18405506
P92003,4140.5303319305585,-53.44689313188495,-0.18405506
P92004,2452.221258911547,137.04022711027173,-0.18405506
P92005,-670.7900698844788,244.9620773244758,-0.18405506
P92006,1983.3546047184004,29.271612668683176,-0.18405506
P92007,2223.9196849725445,76.76274394752735,-0.18405506
P92008,5349.606185147515,-236.4583657115282,-0.7774289
P92010,5567.117174665615,229.72437451225747,-0.18405506
P92011,1269.833338357541,258.6258177374504,-0.18405506
P92012,712.7824916072115,47.67242901241122,-0.18405506
P92014,3690.1775375493266,371.839403666632,0.786535
P92015,417.2112829929315,497.04209259671217,-0.18405506
P92016,6904.602133077886,722.9805050435979,-0.18405506
P92017,7979.718382984823,99.89340408973133,-0.7774289
P92019,4296.587374706154,-224.96301465374577,-0.7774289
P92020,5.94298004681955,227.35273835554912,-1.0486854
P92021,2599.942520169977,-61.157887341963196,-0.7774289
P92023,1534.1381859717198,491.6733884765339,-0.18405506
P92024,-887.188686352056,24.251668017584553,-0.18405506
P92026,3150.2207133202755,-435.53393142616267,-0.18405506
P92028,1102.5528733899862,396.17426562173125,-0.6778269
P92029,-48.185621180548516,272.7226198877833,-0.18405506
P92030,-491.9655743535519,-236.70803374045667,-0.18405506
P92031,-659.9984868291579,-220.75717380767117,-0.18405506
P92033,-161.10881711216447,119.15312359835576,-0.6778269
P92034,455.8973172737203,368.2177593213294,-0.7774289
P92035,-1059.4497795704401,372.15583250435105,-0.18405506
P92038,-1645.9282005984373,-62.80019229516659,-0.7774289
P92041,2974.439812621177,-566.4188387852723,-0.7774289
P92042,648.6388327702365,889.3079219921481,-0.6778269
P92602,-1435.2745762539034,-117.71162021841812,-0.18405506
P92605,405.1947988459643,-102.17718198419564,-1.0486854
P92606,-1513.3742014380405,-99.24005175616077,-0.16710153
P92607,2861.373781569695,2663.3686090805386,-0.18405506
P92615,-714.0391247910053,65.5425669000928,-0.18405506
P92616,-554.1681989372453,82.60683209228056,-0.18405506
P92619,-1893.604103487754,-572.3255191790714,-0.6674664
P92620,-777.8222854978599,205.6648697609405,-0.18405506
P92621,-1513.604583223916,151.90754355174744,-0.18405506
P92623,-1065.6346559183876,-17.68094615065426,-0.18405506
P92626,361.5437053634568,251.4594949821326,-0.6778269
P92630,-1255.8151218696255,-202.48765331420864,-0.18405506
P92632,-1204.454976417167,-178.29087945375994,-0.16710153
P92633,-1062.6625521396359,-23.711228280337068,-0.6778269
P92634,-82.4381290202956,-222.11576444230857,-0.18405506
P92635,-1445.1237312303188,-99.7396039984783,-0.6778269
P92637,-1635.5324761508566,162.65425889073012,-1.0486854
P92639,-1107.261862922609,35.35004471780778,-0.18405506
P92642,-258.6017294415478,226.38799798351917,-0.18405506
P92643,-2138.847184528952,-242.58564567989922,-0.16710153
P92646,-783.119250347674,-135.34119979063937,-1.0486854
P92647,-349.89275802414164,-290.3448187916077,-0.18405506
P92648,-1390.7799889916353,363.38213224916655,-0.18405506
P92651,-184.16858754933253,-24.908632282642873,-0.18405506
P92652,-374.48015476771997,207.95022761838229,-0.6778269
P92653,-764.4624745312851,233.3390178785989,-0.18405506
Y00016,-2641.873590970633,-101.24748212700266,0.07024801
Y00020,-591.6744163251273,515.0163174576109,-1.0444472
Y00023,-1232.265301001474,551.0392458464339,-1.2478896
Y00025,-1663.6839760898688,-271.1771451399423,-0.24528621
Y00026,-1649.247443531084,32.123167822370355,-0.580344
Y00028,-564.979192566062,-210.9983759863046,-0.13107526
Y00030,-2977.8252811095113,-212.66253736224078,1.6342119
Y00033,-659.3788606056767,323.7146810122845,0.49408647
Y00035,-2906.1470568173063,-3.170839723739794,-0.98536164
Y00036,-2994.5777540635568,-114.29988698376762,-0.9596794
Y00039,-2949.5818327471893,-50.13606918470288,-1.1398108
Y00042,-3109.91254064737,-14.341341904004654,1.4922261
Y00043,-2879.8453012930145,11.608198022413465,-1.0810311
Y00044,-2906.015488580627,-19.117575230383405,-1.2118634
Y00048,-2862.1316789278435,18.203986137931352,0.42839152
Y00049,-2861.0439582593885,9.45204527806229,-0.52100664
Y00050,-1834.108135714828,103.70483963668165,-0.18405506
Y00052,-3061.7664728017567,-16.80374435834091,0.76958144
Y00053,-2954.23826594673,-46.925702863839795,-1.1398108
Y00054,-2937.704319328858,-4.881046783343642,0.20163792
Y00056,-2758.5844884126604,66.18319953674916,1.1234866
Y00057,-974.1696995326179,814.5205495249334,-0.72656834
Y00058,1653.6796198656025,1049.0260029527883,0.75474715
Y00060,-2612.8126626240914,-2.197603282633562,-0.61213195
Y00061,-2869.5598249560585,-287.5442149776652,-0.45531172
Y00065,-1667.521650494299,224.62874572317517,-1.2118634
Y00068,-3136.3916069392862,-3.69936638647666,1.8143433
Y00071,-2841.917530327115,-576.1810293041242,0.566139
Y00073,-2906.000871883515,-7.6172083299908975,-1.0488166
Y00075,-2130.686655176727,-293.3616668206252,1.777861
Y00078,-1184.716105444374,-10.143760542222244,1.1849431
Y00079,-2092.2830242740747,-311.6789389688313,-0.13107526
Y00080,498.28516316155884,904.1931930171063,-0.04842677
Y00081,-2908.958991974085,12.80179859887641,-0.24763085
Y00082,-2081.556656632334,-80.15098110516793,-0.13107526
Y00090,-83.75819593681857,-286.2713721525244,0.09567831
Y00092,-2152.299404748614,-25.96481744291691,-1.1423242
Y00094,-2919.7671819678862,-2.5385712343017732,-0.70749557
Y00095,-2958.4126444649837,-25.503408183781218,-0.70749557
Y00097,-2863.762356035966,12.551310161622052,-0.9957057
Y00099,-2909.6097883036678,-10.551443211443434,-0.9957057
Y00100,-2879.9236202266475,-1.8634127315629794,-1.021136
Y00105,-1642.8778514308003,-73.80134428541535,-1.0870281
Y00107,-2930.962476581826,-47.764832926138695,-0.98850054
Y00108,-2175.517713734204,273.948573115568,-1.2118634
Y00110,-1500.7857047136513,-5.6959103960854085,-1.2563664
Y00111,-2988.7058904699543,-83.31947858632509,-1.3199422
Y00126,-2871.9528403203267,32.63157620088575,-1.175837
Y00131,-2902.9650287623494,-18.968492398325058,-1.175837
Y00134,-3250.599454506504,-62.97281164327018,2.2826848
Y00135,-3024.797737113281,-54.914728839267944,-0.3112066
Y00136,-2997.6476461987727,-17.028484752427396,-0.023731686
Y00137,-376.9631605846755,697.710409735362,-1.1588835
Y00140,-1044.3957591789315,-238.32705041751063,-0.61213195
Y00142,-2988.2489826681167,5.3737259498003045,-0.032003026
Y00148,-3125.855380477774,-80.01524787248937,0.5534239
Y00151,540.2314647057673,-905.096273947536,0.18026756
Y00152,-2872.214324633919,-147.4955705436932,1.2739493
Y00155,-614.5355472860831,74.55993225023295,-1.3114654
Y00159,9050.941209968374,-24.34214918151438,-1.2288169
Y00162,-3402.7371331242057,-279.1408150216264,1.9584483
Y00164,213.9939154311692,-76.76682919375425,-1.0053128
Y00167,-3113.4222658769945,-5.854074773425715,1.4161582
Y00172,-2753.2955268827964,-66.40335480240914,0.08129011
Y00175,-2510.7280125115544,212.0576189443295,-0.5819847
Y00178,-2914.5692292413055,47.58271610300074,1.0106803
Y00182,-2880.9307846847078,-26.598555695931058,-0.27729952
Y00183,-1394.778863684804,269.7176809376954,0.5173976
Y00184,-334.38623606533923,471.05239728735836,-0.35359046
Y00185,1543.9120415458665,560.4657729307602,1.5324907
Y00186,-2218.99732183815,21.038887544992992,-0.6778269
Y00187,-2960.739220875119,0.6256430071968638,-0.27518034
Y00189,-1728.5132230739441,327.56001538030773,0.67526555
Y00192,-279.1550553200554,596.6649450153025,0.566139
Y00195,-2711.4044147782497,-197.02356933346903,0.6021653
Y00196,-2924.8988686627154,-16.181956853456462,-0.9596794
Y00198,1891.0789777487419,-689.3881305285627,-0.047559824
Y00200,-2524.3788283839654,137.62769676062058,-0.17133993
Y00203,-2475.662033513173,-209.4574129434959,-1.0486854
Y00206,-970.7533924843012,440.16367492593133,-0.8621966
Y00208,-2942.6954359371416,-20.578661885686845,-0.63854873
Y00209,-2834.930878562194,16.887609211424916,-1.0931886
Y00212,-552.5854934922144,571.1291593069205,-1.3029885
Y00215,-2970.894162861786,-32.616246670495336,-0.63544303
Y00217,-3095.4028394411257,-4.678972823240061,1.471202
Y00218,-2998.1645802331295,5.894301684705758,0.008526528
Y00219,-2996.041822677908,-6.080550819466838,0.06923079
Y00222,-3031.5296202121876,-14.06905206942092,0.34541503
Y00225,-1898.5936180777699,165.34464454549484,-1.2478896
Y00226,-2964.8437865024234,-163.7267728718202,-0.9957057
Y00227,-2912.2366890728986,-0.25014317506712325,-1.0111456
Y00228,-2078.7229929897817,-28.450625290235593,-0.9130572
Y00229,-3006.5038212077156,-12.923758194731693,0.19569822
Y00230,-2914.278857917122,14.937169496560394,-0.85160065
Y00233,-2918.694337122904,10.686630725893842,-0.6696452
Y00234,-2476.251541790262,10.108868399034087,0.50892085
Y00241,-2905.858180599443,-48.61786203597262,-1.2478896
Y00243,-2404.9587562019187,100.50468008448509,0.8453609
Y00247,-2928.741422116955,-34.9082094676946,-1.175837
Y00252,-1288.8710214004452,187.964901183795,1.3078564
Y00258,-3671.8300073738187,-914.9497027740653,-0.49133795
Y00259,-2975.9593009597916,-537.5108497750048,1.1362019
Y00260,-1046.1954269520468,537.1370255891785,1.6511654
Y00264,-2980.418864799372,-63.36498606842377,-0.37207857
Y00265,-1034.225136903597,534.6923116234581,-0.46378845
Y00268,-1851.1751942600367,-106.20528064249794,0.56898063
Y00271,-3028.047628559891,-7.571708721709506,1.2358037
Y00273,-2970.401512942293,-3.478142496286903,-0.16710153
Y00274,-3003.0708648243713,-28.16983912462553,-0.3112066
Y00275,-2961.518819714228,-14.671556926611586,-0.32863867
Y00277,-2827.0277319227857,-95.69978210369972,-1.3199421
Y00278,-1326.4919770698402,48.86444258103417,-1.2203401
Y00279,-3013.9470512070084,-5.288204039264484,0.39172456
Y00280,-1669.6004568881553,-230.9221003667653,-1.1699033
Y00282,-3024.3859369517936,-20.740054422971753,0.38340515
Y00286,14.140246238780737,298.0623196765956,-0.49769554
Y00287,-3212.4376200635043,-53.174912477372864,2.030501
Y00293,936.4801488186139,1842.6925710495304,0.9030906
Y00297,595.5531116090494,1111.4898776455773,-0.3726632
Y00301,-2830.908621116693,-197.3473464974606,-1.2923926
Y00304,-1967.8131773448822,43.476818940002275,0.19316116
Y00305,-2951.9887134360274,-44.731411155766054,-1.0677583
Y00312,-1834.9167199982521,16.239169002193403,0.55978143
Y00313,-2961.175151063195,-17.679230150399253,-0.47663334
Y00316,-805.8851950091403,200.91309590746425,-0.39385512
Y00327,-2299.89764619538,-267.08857561080583,-1.2563664
Y00328,-2021.2469672417226,52.41292114185028,0.39024603
Y00329,-2975.2946765751512,-12.881120125903795,-0.24816065
Y00332,-2984.5339967210944,-279.32775046395057,1.9224222
Y00333,-2899.1845508874208,-10.00843869844249,-1.0616815
Y00334,-1303.460240499966,-1481.0701189078777,0.66150266
Y00344,-2627.362412686084,6.470537456179632,-1.1588835
Y00346,-2985.5618375443723,-19.157549973857837,-0.2423143
Y00347,-210.54875581749417,12.487048065383615,0.786535
Y00349,-3037.766248084876,-13.305096695333301,0.5801257
Y00350,-3075.889295251433,57.93270533515398,2.030501
Y00351,1439.8693172503438,452.40750144274574,0.30335915
Y00352,-363.7163841552609,1062.8893043647242,0.345743
Y00364,-3014.3771792680395,-16.227027687590834,0.17607653
Y00372,-2979.2397755237366,0.2509040369152724,-0.047608465
Y00384,-2813.5255164179257,-51.53547129294462,-0.8049784
Y00386,-3009.7075018809696,-63.47434909510198,0.98573905
Y00390,-2208.3772156265723,-253.67546026358326,0.53858954
Y00394,-2868.243741452236,14.030183714123764,-1.0677583
Y00399,562.3962930337253,-111.34799244584698,0.11263186
Y00400,-2927.9175862094203,10.02406727698245,-0.4851871
Y00401,-2770.8345881580353,-50.536942372027674,-0.54855615
Y00403,-1131.5088656600021,403.73634236289007,-1.2245785
Y00408,-2342.444552342616,47.994871969687374,0.42839152
Y00410,-3067.3834057476242,-24.91792108249994,0.5534238
Y00411,4805.312387789556,2354.767298270712,-0.66935015
Y00412,531.4730139270429,266.0368699751259,-1.2288169
Y00413,-2931.8618656631174,8.44821421033774,-0.74352187
Y00415,-1275.8999767696127,217.7386006198089,1.2315655
Y00416,-3081.7678085225034,-14.819900736740063,1.1327263
Y00417,-2866.19890557593,14.72256015227091,-0.6301277
Y00419,-2951.422501515883,-20.276203021996604,-0.6062982
Y00420,-3043.938096426389,-14.846478757015865,0.530858
Y00426,-2878.184637194065,-5.674726206088084,-1.2478896
Y00427,-2845.747748049558,-25.172173811305917,-1.2478896
Y00433,-1020.5476384732887,-93.87515982270389,-0.078095466
Y00434,-2442.6096944778465,19.570958253596444,0.6021653
Y00436,-2614.4933322530837,-50.102461420246314,1.8503695
Y00437,623.2348828764129,263.9833359219961,-0.46378845
Y00438,-2861.0986774614576,-11.18215822564291,-0.41928542
Y00442,-2972.075294437532,-5.385262104611385,-0.24752381
Y00445,6995.135287800932,-381.85343232837556,-1.0486854
Y00446,-217.52997877527753,-290.1299416668509,-0.22855811
Y00448,-2856.0409981856483,35.758973297782795,-0.6778269
Y00449,-462.24835975654895,1815.3449089873177,-0.07385708
Y00451,-2852.1976996599947,13.259475089333156,-1.1398108
Y00454,-2515.2432079352875,16.67232747232405,1.1319634
Y00458,-3040.4733555335215,-62.13116111847254,0.15713489
Y00459,-2869.0027814031055,43.85979772977318,0.095375575
Y00469,5420.344430980358,2029.6977694145232,-0.08657224
Y00471,-1285.866070226494,-43.29914857681319,-1.2288169
Y00475,844.3261295807381,507.2343628980722,-0.7774289
Y00481,-2896.0585625388503,-26.984362653866736,-1.2118634
Y00482,-2925.6927027377255,25.362673497220214,0.5199709
Y00483,-2382.7176518004862,142.26178835058963,-0.5994168
Y00484,25.35369019439141,-29.011055278412496,0.7695815
Y00486,-77.10985001684622,385.3637156632156,-0.71597236
Y00489,-3065.434144018464,-3.3719574821445777,0.6615027
Y00490,-2868.179305696355,9.929685120192083,-1.3199421
Y00492,-1683.4298448884829,191.10271700298446,-1.2288169
Y00493,-3044.381389589759,-116.24057961457045,-0.17610809
Y00494,-2882.7021265502813,-3.008125245385905,-1.2839159
Y00496,-3025.771622954885,-50.38189617686655,1.9584485
Y00502,-1856.4562390957642,9.849328605653096,0.53858954
Y00504,-2771.1085485346607,-31.64460869250578,-0.63994634
Y00505,-2945.8764780924685,10.674045874234167,-0.3540101
Y00507,-2200.9354186098653,5.431198136106905,-0.43200058
Y00511,-2967.776884750128,3.6949709713845507,-0.15199374
Y00514,-2981.2241312498554,-26.838118566019702,-0.38325915
Y00522,-350.84761227038484,637.4797830225039,0.39024603
Y00523,-2986.350443135207,-20.17402873027295,-0.23915409
Y00525,-2854.56886812679,-161.29866809371563,-1.2478896
Y00527,-958.439270791681,-352.0048112607536,0.08147972
Y00528,-2762.59770731971,2.105279544160812,-1.2478896
Y00529,-2827.582853728596,-57.07342857432882,-1.2478896
Y00533,-2883.395286574816,-59.64451746424777,-1.0847119
Y00534,-2621.4250374003627,-99.37100126242093,-0.75623703
Y00538,-3081.607872737355,-309.7516478503273,-1.3199421
Y00539,-2957.9070842989427,34.92842224907346,1.4710342
Y00540,-2558.773506454923,68.46070928989997,-1.2478896
Y00542,799.9716002186238,298.43187211006926,-0.7541178
Y00546,-3140.9788376869733,-294.40336418308743,-1.319942
Y00549,-2965.660534008294,-18.513592935427848,-0.35789374
Y00550,-2313.7607952855756,224.4560939414112,-0.35623944
Y00552,-2949.5936634948243,-403.02804938012264,-0.65345615
Y00554,-2966.9906412697574,-17.203080248498736,-0.25014517
Y00556,-2982.0146452156514,-17.396773014259413,-0.24805945
Y00560,-287.4217776256994,627.6196491314772,1.5875897
Y00561,-2103.127743385756,193.34210072881444,0.3904139
Y00562,-3061.3532544775644,-191.36354776422255,0.59459674
Y00568,-1740.3757483046443,-1.7318482105940487,0.566139
Y00570,-3134.9181552062178,-10.6242991857783,1.7422907
Y00572,-2917.1406502274367,17.66055704454295,-0.70749557
Y00573,-3030.249368486538,-93.74263418285202,-1.1037846
Y00576,-3155.9468941651494,-80.14569133979528,1.5261331
Y00580,-2453.1001659843523,259.1513029334222,0.4813713
Y00581,-2995.7618855177593,-15.269471007757701,-0.059823312
Y00583,-3327.5309938783794,-154.47508065845545,1.4901067
Y00587,-2559.223743726228,-72.17333674940149,2.2826848
Y00588,-3036.990445615939,-73.34003509576144,-0.41928545
Y00589,-461.46349242126985,1011.66908611633,0.76110476
Y00592,2683.7690590209854,-868.5883305300908,-1.1456215
Y00597,-1220.3760026942011,1.407197938604063,0.6021653
Y00599,-2756.744423997077,-245.4233026245715,0.53858954
Y00601,-2731.882712435888,-265.00892694436135,0.5894501
Y00602,-3018.9774789098183,-30.383522887673813,-0.062297843
Y00605,-2704.686365304244,20.87673822714065,-0.5146491
Y00610,-2700.0314366809594,-904.7514381361448,-0.79353476
Y00612,-670.960278819031,534.3289459623985,-0.72656834
Y00617,-2364.977939160667,-76.49456458354261,0.9327593
Y00618,-2995.287674118417,-8.599141063122222,0.07348067
Y00620,-2929.375850298766,4.654790238581344,-0.7650301
Y00622,-3461.7230823049285,-1494.0275620989353,0.5894501
Y00623,-2049.608074651647,-251.46769332163277,2.2466586
Y00626,-2151.8962916773353,-242.36414741190322,-0.52100664
Y00630,-2902.05019718515,-19.837022948856116,-1.0258673
Y00631,-2898.043666382538,-1.547902330857051,-1.0213878
Y00640,-3164.1101197504063,9.901297916766376,1.976829
Y00641,-3169.7062457039874,-15.250492531725161,1.9715078
Y00643,-2984.15602369646,-35.93720581592246,-0.4553117
Y00644,-2978.721677675284,-66.8299589287887,0.19316116
Y00645,-2961.3530628121935,-30.461172969579653,-0.70749557
Y00646,-2886.230172929777,-9.289594896081178,-1.2118634
Y00647,-2759.576358357589,-57.22144499611495,0.3732925
Y00650,-2768.581250855858,-22.51078217109523,-0.5146491
Y00656,-2589.2526077768784,-12.015617356718812,-0.35359046
Y00658,-1529.217408745741,-39.06352516935591,0.61276126
Y00661,-2478.684229102533,-173.38634950953963,-0.35359046
Y00672,-2047.7183810781605,-154.94600368575595,1.7422907
Y00673,-3116.7729106381844,0.004104389335683718,1.5642786
Y00674,-3127.4187850397516,-3.8475512011983675,1.5716835
Y00675,-2661.526651439885,167.57127538376778,-0.18405506
Y00681,-2464.529719236612,245.67809226979847,-0.71513754
Y00683,-1744.347057263929,-162.49161525158178,-0.2456009
Y00688,-2617.6758641138376,-131.879945641643,-0.9851098
Y00691,-4785.573068187395,-2222.030363485887,-0.70749557
Y00693,-3005.951613787863,-29.04961139743668,-0.23915409
Y00694,-2418.44427026588,355.5572350079796,1.040838
Y00696,-3064.056363183088,-26.1449512336934,1.2018967
Y00697,-3060.7476237051915,-16.227570335517346,0.63437176
Y00698,-3001.964486629027,-87.15741726705134,-0.9957057
Y00700,-3559.7514941100403,-1923.4499451082281,0.5894501
Y00701,-2643.7291332603586,-15.430731932272423,0.12322781
Y00705,-1921.4200693785276,111.6629172510049,-0.1480288
Y00707,-2204.7526958281433,117.20202488040611,-1.3199421
Y00710,-3191.346039130557,-11.943635215658967,2.2106323
Y00714,-3186.4527359774315,-136.62315833669206,1.4180543
Y00716,-3028.0891150517873,-64.99030936596749,1.5981857
Y00717,-2954.845311951455,-26.600689120147667,1.7783172
Y00718,-3032.380158547756,-26.401585859528087,0.3732925
Y00720,-3121.4501539322114,-43.6364382802047,1.5621594
Y00721,-3170.398224632403,-25.6941572036324,1.7422907
Y00723,-3074.2126850875043,-95.61852966816679,1.6342119
Y00724,-3078.535149445013,-44.487426493697015,1.6342119
Y00726,581.6181420236613,629.805428263562,-1.0847119
Y00729,-2896.1385638646,-2.953988284370188,-0.88762695
Y00732,-2860.8154487866664,7.088957292922069,-0.9962204
Y00737,-1943.2598496574954,-784.1537594917233,0.5534239
Y00738,-2830.2548612970786,22.373061677666943,-1.2280384
Y00741,-2178.5556518572876,-123.6692007354504,1.2430696
Y00747,-2987.6319422670326,-1.4055890706127558,0.07024801
Y00748,-2921.524633880719,-41.183462129385134,-0.9330513
Y00749,-3063.3567130344773,-48.81502782412591,0.3732925
Y00751,-1874.9878583002749,184.02012626285108,1.8588463
Y00752,-2981.0982672963773,16.630588927738135,1.9923555
Y00753,-2889.9208268431657,-89.76955887396397,1.1722281
Y00754,-2718.425299539437,-35.818859661700316,1.8418927
Y00755,-3127.188059502089,-6.41042471493562,1.8418927
Y00757,-3218.726341104984,-120.45502800380392,1.4180543
Y00758,-1637.2456959023084,-70.95139162228719,-0.08657224
Y00759,-3145.586871822333,-58.456741851648445,1.5621594
Y00760,-2713.1872287545502,-83.57476161561591,1.2018967
Y00762,-2893.524603009515,-13.415080146325902,-1.0614007
Y00763,-2967.605069645369,4.323779037801829,-0.2031278
Y00764,-3107.2848478500505,-96.09354691829458,-0.27518034
Y00767,-2970.145966118381,-50.91654998198238,-0.67146933
Y00768,-3029.6977013049936,-123.94737023080762,0.6085229
Y00770,-2940.3561857189648,12.862946043431426,-0.23703487
Y00771,-2630.6411718730155,-5.391875722790302,-0.9236532
Y00772,-3087.3087029742455,-0.5075638239684525,1.1034586
Y00773,-3126.3844364106453,-37.471986707613475,1.0577916
Y00774,1586.208345791203,23.53562665764568,0.63395315
Y00776,-2158.223579006356,496.88754019621035,1.2463999
Y00779,-3492.2017180520834,-649.0347266223229,0.2652137
Y00780,-3126.676829675394,-176.40283236520426,1.1298442
Y00781,-2239.551157451296,-1623.6899256617528,0.0019105911
Y00782,-2950.6790376526424,-178.99216323162457,-0.3112066
Y00783,-2992.4709096252104,-42.917998541489155,1.424412
Y00799,-3062.432614179802,-1.550320788613251,0.8383589
Y00804,-3127.286262428021,-7.965617042588164,1.5290542
Y00805,-3137.9271445393547,-19.296191145214724,1.5516349
Y00806,-3118.789624004691,-176.86041413044404,1.5431983
Y00807,-2390.2749537489517,304.2001579278109,0.49408647
Y00808,-2812.7740438966744,91.86998365488402,-0.8619448
Y00809,-2576.3037264596655,75.44166905762377,1.7422907
Y00812,-2922.2891763985554,-28.03991066423046,-1.0605531
Y00814,-2732.0899898753787,31.22584793446455,-0.067499496
Y00819,-2928.26965682366,-15.734482283277798,-0.9957057
Y00820,-2912.7465476821326,-47.971819989664866,-1.0181637
Y00822,-2976.491926269733,-14.796706342320517,-0.23809446
Y00824,-2684.0357694084464,-269.06579156913017,-0.029354034
Y00825,-2579.0425251719194,-312.17396722040826,0.7695815
Y00827,-2868.782530704499,-2.2874968496572166,-0.13107526
Y00828,-2880.735188883987,-10.560428716950137,-1.225073
Y00833,-2974.2339676254437,-81.85900459411293,-0.25133944
Y00835,-2983.4048911894592,-10.880277856120154,-0.25116286
Y00839,-2989.865115541448,3.084519147370567,-0.25665256
Y00840,-2955.4985334611124,-14.832569422772906,-0.24797685
Y00848,-2978.116810621902,-75.85522698064602,-0.25266394
Y00852,-3053.0429036333417,-34.27144131066558,0.6143914
Y00856,-3064.5502249615333,-30.71881406375649,0.19316117
Y00857,-3005.188769828049,-1.3914175963167348,0.27457118
Y00859,-3656.2110986942416,-645.824621060432,1.5261332
Y00860,-1851.22146583032,42.25269897991436,0.53858954
Y00862,-2242.6721362583244,-198.42313828996066,-0.580344
Y00864,-2899.6986815458,-28.2074147212349,-0.5146491
Y00866,-2989.2714539694457,-47.682793914499705,-0.029354034
Y00868,-2763.299710993272,57.679042642441566,0.66150266
Y00879,-2884.2247945479944,-10.132388720526546,-0.47438443
Y00881,-2965.356985993023,-61.293552897278126,-0.71022487
Y00882,-3123.1731353317186,-0.8455597492278045,1.8863958
Y00890,-2884.0028080337656,-5.019144392592373,-1.2952077
Y00891,-3028.3682135523777,-36.69179266197795,-0.0033457659
Y00896,-2901.381936125953,-1.6743328327385159,-1.001296
Y00897,-2946.9735251850398,-24.483923800489464,-0.8155744
Y00898,-2955.164341744087,-114.2029270370328,-0.520587
Y00899,-2931.1217524557105,-52.16974134215531,-1.2118634
Y00902,-1183.9246565983492,85.35137075913858,-0.17133993
Y00904,-1632.5426203356417,75.18850496883748,-0.7774289
Y00908,-2894.2385017301326,-9.91197161155085,-1.0953784
Y00910,-3111.072647582139,-129.4850316403139,1.5966194
Y00911,-1938.0846904756036,179.71031764611615,0.6085229
Y00912,-1467.3792024356408,253.65244577864135,0.6021653
Y00913,-2871.4046284456595,1.9218357397800132,-1.2669034
Y00915,-374.8550412845001,-725.3769163083111,-0.9957057
Y00918,362.66589262379256,558.6711203203282,0.09567831
Y00919,-2873.963689026229,35.37945898507043,-1.2178677
Y00922,-2949.6708109766896,-55.6156723584507,-1.2141876
Y00925,-2970.989736154598,-11.702737764526525,-0.4553117
Y00931,-2985.1014527405605,-6.090134420568798,-0.09969755
Y00934,-2769.7846950483417,-848.6185229197158,-0.68418443
Y00936,-3087.9498282188506,-52.06959047680461,0.8357693
Y00943,-3040.2791512384115,-52.25237172861106,0.013029811
Y00945,-2877.8939759794084,7.482010762345231,-1.0847119
Y00949,-3085.438166983665,7.513756070483379,1.0517873
Y00952,-2985.5109033188596,-29.448494328692316,-0.49133795
Y00954,-2660.3699419938944,-384.4016971212811,-1.2259768
Y00955,-1114.8152308748545,-245.92393561924072,-1.2478896
Y00961,-3045.2865047286746,-15.068705485221482,0.46560982
Y00962,-2963.924958077845,-7.363484870437306,-0.05902273
Y00969,6137.407730381706,1107.7287360503778,-0.44471574
Y00972,-2882.357428592786,-93.79512163150363,0.5322319
Y00973,-2856.87340294358,-126.21229573178906,-1.2609901
Y00978,-4014.1610098153997,-1794.8128166503336,-1.1398108
Y00982,-2738.2925923479497,-296.73308561215634,-0.88762695
Y00983,-2861.2343433949795,9.262229876788458,1.6342119
Y00984,1027.151744308608,-254.48337171837989,1.8287538
Y00987,-2940.759916348014,-70.26615655892223,-0.23915409
Y00988,-2229.0460334616637,-557.1511900439086,-0.18405506
Y00990,-2995.8589851131323,-45.91012909710753,-0.65345615
Y00992,-2944.973778611286,-15.7759795530447,-0.6179758
Y00993,-2936.9617695806232,-76.28780074870575,-0.15296464
Y00995,-2941.7944091255827,-43.86481729152005,-0.6040248
Y00996,-2372.680934517046,224.0180593679729,-0.61213195
Y00997,-2943.5730216786123,-18.382282230177697,-0.61213195
Y00999,83.09614819859483,1498.8225681522656,-0.078095466
Y01002,-3103.2692607485496,-18.196475583290344,1.0577916
Y01003,-2206.748044493341,-105.02362260080093,0.07024801
Y01007,-3054.8577297150496,-21.25727846561439,0.40931877
Y01008,32774.51040154266,10884.363420116078,0.47501373
Y01009,-1874.8065435000365,-137.90442612786225,-0.34723288
Y01010,-2956.272908710081,-5.252810742437101,-0.4800356
Y01011,187.0775429761795,214.20020279866512,-0.43200058
Y01013,-2953.237454038291,-29.213480618947468,-0.47246706
Y01014,-3007.9480131712653,-75.13420236496985,-0.9596795
Y01025,-2552.3231870703135,-131.47869101677736,-0.88762695
Y01026,-2990.3262295094783,-250.7316003054947,0.9857391
Y01027,-3445.788444756792,-476.48318531350105,0.9857391
Y01028,-2937.1096420548097,5.538046957245975,-0.46344665
Y01031,-2187.5067242832447,-78.34411917765142,-0.52736425
Y01034,-2879.106040842309,37.886774856294416,-0.2031278
Y01039,-2936.578517991626,8.694264048735333,-0.06674264
Y01049,-2496.5142718606076,243.38957907881428,-0.63913804
Y01050,552.8574695210799,-15.110368836053043,1.371432
Y01051,3441.7632277064226,2222.2298752391634,1.371432
Y01052,-2840.045418406859,35.59407351076287,-1.0434026
Y01054,-2919.3233277300696,-22.07377565971117,-1.0212516
Y01056,-3058.6975550056004,-42.744958573506956,1.4540806
Y01057,-2701.2464396255814,31.269061364549064,-1.2288169
Y01058,-3110.1855576398293,-188.7719916272957,-1.1037846
Y01061,-1621.0835780319692,241.44243411128252,1.2315655
Y01063,-2921.163441951531,10.231139172653544,-0.44471574
Y01065,-2462.31262596854,-73.89936213862464,0.19316116
Y01066,-926.5465698093369,288.8238483191523,-1.0614007
Y01067,-3065.192409336181,-19.751403197899688,0.74665564
Y01068,-1130.0454235253712,-187.37390981985928,-1.2288169
Y01069,-2542.671908590345,-181.72199689226227,-0.23703487
Y01070,-3024.8595578520262,-90.03671542306643,-1.2118634
Y01071,-3014.717659551164,-9.576227319647154,0.269774
Y01072,-3240.553910670136,-69.9856541001259,2.1025534
Y01075,-3081.684856495297,61.743720415607356,2.0220242
Y01076,-2677.276380253313,-38.14618184406197,-1.2563664
Y01077,-2847.2950293413537,-79.28899634252717,-1.2478896
Y01078,-2948.446319944783,-47.53349014950499,-0.9957057
Y01083,-2024.091472823066,5.810188106697181,0.6021653
Y01085,-3179.0367324689882,-19.298065587053113,1.8791906
Y01086,-2602.715157679975,-231.54244485045285,0.53858954
Y01090,-1755.285353147381,114.86923768224267,-0.3472329
Y01091,-2903.595851690509,34.95302909245011,-0.061943777
Y01095,-3091.85224764216,-11.310513845761612,1.093818
Y01097,-2982.441578653034,-105.4357073210782,-0.6747444
Y01101,-3163.609118321516,-15.995768172062837,1.9713533
Y01106,-2976.175500492172,2.4601303015356635,-0.06781984
Y01108,-1519.6858112575128,251.03349324163156,0.66150266
Y01110,-2960.1662197842543,-19.987986067894884,-0.46161628
Y01112,-3055.2714461089276,-12.00067560858935,0.66150266
Y01116,-2989.737977874416,-78.230440002284,-0.5994168
Y01117,-2593.6915257343603,-54.79284304945006,-0.059022725
Y01118,-577.4249168550974,228.9511730776397,-1.021136
Y01120,-3056.0079603101794,-39.68562942192839,0.18801455
Y01124,207.7941391449155,182.813418298604,-0.8028592
Y01126,-1457.953218881451,197.90759827844892,-0.23703487
Y01127,484.9290711334372,642.2413808005042,-0.59094
Y01128,-3147.614811645041,-52.82276235516342,1.8503695
Y01129,-2317.0209581613453,323.6410415011814,-1.2563664
Y01130,-2947.0824372719253,-19.68082956330994,-0.61154443
Y01132,659.1877008064552,453.94375625928,0.3499814
Y01133,-2457.2036006163453,220.76233662973604,-0.9130572
Y01135,-3144.1482091517955,-47.61275401766917,1.9944746
Y01137,-2906.579411905127,2.2376071565279694,-0.92230225
Y01138,-2936.699895477689,-17.257135252729988,-0.2215242
Y01139,-74.40339970933056,304.8243200913299,0.11263186
Y01140,-2986.148461324915,-30.055087052845867,-0.38325915
Y01141,-2941.629937753037,-27.234558612857047,-0.24788772
Y01142,-3181.9534505745714,-8.202645746674492,2.191014
Y01156,-2749.8484144663475,121.71871095083048,1.778317
Y01162,-2989.6413179385804,-51.19442840049982,-0.45175982
Y01163,-619.7098243236305,1019.0981424712846,0.6551451
Y01165,-1394.8196041417307,103.4056076849441,0.8501108
Y01166,-3052.644686180924,-48.33077823925648,1.4772131
Y01168,-2947.456706501707,-6.686526746880697,-0.6105974
Y01173,-2219.8551456195255,18.07448643479873,-0.27518034
Y01174,-3148.6056733483297,-8.192616452885579,1.7422907
Y01175,-2943.2671627052955,39.212332775090566,-0.022996461
Y01176,-1837.5803925531914,310.3754324517477,-1.2288169
Y01177,-1145.107263284316,148.25966312710264,-1.3199421
Y01184,-2931.85151739759,-18.01526057523364,-0.8155744
Y01186,-2967.711477371322,-18.709377781497817,-0.2396762
Y01187,-2964.2081290274673,8.125387100262353,-0.23400746
Y01188,-2946.3954419728607,-1.5956438178429926,-0.74352187
Y01193,-3067.9175782885122,-17.55489669655,0.66150266
Y01195,-3012.700393617107,-13.595064399725356,0.17658907
Y01200,18.61216090626378,662.2817158030908,-1.2478896
Y01201,-3161.520203276371,-22.694671650566097,1.7783171
Y01202,-3109.761811003755,-21.809429711009198,1.237923
Y01206,1185.4107847449084,36.963825196203956,-0.43200058
Y01208,-3191.1060793600814,-32.980754192090544,2.0665271
Y01209,-2894.3416775070646,0.9802826486797225,-1.0041825
Y01215,-3150.4281624857645,-11.684622337099672,1.7422907
Y01221,-682.4146446407133,336.94377210634303,-0.3472329
Y01226,-2974.1618836033144,6.562862889808224,-0.08818685
Y01231,-1809.337682654298,-306.7638148142682,-0.23703487
Y01233,-3057.8870975520344,-2.7843448514036893,0.7609352
Y01236,-3041.3532294150423,-4.469883624758638,0.6085229
Y01242,-2891.4941915394616,39.9161870243167,-0.21349151
Y01243,-2811.797925965286,-2.4317805799479184,-1.2923926
Y01249,-2856.271096685874,-48.34495249214805,-1.3199421
Y01250,-3214.12945740938,-63.004917365716004,2.030501
Y01253,-2946.6913329644167,1.8942335293284664,-0.4553117
Y01259,-2914.4866106893064,-11.47387531422724,-0.9236532
Y01260,-3177.898227923945,-23.434396167412746,2.0282953
Y01262,-2897.7502188494836,1.5694364941317493,-0.9322139
Y01263,-2910.6031601059162,41.60810120720805,-0.56819403
Y01264,-3050.7729395200445,-39.36538873153956,0.55724484
Y01280,-2198.174741219027,44.19416287185935,-1.3114654
Y01281,-809.9371223913419,-128.61759575629952,0.2122339
Y01282,-2935.3449350726437,0.5261028192845529,-0.5762841
Y01285,-3049.820173530476,-0.6097077607067598,0.9710345
Y01287,-2712.490196839021,-243.75997258068958,-0.6374727
Y01291,822.8802079386971,153.540409034525,-1.0910693
Y01297,-3051.5880415559664,-4.272871270823801,0.76749307
Y01298,-3166.940004154906,-8.68922403417557,2.0940766
Y01299,-2892.467879431531,-9.542072071116062,-1.1037846
Y01303,-2628.3023802530447,188.8792032822342,-0.83292043
Y01307,-3081.6732663470225,-17.74621086729174,0.89509237
Y01310,-3019.665656133972,-14.112068094402922,0.17704414
Y01619,-3088.014764363464,-37.01511206361779,0.4813713
Y01620,-2913.7674216347136,-16.92522847937129,-0.55264586
Y01621,-3070.8741848360937,-36.41177634361349,0.4813713
Y01634,-2935.615054997567,-5.0149647625745715,-0.7470244
Y01635,-3542.7815450307944,-570.4539254162406,1.7422907
Y01636,-2979.623077172606,-35.75881010468675,-0.5098379
Y01640,-2921.0203366901333,-23.501023596487233,-1.031732
Y01649,-2971.389495700151,-4.672060223677573,-0.22323549
Y01651,-2915.8196796551233,-23.279907965905586,-1.175837
Y01652,4786.923181828414,949.7025148050745,1.1722281
Y01655,-851.6796975355121,782.1389904697595,-1.0614007
Y01660,-1827.7310263445283,-300.3186006209896,2.0220242
Y01661,-2907.0373159641504,-23.17212355621785,-0.96256155
Y01663,-2964.3514752979895,-32.94271706615793,-0.9220156
Y01665,-2921.3588609569933,3.0768543342233956,-0.7791768
Y01666,-2924.049925393266,-1.2476940687445532,-0.7774289
Y01667,-2918.453307526338,-0.2720481415289845,-0.5938743
Y01669,-2962.390387799672,-33.13590856665974,-0.67764527
Y01673,-3011.672990173687,-4.671291634898264,0.18446516
Y01676,-2844.4519429800716,-3.5890666625620757,-1.2564503
Y01680,-2383.1622208697027,-1028.1715508308112,-1.2118634
Y01682,-3128.4135597414165,19.285509837908595,2.030501
Y01685,-2963.972154114246,-11.191690482168058,-0.37478238
Y01686,-3015.60319990927,-46.61205532476041,-0.38325915
Y01687,-3065.88125054745,-87.92725823725367,-0.06073826
Y01689,-3189.8699607608655,-19.8222001455241,2.2101705
Y01690,-1950.3722554631183,810.79089731784,0.63589364
Y01691,-2917.322235851154,-15.639754333954809,-1.0533478
Y01692,-2920.5083779154775,-40.16232540253001,-0.98012686
Y01693,-2890.058827133474,-14.136358621814383,-1.2478896
Y01695,-1551.6198555025442,6.997884144451717,-1.3199421
Y01696,-2984.6108230998643,-13.81074059897706,-0.065154865
Y01704,-2970.2174804061356,-22.368230056632374,-0.43809912
Y01705,-3229.55673817684,-65.84476505736151,1.7422907
Y01709,-2952.6249580820613,-28.750571703324912,-0.79564494
Y01710,-2923.829535918605,-34.09898596602083,-1.2118634
Y01712,-3045.1844836833675,-56.42740270072286,0.349275
Y01716,-3105.0220507770546,-171.05852920521735,0.58640563
Y01717,-2290.055819271354,242.7052130291706,-1.0041825
Y01718,-2705.7362951619066,13.224015972438275,-1.3199421
Y01719,-872.3088918042627,267.3429550420491,-1.3114654
Y01723,-2909.927285450527,2.335421865617993,-0.18405506
Y01724,-2957.037386604671,-8.410031360231807,-0.18405506
Y01726,-2832.782918826494,-13.884271892129094,-0.93213
Y01727,-2988.3575434357786,-27.06869148850784,-0.5994168
Y01730,-3130.7438833002116,0.6690996808808095,1.6844591
Y01731,-2991.467487587047,-45.64083321598788,-0.23799193
Y01732,-2928.118265857689,-25.832782235474014,-0.89792013
Y01734,-2945.867615665614,-28.727687745660337,-0.73915505
Y01735,-3057.991930161722,-13.676840071910222,0.85019475
Y01740,-3044.3514437399713,-131.0218772500515,-0.63544303
Y01741,-2985.646353181529,-24.981860003200417,0.4813713
Y01742,-3058.5855684313865,-25.244819598690537,0.49228835
Y01746,-2445.079369341571,50.20903753447177,-1.2288169
Y01747,-3054.1207448958676,-4.373148442413569,0.75474715
Y01748,-2918.4847496154093,18.899446723024095,-0.92005056
Y01749,-2975.835118086098,-20.22238990761552,-0.20996822
Y01755,-3001.9105296003804,-0.34375909629689455,0.09228761
Y01756,382.2733582003963,-70.70197812393673,-0.08445303
Y01764,-2893.491122957701,-29.585199680389948,-0.70749557
Y01765,-3159.25482933567,-3.561141261221788,1.9508427
Y01771,-2972.6032400346044,-21.76915663430274,-0.35924166
Y01776,-2993.5847664680996,-14.472835142630451,0.013029811
Y01778,-3091.0656668701613,-10.525905758651488,1.12032
Y01783,-3020.645540824323,-111.12079228985976,-1.0677583
Y01787,-2984.5398457393303,-56.37853729364039,-0.9957057
Y01791,-2930.9598356050938,3.3020426658107644,-0.63544303
Y01792,-3087.2928535981955,-530.7932855562678,0.013029811
Y01793,-3040.048999539071,-18.83413682092145,0.3732925
Y01794,4874.4615254186265,843.9448455457391,-0.49981472
Y01795,-2032.1578765114928,68.3430964435921,-1.3114654
Y01800,-2917.4227453235,-10.622571474624316,-0.8653064
Y01801,-3075.5464893934886,-11.466860530140076,0.85149837
Y01802,-3180.232743099545,-4.1219533593555076,2.1670215
Y01803,-3118.7575482520574,1.3635080442431804,1.5115138
Y01810,-3024.2836244479286,-5.7718166467509,0.4262723
Y01812,1313.7774634136717,-212.68436876880958,1.1849431
Y01815,-2464.6661953172093,-127.35472587469174,-0.08657224
Y01821,-2889.621777029823,-15.920620741480116,-1.3199421
Y01823,-3330.3700732758903,-181.34284584217076,0.7695815
Y01827,-3106.9092188702502,-46.3219333328204,0.8056077
Y01828,-3051.283034415608,-49.441546217759736,0.04905608
Y01834,-2871.909169535405,-35.83829510201752,-0.9681563
Y01836,-2921.1692502068836,-16.89249902905787,-0.89039814
Y01838,-2647.6404941949654,-72.19388425073714,0.53858954
Y01839,-625.1232350773413,129.8914650518374,-1.0910693
Y01841,-2991.833164496583,-53.27186679985534,-0.8124417
Y01844,-2934.766740692338,-44.46225807079966,-1.3199421
Y01845,-3041.161048829672,13.001753621241699,0.7907003
Y01851,-1751.4916791430546,-16.777298145777323,-0.20495193
Y01863,-3019.000710250491,-20.116789244428926,0.17910212
Y01865,-3383.3428052883655,-734.5276125684479,-1.1398108
Y01866,-1873.6685309007653,160.9199507754744,-1.2288169
Y01882,-2891.270046973502,-190.83282114372548,-0.23703487
Y01884,-2976.5956382293793,-6.341007951446813,-0.23915407
Y01885,-2882.0568634716087,14.765447154793932,-1.0017102
Y01886,-3160.2664342198677,-89.98919707119204,0.5534239
Y01894,-2930.2914429889506,3.8960264640001263,-0.3472329
Y01895,-2971.470978681152,-50.038149105425624,-0.8155744
Y01897,-745.9406249845051,354.1680434542972,-0.3663056
Y01900,-3271.215497163959,-284.06916267532165,0.9497129
Y01909,-2982.880282186907,-31.362392654083266,-0.20736618
Y01912,-2970.652191037036,-33.887244365414695,-0.25662136
Y01914,-2936.2129005174083,-12.062802044894577,-0.45914426
Y01915,-2968.5827978827515,-10.448449724763414,-0.27518034
Y01918,-3225.619894638777,-42.735651677713065,2.1025534
Y01920,-2793.5478258934836,115.60275118128438,-0.24430068
Y01921,-3148.2875689291204,-23.958874355581223,1.5261332
Y01922,4151.180268359088,7.841034941067289,1.371432
Y01924,-2733.1461521927663,-5.452503945489159,-0.45107332
Y01928,-2946.5192034693737,-28.331487937551536,-0.45531172
Y01929,11304.89212136675,9658.097163721262,-0.2582268
Y01931,-3091.308124489369,-9.46397940016322,1.1769962
Y01935,-3086.25585856041,1.6339653776531793,0.9448002
Y01936,-3196.0669742924783,-45.27660268578897,1.7062645
Y01943,-3012.88380101025,-17.970675986072678,-0.2327965
Y01948,-1890.9013970579724,318.2331303453091,-0.5994168
Y01949,-3029.500608548093,-128.80899852302514,0.33726624
Y01950,-3096.3784759371188,-8.479792720209351,1.1377621
Y01951,-3102.3961634242064,42.91673482775598,1.5837752
Y01952,-1750.3622388618253,400.5118934284885,-0.23703487
Y01953,-2874.0265708948887,20.705913537575267,-0.5479507
Y01956,-2843.367853717346,47.077923634084065,-1.0058779
Y01957,-2970.0588611012085,-9.216228205938107,-0.34966162
Y01959,-3137.043732339149,-22.419723106532132,1.3454299
Y01960,-2839.7131768072127,-43.026870023096464,-1.0571623
Y01962,-1382.276955290589,584.7473704804192,-1.0586569
Y01964,-1221.3531857029332,935.6768090999376,1.7867938
Y01965,-3181.1838002225127,-20.047149530367978,2.0665271
Y01966,-3098.7881605309403,0.7609036393228292,1.3396442
Y01968,-2920.802184456927,27.13908257036129,-0.08657224
Y01982,-2908.7526190850244,-46.63028638210516,-1.2262739
Y01986,-3006.799423544544,-99.91986982262972,-1.2118634
Y01992,-2969.3068598387304,-28.37865428087362,-0.42419812
Y01994,-2011.4103449443942,458.28501618989736,-0.3663056
Y01998,-2889.0141102860202,-12.587010873619114,-1.3163903
Y02000,-3087.892065348953,-39.737302269257626,0.5173976
Y02002,-984.3973286132426,828.2426137523303,-0.24763085
Y02005,-3171.4470027195944,-15.415854106897973,2.030501
Y02011,-2994.0097481953485,9.68450999979629,0.23108356
Y02012,-2824.955955754744,-29.02150531780886,-1.2288169
Y02016,-2929.129316905848,-44.27409086085447,-1.2839159
Y02017,-3058.6490101984978,-151.16289207230517,-0.70749557
Y02018,-2579.331757308706,-64.16265441239004,0.6021653
Y02019,-2961.9507166035983,-51.96579006074223,-0.74352187
Y02022,-3041.3943887868622,-40.41176394627269,0.22918743
Y02025,-2951.448145111877,-1.7743244081326992,-0.27518034
Y02026,-2904.7062271313816,-21.69164274121572,-1.175837
Y02029,-3052.5050621654823,-4.845273359771081,1.2315655
Y02041,-2966.705988961276,5.340472873332312,-0.24673855
Y02045,-2953.8656331992347,80.75371168234372,0.593498
Y02049,-3197.6645971628664,-9.914285255399758,2.2466586
Y02051,-3123.3710246542755,-52.088333830561695,1.5467196
Y02052,-3084.153940175394,-36.92122622283532,0.5534239
Y02059,-2956.2075948934407,-12.297040997187525,-0.4477897
Y02064,-2118.1497068926546,-58.87118453905798,-0.029354034
Y02065,-3135.761363774257,43.0712065423291,2.1071386
Y02066,-2938.913123884349,11.321607761497138,-0.5633905
Y02068,-1444.9059943868444,-97.09756552543917,-1.0931886
Y02071,-2073.8115908199543,-138.4769317555792,-1.3199421
Y02077,-2316.5595650940277,30.027158712496153,-1.1588835
Y02080,-2074.1811649084884,724.9173260869547,0.76110476
Y02081,-2371.7797645760415,-2.864181430874622,0.76110476
Y02082,-2372.8015763106478,65.05039253877217,-0.7731905
Y02083,-2949.3525673166246,4.463945681102772,-0.5227562
Y02084,-2912.5896554746146,-7.066150628510225,-0.9236532
Y02085,-2912.945740869274,-13.17969827755705,-1.0044153
Y02090,-2946.5577683090746,10.536876879069812,-0.6674664
Y02092,-3201.8548279473976,-101.77105741898734,2.030501
Y02102,-3082.914330289394,-32.01957409950819,0.6254764
Y02112,-3102.4640328516866,-1.5236765754598893,1.237923
Y02115,-2870.3207287854093,-1.4367339159088894,-0.4616693
Y02117,1069.2717644522897,789.4181599033369,-1.0614007
Y02119,-2981.7587854060603,-66.73698552230704,-1.0004047
Y02121,-458.47208602406624,-207.6569921264327,1.3820281
Y02125,-3034.963231470474,16.23000991022971,0.9945023
Y02128,-3159.854018071266,-49.254838668994736,2.2466586
Y02129,368.550256324086,562.4295255053527,-1.0486854
Y02131,-2947.414843296918,-15.240672038887354,-0.67146933
Y02132,-3175.4006712395894,-8.428201100299136,2.100796
Y02139,-2943.587847529241,-26.70899083707879,-0.77054155
Y02141,-3370.695552681036,-279.90928626887876,1.7422907
Y02146,-3143.508009834778,-4.44431528274091,1.6789719
Y02147,-1910.5149328687753,731.6406970346624,0.8329877
Y02148,-2947.9277316651514,5.22186116728461,-0.45619038
Y02151,-2936.9849977898994,-10.873483948596888,-1.075212
Y02155,-2968.416176879146,-40.75046513354852,-0.5633905
Y02157,-2905.66005099419,-32.576199792893334,-1.2839159
Y02161,-2994.7813398924636,-11.219929020012053,-0.02299646
Y02162,-1762.3196056866054,-383.37625984288724,-0.22591993
Y02163,-3101.661110820393,-46.019572397098685,0.5534239
Y02164,-726.4051277889342,-476.5720363285658,-1.2118634
Y02167,-3029.767926796591,-12.537730385991322,0.68023634
Y02175,-3176.0679905192924,-0.371658215847748,2.1697733
Y02176,-3206.8541669297583,-49.3989794270549,2.1691682
Y02177,-883.1988228183221,638.3732590669821,-0.099287376
Y02181,-423.03405366054665,11.099524505544457,-0.5633905
Y02182,-3173.486088418919,-410.1120792073528,0.97903657
Y02187,-3041.294964566197,-1.4809744379375656,0.67038584
Y02188,-3134.717094606526,-39.226048491189495,1.3453912
Y02192,-2976.046840109002,-227.2578293988225,1.1917245
Y02193,-2922.592052810251,-55.24215587476144,-0.91606873
Y02194,-3106.6037734373094,-0.8918150316402411,1.7634827
Y02195,-3397.5044297824143,-624.5035679293323,-0.70749557
Y02197,-2926.628416896207,-30.69490696820278,-1.1695716
Y02201,-2874.705622392774,21.30151927043003,-1.175837
Y02202,-2922.3270038212613,-17.40958763597269,-1.175837
Y02203,-2909.1213229542823,-24.317648311935123,-0.9322139
Y02204,-1492.835386930409,-193.63789779052019,-1.2563664
Y02208,-2834.855941655402,52.02609033720774,-1.0914468
Y02209,-2892.2982464595,-27.349959621823036,-1.087409
Y02210,-2820.432040946233,-42.30917952430017,-1.3199421
Y02211,-2686.592015085445,45.82918379764558,-1.3199421
Y02212,-1451.0225155183439,389.64871155683545,-0.08445303
Y02213,-3092.2403263510832,-33.07461189194301,0.9857392
Y02222,-582.7898079641395,194.4229295793213,-0.7541178
Y02223,-3058.108053880944,-6.042800493979555,0.66150266
Y02226,-3088.507929432458,-82.68252437684703,-0.17336698
Y02232,-3143.5931654400288,-34.659211382725594,1.6342119
Y02233,-3140.7957375402825,-35.695182230518185,1.6342118
Y02234,-3148.599486710957,-7.6926352870335215,1.6342119
Y02241,-3159.591936632131,-30.264470913476682,1.5621594
Y02245,-3081.562764633592,-16.612558412895307,1.0419157
Y02247,-2977.828172801206,-2.7266846148581725,-0.14966947
Y02248,-2995.3959710592835,-138.60939216911916,-0.1376255
Y02250,-3144.4960426239486,-21.54681736918835,1.5710427
Y02251,-3133.930219111086,-28.68516127056849,1.6342119
Y02256,-2979.0676759869366,-2.886187799872798,-0.14836787
Y02260,-1890.831097295083,70.17328917656484,-0.60577434
Y02262,-2950.333498897505,51.22328850936711,0.3732925
Y02265,-3067.0683397623575,-26.36080721037548,1.3099755
Y02266,-3028.3225452615857,10.879925414021566,0.5318081
Y02273,-3112.5762351129683,-65.56628722221409,0.4813713
Y02274,-1163.1141952176365,445.857156837024,-0.18405506
Y02275,-2899.374597154431,-21.98379360513316,-1.3199421
Y02276,-3060.743880762174,-27.644687063958003,0.5173976
Y02277,-2914.3881384059205,-29.958908399716144,-1.3199421
Y02278,-2831.4045049174933,-4.581475391927675,-1.3199421
Y02279,-2964.6123895221504,-79.54569712396606,-1.3199421
Y02284,-2956.2092711781243,-10.308285982685227,-0.43729854
Y02285,-2853.273516813618,8.172110305283601,-0.9236532
Y02286,-2311.715745101799,181.0166230955677,-0.9151764
Y02288,-2977.5987543772453,-4.433849626785288,-0.24608222
Y02289,-3010.887745394467,-89.26727049699127,-0.23915407
Y02291,-2859.2508997371747,-15.316073329277115,-1.1712183
Y02292,-2908.398518294396,-31.210460817004773,-1.0910693
Y02295,-2905.3429769105646,-14.929977603526677,-1.1075113
Y02298,-2959.3867555167653,-50.811063974507846,-1.2147455
Y02299,-2922.3188653654283,9.032140638503819,-0.05902273
Y02301,-2962.9786624353396,-52.53284656039081,-0.9596794
Y02307,-2945.0266326941023,-2.2122263101077113,-0.47332484
Y02310,-3112.3006509221545,-10.615892217279072,1.541573
Y02311,-3082.915019725103,-56.61752588880056,0.19316117
Y02314,-2915.905230168908,-50.103816972575196,-1.091331
Y02315,-2889.7476657987118,-17.648628794712703,-1.116453
Y02318,-2935.4747217518084,-14.965056250341052,-0.6196507
Y02319,-1379.9487546891492,483.73687664989063,-0.6778269
Y02321,68.23725805431901,274.43956202251036,-0.6778269
Y02322,2356.7025337188093,566.2903741071462,-0.18405506
Y02323,-2860.8431203903915,-81.08397859638262,-1.2118634
Y02325,-890.4139563781039,464.315971991114,-1.3199421
Y02327,-2891.314336771628,-5.205764996777253,-1.1398108
Y02330,-2632.6097752183755,94.75211463279717,-1.3199421
Y02331,-3181.698734729804,-72.96386848643664,1.2018967
Y02332,770.7612152391504,75.49095964110413,-0.8537199
Y02333,-2975.412995036298,-12.066050123901427,-0.24679603
Y02342,-481.86938116905054,543.126228296046,-0.35782886
Y02344,-146.09721083838875,453.1440825734574,-1.2478896
Y02345,-3072.9509050390247,-80.89885267189999,-0.23915409
Y02348,-2935.886622564374,-29.59542347197254,-1.2118634
Y02352,-2905.9259883608615,7.716495101075527,-0.4616693
Y02354,4669.184297537686,233.88332408208862,0.08508235
Y02361,-3032.078891706267,-2.4698468694088413,0.60946476
Y02364,-3160.1480589709745,-15.898855914367545,2.2021556
Y02365,-2622.4073305634174,-881.9152124788828,-1.175837
Y02370,-3177.066823503326,-9.703470775744611,1.9706607
Y02371,-3184.026301347894,-24.71189438777398,1.9757775
Y02372,-3169.0800546800842,-11.437886533918464,1.9751878
Y02373,-2948.0512366130624,0.8654828697772574,-0.45531172
Y02377,-2937.840759306589,-8.726975404735752,-0.70749557
Y02378,1108.7104439457548,518.4583182213195,-0.7774289
Y02379,-2716.49624358496,-452.424180698031,1.9224222
Y02382,-3050.8775929947933,-24.264156425044167,0.49110815
Y02384,-2572.2768980282704,-50.429875186019245,1.2018967
Y02385,-2966.995094783371,-74.01660740052559,-1.085332
Y02387,-2905.682104439286,2.8142016691488787,-0.8070976
Y02389,-2599.5882940333117,103.9349646673238,0.20489065
Y02390,-2536.014317493691,-972.1262674507875,-1.175837
Y02392,-3117.2526343060067,-60.96429484912073,0.5173976
Y02394,-2909.38096071936,-15.311129928259236,-1.0677583
Y02398,-2841.649337109371,25.47101885080623,-1.175837
Y02403,-2700.31358907725,4.398991051762568,-1.2288169
Y02404,-2428.6980534166914,154.6996087611032,-0.13107526
Y02408,-2903.835474404731,-20.640805757523108,-1.0843858
Y02409,-2954.5280799329494,-17.245748913765453,-0.45107332
Y02414,-171.69893850680242,1060.5840314004613,0.08508235
Y02420,-3003.6412509241845,-13.209099156295483,0.04905608
Y02421,-2308.3671396351765,-155.18980790206666,-0.27518034
Y02422,-168.85675232256176,282.52792622847426,-0.27337903
Y02423,11217.91500022018,2446.7970121117514,1.0111694
Y02424,-3441.31412608267,-860.4655600290737,-0.49133795
Y02426,-3095.719111460454,-17.442837506642004,1.2739493
Y02428,-2547.68285052798,-145.41575880640093,0.39024603
Y02429,-2963.9912817298245,-145.56794983348453,-1.2478896
Y02430,-2850.463843689556,-19.692231109588565,-1.2282714
Y02431,-3058.251381983123,-28.307162321927006,1.7783171
Y02432,-2908.641774273109,-22.67243884774605,-1.2118634
Y02434,-3113.4148667453287,-6.24533115112315,1.7678999
Y02436,-2877.2050694777445,-122.89477673654106,-1.2176608
Y02437,-2941.6527976204434,-130.5617674199482,-1.2128782
Y02438,-2860.0442531733834,-16.567469497859815,-1.2172006
Y02439,-1876.333432153079,-73.11269194106389,-1.2288169
Y02440,-2432.4331633480924,-448.57400169584,-1.2213998
Y02441,-2704.622628082293,72.97889767050754,-1.2293307
Y02442,-1606.3536230185073,60.98936803824392,-0.3663056
Y02450,-3158.3319873011196,9.856792024320574,1.9566472
Y02453,-2834.266952218284,12.997858575586699,-1.2473675
Y02456,-2872.2183760349853,-42.46706002722209,-1.2374724
Y02458,-3085.8560702919954,-14.49930853694979,0.9699776
Y02460,-2819.386589091891,-91.80528803300108,-1.3199421
Y02461,-1077.631328776953,505.7274729718314,-0.02299646
Y02462,234.01329297410302,464.95471240504935,-0.06884807
Y02463,-261.7494476074028,432.53200103648066,-0.8537199
Y02464,-1930.0575333059894,61.43350982799028,-0.88762695
Y02465,-3124.041728767697,-2.680743375557775,1.8365514
Y02466,503.1202079682152,1432.9677602534969,0.786535
Y02468,-2926.1667363617203,-19.986003703389095,-1.031732
Y02469,49.107465384827535,1456.2102687184247,-1.1588835
Y02470,-1865.896688977327,563.8917345072822,-1.1588835
Y02471,-583.4371962382198,454.6715119064199,-0.072220474
Y02472,-2567.8209208587705,-451.709356875188,-0.02299646
Y02476,-1880.6637666845224,156.38926588076725,0.23766421
Y02477,-1382.9914465835802,283.4107896044761,-0.88762695
Y02478,-3080.9686263039657,-18.831212266541744,0.9610047
Y02482,-2924.494422679331,-5.416456036098276,-0.7995627
Y02483,-71.61633902973412,154.85426632299317,-1.1398108
Y02484,-2938.674363009774,-48.74042622312047,-1.175837
Y02489,-3080.733616461214,-10.08178380618739,1.1217092
Y02490,-3067.580418059311,-8.046553298736699,0.89478165
Y02492,-2850.1099154202043,-9.65234413599607,-1.0944995
Y02493,-3155.1576513030523,-80.1521324055983,1.2018967
Y02494,-915.5729327669098,777.1611339905357,-0.24763085
Y02495,-1735.1399366920148,159.38637979007862,0.6085229
Y02496,-2144.5317680210073,-207.98125769391754,-0.9596795
Y02499,-1639.6528097701682,205.46618506299185,-1.1398108
Y02500,-3042.9103533038033,-294.01711320555887,-1.175837
Y02501,-1370.3412603442926,47.995823568778135,-0.9661903
Y02503,-3755.910191432405,-1290.9064092411495,-0.70749557
Y02504,-2951.3460005212232,-42.29368866672886,-0.18405506
Y02506,631.5514538355447,1082.167903957019,-0.3980935
Y02507,-2860.386363815376,0.535847377233113,-1.2839159
Y02508,-2774.306592136091,11.450431258523281,-1.2839159
Y02509,-1631.163243914093,-212.70578537499546,-0.5443178
Y02510,493.65227357828337,1691.1879986643505,-0.7774289
Y02511,-1215.5577342400131,-325.3101190450562,-0.7471245
Y02512,-1829.77133094596,315.75361784078086,-0.9236532
Y02514,-2421.352218212391,278.9535257083019,-0.22932874
Y02515,-2780.077153804666,5.4320880862143195,-1.2839159
Y02516,-1903.2509745838838,205.25238356610166,-1.2839159
Y02517,6645.821782600166,1225.4086815439134,-0.52100664
Y02519,769.901551455457,1967.5414077054188,0.20163792
Y02520,-884.662255438194,483.0561132383033,-1.3199421
Y02521,3599.092704487586,2156.3514916065906,-1.1482875
Y02522,-2714.7409128856657,-124.24316778752869,-0.7541178
Y02523,-2148.7119552890285,191.10717720275636,-1.3114654
Y02525,-2183.731777538115,-13.380624953404826,-1.1037846
Y02526,-1200.9616261437989,316.3974004221977,2.0940766
Y02527,-3090.548262120782,24.776003941657063,1.7634827
Y02528,-2986.2028325108336,9.935667421391877,-0.09315287
Y02529,-2339.868603155249,-274.9242959681007,-0.2031278
Y02530,-2910.8511471539146,-21.522927438885397,-1.175837
Y02531,-1431.6747583957444,287.0355516569059,0.33726624
Y02532,-2419.6310968213315,296.17611451887814,-0.23491567
Y02533,-2824.7950228141967,7.751357290429355,-0.23491567
Y02548,-2907.009113002888,-88.56148051118035,-1.2174059
Y02549,-2695.245131610869,39.74961640269839,-1.2298765
Y02556,-3174.554212468858,-38.50527136029937,1.7783171
Y02557,-2916.866005375853,-55.25597105029559,-1.2193171
Y02563,-2895.8724603679866,-14.66596066666394,-1.1572301
Y02564,-3189.8339347905494,-25.38271587616753,2.2826848
Y02565,-1587.0527647958486,436.6261968011952,-0.27518034
Y02566,-2015.548037258658,239.77294383538566,-0.2751803
Y02567,-696.7837943461807,494.77573548817696,-1.2288169
Y02568,-784.6746924717876,21.555655855466327,1.0577916
Y02569,-2623.291258936228,-156.52672061447683,-0.16710153
Y02570,-1306.8614165818706,69.70155831376816,-1.1465658
Y02571,-1303.854181608983,375.23815393260077,-1.2288169
Y02572,-19.659899863299476,875.8188118592574,-1.0847119
Y02573,-2955.093544656206,-86.67362833688433,-0.99908316
Y02574,-3558.723709558197,-894.5133217302077,0.30123997
Y02575,-674.9165675285454,1060.3090154351296,-1.3114654
Y02578,-1551.1600260617993,473.27031881539534,-0.47438443
Y02580,-2964.1574033294046,-304.272470916816,0.2652137
Y02581,-1835.943406398103,355.9707616875751,1.1298442
Y02583,-593.4047711515051,688.498803467575,0.087964445
Y02584,-2793.08928307454,-115.14065288105412,0.5534239
Y02585,-1935.0204108891091,-107.78275293834643,-1.0910693
Y02586,-343.37719007818055,599.8858912080444,-0.9851098
Y02587,-2979.8991740153997,-91.25326802277107,-0.027153336
Y02589,-1130.1743524381823,413.5735548999175,-0.43200058
Y02591,-2322.0614611707974,-189.1541584960501,0.6021653
Y02592,-3389.285048431688,-642.9648697544562,1.6342118
Y02594,-238.82467415216863,902.0027139535968,-1.1398108
Y02595,-2423.277429354799,-577.4263653634655,-1.2484273
Y02596,-1326.6833355093595,42.9188375278763,-0.5633905
Y02597,-1793.723506312862,28.590850867214012,-0.9636824
Y02598,-2869.6591056321117,-8.458136473076856,-1.2916358
Y02604,-2973.8440349066163,-20.559742691637943,-0.2017935
Y02605,-811.5748877137744,460.8224511345267,-1.0571623
Y02606,219.88158659224783,1354.08349899539,-0.25610763
Y02607,-3355.272689661616,-565.0533825512432,0.01302981
Y02608,-2989.011824062301,-62.65110995417945,-0.63544303
Y02609,-2922.698968228173,-36.847876554611624,-0.8263823
Y02610,-908.3432810760646,-106.09967519965099,0.528926
Y02611,-1315.9159865796603,471.28246537729643,1.5515635
Y02612,-924.6677003710364,1085.0871891152738,-0.67146933
Y02613,-2292.513250895321,-27.753975167829594,-0.6714694
Y02614,-2141.003580773866,-102.73605461242742,-0.9236531
Y02615,-570.1661120081319,555.8074930937795,-1.2288169
Y02616,-2635.5925779000745,-905.2344399267366,-0.63544303
Y02617,-2885.4150213932644,-39.19546942450244,-0.34723285
Y02619,-2980.593242692917,-25.381853906551115,-0.22984391
Y02620,-1913.5873619016886,-772.8736282578773,-1.2288169
Y02621,-3017.281400980299,-57.569418544169075,-0.6387181
Y02622,-2112.1966494869575,306.92210042000977,-1.3199421
Y02624,-1561.493910616578,285.71492529637027,-0.90306675
Y02625,-300.6674961553464,113.904339678487,-1.3199421
Y02626,-242.5135709806573,616.7717630337177,-1.1398108
Y02627,2507.1736608017404,2953.1200291911728,-0.9130572
Y02628,-2124.0114212959074,-354.5238617139298,-0.9122389
Y02629,-3013.766206446825,-113.2367688495832,-0.34723288
Y02633,996.1683192142451,1562.0140276583838,0.4071996
Y02635,-40.50064474934884,704.0010627167328,-0.7795481
Y02636,-1676.3323226071254,432.35201235352497,-1.1398108
Y02637,-3152.4133327056315,-27.004043244128173,1.7783172
Y02638,-2419.5147371492653,46.17001143885454,1.5016046
Y02639,-249.56496021108526,1011.0854986872705,1.2315655
Y02640,-707.4695641264786,528.681783364092,-0.13107526
Y02642,-2951.4332750112026,-80.19930260489727,-0.52736425
Y02643,-3008.9020876699574,-76.40039604602742,-0.5303665
Y02644,-477.7070495231724,404.4966463386891,-0.52736425
Y02645,-2970.8060364380235,-20.970001027778807,-0.24763085
Y02646,-183.39147279431387,728.6685631665849,0.76110476
Y02647,-2621.9531088196886,-265.9864863619059,-0.9236532
Y02648,-2894.151841034817,-0.8492323640216142,-0.18405506
Y02650,-2204.4856913612934,62.23636934401133,1.0217654
Y02652,-1684.443695399345,254.71116227296133,-0.61213195
Y02653,414.19468490878023,997.8986893195367,-0.08445303
Y02655,-2983.731705455962,-45.966825157256835,-0.52736425
Y02656,563.2643839386999,1778.4260358668575,-1.2478896
Y02657,775.7493244765625,1188.3955423619004,-1.0934404
Y02658,-2333.521928455234,173.83243002437857,-0.51523656
Y02660,-1537.8014645590683,35.99565297960744,0.12110863
Y02661,-2942.1960611574423,-7.35785505845447,-0.58239335
Y02662,-781.5989082304811,413.21342436501726,-0.9957057
Y02663,-785.0506799858304,643.1003161221923,-0.9851098
Y02664,-2266.5218263914167,93.91336840360208,-0.4553117
Y02666,-2483.067791465084,-100.43782008819694,1.2463999
Y02669,-926.8205282487124,415.5864829368559,-0.35359046
Y02670,-2891.6335499599077,-10.05139033927726,-1.1456755
Y02671,601.700001989521,1036.640160061283,-0.35782886
Y02672,-429.68239605831974,1119.9738248812964,-0.35782886
Y02673,-2218.3186592449883,-72.49052733444162,-1.1398108
Y02674,-2437.121665474207,154.799407062676,-0.60577434
Y02676,-2031.7830695129446,366.754521280464,-0.0378308
Y02680,-3151.6124633181507,-8.43108835386745,1.6702381
Y02684,-1443.4570141218842,142.68162020944357,-0.5994168
Y02685,-2998.292002963986,-31.64593627900126,-0.3112066
Y02686,-1924.033439839988,422.5074286252388,-1.1588835
Y02687,-2900.8238393824627,-70.82785083318494,-1.2839159
Y02688,-1974.0621302205027,245.96233411730685,1.237923
Y02692,-1102.088069465566,119.23066307249888,-0.3472329
Y02694,-2932.792179652216,5.520977057732438,-0.41928542
Y02696,-2526.2123905650146,-1249.97347950972,-0.7400071
Y02701,-935.35297433556,707.4240698923444,-1.2203401
Y02702,-2350.373494855407,-396.6470578289322,-1.2118634
Y02704,258.5069114235775,311.77992388608527,-1.2200674
Y02706,-2973.068246385103,-21.83093242937296,-0.52736425
Y02707,31.865293030813472,-277.83140115973754,-0.099287376
Y02708,-1970.1675289352613,-103.72724642867705,0.40931877
Y02710,-1036.0374198100567,499.6551692917102,0.1796513
Y02711,-1398.076713529245,458.7269983306741,-0.3298409
Y02713,-800.1747514534545,940.256538324429,-0.9851098
Y02716,-2959.831923834557,-18.476144510713667,-0.5994168
Y02718,-1291.4304108937506,252.82819488388813,0.07024801
Y02719,-1890.0460059405252,47.143510943012515,-1.0677583
Y02720,-1539.6979442426177,362.0189836635339,-1.0847119
Y02721,-1447.7000893123477,617.3813971855744,-1.0847119
Y02722,-2955.4354857930625,-18.971766077217477,-0.5994168
Y02724,-2649.1055135430715,110.78875320320506,-0.7704468
Y02725,-2100.1769771871495,26.72671081645881,1.4180543
Y02726,-3363.3438926678773,-1585.7549430149502,-0.4553117
Y02728,-2856.3210952386958,23.272010627913932,-0.9130572
Y02729,-3067.724535502433,-11.823735209249714,0.4770045
Y02730,-3045.9245638244997,-18.325964765644922,0.5220598
Y02731,-2997.968071498012,-63.48252270798235,-0.52736425
Y02732,-2973.1122099276236,-62.213244851594474,-0.52736425
Y02735,-664.6531204256419,482.8928373101104,-1.1398108
Y02736,-416.7213586568316,-140.62801269648077,-1.1398108
Y02737,-1754.2390637977853,-286.5520969505979,-0.059022732
Y02738,-2845.3185756023045,41.07214554441807,-1.0063016
Y02743,-3006.602569283112,1.3529144620581164,0.41567636
Y02747,2370.5082722164343,3223.741674979752,-1.2478896
Y02748,-1434.4797394274979,342.25357930720435,-1.2478896
Y02751,1082.1094904196748,1207.0004526708328,-0.7731905
Y02753,521.7036689889427,1030.5070895352421,-0.9851098
Y02754,-1175.4839037469235,652.6032770861233,1.413816
Y02755,-142.98796283904338,1559.5499917000257,0.07024801
Y02756,-3099.8026365972546,-50.102375524641545,0.40931877
Y02757,238.91677966416248,1256.5252656513048,-1.1398108
Y02758,-2445.4863803594844,-204.70477197462486,-0.41928542
Y02759,-2939.6945449073296,27.563197508372173,0.12322781
Y02764,-2886.4552986526355,-19.878735111708252,-1.2273033
Y02765,-3007.6397471220744,-40.103965486604544,-0.11647002
Y02766,-2587.5580712924875,10.291519491145237,-0.0378308
Y02767,-169.86054297326302,867.5793242838728,-1.0486854
Y02769,-1124.5157215634867,790.7120114369114,1.5642786
Y02770,-3180.773025150239,-19.45587980985839,1.8454005
Y02771,-3077.5774152338354,-20.565748009862013,1.1388507
Y02774,-2979.2053736749626,-85.13120243778766,-0.06771872
Y02776,-3433.8286898280403,-616.2101044587465,1.7062645
Y02778,-1006.2404859053438,426.4158894359474,0.6908574
Y02781,-2991.7755444563604,-5.434776618307105,-0.15203601
Y02784,-1787.2887885086952,496.62692411036403,-0.67146933
Y02785,-3058.6514064355547,9.621767647167456,1.1319634
Y02786,-1149.95197923788,568.018358244966,-1.2478896
Y02787,-1056.6838878165408,582.5232512411872,0.12322781
Y02790,-880.6548494491865,1084.1206555473298,-0.6778269
Y02792,-2896.282179922896,-20.1578363383147,-1.1398108
Y02794,-794.1198407604747,948.5277037026627,-1.2288169
Y02795,-1362.9847725581717,214.0549133631664,-1.0848798
Y02796,-3134.0446461787965,-18.931554413716743,1.5563953
Y02800,-2484.286935081849,99.90707083023462,-0.52736425
Y02801,-2633.5398819234047,85.3539256502584,0.8923649
Y02804,-2899.3015924956558,12.195128200280358,0.11263186
Y02806,-3105.6714822855556,10.257418894274922,1.4704562
Y02807,-80.84857201811911,784.8254274279686,-0.078095466
Y02808,-1773.2160130007514,16.281503643869893,0.68057543
Y02809,-3039.5939894656017,-0.28699280059331755,0.74143595
Y02811,-864.6124633400038,499.1661382835441,-1.0063016
Y02812,-949.3315001790123,41.87773982957802,0.3409931
Y02813,-3027.910869406547,-96.12892944292378,-0.49267223
Y02814,-2962.3195613199928,-52.65564170386882,0.7335552
Y02815,-465.5871105547792,998.5061968827363,-0.52736425
Y02816,-1474.670336723821,336.0276336825456,-0.04842677
Y02822,-3016.608274522267,-131.01540300084022,0.84163404
Y02823,-1519.0988627687684,191.1514579614045,-1.2478896
Y02824,-1325.0533915921528,62.686741010613375,0.09567831
Y02826,1108.308781650479,931.6205038857042,0.013029811
Y02827,-961.4323436569199,612.4306409142873,-0.8028592
Y02833,-1735.4306132163886,-122.00811589638387,-0.05902273
Y02837,-2214.607399748874,165.92331164700107,-1.2923926
Y02838,-1301.9364023144544,555.7709248405137,-0.70749557
Y02842,-1583.4095071458257,455.35909735516395,-0.17133993
Y02843,-3007.967339143326,3.7523143287496534,0.119542256
Y02845,-3100.7336065777254,-13.352221933119141,1.0512414
Y02846,-2154.719816997203,354.62131793421963,-1.2118634
Y02847,-1024.0309557496334,1124.3682457013097,-1.2118634
Y02848,-3147.9922254165676,-58.56071239472845,1.237923
Y02849,-1046.9679550786632,658.4815171660878,-1.3199421
Y02850,-1374.8273853753788,657.2565141416785,-0.63544303
Y02851,-3010.7653360087056,-29.333073009112997,-0.0650271
Y02852,-3023.7740495815506,-42.27049805466808,-0.13107526
Y02854,-1168.930663453541,96.68630926301967,-1.2923926
Y02857,-1419.6680423803707,-602.0446102519136,-0.6714693
Y02859,-3174.457355305696,-12.237829210410357,2.2010832
Y02860,-3177.410542446195,-19.64959933879248,2.200933
Y02861,-3151.2226532723294,3.5259012791105153,1.9658273
Y02862,-3159.6709404777193,9.33303978372625,1.9944745
Y02863,-3196.8265726283585,-21.6132189560628,2.2058742
Y02865,-2875.9266481955992,-107.39813812778324,-0.7795481
Y02867,-365.6430297892697,733.4496252800662,-1.1482875
Y02868,-657.3591818894026,-106.60621707310376,-1.1398108
Y02869,-2851.4206753996564,-344.9283891989045,-0.43200058
Y02870,-2947.9464428758865,-15.952749757778124,0.445345
Y02873,-2786.803926946491,84.48688238796795,-0.47438443
Y02875,-457.1016500678344,932.3412252680151,-0.8028592
Y02876,-2994.807257684141,-44.33906896612576,-0.63544303
Y02879,-3097.044651755851,-22.44461172871709,1.0555042
Y02880,-2390.0326844707306,178.26915130493478,-0.45531166
Y02884,-1335.2961453390003,535.9159785691578,-1.1398108
Y02885,-1417.1492449308712,398.2086620955885,-0.7774289
Y02886,-1608.7621587155575,541.105535130961,-0.18405506
Y02887,-2385.0566699147034,192.73856646911455,-0.17806605
Y02888,-2926.8882795953887,-12.350980823190694,-0.71701974
Y02889,-2145.4680178788303,280.26715973702295,-1.2288169
Y02890,-662.6939576810756,848.6893788079437,-1.3199421
Y02893,5193.772409329017,564.8050741646286,-1.2288169
Y02896,-1331.8682138830045,-78.02172694983119,-1.2478896
Y02897,-1799.4803511555715,125.504647857842,-0.7795481
Y02898,-2915.073251698885,-14.852621089717266,-0.99570566
Y02900,-752.1541619398567,737.0269797191322,0.68057543
Y02901,-2929.512937458692,-21.436795598060794,-0.8968909
Y02902,-2452.6498941552645,-390.0842476105612,0.071319506
Y02903,-2117.4304902573085,202.19613905465587,0.4813713
Y02906,-1256.0657134722549,930.7216869651998,-0.43200058
Y02907,-3053.3405495141897,-4.074732421301383,1.1319634
Y02908,-3236.3777468920384,-37.85544154982818,2.2466586
Y02909,-3133.6510946649328,-26.144195907322498,1.5261331
Y02913,-2958.014527241891,-33.91437804312752,-0.88762695
Y02914,-2947.377668232308,-198.8479202702648,-1.0944674
Y02916,-3049.331945042989,16.602290807338402,0.9857391
Y02919,-2960.4836523320423,-82.66496691614705,-1.2118634
Y02928,283.9489776796297,933.4105923857002,-0.7541178
Y02929,-2876.046025828598,-2.373500173841009,-1.2118634
Y02931,-2889.869542498104,-42.432077684010004,-1.2348589
Y02933,-19.76719809004426,1220.7522629411212,-0.9851098
Y02935,-2942.461015911207,-15.108593204836216,-0.61778307
Y02936,-1482.1946361844152,374.3246776364116,-0.9851098
Y02939,-3910.294286506344,-852.9293718973965,1.8863958
Y02942,-2773.288318700124,101.46679184342227,-0.13107526
Y02945,-3090.1614352750075,-10.445547539626112,1.1202862
Y02946,-1858.536713013128,-23.293626626038687,0.3499814
Y02949,-3030.573517871573,-43.56405627205505,0.013029811
Y02952,-3122.7674891577644,6.550917316571946,1.6180369
Y02953,-3109.8559187908504,-37.90279633828828,0.9645472
Y02954,-2985.9863070285487,-18.976705786830507,-0.08664287
Y02955,-3081.430276451412,-214.7833396904794,-0.05902273
Y02957,-2480.374710436138,-213.0815372676241,-1.0240121
Y02960,-816.0228259082286,757.3069935590195,-1.3199421
Y02961,-427.16008514961766,292.9028696484376,-1.2282714
Y02962,-1745.7583649313822,-187.4991223622798,-0.27729952
Y02963,-2496.55583304419,131.670202910379,-1.2118634
Y02967,-2937.060148802407,-60.944383915189974,-0.49133793
Y02968,-1172.7981882176828,41.10304884978001,0.9857391
Y02973,-1436.0074517937212,764.2834463397511,0.55978143
Y02974,-951.9812958724824,347.52499511360907,-0.7541178
Y02976,-2949.6355028042954,-28.07247952479241,-0.9236532
Y02977,567.0214340468077,789.1355583594348,-0.67146933
Y02978,-3104.281379318092,-189.43396787406752,1.574943
Y02986,-1999.00591316551,545.8101883596559,0.49408647
Y02987,1274.8820028719977,989.05909439307,0.09567831
Y02988,-2449.7068186944675,80.34848858261597,-1.2118634
Y02989,-1901.6445654627032,-313.0173216717157,-0.49981472
Y02990,-2862.1957594374903,32.55808237437021,-0.71435773
Y02991,-2050.169657680122,-474.93787735138136,-0.7156996
Y02992,-2906.7385031373574,-5.8239798403976275,-0.7138532
Y02993,-3101.874970019263,-17.03679238991153,1.52662
Y02994,-3022.3944252874585,76.52798032389155,1.5764712
Y02995,-2930.3584307178658,-3.7452671580134678,-0.49133795
Y02997,-2997.1676133730116,-0.2474710330503977,0.39149523
Y02999,-2421.8054182763167,-18.15770484959197,-0.99570566
Y03002,-2898.6273697507468,-6.947684145935081,-1.2230264
Y03003,-3136.72541060198,5.8973832882363055,1.623127
Y03005,-3076.6813724962835,-2.5238351690631857,0.96135205
Y03006,-3029.1614965724134,-27.940272641851625,0.12110862
Y03007,-2745.388386467711,-89.44712935184526,-1.2271472
Y03009,-2964.791116540618,-60.147086931418805,-0.23796639
Y03010,-3131.9513080611678,-84.98911060041102,1.2149972
Y03011,-3006.964300850262,-9.659548105960353,-0.0702033
Y03015,-2994.9240823486875,-13.165025996387795,-0.08016858
Y03016,-2980.0394743715783,-7.404923735983651,-0.08445303
Y03017,-2552.4308354039836,-74.96578447484008,-1.2923926
Y03018,-2898.4960947182244,-3.386030417891676,-1.1398108
Y03022,-2904.803390637625,-5.810648346178107,-0.93285143
Y03023,1264.4450008381011,1663.4299978026759,-1.2245785
Y03027,-2933.842947572905,-6.612754876304953,-0.70749557
Y03030,-2917.08113291048,10.98271578795475,-0.70749557
Y03031,-2932.9574166244424,4.99959797880551,-0.70749557
Y03032,-2970.2159919945298,-22.278244492419404,-0.42974466
Y03034,-2073.8372679966446,203.24311965007556,-1.2288169
Y03035,6400.0143080812795,2204.634621842682,-1.0614007
Y03038,-3078.9021354371052,-12.477605110766584,0.9834149
Y03039,-3185.0800758624573,-4.4739615940189665,2.1666002
Y03041,-2930.846343402068,-3.2766786885873262,-0.7186214
Y03044,-2874.3570711018665,0.601405868402846,-0.967767
Y03047,-2413.8284195886936,76.35105590128775,-1.2245785
Y03049,-522.4423410540944,806.0688034841287,-1.3029885
Y03051,-740.0562644754974,466.3733585535289,-1.120738
Y03052,1845.4374536494208,915.4779280774633,-0.0864883
Y03054,-2083.1222356583185,446.37954089838547,1.7422907
Y03056,-2943.7470567395753,-25.155461155682826,-0.61346704
Y03058,-2805.0770757537857,25.820427990792506,-1.262797
Y03060,-2843.1284291578754,-3.2416554653035017,-1.2563664
Y03061,-2824.0382867832914,3.191513833771715,-1.2563664
Y03062,-3137.24757146332,-4.776567467672512,1.6445051
Y03063,164.01727700382017,657.0379681112005,-1.0444472
Y03068,-3128.5375166326744,-29.111904093432447,1.237923
Y03074,-2977.062992223932,-45.10784869329093,-0.5994168
Y03077,-2534.611773032532,57.23342465683226,-0.43200058
Y03079,4881.501487159381,-251.79360246015545,-0.6778269
Y03081,-2779.237303353564,136.35216543019718,-0.13107526
Y03082,-2170.028039113199,-56.15092025182891,0.55978143
Y03085,-2811.7379281889,-0.493253046370885,-1.1398108
Y03086,-2504.905645423008,93.59455736316096,-1.2245785
Y03089,-2949.8838914714484,-5.858146569809196,-0.45981497
Y03091,-3151.1253556876695,-81.51845892568608,1.0550203
Y03092,-2955.1039499253784,-31.76486511773819,-0.9957057
Y03094,-2402.4065867764466,593.2356388956259,0.38365623
Y03097,-2888.5641260636794,13.022993456965164,-1.2574966
Y03098,-2855.948175973268,8.205638648614402,-1.2531618
Y03103,-2814.885380551337,-262.30459757831505,-1.0374962
Y03105,-2878.7085319189955,92.1641207921926,1.1701089
Y03106,-2945.4814769540217,-24.224153896078068,-0.7709704
Y03108,-2890.9621437004466,-7.254166655287263,-1.2478896
Y03109,-2913.0956204033787,4.651016271976133,-0.87373114
Y03110,-2942.1765129923047,-31.575467596734786,-0.6049593
Y03112,-1028.5903135726571,1204.8591428639816,-0.3270582
Y03114,-2927.427514921914,19.27163884976294,-0.24617217
Y03115,-3148.220348135115,-3.5159750411680406,1.7422907
Y03117,-2891.8439218958197,-56.3589175260268,-1.2955174
Y03119,-2981.3563579844217,-23.215137023519098,-0.22862954
Y03121,-3149.2453632284723,-35.840995300236834,1.6791279
Y03123,-2983.7873092766863,-29.497992153685853,-0.18788593
Y03124,-419.2971836863118,1599.7741382454426,1.121122
Y03125,-2946.470252872568,4.014821788849497,-0.55894893
Y03127,-2908.7396655872058,-27.05952975647587,-1.0350071
Y03131,-2529.905940737297,226.6785507209073,-1.2118634
Y03132,-3037.7298576548915,12.756123189909825,0.9043895
Y03134,-2526.1544191058347,226.63720255844123,0.19316116
Y03135,1082.9360137799508,776.1546654001644,-1.0614007
Y03136,-3055.872448152782,-79.84956562812692,-0.30053216
Y03138,-2949.6295019670174,-7.5861420028256425,-0.57059574
Y03142,-3032.89189630803,-10.526714940516374,0.42733192
Y03159,-3134.167667113722,-16.39096551832105,1.5702653
Y03160,-2929.4161980617564,-72.40756458475394,0.19735026
Y03161,-2901.991398085612,-32.506220477903994,-1.016994
Y03168,-2813.132758224028,-814.3612509466965,-1.1623871
Y03179,-3077.8432710590673,-16.978913224746258,0.8422774
Y03186,-3040.111027123842,3.254143870368448,0.84163404
Y03191,-2672.659956085331,-279.63830315262913,-0.33317384
Y03192,-2959.262550666909,-17.00607473679789,-0.38776243
Y03193,-3156.5724685588793,-6.9520942327572275,1.6846488
Y03194,-3129.518886551055,17.152290266687416,1.6756423
Y03201,-2467.421280289811,42.03866162545368,-1.0124322
Y03203,-2903.3233000121495,22.148775670762394,-0.6009498
Y03204,-2843.435299758376,27.249229359333757,-1.0854038
Y03206,-2996.766421427778,-13.14227125639714,-0.14842126
Y03215,-2971.67603004325,-132.10361483797618,-0.30872205
Y03217,-3020.741547643489,36.99180234326046,0.954471
Y03218,-2521.492085035525,-107.75252890239466,0.9136866
Y03220,-3055.8529177108353,-2.2181871369475146,0.84163404
Y03222,2601.641634292456,747.61625832528,-0.37343383
Y03228,-2882.44316603498,-9.640422832132971,-1.0485953
Y03231,-3106.599693843649,-9.940504060184754,1.3369952
Y03234,-2993.0680706127528,-13.26251523476029,0.19659224
Y03243,-2890.523745191414,-37.044346046424856,-1.0857714
Y03244,-2856.735213836085,16.372699469393226,-1.2389759
Y03245,-2913.1165924832253,-18.64093770015703,-1.175837
Y03246,-2958.6170669340613,-78.84055338580512,-1.175837
Y03259,-2745.961617884438,-775.8088743998999,-0.7533472
Y03260,-2802.5838310593263,-283.26501171820706,-0.27518034
Y03263,-3185.7049255302636,-0.6022056135430847,2.2466586
Y03265,-2947.3701101252814,-16.555582396817123,-0.5233163
Y03266,-2627.6114535707284,-17.674211955747538,-1.3110284
Y03267,-2897.3186679547466,26.49228917483434,-0.24113353
Y03268,-2964.8145311768103,4.983991164014311,-0.23743854
Y03272,-2936.9198579475196,-14.115682205633327,-0.7177888
Y03274,-2951.3391861539653,-76.41619696744294,-0.8155744
Y03281,-3192.2380576151704,-106.50880325490333,1.237923
Y03282,-3118.8985904266697,-107.29888229672642,0.08508235
Y03283,-3016.2698783275423,-158.34638693205642,-0.27518034
Y03287,-2932.147282058616,-3.336266091263315,-0.35623944
Y03290,-3020.329162419142,-61.866257996141144,-0.3472329
Y03291,-2822.9231298730574,-12.8287361943966,-0.27518034
Y03296,-1250.7834169098116,573.4859240961543,-0.75165683
Y03304,-2699.952232543607,186.35439301303472,-0.86032283
Y03306,-2963.9299872144575,-40.06634063098951,-0.666966
Y03307,-3022.2129081372755,-13.04729742638768,0.24101695
Y03308,-2925.9198800004897,-639.6728281952421,-1.0677583
Y03312,-2653.8765878878585,180.69484804154214,-0.97035396
Y03315,-2994.5083098540576,-12.56209224685767,-0.076454796
Y03317,-3028.441937136254,-12.09893375613103,0.9043895
Y03321,-3136.8887940042846,18.91856862536617,2.1038635
Y03322,-2967.028192681081,-17.817261112775657,-0.24835227
Y03324,-2904.7930356478537,-142.69108349155232,-0.34723288
Y03325,-2689.679571367032,20.72742432011594,-1.1398108
Y03327,-2875.0890035171983,-3.4243189593419388,-1.2839159
Y03328,-2878.2483628024506,-14.318412558306102,-1.3199421
Y03331,-2206.935625520862,113.285491472587,-1.2210616
Y03342,-3010.8124905471514,-7.80469729569021,0.21827038
Y03344,-2962.168079283182,-48.26499330168758,-0.96216404
Y03351,-2891.0759275836695,-30.31880515185014,-0.9683258
Y03353,-2969.2698360609975,-58.366741081975924,-0.5958141
Y03357,-2141.890587790036,272.3130222203782,0.23848453
Y03358,-2974.051137944642,-1.1071265683666067,-0.0872172
Y03361,-2705.8704958793523,20.696050578910608,-1.2162974
Y03362,-1729.9290675511825,643.8399667503236,-1.0805571
Y03363,-2019.2697065446218,431.8244249051812,-1.2118634
Y03364,-1530.179246524731,-391.57062234306204,-0.6430542
Y03365,-2962.3531471057418,-38.13604240302714,-0.20853175
Y03366,-1126.5090748863624,122.60906197345659,-0.68243384
Y03371,-3145.0149063703266,-10.922794422532213,1.8407625
Y03372,-2920.5899266671695,-34.990493461082764,-0.99673504
Y03374,-2549.9934901142615,183.72358143647222,0.17772134
Y03375,-2486.4953745916205,79.43250118832061,-0.3581974
Y03385,-2882.747347262587,-7.462859852021366,-0.9331546
Y03387,-2940.3248093447933,-44.56628925324728,-0.85160065
Y03388,-3324.8629644666685,-177.74071001276016,2.174606
Y03389,-2967.832236639043,-46.719834005623895,-0.49561226
Y03392,-2623.76418134714,-92.15363735109624,-1.2211605
Y03393,-3077.439471934803,4.245695904276188,0.8872673
Y03394,-2905.334395541533,-9.954570427835375,-0.9331546
Y03395,-2751.6068067569854,50.50593591855234,-0.70749557
Y03396,-2789.680115140391,-62.21683101661046,0.2652137
Y03399,-2971.0771204875095,-8.016767359060402,-0.13107526
Y03401,-3037.6185721635816,-14.460779151049167,0.5534239
Y03402,7367.012155381255,3074.5449266501414,-0.72472554
Y03403,-2885.9336458772095,8.780395252558396,0.40931877
Y03404,-2959.994988109897,-5.694883735302565,-0.2615152
Y03405,-3117.0069128461773,-15.765454323895245,1.5261332
Y03406,-2938.9730361371985,10.883245863574858,-0.6674664
Y03407,-2982.8452751750874,-26.232161814912544,-0.22806907
Y03408,-2926.6530521931095,-5.290352049448655,-0.5171478
Y03409,-2875.7133621021126,-10.075084077672646,-1.2478896
Y03410,-3057.527309816829,-37.48508766930194,0.51064265
Y03411,-2990.3256831473414,-21.33780486481863,-0.16710153
Y03416,-2954.2346751490572,-8.112845958953852,-0.27145347
Y03418,-2616.0982458590834,197.5272192142785,-0.24113353
Y03419,-3056.2700916554086,-2.845180656954677,1.9224222
Y03420,-2761.5798122902693,-450.6935524345979,-0.09504901
Y03421,-3089.616478989781,-65.19362636514147,1.034236
Y03422,-2880.7602732175847,-4.873605304981013,-0.85880595
Y03427,-2962.674485604869,-64.26687656285395,-1.031732
Y03428,-2915.1417358948206,-34.052172350551565,-1.031732
Y03430,-1746.16322633855,-2519.409117749807,-1.1398108
Y03432,-1454.120944082255,518.7230859825864,-0.91677177
Y03433,-2892.7829327829872,-14.062808858603148,-1.2356873
Y03434,-2888.8698683676703,-48.51616249809454,-1.2321281
Y03437,-3090.128140676548,-149.39650315497687,-0.3112066
Y03439,-3119.767040628556,-28.558525142814624,1.3820281
Y03441,-1930.9476102596248,461.04445105153235,-0.15872334
Y03444,-2969.530340108072,-4.754514958824555,-0.24816065
Y03447,-3195.6743134096228,-118.05864004351517,1.5621595
Y03450,-2887.5993753486086,-8.137344255913113,-1.2478896
Y03451,-3073.866096884696,-10.298688823137375,1.025164
Y03452,-2933.650400040061,-40.20235575763407,-0.9131456
Y03455,-3090.040409463661,-70.47467747365518,0.2652137
Y03457,-2847.0720963745894,-33.332502370514476,-1.1398108
Y03458,-2810.046476151868,-74.93213175794143,0.8209066
Y03459,-2916.795596725258,-40.464393736177136,-1.0023773
Y03461,-2974.2398528029426,-56.3603228379968,-0.3646249
Y03465,-3066.3438211453167,-19.97141682711053,0.62907904
Y03466,-2208.1540524888114,1150.5770666185604,-0.83184433
Y03471,-2936.641986463036,-31.319210350283072,-0.7231776
Y03472,-2970.5959859734426,-78.83855240241395,-0.71223587
Y03474,-3023.735517996829,-20.017987939586813,0.45292956
Y03476,-2943.176622347346,-21.382524831291736,-0.5994168
Y03480,-2969.547440314375,-47.50468047945082,-0.85880595
Y03482,-2986.305162707608,-30.784426006020503,-0.079366975
Y03484,-2947.2857157997646,-10.757757491224398,-0.4082656
Y03486,-2958.752237768556,-102.86695115919123,-1.2118634
Y03490,-2910.547196684359,-11.86432568156544,-0.80528116
Y03492,-2820.1908796286057,22.056399611902545,-1.031732
Y03493,-3064.202848382166,-11.111508238154961,1.1370493
Y03495,-2929.846524519293,-36.97981266185956,-0.73871833
Y03496,-3164.7680648343826,-221.9513149010561,-0.16710153
Y03498,-2889.683614693173,-54.477810414657846,-1.031732
Y03499,-3125.9590324631167,-14.081112700299528,1.9533018
Y03500,-3054.0436773481583,-21.624280950182747,0.74523944
Y03502,-2747.724775197942,-344.6843064588493,-0.30655804
Y03504,-1990.063230618369,-183.76808752554325,-0.41928542
Y03505,-2892.1867614973075,-33.205531282657425,-1.2525381
Y03506,-1525.7405047488228,-305.64173433119277,-1.1008316
Y03507,-2625.948535562467,295.84624239659314,-1.0523183
Y03509,-3094.281637213307,-12.521664157571804,0.95238143
Y03514,-2953.0105828281953,-10.128699630638682,-0.34723288
Y03515,-3146.329044889776,-143.16962707543576,2.0785358
Y03520,-3138.6697094770884,-32.50978551379265,1.5506965
Y03521,-3133.2058433640036,-19.862098350511392,1.6650915
Y03523,-3010.4015266204506,-46.85291137680132,-0.07597627
Y03527,-2915.9598199337083,-78.95617573018697,-0.51063776
Y03528,-3059.8323573267644,-41.06883227748983,0.57885414
Y03530,-2915.0667891519297,-17.651782068433583,-1.0117174
Y03534,-2874.1288268767953,-38.25985222810583,-1.2957176
Y03535,-3068.234074475189,-311.95141730394823,1.1435685
Y03537,-2920.1043743202486,-21.798211821285015,-0.4783285
Y03538,-3095.745007016883,-112.90943820120431,0.4693626
Y03539,-2964.4392100788828,-20.260547657865455,-0.34723288
Y03546,-2914.5631502820056,-79.98954052682164,-1.2495271
Y03548,-2964.0523737739486,-5.865468169081571,0.20036641
Y03550,-2940.0771583681926,167.95872180234605,1.1464717
Y03554,-2963.700823146696,-71.99781832432498,-0.24928647
Y03557,-2949.0169128740995,-89.01044613905643,-0.58246326
Y03558,-2962.3181807025335,-44.53165394654977,-0.5806831
Y03561,-2978.3218907024866,-34.28580992780195,-0.24773178
Y03564,-2968.06619506409,-34.094388443269,-0.24969836
Y03567,-2869.193183227142,1.1122800692832522,-0.8377444
Y03568,-2957.478306637459,-79.31188250966083,-0.39766967
Y03569,-3128.98226608704,-376.14773052529034,1.1605332
Y03570,-3132.1951128173228,-60.9448467085266,1.1916035
Y03571,-1341.0609135204936,585.4163856073244,-0.5016312
Y03572,-3007.167530224329,-44.45040161688553,-0.04287302
Y03574,-2854.951679218674,-46.79216004108622,-0.99055916
Y03575,-3035.5446783232446,-48.181680616028906,0.36938605
Y03580,-2755.954824088713,-195.4810557053887,1.2224832
Y03583,-2876.436866953598,-30.551385461336256,-1.0677583
Y03584,-3142.456113711499,-24.768462219141842,1.8503696
Y03585,-3077.1779067659354,-20.432251757309793,0.9288783
Y03587,313.363710868385,477.61820128694904,-1.1552507
Y03591,-3046.6287867603587,-37.325911533106435,0.40665016
Y03593,-2911.675388945737,-22.705826138532807,-0.81557435
Y03594,-2990.4850091523117,-34.82331446767761,-0.08746452
Y03595,783.6011092570262,1266.4856468868902,1.6496519
Y03596,-2923.3392736902547,-44.8389344243989,-0.9236532
Y03597,-554.5098081742578,509.3290597243514,-1.2324499
Y03598,-2869.1485717910577,-8.112610682638422,-1.2324499
Y03600,-2580.8756059579955,-13.20187427131018,0.46593148
Y03601,-3019.741426578795,-42.66381269323775,0.20105733
Y03602,399.3010281923557,830.2996114197016,0.115962006
Y03605,-2663.1579494052253,-114.58890667210174,0.74384844
Y03608,-2594.345286613914,150.3925670821942,-0.70749557
Y03609,-2483.7828299377597,81.93260871330583,-0.70749557
Y03610,-1932.9134795559837,-1493.3602521454095,-0.70749557
Y03611,-3087.9088486944406,-166.67567590946607,-0.23915409
Y03614,-2830.8026411455376,-93.42377795967438,-0.9634717
Y03615,-3111.53125784156,-81.85649381138008,1.2477484
Y03616,-2917.774193400024,-55.94096626312408,-1.0546578
Y03617,-3089.8373212252986,-28.497752078380223,1.1401374
Y03620,-2247.552344922275,1018.8171626454176,1.8761027
Y03623,-2880.843984887721,-86.72783133063463,-1.2463233
Y03624,-2990.0494890364375,-35.439827333129976,-0.25172138
Y03625,-3171.193322361258,-255.05246045098738,-0.49133793
Y03626,-2969.6552252212355,-209.19455414362682,-1.319942
Y03629,-3177.4080644316477,-8.918283768098469,2.0990098
Y03634,-2949.435204919243,-171.0728473706868,-1.2849755
Y03636,-3040.1065641882424,-27.2949637478643,0.5403234
Y03639,-3120.786184498123,-118.77134256291322,1.4730418
Y03640,-2335.598970603842,367.0190428011803,-0.40899217
Y03642,-3044.0391833662275,-17.515235470705036,0.7143412
Y03643,-2917.9541991659985,-33.73660256823176,-0.84328693
Y03645,-2879.9326382110844,16.409164760869157,-0.2494473
Y03646,-3130.546607860131,-202.68607965103246,1.6799037
Y03653,-2899.7234484281266,-38.61362167635554,-1.2316197
Y03654,-2772.2254472333257,19.75413825164365,-1.09901
Y03655,-2994.52761252787,-56.40245412192229,-0.30606002
Y03656,-17.250589278674752,261.96206010948964,1.1845508
Y03658,-2921.612433345402,-23.820935228935433,-0.46998906
Y03659,-3040.372256157978,1.3046203220822905,1.146158
Y03661,-432.52477701433565,-779.4041275683253,1.3820281
Y03662,-1691.7672712902536,384.8604850304572,-0.47050348
Y03663,1280.3151245046924,-148.17526450170834,-0.85560364
Y03664,-663.496605744134,784.4199194888207,0.5160633
Y03668,-2866.5109759407305,-402.500255847698,-0.4708786
Y03669,-2985.2232208301407,-105.54604898960761,-0.70749557
Y03671,-1424.157600677412,1216.2376954416964,0.7423421
Y03699,-2940.062165136847,-62.145699541081804,-0.74352187
Y03700,-2282.075616047242,-195.35677270743844,-1.1503551
Y03701,-2909.203444592718,-49.11720757117239,-1.2478896
Y03703,-2881.057243535169,-436.9165323050396,-0.47332484
Y03704,-3015.1277070854744,-28.159389121128903,0.24071585
Y03705,-3013.4247403120758,-34.612578431369826,0.24013212
Y03706,-2989.1790934197375,-57.28517811679352,0.24027242
Y03707,-3011.1041067407386,-21.024563676265306,0.2404164
Y03709,-2958.0902554928125,-47.608226480653784,-0.25253525
Y03711,-1769.1109869132226,229.50873634632407,-1.1504853
Y03712,-2893.755622605594,-55.5281198584244,-1.2160203
Y03713,-2923.3340503381073,-44.74225733513715,-0.15629366
Y03715,-2406.5017096296797,615.5071380873951,1.3161263
Y03723,-3015.197194505988,-38.25653813671541,0.7587736
Y03725,-3002.2366809047057,-15.082307003119992,0.52378196
Y03726,-3024.9250099196875,-10.718425185391183,0.5229401
Y03727,-3034.0129412143056,-60.162523098052546,0.5534238
Y03728,-2993.999158782388,16.42902449025917,0.52460283
Y03729,-3053.1545825670432,-17.01029216529734,0.5706538
Y03730,-2970.956007381162,15.120225082346032,0.5229401
Y03731,-3023.352755052836,-28.46702117843616,0.5229401
Y03733,-2935.4340099308206,10.420268531702458,-0.13107526
Y03734,-2922.362169630867,-48.1836491618098,0.11043417
Y03740,-3022.224881796722,20.954812774344347,0.830549
Y03741,-3048.3739282835077,-49.145757991972836,0.83082616
Y03742,-2905.191858776578,-30.962569870781028,-1.1011356
Y03743,-2991.761873398468,-57.96145209815884,1.126652
Y03744,-2933.7095226121037,27.755819018266518,0.201167
Y03745,-3038.042705061301,-12.756615055830602,0.63521326
Y03746,-3048.8269174829315,-18.660382665446658,0.66150266
Y03747,-2787.901208111032,93.84518034250527,-0.9196503
Y03748,-3206.9956807441467,-181.71588697704973,1.0217654
Y03749,-3088.7274766954315,-53.668138221639275,1.0217654
Y03750,-2822.9587972007416,-212.62381168606717,-1.1269443
Y03752,-2891.3881003697975,-0.7982596730823963,-1.0911267
Y03754,-2933.7978772056044,-12.641718139996133,-0.454338
Y03755,-472.1517665103902,299.7944927156417,-1.2372152
Y03760,-2850.129915039458,-37.61769396883775,-0.9917028
Y03761,-2870.5677590754804,-60.712085053210515,-1.1542213
Y03762,-2836.973999721814,13.32021144751972,-0.06996742
Y03763,-3087.1908179996294,-115.12029131513466,0.2652137
Y03765,-2899.129105000802,-23.30935717596255,-0.8046297
Y03766,-2982.396303615617,-137.2388995117087,-1.0292757
Y03768,-2891.476619820256,-27.858560232817986,-0.998477
Y03770,-2865.292969194877,-21.108093127140904,-1.3092676
Y03771,-2946.555925148086,-95.49346806962303,0.5894501
Y03772,-3021.1312211359586,-102.78826144057201,-0.24039637
Y03773,-2865.1953731906065,-32.78408084652481,-0.24982853
Y03774,-2956.0600525169357,3.6627994368700323,-0.24692446
Y03775,-2984.117639364516,-28.09403070312929,-0.24816065
Y03776,-2934.443390737007,-15.57240024266983,-0.25038305
Y03777,-2985.3091835188434,-42.54353977855675,-0.28173056
Y03778,-2888.585437051855,8.831179503356692,-1.1426929
Y03780,-2918.814501955467,-57.976016637696226,-1.2944235
Y03781,-3075.8824066688403,-33.11473561379564,1.1231726
Y03782,-3155.337458727104,-28.72041232871771,1.9544456
Y03784,-3009.5764206892727,7.2597274239875835,0.5867815
Y03785,-2974.496176264551,-28.887471978184948,-0.2668666
Y03787,-2760.0111070220605,-105.60018538807002,0.52540344
Y03788,-3004.0776156856227,-44.194600606252855,0.60358703
Y03789,-2791.6496988620115,13.56412758462632,-1.3199421
Y03791,-2689.3525850756105,-114.90225366125507,-0.46998906
Y03792,-2942.7566108989486,-50.63866574017898,-0.46998906
Y03793,-2609.6251328655585,-117.84257660819598,-1.2947237
Y03794,-2960.987219482785,-23.883722806534006,-0.23499718
Y03796,-3112.1511931625437,-62.14279037454949,1.1532297
Y03797,-2300.513400725127,822.1877514982385,-0.0886646
Y03798,-1277.151578400212,74.64822489875307,-0.23515116
Y03799,-3064.804975102194,-23.936910824351596,0.90011823
Y03802,-3061.570810115659,-56.10047316461916,0.8992761
Y03806,-3039.111932261539,-28.266001474254047,0.8992761
Y03807,-3058.0423210344366,-59.70379458499372,0.90968364
Y03808,-2976.315666728273,10.773137716222248,0.05626134
Y03809,-1688.0364489619412,234.61978772441097,-0.23515116
Y03811,-2813.7628663322935,-15.788576788479528,-1.2947237
Y03812,-2905.8832900707384,-102.06806776601589,-0.9236532
Y03813,-2825.1364567592746,-105.88611743976928,-1.3089974
Y03814,-2870.3824539862662,-36.49432763880711,-1.3088572
Y03815,-2983.7063195443047,-84.26044538850138,-0.5994168
Y03816,-2862.429581596973,55.51479951431011,-0.5994168
Y03818,-2978.157557624567,-18.75585386490815,0.11102127
Y03819,-2769.6167977241826,-104.51812583875429,0.52460283
Y03820,-3026.9388526444004,-58.61934141319651,0.66150266
Y03821,-2808.582682126592,-23.36361373180104,-1.0896477
Y03822,-3010.105967407363,-147.97506994489405,0.66150266
Y03823,-3013.9914697747186,-162.484448534035,0.37010032
Y03824,-3117.9975456582442,-84.39855799646554,1.4682175
Y03825,-3062.530204236675,5.052892218758097,1.4682175
Y03826,-2971.524008058381,-103.0777054121355,0.2036498
Y03828,-3143.656771379574,-131.41978056341847,0.8776603
Y03830,-3064.851696666646,-97.13591227598576,1.1478574
Y03831,-3102.977922629125,-31.748823063757687,1.8480302
Y03832,-3111.1557912511057,-46.359035759854066,1.8484734
Y03833,-2898.733337025478,27.586465586172512,-0.41928542
Y03834,-2837.447840660841,-77.80699167270159,-1.2478896
Y03835,-2884.1129646880836,-34.16431445252512,-1.2362341
Y03836,-2908.2747604508572,-95.13832262175202,-0.25356457
Y03837,-3069.3561322403407,-2.7434012541236585,1.2192258
Y03838,-3012.4992902262043,3.78529085255475,1.220577
Y03839,-3053.567840858519,-105.08768817802552,-0.120914005
Y03840,-2970.124982213456,-98.68516971892245,-0.5089322
Y03841,-2956.0968025007614,-29.57442137732342,-0.50496954
Y03842,-2809.6833038719387,85.53636463923709,-0.19592254
Y03845,-2967.7457173069747,-84.41854396612273,-0.51560056
Y03846,-2972.6735504042535,-48.44324432876383,-0.54142326
Y03850,-3106.543472745651,-21.81215577683887,1.3762639
Y03853,-2932.6606875083103,-100.92775073167597,-0.46903595
Y03854,-2951.729539901844,-36.1525297365032,-0.5038689
Y03855,-2940.078658352117,-14.98459768216996,-0.5595579
Y03856,-2950.2067355772597,-79.48820733375514,-0.4673204
Y03859,-2976.307961083125,-44.024223719679455,-0.4230123
Y03860,-2952.4747513767097,-56.590081317329165,-0.55695724
Y03861,-2952.141005846457,-185.00722686518134,-0.5093511
Y03870,-3040.7722212329913,-14.434576861520625,1.0145601
Y03880,-3001.018299603696,4.9750251132710614,0.4225916
Y03881,-2947.7512593776705,56.69618918790122,0.42228824
Y03882,-2978.315145890625,10.140859489739062,0.58186567
Y03883,-2875.8644347431155,-13.054662564731178,-0.8438482
Y03884,-2905.403885051754,-23.617149486915675,-0.7198334
Y03885,-2874.8251490353787,-28.764946911101365,-1.2478896
Y03886,-2976.0511921079656,-291.79704075161203,1.3351939
Y03887,-2964.2346283582,-5.742786575606434,1.3351939
Y03888,-2899.793115774335,-36.01498310320633,-1.0137188
Y03889,-2943.9190446380576,-91.93936608069136,-0.24996197
Y03890,-2984.782171571057,-40.74314908641928,-0.25045642
Y03892,-2972.7389810435902,-27.51920989329799,-0.2517087
Y03893,-2885.196639682256,-16.20097426791738,-1.0891072
Y03894,-2937.33212553931,-38.08244668612205,-0.27518034
Y03896,-2966.942032418188,-17.367649959839653,-0.27518034
Y03897,-2890.545847213676,-25.497774685609752,-1.1284599
Y03898,-2972.385991459042,-8.420723091001214,-0.26234907
Y03900,-2983.3620634956046,-56.99153747170704,-0.34723288
Y03901,-3018.8592859774135,-95.59424192079595,-0.34723288
Y03902,-2953.777175475433,-47.58501550604777,-0.24996197
Y03903,-2974.4830497976595,-7.225935924086502,-0.24506003
Y03905,-2966.269000567099,-32.29827440879791,-0.25009876
Y03906,-2972.576839553506,-20.62450968188065,-0.25295138
Y03908,-3074.4224872023824,-23.144371329147347,1.0965891
Y03909,-2874.564088983991,-8.85780967103417,-1.1536671
Y03910,-2833.4693493470822,-5.480874947897794,-1.1536671
Y03915,-3080.5744240872127,-70.3815564695847,1.0048119
Y03916,-2942.116109967415,-56.724553058337825,0.19148551
Y03917,-2963.4569823587267,-47.87865255451188,0.17127179
Y03920,-2904.5723316939852,-23.6249989207955,-1.1274589
Y03921,-2790.647119020378,-28.973297727023578,-0.9344611
Y03922,-2994.7814132794024,56.866713821625495,0.74156106
Y03923,-3121.405583110789,-80.43598461162321,0.7962096
Y03925,-3187.743886303728,-84.25879586393116,1.6406165
Y03926,-3005.1833513724323,-79.24320602240483,-0.27518034
Y03927,-2904.2067824542914,-9.466162898315638,-0.9942647
Y03928,-2614.4519146364405,179.231024949045,-0.9929345
Y03929,-2907.74467348766,-16.427797865511586,-0.9942647
Y03930,-2804.233922219824,86.98857159802019,-0.99336636
Y03931,-2679.4300804186732,-7.267977730667105,-0.99336636
Y03933,-2926.9985662645718,-48.28211802714998,-0.98669916
Y03934,-2906.991022994939,-17.97503275471474,-0.9929345
Y03935,-3070.4621893218196,-184.11530934842696,-0.9596795
Y03937,-3040.655644892012,-76.18348109122762,0.046284832
Y03938,-2863.2812070976756,68.65781203688395,-0.09360795
Y03939,-3030.285060274917,-79.6029689981387,1.335057
Y03940,-2562.673266891017,88.35877421067175,-1.1398108
Y03942,-2677.1842027468724,0.6060511455772959,1.7675092
Y03945,-2836.037636067082,20.5448898972775,-0.06983061
Y03946,-2955.275183959379,-20.53067572180525,-0.070107736
Y03947,-2968.5180174395023,2.0880845245895547,-0.07070693
Y03948,-2979.0569243413825,-35.984176561335985,-0.07274703
Y03949,-2941.149684511387,22.58035200122773,-0.06996742
Y03950,-2960.960079653016,-44.23369117456396,-0.073433235
Y03951,-2670.1899886663205,-747.1783640061265,-0.6776201
Y03953,-3084.942107936218,-15.555279450515838,1.4374532
Y03955,-2548.882347812022,155.47118417212243,-0.67922175
Y03960,-3148.841409596259,-37.4983813563029,1.6812028
Y03963,-2885.219384441181,-55.529341324539395,-1.2118634
Y03965,-2876.4046336968972,-51.48255142133276,-1.2337527
Y03966,-2886.015418561584,-25.234815095985088,-1.1668304
Y03967,-3013.5220619961333,-85.05544157029493,0.7917515
Y03968,-3151.2986524973976,-30.392331932487256,1.8503696
Y03971,-2811.6707114127794,-48.776006233979544,-1.1619809
Y03978,-3082.7239025648723,0.976435696594465,1.8394248
Y03979,-2946.839479955505,-8.801925017067006,-0.18899092
Y03980,-3077.3578017120058,-14.818417177896102,1.1412209
Y04016,-3073.5742538494096,25.2886813110044,1.6803255
Y04018,-2671.8763889079273,84.46630221391739,-0.8119718
Y04022,-3011.884764190396,-104.91888301704887,-0.37875584
Y04023,-3013.395152457269,-45.82193108183306,0.7917515
Y04024,-3032.548263333464,-15.06548688904958,0.7914709
Y04026,-3040.5297080795794,-77.8369851080917,0.36608726
Y04027,-3036.3139213891877,-211.84626206251363,0.35284516
Y04028,-3024.05293500183,-80.90784261135053,0.3775034
Y04029,-2825.7871397737867,-46.3303542439039,-0.18955946
Y04031,-2821.8689629793307,30.420481217868005,-0.04034244
Y04032,-2783.276044945268,-85.07717592558585,-0.04034244
Y04033,-2741.171589630583,51.47583228021192,-0.041009594
Y04036,-2954.007744495037,-52.52644859803491,-0.5994168
Y04037,-3140.607866952926,-40.19050182510209,1.6785519
Y04045,-2868.9247529685335,-31.384003967284162,0.49255186
Y04048,-3111.3731226179693,-19.347261863180897,1.6342119
Y04049,-2954.9872013148956,-98.52680020008881,-0.49330303
Y04050,-2943.307613629761,25.129661170814718,-0.45662177
Y04051,-2967.48073851607,-41.71653143229335,-0.44306275
Y04052,-2960.877713871567,-37.75091600726796,-0.45669731
Y04054,-2926.455842722511,10.678529852262876,-0.45297232
Y04055,-2965.102017423701,-42.277089884000034,-0.43175605
Y04057,-2945.960946983088,-6.002944917891684,-0.4450185
Y04058,-2958.656369615864,-7.267146062583318,-0.4640077
Y04061,-3239.2577113264624,-204.17296762544123,1.093818
Y04066,-2943.1856332276075,-13.435574343514519,-0.45613047
Y04068,-2982.6926233246595,-38.702861240549794,-0.4501651
Y04069,-2994.7299206208795,-83.68688009237779,-0.456341
Y04070,-3078.680065535842,-13.618117189844059,1.1370494
Y04072,-2871.730060351737,50.797021323755025,-0.71318394
Y04073,-2948.3878735673584,-8.851508737995934,-0.44588944
Y04074,-2950.3300595705987,-9.928167890368895,-0.4503766
Y04077,-3012.43017115296,-55.50263491141005,0.12786354
Y04078,-2877.9273729199053,12.672881997548348,-0.69158787
Y04079,-3019.8198706169233,-32.83920460423938,0.05039039
Y04080,-2909.181646469426,-4.627378484611117,-0.9875708
Y04084,-2876.2163602016103,-16.491744158681293,-1.3199421
Y04085,-2875.9527205845848,-26.105699905925242,-1.3199421
Y04086,-2882.7284784847143,-31.237473046085217,-1.3199421
Y04087,-2871.2938318216093,-27.685420236324457,-1.3199421
Y04089,-2914.9223877513177,-50.58612985930549,-1.1398108
Y04093,-3035.0142325393576,-223.2489255808425,-1.2478896
Y04094,-2877.439490000589,-6.144721841563163,-1.1259545
Y04095,-2909.30694798057,-40.42915298381734,-1.147016
Y04096,-2888.652754225232,-66.16441817668054,-1.1518196
Y04097,-2868.8662093200196,25.191787904962634,-1.1148696
Y04098,-3007.0104672308403,-26.932743664199858,0.34835124
Y04099,-2727.6069005023915,-71.91577651486729,-1.027729
Y04100,-2891.6884814491696,-6.141498285117761,-1.0281293
Y04101,-2517.3911257888244,-694.8407809270574,-0.6694678
Y04102,-3000.037890295451,-59.0169633548312,-0.013259626
Y04103,-2904.6033628066584,-18.54536851749144,-1.1503415
Y04104,-2923.0790269021286,8.80829636224332,0.74156106
Y04105,-3010.212470978285,94.50670926524397,1.0815163
Y04106,-2507.728370755924,284.9970858013461,-0.53192455
Y04107,-2969.972193232919,-23.896854085015892,-0.34723288
Y04108,-3001.6911257563147,-36.88894081839601,0.37606376
Y04109,-2845.287046164783,39.389276765603896,-1.2597338
Y04110,-3074.6818962829507,-32.56083894683329,1.1178354
Y04111,-2989.7297312615283,-147.6955947830496,-1.1758372
Y04112,-3076.403009719253,-11.84118866584407,1.1797266
Y04113,-2898.056557540554,-82.96254826031505,-0.54925364
Y04115,-3085.695289885546,-32.17015487817302,1.7422906
Y04117,-2981.674324560669,-116.8818299067269,-0.5633905
Y04119,-2985.5610221519205,-23.178479353849898,-0.41928545
Y04120,-2949.660364455124,-26.0426473211551,-0.5994168
Y04121,-2918.708346699383,3.05191313571326,-0.5598585
Y04122,-2949.598994237773,-33.640524040815414,-0.5633905
Y04123,-2946.36787453096,-12.458360120789495,-0.5598585
Y04126,-2965.6827547185885,-74.3601203892498,-0.5599918
Y04127,-2921.3845590742603,-32.162274378897045,-0.56011534
Y04128,-2944.2998667760885,-40.69406689174287,-0.5633905
Y04129,-2999.1820754139203,-114.24163847891901,-0.5548128
Y04130,-2951.171548651556,-40.830450613925,-0.5633905
Y04131,-2946.475181251989,-28.27049892855358,-0.5633905
Y04133,-2945.474328913597,-43.606866462446256,-0.55992645
Y04134,-2929.748975635748,-55.475082258760686,-0.85083413
Y04135,-2976.0048637548716,-105.51736253718028,-0.88762695
Y04138,-3061.5755776919846,-37.347940074302954,0.6947577
Y04139,-3038.8259670160196,-9.470879969003919,0.69425386
Y04141,-2992.564795883207,-39.96971371362078,-0.009140198
Y04142,-3120.6261443205854,-45.69765076754105,1.5559148
Y04144,-2892.48403467804,17.014870174102967,-0.72430784
Y04145,-2906.634468454524,-77.91761629366353,-0.720465
Y04148,-3081.8108991883173,-112.5216776062949,1.0289706
Y04156,-3119.5484149864965,-27.732787617776903,1.468961
Y04158,-2968.0583637607183,-194.50968138428735,0.22018087
Y04160,-2976.975784481778,-77.04483225265103,-0.34449673
Y04161,-3124.2931014168284,-19.446068008145915,1.4653723
Y04162,-3129.051220269681,-4.235429784079295,1.4668641
Y04163,-3123.1959574246653,-62.61702286381106,1.479299
Y04164,-3244.3014976823497,-245.87841565445984,1.4901068
Y04165,-3041.7456313129287,39.63491005270069,1.4660894
Y04167,-3006.0366457329656,-32.66635085782484,0.013029811
Y04168,-1689.4988493984613,88.63237361534858,0.5894501
Y04169,-2979.620140406674,-12.228788047036234,0.17010434
Y04170,-3099.6986144046355,2.9119706426955783,1.7896937
Y04171,-2915.2252539108663,-42.85562583663352,-0.5473073
Y04172,-2899.196621574805,-44.49941266959797,-0.555885
Y04173,-2992.704330345692,-76.39526176738653,-0.5288973
Y04174,-2903.053896333619,48.83123024339088,-0.26838294
Y04176,-2947.1620843892724,-48.29734354465292,-0.5041692
Y04179,-2955.757615482078,-31.594347870195897,-0.5119244
Y04183,-2946.540453792424,-76.57133503389905,-0.3416904
Y04184,-3150.1529245085117,-73.46002987811738,1.5888886
Y04186,-3146.8571476569823,-46.94154348404297,1.5676179
Y04187,-2928.6001987661234,0.5111049904861148,0.17099115
Y04189,-2919.027736907134,27.799882631604756,-0.37173074
Y04190,-2912.814778083114,-11.065501830659592,-0.37217414
Y04191,-2911.090319399807,35.68994830579382,-0.37231445
Y04192,-2948.2420350733028,-32.97503924497106,-0.37217414
Y04195,-2872.7297129406206,-5.5655880225050804,-1.2974842
Y04196,-3065.0563302052287,-171.17386039356,-0.34723288
Y04198,-2855.1999512510138,-46.371659395751344,-1.3091342
Y04202,-1963.699268513242,-415.9249107564806,-1.0494763
Y04203,-2896.5690152468605,-61.36743823135129,-1.042328
Y04204,-2923.694679521302,42.51805964741453,-0.25287837
Y04205,-2914.452651397788,-9.368794157598428,-0.25474754
Y04206,-2915.0298665201544,-163.3976234736582,-1.2358809
Y04209,-2914.0348973241976,-24.907979389531302,-0.76014936
Y04211,-3126.015283720473,-7.316992726990522,1.6571378
Y04213,-2948.072444737368,-78.23357486955804,-0.7817998
Y04215,-2948.3993744024747,-14.383071414426626,-0.38091978
Y04216,-3137.313921625616,-0.7882263475971074,1.7471592
Y04219,-2899.6453113507637,-0.09497164332061375,-1.0970939
Y04220,-2989.618061649157,-37.68325701280732,-0.11444776
Y04221,-2885.9488361043445,-35.044791232064426,-1.2391937
Y04224,-2865.7070312936635,-26.41385081503018,-1.2905669
Y04225,-2073.206930013661,1233.3687794750933,-0.34723288
Y04226,-2970.742499382082,-68.73987279352258,-0.4733248
Y04227,-3174.681975046147,-54.007595066297526,2.0539963
Y04228,-3121.862051718943,-161.77680105661747,1.8736807
Y04233,-2990.6365397882014,-28.39548925825396,-0.13577436
Y04235,-2968.474919543117,-43.432152902822,-0.3680902
Y04240,-3003.5304945343246,-74.21051224287923,-0.04764601
Y04241,-3016.06907687312,-95.72047685760847,-0.05323279
Y04244,-2948.646761936542,-24.360931885957793,-0.37525332
Y04246,-2987.772683811659,-6.587964615140591,1.9584485
Y04250,-2720.380132942376,129.911207764547,0.75863683
Y04251,-3054.9185290752844,-103.5305131370098,0.75094724
Y04255,-3067.4927421835373,-39.29897084334211,0.7590507
Y04256,-3063.153978629572,-27.956234864288636,0.7585334
Y04257,-3051.803557472939,-39.614853526476644,0.7575727
Y04259,-3069.602055958619,-33.0881690419932,0.7582897
Y04260,-3056.1686103898887,-20.196215888110828,0.7587243
Y04261,-3107.969464628027,-96.2205706507459,0.7695815
Y04263,-2845.7064771294336,-629.8787664381571,-0.67146933
Y04264,-2922.7818437073643,-9.02954104856331,-0.586144
Y04265,-2977.26861349253,-119.88480752546799,-0.25033465
Y04266,-604.9087694867427,315.2844851035085,-0.24804369
Y04268,-3030.190266837191,-33.8006888091024,0.47236475
Y04270,-2988.689294594423,-78.47028139183088,-0.3742526
Y04271,-2678.649792879288,117.709658009189,-0.3720302
Y04273,-1088.0530120807205,1677.2842068676055,-1.2357118
Y04274,-3089.968109296577,-31.534953773379222,1.0243387
Y04275,-3098.85452849151,-37.856495289771054,1.1223162
Y04277,-3109.4164476002065,-136.43195444345858,1.7451729
Y04282,-3031.2996106901587,-102.28525716754513,0.46696082
Y04283,-3028.9445044406284,-45.00539710498021,0.43262988
Y04284,-3023.260624178217,-31.69444516868552,0.4333363
Y04286,-3022.5387129362202,-32.498938972661826,0.4320722
Y04289,-3085.2133754984957,-141.65126464857656,0.41763255
Y04290,-3028.4886197908,-19.67166041412466,0.43633845
Y04291,-2996.722711136467,-31.651522776512326,-0.0009158418
Y04292,-2991.7410102610684,16.63153476692841,-0.014861494
Y04296,-3022.163028896989,-15.631657219191,0.39698103
Y04297,-2868.5754847987296,-83.13744684254237,-0.08410431
Y04300,-3018.0249108273733,-49.519932687717805,0.3963493
Y04301,-3029.51453944058,27.191912360709836,0.38846147
Y04303,-3049.7703078085992,-121.07851575053229,0.3954625
Y04315,-3072.2092635355757,-42.429882687192716,0.92136425
Y04318,-3162.334095926984,-62.299313820320094,2.030501
Y04320,-3179.6878624216297,-61.14449349216367,1.9476405
Y04321,-3181.569789211653,-70.56568873784427,1.9944745
Y04326,-2979.62449446702,-35.70204035937919,-0.25220707
Y04327,-3016.346142779835,-21.478814407661986,0.127113
Y04331,-2632.3724746401144,339.81202164807456,-0.36735144
Y04332,-2963.102292396526,-48.154993398704654,-0.47230524
Y04333,-1100.926279863589,-2188.164433773616,0.23583843
Y04334,-2711.553302745473,-59.9780661253377,-0.7389616
Y04335,-3115.236090179342,-101.49108851164046,0.7695815
Y04337,-3180.2964803484983,-41.272905917827885,1.7717669
Y04338,-2967.3701883069216,-19.470846055760713,-0.27518034
Y04343,-2917.7009811750845,111.20136616514512,-0.3001216
Y04344,-2952.7515954431824,19.403620796823528,-0.26882276
Y04345,-2964.5730783445465,-25.621665619555134,-0.27254426
Y04346,-2937.418734845419,-101.88212755757331,-0.9957057
Y04347,-2901.359607936161,-34.882880961764236,-1.0287299
Y04348,-3121.3020820247025,-35.96174742899634,1.4067961
Y04351,-2896.341192685059,-3.203738006530365,-1.0298358
Y04354,-2905.4021071676407,-46.22050940077898,-0.7183035
Y04359,-2830.06110113165,-45.7066746895557,-1.1037846
Y04360,-2921.1876568639377,-51.57878684590624,-1.0719151
Y04361,-3081.367307199665,-34.91033481138268,1.1409795
Y04364,-3185.5154553343123,5.952818299025238,2.087673
Y04365,-3004.3714172182595,-82.65001433791389,-0.17146836
Y04366,-2957.33933183089,-73.92035682727155,0.21326883
Y04367,-2975.247875253205,-153.83732658895403,0.21786489
Y04368,-2974.9514710313906,-193.5240082982724,0.21541268
Y04369,-2968.777339243681,-196.7253824891295,0.21936208
Y04370,-2971.025425264422,-152.09169048835759,0.2142497
Y04371,-2991.7661082452055,-117.45117372401666,0.2159146
Y04372,-2958.545737960236,-54.24199053773459,0.21374759
Y04373,-2993.3297273168578,-120.79555342894928,0.21401846
Y04376,-2722.057080175695,-82.00549931720313,-1.2349201
Y04377,-2975.05713306335,-17.12932841702064,-0.26076984
Y04380,-2869.568347131317,-11.55471197606093,-1.3199421
Y04381,-3095.3215068782924,-28.190418183784338,1.1440872
Y04387,-2914.965959660074,-82.97827248399827,-1.0047122
Y04392,-2876.6574740688507,-65.03843368913952,-1.0328578
Y04395,-2825.1909449279756,-5.545311496606554,-1.2478896
Y04397,-2969.151788397228,-101.22985042124047,-0.17886522
Y04399,-2656.2898199370125,9.455687167504141,-0.719024
Y04400,-3141.804559443874,-27.094005681472005,1.6822469
Y04404,-3088.014657899886,-71.32489904928214,1.0943807
Y04405,-2996.2339907383366,-18.04615271950534,0.34879464
Y04406,-3047.557041042,-39.79946428156695,0.675071
Y04407,-2890.6332190548956,-60.31124001126657,-1.2478896
Y04408,-2956.8593123326064,-183.93549768887056,-1.2478896
Y04409,-2921.984277220077,-84.17785905091844,-1.2478896
Y04410,-3144.51787047098,-79.73869712825855,1.4625573
Y04413,-3061.4703094422252,-85.44821188755688,0.74706507
Y04415,-3151.037942001207,-4.748260890901794,2.2466586
Y04416,-3060.806196092817,-32.19250429286983,0.60459167
Y04419,-2805.567442978897,-102.40483868023463,-1.2478896
Y04421,-3109.2188820341657,-81.98727411514577,1.4651656
Y04422,-2992.9159563979065,-24.693587982324242,-0.071225174
Y04424,-3100.3432152571086,-123.47481360971697,0.7682948
Y04425,-3052.79008797738,-38.02164867892783,0.76074487
Y04426,-2460.6367166545497,-30.688444419595022,0.5193449
Y04430,-2998.3350915427354,-216.15225558795655,0.01302981
Y04431,-3012.8824866066657,-170.24947572544562,-0.67146933
Y04433,-3026.778225912747,-130.07286698364234,-0.20312779
Y04438,-2954.9590379091787,-29.210723408187224,-0.46784255
Y04441,-2890.1289060604527,-10.423934088986774,-1.2370245
Y04442,-2907.3591204772206,-89.94786384683084,-1.1398108
Y04446,-3028.585616032705,-12.710371518990083,0.42084718
Y04452,-3121.7538449919807,-31.85672088268441,1.4563801
Y04456,-3036.5246057701033,-16.275145546174233,0.4333363
Y04458,-3044.5210917508994,-40.271224874752505,0.4317351
Y04460,-2597.8748377235374,290.48578748991395,-0.99669284
Y04461,-2906.2190238824273,-81.37322540777116,-1.2478896
Y04462,-2900.625331564204,-28.61960518483568,-0.9265941
Y04463,-3055.848273094017,-25.106032951264815,1.1522388
Y04464,-2911.1746998510894,-105.68941889963075,-1.2478896
Y04467,-2976.7036989543158,26.55075210315839,1.7422907
Y04468,-3146.7140616923966,-268.496612037137,0.5173976
Y04469,-3150.251277036224,-233.89706840336396,0.5173976
Y04474,-2652.464613765394,-105.47462657702756,-1.2962537
Y04475,-2966.555228389797,-149.38221065251545,-0.18768798
Y04476,-3018.2529482553737,-14.25540616183977,0.4885766
Y04477,-2574.6396360089457,-43.74203613340182,-1.3199421
Y04478,-2883.0478930529794,-37.9998661203105,-1.2978208
Y04481,-3132.845336640338,-67.91178309721795,1.6800636
Y04483,-2940.0373204320517,-104.32578467281955,-1.1442043
Y04484,-3061.5037541675742,-12.260678360495907,1.093818
Y04485,-2908.6255146721105,-68.86292123099436,-0.79241467
Y04487,-3057.7063125900063,-32.43003064465238,0.8179596
Y04488,-2838.76523029848,34.18964656650222,-0.19712342
Y04493,-3058.4670525597885,-1.811960328767902,0.92216337
Y04494,-2873.311133986373,-25.23172175364059,-1.1398108
Y04495,-3107.607600572932,-68.20302318429917,1.0898149
Y04501,-2993.749183482966,8.251830111947127,0.2965409
Y04502,-3092.1142559148784,-39.261705846321846,1.1178354
Y04504,-2958.8872494404222,-304.126955254461,-0.47496235
Y04505,-3065.532133720283,-41.51855659224741,0.81865174
Y04506,-2763.2005670312915,-437.0396248892054,-0.30507448
Y04507,-3181.3249722540095,-67.74671613090783,1.8801304
Y04508,-3055.4427833145987,-187.19115956157043,-0.23915409
Y04510,-2993.986974532339,-109.46101314392303,-0.49133795
Y04511,-3034.9525190585487,-137.95585540989703,-0.23915409
Y04512,-3126.498759394331,-157.74883902220688,1.6486224
Y04513,-2823.6849055251546,-212.9663007048463,0.3536418
Y04516,-2865.4145267088816,-106.01719320891088,-0.7519986
Y04521,-3107.269542422113,-73.78654382443402,1.1505259
Y04531,-2894.1097581653553,-91.92662980938655,-0.30494118
Y04537,-3028.4218408078,-19.486376922798392,0.43284616
Y04538,-2742.031690511975,22.19043136476552,1.8629005
Y04541,-3130.2757305474042,-10.62487799063487,1.6619245
Y04542,-3002.533364397188,-144.67003165294358,0.455941
Y04543,-3130.6631369869106,-80.04033852601489,1.6909089
Y04549,-3011.2714519916235,-35.110508627302835,0.111829124
Y04551,-2923.3909803440765,68.7493617855092,0.39052248
Y04552,-2978.2339036540366,-76.8165796856693,-0.34723288
Y04553,-2913.9865669664155,140.3531948689448,0.74627036
Y04554,-3082.4959166647445,-158.62579703324207,0.7395596
Y04555,-2996.679178428475,-64.22019612367684,0.004795238
Y04558,-2914.199942534904,-20.47826653618065,0.601981
Y04566,-3141.0089047556366,-29.534864256906406,1.7639066
Y04567,-2955.2250652170596,-75.8911667304425,-0.25305894
Y04570,-2962.299152696678,-27.482869605485757,-0.34723288
Y04572,-2924.2498961085034,-7.012940145780238,-0.25332835
Y04578,-2906.873300312629,-81.17462107971274,-1.0003543
Y04579,-2934.588583615325,-29.670321197172107,-0.79275775
Y04584,-2841.7234688762674,-5.974310856753863,-1.3199421
Y04585,-2285.066137348339,-336.7870560897186,0.5142649
Y04586,-2858.6910287745036,-76.62910487010198,0.5142649
Y04587,-2677.3520095315594,-193.93061175933144,0.5142649
Y04588,-2896.047582772787,-100.50590841575647,0.5142649
Y04592,-3042.7641299534585,-217.04793107700573,0.4063166
Y04593,-3021.119764745725,-49.55607872744195,0.56118333
Y04594,-2980.8460696336665,6.569720796977591,0.75705063
Y04596,-2878.849518802764,31.581593899631137,-0.85160065
Y04600,-1686.0684588074967,106.22136842887369,-0.69901884
Y04601,-3088.653508966866,-51.72386202951415,1.1264131
Y04602,-3087.160625282201,-7.02000284292622,1.1058266
Y04603,-2963.712650468481,-100.84189681829844,-0.30450404
Y04604,-2987.139973958352,-84.46129606232277,-0.28774765
Y04605,-2675.845305878547,101.48209231351804,-1.3199421
Y04609,-2997.2828782186193,-41.37696250280273,-0.059022732
Y04610,-2971.5323685180674,0.8923272830709895,-0.25814974
Y04611,-2954.015278499079,-126.47041844629703,-0.36724746
Y04614,-3037.965478912501,10.720590734434852,0.75679797
Y04615,-3001.451416532099,-90.58683751012263,-0.02299646
Y04616,-3084.191085375779,-188.7890873625398,-0.02299646
Y04618,-3016.52887524162,-171.48050657345237,-0.05387612
Y04621,-2882.4052427198976,-41.44039572539201,-1.2478896
Y04625,-3068.8157901932796,-38.874779735809234,0.8945236
Y04628,-2932.2020387997136,92.71008956501957,0.42569435
Y04629,-2719.932191414955,-364.1629173170185,0.22918744
Y04630,-3092.974144854226,-75.3442956877345,1.6831431
Y04631,-3130.336565024898,-44.44039506680627,1.6844125
Y04632,-2932.212661700728,-20.625539347003066,-0.6903402
Y04633,-3052.612466707027,-36.13994132617827,0.6716351
Y04635,-2882.1198510969466,-31.939461105154077,-1.2974257
Y04637,-3055.8897998522552,-258.68057700875744,-0.67146933
Y04638,-3005.619601031603,-14.917377151202835,0.10309549
Y04639,-2990.897720550139,-57.68573359294792,-0.016992081
Y04641,-3043.2692182851188,-12.166488100242791,0.4400078
Y04645,-1858.2504969197096,1032.2749918082052,0.82790977
Y04649,-3183.427165008705,-50.9883997198936,2.2466586
Y04651,-2979.9102623891126,-113.55512924912495,-0.75432974
Y04654,-2674.591967236649,273.3428986482253,0.114558384
Y04657,-2933.8213618441728,-10.11031209837163,-0.265355
Y04658,-2948.2146520370857,-121.82942921526106,-0.8558391
Y04660,-2252.4610777098987,-3246.6283229586834,-0.52736425
Y04661,-2993.6608973522007,-68.11554364183746,-0.05843213
Y04662,-2598.2546650078148,509.722332429248,0.63044554
Y04664,138.50303521557993,48.81319382799748,-0.27351758
Y04667,-3039.8843829393013,-128.75452959073556,0.65529126
Y04669,-3127.6886954014244,-87.38209485651997,1.4845644
Y04670,-2965.4247475872544,-121.28292966903985,-0.79991084
Y04672,-2893.4600351183735,14.27948784866712,-0.70749557
Y04673,-3062.0355245172227,-151.81141277084956,0.41925707
Y04679,-2910.4825513678643,-246.0988407603641,-0.9236532
Y04680,-2907.369793014789,-39.74428929919654,-0.9236531
Y04681,-3035.1383393823585,-68.01061491480706,0.8511504
Y04682,-2908.88156265631,-207.67050178001884,-0.5147064
Y04684,-2383.5501950971316,325.0947364723501,-1.3064322
Y04685,-2977.5984850306177,-94.12375972003288,-0.19111905
Y04687,-2581.478086837181,112.49611283691159,-0.93626237
Y04688,-2479.7045895441497,253.61392572920116,-1.0092156
Y04689,-2464.6626981540726,206.33380425445824,-0.9364367
Y04690,-2127.938050608441,-83.68114489060528,-0.9840844
Y04691,-2947.794642246269,-34.57557322628832,-0.6804759
Y04695,-3183.776834370599,-132.88524844544312,2.2466586
Y04702,-2228.0125191601055,1246.6144322440678,-1.0267628
Y04707,-2832.355987021966,21.67558581221393,0.5839076
Y04710,-3058.902249124285,-108.66315325218078,0.7515684
Y04711,-3081.70652887521,-61.01566642832238,1.1527699
Y04713,-3159.8522288374884,-54.74638320702111,1.7603039
Y04714,-2959.3587247143587,-87.33276009862364,-0.28547356
Y04716,-2981.482598062109,-163.88279121786675,-0.1686679
Y04717,-2877.5704464001747,-54.39479352297328,-1.2612036
Y04718,-2888.272831323435,-47.73993694769615,-1.2587813
Y04719,-2979.642611365292,-105.33946681879375,-0.37998402
Y04720,-3138.7827860190555,-53.0271963744318,1.6831048
Y04721,-2936.4703853743204,-117.07364867817643,-0.079983465
Y04722,-2791.4844369641764,332.8987893384083,0.70772505
Y04723,-2981.5053567031946,-51.5246318113995,-0.07597627
Y04724,-2984.4803965353985,-48.68743124214493,-0.25225455
Y04727,-2840.9142696342187,69.61537642769918,-1.2478896
Y04728,-3133.246925232367,-338.735802920945,1.1041112
Y04732,-2716.3565764052123,-43.9328217470155,-1.2427431
Y04734,-2875.610371026285,-284.9252890445511,-1.2226713
Y04736,-2752.014287899335,-173.89310108486518,-1.2265182
Y04749,-2862.2037294351426,-124.59424750546873,-1.2262739
Y04755,-2831.8417366212443,-152.19854037219037,-1.2410275
Y04762,-1887.5769877910536,312.2127564791829,-1.2411729
Y04768,-2509.532333234336,557.9379960867159,-1.227584
Y04769,-2900.565880832476,-275.4986509744466,-1.1398108
Y04772,-2990.024050432777,-194.3506665666542,0.66150266
Y04775,-2876.434565328488,-33.26082145530849,-1.1398108
Y04777,-3005.4863857917803,-82.55127431361045,0.08508235
Y04786,-32.824632432881174,179.95018105911882,-1.3093462
Y04787,-2930.2063971657585,-106.0801940300813,-1.3199421
Y04788,-2865.1809865193045,-159.70822172906432,-0.5668216
Y04789,-2860.937457040684,-15.59346977239403,-0.989895
Y04791,-3047.529613814072,-94.30196775106064,1.7641891
Y04792,-2899.769693866303,-15.669083185129708,-1.0070081
Y04795,-2951.917693426418,54.732403123021804,1.4703506
Y04798,-2950.487815899651,-107.43973282946209,-0.4782375
Y04799,-2724.140224734298,-275.01032206892665,-0.46152312
Y04804,-2886.228740175829,-77.21815271914946,-0.49734232
Y04805,-2192.0086197384094,195.80668980214836,-1.1398108
Y04806,-3010.9599131629825,-130.25845051273504,1.9642591
Y04808,-3133.6998056079356,-47.05402298045951,1.6342119
Y04809,-1740.0936817462095,416.00689657540613,-0.69122565
Y04810,-2681.884836115284,558.0674354900865,1.7422907
Y04812,-2833.2913353395866,-18.963132480672517,-1.2118634
Y04813,-3099.7896260278358,-271.26270347838386,1.0433811
Y04817,-2948.156922521133,-41.266273867347195,-0.19499286
Y04818,-3141.580222715753,-81.91239079546683,1.7110679
Y04831,-2773.551874330273,-63.62435911709203,-0.39211807
Y04832,-2779.042014027423,157.69253390633537,-0.38325915
Y04833,-2665.8773216805166,200.86985699963833,-0.5561852
Y04836,-2874.8433648925584,-195.272010244409,-1.0027353
Y04837,-2847.6828192280427,-67.35933508562452,-1.0329132
Y04838,-2899.0092532887525,-101.11936771520399,-0.38207796
Y04840,-3004.664097684589,-248.1883223037847,-1.094778
Y04845,-2906.9532758152163,-74.32270644727859,-1.1398108
Y04846,-3026.387170532215,-53.33921476071464,0.59690386
Y04852,-3050.433616158115,-55.57036590823304,0.74697673
Y04855,-3029.8344874570976,-49.69777984810951,0.664076
Y04862,-2990.5343246411708,-107.30983549238658,-0.07996823
Y04867,-2883.865611145802,-33.281311054237314,-1.1398108
Y04869,-2878.3893560035576,-84.20416213567952,-1.1398108
Y04870,-2350.7374649124904,-263.27302968956553,1.0337741
Y04872,-3058.782866934398,5.190917403961037,1.1062407
Y04876,-3038.6501561172017,-87.7849672413956,0.34390268
Y04878,-2887.611487714717,-38.69625177249695,-1.2416781
Y04880,-2911.790735654697,-49.23962241573273,-1.0115995
Y04882,-449.896435415061,41.87281650477608,-0.16038477
Y04883,-652.6859898954218,-490.67488686310486,-0.16038477
Y04884,-327.6754876605367,-275.7246177601057,1.0284821
Y04885,-2970.321977099854,-46.13462999745744,-0.35976377
Y04886,-2659.1013107766576,-110.10013837309104,-1.3055316
Y04887,-2569.651216263317,-2097.037566689498,-0.63544303
Y04888,-3147.4354558853415,-122.56362720440572,1.8289486
Y04893,-3117.676283040849,-132.2025658925214,1.5775993
Y04896,-2837.5177060349183,-54.925911787175686,-1.1117225
Y04900,-2396.2623545014444,388.1269713610232,-1.0186316
Y04901,-3097.1477894558243,-105.57610421953243,1.1538616
Y04905,-2899.2292724874887,-26.20659383757219,-1.079767
Y04907,-2857.2206105169607,-83.22731476177987,-1.1398108
Y04908,-2425.6671406871046,-97.03989080545277,-1.1544656
Y04909,-2756.4975098681075,-6.255814277864507,1.3313471
Y04910,-3140.0321883961133,-175.03579195870833,1.7745249
Y04911,-2855.770050392624,-126.26445958436449,-1.2633295
Y04912,-3077.191535647045,-135.45301475671437,1.3202688
Y04913,-2664.9138072710793,-41.57035018853531,0.0331801
Y04917,-2867.42102942271,-72.24894031387548,-0.9070257
Y04918,-2919.961049320848,-90.3229972464712,-0.2638036
Y04919,-2368.483547805107,-1193.316553009955,0.19316116
Y04920,-2881.8565661874145,-97.99589055415073,-0.37925625
Y04921,-2944.928148534748,-89.80051822997834,-0.37925625
Y04922,-2908.9260949185364,-58.97273717369679,-0.37925625
Y04923,-2885.2507058594383,-161.0966388409798,-0.37925625
Y04925,-2000.6835976269858,1468.2820369677443,0.66150266
Y04926,-2326.817033786238,716.6859912605937,0.66150266
Y04927,198.7663318056154,2137.445305366419,0.66150266
Y04928,-3139.155214733171,-94.11553742831181,1.7623985
Y04929,-3113.3572346176356,3.5488425962923635,1.6982588
Y04931,-3038.5101332993186,88.07719281349665,1.7631481
Y04933,-2903.4302405758344,-150.8486272735805,1.1051946
Y04934,-2525.1949874151965,-88.79206315203271,0.64071834
Y04935,-3132.3754709934638,-94.14581712128665,1.3382819
Y04937,-2963.2997690931825,-92.81310648136602,-0.205247
Y04938,-700.1253608406417,258.67530025281945,-0.10452959
Y04941,-2803.7860337768834,25.728020612530877,0.03578325
Y04942,-2588.8726311944088,248.65413062674023,-0.70939165
Y04943,-2253.1386785091754,-1915.8164107666664,-0.81557435
Y04944,-2380.8855532345497,-43.11706520976011,1.5981858
Y04945,-1541.995214491226,-2713.9139069230337,-0.05902273
Y04947,-1401.0439563954196,-930.0106007008412,-0.5652866
Y04949,-1030.493708046686,-1042.2436100228117,1.2951412
Y04950,-2359.7181427810565,306.78358203493525,1.6948878
Y04951,-2038.0401969191676,395.2802934245862,-0.5652866
Y04952,-492.0016623624695,-302.2041712569292,-0.5652866
Y04954,-2415.4398616437907,-195.11087691776476,-0.3870514
Y04955,-1165.5307993391211,-765.9293699105222,-1.0677583
Y04957,17645.195713914007,2262.971416739137,-0.48619133
Y04958,-3048.6070668753378,-54.415307960424194,0.66793597
Y04965,-2045.2104859970482,346.1671557505589,-0.5652866
Y04966,-2705.6743412180517,241.90917127730697,-1.1398108
Y04967,-3186.2926391932733,-150.7472661445919,2.1557353
Y04968,-1766.1539668418955,895.0656124315344,0.43965667
Y04969,-1334.4726840663222,333.13837727143317,-0.16141318
Y04971,-2929.262205619552,-151.30042688303377,-0.071324386
Y04972,-2813.6888201204583,-10.966425471592219,-1.1712519
Y04973,-3143.8772340376627,-87.2988217396234,2.1270514
Y04974,-3080.710714899562,-143.86601655121004,1.3445313
Y04975,-2361.7943834411317,33.551861482651866,1.4483923
Y04976,-3161.034561781784,-80.10749453347611,2.0055032
Y04977,2535.1457410607413,927.1040259903684,-0.67146933
Y04978,-2974.089238347053,-54.80234035894893,0.08508235
Y04979,-2072.316207676818,-783.0752679417384,0.19316117
Y04980,-2603.7683341401516,138.94378684618516,-1.11492
Y04981,-2994.084079858149,-35.766259590563656,0.05806265
Y04983,-2854.592702248448,-133.1464294809716,-1.3199421
Y04985,-2926.300334445514,-27.993677962231097,-0.57780105
Y04988,-2590.2337494937005,919.7330449620259,-1.1154059
Y04989,-3169.8775555025227,-53.73988950840366,1.9160645
Y04991,-2973.0194920799972,-126.39313370536901,-0.27518034
Y04992,-2867.5610620690704,-66.88509550794228,-1.2438867
Y04994,-3057.248104932506,-100.71928517329987,1.0356216
Y04995,15341.887608945673,1606.7155690232821,-0.3678193
Y04996,-2826.8104015049507,-87.41651249771904,-0.5790943
Y04997,-2592.580437563936,27.637264279998316,0.026785295
Y04999,-2910.0392730624894,0.19413719420929929,-0.07903732
Y05003,-2989.5589070561664,-58.50011594698855,-0.10323679
Y05006,-2928.764878598487,272.2054101926803,0.75118506
Y05008,-2223.9304972781147,-1521.7518863720784,-0.8155744
Y05012,-3075.3983882594066,-100.17881102011332,1.0624617
Y05013,-2946.814276846531,-46.39857425484079,-0.46618757
Y05014,-2837.468457561098,-219.3062246602017,-1.0931101
Y05015,-2871.55015611839,-198.58025460528916,-0.8670405
Y05018,-2962.036746390849,-56.189456107903766,-0.25540122
Y05019,-2867.2222634417653,-67.30313699026853,-0.85560364
Y05021,-2766.0080701890406,-1846.2909115138743,-0.4192854
Y05023,-770.8276803777691,1466.3626684008095,0.924822
Y05026,-3075.777565017465,-246.85440481405482,1.141307
Y05027,-2820.5276176528755,14.850956162885424,-0.26217088
Y05028,-2933.2002428620885,-234.42652512418078,-0.09247569
Y05031,-3116.312409941147,-62.579764120657266,1.4574792
Y05032,-3129.7609221788616,-90.45163025504566,1.7318316
Y05035,-3103.1360021305654,-238.65423258221406,1.037429
Y05036,-3060.4405803103855,-176.80407677281138,1.0177625
Y05037,-3076.205897925394,-139.6032052199734,1.0330236
Y05043,-3032.2957030709854,-217.19697518088557,1.0505865
Y05048,-3066.534598853185,-110.77069291957353,1.0437326
Y05049,-3097.417221134634,-197.57302278140705,1.0372052
Y05050,-3064.7428437704652,-126.14282497764242,1.0409282
Y05052,-3042.886208368863,-113.50937949536858,1.0732315
Y05053,-3058.8608910492258,-104.11144533432828,1.0397786
Y05054,-3056.9098890745336,-142.00846579127014,1.0289706
Y05055,-3041.9780330870276,-225.67512699501447,1.0588512
Y05056,-3059.8480835346277,-156.54170409151473,1.0539994
Y05062,-3097.622807180684,-64.99485210532568,1.4180543
Y05063,-2957.2082165950933,-201.37762204735728,-0.9957057
Y05069,-3006.268962023602,-42.7528914959384,0.34807414
Y05071,-2878.908583988804,-148.38069901993217,-1.3199421
Y05072,-2911.615535571694,-183.85478113904466,-1.3199421
Y05073,-2877.839005064917,-27.777636519382717,-1.1157933
Y05074,-2534.216913428287,377.4572368901065,-0.70749557
Y05075,-2951.502261005859,-46.51670349192359,-0.061793983
Y05076,-2531.999619442543,134.6236947567197,0.3529868
Y05077,-2962.179923240792,-208.29083117085744,0.34509805
Y05078,-2343.534983744233,-302.04513254998943,0.60546184
Y05080,-1152.8729606703553,801.6338321874489,0.9537158
Y05083,-2814.1962187859776,-227.77567953534032,-1.1398108
Y05084,-3144.369580014377,-12.439295446959985,2.2466586
Y05088,-1903.2490727751785,1520.8738944384318,-0.8075686
Y05090,-3173.9726653673006,-75.22621763690734,2.1929867
Y05093,-3126.8222489329996,-74.91180691820789,1.6964393
Y05094,-2893.2741642518095,-79.05593426073517,-1.0533478
Y05095,-2405.253333858536,-837.5745480798254,0.2101147
Y05097,-3086.7391305250762,-113.40954606474101,1.2606764
Y05100,-2631.0242361877577,60.212773043958805,0.9079224
Y05106,-2795.694858749795,54.844787195184956,-1.2281772
Y05107,-1893.0450013341326,1046.9186687018548,-0.5384492
Y05109,-3163.0010600288683,-110.46963534218811,2.060763
Y05110,-2788.482392481455,-79.3117933725175,-0.47162545
Y05111,-2923.8260824493486,-133.84279403192738,-0.43461576
Y05113,-2862.9392199593262,-54.6622833834743,-0.9236532
Y05115,-2988.189904532398,-62.022279419379224,0.021676116
Y05117,-2212.845680579715,605.7758574924098,-0.5079655
Y05118,-2885.2034671310284,37.6310521523034,-0.07173788
Y05119,-2740.3105575781556,-101.89651189527599,-0.07010773
Y05120,-2880.8707782278243,-132.4107319544016,-1.0317321
Y05125,-2839.8406690771967,-230.69259804913807,0.085082345
Y05126,-2940.8402235135495,202.4932139852147,1.3404592
Y05127,-2874.970775084892,-32.381951993505034,-1.1176407
Y05129,-2811.8343256509115,-433.024931236461,-0.062421434
Y05130,-3019.448476349067,-55.57283114966707,0.43505183
Y05131,-2880.766137917409,-47.54854921232201,-1.1176407
Y05132,-2952.0233676340076,-76.34399674097352,-0.072712705
Y05133,-2900.2305584743885,-135.88975069755676,-0.93265975
Y05136,-2842.561121077554,-45.278682291311505,-0.9406067
Y05137,-2684.5524530064126,-150.85112105780348,-1.3199421
Y05140,-2809.1585190302962,26.038181619803556,-0.7247882
Y05141,-1715.3142923482917,-294.72632747059225,-0.83040875
Y05142,-2429.554854538399,440.2339106083176,-0.83040875
Y05143,-2877.212325556996,-75.74286793417399,-1.3033146
Y05147,-2970.8966525479327,-84.81575261633142,-0.25848523
Y05148,-2641.9897804854263,-161.76179924968028,1.9723047
Y05150,-2992.9846889451687,-241.05822525462628,1.4600849
Y05152,-2849.7199478907455,-29.113425070740508,-0.27518034
Y05153,-2846.27732892129,-153.68325897102835,-0.27518034
Y05154,-2859.0238490315687,99.73154275211876,-0.27518034
Y05155,-2883.423234873694,56.018506708904326,-0.27518034
Y05157,-3050.2196903716444,-35.61884462296009,1.868015
Y05160,-2801.73074671501,140.0469679871515,-1.1628675
Y05161,-2719.2174848111126,-220.82056074335463,-0.987392
Y05162,-2695.1990833124737,-115.09136517195908,-0.9851098
Y05163,-2796.107031343333,-248.4985027448705,-0.9851098
Y05164,-2939.7454214868235,-212.61990467098002,-0.5984687
Y05165,-2887.05402046835,-170.030743187413,0.8600304
Y05166,-2923.9496597117377,-205.49251571239265,0.8596471
Y05167,138.34949957383932,2209.4964133854596,-0.83040875
Y05168,-2216.3176742863407,1225.0808719957042,-0.55042106
Y05173,-2920.0659705507937,-116.44858070777069,-0.7301788
Y05174,-2866.3412992821204,-26.288279281407142,1.3404592
Y05175,-2949.2236047543915,-220.5501543557964,2.1053247
Y05177,-3049.3156887368336,-148.94111084301602,0.8892817
Y05178,-2574.1868441498455,658.3298095331155,-0.70749557
Y05181,-2919.856047766922,-78.51123368749401,-0.82111686
Y05183,-2967.661177141253,-279.6867052255644,0.6587314
Y05185,-3113.6459160008867,-233.2563814854137,2.101787
Y05186,-3004.7426331274546,-109.80416581481383,1.337525
Y05187,-2781.2290715536874,-302.1955700043265,-0.9851098
Y05189,-3007.310077172466,-108.0958886184777,0.6553519
Y05190,-2603.6960301274116,-28.197967512872722,-1.1080229
Y05192,-2308.1906810636833,1226.6330966051337,-0.6967851
Y05193,-2528.396877178184,-1009.4408455356672,0.13875414
Y05197,-2908.468182227662,-39.861197415391594,0.66362184
Y05200,-3017.76153121768,-255.67745274874028,1.0397785
Y05201,-3018.1220455838306,-141.95728152727338,1.0543052
Y05203,-2857.028063393586,-223.47821159937274,-1.1559604
Y05204,-2923.9078017233433,-2.4304523763768495,-0.36561364
Y05207,-3054.725212599692,-78.70828613514206,0.76958156
Y05208,-3055.087227403673,-38.540745240547665,0.7695815
Y05212,-2306.7235293138624,371.1285209657396,1.2724788
Y05215,-2755.234112825569,138.2397885317938,-0.9063606
Y05219,-2879.8246498014887,-93.44380763030198,-1.1398108
Y05222,-2327.7448402629225,1337.9424341462702,-0.5619495
Y05227,-2485.569894425407,-1383.261118784299,-1.1627367
Y05228,-2802.7905608233746,-123.72056672084337,-0.8506526
Y05230,-2757.7471503580346,-56.16994167182989,-1.0913616
Y05231,-1988.2754173811416,322.65087333621915,-0.9787954
Y05233,-2819.858692875246,-107.64257837059779,-1.012616
Y05236,-3050.2259415386116,-137.28911724418901,1.1857998
Y05241,-2818.8933194518727,-94.25262989010672,-1.2550949
Y05244,-3071.056410555237,-97.3690389742633,1.0854397
Y05246,-2928.6905694130687,-112.93935758194681,-0.48143077
Y05247,-2947.0161214472555,-112.24622870384128,-0.4771848
Y05248,42.299811702066265,1281.0630992664887,-0.5626553
Y05250,-2812.4054553602664,-229.5900356566027,-1.0958763
Y05251,-2836.9127440277803,-100.04092519301567,-1.1030493
Y05252,-2839.1591135171852,-54.96681609935684,-1.1030493
Y05253,-2817.3818455482,-35.12175291920339,-1.1030493
Y05257,-2713.1961138425427,168.5627274370329,-1.1022515
Y05258,-2610.2612234456706,355.0774726986725,0.58577394
Y05260,-2695.4610839082316,-114.92446712790752,-1.0129983
Y05263,-3044.8161156512265,-168.4883892204223,0.51339465
Y05265,-2953.4326400770947,-63.43897123282422,-0.5093511
Y05269,-2936.652075470714,-110.23328363558805,-0.55110884
Y05271,-3079.1032161652947,18.631874377298463,1.9404353
Y05272,-2978.8518083408567,-216.53430846796184,-0.017232252
Y05273,-2667.909050609109,219.89376991053155,2.0128553
Y05274,-2795.024512393387,326.55016732222356,-0.88107675
Y05277,-3021.731833060714,-188.88141979782245,0.69752896
Y05278,-2993.246230509657,-182.2061991613844,0.061988592
Y05279,-2829.5275168710486,4.02381912440192,-1.1037846
Y05281,-3048.3373018087373,-160.32541289599837,1.0711727
Y05285,-2909.475041019738,-86.00664645722748,-0.8122993
Y05286,961.3670286642231,1476.8119901854586,-0.3472329
Y05288,-3081.2910803705904,-61.98298083207431,1.3279886
Y05289,-2990.917875356799,-40.288240861150854,1.3279886
Y05290,-3148.591796878495,-230.78826907321206,1.6822469
Y05291,343.47838973412007,341.6719419320264,0.103478745
Y05292,-2902.5989363488993,-258.9097667454598,-0.69653106
Y05294,-2903.083932439714,-89.62503242386903,-0.82212466
Y05297,-3013.421222085173,-97.54289249014128,0.40691704
Y05299,-2938.237615128984,-97.18061736299273,-0.33891913
Y05300,-2830.02672138311,-109.52529233260216,-1.1061864
Y05305,-2908.348413827622,-61.989218883821295,-0.56495684
Y05306,-2897.1808165516036,-178.33814574120817,-0.57690036
Y05309,-3023.9143735858206,-121.98195107665315,0.455941
Y05310,-2912.3657646630036,-86.97286848194713,-0.98691887
Y05311,-2651.042654623738,-453.41750264276686,0.15903102
Y05313,-2941.8770745400166,-108.99711031797374,-0.45203656
Y05315,-2915.027085815384,-74.11722748568653,-0.70749557
Y05317,-338.4328501778814,1643.0957634674342,-0.23435056
Y05318,60.131083636193125,-421.50121111229095,-0.23435056
Y05319,-2936.5900707871724,-66.73116911201072,-0.51192445
Y05320,-3108.264370147531,-179.02991087261572,1.7560655
Y05321,-3151.2381608801547,-303.8292340815849,1.308338
Y05325,-2944.698045323221,-204.7717310281333,-0.4453044
Y05327,-2826.858348521258,9.234899458288432,-1.1099354
Y05330,-2589.877451203458,248.85113680228795,-1.2767106
Y05332,-3031.198416563102,-208.54106053254557,1.2568368
Y05333,-2044.3081837241414,60.84361315292362,-1.1398108
Y05335,-3114.618784267765,-279.88382375820186,1.3068428
Y05336,-1970.9098903413014,211.9271512692384,-0.07583499
Y05337,-2942.794112424279,-172.3732254434945,-0.3302205
Y05339,-2417.5749383472307,55.9222901453513,-0.07583499
Y05346,-2015.3686738413357,1108.1381735823468,-0.083040245
Y05347,-2886.712810987471,-82.21617424622525,-1.1594615
Y05349,-2029.0741830761995,246.10811114578925,-0.27518034
Y05351,-2912.444505670135,-129.32360332232037,-0.82277966
Y05353,-2824.4080179672674,3.286206012715588,-0.7294246
Y05358,-2906.114623818903,-102.51028838714839,-0.96718496
Y05362,-2868.191313788901,-142.7392241030001,-1.1488173
Y05363,-55.20434929922858,188.36204349106634,-0.56579226
Y05364,-633.4453813320572,393.9124762256171,-0.56579226
Y05365,-2960.6427854518083,-209.82036950977857,0.4933801
Y05366,-3050.6826929532044,-169.46341059545065,1.1586652
Y05367,-2296.226841118543,-71.53942979244012,-0.30650753
Y05368,-3059.9489703320382,-74.29260206268118,1.1625953
Y05369,313.29390695280273,1410.3092300382812,0.3700174
Y05370,-2898.501604125291,-78.52490465607451,-0.34723288
Y05371,-2956.3333590873217,-95.95461444180023,-0.2888119
Y05373,-2768.709786680797,25.299330076618187,-1.2520788
Y05379,-2953.871052494446,-133.277210835497,-0.398543
Y05380,-3095.808927078125,-166.37599894436147,1.1285099
Y05383,-2938.115214518769,-98.09514622046338,-0.26345086
Y05384,-2989.557756099953,-95.52765753096448,0.36546072
Y05386,-2867.776729849097,-169.9501726805741,-1.1594615
Y05389,-2876.6843735163256,-84.51858912304998,-1.2496909
Y05398,-2796.3888087934183,-324.1262761268857,-1.1037846
Y05399,-2914.508019276583,-226.03258630694333,-0.5085679
Y05401,-2815.0011915591663,-85.49455282424573,-0.3537831
Y05404,-2808.4657384283537,850.0526217811021,-0.25762907
Y05405,-2879.0611262951556,-168.29029831231563,-0.9236532
Y05406,-2844.8913045513355,-220.58443085440672,-1.2972589
Y05408,-2836.7647929575264,3.3968914666186683,-1.1070596
Y05409,-2935.9649033281653,-175.13704103591536,-0.5712223
Y05412,-2882.5128861757344,-114.79573334047616,-1.1326056
Y05414,-3174.315712310008,-160.75672345850467,2.0900826
Y05418,-2892.0279219738754,-78.17513566996271,-0.94238687
Y05423,-2877.6394707284144,-81.61950228831039,-0.7177888
Y05425,-2799.718651332794,-235.79252466652005,-1.3073329
Y05426,-2867.0971172776635,-119.74026920848546,-1.1632278
Y05427,-2876.7370268797804,-123.39299554608215,-1.1596873
Y05428,-3015.576727211615,-115.60142027075426,0.38530126
Y05436,-2077.7406955698234,-966.8760248015159,1.8503696
Y05438,-1406.7092496501975,-4173.099222198807,-0.92879975
Y05445,-2704.0043323538657,-200.96500267999593,-1.0265853
Y05448,-2996.4378440760615,-139.11466597133634,0.4217028
Y05449,-2737.5151888533355,-126.9790369558927,-0.9442397
Y05452,-2926.2689156144456,-299.8000551108156,-0.026599085
Y05454,-2054.690466907159,-209.06563594279305,-0.9699727
Y05455,-2870.5303931119406,-154.35993001993995,-0.9699727
Y05456,-2751.9563967282784,274.89153449403824,-0.6088974
Y05457,-3082.2006617388934,-118.1405969168612,0.97544587
Y05460,-2921.977474113477,-147.61096184245653,-0.45306003
Y05464,-3118.172394821781,-228.33590731371683,2.0167766
Y05465,-3057.9848975813525,-153.7245449802069,0.91492885
Y05466,-3065.5938343472567,-133.71738539623468,0.9235119
Y05467,-3055.8071088706406,-141.65392522010467,0.90968364
Y05471,-3107.618196945589,-147.9106694480998,1.5897089
Y05472,-2573.646584669082,-556.9826146681895,-0.71349996
Y05474,-2892.228928354119,-150.67930510202686,-0.7329259
Y05477,-3106.2345320346644,-278.28521973680074,1.8755878
Y05478,-3027.586064068616,-122.21456953731531,1.8442187
Y05479,-2858.0558557685654,-132.83255532320368,-1.3066694
Y05482,-3075.878344151465,-181.0330127625642,1.093818
Y05485,-3104.011786723988,-240.63563364327757,1.7422909
Y05486,-3193.130206609905,-325.7229338633006,2.2466586
Y05491,-3073.4362870149266,-138.96258796385294,1.2442806
Y05492,-3068.4607662396597,-214.4424889470682,1.4348665
Y05493,-2265.7992705451957,-369.59116223347723,-0.33614787
Y05495,-2915.9351710563633,-108.8239551995956,-0.48025292
Y05497,-2952.656092951395,-205.31177184879766,0.013029811
Y05498,-3080.627046542695,-128.26415229211443,1.5926431
Y05499,-2650.2336717751755,-192.0590551845616,-0.31397787
Y05500,-2717.100055469198,-196.7466191013653,-0.31397787
Y05501,-2257.3012544677354,-1069.8640211429313,0.74076045
Y05502,-3047.737882560965,-60.9781379922006,1.0762916
Y05503,193.29062270201075,-839.8734072756831,-0.31397787
Y05506,-2508.4020287681146,9.024195821992729,-0.31397787
Y05507,-2844.528538863438,-118.3754801497001,-0.61050177
Y05509,-2943.7147580461883,-172.38735358057693,1.7422907
Y05510,-2707.5912423292666,-146.83498238022923,-0.9464066
Y05515,-3056.8586023129947,-241.36200099693417,1.2320809
Y05540,-2811.91603415214,-194.73696414700254,-1.1619807
Y05541,-2882.3495748283003,-283.0982405992002,-1.2593526
Y05548,-2721.2831672799402,-284.1052485741301,-1.031732
Y05549,-2803.7767708415176,-126.41380490557633,-0.82998496
Y05550,-3171.364466803743,-261.6834336599312,2.0863414
Y05552,-2506.504234439081,315.86172003348616,-0.7130381
Y05555,-2958.3552764280666,-102.77520939561481,0.61281854
Y05563,-2884.7189317848606,-218.90428869353593,-0.70749557
Y05564,-2991.105369120281,-56.14132750633179,0.7150553
Y05565,-3050.375421751461,-189.82320201336896,1.1118311
Y05566,-1942.0310885400859,621.1021130981557,0.9402322
Y05567,-3008.7823766929328,-271.1212780880038,1.1607238
Y05568,-2665.183816082652,-240.83442575231277,1.1620781
Y05570,-2837.461288220876,-145.6502138192359,-1.0337907
Y05574,-2979.376401984157,-170.02014959009537,0.16589804
Y05576,-3077.7835961917854,-172.45224000603434,1.2953702
Y05577,-2922.211638988976,-316.772763931833,0.22168195
Y05583,-2993.527847154411,-179.1801305798836,0.21617794
Y05595,-2879.2721300795765,-227.43592839206514,-0.70749557
Y05596,-2880.5381142143056,-229.47181285239398,-0.70749557
Y05600,-3078.8093431985862,-217.62254900963458,1.2833474
Y05608,-2928.5103442869204,-133.27191691737397,-0.3338517
Y05609,-2222.867071476277,368.0462540166711,0.8150884
Y05611,-2215.481664028686,480.9470697571413,-0.7093918
Y05612,-2792.168760128097,81.31251091964462,-0.21383832
Y05613,-2931.595599904194,-183.07554793012167,-0.21513657
Y05614,-2667.483203605618,166.74710173561306,-0.21260841
Y05615,-2896.1497362840305,-151.3102947437687,-0.81936663
Y05617,-3123.0012077472093,-210.6516409266839,1.7596828
Y05618,-2981.493286121457,-221.797146811439,0.45643008
Y05620,-2822.3441256878555,-99.45221366512236,-0.46732044
Y05622,-1777.9587349378205,796.3090603678653,-1.2118634
Y05625,-2712.2167201523807,140.29209548839762,-0.07287899
Y05631,-2869.9131226344134,-245.04531206050922,-0.64745176
Y05632,-2889.0105399786767,-167.82453750092162,-0.6444496
Y05635,-2833.1073705640106,-310.88547195148817,-0.6948864
Y05638,-2885.369841404328,-165.2096307604531,-0.6444496
Y05639,-2885.4446087107754,-192.05542143929657,-0.67460203
Y05640,-2853.172513763868,-182.55101393432685,-1.1398108
Y05645,-2907.6729610198154,-187.80966766962047,-0.73255736
Y05648,-2892.412332285347,-114.95099921014072,-0.42804858
Y05652,-2964.1368385423257,-197.77903229945892,-0.022996461
Y05657,-2764.5095961846314,-158.3061093374433,-0.8948322
Y05658,-3077.779870700336,-181.41887459453594,1.0728993
Y05660,-1606.066043702483,-798.2020441573591,-0.34723288
Y05663,-2962.08434145862,-246.8554361696604,0.7644349
Y05671,-2671.490665448161,522.0596171831556,-0.42804858
Y05672,-2892.925741880304,-204.71581962995717,-0.69584006
Y05674,-2963.9548163606214,-259.0948612152943,0.46172062
Y05675,-2931.2385777373406,-126.90480266483985,0.8146143
Y05676,-2894.214127823531,-155.89996858042107,0.8146143
Y05682,-2870.767152392314,-148.885069433311,-0.122068696
Y05686,-2785.8704369870848,-315.6877059695818,-0.11412173
Y05687,-2878.612007355908,-259.8381071334145,-0.3385369
Y05689,-2917.5003091356784,-232.62666918622745,-0.30002603
Y05690,1066.2621900191755,371.64812112106347,-0.6142511
Y05695,-3000.4241730010103,-212.36295390348474,0.7356744
Y05696,-2620.7941227412257,-54.53505302520086,-0.34723288
Y05697,-2816.861980125621,-172.73625033861322,-1.1668305
Y05699,-2788.8283672450825,625.1226128149975,0.42415312
Y05712,-2808.3029833140336,-141.72932296568905,0.42415312
Y05715,-2855.383129933528,-202.52802787216922,-0.84832555
Y05716,-2785.613157880803,-175.40401933479563,-1.2740905
Y05717,-2800.261140705655,-178.4439846927296,-0.20763108
Y05719,-1418.7567246241986,1236.8248260590476,-0.20640293
Y05720,-2879.5060429496525,-255.35737355473097,-0.18845043
Y05724,-3097.5154955202884,-220.03743299147337,1.7512974
Y05730,-2714.1344422991133,-259.1779805413345,-0.21679294
Y05731,-2026.0048508202617,95.9897171306523,0.22105247
Y05733,706.2655008087676,-150.9008081461182,-0.3308573
Y05735,-2814.437831519889,-104.99985499337235,-0.1179748
Y05736,-2774.1064939066705,-159.2991419134401,-0.1179748
Y05738,-2341.152166789735,373.53175761184167,-1.0382823
Y05741,-2819.3679262820133,-44.63046691790893,-0.95312923
Y05743,-2981.0669152653877,-160.11762089895734,1.1748769
Y05744,-2860.5713135024434,-309.6056436182023,-0.5994168
Y05747,-3059.441939429241,-221.173970867705,1.6818595
Y05749,-2617.588236837615,1071.7689664130762,-0.37670892
Y05751,-2684.8503685256,52.3175630234055,-0.95247424
Y05753,-2796.371638314625,-152.95423677309049,-1.0382823
Y05754,-2887.6381335123706,-161.35390673633674,-0.019721342
Y05755,-2879.956286532812,-155.7913805970329,-0.019721342
Y05757,-2288.688967850374,-449.0283487332563,0.64348954
Y05758,-2834.533111574846,196.1559826882103,0.6487192
Y05759,-2853.254567858387,-542.1236143992159,0.6528067
Y05762,-2928.6899869861513,107.00243796605356,1.0659266
Y05763,-3066.7793006111674,-246.50803603298098,1.6295633
Y05764,-2951.863580863769,-230.5774256990053,0.2687001
Y05769,-2860.734809337195,-382.7066112154359,-0.059022732
Y05771,-2322.446586905588,73.65300729592538,0.9333372
Y05775,-2838.840114035489,-300.311245525856,-0.86601114
Y05776,-2729.7896699989155,5.496818462411086,-1.0793797
Y05782,-2793.2887797529766,-108.46912904269827,-0.95247424
Y05783,-2870.331131432304,-215.76204051178433,-0.70749557
Y05784,-2999.278690692592,-207.13137191653706,0.7579601
Y05785,-2833.998922689085,-214.79351385738664,-0.6640156
Y05788,-2715.2046186170965,-122.55019755982552,-1.3127369
Y05795,-1893.9647627250863,346.7901442880847,-1.1686318
Y05805,-2828.863119903818,-145.24587537607292,-1.0793797
Y05807,-2850.2820973128623,-226.123238023979,-1.0837699
Y05808,-2841.499958135401,-241.0721384740854,-1.0844848
Y05810,-2805.9520363018446,-259.4583258422903,-1.3199421
Y05813,-2992.5973581018143,-320.70725313653503,1.0537887
Y05819,-2567.547899428661,-25.563541381883063,-0.58699393
Y05823,-2816.757707457302,-201.50783240496116,-1.0851502
Y05825,-2704.404682349447,-92.10917948706735,-1.2823496
Y05826,-1918.0367357188654,436.15520638885255,-1.2810338
Y05827,-2849.5919096709113,-204.2005559874496,-0.5850063
Y05828,-2356.421406648555,-660.18580313953,-0.9545329
Y05834,-3082.5815909843686,-287.04729411620406,1.9264251
Y05837,-2675.124887644976,-520.9418371748768,-0.79919887
Y05838,-2853.3932751205703,-254.70336209364083,-0.7881944
Y05843,-2702.84024415284,-190.33377849334263,-0.9534681
Y05845,-2820.8211233522647,-276.5699729334532,-0.6714693
Y05846,-2953.334029267424,-353.99065726800524,0.88066244
Y05848,-2874.076287641696,-246.2983909817616,-0.6772335
Y05849,-2966.820587084573,-273.73037998598284,0.58544725
Y05853,-2783.828957109786,-231.25205572588513,-1.2427431
Y05858,-2964.502344265731,-280.03769159665524,0.58544725
Y05860,-2814.425334050667,-292.03751899715627,-1.057933
Y05861,-3048.5106430938927,-194.156113905202,1.9264251
Y05863,-2765.5997232018,-222.60824692665184,-0.27240908
Y05864,-2777.4134886293696,-174.91667386496655,-0.27240908
Y05868,-2806.4630565622065,-196.97490841092045,-1.1009024
Y05870,-2863.665193462282,-294.46632058844835,-0.40727666
Y05871,-2849.7854297135705,-172.57078159693216,-0.59941673
Y05873,-2822.2699215007,-235.34539210005272,-0.6794751
Y05879,-2904.111338405048,-320.15005423920275,0.30924582
Y05880,-3097.739975622643,-263.77738446544714,1.9996213
Y05886,-2814.1841720628754,-211.5532042788846,-0.70749557
Y05889,-2966.39358425568,-258.35543383021513,0.58390766
Y05892,-2713.121528518393,-266.9565742181235,-1.0302309
Y05893,-2864.0386080352314,-298.74443361191373,-0.5239332
Y05897,-2881.192145239958,-251.4930935625782,-0.5226652
Y05898,-2869.949715145106,-266.1123315036504,-0.5233613
Y05904,-3001.851489208024,-278.295391414576,1.0361758
Y05915,-2873.1795658414703,-316.8800096467137,-0.34723288
Y05918,-2706.068359848487,-227.558729064779,0.38992003
Y05919,-2741.092404805893,-168.4558179256131,0.38193882
Y05920,-2721.067014079647,-197.73141640394576,0.38992003
Y05923,-2806.7583326495824,-355.8814687563984,-0.70749557
Y05924,-2624.704834808299,-273.6941958005761,0.38193882
Y05925,-2973.8690702808435,-31.951937602468128,1.8198858
Y05926,-3089.2925157883933,-345.4268961079507,2.2106323
Y05927,-2997.441589796983,-456.26831174144263,2.2106323
Y05928,-2847.2947033398746,-343.8235544691833,1.8198858
Y05942,-2997.0420579613688,-60.61323939271496,1.1935829
Y05943,-2830.1561869268075,-178.34194677636745,-0.3167491
Y05945,-2780.0553996448994,-339.6084131935204,-1.175837
Y05948,-2696.1155131153137,-158.79623299023086,-0.3140887
Y05952,-3000.464763786591,-322.6730075268712,1.2754503
Y05954,-2969.694834622592,-371.66944086704956,1.0217654
Y05960,-2544.6649567788145,-61.86260044613181,-1.2118634
Y05961,-2846.6398509167793,-334.83843531485985,-0.16710153
Y05963,-3008.89944316604,-329.5991663959532,1.8157845
Y05964,-2981.548381600142,-362.6314037433425,1.2018967
Y05972,-2895.624010105329,-360.88592958228327,0.33726624
Y05976,-2958.1288752970536,-384.6909886840304,1.0217654
Y05989,-2889.596583879541,-318.0408064054218,0.22918743
Y05993,-2790.011763285033,-436.7251773358426,-0.27518034
Y05994,-3002.129941537525,-383.3664097508841,1.5261332
Y06001,-2892.2779291118077,-385.32114253331923,0.697529
Y06005,-2808.0709255803276,-98.57422095896885,0.9136866
Y06007,886.001551415083,0.38595704664288355,0.2652137
Y06008,-2791.399061014883,-382.76390448877675,-0.99570566
Y06010,-2805.142468489778,-342.0547493989864,0.5534239
Y06014,-3010.6310632815193,-397.31606039647886,1.7062645
Y06030,-2969.1521414519907,-330.91057611419353,1.4180543
Y06032,-2845.0182266569973,-246.3103245713835,1.8143435
Y06034,-2800.1222315830273,-302.84200638178925,-0.16710153
Y06036,-2956.3848938151255,-380.62573813102193,1.0217654
Y06039,-2444.954136489536,568.5003073719311,-0.13107526
Y06041,-2741.1532902109593,-405.76054322525096,-0.38325915
Y06043,-2837.339100975937,-367.51265597366836,-0.38325915
Y06044,-3025.8291839003023,-366.11531587257866,1.8503696
Y06046,-2870.642074755444,-370.7301763727032,0.22918741
Y06047,-2804.8203272543774,-385.1925424012512,1.3460017
Y06048,-2849.273645637044,-369.2671707770609,1.3460017
Y06052,-2536.774085745623,-317.71193405741826,-0.74352187
Y06056,-2696.4352843048887,-375.1748400549875,-1.2478896
Y06063,-2773.14568134316,-345.2256958892867,-1.175837
Y06077,-2307.4629597993653,-195.6909812188372,-0.4192854
Y06095,-3008.229325887679,-392.85407311410233,1.7062645
Y06110,-2849.93668884466,-363.8351890634651,-0.27518034
