,practice_intercept,practice_slope,imd_centile_practice_mean
A81001,-84.50988304096147,-1.803163557266182,0.05242263
A81002,717.8580834089317,-85.1889249569163,0.05242263
A81003,-77.12057809845834,6.381933378368417,-0.95930564
A81004,186.24617829036185,26.962813848285833,0.05242263
A81005,101.53794951713186,-19.10355856014524,-0.49692252
A81006,422.7211507227961,-3.065556438266917,0.05242263
A81007,175.75578644391584,5.821097909667945,-0.9847579
A81008,-71.72538030890479,-45.29287953477094,-1.1395926
A81009,145.7313848522862,-59.43407208038902,-1.1395926
A81011,305.01647664967476,-22.573003210884657,-0.9847579
A81012,22.386482941964346,1.6013698125692102,-1.1395926
A81013,-2.974106422855216,-16.834334263693613,-0.49692252
A81014,-113.30661097624582,-41.713389346508215,0.05242263
A81015,-173.5324525568834,-30.913041838945535,-0.46934918
A81016,176.67523240441312,-77.84829271497544,-1.1395926
A81017,663.9657250608989,-320.6899708163173,0.05242263
A81018,300.57182705500156,184.3814382534086,-0.49692252
A81019,275.0306480498567,-33.12837070888869,-1.1395926
A81020,184.93926264600472,-26.41097946084617,-1.1395926
A81021,565.0672759374268,-43.501437502661894,-1.1395926
A81022,245.68692338838747,-76.42671765340548,-0.49692252
A81023,29.951990746291646,-38.93717518874493,-1.1395926
A81025,-99.00219167703845,-47.815071820792525,0.05242263
A81026,579.977133622379,-28.34439150392297,-1.1395926
A81027,346.6697331231679,58.83493115766145,0.05242263
A81029,-59.02190349937308,-28.887405705229753,-1.1395926
A81030,522.9492921344091,65.98147288656745,-1.1395926
A81031,454.93374106840895,-5.394130883359418,-0.9847579
A81032,363.72332159273816,-0.353381844136405,-0.49692252
A81033,-154.51664088975394,-46.487081747696486,-1.1395926
A81034,820.5598772415788,-286.97476635864683,0.05242263
A81035,113.66955187936769,-205.8838244913819,-1.1395926
A81036,615.5655908875744,-138.56768385267029,0.05242263
A81037,149.03717895779548,-82.14953826422934,-1.1395926
A81038,-67.07330325687224,-11.417311393883928,-1.1395926
A81039,240.0555021579186,-5.2334805876253565,0.05242263
A81040,178.03453505021523,-38.75963080604955,0.05242263
A81041,210.61960933889966,-15.717304758792531,-0.9847579
A81042,330.7751112298144,210.76247274467815,-1.1395926
A81043,217.91066103759073,-4.02186057550551,-1.1395926
A81044,565.9704819180636,-90.58757726734547,-0.9847579
A81045,183.86049139001148,-89.24361791973963,-0.49692252
A81046,289.66294555987963,-68.07888843330294,0.05242263
A81047,-39.84507476387079,-86.33750796755417,-0.45684338
A81048,44.114417642249585,45.78866045241728,-0.49692252
A81049,86.95407053648407,-13.787528924808504,-1.1395926
A81051,116.05752031039079,-40.31880899376982,-1.1395926
A81052,223.2103513882508,10.036733078518735,-0.49692252
A81053,145.0186754402523,18.822557867544216,-0.49692252
A81054,147.1820769418422,-29.64480425874069,-0.49692252
A81056,-185.74885621532127,-7.35469534631901,0.05242263
A81057,195.36327781359242,-38.92602534382206,0.05242263
A81058,205.8253437973599,48.88915896512976,-1.1395926
A81060,56.46213230615339,23.361738771414657,-0.9847579
A81063,-42.884345793938735,-59.629843332148845,-0.9847579
A81064,20.571779282228515,-39.632609325100795,-1.1395926
A81065,-45.63657576373755,27.37618751206508,-1.1395926
A81066,-71.2140236386738,-42.58118490324547,0.05242263
A81067,221.22634337987608,-10.164792488176529,0.05242263
A81069,-179.38284705809198,-13.089413899695769,-0.454502
A81070,-77.19620462026711,104.94058926751003,-0.9847579
A81602,-161.77724706048286,-2.1890728683580507,0.05242263
A81605,-216.1092179718033,-22.489866953317016,-0.45450202
A81608,-107.99767126314082,73.14684958742826,0.05242263
A81609,-246.174918898495,-5.3347525621052005,0.08635901
A81610,89.94098512323083,-43.386776548134286,0.05242263
A81611,19.422461325241,51.88743343215764,-1.1395926
A81612,-128.80100515108956,-5.055080083962085,-0.9847579
A81613,-159.89709579819507,-61.67306436506158,-0.9593056
A81618,217.29220284635718,-11.542071830132981,-0.49692252
A81621,-168.4491184000386,-15.487874782711664,-1.1395926
A81622,8.504092873045959,-41.82799484729827,-0.9847579
A81623,-233.6889093208107,-0.39298304595415584,0.08635901
A81629,-48.99276007219509,31.002097830515787,0.05242263
A81630,-237.33149385803435,17.278798067160537,0.05242263
A81631,66.23972204130915,49.12350496915858,-0.9847579
A81632,-266.2334770749539,-21.8231496425391,0.0605495
A81633,-256.70417777866464,8.595805865279706,-1.1395926
A81634,-228.16534678780798,20.419623835757744,0.05242263
A82003,258.1825569786126,22.449908409429256,-0.85113347
A82004,-177.7818702894586,-8.38791229617195,0.70145583
A82005,-3.437934675550928,-18.098997389482886,1.4204829
A82006,-75.80516997032751,-42.59652802454653,0.70145583
A82007,167.42974370841407,-71.99559294934627,-0.85113347
A82008,308.052442411119,-84.56985036344595,-0.85113347
A82009,204.35627530710153,-106.29190097935317,-0.85113347
A82010,24.36493386343149,-109.37210460076615,-0.85113347
A82011,-147.2929909965504,-58.3752079568339,-0.85113347
A82012,630.2297021094773,-20.46362563377109,-0.07695981
A82013,2.3460726265781426,-44.117685255162286,0.70145583
A82014,-97.70974153050469,-15.4081909608195,-0.06635469
A82015,-23.35652949070709,-13.188292473799944,-0.07695981
A82016,1315.1678983387674,593.898541505856,-0.07695981
A82017,501.13915593613706,-141.31064381657828,-0.093928
A82018,294.9499532553444,7.2668436270889885,-0.07695981
A82019,182.74590703787985,-60.24650384311766,-0.07695981
A82020,515.7336023217994,-73.35776582155148,-0.07695981
A82021,366.16473529869836,161.01174836275078,-0.06635469
A82022,-12.617114161574916,-61.27485053400283,-0.07695981
A82023,-48.232129987054364,14.245034603030991,-0.59236854
A82024,31.546359839828554,-57.46078579172569,-0.59236854
A82025,102.21930755087989,18.437112609037964,1.4204829
A82026,327.5244922815089,-9.814104087794155,1.4204829
A82027,141.107351804442,-102.53242504827945,1.4204829
A82028,34.19391945081905,22.673176482023255,-0.06635469
A82029,-132.8075267877237,-11.200196616448363,-0.06635469
A82030,21.885543333138244,-20.880155790245926,0.024849322
A82031,-153.8676805694106,10.63986025376038,0.70145583
A82032,513.1009684388791,-96.82664591995493,-0.06635469
A82033,304.68652436844906,-31.307861049397566,-0.85113347
A82034,85.00398508039875,-33.524404392628355,1.4204829
A82035,333.77515633499087,-153.20666582553898,0.70145583
A82036,78.7814445688753,-41.40065118117135,0.70145583
A82037,-67.71078324727182,-51.56175577076085,-0.06635469
A82038,-134.31029793399202,-0.4608758853442302,0.70145583
A82039,87.69026497166945,-14.764031457033242,-0.85113347
A82040,-100.46582789835828,-44.94225554857781,-0.63478905
A82041,358.3951104217101,-158.85029485378183,-0.59236854
A82044,1152.6859543095916,208.18945428422884,-0.59236854
A82045,142.10533819703954,23.620550245409074,-0.06635469
A82046,-77.61892064172947,-33.49440700037172,1.4204829
A82047,327.32475973968394,42.981036450779925,-0.59236854
A82048,81.03817806422722,13.626691171078129,-0.59236854
A82049,64.94298696110063,70.89835409337786,-0.59236854
A82050,182.16899536469,27.931701923060775,-0.59236854
A82052,48.19415819585531,-123.93786217795974,-0.093928
A82053,-38.808324160641,-49.26303868313714,1.4204829
A82055,73.79409280737048,-15.659768297032791,-0.06635469
A82057,18.31662319541038,9.848863318527592,-0.0578706
A82058,-74.082364550424,-19.887464738947617,-0.59236854
A82060,-120.123468521214,48.138190828443726,-0.6107508
A82062,-21.496572093524513,23.59079821825458,-0.85113347
A82063,-221.9229542843507,-43.39414033164219,-0.0578706
A82064,-17.83384796599612,-45.380695939237235,-0.59236854
A82065,-110.30482311984086,-24.46134358064519,1.4204829
A82068,-78.2254471367997,-8.81028392857736,-0.85113347
A82070,-62.77170970772778,-41.383474773960494,1.4204829
A82071,-65.28585194361669,-19.494119219546995,-0.85113347
A82072,113.4838662169145,33.72240977070758,-0.85113347
A82074,-212.78945889138902,-33.11498949010557,1.4204829
A82075,49.12162293776857,-32.28023576376348,-0.59236854
A82077,201.9608845398044,-84.02169045852801,-0.85113347
A82608,-101.18066603218837,-8.421857895966266,1.4204829
A82613,-231.07896942843664,3.69626887897338,-0.85113347
A82617,-177.77072780931053,3.810634681286475,0.70145583
A82619,-202.97917973607107,6.231471158454622,-0.85113347
A82620,-283.43403587874934,-1.8411718369986954,1.4204829
A82621,-203.5188682468701,-16.19155649267171,-0.85113347
A82623,22.925435343818666,-28.47931593550588,-0.59236854
A82629,-134.9961305660663,-18.11266664704761,-0.85113347
A82631,-118.89735717489108,5.552248214977772,-0.07695981
A82635,-182.22079863139282,-3.2219698125384255,-0.093927994
A82641,-248.96587474818926,-48.918427416392724,-0.093928
A82642,-250.64540480023481,-2.5896771709170707,1.4204829
A82646,-106.29757723413226,-102.74774623017949,-0.07695981
A82647,-182.22847344402857,6.121224066302876,1.4204829
A82650,-125.65604491001342,15.461253422299308,-0.85113347
A82651,-108.83546481308244,17.90908746807601,-0.85113347
A82654,71.30378562654172,77.30916584906377,-0.07695981
A83001,403.2255999312483,35.077178395464706,-0.02817627
A83003,251.04968830819317,-6.666429647307201,-0.4608651
A83004,-66.25673609150428,16.882580727026088,-0.9308968
A83005,321.1521004339112,44.293129411903614,-0.02817627
A83006,54.02460919758603,17.58011238929751,-0.02817627
A83007,279.7276301372291,6.700799448891607,-0.9847579
A83008,86.2425653484596,-24.56692398127685,-0.02817627
A83009,175.45661519715267,-43.0940376151246,-0.5138907
A83010,381.36679347740744,-3.834087468608185,-0.02817627
A83011,403.81436579123005,-35.02813229795298,-0.93173236
A83012,574.9823831837303,7.291826294234767,-0.9847579
A83013,292.1952236580614,-14.55422691381408,-0.02817627
A83014,166.52762293540707,-62.702264046053585,-0.93173236
A83015,299.4199811206151,-65.27666027637704,-0.02817627
A83016,401.0678719545268,-164.64037223595412,-0.5138907
A83017,128.3125689174213,-107.84966400560397,-0.93031096
A83018,912.9719642594843,-112.04811854579822,-0.5138907
A83019,-48.50058398539876,-92.08823625681741,-0.93000895
A83020,494.2952407400597,-90.99822704836623,-0.4608651
A83021,612.2606125770702,-37.437383438646144,-0.02817627
A83022,1039.5315669646536,-84.54295523141731,-0.5138907
A83023,311.20281386815145,86.10517060514073,-0.5138907
A83024,-29.41371154526846,-29.07320872034025,-0.93173236
A83025,574.0356726093966,-75.78387702718844,-0.02817627
A83026,292.4086627704518,26.035758061599505,-0.5138907
A83027,128.12886449253452,-25.75526506489796,-0.93173236
A83028,224.84962110172725,-45.6607845301966,-0.5138907
A83029,20.264377275172613,-50.143113434076795,-0.93173236
A83030,348.99423763049793,0.6199788771660649,-0.5138907
A83031,232.16712174544105,3.233397411611907,-0.02817627
A83032,-179.25121921369,-35.62322134074269,-0.4608651
A83033,158.76752299366905,-20.142384966462515,-0.5138907
A83034,154.06502328735124,15.537997993171365,-0.02817627
A83035,3.419871735222148,-55.7569367153444,-0.4608651
A83036,308.3441790521552,-78.66478353767394,-0.93173236
A83037,523.7574512695863,-172.1115659221469,-0.02817627
A83038,-43.49821324711977,-46.51550046770549,-0.5138907
A83040,172.17289911000483,-31.199581796894552,-0.02817627
A83041,178.40548588781402,-65.71813206014305,-0.93173236
A83042,-33.87489889786812,-18.808786628742258,-0.97267526
A83043,-165.71229214522037,-12.138327329407069,-0.4608651
A83044,107.88862237477662,-11.367929411538436,-0.9847579
A83045,424.6376748069903,-167.55588500276335,-0.02817627
A83046,141.00336150251465,-9.651150901605279,-0.4608651
A83047,520.0362376660996,65.93179624364873,-0.02817627
A83048,-7.653125601449297,-2.5829065185799713,-0.02817627
A83049,494.45646046100006,22.5532654847275,-0.5138907
A83050,480.65747893711386,-46.600912508725614,-0.5138907
A83051,259.5711713513339,-78.70363609350626,-0.93173236
A83052,232.93991639070552,-41.91585795647171,-0.02817627
A83054,468.6172730798379,-1.1766254559256828,-0.02817627
A83055,-107.77953785639771,13.025967300211313,-0.93173236
A83057,206.81956909066838,175.15139602401564,-0.9847579
A83060,-96.7803201111457,-41.3957232346562,-0.4608651
A83061,-112.95042968667018,29.057706342672304,-0.02817627
A83066,271.8949897563108,65.1893626254041,-0.02817627
A83068,-194.9638261245379,-10.457934872206806,-0.95930564
A83070,-46.80676688233727,-52.52715016891162,-0.02817627
A83071,-64.0251960872191,-40.52505773910595,-0.93173236
A83072,-103.73511488886346,-22.372339501332615,-0.5138907
A83073,44.56309011786366,20.32025248663055,-0.5138907
A83074,391.02318678220405,25.944309601329465,-0.02817627
A83075,-42.3958969366933,-64.25800154860059,-0.93173236
A83076,-140.7239412283124,-23.980331511084714,-0.49055943
A83603,-161.1330032199465,-39.269866928499354,-0.02817627
A83610,-103.72660326121101,25.36834019824549,-0.9847579
A83616,-72.31520028769268,26.45795031026233,-0.93173236
A83617,-116.82823422465107,-44.49724166636483,-0.5138907
A83618,30.301869771016975,54.26512764880505,-0.5138907
A83619,-133.50691359914163,31.440099716423187,-0.93173236
A83622,-230.6110624006449,-15.602381970061915,-0.5138907
A83626,-172.3423949269932,-18.593224449384024,-0.4608651
A83627,7.679337749860801,12.805997701219233,-0.93173236
A83630,-175.25342302124977,13.204770862198645,-0.5138907
A83632,-154.34527006401075,-16.66395133795968,-0.5138907
A83634,-88.4235289298808,-2.244296991584521,-0.02817627
A83635,-91.40446737312543,-5.494148911244257,-0.93173236
A83636,44.97792920357282,-1.523768178543558,-0.5138907
A83637,-128.30180341698687,9.65946840395238,-0.5138907
A83638,-238.99587106752455,-43.29306506459568,0.014244203
A83641,-99.62919331997274,1.795479123544727,-0.02817627
A83642,-272.9951360252609,18.128659545428395,-0.9306718
A83644,-119.75215126814476,8.955293175538076,-0.5138907
A84002,-60.10213062349912,17.130829478268705,0.24119373
A84003,610.0259285118557,-38.334907070357104,0.17756303
A84005,342.6423831690374,-87.53225234984359,-0.35269287
A84006,502.5077741884736,233.18902971730515,-0.35269287
A84007,271.8814609756466,4.14925005872272,-0.35269287
A84008,-58.77133939571209,7.5060803553722995,0.24119373
A84009,910.1907196598607,286.2133478122776,0.17756303
A84011,105.08085715185332,-11.448162687932022,-0.35269287
A84013,-22.059855012987146,-38.797365355301466,0.17756303
A84014,303.27217475518324,-7.524869747075478,0.17756303
A84015,-116.8316752756479,-18.96757488159229,0.17756303
A84016,-31.714398894634535,-15.004483946722642,-0.5138907
A84018,123.03182112863612,-30.395791715658053,-0.5138907
A84020,162.25014673401841,-55.243781497582454,-0.35269287
A84021,164.69600239015577,14.284561023857878,-0.31027243
A84022,446.5270759626828,0.3456654833966384,0.17756303
A84024,217.71992107081846,3.5111956987410817,0.24119373
A84025,2.1456428350961643,-81.01250583739642,-0.35269287
A84026,267.38195012604234,27.91354738323159,0.24119373
A84027,-110.53839823366981,13.461851572015087,0.24119373
A84028,609.6882503032127,-63.32547030111564,0.17756303
A84029,-168.31880101653155,-19.477146461993545,-0.35269287
A84030,288.5358801268322,-7.858223419905781,-0.35269287
A84031,118.59966294889173,-40.5288445612178,-0.35269287
A84032,-171.38438018382493,-7.357096137081234,0.24119373
A84033,-35.658848300712556,-8.09558790934823,0.24119373
A84034,35.72230669690301,8.725522670292547,-0.07695981
A84035,72.3530168823835,0.6438933406291754,-0.5138907
A84036,734.8382747613518,70.33203233008615,-0.35269287
A84037,33.19679619846164,21.311584950814893,0.17756303
A84038,63.559402924705196,-13.294427364874197,-0.35269287
A84039,-10.540474107543048,-12.332623732039574,-0.35269287
A84040,-114.01968765255862,-22.630977042297005,0.24119373
A84042,-190.87737337432523,3.8489657622035485,0.24119373
A84043,659.6527304267776,-12.13592033395538,0.17756303
A84044,110.97307195986704,37.53559505202259,0.24119373
A84045,-63.44490480319201,29.960318136899915,0.24119373
A84047,-60.546005218725426,-28.803336167051416,-0.5138907
A84048,210.96789336306796,-87.7845411120662,0.19453122
A84604,-189.3597182033569,9.500717287717222,0.24119373
A84609,-231.84132802464566,-13.18071845490934,-0.35269287
A84613,-243.71452602308958,9.865947135423314,0.26664603
A84614,-215.0112062405168,-5.918629907329884,-0.5138907
A84618,-264.75928505848157,-56.12424026652259,0.26664603
A84619,-160.32832715288725,-27.19111503893089,0.17756303
A85001,88.77996422791057,-15.621485941644957,-0.5138907
A85002,-94.42754240770603,-40.71329562261927,-0.5138907
A85003,30.696078518891127,-28.618534865835706,-0.5138907
A85004,288.4249286487283,-45.29283084125798,0.17756303
A85005,451.3713021110052,68.82268498859678,-0.35269287
A85006,180.98687195558512,-34.63002767493657,-0.5138907
A85007,107.77482675162703,-61.530792094505756,-0.5138907
A85008,447.3915977907208,-103.04049361822709,-0.5138907
A85009,39.49330475992414,-50.41560214525932,0.17756303
A85010,152.20443385007357,-64.10177740857095,-0.5138907
A85011,77.25189165166688,-36.7849075287118,0.17756303
A85012,-78.30358474029775,-46.05610064723133,-0.35269287
A85013,-145.63150667806028,-30.274696314104126,-0.35269287
A85014,63.70181191883253,-67.51319991884115,-0.5138907
A85015,-263.08884537718376,-61.514154710492235,-0.45450202
A85016,293.6113236529802,81.8492897275575,-0.5138907
A85017,-2.1693730246144405,-22.514405200672723,-0.35269287
A85018,-23.48305092969191,-59.58824375454776,-0.5138907
A85019,157.2162917193017,-47.10915803128798,-0.35269287
A85020,526.2879509515154,-126.81387132477829,-0.5138907
A85021,-166.76046651038195,18.2045739412865,-0.5138907
A85023,-30.528338908533318,-8.048851273744074,-0.5138907
A85024,-182.93558028667567,-26.923739289862628,-0.5138907
A85025,-52.47175371750585,-7.301857269412797,-0.454502
A85026,-51.1417847035406,9.58352165858909,-0.5138907
A85601,-245.05205878652862,-24.95690316987468,-0.45450202
A85605,-210.0633544782481,-14.673249583990472,-0.45769697
A85609,-222.48550068089014,-11.379486705095024,-0.5138907
A85611,-70.22489159375925,4.7299936796947275,0.17756303
A85614,-156.9713480352152,-15.722872334093298,-0.35269287
A85616,-129.43241433539455,8.272363880009303,-0.5138907
A85617,-96.0603308698638,-2.0629112497581312,-0.5138907
A85620,-90.49018894194877,-9.809265382127998,-0.5138907
A85621,-122.29761305445395,-22.28139300688652,-0.5138907
A86003,997.7554136082495,-9.754774871641052,-0.35269287
A86004,404.5872110470754,-49.66452876952568,-0.35269287
A86005,12.332658248039143,-35.20068257941993,-0.35269287
A86006,-41.709270968707486,-45.48729553080994,-0.35269287
A86007,-210.5146484012089,-8.246430443910286,-0.35269287
A86008,279.4939530216161,-0.5182409971558506,-0.35269287
A86009,19.878596306625482,-58.898899363319494,-0.31027243
A86010,124.05890505267988,-10.88899788525752,0.17756303
A86011,362.10753278611634,-48.34729515704631,0.17756303
A86012,34.84405386728558,-19.224484665272858,-0.35269287
A86013,224.92832718409477,-71.81973143224367,-0.35269287
A86015,-33.38739185131364,-124.52861582279594,-0.34993556
A86016,98.44056924173141,-64.41030914626458,0.17756303
A86017,312.7471175427923,-23.618921831086865,-0.35269287
A86018,309.19271484759105,-36.45869240774005,-0.35269287
A86020,-87.1974435043728,48.89462818800169,-0.35269287
A86021,276.3612293853831,-43.328530538135134,-0.5138907
A86022,267.12371042064103,2.5247897539987747,-0.35269287
A86023,210.62721683830236,9.047304814449857,0.17756303
A86024,52.39669867812525,-32.851547589506254,-0.35269287
A86025,435.6228321857052,-49.45099089373437,-0.35269287
A86026,54.27754730059245,-81.20838581423867,-0.5138907
A86027,-140.53778380470806,-3.516497123640967,-0.35269287
A86028,-102.64283918268595,-5.616581205024938,-0.35269287
A86029,410.774320029205,137.00733241836338,-0.35269287
A86030,243.62345040527427,-48.344191610899784,-0.5138907
A86031,161.36409336632605,88.00906598999197,-0.35269287
A86033,-78.54695319100092,9.924584132526237,-0.35269287
A86035,-183.4518739449673,1.2412748363856254,-0.35269287
A86036,198.36231440283035,20.18263764688227,-0.35269287
A86037,51.06878527382604,-113.7660345537947,-0.35269287
A86038,89.72854358316438,-2.1813275772372185,-0.5138907
A86040,73.6174926707167,21.118802453549304,0.17756303
A86041,-15.100580677733062,-25.06616490437414,0.17756303
A86601,193.03742169061297,-46.01608166775058,-0.35269287
A87002,76.73064318703406,-59.65956341133995,-1.0038471
A87003,257.53242583415226,-104.7427700585875,0.17756303
A87004,672.1437377061643,-17.08193064087625,-1.0038471
A87005,453.18873503542073,-23.231571654090594,0.17756303
A87006,74.03819040806266,-57.09308672711103,0.17756303
A87007,275.025523402601,-73.55717020979495,0.17756303
A87008,44.38012234381937,-73.75966435904506,0.17756303
A87009,480.7691669712206,-99.1613277500208,-1.0038471
A87011,44.123247014351605,-37.937999652682926,0.17756303
A87012,157.9398702835913,-11.285830993151762,-0.35269287
A87013,296.17947080550067,-97.90901289330354,0.17756303
A87014,-100.33144910088293,-30.90986916118734,0.19186029
A87015,65.35777601335907,8.105936962321671,-1.0038471
A87016,272.34772081051426,20.803366494470875,0.17756303
A87017,0.8751857531611437,-34.73136400171651,-0.35269287
A87019,-0.31162690278487465,-59.76828990727493,-1.0038471
A87020,99.86003329522907,-16.122368072595712,0.17756303
A87022,9.97170982639486,21.345428008471533,0.17756303
A87023,-15.983265183753698,-118.76782552502172,0.17756303
A87027,98.86423912512525,-85.81615515760168,0.17866597
A87029,10.733034210591722,21.913902527985694,0.17756303
A87030,19.8044381949983,-11.367335957644677,-1.0038471
A87600,-92.54218686770079,-14.22410064549508,0.17756303
A87612,-23.124095558936823,13.36732333303266,0.17756303
A87615,-54.980366466752585,-1.3081835042110281,0.17756303
A88001,-182.436648796921,-33.83750302631783,0.17756303
A88002,551.6635876252878,44.217097523580335,-1.0038471
A88003,447.968905876407,41.46553848395676,-1.0038471
A88004,172.0852767012459,-73.99549244886865,-1.0038471
A88005,-47.907251105790245,-29.934596159377026,-1.0038471
A88006,132.65647796540475,-91.71041385726521,-1.0038471
A88007,112.68624357181683,-132.56339185932566,-1.0038471
A88008,75.30299275749456,-22.72247961555551,-1.0038471
A88009,-26.554110134301215,-15.879120682060677,-1.0038471
A88010,-60.27961527728183,5.575959757920456,-1.0038471
A88011,-124.77659587043935,-7.255423584417396,-0.99536306
A88012,54.18126548954384,5.396681870780934,0.17756303
A88013,633.5676001552534,236.48813055660847,-1.0038471
A88014,-186.48020181673093,-14.12113580712001,-1.0038471
A88015,95.74482933652219,81.99411481103722,-1.0038471
A88016,107.81793255632074,-21.478811413763673,-1.0038471
A88020,-185.70016404323593,-22.568880249939195,-0.9953631
A88022,93.82553228442434,16.723496789904207,0.17756303
A88023,-7.390921832374742,12.181304783082737,-1.0038471
A88024,-296.678055175025,-75.9968399984765,-0.9953631
A88025,-42.9470275040093,-6.074812916504215,-1.0038471
A88601,-132.6839786502581,30.7313925743467,-1.0038471
A88603,-183.2956850370994,-82.37157616232314,0.18277337
A88608,30.22162545824617,21.002377576953148,-1.0038471
A88611,-188.4406452747283,-14.875371989714775,-0.9953631
A88613,-48.60902331656293,0.7164332832842052,-1.0038471
A88614,-195.64976272207758,-5.818597417906963,-0.99536306
A89001,430.7674609728975,-225.30990275825556,-0.93173236
A89002,-120.6614250144671,9.283769623877246,-0.93173236
A89003,39.7320335320087,0.013216274893595604,-0.9232482
A89004,573.0894951566444,-104.53442236116257,-0.93173236
A89005,50.38857990801367,-59.63510593141128,-0.93173236
A89006,152.3736813575312,-2.1182471723403493,-0.93173236
A89007,171.49445008713667,-98.62310225327151,-0.93173236
A89008,31.521972389527164,-21.83501832715109,-1.0038471
A89009,159.44096881299058,62.7054377755645,-0.93173236
A89010,479.4255320626826,-4.497905223369189,-1.0038471
A89011,-14.814629412294678,6.256179670826876,-0.93173236
A89012,113.6459163195217,149.23514858547657,-0.93173236
A89013,11.80506355402545,-29.11667269312878,-0.93173236
A89014,-172.00834776294545,-13.04738381635805,-0.9237047
A89015,139.498252087934,-58.96023732341477,-1.0038471
A89016,153.22035220315163,50.61067086128009,-0.93173236
A89017,438.7525006821827,-61.38923239182063,-0.93173236
A89018,-26.93606076377963,-24.044350851690677,-0.93173236
A89019,276.14598733058256,-130.96876489809526,-1.0038471
A89020,248.08338002801037,20.393965356294228,-0.93173236
A89021,185.59130460123757,-35.997247870689094,-0.93173236
A89022,76.21914419651156,4.210492552201634,-1.0038471
A89023,104.96062635985379,38.57446043747134,-0.93173236
A89024,-21.92919639884563,-8.312705137402066,-0.93173236
A89025,184.77360672908037,181.73159526042568,-0.93173236
A89026,-22.70673511190546,99.550997779737,-1.0038471
A89027,53.400431251359684,-31.202722031530833,-0.93173236
A89028,54.90090498621622,5.11781856390201,-0.93173236
A89029,-212.27831498571288,-24.153257178027435,-0.92500716
A89030,153.2897667869665,-32.90921612827107,-0.93173236
A89031,-21.52837411000566,1.419438977983491,-0.93173236
A89032,109.41460408495304,83.5141735984749,-0.93173236
A89034,-158.63490294207574,-18.55764817629344,-0.93173236
A89035,95.14530360986593,63.38650976872068,-0.93173236
A89036,-160.8479894531665,21.215798058412147,-1.0038471
A89038,-140.26870444552125,-59.93210892429301,-0.92324823
A89040,-122.20441794541698,30.110903876531285,-0.93173236
A89041,77.55921018583074,0.9267565232842241,-0.93173236
A89042,6.5113004729899995,-45.42710578335077,-0.9232482
A89603,-210.99779950226753,-15.795091983593476,-1.0032957
A89604,-55.28752521127453,19.74649963204171,-1.0038471
A89610,-68.43083854883827,-4.261416792683272,-0.9232482
A89611,-111.07405987241621,47.82161015104845,-0.92324823
A89612,-147.84016073322263,-10.065669922023933,-0.92582375
A89614,-17.758178201892868,14.518822454095025,-0.93173236
A89616,-176.12509155451525,-9.100264444162747,-0.93173236
A89617,-112.68719860645479,32.370867455530984,-0.93173236
A89618,-191.3288065567729,-1.3472399072822647,-0.9232482
A89620,-130.29005097521036,-13.813147206345535,-0.99669856
A89621,-186.03001926235996,-64.57782564910521,-0.92324823
A89623,-191.85600064857323,-31.48125545203929,-0.93173236
A89624,-126.13809686537702,-3.665230945252184,-0.99669856
A89632,-282.9899650731335,-0.2591560952989888,-0.9314041
A89634,-282.6236553201412,8.060066270975247,-0.93156916
B81002,-150.9124661679863,-65.64599840923339,-1.2477648
B81003,433.5162824564936,-104.00129949231756,-0.59873164
B81004,538.1412996510281,-49.27518127416211,-1.2477648
B81005,655.0829354655477,-113.18263154266995,0.12453743
B81006,184.8772848865894,-76.6290064704553,-1.2477648
B81007,256.0973796591843,-9.384114788737236,0.12453743
B81008,882.344883547136,260.52940203995195,-1.2477648
B81009,178.68714811248657,-45.301430572402914,1.0493038
B81010,353.3042734567893,-164.53190190927438,-1.2477648
B81011,172.1349434149424,5.535010194311774,-1.2477648
B81012,-38.250210799428466,-104.53241114916372,-0.59873164
B81013,111.89751822212853,-141.8006733194522,1.4735084
B81014,14.884140948378898,-110.85936854587221,-1.2477648
B81015,530.396237522173,-117.67636189297737,-0.59873164
B81016,84.65909504198841,-29.249741199060036,-0.59873164
B81017,49.60241049512665,24.868389406388513,-1.2477648
B81018,174.92561299978524,-50.25092765795737,-1.2477648
B81019,-147.27547861426157,-31.26817732861345,-0.59873164
B81020,70.76883912911171,49.81410193289031,-1.2477648
B81021,69.14236383221548,-68.226973843469,-1.2477648
B81022,443.08928582774075,-137.68922924958574,0.12453743
B81023,96.32610264355127,47.80585788612641,-0.59873164
B81024,177.78739537427126,26.13172733567828,-1.2477648
B81025,699.9215920592488,210.09950756814365,-0.59873164
B81026,683.2371940494368,1.793525240087083,0.12453743
B81027,115.68866959044891,6.1025767084985345,-1.2477648
B81029,89.58559127044562,-4.509407737910773,1.4735084
B81030,361.72316439822714,41.79784602275809,-0.59873164
B81031,351.15494343568986,-173.30641154939,-0.59873164
B81032,-147.17326243454255,15.543989897010913,-1.2477648
B81034,395.66168711709963,-88.65722403091488,-1.2477648
B81035,59.977753925646404,-4.385678014675755,-1.2477648
B81036,455.23151230520705,-10.770987995441685,1.0493038
B81037,501.27137668582884,-143.85782673026077,1.0493038
B81038,139.38992368230615,-73.05193935284638,-1.2477648
B81039,758.8658828175388,60.810035281701815,-0.59873164
B81040,540.9593002332924,-316.35499684135004,-1.2477648
B81041,1.9917693539426857,24.070724220836194,1.0493038
B81042,314.403955224435,-36.026562952837125,-1.2477648
B81043,459.13501172038906,-118.55911708111843,-0.06635469
B81044,-79.14167485768023,-52.91108044601195,1.0238515
B81045,350.40604136650535,49.90418865926035,0.12453743
B81046,236.37499900753065,-46.82614416198706,-1.2477648
B81047,-14.558929317276338,-79.08272608329763,-1.2477648
B81048,585.5550735040284,385.7132824834656,-1.2477648
B81049,68.18482078388499,-65.599580819764,-1.2477648
B81050,193.3519127643127,-100.33291207617219,-1.2477648
B81051,210.8190946690265,-42.71579282693376,-1.2477648
B81052,-73.2985431161258,-39.09260762777092,-1.2477648
B81053,442.8993202182985,-9.389237866776982,-1.2477648
B81054,280.0566385150722,-132.71634594486224,-1.2477648
B81055,-69.00138887063838,42.08357037796485,-0.59873164
B81056,414.1852571018127,-133.22601831623072,-1.2477648
B81057,-216.14314741322815,-54.21327694634414,-1.2477648
B81058,-23.648197657554583,-101.86022901289002,-1.2477648
B81060,17.392841769602192,-120.68368179510699,-1.2477648
B81061,801.9015047550225,63.52835149029031,1.0493038
B81062,397.17909885713146,10.280196781773643,-1.2477648
B81063,18.847940980888993,1.1630317550760596,0.12453743
B81064,119.42637820592455,-28.2538708733073,0.12453743
B81065,309.8008210498659,-30.15225029050728,0.12453743
B81066,-155.52700631980719,-41.56827312731429,-1.2477648
B81068,434.5763746260287,-167.78667305258054,1.4735084
B81069,174.24451781298885,-24.249477064075133,-1.2477648
B81070,-3.2097557672559205,10.531616224041809,-1.2477648
B81072,-31.479705238291377,-171.47412326475833,-1.2477648
B81074,-53.13736784093172,63.74859946022519,-1.2477648
B81075,-163.4664153601055,-8.287003512685093,-1.2477648
B81077,145.86414644570442,-112.85319499432448,-0.59873164
B81080,-196.7568969077473,-13.851038363300368,-1.2477648
B81081,-57.957088635258785,-61.98069097737636,-1.2477648
B81082,11.40796425214431,8.246970464171778,-1.2477648
B81084,41.70147812179304,-57.21683835651553,-1.2477648
B81085,-104.18117439463856,-58.38708463225961,-1.2477648
B81087,231.59990359384832,-5.184249803838154,-0.59873164
B81088,41.35472096931998,-42.248493131262734,1.0493038
B81089,-178.41684874205683,-36.44314250303789,-1.2477648
B81090,-76.60582101292685,-29.21587742913105,0.12453743
B81091,-150.12496588729442,-20.200353997373153,-0.59873164
B81092,253.22718229368613,-118.20317209980317,1.0493038
B81094,-238.2506273864302,-14.547895070263344,-1.2477648
B81095,-126.4721368623494,-21.332135052789436,-1.2477648
B81097,-194.29983022874575,16.346074891962243,-1.2477648
B81098,-147.3561572280061,-113.69561671077395,0.1584738
B81099,151.02762846025837,85.99804737981415,0.33876082
B81100,-97.54862573537359,71.1224742192012,-1.2477648
B81101,393.8646274732118,228.14719339569268,-1.2477648
B81104,-199.68884135794826,-21.727067707716575,-1.2477648
B81108,-17.242123516047467,-31.703626980578182,-0.59873164
B81109,275.43798822223727,-61.216668990817254,0.12453743
B81112,9.409397916927245,99.13210546320822,-1.2477648
B81113,93.12629620507211,58.22306256836536,0.12453743
B81118,-64.88821060562931,53.83842890525772,0.12453743
B81119,-83.6069472865425,-60.09638090195285,-1.2477648
B81120,-186.28644533949551,-8.061865453991794,-1.2477648
B81121,-96.71838529320856,3.01447441106643,-1.2477648
B81602,-134.69401049592275,-14.657945152457659,-1.2477648
B81603,-196.19471395056863,-99.42124149638033,-0.59873164
B81606,-22.13357825496708,-5.9879814881422115,-0.59873164
B81616,-159.68249971347922,-26.642711767136444,-1.2477648
B81617,34.90609580545264,88.52656314356562,0.12453743
B81619,-14.666780570497181,-2.4904717243446264,-1.2477648
B81620,-147.14904613094095,-22.899839889137187,-0.59873164
B81622,-104.01928021278478,-20.470290873762174,-1.2477648
B81628,-139.1067594680878,-27.647785512635643,0.12453743
B81631,-109.29496671741174,-51.683362672093736,-1.2477648
B81634,-181.68674402747146,-57.80535866340744,-1.2477648
B81635,-125.91751337198902,-13.061749651107109,-1.2477648
B81642,-129.94352917307017,28.458470363276383,-0.59873164
B81644,-235.4733502738625,-64.61603733787683,-1.2477648
B81645,-154.14322955137592,-10.206363958546966,-1.2477648
B81647,-150.5239257720471,10.347205331317866,0.12453743
B81648,-199.5037580059484,-8.24463352524891,-1.2477648
B81653,-102.7198309105344,-32.40262219560558,-1.2477648
B81655,-196.71765614973236,-20.467272341220813,-0.59873164
B81656,12.860370502861745,13.78216185270903,-0.59873164
B81658,-138.51104799897573,42.112887951176894,-1.2477648
B81663,-192.61433556267284,-7.83038397087008,-0.59873164
B81664,-220.40012078968564,-45.64579472920494,-0.59873164
B81665,-211.58709697192415,-8.045178475264622,-0.59873164
B81666,-200.65471524740374,-22.04784745561626,0.12453743
B81671,-286.639910007919,-2.39677439658434,-0.59873164
B81674,-171.53597931873873,-87.51204042693702,-1.2477648
B81675,46.98208551987055,32.954799233215255,-1.2477648
B81677,-109.01924661467149,-9.425125527808511,-0.59873164
B81679,-115.5759133468549,-7.330794706357152,0.1584738
B81682,-13.74173680521835,-60.471027903860474,-1.2477648
B81683,-148.3903347077531,-9.129249331700146,-1.2477648
B81685,-215.40731076005952,-56.19282299149772,-1.2477648
B81686,-230.80690844908398,-107.4412428226009,0.1584738
B81688,-187.21595489973058,-11.427079785150383,-1.2477648
B81689,-209.97127296528944,-31.867565683727726,-0.59873164
B81690,-263.44652799233984,-26.197615180574047,-1.2477648
B81692,-150.49151817202397,44.46315351654168,-1.2477648
B81693,-182.9776577261833,-21.847115828134,-0.59873164
B81697,-155.37471193852733,-18.052312127233236,-0.59873164
B82001,255.42536942800436,-90.84715270151395,-0.3325551
B82002,-16.86925457312221,-44.95964546361397,1.6707636
B82003,-151.67056149264258,-55.48701025139773,1.6368272
B82004,163.07527414579386,-62.31014931981778,1.8446877
B82005,2220.4128587350756,306.04697062335987,1.6707636
B82006,-147.2733407654195,-27.83438521012815,1.6368272
B82007,144.19561788595888,-31.17085765291871,1.4119989
B82008,-4.527971779200852,-112.72200205528169,1.8446877
B82010,-17.49234715675234,-51.053353005826956,1.8446877
B82011,-64.24588989289722,-13.58141490065933,-0.35269287
B82012,156.68268710072834,-71.0987303210925,1.8446877
B82013,458.81090963563025,-109.55557725300751,1.8446877
B82014,-125.17916796969897,-52.980864879758705,1.8446877
B82016,-64.9285784186222,-27.28301055903117,1.8446877
B82017,365.3426767824734,-100.15155628880343,-0.35269287
B82018,-78.20978094858833,-62.49167115904978,1.6707636
B82019,-199.6399410439443,-19.20755333511224,1.4268459
B82020,356.4275819470554,-77.15691476124512,-1.0208154
B82021,-88.15319805227166,-13.162703550861515,1.6707636
B82022,42.63546477852795,-67.85910650959568,-1.1395926
B82023,52.59114923094472,-26.44544944440458,-0.02817627
B82024,222.99537903034812,16.712048443905164,-0.35269287
B82025,670.3859650611694,8.457271242635462,0.72690815
B82026,1246.1856786488177,361.92097055270744,1.6707636
B82027,283.85967047871526,94.44545052883656,1.8446877
B82028,315.95187583375076,-107.97559922999098,1.4119989
B82029,-159.76951052183497,-15.956501372425295,-0.02817627
B82030,-68.30273577632262,-29.6483852626159,1.8446877
B82031,185.5080260148838,26.65778838076597,1.4735084
B82032,231.5647749614774,-70.51328781861498,1.8446877
B82033,246.67615367847836,-38.548134880270375,0.72690815
B82034,-34.008259896955366,-73.31220628235432,-0.02817627
B82035,-115.25307724349184,-64.03683604285504,-0.02817627
B82036,16.339122453166613,-38.17952549671903,1.8446877
B82037,248.36789950740007,-32.78213262679574,-0.35269287
B82038,445.49751127025354,397.4821883505071,-0.35269287
B82041,431.10753797056196,9.093872348678504,1.4735084
B82042,154.51443434587586,-34.94459894453255,1.4268459
B82043,-133.8594113024719,-20.5271288893139,1.6368272
B82044,156.44167537492186,-25.54451082908739,-1.1395926
B82045,-11.466654023333746,-67.89264954034644,1.2529219
B82046,-101.4911038491876,-18.7473269168856,-0.49692252
B82047,10.096560535586066,-40.03001371405797,1.6707636
B82048,-239.06938077615166,-169.47126890420517,1.6368272
B82049,42.89022495748898,-101.56613657310648,1.4268459
B82050,545.115431883219,-90.44225417962907,1.4268459
B82051,-467.7958089665862,-434.2272960740085,1.6368272
B82053,158.05025699328283,-46.76860316964511,1.4119989
B82054,471.1432109179014,8.284642751060696,-0.35269287
B82055,252.70720406523546,-118.04462519856727,1.6368272
B82056,-162.68903189954656,-103.96091097848087,-0.31027243
B82057,-147.97627679060093,-68.80565694429816,1.6707636
B82058,-185.02158683834256,-94.72597116126305,-0.31027243
B82059,152.7188572250952,-128.95754314293998,1.8446877
B82060,258.9911538382269,-99.11205480010717,1.8446877
B82061,66.25385734442793,-29.48143342847879,0.024849322
B82062,-158.58806997940806,-6.827845653929451,-0.35269287
B82063,127.61431003359131,-22.980379466154094,-0.35269287
B82064,-157.18194770132476,-55.597264832109836,1.6707636
B82066,142.40548708968296,-107.16207374853444,1.8446877
B82067,-35.379892932918416,4.591647498791401,1.8446877
B82068,-157.4081222264298,-29.263978955824637,0.72690815
B82069,26.08650297506613,-82.18210402113775,1.8446877
B82071,-37.60075377033251,-11.79166479347011,1.6707636
B82072,-49.765044963039,-44.0841046464968,-0.02817627
B82073,180.87900590316272,-109.62910162060857,1.4735084
B82074,479.421569154494,-12.609832412421628,1.4735084
B82075,46.536393588011144,-182.44090544982294,1.4268459
B82076,-26.765299618711634,4.221536150274341,1.8531717
B82077,-83.58674182201142,-7.830957564343611,0.72690815
B82078,-27.320612346577516,-32.67166174823347,1.2529219
B82079,-171.80498762442815,-40.00289748159348,1.6707636
B82080,442.04870243151026,-80.55756400346864,1.6707636
B82081,65.64221835484075,-33.85261740263491,1.6707636
B82082,-170.88647910238788,-38.244824479578675,1.6368272
B82083,1086.882366183602,487.35732116695806,1.6707636
B82086,-149.03382580043726,-14.920386815046118,-0.49692252
B82088,119.82185731655434,94.30151623572283,-0.35269287
B82091,-70.00551379436259,7.519824979388497,1.8446877
B82092,-7.19686198267945,15.113236675169762,-0.3343107
B82095,-217.98990399760226,-50.77950780693886,1.6368272
B82097,37.01228279983433,-49.68361168364819,1.4735084
B82098,201.20074380726595,66.40451398372835,1.6707636
B82099,-125.3889868829901,-61.22757366256552,1.420483
B82100,-3.492454710181306,78.8002022667346,1.6707636
B82101,-42.380070099462465,-35.75412937853067,-0.35269287
B82103,-266.111405390332,4.881596745641972,1.6707636
B82104,-9.705804688966172,7.442409558233532,-0.02817627
B82105,78.16582287710271,-2.1416262475172467,1.4735084
B82106,-80.49076837592385,-41.54327763429392,-0.35269287
B82609,-152.84938158705248,-14.56115596794229,1.6707636
B82611,85.62789195331163,67.59512281905576,-0.3325551
B82619,-264.33469067761934,-8.076096316471723,0.72690815
B82622,-238.35583343217857,0.3420354695963224,1.2529219
B82627,-101.39033418185224,-0.974401958700636,1.8531717
B82628,-63.24583756077918,-8.247208709394577,-0.35269287
B82629,-271.983444137215,22.58806076137227,1.6368272
B82638,-202.94512794841285,-4.787118408259358,-0.02817627
B82639,-311.8709034951535,1.531361473225575,1.6368272
B83002,-63.71832392517101,-20.630112840416373,-1.0208154
B83005,44.68582589169536,-90.92152967478823,-1.0208154
B83006,242.69676482263813,-62.711731508659625,-1.0208154
B83007,-39.34984912822632,-121.03763032677699,-1.0208154
B83008,237.73228098120018,-65.37276498169633,-1.0208154
B83009,140.8060278998069,-160.81810876401988,-0.23603658
B83010,172.3704815760413,-36.918472322853304,-0.23603658
B83011,1.919003586370656,-56.016991923539784,-0.23494457
B83012,133.3395797913776,85.25741237382586,-1.0208154
B83013,224.02234282985927,-76.38918182923011,-1.0191609
B83014,263.68450023331025,-56.11592489790222,-1.0208154
B83015,167.70983237020778,25.573707701171713,-0.23603658
B83016,25.275353182152465,24.799450892545135,-1.0208154
B83017,94.76808646567015,-25.395042897014722,-1.0208154
B83018,309.36755810176663,-41.88150566658989,-1.0208154
B83019,-27.937584235856306,-35.371177909732104,-1.0208154
B83020,101.92360815429234,-38.45086437233286,-1.0208154
B83021,430.3035192679895,-91.87805615443936,-1.0208154
B83022,121.5489437740251,-37.48737125419894,-1.0208154
B83023,200.8166939080231,-43.43566628361801,-1.0208154
B83025,-104.80701671155676,-8.216133934296302,-1.0208154
B83026,-58.110715868636234,-23.341154768621994,-1.0208154
B83027,129.80176868197515,-89.86496397353672,-1.0208154
B83028,326.32283804503885,-73.07678859773819,-1.0208154
B83029,158.0462969449579,-13.144786808997383,-0.23603658
B83030,130.8327218345467,-33.45093371752651,-1.0208154
B83031,-138.29655843518137,18.81649367621998,-1.0208154
B83032,-130.12384931588224,-24.38622954421662,-1.0208154
B83033,415.667545539937,-51.695229519369484,-1.0208154
B83034,-25.221309970926747,-182.5426226403663,-1.0208154
B83035,171.65898180816802,-6.623096779730439,-1.0208154
B83037,191.5598169819621,-36.618341872066296,-1.0208154
B83038,347.21324220471985,42.831519599296776,-1.0208154
B83039,378.6811369759891,-28.238893688403778,-1.0208154
B83040,166.4015917948206,-46.69953492624955,-1.0208154
B83041,163.20977488272118,146.99670229377526,-0.23603658
B83042,73.15335453503397,-13.598114013032214,-0.23603658
B83043,-162.7183488629746,3.9359632064854284,-0.21992634
B83044,-2.50680114853591,-65.74848396778714,-0.20744203
B83045,189.49039392973842,66.45936367390462,-1.0208154
B83049,-82.65894433250544,-15.155709046745619,-1.0208154
B83050,28.017427199127034,-69.63699519760233,-1.0065533
B83051,-227.42632828110084,7.871852348423054,-1.0208154
B83052,499.4568896894239,216.97935756328621,-1.0208154
B83054,14.35125358962663,-35.56754729596292,-1.0208154
B83055,830.4425514334404,-235.2521392800773,-1.0208154
B83056,99.97010517278434,-16.40708463433358,-1.0208154
B83058,-16.814836306462976,-20.922578741604887,-1.0208154
B83061,-130.70100933489354,-25.46091447572162,-1.0208154
B83062,149.67653428609194,-14.569703889729281,-1.0208154
B83063,190.6804464067499,35.15781086754524,-1.0208154
B83064,212.89715766917044,64.94449853341435,-1.0208154
B83067,23.257215764931598,17.773531424271532,-1.0208154
B83069,-259.11783163470704,-89.37186238537278,-1.0034759
B83070,-112.96071479543014,-27.16340530348624,-1.0042714
B83071,-101.09948155699855,-20.31194198222134,-0.99536306
B83602,-14.44737978845668,-102.69397074051318,-1.0208154
B83604,-140.0429028448354,26.14660502588877,-1.0208154
B83611,-147.24398559045034,25.32367901424386,-1.0208154
B83613,-68.45670883841947,-10.303502173861379,-1.0042714
B83614,38.039733710921325,1.8235822379151059,-1.0208154
B83617,-194.27181631047472,-6.532763913620445,-1.0208154
B83620,-144.58838259922175,-31.939326033294723,-1.0208154
B83621,-117.53608295580598,15.980169722219985,-1.0208154
B83622,-83.39238689600127,-15.70852234197738,-1.0208154
B83624,617.3292712152904,100.59430004290239,-1.0208154
B83626,-24.220861839228977,17.955706779433246,-1.0208154
B83627,-145.97804653431083,-12.582454213051607,-1.0208154
B83628,-40.886190027664895,28.430736207485175,-1.0208154
B83629,-161.40288124075587,-5.69845534756339,-1.0208154
B83631,-195.11646176645166,-65.82060209497745,-0.9953631
B83638,-94.02808595270486,-257.72948005084,-1.0183086
B83641,-69.5938283227933,-4.852925362720977,-1.0208154
B83642,-192.7273847758589,-22.06473360094009,-1.0208154
B83653,220.04020718046448,6.571140602707467,-1.0208154
B83656,-290.12264728349504,-10.798861918248795,-0.99536306
B83657,-106.8165573644526,58.43641767742789,-1.0208154
B83659,-205.59334839647343,-27.901681903893568,-1.0208154
B83660,-62.23879758496387,3.6934470568963436,-1.0208154
B83661,-145.47210541637415,5.002954206676809,-1.0208154
B83662,-283.1000345585239,-2.8973932665453925,-0.99536306
B83667,-270.48240923393985,12.551002877396485,-1.0412543
B83668,-274.7614520605736,0.4191859947699715,-0.99536306
B83690,-241.7995930649756,11.743779868935137,-0.99536306
B83693,-266.2377946069151,12.256541468972479,-0.99536306
B83695,-247.9009982247449,24.334109676226138,-0.995363
B83696,-282.5362198470347,0.8530476018530108,-1.0082407
B83698,-271.7965050571086,-4.615688656628173,-0.99536306
B83699,-294.1656470964841,-12.390254257999427,-1.0012102
B83700,-333.05044096918544,-60.14259516795013,-0.99536306
B84001,200.70616943786786,-277.3477540747073,-0.32511958
B84002,9.405545519918896,-93.22171869647538,-0.32511958
B84003,101.67652661534363,-48.5579621785764,-0.23603658
B84004,660.0430972881115,-100.08937357089316,-0.32511958
B84005,182.73139825608794,-9.042126450561483,-0.32511958
B84006,476.19391998000646,-95.21631376753108,-1.0844461
B84007,138.01640509746372,9.708328431714312,-0.32511958
B84008,433.43307281696383,23.82333966301399,-0.23603658
B84009,251.69706460821274,-76.36006737274327,-0.23603658
B84010,236.41655411022222,-144.99503543595173,-0.32511958
B84011,337.89069147306486,-13.250862469969935,-0.23603658
B84012,119.11326218882475,-39.01051646205413,-0.32511958
B84013,175.9246045654096,-81.41306052713523,-0.32511958
B84014,-59.05269327454987,-26.88991574062377,-0.23603658
B84016,148.04308603021877,28.854981895064313,-0.23603658
B84017,-186.7306701391121,-16.340090188679703,-0.21240231
B84019,310.0916816506897,44.52261622461187,-0.32511958
B84021,138.3977504485864,-55.04217405257928,-0.32511958
B84610,-117.03188921422573,-30.311748175275152,-0.32511958
B84612,94.5378567887833,58.97774723941155,-0.32511958
B84613,134.6277898591183,-57.24163316543337,-0.32511958
B84614,-187.13740323016833,-22.982035682154994,-0.274215
B84615,-161.67219505246248,-4.2754806428779135,-0.23603658
B84618,170.8035245180239,8.173881942047359,-0.32511958
B84623,-59.469568244985126,3.4110681467369743,-0.23603658
B85001,88.89503997073298,-14.602136816867237,-0.23603658
B85002,-121.70616025879522,-20.46365039127115,-0.92324823
B85004,-70.0742145201036,25.144510190237856,-0.23603658
B85005,2.922855024099169,-20.06337138989212,-0.23603658
B85006,258.45914888612157,54.47258431329829,-0.23603658
B85008,-78.46072762641022,-30.502772255093944,-0.23603658
B85009,222.6893045621589,-26.030599045054416,-0.23603658
B85010,66.9756775747162,8.75346075660928,-0.23603658
B85011,-82.45777500491754,-127.00416482428773,-0.2021002
B85012,458.12127248563223,63.57310638686236,-0.23603658
B85014,288.8538198236868,-122.58226742388509,-0.23603658
B85015,258.62987900036575,-25.840204631422676,-0.23603658
B85016,268.45931580213545,22.678469188938756,-0.23603658
B85018,109.22963524167396,-21.061315637309537,-0.2466417
B85019,617.2385201529383,-119.11779467864527,-0.23603658
B85020,115.24211009415404,-44.674079677136355,-0.23603658
B85021,117.62560385795048,69.59524085542638,-0.23603658
B85022,89.62674900171724,-23.03195497176528,-0.23603658
B85023,129.8703914589139,-15.97634115897561,-0.23603658
B85024,221.83079622431498,-13.729814706239734,-0.23603658
B85025,302.6199985112255,-20.798463331091135,-0.23603658
B85026,70.51455271305163,-12.973862408144756,-0.23603658
B85027,231.13134348129887,-62.26242428952263,-0.23603658
B85028,480.27510325736097,-114.35619414671189,-0.23603658
B85030,146.25109637096435,0.631310239826941,-0.23603658
B85031,60.06043628053702,-39.16241749760052,-0.23603658
B85032,3.026898663280367,11.173481257370158,-0.23603658
B85033,-61.28330295523338,-20.907456515361734,-0.23603658
B85036,71.04094061174744,-36.38031946292395,-0.23603658
B85037,22.84922079731612,-90.76042102444671,-0.23603658
B85038,49.293317187791835,18.998407826782593,-0.92324823
B85041,353.2223400501879,-39.83946239362177,-0.23603658
B85042,223.01512776957554,-75.25361601321123,-0.23603658
B85044,-173.84485188628605,4.956005011799382,-0.23603658
B85048,-9.104657622266442,-20.08088343262314,-0.23603658
B85051,180.66870678813166,16.583234456567777,-0.23603658
B85054,139.86576627455466,161.69294435125747,-0.23603658
B85055,189.0444191046069,120.66557690810245,-0.23603658
B85058,-184.93586313851245,11.35453456182628,-0.23603658
B85059,-45.278109422532026,46.06501764489715,-0.23603658
B85060,-73.81676606710106,-60.1006198910463,-0.23603658
B85061,227.51848729794284,-17.616076650415966,-0.92324823
B85062,-95.47619846422843,-15.727476926656793,-0.23603658
B85606,-91.65166281647032,-72.48333548133921,-0.23603658
B85610,203.39486912470556,-22.36501000209416,-0.23603658
B85611,-146.36935400880913,-15.2824086370711,-0.23603658
B85612,-120.69185165635638,-24.682205492518218,-0.23603658
B85614,-33.82160170496783,-59.05687117243662,-0.23603658
B85619,-143.76300824657284,-14.786136960887136,-0.23603658
B85620,-197.63198310979536,-24.278065889052165,-0.23603658
B85621,-203.95717303930886,-8.71463300589084,-0.20744203
B85622,-111.42774696257419,-15.50339926664177,-0.23603658
B85623,-164.4591821459163,10.149025432520219,-0.23603658
B85625,-283.663038032484,-121.66998016654976,-0.2021002
B85628,-243.89184639792424,-49.634390818479424,-0.2021002
B85629,-125.19933750533824,-13.262190783229416,-0.2021002
B85634,-166.36737493725713,4.1756248877107796,-0.23603658
B85636,-49.64996859464037,-6.777155149774,-0.23603658
B85638,-194.29288038406565,-164.58109074879022,-0.23269436
B85640,-128.53598866612717,-55.24831237801659,-0.23603658
B85641,16.416139868765814,-21.67589736412955,-0.23603658
B85644,-160.19321515426014,-2.824610757810949,-0.2021002
B85645,-184.3337081268167,-86.33372590003725,-0.23603658
B85646,66.89844441298264,-35.09165577679677,-0.23603658
B85650,-130.0567742514282,35.90298816477557,-0.23603658
B85652,54.58863068528123,-126.87026835148264,-0.23603658
B85655,-161.40007681874113,-21.136991674415906,-0.23603658
B85658,-292.32074330419647,6.778830361058232,-0.23246434
B85659,-243.6383037043855,-10.178883928506881,-0.23603658
B85660,0.7455222290948592,-33.69933979811039,-0.23603658
B86001,-190.4920543045499,-13.754563976987807,-0.2466417
B86002,228.83555541922962,-68.36833681976283,-0.2466417
B86003,392.7833180977509,-98.20515325852222,-0.2466417
B86004,77.34654894767417,-53.394545290464386,-0.2466417
B86005,-122.27691371334575,-12.746941900746679,-0.2466417
B86006,436.3763404202585,4.03001778760565,-0.2466417
B86007,208.88628595504952,-75.54853820885793,-0.2466417
B86008,329.80206138653597,170.49840627467594,-0.2466417
B86009,115.35220081920296,-6.8176335659864105,-0.2466417
B86010,159.08664941654888,-18.00681466333606,-0.2466417
B86011,-36.157058915581125,-61.719562055318576,-0.2466417
B86012,272.7204466064329,-19.200434220654724,-0.2466417
B86013,360.33384154398095,5.321678420035689,-0.2466417
B86014,366.0123654939451,-24.366251445706386,-0.2466417
B86015,358.7592008885421,-182.557852148831,-0.2466417
B86016,498.5773741396019,-177.08974748157016,-0.2466417
B86017,90.06027756252233,-48.52676049932094,-0.2466417
B86018,20.820353064168355,-20.480104013798098,-0.2466417
B86019,24.88091400902933,-80.20461491856143,-0.2466417
B86020,269.730202824211,-66.74033563090778,-0.2466417
B86022,235.0141738504476,-58.933128605489905,-0.2466417
B86023,-98.06382322293072,-36.01464580683443,-0.2466417
B86024,219.95403712069924,-103.98449794671787,-0.2466417
B86025,91.66868977987826,-34.99828998101668,-0.2466417
B86026,-116.33035985314619,-10.248198801686177,-0.23815762
B86028,-104.98405319801711,14.59706189961489,-0.2466417
B86029,-85.8027472116588,-26.41799910552998,-1.0208154
B86030,128.2451183109042,-13.108433510842845,-0.2466417
B86031,-195.1981971095527,-7.457895350555465,-0.2466417
B86032,453.61090079224283,133.4684836645429,-1.0208154
B86033,343.09664486688604,4.0456100664019985,-0.2466417
B86034,68.76446278318019,-61.28216528433505,-0.2466417
B86035,58.70829229140233,1.6298390525844497,-0.2466417
B86036,186.58481518442173,-88.0352365965017,-0.543585
B86037,-199.4891006688445,-1.0478160005014485,-0.5317679
B86038,212.24397144896537,-47.281056825896094,-0.2466417
B86039,-86.02011331531273,-100.36316553784809,-0.2466417
B86041,32.91302072322197,-8.94472465694814,-0.2466417
B86042,410.0037296604355,37.38487391897659,-0.2466417
B86043,26.72901220392235,3.1729540402994303,-0.2466417
B86044,741.2323639872477,-117.42283636539216,-0.2466417
B86046,-6.278689139977244,-63.05868646649184,-0.995363
B86047,-6.868480778791588,-68.34852082223581,-0.24580614
B86048,486.163968874894,-0.548504378244541,-0.2466417
B86049,28.524231176395052,-127.6714098865375,-0.2466417
B86050,715.0140320844959,-134.8432177637786,-0.2466417
B86051,72.67528849641783,26.278462485091133,-0.2466417
B86052,188.36945227054036,32.870797333847385,-1.0208154
B86054,29.007534267172552,-43.152548443319084,-0.2466417
B86055,67.88893831389673,-47.064484256534605,-0.2466417
B86056,-53.311959270317736,-87.54291138336043,-0.2466417
B86057,504.89630887872255,-75.45302759878476,-0.2466417
B86058,-133.6268718463069,-17.071023288940946,-0.2466417
B86059,349.30764395982226,-30.998902583703003,-0.2466417
B86060,188.65344511085942,-45.05193903309405,-0.2466417
B86061,-135.85266391299174,-17.019448530646276,-0.2466417
B86062,121.33692531950523,-68.44037251228514,-0.2466417
B86064,545.1375056194364,49.456687595804866,-0.2466417
B86065,-98.6654101369873,-27.074634796731935,-0.23815762
B86066,193.53419221096934,-70.24882782930104,-0.2466417
B86067,473.71680125932454,-90.83010720846615,-0.2466417
B86068,46.73823368499083,43.57910290393711,-0.2466417
B86069,119.93995649254505,-23.653247221429268,-0.2466417
B86070,-85.51096244988584,-76.32237453340417,-0.2466417
B86071,95.17286489515153,-15.66560290786065,-0.2466417
B86074,-142.4728622946623,-27.362862420090302,-0.2466417
B86075,272.5102301678532,-105.17397151405021,-0.2466417
B86077,-33.045030497239075,-108.64621170565451,-0.2463687
B86081,280.64986875895573,-162.06683774692638,-0.2466417
B86086,-25.22128818961182,25.72168131595367,-0.2466417
B86089,11.094762003679543,-115.0711410133996,-0.543585
B86090,-278.18623528753466,-45.8801875063741,-0.23815762
B86092,34.86812979557284,8.838228413340168,-0.543585
B86093,-54.374263121691804,-28.25685315963632,-0.2466417
B86094,-94.54400743121691,-44.11094867515652,-0.2466417
B86095,-213.56685161086045,-17.639019917456853,-0.24491839
B86096,-69.18644826182361,-85.53195183185612,-0.2466417
B86100,-87.08280588766793,-43.48759212969528,-0.2466417
B86101,-129.81814914321401,-86.58166240845688,-0.2466417
B86102,-233.05769871493297,-84.61242660631851,-0.23815762
B86103,-219.82709427265502,-21.43376495588973,-0.2466417
B86104,-12.150566820179085,21.06446121175345,-0.2466417
B86106,-26.236367485102832,-57.0051530157129,-0.2466417
B86107,7.320338374569857,-32.47913204802313,-0.23815762
B86108,-172.02908188521207,-8.823129281100995,-0.2466417
B86109,-20.763936789211552,-63.91627721876948,-0.2466417
B86110,301.8370292286172,-11.752176246271956,-0.2466417
B86623,-210.07186440869154,-26.61768736514422,-0.2466417
B86625,-144.42221593925146,-74.79445591628254,-0.2466417
B86633,-202.8925671389363,-7.707367574339336,-0.2466417
B86638,-260.44023065876576,-57.81302647780375,-0.23815762
B86642,-220.37866459898353,7.576483613609839,-0.2466417
B86643,-146.59862821037578,-11.412487926100365,-0.2466417
B86648,-181.31413926171197,7.878038241399127,-0.2466417
B86651,-273.1699630646919,-47.33547405562267,-0.23815762
B86653,-304.34266363034885,-65.64631027186387,-0.23815762
B86654,-159.53923961204623,-35.87700686954821,-0.2466417
B86655,-248.800722434055,-26.79847291481469,-0.2466417
B86658,-0.7357284583088264,-0.5901901661589602,-0.2466417
B86666,-156.7941629156417,-86.57658121626285,-0.2466417
B86667,-26.51032909435741,8.741587145117917,-0.2466417
B86669,-238.7235995893168,9.89430989191241,-0.2466417
B86670,-268.60191807167274,-53.951908942496466,-0.23815762
B86672,21.53749580404946,45.28855676877161,-0.2466417
B86673,-115.85048621365083,-43.0073771873319,-0.2466417
B86674,-287.0253826380148,1.9545454793629615,-0.2426648
B86675,-176.94813577686446,-21.1505075288522,-0.2466417
B86678,-134.02775226136188,-1.8312019658723684,-0.23603658
B86682,-117.08532059481581,-30.35393244052568,-0.24609023
B86684,-298.88434300116796,-0.06402840320882702,-0.24617037
B87001,99.90768017160161,49.53133597690874,-0.92324823
B87002,301.4047451987279,-15.457157656803655,-0.543585
B87003,150.19311994314828,-26.276877404247145,-0.543585
B87004,104.62603722516369,-38.33299392482874,-0.543585
B87005,240.40240575181974,-84.5763482588432,-0.543585
B87006,359.7937138319528,-98.8330229980018,-0.543585
B87007,303.26965130838295,-141.2072109958999,-0.543585
B87008,365.4714197462937,-161.93840837571076,-0.543585
B87009,45.21221130801856,-69.38424825151759,-0.543585
B87011,540.1199035842105,-109.2137176480993,-0.543585
B87012,115.67532948204085,-153.28699111286943,-0.543585
B87013,390.4321159678442,38.30701353401723,-0.543585
B87015,240.24252893516888,-79.51386708334404,-0.543585
B87016,977.3390483298646,1.7463883760963868,-0.543585
B87017,521.1604996746016,235.94905976158748,-0.543585
B87018,232.6717739850058,-18.572190360298595,-0.543585
B87019,77.8077391123902,-90.42013332542689,-0.543585
B87020,287.9795235353487,35.52763466140834,-0.543585
B87021,363.4975566989975,-165.7673230293305,1.4735084
B87022,-10.19897768752279,20.64384087191832,-0.543585
B87023,394.78247182656685,-256.3341023473279,-0.5362321
B87025,38.573545824808505,-12.031694106046492,-0.543585
B87026,570.076291913777,-71.84680361202643,-0.543585
B87027,437.40030448322074,-46.857767359034774,-0.543585
B87028,261.5240247490161,-65.73441034121527,-0.543585
B87029,19.672855737391757,-114.35629754975638,-0.5266168
B87030,511.0716489984487,286.43757143017376,-0.543585
B87031,303.39363532217146,4.358715684759665,-0.92324823
B87032,44.70013102422388,-19.203631930356046,-0.543585
B87033,-121.69981653107754,-57.453067658176415,-0.543585
B87036,-37.46482975923141,-19.561376764941052,-0.543585
B87039,345.9115345866333,-0.06521528976777319,-0.543585
B87040,78.8674421717496,-19.953252994860268,-0.92324823
B87041,-234.49439916452837,-79.63429472754399,-0.543585
B87042,24.694256174515612,-10.828424398611102,-0.543585
B87044,-181.6784519576748,-33.196930594356175,-0.543585
B87600,-145.80882209810096,25.853513815769723,-0.543585
B87602,-176.21162414675422,4.097557921875363,-0.543585
B87604,-160.67963920965408,-65.49440271229966,-0.543585
B87614,-231.3203325185134,34.042355872829056,-0.5288704
C81001,268.6732417907548,55.51590598691099,-0.6708464
C81002,227.9301391907525,91.51963958637839,-0.37390313
C81003,111.59622156485958,-16.297864211860887,0.6038888
C81004,154.93949482515995,-98.16685341821423,0.4723853
C81005,429.02739322653406,108.55143658956119,0.4723853
C81006,222.94831459001185,21.639398869459544,-0.36541906
C81007,44.038903752431814,-68.97992882026341,-0.36541906
C81008,331.77533313837154,46.46807456480827,0.77357066
C81009,111.19357360353415,-2.5930688176606544,-0.36541906
C81010,116.08005761063198,-142.8801335813771,1.1214185
C81011,-168.93297824410348,-147.1096310513707,-0.6708464
C81012,543.0808745969887,-33.01764361747793,-0.37390313
C81013,-86.56864670410543,-17.55597921804821,1.5625914
C81014,232.84601090790616,-123.82131526296016,-0.36541906
C81015,212.77897200855512,11.803636908189679,-0.37390313
C81016,-49.30737681215079,-15.16403082301579,1.5625914
C81017,64.28555487408926,-45.02819811581413,0.4723853
C81018,113.14637060764349,-12.608766744978082,0.47450635
C81019,-85.01538872780242,-69.34282106999046,-0.36948246
C81020,158.09046115104738,-85.65366317291314,1.1871703
C81021,285.7872149694578,-12.907892603275446,1.1214185
C81022,-179.043829302027,-39.1919201464451,1.1214185
C81023,86.21270361903498,-86.68054264456138,1.1214185
C81024,779.7426599773966,-0.928188371070681,-0.38238722
C81025,260.0667210845827,5.722491270221936,-0.37390313
C81026,-18.28566477285436,-31.76209759886474,0.36209208
C81027,40.59809443619508,6.979343180100318,0.4723853
C81028,98.50972837037958,-47.31221030931558,0.77357066
C81029,515.1662848210804,-7.15632587403337,-0.5796424
C81030,22.371145630699058,-8.245336024443269,1.5625914
C81031,52.32175204305784,19.349079606205283,0.36209208
C81032,274.3830012697645,-0.6646057656613583,1.1871703
C81033,599.9752180809129,7.288069243353538,-0.67933047
C81034,147.92198544320226,-15.11367447974877,0.89659005
C81035,166.84253722700313,-11.384164634784188,-0.36541906
C81036,-123.3733691967354,-38.10081902802684,-0.36541906
C81037,44.72291953619195,-7.2236163637712085,1.5625914
C81038,192.10738405164057,-41.17950672482042,0.4723853
C81039,-166.370597680059,-3.2860937626536133,1.5625914
C81040,-62.794973635529196,-0.9471316780215955,-0.36541906
C81041,269.41525789538946,60.40691113651628,-0.6708464
C81042,81.67731592083634,-44.43620979694467,-0.36541906
C81044,40.57453044340867,21.62168869136262,-0.37390313
C81045,337.092651244092,-10.632977500390473,-0.37390313
C81046,-135.47802139101674,-43.24571351891899,0.36209208
C81047,151.2385503423152,1.0195637064435075,-0.36541906
C81048,83.38715085748643,-68.76549207574254,0.4723853
C81049,101.34830129389398,19.71241084991858,0.36209208
C81050,235.10265734453088,7.751032531013077,-0.58070296
C81051,606.4900507352343,-127.00879490069117,-0.36541906
C81052,45.00538010874165,-66.96118429004792,0.36209208
C81053,85.89780122521624,-25.420942106183006,0.77357066
C81054,421.02010324406706,-18.47590471921446,-0.36541906
C81055,-113.35583211106704,-6.128924289659506,0.77357066
C81056,96.47308594042,19.267917202828997,0.77357066
C81057,18.37583580913515,-41.299355862145326,1.1871703
C81058,80.58119846297362,11.204981440799601,-0.37390313
C81059,-115.93062228700224,-33.21094828290401,0.4723853
C81060,56.61074665506876,-11.378733120899485,1.1871703
C81061,181.83214700528015,-136.84134094134694,1.1214185
C81062,46.68692330850416,-23.858708067489797,0.4723853
C81063,132.71238719440123,-10.185312191256426,0.89659005
C81064,141.89745571656263,-19.869171314576455,-0.36541906
C81065,23.363469933948508,-17.17848540091198,0.89659005
C81066,181.38018329945447,-44.844930753176236,0.36209208
C81067,119.06958838942968,13.329743529767967,-0.37390313
C81068,236.36620624379822,58.02948784614042,0.36209208
C81069,253.29901268038842,-50.103393698055314,0.4723853
C81070,-16.484906092063397,-21.58779300238416,-0.37390313
C81071,186.20836469706614,-88.82849662975539,-0.36541906
C81072,547.8999267178458,47.98597875792157,-0.36541906
C81073,149.7243381769156,21.582325012101943,-0.36541906
C81074,85.60447177229408,-3.431353055229406,0.89659005
C81075,-14.695128014992862,-37.43489595451405,-0.36541906
C81076,-166.1183956304474,-11.127786340822462,0.89659005
C81077,-179.5020424562525,-29.629959173053273,0.89659005
C81079,-170.4584048709411,10.584701518188648,0.44693303
C81080,61.03915696312246,-8.207051156096991,0.89659005
C81081,256.38783433455956,-138.0528591132807,0.89659005
C81082,-158.61708542933295,-21.856311385630047,1.5625914
C81083,96.04408282275156,-0.9903070060197173,1.1214185
C81084,508.79680272877397,223.85300085865651,-0.37390313
C81086,58.179219476672436,-48.86575332011725,1.5625914
C81087,250.44617971062843,4.972810996115841,-0.36541906
C81089,-62.71875679738556,-19.5668900324382,-0.37390313
C81090,-175.67515952778132,-24.408388934061513,1.1214185
C81091,163.08315367394025,24.29621454035737,-0.66872543
C81092,-73.41604947080337,-43.83853828012933,0.89659005
C81094,-10.482107001201049,-32.960885106319694,0.4723853
C81095,-50.17658023690504,-4.474676396301731,-0.6708464
C81096,24.512476789876942,-31.86947917605853,-0.6708464
C81097,-102.31180770917382,-39.72510840350184,1.1214185
C81099,17.305315225628622,-38.60168135103752,0.77357066
C81100,-145.14558037668544,-189.35857938857774,-0.38147438
C81101,86.42887958891922,-40.192867282867944,0.77357066
C81104,-229.259491514924,5.81166759192207,1.1871703
C81106,-28.50988503797475,-46.88488607245923,-0.9847579
C81108,142.6578257581293,-7.047946445716151,1.0493038
C81110,139.07159547537358,-79.98879551037645,1.1871703
C81113,-11.530271381805818,14.592798296461014,-0.36541906
C81114,125.75006610002299,16.170874777306523,1.1871703
C81115,-116.91071559699391,-41.599959446095134,1.1214185
C81116,-204.49731873752907,-92.71633692025641,-0.38238722
C81118,-38.79494878176941,38.62494796615483,-0.36541906
C81604,-153.37527329491238,-22.030704758072158,1.1214185
C81611,-195.2458460222234,-11.154060433979641,0.77357066
C81615,-207.4650749842148,-15.065036647452336,-0.9847579
C81616,-123.99313128096155,-11.051391860487353,-0.36541906
C81617,-98.02683654018371,37.27874290507407,-0.38238722
C81627,-162.76642863966526,-29.148557499767104,-0.38238722
C81629,-224.96815793168253,-19.93382929453203,-0.38238722
C81633,-248.3376267705007,-12.481343645861463,-0.38238722
C81634,-165.20362100806423,-8.713882377284843,0.6038888
C81638,-135.2652608147267,-8.466909813432618,-0.6708464
C81640,-146.4692698125137,-30.854128026886702,-0.9847579
C81642,-135.64999068191236,0.4152281591604382,0.36209208
C81647,-23.154917637879596,3.8486027025637695,0.77357066
C81648,-116.80946548886948,33.55635901391493,-0.36541906
C81649,73.07483138150938,0.004073078813235038,-0.37390313
C81652,-180.01188875186247,7.570507759581883,-0.36541906
C81653,-168.9428158851699,-20.316828959154673,-0.36541906
C81654,-89.7495417096003,12.59395216154423,-0.38021508
C81655,-77.34018569853359,-50.153388980425596,-0.6708464
C81658,-71.62522637535712,31.493289610768223,0.77357066
C81660,-186.03764092266928,-18.169704320583385,-0.9847579
C81661,-142.88954420856535,-8.910761095450653,0.77357066
C81662,76.98437947533743,26.48894936655189,-0.6708464
C81665,-7.5280547296925615,-66.09128091717561,-0.38238722
C81667,-285.62388370568505,1.636670926844339,-0.37481964
C81680,-278.74594137281235,11.335676188312956,-0.38238722
C82001,257.8497248392188,145.2459187297037,2.1225417
C82002,128.20553735970384,-4.2352807201110325,1.4374511
C82003,236.95937444194004,-19.788591999905673,-1.1586819
C82005,-1.2867897111782696,-138.34139828528083,-1.1586819
C82007,120.05235971566627,-33.26536557293861,0.36209208
C82008,306.4936306367705,-105.11152813226867,1.8531717
C82009,898.3500678564698,-9.725767275120361,2.1225417
C82010,461.87937781749633,-80.20509784567345,1.9952803
C82011,166.26789995174437,-50.55082767687255,1.3101896
C82012,118.01342286910898,-84.65488530920967,1.0493038
C82013,174.54000618959537,-7.805582288272577,1.4374511
C82014,251.5396406948942,-99.80589980087426,1.0493038
C82015,-212.51219898473215,-41.70386024878482,-1.1713058
C82016,47.891568569410296,-4.513925825284874,1.3271579
C82017,357.72992078090994,-62.80584992229944,1.0493038
C82018,491.51646026902955,-148.20424893017088,-1.1586819
C82019,3.2905568709722424,-90.27035989776451,-1.1586819
C82020,34.08810812241486,-21.950159792921504,-1.1586819
C82021,4.639364050897408,-55.70298411963889,1.4374511
C82022,12.033346976005829,24.167609916038234,2.1225417
C82023,-115.20908034847024,-31.58217424287879,-1.17565
C82024,522.4152161758115,-118.58413040644248,-1.1586819
C82025,177.78337410870523,-23.401896304824977,1.8531717
C82026,99.43906302403515,-100.38930319211272,1.3101896
C82027,-0.35127978055528414,-25.67916502360462,1.8531717
C82028,51.22545963825378,-45.54326058040051,1.8531717
C82029,258.8187430458408,-50.201399546199475,1.4374511
C82030,-16.223831306860983,-24.444672325359708,1.4374511
C82031,187.92691738404426,-12.71018766972784,-1.1586819
C82032,-46.26561286225745,2.9765910667791142,-1.1586819
C82033,176.83701516027068,-27.806074036539197,-1.1586819
C82034,10.523805668589988,-44.3079176891892,1.3101896
C82035,-48.248298557219094,-48.19936928038168,1.3101896
C82036,361.6761704007483,-158.92045971256343,2.119095
C82037,89.85988548519813,-29.047349406841,-1.1586819
C82038,847.9210173286339,-137.98784972585057,1.3271579
C82039,78.53881653179096,-84.1418290840538,1.8531717
C82040,24.840465364701046,-10.554573134430084,0.36209208
C82041,284.95558366272104,-14.794318872150924,1.3101896
C82042,156.5469835227017,-15.375226203100194,1.3101896
C82043,278.4578355970368,-114.72219777533431,1.3950306
C82044,19.842894306347123,-22.797667880121136,1.9952803
C82045,18.392479253125032,-59.17015995533517,1.0493038
C82046,436.7018728782437,91.74319212885665,-1.1586819
C82047,274.5442350161678,-10.196754279539801,1.3950306
C82048,-112.3540868481996,-16.459300767291595,1.4374511
C82050,275.2018679265313,88.58233064928348,1.0493038
C82051,278.0401990476618,-18.722430358633492,1.3950306
C82052,-139.72552699628392,8.937558595512883,1.0493038
C82053,296.9186189748855,-1.9524767040592037,-1.1586819
C82054,199.95915341935685,14.543900510546548,1.3950306
C82055,400.12132190871876,-28.148958938115406,1.8531717
C82056,355.05526157438453,-10.922161472856107,-1.1586819
C82058,-162.49636481485908,-154.0040123803216,-1.17565
C82059,-239.58460811914046,-20.606296043352103,-1.1586819
C82060,-135.82446919989164,16.900113945186533,-1.1586819
C82061,275.9049719591109,78.42959113793292,1.3950306
C82062,102.23674183348012,-87.60135830953797,1.3101896
C82063,159.66252745632542,-178.96022681084747,-1.1586819
C82064,423.39633334448564,11.261651960226304,1.0493038
C82065,-213.61376018345248,-21.158200976720575,-1.17565
C82066,395.9358925451333,-101.30446126028077,1.8531717
C82067,43.79444263819071,-32.235719305740545,1.4374511
C82068,260.7934840743437,-98.71448782784013,1.8531717
C82070,11.443249126442039,-6.8845385708814,1.3101896
C82071,183.12468115253765,75.67755400536318,1.4374511
C82072,75.0916202761376,-91.20266847630441,1.0493038
C82073,303.5765826232949,-174.29602234831654,-1.1586819
C82075,168.2694556425435,-20.505590350983425,1.3950306
C82076,-62.86352567928484,16.3143230668579,1.3271579
C82077,270.82436410947764,-95.97757575277119,-0.49904352
C82078,208.87390693393107,-40.860312055101886,1.3101896
C82079,18.82103681736778,-100.80464503364566,1.4374511
C82080,-100.9432190258909,-3.8466595544866733,-1.1586819
C82081,-195.47132440253594,-63.45126224959427,-1.17565
C82082,-25.140232316411232,-36.202813070363064,1.3950306
C82084,-210.78950665458578,-19.280328145520237,-1.1586819
C82085,-670.0761283866851,-501.21632843748006,1.8531717
C82086,-23.094328238032904,-27.241222430382546,-1.1586819
C82088,30.18168309450715,-152.9805636736405,-1.1586819
C82091,133.93457266986434,-108.41500911828037,-1.1586819
C82092,-175.2028600126381,-7.876630600570711,-1.1583425
C82093,238.02386977875702,17.98768493637769,1.8531717
C82094,13.43230770473993,-28.754512682067666,-1.1586819
C82095,179.9708617986858,67.01357693718896,1.3101896
C82096,77.46084210922099,1.3970021508547747,1.0493038
C82097,-274.20448438947693,2.290638192343618,1.3101896
C82098,0.016368537724145756,13.398712150902943,1.8531717
C82099,-105.60647696743797,-35.91684517668679,-1.1586819
C82100,69.76490705815671,14.89476623366512,-1.1586819
C82102,-141.7173885237888,-43.87874165788842,1.0493038
C82103,14.051610323791701,-41.39138359998443,1.3101896
C82105,-229.6260179937863,-21.104647693626088,-1.1586819
C82106,-204.6307031368945,9.401650691095863,1.0238515
C82107,32.78262863887142,68.12746919419006,-1.1586819
C82108,-281.35021199454286,-123.67805293742265,1.4204829
C82109,-151.67024777774705,-27.926124034816958,1.4374511
C82111,-116.66676434028487,-15.158821583422828,1.3101896
C82112,-151.87023645209916,-48.954443850099196,1.4374511
C82114,-189.96236984012577,-10.452642505658813,-1.1586819
C82116,-137.61201794147107,-22.746647128882458,-1.1586819
C82119,-181.478546122185,0.18911431764562658,-1.1586819
C82120,-136.98810078815015,-29.415088736941946,1.0493038
C82121,229.50137100344998,-43.317429265004876,1.3950306
C82122,-59.62122215707321,-1.28622021985343,-1.1586819
C82123,-137.1638781972424,17.7915963966584,1.2963783
C82124,49.729960966218904,-6.6501460809187085,-1.1586819
C82600,-71.38436143941652,-41.41955712435126,1.3101896
C82610,-64.35602633746136,5.897476894357301,-1.1586819
C82611,-76.54679541772629,-28.848787528931034,1.8531717
C82614,-148.897017614844,-25.202800055571164,1.4374511
C82620,-229.3895348315137,-8.31503465365855,-1.1586819
C82623,-112.23268651789293,23.345815332005838,-1.1586819
C82624,-10.696553900578479,-81.22004978591227,-1.1586819
C82625,-246.98439683857362,-89.00261910741432,-1.17565
C82626,-199.5836029739279,-31.41407656295301,-1.1586819
C82627,-68.19133419762461,28.780324199015386,-1.1586819
C82628,-180.90599966779232,8.093385035908128,1.8531717
C82631,-35.309915571309915,-13.827610276342314,1.8531717
C82634,-228.8926797253087,5.955499443246284,1.8531717
C82639,-85.09301983712912,-24.70878273224219,-1.1586819
C82641,-204.80360058046753,22.18042674406839,1.4204829
C82642,-10.39082172948273,-193.24483808548658,-1.1586819
C82643,302.8317582719187,-12.3321719336962,-1.1586819
C82644,-118.06994469051247,24.959809570025197,1.3101896
C82649,-136.2109001077297,38.94591978256806,1.9952803
C82650,-50.669366930095826,13.354353514300335,1.8531717
C82651,-188.95449955160993,-25.515958431209814,-1.1586819
C82653,-245.51494663109438,-20.72472452179722,-1.1586819
C82655,-243.50702809219788,-22.23749349922591,1.0238515
C82656,-147.06088910061553,10.64655714206399,1.0493038
C82657,-262.586128059427,-12.284861848405958,1.3101896
C82659,-192.75474688552757,-6.392920992192426,-1.1586819
C82660,9.666975855834044,-96.6372474900643,-1.1586819
C82662,-159.54193501422762,9.253782323759328,-1.1586819
C82663,-146.81782015118029,-19.8714613265068,1.0493038
C82667,5.409466269022327,-34.24982252774552,-1.1586819
C82669,-141.27735767014173,-15.985300383980904,-1.1586819
C82670,-220.47495114685708,20.054091697027992,-1.1586819
C82671,-146.59383865303397,5.697276474776305,-1.1586819
C82676,-12.711345900792622,-61.03708007778703,1.4374511
C82678,65.13720862025139,0.9648308448332461,-1.1586819
C82680,-141.43232202370882,12.20310652597565,-1.1586819
C83001,120.30752536293892,63.78542290694928,-0.7556874
C83002,134.10166623480322,16.23398625747492,1.6262223
C83003,556.6264228357687,126.05337762996588,0.19241019
C83004,276.6967793335958,-16.589065782267735,-0.54782706
C83005,78.71671893836387,-36.27113372504304,-0.96778977
C83006,26.520705472075885,20.52671329773408,-0.9614778
C83007,848.9030859870495,333.93488105170013,1.9952803
C83008,-43.171512502199306,-25.76904325810672,1.1744442
C83009,209.8743731785925,25.284713172569543,-0.7556874
C83010,297.56192875568854,-17.328843670823794,-0.54782706
C83011,185.46167762261112,22.917131657141113,1.6262223
C83013,142.72905307361643,-36.81619486101424,1.6262223
C83014,207.9000076902301,8.95526398124892,-0.7556874
C83015,253.14008323593748,-28.08625907632875,-0.54782706
C83016,-188.4213009677232,-8.469394011419837,-0.78639406
C83017,130.56091913087045,-239.1519076832711,1.9649951
C83018,366.3778287822846,127.46355939971036,-0.06635469
C83019,1033.910856627978,-316.9167452412626,-0.96778977
C83020,172.05400720986322,82.51495911124071,1.6262223
C83021,-150.4801111175464,-17.32674563608946,-0.9593056
C83022,629.2869703554479,-83.70948988330902,0.19241019
C83023,691.5161146745786,-14.49841647783664,1.6262223
C83024,-164.4718544889998,-55.83039355340038,1.1744442
C83025,273.963806985533,98.46675390392974,-0.7556874
C83026,1157.7837765203174,-97.21146112426153,-0.7153879
C83027,252.49294236693703,-46.50248405315836,-0.96778977
C83028,375.127135046551,-30.283986660301025,0.19241019
C83029,-1.6817982092521704,-7.8532942104302315,-0.7556874
C83030,72.014348236301,-36.97246967804054,-0.54782706
C83031,409.5955437005833,27.094085885754748,-0.7556874
C83032,112.42163835618544,-22.82127747695801,-0.96778977
C83033,-130.66294126308492,-39.96311142649251,0.12453743
C83035,396.7763176201914,-13.572550950692374,1.1744442
C83036,148.8077515980903,13.294997021950039,-0.54782706
C83037,192.57975900619226,-51.39350733035585,0.33876082
C83038,193.9823142300209,-32.62616507376641,-0.7556874
C83039,83.78734303897515,-42.11822597054985,0.19241019
C83040,386.70301696584323,-32.36915836518232,1.1744442
C83041,131.91170978038375,26.08575730270958,-0.7556874
C83042,42.92782778258771,-109.27819252575328,-0.96778977
C83043,210.74429100165455,-25.166271362735497,0.33876082
C83044,298.14204896243723,44.06378966923073,-0.06635469
C83045,704.7146432534687,103.68314472636263,-0.96778977
C83046,71.87439233903217,-57.594923187566515,-0.7556874
C83047,166.1321261489972,31.45608867326446,-0.5786066
C83048,352.97820709320195,7.438851929842962,1.1744442
C83049,68.09278634048684,-79.2408223933326,-0.54782706
C83051,-8.221413658661755,63.58367402876358,-0.7556874
C83052,-126.41318695181779,-13.169491615558071,0.33876082
C83053,-238.89362727680142,5.090346303863578,1.1744442
C83054,383.8249641017721,82.74366322025365,1.1744442
C83055,44.56038113235854,47.19991266188301,-0.54782706
C83056,470.49987309000284,56.63573260533029,-0.96778977
C83057,79.69653845964349,34.01067304965081,-0.54782706
C83058,107.21241366550474,-46.85294080859293,-0.7556874
C83059,334.76467831485917,-17.66470854299586,-0.54782706
C83060,237.9954790077206,56.379528962818604,-0.54782706
C83061,266.3571771443744,-21.368355762112746,-0.59873164
C83062,-28.112568429931883,75.21836352217116,1.6262223
C83063,760.9483430027688,-55.33292013837952,0.19241019
C83064,790.8633736980224,-162.46371570705708,-0.96778977
C83065,118.16778825054735,10.968487737278224,0.19241019
C83067,-19.0853566492274,17.462450472525628,1.3271579
C83068,-102.76710943733264,21.383741035596046,1.9683795
C83071,99.95843827629959,-19.435875618138404,-0.7556874
C83072,217.57783195316438,-20.951858703050892,-0.7556874
C83073,-125.3332087646431,-47.56476058950788,-0.7556874
C83074,-91.35099787333672,-14.401006202276873,-0.7556874
C83075,45.789493727859195,38.26048897785329,1.1744442
C83078,144.5891399546857,31.659073753577232,-0.7556874
C83079,-16.58395252412789,48.50776062929475,-0.7556874
C83080,2.109492051202273,7.355528761885205,1.1744442
C83081,-555.8359976725521,-460.2856974652525,-0.81507605
C83082,253.81733611750136,-3.7858462390363408,-0.7556874
C83083,216.05114427194974,-7.360059461088878,-0.54782706
C83085,288.3693085078263,30.916753855846082,-0.96778977
C83605,-76.64229673865938,-1.368996331882067,-0.9606411
C83611,53.18293072721415,17.921770025713744,-0.7556874
C83613,68.63621723208504,15.508939075677231,-0.59873164
C83614,-75.93157372193055,-59.83453029644724,-0.54782706
C83615,-164.09878770985662,-14.846965306565172,-0.8150761
C83617,88.3037552087767,-29.65037037308415,-0.7153879
C83626,65.3162359916747,53.79645234671881,-0.7556874
C83628,-243.3756525451645,-0.7988268232979006,1.3008379
C83631,-174.66489030030547,-51.41327037199479,0.19241019
C83633,-63.453470272995254,-19.05183375637179,0.15313196
C83634,-29.65207854276809,56.87174091440852,-0.54782706
C83635,11.428866847571978,-66.83908531795153,-0.54782706
C83637,56.91837454051292,39.359258962140274,-0.7556874
C83641,-28.81443443697461,-3.0967263029292993,-0.7556874
C83642,-336.7296849401976,-195.30431424327563,-0.81507605
C83643,-153.0501942931461,-43.21766045119365,-0.59873164
C83644,-149.71006002645518,-37.70422427914314,-0.057870604
C83649,-63.67808228309326,28.43336153679379,1.1744442
C83650,-101.90554505471974,-19.244190648352408,0.33876082
C83652,-217.61826963957802,-38.9768962540785,-0.80276376
C83653,-202.3269608444488,20.56766312598049,1.3271579
C83655,-226.21372293394916,-49.78810934353638,1.60077
C83656,-207.8003463034507,-13.373625766840961,-0.81507605
C84001,1439.2234217437567,2.650812296024426,-0.06635469
C84002,294.3749466731568,-51.91706311122421,1.1082585
C84003,-142.61327906965846,-99.62314437909053,-1.2117075
C84004,51.87210242743258,21.754153915190873,-1.2117075
C84005,262.5715414905031,-11.242816962509986,1.3101896
C84008,-159.0688239236967,-70.12880093489763,0.39390743
C84009,471.0243516052814,29.680226920494626,0.39390743
C84010,205.3814899496571,17.262925354769358,0.9411316
C84011,132.70024166569726,-44.35125950876071,-1.2117075
C84012,581.5401289135866,65.67564723297308,-0.5796424
C84013,333.1986862537004,198.61955795771448,-0.06635469
C84014,186.65638972735601,-100.19972858373333,-0.5796424
C84016,440.10011920772536,-23.261587578567756,-0.67933047
C84017,741.8316480564675,-93.45496867737077,2.1946566
C84018,187.3037412295107,75.23230267983335,-1.2117075
C84019,302.6327917463019,-128.69136074960684,0.39390743
C84020,-0.11595359714805892,27.740734526260976,-0.67933047
C84021,473.6929252984996,13.449482761052458,0.39390743
C84023,224.38172097108026,-1.9763095549405703,-1.2117075
C84024,1366.3366023808458,-106.70139412317342,-0.67933047
C84025,6.256116678348635,-31.84728878511633,2.1946566
C84026,320.5379852603192,-18.21545918027845,0.9411316
C84028,-59.852388053984676,-27.92217309116143,-1.2117075
C84029,421.4548588701449,-26.0442713185008,0.39390743
C84030,81.85682817490937,37.38983406171357,-1.2117075
C84031,-77.0473628284573,-15.626949421372341,-0.67933047
C84032,410.46511007990136,176.1910093115608,1.1214185
C84033,81.51156500846413,-91.60762959384941,0.9411316
C84034,165.5903400445691,-43.7546999255953,-1.2117075
C84035,126.87424087021033,-85.83414383334538,-0.06635469
C84036,472.408765389268,134.54786726390202,-0.67933047
C84037,283.25959365798036,4.316372016885221,0.9411316
C84039,99.03125838322582,0.9961378414735645,-1.2117075
C84042,-61.215356003312436,-7.742084409850931,1.1214185
C84043,228.05266865064863,57.42132719585256,-1.2117075
C84044,6.6275149790618135,30.977641075453114,1.1214185
C84045,68.48012389142285,-70.24353451159112,0.39390743
C84046,146.42826666935977,-38.0407068295384,-1.2117075
C84047,178.48154782678043,3.3085201843039695,0.9411316
C84048,154.5274600323491,-56.962624255802695,2.1946566
C84049,325.1863613151938,-39.1113394380555,0.39390743
C84051,762.6319061458504,210.09453395394706,-0.67933047
C84052,35.310706002073196,-12.256043310259905,-0.060840033
C84053,374.4278297588625,-50.50463985170428,1.1214185
C84055,223.90878428836868,45.841445396334045,0.9411316
C84057,-144.37207777562134,-38.27247606240626,-0.6708464
C84059,488.2874579279454,109.6506554587659,-0.67933047
C84060,106.9289663137792,-65.89626039901921,-1.2117075
C84061,21.790658781549112,59.10382994463834,-0.5796424
C84063,30.590975360208656,18.069176773090984,-1.2117075
C84064,48.44146427051207,-64.29839364901102,-1.2117075
C84065,-43.569086984383695,16.09346467564576,1.1214185
C84066,201.0303379548164,-9.461863022484781,0.9411316
C84067,14.689509788612417,0.8143331980607109,-0.5796424
C84069,190.5135541491448,32.615916443906194,-0.67933047
C84072,49.095375637524434,-10.446649470699363,-1.2117075
C84074,-75.2315349359698,9.028679999824622,-0.5796424
C84076,-101.91300144268524,17.822601873941124,-0.5796424
C84077,187.58207220791465,16.983530208157198,-0.5796424
C84078,323.560400035203,-111.23515476936687,-1.2117075
C84080,64.93662921275708,-38.449484618139316,-1.2117075
C84081,42.49207861235869,-10.826176458972741,-1.2117075
C84082,-329.1922524610549,-79.70429842633338,1.2762532
C84084,63.03176535273013,-56.71171836663881,2.1946566
C84085,26.786530618937242,1.148567075610245,-1.2117075
C84086,186.51441423981018,27.665921901401518,-1.2117075
C84087,42.74138790347826,-45.59920390449217,-0.67933047
C84090,17.841960718748734,-3.4218565447000535,-1.2117075
C84091,82.1727439889206,-4.536963713548855,-1.2117075
C84092,-111.17117344000549,-6.222255278050641,-1.2117075
C84094,387.2207214684717,160.87276922152483,-0.06635469
C84095,-37.87118592068286,7.106815915910465,0.9411316
C84096,-57.52685306469905,-10.259860791469073,-1.2117075
C84101,-186.0545332915202,24.581937810529173,-0.06635469
C84103,-73.07949814619535,-39.21463194174355,-1.2117075
C84104,-217.13541328563593,4.700321161812204,-1.2117075
C84105,12.939741621841458,21.19127046257059,-1.2117075
C84106,46.98121592098512,-14.637258374521414,-0.67933047
C84107,85.43752691609411,-102.46783901920118,1.1214185
C84112,-218.83040551403695,1.2230463550666386,1.1214185
C84113,-1.1147418557002662,1.7343111225734458,-0.67933047
C84114,135.03853880204048,167.26464975110574,-0.5796424
C84115,-9.528601623577703,52.58650098431883,0.9411316
C84116,56.15322588393581,-60.42608564140373,-1.2117075
C84117,124.64417609094873,22.141865393987935,-1.2117075
C84120,297.57831133261044,2.0684834694762873,1.1214185
C84121,-159.47978306671106,10.908414763376548,-0.5626742
C84122,20.17282477475546,5.783786797593322,-1.2117075
C84123,-157.31396618558205,-7.211247508239567,0.39390743
C84124,197.85979889196472,-50.05468229038345,-0.57909644
C84125,-197.47170606365592,-55.638251911425066,2.1803594
C84127,-35.92956412632308,-0.011556006125990687,-0.67933047
C84129,-12.869372002378007,-1.3256590244966557,0.9411316
C84131,57.02415062981269,26.686956254427418,1.1214185
C84133,-39.09799544386633,16.834981278734116,-1.2117075
C84135,-67.42900870507866,-53.22737922088646,0.9411316
C84136,-137.8273603907146,-6.142361132888465,-1.2117075
C84138,-132.9898207326854,-22.059650576442408,-1.2117075
C84140,129.31595756384834,-29.179242042548733,-0.5796424
C84141,-282.49388946980406,-78.21408413132916,-1.2117075
C84142,9.452026671806456,28.652057893895492,-0.5796424
C84143,31.992461831803944,30.343480419099883,-0.057870597
C84144,-125.53585628607863,-27.066751958344337,-1.2117075
C84145,-235.33285335167963,-28.71198945232803,-1.2117075
C84146,-66.42731680627654,-15.729459464806688,-1.2117075
C84149,-130.34173042418323,-130.21565546062018,-1.2117075
C84150,-148.90474085045133,-16.441828508293515,0.9411316
C84151,-224.94705313535692,-0.2879378183719324,-1.2117075
C84602,-211.82323498063516,-24.404689925080852,-1.2117075
C84605,372.15721742709314,306.6367677432568,-1.2117075
C84612,-158.56600564075848,-3.085003490000481,0.9156793
C84613,-189.41926959255792,-5.411587190249277,0.9411316
C84619,-44.45248215778892,-3.634043645262225,-1.2117075
C84621,-124.86927667048911,3.8005732940448107,-1.2117075
C84624,-145.2103001430599,-3.404938761550624,1.1214185
C84628,-75.15768666716517,-55.33535656520066,-1.2117075
C84629,-0.7253264459221048,12.766353069840134,-0.5796424
C84632,-204.9073121609634,-41.9006178124684,-1.2117075
C84633,-212.07265571726472,-6.14683539854815,-1.2117075
C84635,-160.2460583389964,0.08046549345692912,1.0959662
C84636,-225.55210223139994,13.299056132235144,0.9156793
C84637,22.39154275123181,-12.606174315766314,-0.67933047
C84646,-77.67950697108694,30.226361460114138,2.1946566
C84647,-232.95630254727578,-21.96854764911268,1.1214185
C84648,-71.17875143551146,-46.61069738394016,0.41087562
C84650,-204.91493448204704,-11.298765798137554,-1.2117075
C84654,-114.41254448112193,4.8408684859535605,-0.5796424
C84656,-147.1777068625114,-14.805465205689924,-0.67933047
C84658,78.39858712415825,-26.303319865056782,-0.67933047
C84660,-39.36543636228725,27.63491431177078,0.39390743
C84664,-164.37732203477182,19.246514746826527,-1.2117075
C84666,-161.21577166810332,10.613612235844107,-1.2117075
C84667,-84.84944151015114,13.15616921291896,1.1214185
C84672,-204.39768786525426,-101.56320941091818,-1.2117075
C84674,-174.05290041854164,3.1768975504440413,-1.2117075
C84675,-268.80377290651836,-53.731876272576294,-0.6708464
C84676,-184.1844651952262,6.526678189687494,-1.2117075
C84678,-90.19594295572013,-18.592382522182508,0.41087562
C84679,-144.49646733426158,-1.2402889117088214,-0.67933047
C84680,-170.73097756666104,-18.299277445119806,1.1214185
C84682,-138.87217639775184,-16.720967865431184,-1.2117075
C84683,60.829905517098545,4.300435965842349,-1.2117075
C84688,134.06339340474588,-106.58075948266033,1.1189119
C84691,28.683212357697876,-61.48608887049379,-1.2117075
C84692,-119.89790014180132,-16.86626843741056,-0.06635469
C84693,-71.91045705003333,-29.986225662343777,-1.2117075
C84694,-118.63379991147974,-16.109584800194718,-1.2117075
C84695,-134.28146621187554,-14.155360506656235,-1.2117075
C84696,-92.57631791490765,17.29841405666288,0.9411316
C84698,-133.44952834033333,-5.264256273812954,1.1180422
C84700,-309.82426745849915,-110.28116347607158,-0.0578706
C84703,-66.84331783375286,5.6065111744437734,-1.2117075
C84704,-34.94450822203468,-64.14061258646181,-1.2117075
C84705,-53.34163604791804,23.934695770887156,1.1214185
C84706,-233.46956322796694,-21.799273787716952,-1.2117075
C84709,192.49246396189847,93.04523602191641,0.9411316
C84710,-141.9370958729947,4.396348858174438,-0.67933047
C84712,-112.2603113204406,5.8554423127333095,-0.5708691
C84714,-188.92000986847628,2.539117547945938,-1.2117075
C84717,-145.56787656285294,-18.08167976710404,-1.2117075
C84718,-21.80744224664984,-13.948313767214728,-0.5626742
C84720,-275.5767176134787,1.756565108420423,-1.2117075
C84721,-276.890666434926,3.471031058942429,-1.2117075
C85001,-75.2157678452243,-74.09376293481829,-0.66872543
C85003,337.23445079706255,-31.60222642272869,-0.92324823
C85004,514.1703779004669,-91.69695643910615,-0.92324823
C85005,94.49562684431946,-55.69938610330699,-0.543585
C85006,-75.07840809846572,-40.92952379603169,-0.92324823
C85007,165.01024416185075,-63.12638052790728,-0.92324823
C85008,375.1326325804892,-59.9380781331044,-0.92324823
C85009,24.34061771911281,14.978165694524158,-0.92324823
C85010,437.40207772698847,67.92649674885661,-0.92324823
C85012,-196.64528357481015,-31.004849055475123,-0.5266168
C85013,376.9674416452448,9.267202018589874,-0.543585
C85014,161.49997699789856,-97.54282806922464,-0.543585
C85015,-120.09684962218061,-7.701206620484392,-0.9232482
C85016,347.5435439078605,-86.38071993439081,-0.543585
C85017,318.3824406519952,84.37802412776311,-0.92324823
C85018,87.39359006525562,-0.24628577554940548,-0.543585
C85019,-18.039316351337053,73.28087081578586,-0.92324823
C85020,429.4218302493344,-27.553412003748388,-0.92324823
C85022,387.6891074171508,67.18853658006499,-0.92324823
C85023,243.23028964781676,131.87918969494532,-0.66872543
C85024,90.67437371605429,-15.026994285925388,-0.543585
C85026,-47.46820276280203,-134.6096587978286,-0.92324823
C85028,-178.96964329370851,-58.7545413474944,-0.543585
C85030,270.17527556796813,-56.553434713318005,-0.543585
C85033,251.07195425049616,11.475929317031968,-0.92324823
C85609,-161.13616157593214,27.064138677044017,-0.63478905
C85614,-117.65579650255334,-18.236643821145634,-0.92324823
C85617,-178.2486193946555,-125.17725200777046,-0.63478905
C85619,19.649376805398056,16.420111856083395,-0.92324823
C85622,-184.1096503087139,-3.838500098921533,-0.543585
C85623,-107.2748559294654,-11.317652262222257,-0.92324823
C85624,-153.5404484771027,-81.50733812878285,-0.9232482
C85627,-259.565743635525,-232.62580333876227,-0.5266168
C85628,-245.4210199715391,-32.04622718475707,-0.543585
C86001,428.46843446141696,-65.91786078121157,-0.8044709
C86002,63.18410076159703,-121.31014821232813,-0.8044709
C86003,117.93797984480649,-155.35366827962255,-0.8044709
C86005,24.6590934318463,-61.70008980992122,-0.66872543
C86006,252.5729108080304,-72.85741077494318,-0.8044709
C86007,261.9055735865372,-24.249677140691787,-0.8044709
C86009,124.43752822248112,-29.8480288985057,-0.06635469
C86011,250.0120699656826,-81.8587146907498,-0.8044709
C86012,-38.815775267034375,-38.35421190698934,-0.8044709
C86013,276.1686023100225,-90.30083512038198,-0.8044709
C86014,11.634903602321993,-132.08666426414575,-0.78908116
C86015,69.82888392833001,-58.709560561487876,-0.8044709
C86016,169.44425374757662,-41.85703173318829,-0.8044709
C86017,109.73005265737895,-35.70187331623685,-0.8044709
C86018,136.27140996811184,-258.8418814948962,-0.8044709
C86019,372.338644606142,-151.92889444069053,-0.8044709
C86020,127.27622268054868,-123.69473011556352,-0.8044709
C86021,96.4424156552285,14.327089335745203,-0.8044709
C86022,66.72756201200134,-23.838609864552062,-0.8044709
C86023,-3.353357709061405,-49.54629435314897,-0.8044709
C86024,312.21286305130985,-35.95372943913431,-0.66872543
C86025,129.28603867214716,-97.89040560651303,-0.8044709
C86026,-112.82996454168247,-31.193268817249578,-0.8044709
C86029,412.4189964568322,-25.670999291062536,-0.8044709
C86030,-172.2898197716266,12.453596638288099,-0.7842953
C86032,101.08379782238673,-23.043102717446086,-0.8044709
C86033,-41.861701362099915,-33.250859391009016,-0.8044709
C86034,93.48603061312912,-6.014451169828509,-0.66872543
C86037,308.02440936450324,4.733802743973087,-0.8044709
C86038,174.69857321391328,-31.074686584924507,-0.8044709
C86039,24.254188710251135,5.696848084620906,-0.7902088
C86605,62.13547913145537,-108.30199373518016,-0.8044709
C86606,-156.3732570468166,2.2029943518837802,-0.66872543
C86609,-28.078461697841583,76.3978950694024,-0.8044709
C86611,14.435812409701203,-1.318285160319148,-0.8044709
C86612,-280.4884017386056,-156.4675899322086,-0.7790187
C86613,-69.95730913950878,37.36174965323083,-0.8044709
C86614,262.4038163003436,86.15259619698642,-0.8044709
C86616,-57.89630155494467,-83.89419123578169,-0.66872543
C86621,40.85747531875995,-123.54299790574215,-0.8044709
C86623,-232.08106502022292,-32.93374813977639,-0.8044709
C86625,-186.28915891150857,-3.1938215740578157,-0.66872543
C86626,-187.78968918697507,-39.10008150615562,-0.8044709
C87002,879.3542810956748,-99.8631688119183,-0.66872543
C87003,193.94084209464367,-40.290183909160035,-0.66872543
C87004,278.01153874035447,-24.085501230526464,-0.66872543
C87005,549.3453279039776,-47.97833673061702,-0.66872543
C87006,283.39313453680944,120.4621608817394,-0.66872543
C87007,330.58226904409014,-30.565104923765894,-0.66872543
C87008,557.7200050711388,-18.029758180509702,-0.66872543
C87009,149.17342450214414,21.274468471210824,-0.66872543
C87010,-78.17784044048912,-60.364861352133936,-0.66872543
C87012,235.20827913352974,-84.03126842772679,-0.66872543
C87013,72.24764074262075,-12.641580353939444,-0.66872543
C87014,135.71339154356724,-16.0700389348614,-0.66872543
C87015,63.719173820705734,-33.78077118866985,-0.66872543
C87016,317.11347710634743,-6.341322084902604,-0.66872543
C87017,429.73200746966626,0.12094444657428581,-0.66872543
C87018,43.75358262189712,-34.32620841587818,-0.66872543
C87019,-301.41042811198486,-56.53070326595444,-0.63478905
C87020,32.248419119447654,-11.150563497842873,-0.66872543
C87022,30.817954420522312,25.82906611167502,-0.66872543
C87023,-204.2644250424275,-8.70309488977834,-0.6418246
C87024,-105.57820693030777,-32.76374313038074,-0.66872543
C87029,301.1230383005916,117.50062528944967,-0.66872543
C87030,161.03798648603208,17.7655654065937,-0.66872543
C87031,-94.03242304560258,7.385200691908825,-0.66872543
C87603,-133.97590665097954,13.552886676262005,-0.66872543
C87604,-1.7729589719245853,17.65879002476065,-0.274215
C87606,-223.79617238165903,-19.242806256152626,-0.66872543
C87608,-71.83673223031765,-69.81477890671651,-0.66872543
C87609,-115.32949874093094,25.55879526646899,-0.63478905
C87610,-179.07607130030493,-2.683685032602995,-0.63478905
C87612,-255.62812327824787,-41.71535691543357,-0.63478905
C87616,147.38954173332755,-49.48807400234924,-0.66872543
C87617,-177.22772612545538,20.48464855014764,-0.63478905
C87620,57.191606462363296,-9.255747599363923,-0.66872543
C87621,-220.53837905327435,-9.770252571951021,-0.66872543
C87622,68.94246428035393,243.03181400831863,-0.66872543
C88005,157.8511175681772,-31.25617516084503,-0.274215
C88006,-29.992112543091206,-23.901137321026955,-0.274215
C88007,202.6248639714053,-5.539012997843682,-0.274215
C88008,134.48262396665513,23.15652023683191,-0.274215
C88009,-13.442532350991476,-47.217647305915776,-0.274215
C88010,464.0850827596809,-150.03573336532082,-0.274215
C88011,-18.511987240062503,-26.631070902205952,-0.274215
C88013,-235.40275894788235,-44.78151261474054,-0.63478905
C88014,175.28422423705035,-17.67971333207093,-0.274215
C88015,258.4707918252639,110.09249113895002,-0.37390313
C88016,172.89931212027767,-88.82175119158167,-0.274215
C88018,139.25377734870096,-11.927884872345933,-0.274215
C88019,115.30535146856654,-24.303695173565313,-0.274215
C88020,-0.7867406268622119,-57.89776744691046,-0.37390313
C88021,240.91907242255385,-180.09220412420643,-0.274215
C88022,-56.90413680956705,-17.3708613630919,-0.37390313
C88023,220.92113748895517,-91.66754995910617,-0.66872543
C88024,13.003076763825035,-131.9011140632571,-0.274215
C88025,161.10288104425842,-25.17463208348034,-0.37390313
C88026,348.3132471244982,-62.948596977596196,-0.274215
C88027,-65.71351380352654,-1.0034651202671918,-0.274215
C88028,39.61100561328891,-46.49630160080208,-0.274215
C88030,70.53012325734528,-31.333546892701598,-0.274215
C88031,177.51657892139673,4.024692367150193,-0.274215
C88032,51.3422719255674,30.74888415172214,-0.37390313
C88033,-99.93851390793235,-64.15434743091397,-0.274215
C88034,82.47354192778205,-72.79882704005824,-0.274215
C88035,122.34214598942583,-8.337028925856645,-0.274215
C88036,242.80949870801658,-3.6729918558894057,-0.66872543
C88037,219.03334776933158,-13.049757263249624,-0.274215
C88038,129.24524976700005,-88.71874570640098,-0.274215
C88039,130.10040959937294,-15.618226152745848,-0.274215
C88040,-46.174739738396624,-54.1102991547767,-0.274215
C88041,166.35288427138298,17.80010788417286,-0.274215
C88042,28.865235185383895,-170.36360074206206,-0.274215
C88043,147.19299538121442,-107.73826048153707,-0.274215
C88044,-111.19578808070871,-11.376319676582053,-0.274215
C88045,204.89393962718464,-84.22920397089418,-0.274215
C88046,-168.07022246956538,-4.047881320483179,-0.274215
C88047,61.565906031351176,-25.516285176613703,-0.274215
C88048,25.529978482604836,-35.19830536861377,-0.274215
C88049,-73.98117737929444,10.571808375169802,-0.274215
C88050,-102.2688569713274,-21.054598744064794,-0.37390313
C88051,-10.751817942768325,8.0783678371082,-0.274215
C88052,63.46599247727259,18.60895778006887,-0.274215
C88053,-126.95961378422793,-25.278306218443564,-0.274215
C88054,72.13738370938526,-23.041846194768084,-0.274215
C88057,-207.8487686608332,-10.311865792665873,-0.274215
C88059,-219.32686385257077,1.8625248106903043,-0.274215
C88060,-128.96818281709804,-16.785319956261038,-0.274215
C88061,-199.31867463668203,-43.82748719018282,-0.274215
C88062,-154.78342831837702,-17.661617472884792,-0.274215
C88068,-179.29856920242096,6.051291435250696,-0.274215
C88069,525.8858941930157,8.020544991688439,-0.66872543
C88070,91.77872802925644,-4.877926624365541,-0.274215
C88072,558.3077163756639,-96.46293854977976,-0.66872543
C88073,-9.279561161715836,-29.693768167220632,-0.274215
C88074,6.255426599747368,-69.7980520873791,-0.92324823
C88075,-118.80420948546899,-22.454917541689902,-0.63478905
C88076,-67.9177599919519,-41.76077320882815,-0.274215
C88077,-68.37127553008048,-80.23829127963525,-0.274215
C88078,-6.34781311384484,-3.046976244224981,-0.37390313
C88079,-59.30349955758741,-9.517771112985052,-0.274215
C88082,-224.12014244260686,-5.378926748373724,-0.274215
C88083,-174.87426577477137,-13.627091687793598,-0.274215
C88084,-137.56170172487407,-14.26287882846985,-0.66872543
C88085,110.71373027902648,27.84630856867925,-0.37390313
C88086,-147.50863391970464,-22.10932996466371,-0.274215
C88087,121.01307807484652,81.75155450692249,-0.274215
C88088,-48.58754373664936,-15.88674051788862,-0.37390313
C88090,-19.74546217375599,21.65889829890877,-0.274215
C88091,-172.15007475737457,-13.495713482693933,-0.274215
C88092,147.55921847554396,-86.32259312656733,-0.92324823
C88095,-9.468743864783578,-14.877003338580515,-0.274215
C88096,59.77155108663779,-35.28633340557665,-0.37390313
C88622,-237.6055183984137,-8.48143486591592,-0.274215
C88626,-123.94338838958572,52.6924482696429,-0.38238722
C88627,35.50246642102239,-26.75919493105545,-0.274215
C88631,-214.23018472798663,-10.326840824496143,-0.274215
C88638,-249.41008963580606,-36.44320404563144,-0.38238722
C88643,-117.56218398909654,-65.51176503667935,-0.274215
C88647,-27.25058128816116,-14.943198809796343,-0.37390313
C88648,2.371454562969332,-73.43577207855249,-0.66872543
C88652,-167.83756679723578,3.6259672830269674,-0.274215
C88653,-194.87547315575415,-97.1903981669378,-0.274215
C88655,-242.2577925471155,-6.859398897296923,-0.66872543
C88656,-109.95231272394315,-5.696368877319284,-0.274215
C88662,-285.52490490053077,5.024615549333652,-0.274215
D81001,-54.36287362269621,-28.58917155005888,1.1256605
D81002,147.39760890914565,-28.353063985039945,1.1256605
D81003,-16.906125430717022,-30.332725502666296,1.1256605
D81004,262.1141543294502,-4.178013508309204,1.5668335
D81005,50.05474030649778,12.149585365846297,1.1256605
D81006,393.77545960468825,-130.66569156046788,-0.7069038
D81007,182.50294406996397,-16.114826436010397,-0.71171147
D81008,836.0081553022408,54.242214365600695,-0.7153879
D81009,39.92738861163678,-36.73968509426685,1.1406461
D81010,368.3778308726959,5.583100400238334,1.5668335
D81011,424.8024966730258,-109.74983496981127,-0.7153879
D81012,186.9870768732609,-49.928798067974625,1.1256605
D81013,101.30986186855928,27.83057451602018,1.1256605
D81014,549.0749214817438,-59.411618298220326,1.5350182
D81015,240.7141031056011,26.211411911711302,-0.7153879
D81016,179.321191144679,-32.48107529834564,1.1256605
D81017,-93.4335151010703,-28.385060858302072,1.1256605
D81018,85.54351127046425,-37.214277428598834,2.1246626
D81019,-97.50258229941944,-43.76053052425361,-0.7120549
D81020,299.4275164054599,-37.85890850270559,-0.71239084
D81021,250.31809929279294,-103.99693772365084,1.5350182
D81022,1062.6754479821382,946.3218505292066,-0.7153879
D81023,376.7761333904454,-12.667095062494198,-0.7153879
D81024,57.686481191347696,-73.63789303259621,-0.71304125
D81025,176.04217852071437,-62.425488966442266,1.1256605
D81026,873.492883692066,394.50764989715185,-0.7153879
D81027,69.5424842815471,-32.37449274563149,1.5668335
D81028,241.14230264290163,-24.22743972564755,1.1256605
D81029,383.4388076434698,-99.56388395824105,-0.7153879
D81030,208.32034053902612,-5.659319058105656,1.5668335
D81031,565.6283538882245,20.976503952432488,-0.7153879
D81032,263.0834037823256,-61.233968906454905,1.5690393
D81033,-128.93148823224752,-75.86173443283302,1.1256605
D81034,553.4517421790434,-12.380632471096366,1.5350182
D81035,103.83562629194518,-38.50344593716443,1.1256605
D81036,-78.70191817615056,-35.39919362084446,1.5350182
D81037,-162.97372854723304,-52.00844856302597,1.1256605
D81038,-21.124362065392198,-11.82532142862409,0.39178643
D81039,229.60287365988492,-53.26037961598844,-0.71136034
D81040,-155.55674477692665,-2.278115312643478,-0.7153879
D81041,-83.18840761285009,-24.521903443770704,2.1246626
D81042,-19.613892041812697,-6.592546651813459,1.1256605
D81043,1159.5406374356335,605.3590319358723,2.1246626
D81044,343.3089535681839,-93.11683129715128,1.1256605
D81045,76.42144574107544,4.067589416372993,1.5668335
D81046,694.8843488602862,34.0774386969546,-0.7153879
D81047,23.188610753802944,-85.59563281336823,1.6537955
D81048,98.70553465551427,-253.73742144160292,1.9613439
D81049,165.349841337233,6.356904490055233,1.5668335
D81050,360.5231336726883,-22.171681616944795,1.5668335
D81051,28.30140172825727,-55.49351593754025,1.5350182
D81052,308.80421395069436,-105.31256636123925,-0.7153879
D81053,183.9904551173324,-66.1549571417004,-0.7139666
D81054,136.25073171201683,-44.45119192216853,1.1256605
D81055,68.29308246824242,-44.34643506093933,1.5350182
D81056,-117.95190934450522,-15.996467502745425,1.1256605
D81057,522.3151488311577,-9.743495785153582,1.5668335
D81058,-22.130469150414232,-22.521566900770704,2.1246626
D81059,99.69187056120846,-112.1371546217357,-0.7153879
D81060,55.07603354326202,-43.630113837647464,1.5668335
D81061,441.0109424540792,-125.6246401466028,-0.7153879
D81062,90.5332217985427,-44.69978077088374,1.5350182
D81063,226.77157785686305,14.67483325960023,-0.71239084
D81064,97.10237713628159,-28.287556373040548,-0.7153879
D81065,-37.09542557128764,-45.38701160717622,-0.7153879
D81066,-40.40082650375503,-13.972347668319967,1.1256605
D81070,-57.28396860428749,-30.202823134115807,1.1256605
D81071,139.60987054376264,102.53389483469331,-0.7069038
D81073,-43.54062460077023,-27.382747599675803,-0.7153879
D81074,-132.1705219550558,-20.615190989641167,1.58438
D81078,-173.79251295300313,-9.773629572587383,1.1256605
D81081,-102.06126396041168,11.96795925718368,0.39178643
D81082,3.5200169302170172,-62.63658893046015,1.5668335
D81084,102.28651229306686,-10.444038544863673,1.1256605
D81085,1.4476925008527988,-24.601754818456282,1.5668335
D81086,25.720424843957,-23.835523351606422,1.1256605
D81087,-90.37354341224535,-5.430474569380035,-0.70947933
D81602,-137.43458477998112,-0.820963402846588,1.1256605
D81603,242.72628790656395,-3.1508683182925465,-0.7153879
D81605,-168.06452806926316,-14.25341712404477,-0.70987326
D81606,-33.14599110116736,99.13226589466527,1.5668335
D81607,-175.9210159730104,-16.440792437761406,1.1256605
D81611,125.51894171182263,293.72302858713215,1.5350182
D81612,-92.27771301918715,-6.031129194445601,1.1256605
D81615,-32.839472614482936,75.38378871976569,-0.7153879
D81616,-133.06003955797715,-10.373295644312549,-0.7120549
D81618,-141.8863486781286,41.0366368908576,-0.7153879
D81619,-17.296000504261027,5.772275870374036,-0.71239084
D81620,-241.81648924028664,-16.720648707394325,-0.7069038
D81622,288.358333514983,-24.107118532852134,-0.7153879
D81623,-162.47187011971667,15.410601483938056,1.5668335
D81624,-49.23262098910946,-37.35633434542621,-0.7153879
D81625,625.1146816759816,258.1282981805359,-0.7153879
D81629,-20.738101878809037,7.480088267957176,-0.7153879
D81630,95.35848858356368,-2.850479750767697,-0.7153879
D81631,113.47086967857446,-9.938900452772609,-0.7153879
D81632,-429.3944294502764,-368.90924225853064,-0.7069038
D81633,127.43334186727748,24.738312674876823,1.5668335
D81637,80.72158702651969,27.195748592619893,2.1246626
D81638,-297.30975279203165,18.57961386096503,1.168081
D81645,-157.66957722146574,-27.954126105300585,-0.7153879
D82001,365.56320784786556,-103.52257043907261,-0.274215
D82002,267.9565751868817,-144.1044807321952,0.6357041
D82003,731.5034225078969,167.78621871324165,-1.0123312
D82004,621.5111605590981,-70.98855882152942,-0.274215
D82005,190.9390724188218,-120.75997727628366,-0.274215
D82006,27.460494422982844,21.438417609203437,1.2041385
D82007,679.6732931522048,199.22466558666486,-1.0123312
D82008,245.18152016990118,49.87943651462842,-0.77265555
D82009,104.57349848576412,18.368540650294197,-1.0123312
D82010,1.2380097198220537,22.16295658351712,-0.37178206
D82011,542.9309416247191,-36.94983447716737,-0.77265555
D82012,161.55739822774422,-51.11720055584805,-0.77265555
D82013,21.871917739743527,-104.15101609383642,-0.77265555
D82015,229.26343531357838,-8.038243086249782,-0.37178206
D82016,130.83804241414063,19.963755880382337,1.6559166
D82017,104.01080651422996,-8.32712493314106,-0.77265555
D82018,156.31714903922983,86.10839159386148,1.6559166
D82019,389.35540455213777,104.7348814895112,-1.0123312
D82020,275.7233132968468,9.30322241504947,0.094843104
D82021,-168.65102497898252,-75.990929784134,-0.3463298
D82022,-14.230877259755378,21.007135103592805,1.3038266
D82023,259.0630628892592,-29.101464620018913,1.6559166
D82024,59.17640448856801,-196.58479766029345,1.6559166
D82025,132.6219033272245,-34.52187853331593,-0.77265555
D82026,161.00338145295703,-39.70988478190713,-0.77265555
D82027,198.16791220941417,3.6733392678592627,-0.37178206
D82028,50.25737704579158,-14.223510761147718,-1.0123312
D82029,737.5431008256814,25.90521873081905,1.6559166
D82030,195.6786221231815,-49.73942693790773,-0.274215
D82031,118.0119766017608,-57.78670160459456,1.3038266
D82032,172.27787018054752,-13.128867403137411,1.2041385
D82034,582.904631697752,-100.68320081727333,0.094843104
D82035,329.32999238477333,48.967482184836875,-0.7153879
D82036,104.33541526278422,-22.787656333152608,1.2041385
D82037,201.36643727647086,47.40571693133326,1.2041385
D82038,-85.70224154200613,-25.902560805090516,-0.274215
D82039,160.2288015773875,-25.982111941130693,-0.274215
D82040,268.97938092690424,-31.310136161707785,-0.77265555
D82041,308.0777551307515,-36.54923353793382,0.6357041
D82042,132.27354250664655,24.843125423458677,0.094843104
D82043,70.84342538362529,-6.884710750693659,-0.37178206
D82044,1784.988147736472,346.1927799506793,-0.37178206
D82045,581.6774834865471,-62.14031411889383,-0.77265555
D82046,-100.90559903918681,-38.46998584748693,1.2041385
D82047,-12.51655177099544,-34.00693969810872,-0.77265555
D82048,305.8347895268549,-153.25427826682758,-0.77265555
D82049,-40.778709621994146,26.4297329620033,0.094843104
D82050,127.13445110020172,-5.828801516716678,0.094843104
D82051,657.3989327297406,-74.33783097599682,-0.37178206
D82053,77.96597967900519,-12.789617703886368,1.6559166
D82054,531.516041383672,-74.82865870653738,0.094843104
D82055,-210.34755226662358,-49.795165397869354,-0.995363
D82056,165.21961173918558,-14.769453856890667,0.094843104
D82057,98.2639968975049,13.461799946988538,0.094843104
D82058,668.9432416995753,-54.34492979705084,-1.0123312
D82059,222.01451119272616,-76.27723481887419,1.6559166
D82060,-28.824788405069885,-2.0640541637628305,-0.77265555
D82062,161.778720352874,-20.670016835037845,1.6559166
D82063,353.8520118845224,-35.169810572040475,0.094843104
D82064,562.180714697854,46.75376312881563,-0.77265555
D82065,204.18737492207492,-20.21353709875442,0.094843104
D82066,61.86571307389027,-16.113993387839386,1.6559166
D82067,279.3356304710098,91.82962775030553,-1.0123312
D82068,119.47599040159412,-51.59310482960392,-0.37178206
D82069,-144.53712520561967,-83.85909780353235,-0.77402055
D82070,73.7985525403122,7.523375941470593,-0.37178206
D82071,479.73271080963247,-24.41458129548287,-0.77265555
D82072,104.15678977954627,-34.233765405302044,-0.37178206
D82073,94.89409691512384,18.69616233970861,-0.77265555
D82076,6.758881857510164,22.79871544910298,-0.77265555
D82078,82.89197681087154,17.977921375445582,1.2041385
D82079,2.44008666990758,-3.737740100136048,0.6357041
D82080,50.67668927351725,21.513530323870718,1.2041385
D82081,54.527604196687875,-45.38875050838372,-0.99970734
D82084,137.02894035031284,-42.20281236561314,1.2041385
D82085,53.056738036883615,13.247584767367927,0.094843104
D82086,115.6628801642768,-24.03085069270679,-0.3463298
D82087,-37.0322281803628,-2.9496716091108,-0.77265555
D82088,28.051252950140864,8.749690304635742,-0.77265555
D82096,71.17737451542303,39.1772802486487,-0.77265555
D82098,-57.39115609925299,-137.156637144177,-0.99536306
D82099,372.01659361462606,47.50763367611768,-0.37178206
D82100,-113.15231450142346,6.5755883219048465,0.094843104
D82102,-74.48860631338718,-56.94180008347873,-0.99536306
D82103,-192.50988864912455,-4.950190802034484,1.6728847
D82104,280.35680610232487,-129.11828243964328,-1.0123312
D82105,109.86971533190959,25.666981141695185,-0.37178206
D82106,-129.12505575409622,-26.438414483890806,-0.77265555
D82600,-182.59951661128815,-4.2316555877772535,-1.0123312
D82604,-121.98909649735235,6.3142943360334005,-0.37178206
D82613,16.994782549302766,-33.83505423840487,-1.0049783
D82615,-273.9655876827225,-52.78941347844086,-0.815076
D82618,-82.66273657089279,-31.764038053964686,-0.37178206
D82620,-269.11886528183595,-49.8855366659932,-0.81507605
D82621,-27.70524389793714,-37.38796707030991,0.094843104
D82624,-114.12567449922258,7.360911124702165,-0.77265555
D82628,-158.2820138965498,-7.1260387368461675,-0.274215
D82629,-241.61647915744945,-102.98016679418573,0.08635901
D82632,-161.2535910511008,-15.533015908135493,-0.81507605
D82641,-258.8961182648824,9.799954210113324,-0.77265555
D82643,-283.0700455975909,2.543973695333878,-0.77479917
D83001,233.06991423660622,-32.02769724492537,0.94961566
D83002,536.7871101833967,-155.34078041824074,-1.0123312
D83003,-73.27294263613126,4.527019438892651,0.6357041
D83004,242.76503597874634,-21.669494984551513,-0.49904352
D83005,456.283608371366,-81.55391542224528,0.6357041
D83006,18.30372454826193,-44.08454180679952,0.94961566
D83007,195.44675307574394,-15.883238056305608,0.6357041
D83008,514.4986659415198,-158.6279772138882,-0.49904352
D83009,707.3323009031294,-119.12068046943473,1.2041385
D83010,111.15579575355005,-53.03296762311419,-1.0123312
D83011,276.29540439467723,-79.64046979467957,-1.0123312
D83012,513.887246751547,-114.18305398522057,1.978312
D83013,262.0381817142735,-2.6221235826041234,0.6357041
D83014,242.85108884291756,-16.63508627806542,0.94961566
D83015,109.69773001587708,-1.203550739064418,-0.49904352
D83016,257.8691785073105,-59.711352792540765,-1.0123312
D83017,433.1490554027491,-39.91439245274542,1.3038266
D83018,333.0921451015781,59.94215766180771,0.6357041
D83019,97.79139494380497,10.611342918743777,1.3038266
D83020,245.99554301313407,14.466943069598978,-0.49904352
D83021,484.6789182133983,163.86030692077162,1.978312
D83022,-71.51427737788924,-15.572037061491628,0.5296529
D83023,484.24314749297514,52.08315074476675,-1.0123312
D83024,168.4107324599413,-35.89235251600514,-0.49904352
D83026,195.35712881628172,-52.330217913672655,0.5296529
D83027,216.55225002681158,-67.05427271056058,1.5350182
D83028,35.77745247814899,28.37569489618153,0.5296529
D83029,322.86545857192556,-109.02365263834605,1.5350182
D83030,-33.38869897045214,33.38540705603759,-1.0123312
D83033,336.9988071841071,16.66606114544761,1.3038266
D83034,341.5780761520016,-41.76191784339224,1.2041385
D83035,284.0720854951851,-21.280847923347793,0.5296529
D83036,-78.50314128594493,1.8698402738731752,0.5296529
D83037,462.2515120162347,24.746732723189268,0.94961566
D83038,365.07350763484425,46.58989363201512,0.6357041
D83039,425.36060766917547,57.3135450428048,-0.49904352
D83040,173.80062974809582,-73.1772522938786,0.6357041
D83041,52.43091371712831,-21.789464893668953,1.3038266
D83043,-89.25506041622694,-0.06005621760915557,1.3038266
D83044,547.9883867279228,77.48241308788012,1.3038266
D83045,-13.645597313823174,4.788644003828051,0.6357041
D83046,665.3132502480407,299.9003141321918,-0.49904352
D83047,335.90426503919787,35.33483828635705,-1.0123312
D83048,744.19428417165,34.54115848056485,-0.49904352
D83049,92.9016764632159,-16.094034234778185,-0.49904352
D83050,57.022324810129,-62.44910722690799,-0.49904352
D83051,446.41229957825556,-17.94310340913412,-0.49904352
D83052,-56.558416407195594,-235.17018142781802,-0.49055946
D83053,70.66877906809717,-54.27641304223834,0.5296529
D83054,-118.25059085170902,-20.087997525859393,0.5296529
D83055,511.38123589195595,-18.178913873717516,0.94961566
D83056,217.34053152883376,19.426079959756905,-0.49904352
D83057,320.11510668379185,11.628918921594476,-0.49904352
D83058,137.95169664334037,-34.475174828389406,-0.49904352
D83059,601.0188276151338,112.86766450320776,-0.49904352
D83060,1200.320673664901,28.920764076376706,0.94961566
D83061,190.7437298275197,-31.146298214795557,0.5296529
D83062,97.40283107734444,-10.574369343367827,0.6357041
D83064,-4.883161851766274,39.678128515378724,0.6357041
D83067,-13.512340665489765,4.123456517186271,1.5350182
D83069,-14.686078002442985,45.4480136940087,1.2041385
D83070,-20.667202361976,41.93656356835186,0.6357041
D83071,-152.241302292103,-100.58306420368001,-0.99536306
D83073,-131.74434557430752,20.866532643520433,-0.49904352
D83074,251.74030105561047,-19.639069103211266,-0.49904352
D83075,318.194111874564,65.133944936991,0.94961566
D83076,-24.18531224103726,-19.806472410342167,0.9050742
D83078,173.3845590335061,53.506454083806375,0.6357041
D83079,221.57571067136755,-118.7064307695791,1.3038266
D83080,48.96821403577665,-4.509058003884281,-0.49904352
D83081,61.23729618929739,30.40136838432023,-0.49904352
D83082,-32.13402744512612,18.283697046447497,-0.49904352
D83084,69.86434883185076,-53.44490389268322,-0.49904352
D83608,126.11368847817295,17.653016840432453,-1.0123312
D83610,260.72101008800684,5.3264705260475615,0.6357041
D83614,-467.0449614540085,-220.2836325891698,-0.49055943
D83615,-143.06997831671322,55.956204659840495,-0.49904352
D83618,-159.1862041532022,-3.1356591241321277,1.9613439
D83619,-221.52653296892748,-44.625872246142286,-0.995363
E81001,-164.58444778427648,-20.893505889356273,-0.85325444
E81002,25.89756343424687,67.87233398871678,1.5901648
E81003,515.571784517884,65.96473486421938,0.68236667
E81004,288.74552448898027,-16.116378943731355,0.68236667
E81005,96.22966610804491,-36.39591909140951,-0.85325444
E81006,242.67620402428895,-37.74634394337315,-0.85325444
E81007,-18.515634066990398,-11.97032181117238,0.11393231
E81008,282.1245677343148,-122.50564392782796,-0.85325444
E81009,264.1020549443875,-89.80409210846855,-0.85325444
E81010,162.24254957901078,-42.75216488147558,-0.85325444
E81011,159.68385253897654,-92.96505514144154,0.3822784
E81012,178.99749561298472,25.502363470788833,1.6537955
E81013,122.83340167853419,28.591029298507646,-0.85325444
E81014,212.88813199087426,31.5301842547584,-0.85325444
E81015,319.8320349415485,-154.1632248758461,1.5901648
E81016,9.327101115595028,-32.71139458589966,-0.85325444
E81017,52.71184802586658,-28.13193669740549,0.3799693
E81018,273.4333320849979,-89.65585588930244,-0.85325444
E81019,409.50148675934093,86.01663238578475,0.39178643
E81020,-132.6881278337462,-104.90128440363593,0.37481824
E81021,156.78770179739456,28.40414493293314,0.39178643
E81022,309.6487165982698,-7.20196590788946,1.6537955
E81023,-115.43955120613676,-35.90784519787419,0.39178643
E81024,-7.0279477077684,2.371355596160299,0.39178643
E81025,-57.941673660440095,-15.63393200026415,-0.85325444
E81026,110.71012720325089,-20.2180421806299,-0.85325444
E81027,163.20711691799133,-49.645890658919235,-0.85325444
E81028,241.154275776947,-8.607655122891313,-0.85325444
E81029,392.87608332741837,115.68548028907381,0.39178643
E81030,-92.4292332251612,59.65251880895442,0.39178643
E81031,-59.624845426210385,8.601911911320732,0.39178643
E81032,510.43562889649473,-29.21043633820062,-0.85325444
E81033,537.5599363768505,-23.287553443262745,1.6537955
E81034,-9.519690631189103,-26.38797175303253,1.5901648
E81035,151.67293751790083,-32.888818671261006,0.39178643
E81036,348.2082768227987,94.77111671718282,1.6537955
E81037,528.9787229152056,116.97295880847456,0.39178643
E81038,341.7875710699565,-15.698064318923674,0.39178643
E81040,152.56776495114224,-27.312511685719414,-0.85325444
E81041,206.37550979405952,-130.82241688175696,-0.85325444
E81043,21.96703814975436,-20.902661851333832,1.5901648
E81044,541.8540796386352,110.37749366740842,0.68236667
E81045,130.09889729135395,53.799995343894594,-0.85325444
E81046,229.57500119378912,-42.09869279967648,1.5901648
E81047,99.43472750098404,23.243272419892936,0.39178643
E81048,77.38277557127383,-56.34416145841245,-0.85325444
E81049,14.728015159070553,12.048794745447823,0.39178643
E81050,198.12696863920797,-29.500749208400304,0.68236667
E81052,194.7596799464512,-14.762934746919147,-0.85325444
E81054,-165.51628887669617,-17.721018310832356,-0.85775626
E81056,-26.430538261938768,-21.168513215125166,0.39178643
E81057,498.09426468032,88.59303528435741,1.6537955
E81059,-5.580632209420832,-41.70702680541111,0.38953555
E81060,-94.5589280205243,35.21824780966369,0.39178643
E81061,-58.34427426305966,3.137668365893244,1.6537955
E81062,-121.75593709168407,-3.6945711738415143,0.3791625
E81063,179.2684709630523,-36.062218320621966,-0.85325444
E81064,-87.96162645961714,-135.53131106428262,-0.85325444
E81065,-99.39212682014517,-99.94395258396435,-0.85325444
E81069,-18.94503860544473,21.634873354574996,-0.85325444
E81072,77.86087035767599,123.66131697216797,1.528655
E81073,349.4277537836468,32.031667689891655,-0.85325444
E81074,169.16953079344125,-37.218871067373726,1.5901648
E81075,-66.81557474910977,-79.53385438316961,-0.87080103
E81076,-77.17713475268572,-13.406956950873106,-0.85325444
E81077,-102.5901103402377,37.49276731617381,1.5901648
E81611,-201.88126406542534,1.538631781629757,0.39178643
E81612,-2.144193275927608,-36.04321891305365,-0.85325444
E81615,-202.4681278924857,6.555166209892683,0.39178643
E81617,-26.28946291550183,-40.474243734751795,-0.85325444
E81618,-235.63850085675955,-7.622586814625245,-0.8871908
E81626,-174.21098201322172,-74.54961020301886,0.37481824
E81631,-188.5788211474949,-36.35393482126253,-0.85325444
E81632,100.1788054941441,-15.334410446727547,-0.85325444
E81633,-181.9551890979408,14.575222542715695,-0.85325444
E81635,-145.24888817011364,-5.525994951617955,-0.85325444
E81636,-188.19759630044834,-3.1093948957537147,-0.8871908
E81639,-286.85746698008495,-4.213689083682046,-0.8871908
E82001,665.2339357480339,9.184052207337698,1.4947187
E82002,118.67585603532763,-113.4950475128536,1.2338327
E82004,-183.68547507077545,-55.13340910639457,2.1692042
E82005,1053.7873744959604,200.61113533801515,0.11605333
E82006,79.22883049667684,-23.363391784085874,0.5487421
E82007,185.15227532631528,17.18698785080459,0.5487421
E82008,142.85096356006179,-25.847328012031525,1.6537955
E82009,296.19269849981305,53.059657915974604,1.9889172
E82011,-58.62353043006854,-69.55562474659571,2.141631
E82012,443.6784157518841,-105.48002165705947,1.3420051
E82013,467.6299268079828,346.25845609597644,0.8520485
E82014,217.4865650296062,121.20668864346975,2.1692042
E82015,119.73744739279805,-98.8931972139995,0.8520485
E82017,82.6329848166144,-40.191753235701896,0.8520485
E82018,327.59996699894043,-80.57344593627637,1.2338327
E82019,555.1009189106031,-38.16947249496287,1.2338327
E82020,41.672447230429896,-189.47766725301224,0.8520485
E82021,-15.006767910128522,9.10414146044794,2.141631
E82022,403.2944782043524,-12.029007049833659,1.4947187
E82023,-9.335912216330428,-45.8795393313692,1.2338327
E82024,287.654635710051,-149.84015889566004,0.5487421
E82025,328.44076529961694,-68.15503999940343,0.84573656
E82027,217.8074030664151,-80.4076176162803,1.2338327
E82028,95.40745504061663,26.59015084063412,1.4947187
E82031,281.4724828319833,-38.10308454965684,2.1692042
E82032,512.4728877971099,-182.50875601098215,0.8520485
E82034,-32.43931695092992,-31.51619044243247,0.8520485
E82035,351.82271479200267,21.38589546352926,0.11605333
E82037,312.84191227590117,-46.47231337766951,2.1692042
E82038,106.12302978163943,-28.43174450460959,2.141631
E82039,56.57978302265568,-201.8426496641338,0.15616243
E82040,694.2370661051771,-236.2894222967977,1.2338327
E82041,181.24719570506986,3.209100563292814,1.2338327
E82042,165.70708362238636,-61.974015435432676,0.5487421
E82043,400.38708913291424,11.14192911129978,1.3420051
E82044,241.15352214813308,-111.36357442981532,1.6537955
E82045,-6.607958068618352,-25.11345069593846,0.8520485
E82046,241.31863282261315,-148.12332458262247,0.8520485
E82048,84.83594709942751,-86.50317513626045,1.3420051
E82049,-146.01661913716634,-3.3765023478704883,1.9889172
E82050,-101.21156035943017,-66.4264700503384,1.4947187
E82051,381.93600151025794,-92.19065404161995,0.8520485
E82053,69.75296205097766,140.96023814630914,1.6537955
E82054,51.24435831083691,-83.49191881542222,0.8500169
E82055,192.39377865481597,-30.81419015498434,2.1692042
E82056,38.85487993193359,-48.8479064247577,0.11605333
E82057,-105.3580509164989,-4.922941362830366,0.5487421
E82058,232.72809775759865,-0.9435241080984038,1.2338327
E82059,53.409951559179156,-26.29332182777973,2.1692042
E82060,379.334971689327,-0.5320467817386204,2.1692042
E82061,363.7474589531108,-42.791096370484986,0.5487421
E82062,323.19671711682264,-75.9195464777933,1.2338327
E82063,210.59688745308495,-31.72593126336967,0.5487421
E82064,-45.42507264257894,-28.17974026264129,1.9889172
E82066,-204.81256978161457,-16.727040974899314,1.9889172
E82067,492.94489675371534,-125.57011765524136,-0.45025998
E82068,64.70478699540243,-36.81032227495936,1.9889172
E82069,-98.63273451526845,65.3879901092362,0.8520485
E82070,-208.50069423846625,-4.472563525621893,2.1692042
E82071,257.174930194702,-66.95324951403047,2.1692042
E82072,226.09255683507843,-36.566967081205526,2.1246626
E82073,378.108271202736,57.34499794188332,0.8520485
E82074,611.6867529579692,-83.99320872235663,-0.45025998
E82075,204.85645646717086,-66.66528240868941,1.6537955
E82076,-96.62489951593592,-29.73186362361921,1.5137348
E82077,159.72727378147462,-76.61221368344931,2.1692042
E82078,208.16597793414192,2.286924440203467,1.2338327
E82079,91.16911131457388,6.336659529159205,0.5487421
E82080,117.75176838536994,-41.01010440169484,1.6484587
E82081,309.86918449563194,23.065983735390372,0.5487421
E82082,396.2998632737909,-148.6583465876955,1.6537955
E82083,231.16543312714373,-54.590570697742116,1.9889172
E82084,137.9942470176352,-29.313261160829974,2.1692042
E82085,402.8126167862517,-103.66269965218888,1.3420051
E82086,361.1421715786337,-32.27176991016303,0.11605333
E82088,77.2855516843809,-21.31636223553497,0.5487421
E82089,440.1794259444333,56.007241387631076,0.11605333
E82090,323.8418034153583,-67.09594941071572,0.5487421
E82091,441.92227642843545,-77.2532988877518,1.4947187
E82092,280.1817639540496,38.669239137979986,2.141631
E82093,255.83435138479916,-63.82973923075223,0.11605333
E82094,10.57376293717158,-10.054758422063662,1.4947187
E82095,-6.738706181047777,-45.27723531618332,2.174334
E82096,205.34088422436065,2.456123246042338,0.8520485
E82098,39.431407235008294,10.830667889929506,1.2338327
E82099,176.77618944046338,-88.96320957997821,1.6537955
E82100,333.99400564748976,-90.51500683694384,-0.45025998
E82102,119.352458636178,9.61089845915246,2.141631
E82104,-76.61539667263347,-45.28258347578451,1.6537955
E82105,-168.08491498369747,-39.85101558169545,0.8520485
E82106,190.79109998711272,-12.466441148573928,1.9889172
E82107,145.01000065181958,-27.622292924126935,1.3420051
E82109,-14.139575257651588,-9.751720462986578,0.5487421
E82111,-91.8799957935304,5.906789787947286,0.11605333
E82113,-167.82249304716515,-7.832381004363625,1.3420051
E82115,300.5203528140341,-232.34782511773048,0.5487421
E82117,253.72874061569684,-65.58404784402263,1.3420051
E82121,-54.984708268718364,-23.715576024715908,0.11605333
E82123,175.89328333309703,-18.748783805432826,0.5487421
E82124,551.2663073552187,184.13930628275185,0.8520485
E82126,-222.4171697916372,6.208027955541304,2.141631
E82129,210.96924735334156,-27.211511682821044,1.9889172
E82130,13.385219614748353,54.59753497017702,2.141631
E82131,-239.60909134191317,-39.98538525410575,1.4947187
E82132,-19.779885713809314,-49.482391023446176,2.1246626
E82133,-59.532657089680974,-91.5755191627802,0.5487421
E82603,-187.64771668011343,52.46938256906082,0.8520485
E82613,-264.9483221633474,-37.36861804798778,0.84938014
E82620,-286.35286097676646,-7.531940933702967,0.5487421
E82624,-53.600984070520276,99.79665592430194,0.1584738
E82626,-183.05087748457862,-37.40203483763354,0.11605333
E82627,-271.43910229595804,-55.88880088746304,2.141631
E82630,-206.42151206774142,-5.26138062649607,0.8472945
E82638,-38.65049812498193,-1.1642533181198749,0.5487421
E82640,-50.05668709457329,28.562874779348824,1.4947187
E82641,16.044994566426876,9.876942091604825,0.11605333
E82643,-236.174945324852,-4.530693804990757,1.4947187
E82644,-243.66253033373312,18.020279444853124,2.1692042
E82652,-217.06070630121084,-5.708108286203801,1.4947187
E82653,-215.19808866766198,-40.82094302847398,0.84356445
E82654,-51.12657485758518,45.49722476800445,-0.45025998
E82655,-150.66557763151866,40.13559322369404,0.8520485
E82656,-224.48827338929087,16.223735168217562,0.8472945
E82657,39.342155179133364,-17.135535108613837,0.97082585
E82658,-192.51713608956646,-42.83549261535246,0.84356445
E82661,-11.68595525995619,-4.990871105492351,1.6537955
E82663,-128.40538506652038,-34.11918856533185,-0.87850225
E82667,-280.1302258520847,-3.2265430805395505,-0.45025998
E83003,48.917357572941725,-77.06951857437332,0.49571654
E83005,-145.273233713816,13.346473722100063,0.49571654
E83006,-83.54707639248238,-78.21606979930571,-0.39299232
E83007,-165.51380567502926,-42.28459757746609,0.49571654
E83008,-51.1507828254491,-45.42173549423439,-0.39299232
E83009,10.435448169315178,8.730420622126275,0.49571654
E83010,18.37884512290125,-108.42689884815896,0.49571654
E83011,-13.723218388322747,-17.84732790486409,0.49571654
E83012,-11.79194403142117,-28.447344550047756,0.49571654
E83013,-180.8930489214204,-38.398407712979335,0.49571654
E83016,411.5827867345422,-116.45249177014342,0.49571654
E83017,193.4468199769173,-27.729128154079934,0.49571654
E83018,249.6571783050525,13.045849300725822,-0.86173856
E83020,49.07378676469538,-14.33793985033304,0.49571654
E83021,137.00845967261435,1.2956636080677044,0.49571654
E83024,56.45998948562727,-54.586036756514474,0.49571654
E83025,6.79776221545085,-75.01152078121409,0.49571654
E83026,-200.47717578844444,-19.25028844709329,0.49571654
E83027,-57.70865901894984,-52.64169618713157,0.49571654
E83028,-96.60367180056593,-56.79783800707652,0.49571654
E83030,-14.153123548440533,-33.27466859690521,-0.86173856
E83031,-131.43612606389348,-15.38144822599079,0.49571654
E83032,341.7665123003811,-113.84334623266025,-0.86173856
E83034,-74.56327261411442,-171.88416539458592,-1.0611148
E83035,36.23856969852406,8.677066935156496,0.49571654
E83036,-124.6204006645259,7.098214215622451,0.49571654
E83037,-87.35367880220767,-21.0224302094278,0.49571654
E83038,43.07206152077697,-53.13347594204704,-0.86173856
E83039,-117.10278766013087,-31.162160932258136,0.49571654
E83040,-289.8860039152283,-33.63572065730808,0.41087562
E83041,-161.86375856202807,-25.725892846253267,-0.86173856
E83042,-219.4917823998962,-19.169692982990043,0.41087562
E83044,74.46670109708023,-11.372675817081499,0.49571654
E83045,-17.254074423956272,33.10603469708904,-1.0611148
E83046,-57.13277377810595,50.520299983799895,0.49571654
E83049,-82.8675487451558,25.554201846203792,0.49571654
E83050,-67.96023575538766,-4.543992407710387,-0.39299232
E83053,123.88762818810685,-34.49752619449162,-0.86173856
E83600,-23.862007518475565,-49.30630424778738,0.49571654
E83613,-143.63019874198352,33.36394305107338,0.49571654
E83621,-51.772097667591915,44.96999098166866,-1.0611148
E83622,-70.74734948158485,77.44780883944908,0.49571654
E83624,-224.5687454700856,-10.887309999092412,0.4623862
E83629,-190.64956161685598,-46.96412323155545,0.4690327
E83631,-222.30603012624576,-6.123998500687662,-0.5535458
E83632,-198.14149129605784,-21.09329910641398,0.4690327
E83633,-260.6554696361084,-32.796721485166145,0.41989
E83637,-115.42985499521701,47.35076462581494,0.49571654
E83638,-99.59864244809067,-16.45222752113149,0.49571654
E83639,-167.34520372567084,7.032150450607431,0.49571654
E83640,-274.0472708960588,1.5606171977672514,0.4108756
E83644,-283.6258358118163,-25.308628446363308,0.42423022
E83645,-165.62442714498263,-24.1037930073652,-1.1035353
E83649,-206.89540488267156,-17.187101033184163,-0.39299232
E83650,-245.82831673665632,-31.605751224399327,0.49571654
E83651,-275.5542908019261,-8.881678446203857,0.41087565
E83652,-186.10808723987395,15.063581511095032,0.41087565
E83653,1.1723664942629002,34.34838887545526,0.49571654
E83654,-224.39599777474592,4.826124322909972,-0.5192316
E83656,-252.84395530958753,-11.767310628831702,0.41087562
E83657,-256.83828855666934,-22.111826277831522,0.49571654
E83658,-248.11237282567873,-27.31721295798631,-0.88164353
E83659,-247.69808012931975,-19.804050184908444,-0.88719076
E83664,-262.2220987384975,-21.114168354116543,-1.1035353
E83665,-262.5884472857766,-27.405722607166858,-0.7429612
E83666,-302.8013356905043,3.165868397246173,0.4309075
E83667,133.51353527486418,-1.8763957836053284,0.41087565
E83668,-189.0100186306544,-87.9847905086594,0.49571654
E84002,-96.0291366378426,-41.737570981756825,-0.86173856
E84003,-129.62637498653135,-21.626397782505617,-0.3463298
E84004,80.23988665284926,-59.67768395864172,0.97082585
E84005,34.67737730607859,-74.946086188265,0.97082585
E84006,72.9375519775965,-17.725327209815326,-0.4311708
E84007,-49.11539860851584,-46.341661162259705,-0.86173856
E84008,58.607158201662024,-78.05722235972857,0.97082585
E84009,352.423441958155,-115.10195513055257,0.97082585
E84011,-192.82153919890712,-70.17545893632837,-0.86173856
E84012,-21.241568967434688,13.651743787959816,-0.39299232
E84013,-35.18784235312112,-100.09689289083435,-0.86173856
E84014,19.941221361334062,-35.48550507420822,-0.86173856
E84015,210.49571863159468,4.90722403839351,-0.86173856
E84017,30.976744982856296,-26.69305484967658,-0.3463298
E84018,-30.453965257940112,-28.444918078515204,0.97082585
E84020,-138.32512030173584,17.167845654583353,-0.86173856
E84021,111.82388045127631,-57.00895630936144,-0.86173856
E84022,-96.31687787936859,-83.172966472029,0.97082585
E84023,-125.45524942240705,-29.96289209275077,-0.17246889
E84024,930.3063962358877,-124.60502396877412,0.97082585
E84025,-48.7920680216553,-68.58070527819136,-0.39299232
E84026,-129.2493219437603,-46.172071106999255,-0.8794642
E84028,-153.18759725652413,-16.843159347416908,-0.86173856
E84029,-196.993224270008,16.983127753530237,-0.87828255
E84030,-70.16267520329028,21.06088071463722,-0.86173856
E84031,-35.14690114951633,-50.394697542772384,-0.86173856
E84032,-17.641775642162635,-47.711200694244525,-0.86173856
E84033,-10.676883222858326,9.784248045957272,-0.86173856
E84036,-31.321990857143444,7.951483554700293,-0.86173856
E84039,150.83947054069444,1.187337435475164,-0.86173856
E84040,-179.76741627306373,-110.6726843567874,0.97082585
E84042,-101.85250387843494,-46.57970246808128,-0.17028485
E84044,66.39021557762153,-99.29417377440659,0.97082585
E84048,-39.39780105982017,-0.02307472039379526,-0.86173856
E84049,-184.7978548110946,25.63986203962041,-0.86173856
E84051,-145.8828879761851,-0.13368519281825444,-0.3463298
E84053,-74.39140272139204,-78.04213344937212,0.97082585
E84056,-235.7632512991031,-19.500766455778887,-0.5626742
E84057,209.61418738440733,-61.26539430764648,0.97082585
E84058,324.23908517076194,-73.6883958790229,0.97082585
E84059,-182.17036363746752,-24.702952286095247,-0.3463298
E84061,129.36076683000547,-16.141214572747703,0.97082585
E84062,-168.58037493590766,-45.66383160720323,0.97082585
E84063,-207.35607520027196,-25.561053726664586,-0.86173856
E84064,-188.70899513828385,-16.415288859150365,-0.8871908
E84066,-177.62078810166517,29.747635747517577,-0.86173856
E84067,-60.79978366303834,-61.271594265276036,-0.86173856
E84068,589.6337866525153,-162.55207677575726,0.97082585
E84069,63.47136071162725,-76.32887505461487,0.97082585
E84070,-194.4295500691214,-35.0755735072766,0.97082585
E84074,-151.80060472435625,-49.86892959776007,-0.86173856
E84075,-134.4586807068963,-45.1996393311274,-0.86173856
E84076,-97.41294214740812,-7.363881302714546,0.49571654
E84077,-214.5507795282056,-33.03669244271204,-0.39299232
E84078,-109.03060201414587,42.12259775110598,-0.86173856
E84080,-61.04637346570343,-19.3788137336206,-0.86173856
E84083,-41.908330538015726,-48.82493131801659,0.97082585
E84084,-196.42204115967107,-63.658915926042255,-0.8871908
E84086,-113.0326884753359,-12.523935003288354,-0.39299232
E84601,-91.41078559153165,0.2418252457670957,0.97082585
E84617,-194.27768003670636,-30.97967784227986,0.97082585
E84620,-60.362633443280906,3.9703338158707036,-0.86173856
E84624,-212.81765279525274,-5.579983078576595,-0.86173856
E84626,-222.92736695932575,-13.847802949923874,-0.3463298
E84635,-202.7767744127678,-29.97490200938763,-0.86173856
E84637,-222.79384567253712,4.627007109086222,-0.86173856
E84638,-130.27469009712954,-6.955279304399574,-0.3463298
E84645,-121.39648753542541,23.227728504232516,-0.86173856
E84646,-121.649039144282,-38.89411981743259,0.97082585
E84647,-209.36367944795018,-3.502036557148777,-0.86173856
E84653,-181.15161335749215,13.578769425542305,-0.86173856
E84656,-211.42208353801928,6.655318459963902,-0.86173856
E84657,-235.74077721105166,-6.356565764128434,0.9868695
E84658,-128.48445239345676,-35.762962484202156,0.97082585
E84661,-93.22519725725645,36.01888653121817,-0.8871908
E84663,-137.18089355399573,-3.671080535237571,0.97082585
E84665,-96.08448100212287,3.4493559396851743,-0.86173856
E84667,-235.4869594040451,-8.492496552264216,-0.17246889
E84669,-231.68770746340712,-2.432092693002439,-0.3463298
E84670,-210.0302086632169,-40.411406023195646,0.98779404
E84674,-187.54938049285175,-33.36158200034631,-0.39299232
E84676,-222.52895952663528,-27.97950910587272,0.97082585
E84678,-163.01871256358748,-48.98497030496562,-0.86173856
E84680,-186.262844743902,-17.94848814059296,0.97082585
E84681,-236.51069971457366,-0.5826428692140299,0.97082585
E84684,-158.92505877139263,-14.308312928901916,-0.86173856
E84685,47.684774783413346,25.719773997180848,-0.3463298
E84690,-135.35634642815697,-14.742733390433537,-0.87712824
E84693,-82.81759146932555,-23.529729650146614,0.97082585
E84696,-246.8090046676547,-31.877742397934544,-0.39299232
E84699,-146.17311085193913,-70.77122421329639,-0.86173856
E84701,-216.1198382395946,1.49192744125101,-0.3463298
E84702,-155.76095764784236,-1.9746426360948175,-0.39299232
E84704,-223.27955924127488,-24.414357771170376,-0.86173856
E84705,-248.02249818814326,-8.555667162068083,-0.4644489
E84706,-211.72004703553975,-4.825617726977617,-0.88719076
E84707,-278.5946041988637,-1.3002222170452156,-0.8733816
E84708,-178.83119816675512,15.758787319316454,-0.8871908
E84709,-47.037009191418974,-28.518091587919805,-0.86173856
E84713,-163.86504984759338,-47.23305218238979,0.97082585
E85001,-4.7144015098307435,-47.384761803425235,-0.35693493
E85003,297.6174882928571,-104.00523772427937,-0.4311708
E85004,-44.09898361014233,-17.868375585043335,-0.3463298
E85005,-223.4747526460736,-33.719420239127935,-0.4311708
E85006,-132.17862490902758,-10.33914027136839,-0.35693493
E85007,110.53140498480236,-31.648430984577942,1.9507388
E85008,-45.41299373048671,-45.8831971143333,-0.17028485
E85012,-77.44891311741075,-32.642990420679396,-0.3463298
E85013,-186.80504814339685,5.01910627761248,-0.3463298
E85014,2.6650703766224177,-25.23491071294306,-0.3463298
E85015,-82.04377517329513,11.423292798172017,-0.35693493
E85016,3.821862781292109,-61.81712637314785,-0.4311708
E85018,-201.1159899344146,-8.386572515312146,-0.35693493
E85019,-52.24011430198203,-52.97411876421537,-0.3463298
E85020,81.22983282689816,-6.816240601514486,-0.4311708
E85021,7.623608595459238,-4.342502657639834,0.34724495
E85023,-178.7066530780376,-2.378690032875313,-0.35693493
E85024,-100.44004069111395,-18.53614686404472,-0.35693493
E85025,-126.39896106260387,8.587025102648008,-0.17028485
E85026,141.55272801798026,-109.87012621085005,-0.3463298
E85028,-56.0993676832982,-84.89483965634165,-0.3463298
E85029,103.90659088899986,-139.05410800410326,-0.4311708
E85030,-71.39753381440417,-33.43920002117384,-0.4311708
E85032,-149.2659189729762,-26.749978629484765,-0.4311708
E85033,-52.06276378207696,-73.90080495772152,-0.4311708
E85034,-51.20980021721627,-81.96821885654101,-0.3463298
E85035,-87.28868823100404,-24.90993507736361,-0.35693493
E85038,-154.42196344855938,-24.94306745694754,-0.4311708
E85040,69.43402918522271,-105.6122951102192,-0.4311708
E85041,-116.08436668985354,-64.80908915261352,-0.3463298
E85042,-119.58995333931885,-26.926204752705438,-0.4311708
E85044,-217.4845635566155,-16.045073011427164,-0.38238722
E85045,-133.71525292307453,-29.211715721464554,-0.35693493
E85046,-93.1522004813976,-104.20340901839205,-0.3463298
E85048,-118.683382537499,-34.13304701255278,-0.4311708
E85049,-15.839851728421488,83.37911828452462,-0.35693493
E85050,-27.72730271373356,-5.260762070643505,-0.3463298
E85051,-19.083707453606753,24.298907478417146,-0.3463298
E85052,-87.02950184541986,25.746784044711685,-0.35693493
E85053,-146.59939913026358,-24.717357521764093,0.97082585
E85054,76.89418707864104,-17.61648563133844,-0.3463298
E85055,57.35030605851393,-47.578190208694586,-0.4311708
E85056,56.88216907697886,-51.39602801466739,-0.35693493
E85057,38.98666304883588,-46.684179724041634,-0.3463298
E85058,43.06024170224022,-31.929092062792286,-0.35693493
E85059,-43.049551092936746,-62.19477067835357,-0.35693493
E85060,-64.66184792348757,-11.90349063722991,-0.35693493
E85061,-153.1955269066351,-64.25390076698163,-0.35693493
E85062,-40.81097312080488,-2.1916412822519686,-0.35693493
E85064,-91.22974241853419,-15.879741682016817,0.34724495
E85066,-209.08185656429256,-16.498401976049436,-0.4311708
E85069,-115.8007711611147,-5.7025310012176345,-0.3463298
E85071,-234.6494344723427,-5.541636366401222,-0.35693493
E85074,-199.550822502235,-15.856871974858937,-0.4311708
E85075,-137.66400023497874,-8.016344563560306,-0.3463298
E85077,-192.78913596373437,-45.07139878865695,-0.4311708
E85083,-52.52219944770713,38.61348837642967,-0.3463298
E85088,-158.62351858276358,1.205529351647212,-0.3463298
E85090,-67.48151356116901,-80.42487718043067,-0.35693493
E85091,-262.98482987982254,-16.017966882795854,-0.3463298
E85096,11.184061497628988,-113.1864020196553,-0.35693493
E85098,-166.35828628446652,5.537723387906084,0.97082585
E85099,-188.33079181693364,0.9155012161743991,-0.3463298
E85103,-156.49158709794355,6.722642821354505,-0.35693493
E85105,-190.30138005579323,-26.8613916125401,-0.3463298
E85107,4.895626432956256,-29.75557156872304,-0.3463298
E85108,-162.65690471809842,-56.64193490967007,0.97082585
E85109,-195.1079104765104,-8.241607183732256,-0.3463298
E85110,-218.55746688815282,-37.30741421169096,0.28836736
E85111,-150.4572004746736,20.500018223648762,-0.3463298
E85112,-138.78066017502258,-24.01000207019869,-0.3463298
E85113,-66.12501451030278,-39.20525628172931,-0.35693493
E85114,-16.4927937439249,-16.874921055570812,-0.35693493
E85115,-165.00978129919318,3.1774148520496484,-0.35693493
E85116,-86.4347046363555,15.628547550038913,-0.3463298
E85117,-189.4595872103421,-8.588150971117752,1.9252865
E85118,-39.967360562755104,-116.12990883495043,-0.17028485
E85119,14.848034344727655,69.0336072462225,-0.35693493
E85120,139.29608146176943,4.169702352363629,-0.3463298
E85121,141.82843412853174,-154.19626250117602,-0.35693493
E85122,162.8008878061699,-74.96731546323848,-0.3463298
E85123,-85.66891429679306,22.330633243349567,-0.3463298
E85124,194.29341441238066,410.90064755199774,-0.4311708
E85125,-155.69952276501698,-41.050239123918864,-0.4311708
E85126,-35.62695832439446,-36.12601174565755,-0.35693493
E85127,25.65695100165436,-20.834554883422022,0.97082585
E85128,-15.589881824301061,0.5814266416900731,0.35148695
E85129,-120.26035797222576,-84.77941940688085,-0.3463298
E85130,-153.39158272852822,-26.93875558316903,-0.3463298
E85600,-128.31690269622447,-1.5450794340676046,-0.35693493
E85605,-27.169744601091082,-40.73646985087249,-0.3463298
E85617,-201.82040033745506,-7.672500108992338,-0.3463298
E85623,-230.2911271285763,-34.62169730467778,-0.3463298
E85624,-77.72160476840168,-49.2962543856954,-0.4311708
E85625,-212.57425816058915,-15.033397316124653,-0.4311708
E85628,-102.58813854508665,-34.132047207844344,-0.3463298
E85630,-213.70603249236152,-21.68092738160509,-0.4311708
E85633,-3.379912931998652,-32.92563472430694,-0.35693493
E85635,-137.54483444298916,-33.17384435138361,-0.4311708
E85636,11.779082382466118,-11.422033322995741,-0.4311708
E85640,-196.1447532660844,-6.517792510674363,-0.3463298
E85643,-104.42114981424226,-40.413811482897074,0.97082585
E85649,-245.3545133841748,-25.273706384999475,-0.4311708
E85656,-148.87076148704372,-69.35214559281971,-0.35693493
E85657,18.716001867139,-37.51186011569211,-0.3463298
E85658,-167.67492641039934,7.170211132676408,-0.4311708
E85659,-242.20733215725232,-13.776871723839202,-0.4311708
E85663,85.37996697796258,-107.94384840342991,-0.35693493
E85672,-251.49752667397044,-24.42452284798174,-0.4311708
E85673,-243.67995662126077,-85.23211693637226,-0.49055943
E85677,-183.2794393745816,25.983718592829185,-0.3463298
E85680,-46.04277074170285,-5.889996809241222,-0.86173856
E85681,96.00750750303159,-38.625477379301415,-0.35693493
E85682,-73.9522614418297,-77.14846474422913,-0.3463298
E85683,-156.77899938375677,-3.1868320642800603,-0.4311708
E85685,-46.39704286302802,-15.073023912890656,0.35148695
E85686,-385.2790484502371,-211.79500377436293,1.9269508
E85687,-264.1642797212106,-2.3068748925211144,-0.4311708
E85692,-180.89334888106646,-27.228573415815053,1.9507388
E85693,-100.30818295922678,10.198884407652182,1.9507388
E85694,-223.87657424156777,-13.494356591434745,-0.3463298
E85696,14.504017270926097,1.9690699210755238,-0.35693493
E85697,-51.59639501024659,-34.17535686862902,1.1723231
E85699,-75.28727525120811,7.887721606804872,1.1723231
E85700,-236.00460683008512,-28.408417769685762,-0.36303008
E85705,-264.05726824659996,-18.728917839813402,-0.3463298
E85707,-55.55933688317573,-48.761281639353825,-0.35693493
E85708,-123.04045907125476,-14.301601169985322,-0.35693493
E85712,-65.08981597594877,-6.334701391190187,-0.3463298
E85713,-180.8635535240204,-11.560671130648606,-0.35693493
E85714,-182.4588612352481,2.6445622013746206,-0.3463298
E85715,-175.1952745557221,-8.298785611875845,-0.3463298
E85716,-15.036144062750674,-85.66373342655983,-0.35693493
E85718,-152.699642109305,-50.14790864159888,1.1723231
E85719,-61.714343060775434,-89.24674320964456,-0.4311708
E85721,-255.90119933038832,-26.905677407300626,-0.35693493
E85723,-100.37748181649599,-15.3161022705547,-0.3463298
E85724,-239.13399309449147,-45.326020084547444,-0.38238722
E85725,-174.2000273562755,-16.512503629844854,0.97082585
E85726,-219.27393443437333,-37.979114572662716,-0.3463298
E85727,-153.92900060947727,2.6733560928699296,-0.38238722
E85728,-231.64937665741135,-40.743970814833105,-0.3463298
E85731,-188.38785788406923,-39.98223107465367,-0.3463298
E85732,-210.22013223300186,-2.088580446371871,-0.3463298
E85733,-253.71271072102456,-38.58136117872285,-0.37119702
E85734,-135.61016295315005,-32.143699262223315,-0.35693493
E85735,-140.31857752867916,14.004804363890317,-0.3463298
E85736,-73.9493957357971,-24.91466619782595,-0.35693493
E85739,3.6380540736017326,107.7022771205656,-0.35693493
E85740,-244.6666928388344,-19.940841936810955,-0.3463298
E85743,-194.3509168390709,-43.68286626160432,-0.35693493
E85744,-37.71994254668047,57.670523247984384,1.9507388
E85745,-37.85040244205891,-153.26966437538314,-0.3463298
E85746,-269.7029700980882,-0.5285097539094108,1.9507388
E85748,-164.41410838058758,-64.52631616565152,-0.4311708
E85750,-38.95968755456274,-74.73407065044567,-0.35693493
E85755,-212.1398877858671,3.6756791017560833,-0.38238722
E86001,71.63141399418254,25.090681096310885,1.9889172
E86003,-162.5674418406083,-10.023321031117524,0.34724495
E86004,144.44714858863836,-48.35338666246136,0.34724495
E86005,52.39446851710254,-8.03486355952455,0.34724495
E86006,24.20995700448159,-9.769459573510924,0.34724495
E86007,140.56308629307802,-109.27595603414154,1.9889172
E86009,-45.233513461751585,-17.035206236673748,0.34724495
E86010,266.3930754641152,-8.79189715304351,0.34724495
E86011,-71.58439606234556,1.2561205665202788,0.34724495
E86012,256.9854410448413,-28.608873769327406,0.34724495
E86014,-83.565206041514,-5.591924071517321,0.34724495
E86015,353.2876894996442,4.932453911531879,0.34724495
E86016,-119.13980351853125,-58.944792101384,0.34724495
E86017,184.06637745740056,-17.958613345470525,0.34724495
E86018,99.98054066518112,-32.90920983564452,0.34724495
E86019,-1.5137562792152732,-82.68903165353018,0.34724495
E86020,-84.25238206176385,-12.525047911639662,0.34724495
E86022,-77.86775107390216,-23.733806122189012,0.34724495
E86024,-112.09249284090095,-42.60599796421719,0.34724495
E86026,-10.135628885495208,-16.295943652106352,0.34724495
E86027,95.88818162523937,-12.067775213682777,0.34724495
E86028,89.15552350633673,13.579650021651151,1.9889172
E86029,127.89446179360905,-43.63107434124451,0.34724495
E86030,-162.9589211352369,-27.54648159951531,0.34724495
E86033,-20.55029259341258,1.58600334765444,0.34724495
E86034,-223.70807857101335,-27.041090418292406,0.34741458
E86036,69.85475564670455,-9.202124641291512,0.34724495
E86038,-79.30636998390669,3.0361270170777876,0.34724495
E86041,-167.71749691798237,-1.056621156169832,1.9889172
E86042,-20.82075095119017,-0.5993508504073338,0.34724495
E86605,-219.7080240881135,-15.532226012780091,0.34724495
E86609,-185.15805079063895,-16.42915847081705,0.34724495
E86610,-189.42550802723744,-53.48820821906466,0.34724495
E86612,-194.86962407709578,-100.78276608423144,0.34724495
E86615,-231.38425370396018,1.7952333320828557,0.97082585
E86618,-129.54221065801286,-16.487403194391593,1.9889172
E86619,-225.91521046844468,3.651558790816,0.34724495
E86620,-133.09188774296214,-35.98512057653923,0.34724495
E86622,-218.28944307074542,-8.909374816641671,0.33876082
E86625,-183.55016413944372,-33.06258946594246,0.34724495
E86626,-119.97774526199267,-35.59198035159578,0.34724495
E86629,-157.45577501614588,-6.686192327938249,0.34724495
E86632,-97.28872751232534,-58.93189815800398,0.34724495
E86635,-247.22426955876603,-31.40207252178427,1.9974014
E86637,-88.99991995486793,30.17253822632374,0.34724495
E86640,-97.93673704477685,33.04440753160991,0.34724495
E87002,155.22282006833515,-41.77461360997053,-0.60509473
E87003,-159.83657239650847,-23.365537700875525,-0.4311708
E87004,-59.16338199824558,-36.458776418298804,-0.17028485
E87005,-91.14844764444227,-30.520946595281096,-0.60509473
E87006,-179.15308399170308,-44.541343743641725,-0.39299232
E87007,-137.55093683406352,-13.460858492806858,-0.17028485
E87008,6.284426366888002,-50.47279723747494,-0.60509473
E87009,-189.99981697790835,-46.47859139251171,-0.17028485
E87010,-171.13428283885105,-53.46816734640048,-0.39299232
E87011,-73.91056414927118,-74.50651901329114,-0.39299232
E87013,-23.396948705511452,-23.630635063124956,-0.17028485
E87014,-101.60060855978345,-147.75261980562777,-0.8511334
E87016,-65.45291927242236,-31.944812669574876,-0.17028485
E87017,-196.1406618004848,5.535563649737533,-0.5626742
E87021,-205.438112610908,-28.56609178600489,-0.17028485
E87024,-154.58228494235172,-33.199253290230246,-0.17028485
E87026,-201.12592754388734,-41.66378254626345,-0.17028485
E87029,-55.29816165184088,-27.750632578095946,-0.17028485
E87034,189.64926721708787,138.15804676837124,-0.60509473
E87037,-110.4784321829672,-40.14252734519195,-0.60509473
E87038,-122.95806710020715,-27.918564810255862,-0.17028485
E87043,-193.3510589625269,-15.466188679505393,-0.17028485
E87045,-190.10012240679256,-23.40577810077729,-0.60509473
E87046,-112.817458466892,-2.3704317859860193,-0.39299232
E87047,-176.95453374691016,-99.94469729138233,-0.17028485
E87048,-230.79245877126712,-2.4610693199390745,-0.17028485
E87050,-245.3733212380388,-1.5448885010861835,-0.17028485
E87052,-199.81083712135433,-30.10463753244353,-0.39299232
E87055,-235.38049361186444,-24.26564660327277,-0.23815762
E87057,-203.12939952981094,-25.161944327239805,-0.23094614
E87061,-52.11241258049524,1.6764423701198428,-0.17028485
E87063,-71.10150950757252,34.25449264000323,-0.17028485
E87065,-204.23877347176332,-12.421634689795257,-0.17028485
E87066,-167.84698467735032,-26.68642897561687,-0.60509473
E87067,-80.18613097925405,58.710678962747366,-0.17028485
E87069,-250.51902285364244,-3.825121613474684,-0.60509473
E87070,-210.25503146242625,-14.26716277340993,-0.60509473
E87071,-217.4931439191126,-19.155801308645447,-0.23815763
E87609,197.13030613182875,50.29643467028128,-0.39299232
E87630,-270.7408469211453,-54.297370991303616,-0.8511334
E87637,14.266600531619941,97.96409014504843,-0.17028485
E87648,-236.48247646468357,-15.755597805680054,-0.60509473
E87649,-236.80826087198903,-9.252937612857972,-0.23815762
E87663,-199.39908694475793,-17.835161583735886,-0.39299232
E87665,-180.6534229136778,-6.04265927969354,-0.17028485
E87670,-227.6770677162997,-32.70531714084412,-0.85113347
E87677,-140.12962065748977,-1.9552538244029358,-0.17028485
E87681,0.18542110752215896,18.309433081565746,-0.17028485
E87682,-129.6379472097548,-45.50876606417693,-0.208317
E87691,-290.5458203482292,-6.161484797571342,-0.6372475
E87694,-281.3689326000215,-4.93416833472028,-0.6026587
E87699,-233.3608025397552,-2.881122678877308,-0.23815763
E87701,-94.79566834370385,-32.28642325323698,-0.17028485
E87702,-243.21544096902338,7.194822153914117,-0.17028485
E87705,-193.7991174067523,-20.596235183481546,-0.85113347
E87706,-171.87131345812236,-11.532828138477672,-0.4311708
E87711,-224.52398071400066,-8.57960563013391,-0.60509473
E87714,-203.1727069019416,-26.154101263763714,-0.60509473
E87715,-163.0486379749527,-4.873361971378211,-0.17028485
E87717,-263.8723151659122,-7.711019255004539,-0.8511334
E87718,-210.14872113685965,-25.68169590984284,-0.23815762
E87720,-141.93791844755515,-9.76084664705916,-0.4311708
E87722,-215.3454455611488,3.31087000521073,-0.17028485
E87723,-140.23819952067765,-39.21070367792497,-0.23815762
E87727,-257.6115037852547,-45.64861952665535,-0.49055943
E87728,-192.04732156108977,17.09606368296959,-0.49055943
E87733,-179.90549308865286,-14.145202680694425,-0.4311708
E87735,-257.8698332508288,-14.048922019029565,-0.17028485
E87737,-136.34526751352354,-42.57818250004917,-0.60509473
E87738,-39.36505699885591,24.63670977472131,-0.60509473
E87739,-73.8168776254434,-31.995859383044674,-0.60509473
E87740,-231.39305688065588,-1.965769370923351,-0.60509473
E87741,-231.11226244908647,-25.844935879978163,-0.17028485
E87742,-248.85349380118183,-13.004592519550936,-0.17028485
E87745,-183.28803846058162,-27.388529194103082,-0.60509473
E87746,-227.05788740233635,-16.409360103198654,-0.17028485
E87750,-216.86224899538976,18.17333442783286,-0.17028485
E87751,-189.27838535422802,-19.023606848538687,-0.17028485
E87753,-86.34326871829354,12.668005619053979,-0.60509473
E87754,-125.53066334382936,-53.53377541224707,-0.39299232
E87755,-235.5929287602244,-8.772348082604253,-0.17028485
E87756,-155.39906329449605,-33.772621806108226,-0.39299232
E87762,-171.26166630834422,-0.1254936876309269,-0.17028485
E87765,-283.89524249341775,1.6158841402589432,-0.85113347
E87768,-218.1698095717398,-1.4447174164610874,1.1341447
E87772,-277.47627670662496,-13.280034230009635,-0.60509473
E87774,-291.1239839872513,-11.856247154837202,-0.46385023
F81001,426.6658480276582,63.47882194450341,0.76296556
F81003,-94.41165836508263,24.275990165815035,-0.09817005
F81004,138.71027992435108,-7.9859197608387245,-0.45025998
F81005,-45.48368673962091,-39.82583080694094,0.7714496
F81006,-11.464615320039911,-59.255986169917506,-0.08544391
F81007,412.6158458120628,101.40998916186484,1.8425667
F81009,167.44097396565152,-59.350861044888255,1.978312
F81010,254.01253731232734,-105.12543708077669,0.49571654
F81011,39.48519658980441,-8.913227007255596,0.97718894
F81012,91.36381076662101,-64.00645547428566,0.76296556
F81013,262.4169737647625,52.07828315494277,-0.08544391
F81014,281.14770009319585,-256.8128997952816,0.9050742
F81015,224.29562627950924,111.94511366995913,1.978312
F81016,-35.63218138155628,-46.782344750289724,-0.45025998
F81017,403.2898772495359,-76.24733122497783,-0.8214391
F81018,46.049538551932706,-197.2386060347691,-0.8080972
F81019,692.2666545603518,167.72947074845968,-0.49904352
F81020,38.99994055239006,7.637624160748462,0.9050742
F81021,210.260964461867,10.252279784022233,-0.8214391
F81022,430.0042550983308,-222.1336403954234,0.97718894
F81023,153.30401725054395,-80.15786578176326,1.9252865
F81024,-62.19926475134698,-29.304107152937522,1.5541073
F81025,108.63675235545836,-40.9253915882676,-0.08544391
F81026,129.94074498558717,-124.62998690313995,-0.8214391
F81027,579.4475680294827,-72.96895669087482,-0.45025998
F81028,58.19137177985993,34.85112018497509,0.76296556
F81029,44.11243647365407,-43.420076168742106,-0.08544391
F81030,565.4526558389912,-93.23963838112464,0.9050742
F81031,65.72607164660758,-66.26891009274402,-0.08544391
F81032,-152.22257664128873,10.282061809042673,0.76296556
F81033,-156.69825139719276,-62.80172889902335,-0.093928
F81034,114.51531858653203,15.022339462200769,1.978312
F81035,-73.14863239514828,-99.38603171874153,1.5541073
F81036,500.5522229284446,-70.90786305597842,-0.08544391
F81037,332.37426973169335,-295.62660140130157,-0.8214391
F81038,288.2558886056858,-85.99457070218858,1.9252865
F81040,-84.61580707405433,-4.929092986577281,-0.08544391
F81041,237.02018040380466,40.312703375074975,-0.08544391
F81042,825.8649531223452,570.2446767486869,0.76296556
F81043,568.5200230181981,18.57861995927171,0.89659005
F81044,115.56377269641365,34.86727482834927,0.76296556
F81045,-150.67583773622655,-39.21942414610283,-0.08544391
F81046,-90.1224989206082,-38.41690503768842,1.8425667
F81047,195.56791800389973,-68.12859952423551,-0.45025998
F81048,304.68101072762784,-127.37478120633637,0.09696413
F81049,360.81039615538486,-32.517393336909905,1.9252865
F81051,76.95235631263192,-47.19221062529882,0.76296556
F81052,774.8722019583466,-15.7651182001546,-0.8214391
F81053,268.66925432081274,-20.865071343517375,1.978312
F81055,460.4107288560775,-44.09058254174817,1.9252865
F81056,237.91001171963745,12.248144737581002,-0.45025998
F81057,175.35772466705896,-80.38464835635102,1.5541073
F81060,-43.491269020618454,-84.33861911172045,-0.08544391
F81061,39.79568968304492,-7.367638001978408,0.76296556
F81062,13.647666895442697,-62.64772849686771,0.09696413
F81065,-104.32645855004,-27.570318577263354,0.76296556
F81066,-28.23118268377963,14.899637346134952,1.8425667
F81067,582.2230371698427,-35.6707962606168,0.76296556
F81068,560.1623314066771,-64.61446554789954,0.9050742
F81069,42.27372726435345,79.65182960214545,0.76296556
F81070,-149.69031018580912,-79.01170225534064,0.7662986
F81071,230.58773926308953,5.518927383012573,1.5541073
F81072,27.6046264219197,-59.79874554697474,0.89659005
F81073,-201.6425443086507,-90.46983397775674,-0.15535913
F81074,61.73262881849627,38.49446834064442,1.5532883
F81075,418.5552004738574,-88.22104952613363,0.76296556
F81076,-121.51978441461938,6.270415402427385,0.97718894
F81077,-110.85287434677532,-116.26992446105363,-0.4905594
F81078,237.57430712377476,46.55151928115323,-0.45025998
F81079,143.28505813930462,-31.225225915895564,0.7662986
F81080,296.5744538963445,-45.38835976901778,-0.08544391
F81081,665.1174642029887,-339.6318840631167,-0.09817005
F81082,47.38370459156651,-13.89842239492996,0.014244203
F81083,168.05550328548637,16.888143771770594,1.5541073
F81084,-75.12668812398418,-41.981072809084004,-0.08431269
F81085,272.88164710493726,-50.71435180068684,1.9252865
F81086,-38.111171568159534,-19.40619342496534,-0.09817005
F81087,401.5141005247556,-81.2067728751048,0.9050742
F81088,-196.46840747805936,-70.16819127904382,-0.08544391
F81089,251.72065829881993,-56.96866329566591,-0.09817005
F81090,217.49635808614875,-6.42110043122584,1.978312
F81091,106.56370938467725,-28.357176896364834,0.76296556
F81092,-63.2357857975685,-3.639369082246092,-0.09817005
F81094,154.39121483061845,-55.23856099394289,0.76499724
F81095,372.2426273082742,124.4739839151771,0.76296556
F81096,334.2744718668844,-110.40957359702952,0.76296556
F81097,558.9364725214012,117.06358005101728,-0.09817005
F81098,-0.610892276386889,-13.054825517544927,1.5541073
F81099,417.23279609725137,-74.01501938766835,0.97718894
F81100,474.46444667333196,138.29403311439088,1.5541073
F81101,-79.09314882594454,-83.60899193139231,0.76296556
F81102,-19.787909125332465,-22.979524222914854,1.9252865
F81103,-372.3386439891165,-151.25762060870827,0.5911626
F81104,55.91116773817103,-36.43486355506741,-0.08544391
F81105,560.2178734049475,32.25441101084438,1.5541073
F81106,294.6321168756575,-22.791417640945777,-0.45025998
F81108,488.93281873470744,141.25259369353478,-0.08544391
F81109,-51.4145024184725,-19.857195543013084,0.76735216
F81110,-47.77019439625417,78.74457580752713,-0.07695981
F81111,-23.505166555717793,16.48398552133913,1.978312
F81112,285.1503345615057,-24.894870585395072,0.76296556
F81113,423.1477502489161,7.202871318283003,-0.07695981
F81114,196.5653480385215,-6.623770256602379,1.5541073
F81115,463.992801117015,235.54754398916478,0.76296556
F81116,262.0501237477743,41.70656016007655,-0.8214391
F81117,182.52657510639133,-19.69113503263732,1.5541073
F81118,450.1073840394397,-58.06607501399311,1.978312
F81119,54.425967749655044,-42.12013380805033,0.9050742
F81120,463.9041144030049,-78.09997468020605,-0.45025998
F81121,77.06860891665796,6.559304815529176,-0.09817005
F81122,194.1714041842609,-0.6537834721765088,1.5541073
F81123,585.0075351379265,103.42326009514986,0.76296556
F81125,367.4741761007515,-69.69327151622977,1.8425667
F81126,218.54671704839646,-183.12816973841575,-0.09817005
F81127,256.22771560101353,-93.78917382696925,1.5541073
F81128,367.2490939784195,110.28734891019116,1.8425667
F81129,-250.46061673525003,-300.79452080223297,0.7714496
F81130,59.79385107977114,-29.234667680434153,0.97718894
F81131,78.60543029104073,-35.79581242415234,1.978312
F81132,613.278369080822,-91.50503972178616,0.9050742
F81133,225.56266876406247,51.97756773809413,0.97718894
F81134,79.91967002838179,-60.035390449891516,-0.07695981
F81136,111.95974093217865,219.447235886502,0.09696413
F81137,17.73306236038712,3.575416157366666,-0.07695981
F81138,-103.26468551360598,14.319555817173343,0.897069
F81141,-10.021576554462651,20.632521557447923,0.76296556
F81142,-4.770923132739222,-40.43279930149832,0.76296556
F81144,502.16002384937667,54.404800667739316,-0.09817005
F81147,-35.5857915193753,-54.75448471953111,-0.09817005
F81149,192.54155900684256,-78.41157643562961,1.5541073
F81150,181.1601389262866,-38.63574068242852,-0.08544391
F81151,-62.6103010176193,-57.73551447291145,-0.08571691
F81152,240.31162615357408,29.334194318202485,0.09696413
F81153,263.7700691205996,-0.37568283844348954,-0.08544391
F81155,-16.854788783480014,-72.43821980859057,-0.07695981
F81156,353.44728720529884,34.02743557128289,-0.8214391
F81157,0.3508420243608441,-78.36619959862101,-0.80305696
F81158,-146.25605545609145,-27.061088564759235,-0.08544391
F81159,-58.61145885846962,54.08154306771759,-0.09817005
F81162,-194.22915521214864,-5.633284788935367,0.87962186
F81163,47.961453136645964,18.65067661495441,1.9252865
F81164,156.3046857798311,-35.26537040617927,-0.09817005
F81165,-86.56436924586892,12.376096180716434,0.09696413
F81168,-84.80937056597008,5.226579392022415,-0.08627947
F81169,-3.53252867413509,-33.17740079561292,0.09696413
F81170,-88.99173152087593,47.313323239910936,0.76296556
F81172,-170.29433344602677,-172.47959060195683,-0.021813199
F81173,-13.884307695705388,-57.390331722306556,0.9050742
F81176,-212.79303887637917,-11.808631412889975,-0.09817005
F81177,-94.52245315699814,13.588909003132683,-0.08544391
F81180,-167.47264537211967,-125.6088836318471,1.528655
F81181,528.1333681013732,92.64354425436683,-0.45025998
F81183,-86.57658517619713,32.59109446277524,0.97718894
F81184,-132.96120581473588,-16.85581270558574,0.89659005
F81185,-136.95497909728113,-71.70095545678005,1.8171145
F81186,1.661412403667403,8.805124559712437,-0.08544391
F81192,42.06418364785336,43.15835166881255,-0.07695981
F81193,-32.85638001002776,16.32232339590188,0.97718894
F81195,-207.07404261446496,-41.008885939769264,0.9050742
F81197,-203.67979988989705,-9.947902812781503,-0.07695981
F81198,-144.73744760675962,-19.88593437257982,-0.07695981
F81200,-153.56158360580503,-41.06667419507406,1.8425667
F81205,14.615037016584466,49.81653388184654,0.76296556
F81206,39.468065247385084,26.074276054673184,-0.07695981
F81207,-238.38534473391388,5.9452028917576625,-0.09817005
F81209,-174.75122304692428,10.462324804938007,-0.09817005
F81210,-143.95969779040246,-42.1198728565855,1.961344
F81211,-50.42864252176656,-73.66683641577758,-0.07695981
F81212,422.286208596137,66.32681370043848,-0.8214391
F81213,121.51287932830203,128.8324755632082,-0.8214391
F81214,48.631381659638116,-23.2876928959589,-0.093928
F81215,178.68187619416346,34.570038814122874,1.9252865
F81216,-110.60144216146958,-27.080913594898558,0.09696413
F81218,-215.8968357829505,-19.53682741986978,-0.07695981
F81219,-54.981103081401315,-40.16784668865059,-0.07695981
F81221,-37.49364688000353,-63.486169973806355,-0.49904352
F81222,-88.74377618580525,-27.499303239308375,-0.08544391
F81223,-152.14251836080436,-33.98172439929878,1.8425667
F81606,-87.8595957940159,34.07119767402958,-0.8214391
F81608,-10.098455271911899,-111.64716911485138,0.578285
F81613,32.78939214225649,-7.305660176598148,-0.09817005
F81618,-124.47727333122874,-43.564921084574195,0.76296556
F81619,-179.42965360267385,-4.595214382516925,-0.45025998
F81622,-108.37586457031173,-15.47886229065162,-0.11195671
F81623,-205.32777687185495,-20.925734144693322,-0.07695981
F81632,-117.4412592126084,-11.28621427347383,-0.07695981
F81633,-129.70878761375448,-16.25384066580018,-0.8214391
F81635,-162.34944639016163,7.246113623651417,0.9050742
F81636,303.34154385845375,43.49990075333707,0.76296556
F81639,-253.42859077291683,-26.037796829878904,-0.1660428
F81640,-79.90072940581747,33.41153286711138,-0.08544391
F81641,-134.18495245079404,-22.338976355161602,-0.07695981
F81643,-424.427590918788,-157.33128426870664,-0.093928
F81644,-206.65695551237314,-30.0045731870847,-0.08716724
F81645,-77.85673725965918,-23.035164281390685,-0.08544391
F81648,-262.6050686116835,-16.701049442203885,-0.09175587
F81649,-64.88876732009456,-20.638451308681287,-0.09817005
F81651,-165.76769074461959,-66.56351401293968,-0.08544391
F81652,-171.88359267493345,-29.142528221517793,-0.07695981
F81656,-137.56972597675164,-52.442282771370685,-0.09817005
F81659,-395.2397107130865,-119.06219305893754,-0.093927994
F81661,-223.2609394928143,-17.10311425057849,0.7714496
F81665,-98.4970630465669,33.966983320965106,1.5541073
F81666,-175.05372021192093,-17.265410466968987,-0.08544391
F81667,-231.56012985499237,-34.8922048195339,0.7714496
F81669,-82.13109810470816,-12.551130623380411,-0.07695981
F81670,-54.247538479206575,13.64170911244928,-0.8214391
F81672,-223.62506924881896,-39.621119670892035,0.766642
F81674,-194.21187183954157,-3.4909023846658043,1.5541073
F81675,-133.58026683290015,29.785435230687902,1.8425667
F81676,-255.9859791181078,-16.83510192250136,-0.1660428
F81677,-285.3797164931498,-68.88168649110723,1.8171144
F81679,158.59289612239405,59.67897459555758,0.76296556
F81681,357.59110058979616,128.2556040331529,-0.8214391
F81683,207.00143831041268,-159.55467466984032,0.9050742
F81684,-128.83665107226383,5.691796620449883,-0.09817005
F81688,-176.18610871847417,-45.20967763908478,-0.09817005
F81690,-105.1783069554462,73.22457624130753,1.8425667
F81691,-126.47706429417757,-62.66750537810487,-0.07695981
F81693,-252.58967240580893,4.83349685621945,1.528655
F81695,-271.71309346030563,-7.587156760987843,1.8187534
F81696,-200.86196216685178,-27.033706341554264,1.8425667
F81697,-141.97580969133995,-54.440968981586394,-0.08544391
F81698,-184.86766390017215,-24.164052875105344,-0.08798914
F81699,-226.69918310275332,-39.814928647709856,0.7714496
F81700,-62.512019943973876,-52.674309474877006,0.76296556
F81704,-162.98944460448024,-19.532139594778915,0.76296556
F81707,-119.37259997403243,35.71552790365983,-0.08544391
F81708,-112.25276566139901,63.48315482479846,-0.07695981
F81710,-228.6935145403569,-132.08027325505725,-0.093928
F81711,-210.82311426689296,-33.929692215207005,-0.08544391
F81713,-178.83995577831104,-49.93785022880515,0.76296556
F81716,36.72086621908012,50.28680030806558,0.76296556
F81717,-211.56875034354016,7.018202082765436,0.95173657
F81718,-257.817329086705,-36.44931524470462,0.7692775
F81719,-202.58306839818397,-97.98659511490172,-0.093928
F81720,-149.88855280861276,3.197592994604412,0.7655707
F81721,33.20699450060617,26.69278994638567,0.76296556
F81724,-138.3793964720164,-49.35564746741234,-0.12214684
F81725,-15.004960991412988,69.2263892678781,0.5487421
F81728,-272.51561731766856,-31.941915068333877,1.9252865
F81729,-117.41668562283735,-17.27056477153461,-0.08544391
F81730,-18.979536184159095,36.940593912012375,0.9050742
F81732,-69.89356389056118,136.01437811076994,-0.08544391
F81733,-160.0555195182097,-18.61056790773135,-0.1660428
F81734,-295.02166669724136,-15.697576393989017,-0.093928
F81736,-115.29804648376435,12.48858297962178,0.7714496
F81737,-203.83311526403224,9.546974390712151,1.9252865
F81738,-219.8857673733833,-53.24353860694569,0.97636986
F81739,33.00356994663244,120.7130618128512,0.76296556
F81740,-195.6448520093943,-34.685387954571716,0.76296556
F81741,196.31903050976905,143.43875024797265,-0.8214391
F81742,-199.05455220269738,-14.134666488908369,-0.093928
F81743,-25.68829255568675,-42.86353091458488,-0.090958565
F81744,-226.25894240718736,-9.114439499595267,1.8425667
F81746,-167.10209401529042,-11.170197929818375,0.76296556
F81749,231.23013267043035,181.19973639560675,0.5487421
F81751,-45.14629648983169,76.56179228865062,0.97718894
F81755,-278.641580092394,-7.725016713729587,-0.1660428
F81756,-220.1769023128407,-29.143683472176413,-0.08716724
F81757,-37.1712379118637,19.649783401594693,-0.8214391
F81758,-164.36630357028682,-37.60362907811465,-0.49989194
F81761,-272.81267474749285,12.943250119484775,-0.021813199
F82001,-104.18489249076464,-82.16682628807688,-1.3113955
F82002,-94.58457407560932,13.904942545857127,0.5614683
F82003,-78.54143781287812,-4.067135182213664,-1.3113955
F82004,-29.501156365125297,-300.5369405825358,-1.3198797
F82005,-133.42462490018352,-43.182409225514554,-1.3113955
F82006,363.6714360041532,42.936537163329334,0.5614683
F82007,119.90188992231705,-6.8460900111814516,0.5614683
F82008,381.51746376807074,-87.21211818727043,0.5614683
F82009,329.90392969161707,112.2716295527228,-1.3113955
F82010,-106.34290219348293,19.87068704896583,0.5614683
F82011,226.18858220296056,-121.86801986733117,0.5614683
F82012,-135.34753878967143,-96.92016011839321,-1.3113955
F82013,333.5356555394665,-91.89819980583228,0.5614683
F82014,50.201452800372614,-14.662312750437614,0.5614683
F82015,-68.03679524367372,-56.200791689146726,-1.3113955
F82016,-54.179301282339814,-23.428716069789058,0.5614683
F82017,13.849860135488516,-79.13937542714386,-1.3113955
F82018,211.92705760040982,-98.70384564235569,-1.3113955
F82019,40.429818450945355,-19.86016127640122,-1.3113955
F82020,-152.11886601713644,-38.579242231206685,-1.3198797
F82021,116.15348763472757,-82.26635257019849,0.5614683
F82022,362.10458543705283,78.34333148324357,0.5614683
F82023,-187.38067122008147,-53.03474559589739,0.5614683
F82025,-68.8200560664623,-39.712031542059215,-1.3113955
F82027,-226.64300031509762,-38.31280345364685,-1.3113955
F82028,-17.87626872521118,39.23434630485232,0.5614683
F82030,323.5529124184981,34.821575377356915,-1.3113955
F82031,-51.96382148142555,-1.8314071222586896,-1.3113955
F82033,-182.61119281158614,-1.8332241854958666,0.5614683
F82034,-123.16788641979569,-43.932569428272245,0.09696413
F82038,3.4854727995876003,-32.06370910526503,-1.3113955
F82039,-132.28569156255242,-21.718315254189868,-1.3113955
F82040,-210.9328178979658,-35.28209846046657,-1.3113955
F82042,215.8405543924018,-55.040971732296086,-1.3113955
F82045,-123.08173746799739,-10.177593610566808,0.5614683
F82051,50.71587576019062,-72.92641267419482,-1.3113955
F82052,-171.85547239138918,-21.85938791735918,-1.3198797
F82053,-74.76356389883814,-6.115274041976712,0.5614683
F82055,-148.2489125761028,30.86299890493117,0.5614683
F82604,-81.00589679053579,-0.722029268263209,-1.3113955
F82607,-117.18883092033452,3.346694783865636,0.5614683
F82608,-269.90260827308055,-23.7612124868364,0.51904786
F82609,-126.60391276477785,-17.978622741185625,0.5614683
F82610,-185.02089536625883,-32.478707233248606,-1.3113955
F82612,-76.6429272944765,1.8947550737176333,-1.3113955
F82614,-170.28431446589903,14.185792179056463,0.5614683
F82619,-223.39641182818434,-10.554063310518252,-1.3113955
F82621,-67.8754983409552,11.356284249742332,-1.3113955
F82624,-105.88348411595426,-20.152720982265052,0.5614683
F82625,-140.96267417740157,-101.51262375473613,0.09696413
F82627,-113.19017072931,-42.63460168837207,0.5614683
F82629,-243.4807087650479,-20.77856384757659,-1.3198797
F82630,-36.95145134325093,1.861107149927932,-1.3113955
F82634,-162.2865354413827,-11.841757951417385,-1.3113955
F82638,-72.20593956540458,13.908613854203011,-1.3113955
F82639,-185.19146503816648,-14.001971926369043,-1.3122312
F82641,-220.47004427546182,-10.402341886846516,0.51904786
F82642,-114.75993225774404,-4.566879418335617,-1.3113955
F82643,-230.53892012381831,6.54189351156447,0.51904786
F82646,-62.58211319519164,-1.3254498835351036,0.51904786
F82647,-143.77214126070703,-48.17806943300881,-1.3113955
F82648,-154.77608172839209,3.5619788024634027,0.5614683
F82649,-121.92668492738258,-30.770430807194973,0.5614683
F82650,4.523364368981825,15.382668268305627,-1.3113955
F82653,-212.19727198352774,-21.847336598903706,0.54648286
F82657,-285.40468812628507,-47.17119525694216,0.51904786
F82660,503.589460591011,238.81733038713966,-1.3113955
F82661,-173.93957162257954,-26.22482687832728,-1.3113955
F82663,-172.9703635820031,2.833492171652149,0.5614683
F82665,-232.91226209636343,-115.97963691974138,-0.021813199
F82666,-133.91840449890435,28.942118055670324,0.5614683
F82668,-120.74362672890415,-49.84085764503677,-1.3173041
F82670,-248.01640407239964,-5.976581510668482,0.5614683
F82671,-231.67179886720706,-10.629821471842218,0.5614683
F82674,-99.42455462604012,-8.845180238038159,0.5614683
F82675,-114.192182311645,-65.51712077290115,0.5614683
F82676,72.17163228205156,-34.62009411071614,-1.3113955
F82677,-22.405831662575245,18.4899107354214,-1.3113955
F82678,-173.20626867130483,37.81884924344411,-1.3113955
F82679,-105.9524857268796,-38.91701522362593,-1.3113955
F82680,209.1684483544127,81.94969975839516,-1.3113955
F82686,-207.37959377826346,-33.5293534472087,-1.3113955
F82744,-282.9279504121805,-47.289509918895824,0.51904786
F83002,62.540423690979246,-24.142773461628302,-1.1417136
F83003,-98.57691233903374,-10.364009906261114,-0.39299232
F83004,-123.77787569700897,-40.015905275604446,-1.1417136
F83005,-161.3733935134984,-29.520333617234638,-0.60509473
F83006,-63.46313318154141,-4.648478769090779,-0.39299232
F83007,-108.18884121360793,-83.63526251528951,-1.1417136
F83008,165.30581123374853,-47.129293902574375,-1.1417136
F83010,198.25194123733948,30.35716684915201,-1.1417136
F83011,-140.3258863290255,-27.31901434850904,-0.39299232
F83012,-43.50866657382524,-7.91462347111473,-1.1417136
F83013,-280.30607527825407,-48.963461535403276,-1.17565
F83015,85.56177566278676,-72.13180469858969,-1.1417136
F83017,150.02691079030993,-3.780449376966279,-0.39299232
F83018,47.25349206615664,-19.33171096637294,-0.39299232
F83019,-32.03964489662361,-57.65949210447275,-0.39299232
F83020,79.43618569094623,-16.374105833107716,-0.39299232
F83021,573.7821630161554,159.98654118658195,-1.1417136
F83022,110.52061223764426,-28.286057643195285,-0.39299232
F83023,289.721622898278,-113.07080016224235,-0.39299232
F83025,-102.83235884235233,2.8667248361285367,-0.60509473
F83027,-74.92640346767746,-46.16987191171879,-1.1417136
F83030,-182.11387305003194,-52.170509827160345,-0.5626742
F83031,-220.1623952865714,-13.47321145822008,-1.17565
F83032,7.558384284805757,-45.568901579242215,-1.1417136
F83033,-167.34006460028826,-25.18637507591124,-1.1417136
F83034,-233.4118123788566,-4.866849454154032,-1.1417136
F83039,-114.11157602014956,-29.493221020974875,-1.0611148
F83040,-241.31090360565472,-40.47656704999763,-0.85113347
F83042,-213.73090940322732,-15.986991990134298,1.1341447
F83043,-107.12832731819061,-35.80061025124625,-0.60509473
F83044,-220.70910850545758,-12.051289558536252,-1.1417136
F83045,8.070093314426023,-22.14508481787712,-1.1417136
F83048,-99.93027720543364,13.092109255293492,-1.1417136
F83049,-265.5100579913343,-0.7139313382509814,-0.5626742
F83050,-237.97731850982788,-8.434270041638857,-0.39299232
F83051,-209.33232552060412,-65.38278424467823,-1.1564194
F83052,-195.11975479345054,-29.25494183406636,-0.39299232
F83053,-86.16153847620973,-63.05338476583799,-1.1417136
F83055,-0.8449272789764829,-8.106592944669416,-0.39299232
F83056,-144.4590559609162,-58.04419258893686,-1.1413777
F83057,-137.55635412494854,0.24899209960484114,-0.39299232
F83058,-96.71606479297759,-8.538019211224618,-1.1417136
F83059,78.76105099060811,-47.90526950254347,-0.39299232
F83060,-32.48847399751612,1.7555049490784045,-1.1417136
F83061,-183.2905640686177,20.139496534297376,-0.60509473
F83063,21.053983974844538,-11.358580550767014,-1.1417136
F83064,-123.81556177585544,-18.910306722914747,1.1341447
F83602,-274.3690264211083,-17.15538814150115,-0.5626742
F83615,-59.85494137231769,19.1689564795516,-0.39299232
F83623,-8.364953292305746,-11.672209816739844,-0.39299232
F83624,-4.057690074686003,11.058751397363462,1.1341447
F83630,-254.56224060805303,-40.97059258860795,-1.17565
F83632,-134.2941814582174,31.42988129019464,-0.39299232
F83633,-238.6322667489521,-5.402111656848364,-0.39299232
F83635,-220.18433130899703,-17.037070910991773,-1.1417136
F83648,-197.37940534533854,-10.281928257850728,-0.5626742
F83652,-14.985554097138294,-14.376819145340642,-1.1417136
F83658,-177.76328234637,-46.005497737280606,-0.39299232
F83660,-28.84082885420983,-30.917571830434632,-1.1417136
F83663,-214.8749191354232,-74.88447475126047,-0.5626742
F83664,-117.99709170233496,-7.000428125393913,-1.1417136
F83665,0.34277349621958614,12.229779315693328,-0.39299232
F83666,-98.15199473774493,-13.96035333100109,-1.1417136
F83671,-213.72305660998043,-14.834583781131098,-1.0611148
F83672,-241.67833838857476,-29.792115093874262,1.1341447
F83673,-136.90168646912798,-14.030117505206224,-1.1417136
F83674,-82.41077231212661,70.1441379631055,-1.1417136
F83676,-277.5074667437177,-2.0956940915895204,-1.1529622
F83677,-258.15862097700466,-13.596187182987089,-0.39299232
F83678,-209.31326935857712,-20.92829310348482,1.1341447
F83680,-158.31670302018642,4.342515088822642,-1.1417136
F83681,-180.3190330695246,-0.045261106309048366,-1.1417136
F83682,-255.9802238237155,-24.660064328041702,-0.39299232
F83683,-166.35079338993194,16.7273978427061,-1.1417136
F83685,-737.5424939947801,-389.0476179450899,-1.17565
F83686,-151.2603067585773,-22.948640080380372,-1.0611148
F84003,108.8543618020134,-12.210132528351835,-1.3029115
F84004,325.33946155168576,-93.42643495820019,-1.2392808
F84006,293.0168480984644,-198.5388139081239,-1.2392808
F84008,51.671314641432815,-127.65473532809281,-1.3029115
F84009,4.025403047014171,-35.89320968764475,-1.2392808
F84010,140.40847766407936,-19.141878813206375,-1.2392808
F84012,-21.355333671957982,-37.10266576497869,-1.2244335
F84013,131.97225889491725,-12.006666933383459,-1.3029115
F84014,-14.231366303557769,-91.45920082230968,-1.2392808
F84015,-32.82683710577736,-11.489875676069921,-1.3029115
F84016,55.70934008915194,-34.13228077700941,-1.3029115
F84017,341.28000048774317,-16.431386927713003,-1.2392808
F84018,36.315835504730444,-11.842065389015916,-1.3029115
F84021,-21.577893782953325,-4.114903820042197,-1.3029115
F84022,-111.62518635220776,-50.23858087204173,-1.2392808
F84025,-102.18170237921579,61.3337763457735,-1.2244335
F84030,-199.13726412148188,-5.74202681859727,-1.2244335
F84031,172.61290457049088,-24.550938231790994,-1.2244335
F84032,-224.3649730633276,-39.612359911391884,-1.2477648
F84033,28.607917899037012,-88.9131256082511,-1.3029115
F84034,170.18915217376107,-16.349851444776053,-1.2244335
F84035,-134.87059104058974,49.78094051324112,-1.3029115
F84036,-116.13513581218447,-9.99953845334745,-1.0611148
F84038,-141.10215534586996,-0.24101902455656152,-1.3029115
F84039,-18.49240840043098,32.34750624862332,1.1341447
F84041,-60.57626860167196,0.2951542336739309,-1.1417136
F84042,-302.0161711795301,-20.120906635190114,1.168081
F84043,-115.50319722157266,-41.63394669590174,-1.3051623
F84044,-124.48403048126379,-51.76428949201371,-1.2244335
F84046,-181.22105414431113,2.462558046631277,-1.2244335
F84047,197.12196082795722,-124.98950681879613,-1.2392808
F84050,125.42545716685827,28.80322921418635,-1.2392808
F84051,-199.47275322200062,25.492962525349707,1.1341447
F84052,23.402987051114376,29.284653116533615,-1.2392808
F84053,-79.15798920407049,-43.291406144600764,-1.2392808
F84054,60.5243630579513,18.140768595613952,-1.2244335
F84055,-208.09005273454,-15.733781871015761,-1.2244335
F84060,-133.70925199797517,-21.85413424527037,-1.3029115
F84062,140.1672406084768,-3.2074257222116067,-1.2244335
F84063,-123.44268007220742,2.3454525913681183,-1.3029115
F84069,72.36381563642153,-15.235368578374397,-1.3029115
F84070,-84.4361048522431,-2.7705275960378275,-1.2392808
F84072,-84.35040892584603,41.016257285719185,-1.3029115
F84074,-23.21864095798334,-69.83544198002924,-1.2392808
F84077,-15.169472419632461,24.701371612490995,-1.2392808
F84079,-33.63906843946493,-22.538953153673607,-1.2244335
F84080,-135.0396582169053,-38.02412848919657,-1.3029115
F84081,21.362650151171323,-32.908519633980234,1.1341447
F84083,57.558499676712515,-53.08568371025929,-1.3029115
F84086,-22.494193570135234,-39.21234522456178,-1.2392808
F84087,49.676702471745145,-55.53500721175285,-1.2244335
F84088,-126.0888304916568,1.4363526977804522,-1.2392808
F84089,-235.072846304294,-10.493096211441394,-1.2477648
F84091,-44.20197799356364,-52.56124972427117,-1.2477648
F84092,-27.192567183281298,25.230985926282674,-1.2392808
F84093,216.57503135314892,-48.50056559807367,-1.2392808
F84096,82.07829732616018,15.540851511477385,1.1341447
F84097,53.03877369010255,28.070262075295037,-1.2392808
F84105,39.865692265720575,-18.961687874165094,-1.3029115
F84111,-8.030005687305014,1.99259009236205,-1.2392808
F84114,-135.7595716157731,-17.57944788591356,-1.2244335
F84115,-48.843244184282874,-17.685539603386463,-1.1417136
F84117,-2.4714387851478032,10.087474937349938,-1.3029115
F84118,-151.51254390112703,-1.9340731820473334,-1.2244335
F84119,63.13166855700114,-8.843204267732974,-1.0611148
F84121,176.42889274975005,-54.9833793557679,-1.2392808
F84122,207.1679626984752,-91.94321700226558,-1.2244335
F84123,-26.154136856818702,-60.239110755258174,-1.2244335
F84124,-135.89005231528625,39.54641751293649,-1.2392808
F84601,-120.63638823823283,16.73666436516428,-1.3029115
F84619,-137.42285522239047,-19.5984401796804,-1.3029115
F84620,-50.566177762307476,9.115011672528013,-1.3029115
F84621,-174.316851800348,-34.02624043518342,-1.3029115
F84624,-204.164756000086,-19.805797077454493,-1.3034574
F84631,-198.5297617755661,-1.06519871672242,-1.2410041
F84632,-242.25911002906994,5.957702927618665,-1.3022188
F84635,-162.18291578317078,10.758133195183593,1.1341447
F84636,-200.34597886153674,-1.8617040952740276,-1.3029115
F84640,-114.36326921205284,-41.02497802575752,1.1341447
F84641,-153.35339093543314,-62.09721647094393,-1.2392808
F84642,-167.29770620682473,-117.1038436904301,-1.2391968
F84647,-88.55295336860962,60.59900632140593,-1.2244335
F84654,-289.93208793969393,-51.426931001147466,-0.021813199
F84656,-102.91214468721668,-2.5931966918685916,-1.2244335
F84657,-104.4717304303879,-48.79033841817274,-1.2392808
F84658,32.31387741285082,126.41001898106106,0.09696413
F84659,-316.2794069577437,-1.821312362621194,1.1644297
F84660,-253.6832797593345,-15.246046752287269,-1.2392808
F84661,-198.09970021744684,-10.791398230129596,-1.2422779
F84666,-121.24758169228295,26.810857073670473,-1.2392808
F84668,-60.04544941985585,-15.396165215662926,-1.3029115
F84669,30.774188910688093,50.658496870701676,-1.2392808
F84670,-129.13730523506288,-37.37253413072198,-1.2392808
F84671,-255.7527077807988,-13.152326503943913,-1.2477648
F84672,-136.96773769082637,19.540207624002754,-1.2392808
F84673,-210.7468958841805,-25.938837878760452,-1.2392808
F84676,-152.99002667732498,-2.0789515801330136,-1.2244335
F84677,-55.11410103252985,32.996164896127006,-1.2392808
F84679,-191.55164789552526,-66.320624131807,-1.2455927
F84681,-27.324253482813003,-44.319228117343954,-1.2392808
F84682,74.16196145044023,55.84643484730491,-1.2244335
F84685,-189.72499941024614,-9.777339275997118,-1.3029115
F84686,-109.83720206264582,-8.530806691739047,-1.3029115
F84692,-205.06684640259004,-9.057354411018382,1.1341447
F84694,-220.5797959088455,2.7169425970101813,-1.3029115
F84696,-104.81987596990913,6.978524260947195,-1.2244335
F84698,-60.89498270092693,13.863914161651877,-1.2244335
F84699,-253.08406115682797,-49.32649644212001,-1.2477648
F84700,-266.54111824548795,-18.434550346732,-1.2477648
F84702,-62.016687222182455,3.0066229520878487,-1.2577118
F84706,-208.93891388333898,-10.867155077811578,-1.2392808
F84707,-313.29569388810614,-61.30639030949604,-1.2477648
F84708,-108.36649106939997,3.6292837058454595,-1.2413125
F84710,58.38100945633089,-49.6766586840675,-1.2244335
F84711,-220.7434661044641,-31.549029060821795,-1.3029115
F84713,-189.54720968232937,-25.550424089957687,-1.2477648
F84714,67.77407085019728,-26.45479794377053,-1.2244335
F84716,-128.621893291766,-19.653870708152304,-1.0611148
F84717,53.427860767007644,18.933508771679552,-1.2392808
F84718,-6.392837605694435,88.53232798817507,1.1341447
F84719,-163.6953774665714,-22.007109593048444,-1.3029115
F84720,-101.40141963547853,-27.513878681158552,-1.3029115
F84724,134.02500405412195,14.404192120532542,-1.2392808
F84727,-226.54052465201144,-37.26578347182302,-1.2477648
F84729,-205.8375954937835,5.5582782486379605,0.09696413
F84730,-88.15541532616749,54.2949484019559,-1.2392808
F84731,-264.95749104873164,4.970435296326356,1.1341447
F84733,-277.6233746454254,-1.8394126201156884,1.1341447
F84734,-176.51713164585266,-100.39667634960608,-1.2392808
F84735,29.587591787853032,-52.61213952767812,-1.2392808
F84736,-332.92853369532656,-101.26881200726046,-1.2477648
F84737,1381.6175384324854,879.4552425992246,-1.2392808
F84739,-151.35806579737505,-44.53166663837178,-1.2392808
F84740,-170.08075932211113,24.171883156305586,-1.2392808
F84741,-216.27358868813366,-9.84301784780294,-1.2392808
F84742,-226.4440348400347,-6.313215255042851,-1.2392808
F84743,-237.03797530995192,-53.21149050666231,-1.2394717
F84744,-126.91864370508054,18.92229731218653,-1.2244335
F84747,310.92742717811234,67.18744186891637,-1.2244335
F84749,76.60882600823233,152.91106865305957,-1.2391968
F84750,-280.8568668672856,-0.29898560152644116,-1.2385587
F85002,477.0346060797919,315.1986962177949,-0.72599304
F85003,44.4307921063314,-184.1177203135559,-0.72599304
F85004,400.24246878761363,-44.456344624699746,-0.72599304
F85007,209.4318880789756,71.82195980593646,-1.0611148
F85008,140.1008088217814,-88.75896702922108,-1.0611148
F85009,-0.09435904697209344,-43.30947906341928,-0.7429612
F85010,-113.1907563643044,3.734979557719527,-0.72599304
F85011,-207.47612910651395,-26.072937644315292,-1.1035353
F85013,-32.792707733221604,-25.979179510697236,-1.3029115
F85014,128.91981335143345,-61.88119524784917,-0.39299232
F85015,-115.97890872075958,-18.23216742542396,-0.7313298
F85016,-0.8338869054291339,7.102408416802833,-0.72599304
F85017,-46.41978174029416,-34.48347450496245,-1.0611148
F85019,107.61021621443639,23.625798468519235,-1.0611148
F85020,71.18379605211116,7.526905628593127,-0.72599304
F85022,-250.72285822956871,-9.297761697576059,-1.1035353
F85023,-60.31031377445576,32.88154694648345,-0.72599304
F85024,-228.72102881597235,-17.45494745079574,-0.72599304
F85025,210.55599442369464,-118.87375982285423,-0.72599304
F85026,-217.3758893194483,-83.86659375320703,-1.1035353
F85027,65.14088751787514,-268.3526343659076,-0.72599304
F85028,-129.4109226219735,-33.50579971195532,-1.0611148
F85029,247.00188081081527,-26.097062280629874,-0.72599304
F85030,250.16384713352855,69.38170062629132,-1.0611148
F85031,-35.784626132433516,-20.129248544234343,-1.0611148
F85032,77.3730686042637,-61.40752769238835,-0.72599304
F85033,404.1249573763688,191.0853382603501,-0.72599304
F85034,-191.55750269126952,-28.4584711079836,-1.0611148
F85035,146.142882092946,-77.29633934089223,-0.72599304
F85036,-153.98140139131746,-7.415433488114899,-0.72599304
F85037,-229.5253424505569,-64.47428359787666,-1.1035353
F85039,-99.20090386153458,-17.320874620678243,-0.72599304
F85043,-181.53277833218831,-44.40056971365285,-0.725825
F85044,-95.89738152799269,-7.416213154797392,-0.72599304
F85045,-79.60490965057153,-59.16386428395218,-1.0611148
F85046,-179.88145133191767,-6.8824598421897205,-1.0611148
F85048,-92.33170531882739,-9.123274394138031,-0.72599304
F85049,-220.92264260810788,-20.741154710685244,-1.1035353
F85052,-252.00716967532276,1.6674634185291384,-1.0611148
F85053,-135.35072249491648,-180.32012389832394,-0.72599304
F85055,-136.1906746812941,-50.817032558507854,-0.72599304
F85058,-36.80156793363627,-54.758622095464645,-0.72599304
F85059,-204.14056250217098,-25.506663764721704,-1.1035353
F85060,-32.05147783799708,-36.67093592454533,-1.0611148
F85061,-210.1365648425529,-27.730246394244627,-1.0611148
F85063,116.83505228270924,-11.983130970382833,-1.0611148
F85064,-172.32520067418628,-3.6925326797101268,-1.0611148
F85065,-201.19123449689582,-49.82184816363424,-1.0611148
F85066,154.5485300070136,-2.5827849945782826,-1.0611148
F85067,-149.8586151491312,10.177117615336622,-1.0611148
F85069,-57.99287862898594,4.128406446341252,-1.0611148
F85071,-63.91632536709207,24.40527201587675,-1.3029115
F85072,120.2750519624112,40.33387353361754,-1.0611148
F85076,176.9829652756261,-118.00547236636233,0.5487421
F85077,-169.1035469392069,-56.24731162389991,-1.1035353
F85615,-119.22647878837839,-0.6097080880989578,-1.0611148
F85623,-192.67980906214515,3.100595783250165,-1.0611148
F85625,-42.30549754636326,-31.278504658307586,-0.72599304
F85628,-169.26708200218292,16.63771805055702,-1.3029115
F85632,-227.67635552535506,-19.919000587532047,-1.1035353
F85634,-162.6543708298914,-76.90378315245668,-0.72599304
F85638,-204.8054671697051,-11.67258065580405,-0.7429612
F85640,-107.46519656387193,41.05726085607424,-1.0611148
F85641,-214.65587700584115,-4.072229718761769,-1.3198797
F85642,-47.17879332739514,0.13053746011392642,-1.0611148
F85643,-161.09605049001183,-53.15802275839963,-1.1035353
F85645,-191.99291188522412,3.1952472898825635,-1.0624799
F85646,-271.71274959794505,3.208977676105421,-1.1035353
F85650,-86.76787978769958,-13.800699022465801,-0.72599304
F85652,-118.65855273949977,-88.48720695721104,-0.72599304
F85654,-108.74978958728606,-15.17523195167714,-0.72599304
F85656,-229.00544206217742,-17.80426673299056,-0.72599304
F85658,-188.42281844156872,-13.744444069966146,-1.1035353
F85660,-222.25348914880738,-7.556294657160291,-1.17565
F85663,-105.29391305269392,-46.096353663208056,-0.72599304
F85665,-249.71471633601004,-12.730049465404681,-1.17565
F85666,-107.07477763404323,-25.885126529074544,-0.72599304
F85669,48.11053642237353,84.67330987966317,-1.0611148
F85675,-81.08365009804275,4.790406269384435,-1.0611148
F85676,-107.67327881344792,-37.175028167652,-0.72599304
F85678,-139.71168714194326,-18.83811380847443,-0.72599304
F85679,-188.18118609032527,-2.2101585299513347,-1.1035353
F85680,-220.9228889953142,-12.347336842832362,-1.1035353
F85681,-223.83174842319394,-40.807786813922895,-0.72599304
F85682,-168.57707855050856,-59.85866625282519,-0.7256537
F85684,-87.58704415986743,-131.78492153098745,-0.72599304
F85686,-170.55629853972997,-27.671303623237147,-0.72599304
F85687,-17.67142070084593,-56.663490027594655,-0.72599304
F85688,-59.261671891211094,-26.525686863461665,-1.0611148
F85697,-212.65135317038448,-1.3739101512663838,-1.0611148
F85699,-215.12581656750297,-35.34927967650226,-1.1035353
F85700,-130.86335013959217,46.542064665180476,-1.0611148
F85701,40.93852512475208,17.996691304426275,-1.0611148
F85703,-79.75352595225841,-24.347440782777017,-0.72599304
F85705,21.54070863047446,122.24993891840121,-1.0611148
F85706,-227.10055594107735,-51.407438097090655,-0.7429612
F85707,-179.3191539689543,-71.22788195842713,0.5487421
F85708,-268.6964861594719,-14.078320083089947,-1.1035353
F85710,-311.0768104350995,-171.6623107697628,-0.7420123
F86001,-4.52851814625479,-74.97474186373466,-1.0908091
F86004,244.08123114420562,-68.95364309991209,-1.0908091
F86005,-64.55254421215412,-10.384029658903197,-1.0908091
F86006,-69.8327306199472,-76.85473650060555,-1.0908091
F86007,412.38017664004616,-23.866902813735575,0.09696413
F86008,131.1449496530352,16.69703406892631,0.09696413
F86009,-60.8117001564907,-163.26342356535733,0.09696413
F86010,261.0960507825538,-155.28742979897942,0.09696413
F86011,-9.08508412625195,18.324843435860064,-1.0908091
F86012,169.7243223041759,-145.26369307356063,-1.0908091
F86013,-87.39099379831352,-15.851264384712309,0.09696413
F86018,59.634531385378764,-7.503488296513557,-1.0908091
F86020,-13.38670102136932,-4.124225186187022,-1.0908091
F86022,115.02728640835004,-41.84140485210781,0.09696413
F86023,0.9500604792118633,-30.705013729952604,0.09696413
F86025,188.52024583898006,22.643013583350427,-1.3113955
F86026,-13.208572530996843,-58.914295097622244,-1.0908091
F86028,63.91806694755227,-10.648296019636602,-1.3113955
F86030,-20.54020529466743,-18.359554835870036,-1.0908091
F86032,62.530736656282514,-42.11424627128896,-1.0908091
F86034,-89.3148570886082,-76.55986725199587,-1.3113955
F86036,327.1409222079402,-46.15235468612074,-1.0908091
F86038,73.16329144981486,-123.8432004668105,-1.0908091
F86040,-166.03325211765457,-26.25964964585133,-1.3113955
F86042,-131.98959737394125,-8.324446379452121,0.09696413
F86044,-145.9142530293555,15.452247860787116,-1.0908091
F86045,-214.39108283088555,-14.91209737856902,-1.2392808
F86049,-204.59153969285953,-26.01005387218422,-1.17565
F86057,26.484853738103,-18.578174864010958,0.09696413
F86058,99.44869302357239,-43.24718269682491,-1.0908091
F86060,71.63909870384332,-40.44041997964997,0.09696413
F86062,-140.74998807386837,-54.6968224711975,-1.0908091
F86064,-100.09848769287971,-54.27275090239918,-1.0908091
F86066,151.31142346082942,28.615681751271953,-1.0908091
F86073,-206.46996044294832,-28.834366657881105,-1.1111262
F86074,127.02765471590722,-8.72777504037199,-1.0908091
F86078,12.905881473904033,-31.861763166947853,-1.0908091
F86081,-123.45207020001644,-14.550377969653951,0.09696413
F86082,-88.99697343165913,16.0857116527733,0.09696413
F86083,38.52175261369859,-39.40026685057918,0.09696413
F86085,-212.28035755041645,-31.224424833876903,0.09696413
F86086,-69.43948179070775,-6.958447077635065,-1.0908091
F86087,-61.00408636609172,16.1340219191117,-1.3113955
F86088,-192.68199502772734,-18.88008221552578,-1.0908091
F86607,152.24055891571734,-117.92863911787443,-1.0908091
F86612,-146.0359532792578,-63.50514560370116,0.09696413
F86616,-77.31868972644885,41.37028109476727,-1.0908091
F86621,-111.72821745205762,-42.67421065826424,-1.0908091
F86624,-142.91802395938643,-50.065024119655654,0.09696413
F86625,-121.372103073256,-50.055775145304935,-1.2392808
F86626,-164.36168721853687,-17.749714213634842,-1.0908091
F86627,345.1342226606738,-30.9439780652296,-1.0908091
F86635,-194.02495041994516,-0.5597082385552083,-1.3198797
F86637,-133.95956194171129,-36.19499412312831,0.09696413
F86638,-115.60206827350119,-44.16318014756507,-1.0908091
F86639,-141.14345607426387,-17.18135274897433,-1.2477648
F86641,-31.245548290604486,14.489569966177442,-1.0908091
F86642,-131.59311656795518,-68.45436540529373,-1.3113955
F86644,27.834558068845087,-114.74597986581426,-1.0908091
F86650,-22.79567579267176,-71.31449382420305,-1.2392808
F86652,-13.277628279044484,2.8477060701877437,0.09696413
F86655,-210.48166114977,-37.61237611450514,-0.01542328
F86657,-45.75907873806021,-23.16810032172253,0.09696413
F86658,-113.29916164665555,22.34571743548246,-1.0908091
F86664,98.34628721680357,-76.12214778755803,-1.0908091
F86666,78.37261395592789,36.01087102614572,-1.2392808
F86675,-172.6556147508529,6.306059224428662,-0.015171046
F86679,-133.2027533350655,-17.14152736066692,-1.0908091
F86680,-344.16290329749273,-91.89983831281835,-0.021813199
F86686,-334.2160909773421,-409.8283819639684,-1.17565
F86689,-175.7953711672307,13.14985021507217,-1.0908091
F86691,34.43478890999774,-6.187729159228536,0.09696413
F86692,21.550542483126005,76.63917266499251,0.09696413
F86696,-135.86925390675515,-56.50567866848057,-1.0908091
F86698,-208.05008861575647,3.340210021310772,0.09696413
F86700,-152.7113148975818,-24.479438314523087,-1.0908091
F86701,-229.12171753184396,-1.769430217917868,-1.2392808
F86702,-138.05290962337392,-3.0315264758629503,0.09696413
F86703,-168.7648848591825,-10.752542456419867,0.09696413
F86704,-275.96773206138914,-15.364998998936132,0.014244202
F86705,-204.08324757397457,-23.60434154652241,-1.2392808
F86707,-11.214648580955833,-30.135716981342163,0.09696413
F86708,-188.3535115403377,-38.59029997557004,-1.0908091
F86712,-196.57765840125762,-21.13195494244626,-1.0908091
F86731,-147.0819087983685,-34.337404771039594,-1.2392808
G81001,25.39691032322228,-32.99621185488503,-0.036660362
G81002,13.904863574773936,-115.67522903216462,-0.04726548
G81003,438.900966177564,-4.85191146068276,-0.04726548
G81004,354.69707907388647,-167.31633456126693,-0.04726548
G81005,-240.43173331231054,-122.41950867258522,-0.1299854
G81006,8.70534010397713,-12.887199973589361,-0.036660362
G81007,-15.358289200093187,-59.990176350030765,0.90719515
G81008,466.7564404614445,-37.6496926523908,-0.04726548
G81009,34.19299134467855,-85.83616830839317,-0.1299854
G81011,164.62325701797337,-79.09993678330612,-0.036660362
G81012,41.71187200239224,29.69806945552184,1.6750058
G81013,230.2476266730927,315.6786580402588,-1.1053382
G81014,29.47437642536896,-20.08690425184277,-0.036660362
G81016,72.18988486879998,-87.97946383529175,0.90719515
G81017,209.59396846688742,-76.94485670386194,-0.04726548
G81018,44.47279033180176,-38.08503403571292,-0.036660362
G81019,249.7521173769231,-79.64443253899896,1.6750058
G81020,-266.29526250526317,-46.493679704391845,-0.1299854
G81021,-21.93097060933284,-20.706404580627037,0.90719515
G81022,540.7907544204977,-167.59577635292717,-0.04726548
G81023,100.70441609675417,-42.74037837583946,0.27725112
G81024,167.88782202504757,-58.674769064775354,2.2137458
G81025,249.8950306261344,1.9968030856912549,-1.1205034
G81026,81.18420715907253,-59.350508764977754,-1.1205034
G81027,-20.580247269919884,-4.837686181721286,-0.04726548
G81028,92.99058456767733,-50.26231230495322,-0.036660362
G81029,535.8232032813222,-22.32166837771217,0.90719515
G81030,168.54570985613856,-51.9687272398685,1.7534837
G81031,230.54493298338681,-12.190005252909312,-1.1205034
G81032,175.27014486494696,-29.978172353953298,-0.04726548
G81033,14.841035242160878,-122.76221617091167,-1.1117301
G81034,414.27592140976964,101.01356567412464,-0.036660362
G81035,137.35919183925077,-87.00692277187031,0.90719515
G81036,128.9544912275993,-44.44978884837426,-0.036660362
G81037,-4.832526023342902,-136.46439498709137,1.6750058
G81038,151.68572277488036,-68.1029494055408,-0.036660362
G81039,450.8124141400159,-17.934938228438916,-1.1205034
G81040,-144.75365615378368,30.40631929221684,1.6750058
G81041,619.9501722010317,-265.287441468557,-1.1205034
G81042,39.635446605531605,-23.37020330193512,-0.036660362
G81043,114.16884745693463,20.924576682637937,1.6750058
G81044,-145.85452094596712,-28.047918003879158,-0.036660362
G81045,-17.952792868800678,-18.909321520562543,0.90719515
G81046,175.98509955017767,-75.9496865801153,-0.036660362
G81047,-79.38652791911383,-34.0546913010684,-0.036660362
G81048,89.89217407560474,-31.458928339458453,-1.1205034
G81049,37.8757758604265,46.06983425204589,-0.04726548
G81050,326.9367592763132,-48.78085633547505,-0.04726548
G81051,98.34519489296872,9.612355623544904,-1.1205034
G81052,-105.83222647955199,-48.40281630827759,1.7534837
G81053,38.093362466729495,9.770163885300349,0.90719515
G81054,17.63424110586358,-0.9790345646432657,-0.036660362
G81055,244.60062930369733,-65.30098887249306,1.6750058
G81056,-10.965849766856987,-46.5575698537871,-0.04726548
G81057,64.12093820385569,10.301937712484772,0.27725112
G81059,323.1976657503077,-26.325379507323152,1.6750058
G81060,-429.90559616327744,-241.7228949764372,1.7089422
G81061,18.87389760133848,-21.37555889700223,0.90719515
G81063,-199.1407752272587,-51.58612666693705,-0.1299854
G81064,-66.49609873423806,-18.8038239506791,-1.1035353
G81065,43.68273448465781,19.71268670692737,-0.036660362
G81070,154.38772691666983,243.71092221617658,-0.036660362
G81071,-115.29112503182938,5.257345734775833,-0.036660362
G81073,9.32831252678843,7.22245077714907,-0.036660362
G81074,224.77392882416933,209.66466688129213,-1.1205034
G81075,157.56451628097355,-66.12035795146167,-0.036660362
G81076,149.29873238101246,25.359239417596637,0.90719515
G81077,152.81701546072213,8.766028399220763,-1.1205034
G81082,-56.3405749567757,-0.7286197703583401,0.27725112
G81083,-43.36235497632127,-13.256926461040978,-0.036660362
G81084,196.5919862509903,187.99599717337077,-1.1205034
G81085,-90.87100698729051,-12.26383842031313,-1.1205034
G81086,-7.661967845508482,-31.648855765677276,1.6750058
G81087,43.553682105337316,21.658076823104302,0.27725112
G81088,296.51417673087883,-4.875930071946904,1.6750058
G81089,-137.56630779121323,-2.9268005414773857,-1.1205034
G81090,-127.8516454179352,-29.253945681449025,-0.036660362
G81094,-156.3241355831737,-24.746008265421317,-0.077101216
G81095,134.5412086702725,73.77414890250421,-1.1205034
G81096,-92.68588181206778,-19.167933051183187,-1.1205034
G81097,-140.00489544695068,-71.30552889399597,1.6883379
G81098,95.39267628873091,77.86702717166051,1.6750058
G81099,202.24899675388215,-0.5225120968703237,0.90719515
G81100,307.24067723669606,70.39194713624053,0.90719515
G81102,463.78692031288364,65.76091933048917,1.6750058
G81103,-127.43113223420902,-29.250979476245572,-0.077101216
G81104,222.6801106307988,14.005684882016928,-0.04726548
G81105,47.065785395906914,-25.055075464902764,-1.1205034
G81611,-72.95282666014886,-69.43512320464555,-1.1035353
G81613,-104.48250953927194,-4.29722917087505,-0.036660362
G81614,-48.569523483828135,8.92500297193955,1.6389483
G81627,-232.44098699232464,-41.041376694182254,0.9156793
G81634,-170.15748678411373,19.76592809448464,1.6750058
G81636,-249.59070542013103,-40.500869489960635,-0.1299854
G81638,43.31369114459824,74.24131159455317,-0.036660362
G81640,-181.01686014106693,1.1346940782388606,-1.1035353
G81641,-147.70837937194764,-22.535532427178765,-1.1205034
G81642,-238.09259702151263,-50.81340900540665,0.9147779
G81643,-48.25072252030731,39.17611303883828,-1.1035353
G81646,-238.99799476579497,-7.240276108319015,-0.036660362
G81649,-146.07908170170296,-19.095262409672358,-1.1035354
G81651,-58.27320259599617,-60.54110451956263,-1.107053
G81656,-199.22708011418354,-16.640443642522634,-0.036660362
G81658,188.83770322378564,136.04123890531386,-1.1205034
G81661,-211.496121832259,-3.3144395217449136,-0.1299854
G81662,-129.6212886566745,-108.11489332991655,-1.1035353
G81663,-58.4781143253793,-39.609894309322094,-0.036660362
G81667,-204.73375734334,-2.647747370853018,0.90719515
G81668,-270.11197948366413,11.725664496907953,-1.1035353
G81669,-140.9517033388349,29.99329455498945,-0.036660362
G81670,-278.77106073489216,11.276513117510051,-0.021813199
G81676,-193.8273122709477,-99.6748043220331,-0.1299854
G81677,-301.2442813022089,-2.460022262447548,-0.060400948
G81680,-48.19749299036105,45.13401060242218,-0.036660362
G81684,-195.3683082260193,-26.035743841723992,-0.036660362
G81685,-275.39519604164326,-34.70057048752347,1.708942
G81687,-227.19055411319914,-181.00922085167213,-0.1299854
G81689,-237.18735079644964,17.461016099610987,-0.036660362
G81692,-227.2256806832014,-84.43213805150212,0.9156793
G81694,-193.03972569112918,-0.17765262527416503,-0.036660362
G81696,-287.43908458552306,-3.354960729272536,-0.049140915
G81703,-281.48263981972303,-2.1242277788416324,-1.1258253
G82002,69.04229567905335,0.285152384387329,-0.07483879
G82004,-236.67401629350914,-176.29269250311435,-0.3463298
G82006,392.91551246039666,-68.70937138500449,0.49571654
G82007,196.36677289449125,-205.17169202425515,-0.24452068
G82011,-86.28930278375526,12.569109111168666,-0.062377777
G82012,-46.53737524184579,-78.98551191847358,0.73672765
G82013,257.2570946289337,-43.259314292244085,1.6389483
G82014,400.05133690285885,-10.885356785962905,-0.07271777
G82015,141.5939077844862,-85.84764855431114,-0.07483879
G82016,146.75844377753472,-73.12055310485957,1.624101
G82017,234.8510956652751,79.67169816854398,0.94537354
G82018,7.580748979273726,-63.54574929756885,-0.24452068
G82019,236.33767563846732,-135.53657918546438,1.7662097
G82020,274.06450211554943,-75.68812170757805,-0.93173236
G82021,502.06821478323275,26.556585884893263,0.014244203
G82022,228.6579556891652,-14.927175516983286,1.624101
G82023,6.157564612690934,-57.16993418065101,-0.39723438
G82024,70.06144263585027,-2.409040133900508,0.94537354
G82025,280.23852464344577,152.05531036443074,1.624101
G82026,68.17027835869165,-48.394160035034915,-0.39723438
G82027,377.83234155831093,108.83343669998743,-0.39723438
G82028,174.14152330143946,-65.23572796281772,0.8350804
G82029,-0.30153116898801613,-108.9557267733654,0.7375644
G82030,-181.93209840169297,-167.5503167718318,0.98779404
G82031,195.17679910696953,-1.7534945440040393,0.94537354
G82032,286.62350975759796,-60.44894045260355,0.014244203
G82035,98.0779337219697,-132.3323822422749,-0.39723438
G82036,234.0180929198688,-123.96762731957733,-0.07483879
G82037,511.9530649006314,-60.479694880032476,1.6389483
G82038,217.4552847504808,-78.29376559348033,-0.07483879
G82039,415.40492700332624,7.3998958345632815,-0.39723438
G82040,-158.61954386642313,-66.83881752399424,0.7353922
G82041,159.87173211601004,109.18523184262781,1.624101
G82042,226.97820204551013,-22.38082609136091,1.624101
G82044,98.34331043147711,18.54725108978355,0.014244203
G82046,106.73876492648448,-86.72604229723913,-0.93173236
G82048,181.75849054770416,-125.90863271473884,0.49571654
G82049,-137.11133129860025,-19.630108300671548,0.54025805
G82050,903.3477138096539,144.8644949183157,0.54025805
G82051,145.61385732966653,25.447791397687237,-0.07271777
G82052,485.0206440437134,87.71207218909541,-0.93173236
G82053,-49.447799914537335,25.483579933486048,0.54025805
G82055,17.24281371901252,-2.8339600477472646,1.7534837
G82056,8.498997125069792,-57.0740675783986,0.49571654
G82057,329.4286371381569,-81.53754619471067,-0.39723438
G82058,57.51726961596954,-76.19935687227652,0.94537354
G82059,652.85729354546,26.675196635013425,1.624101
G82060,517.5721927724975,-90.1253827397233,0.7438763
G82061,-182.48308154785238,-0.27527455098644094,0.7353922
G82062,-195.8112819476937,-7.144227339581464,0.014244203
G82063,228.5899219157814,4.11651216042418,-0.93173236
G82064,188.43596783145503,77.5447599791341,-0.93173236
G82065,-220.72266666078585,-13.544545821530141,0.94537354
G82066,290.85698082152584,-96.28810284750523,-0.93173236
G82067,169.87080464146356,-59.24098899106232,0.014244203
G82069,196.32196439180436,-49.76531669818026,-0.24452068
G82071,1423.2302515365443,18.788422949120008,0.7438763
G82072,-47.37630391793224,20.13309501581763,-0.24452068
G82073,229.9535410945908,-15.947327490979571,0.014244203
G82074,403.00400542180085,-27.498036088686973,0.94537354
G82075,-71.46043716328884,-88.44080159830474,1.7089419
G82076,224.3521749653754,-67.3284854285103,0.94537354
G82077,351.8915000489287,6.4278553918152594,-0.07271777
G82079,278.0636502448862,-62.67307695234013,-0.93173236
G82080,519.5515728480528,129.2294675190889,0.54025805
G82082,270.4795370445568,-5.992187313096555,0.7438763
G82083,479.95215672863475,-76.34627244698822,1.624101
G82085,274.6025787247749,-141.65168068048445,0.014244203
G82086,332.4935541993456,27.564841933640164,-0.07483879
G82087,607.1892267405225,44.65777818245886,0.54025805
G82088,-37.056365434879694,5.759337565127795,0.49571654
G82089,87.01490699086499,-12.592431730267624,0.94537354
G82090,777.2776688777702,16.760190095587102,0.7438763
G82091,104.38560475686366,-48.07357860420397,-0.07483879
G82092,77.0202236304493,-54.41089635478844,1.1383867
G82093,291.8455573945306,14.52880600334263,-0.39723438
G82094,323.25857461522514,-21.413060258484478,0.54025805
G82095,142.98081651463932,-104.21335503720688,-0.07271777
G82096,-136.66645960942103,4.601374475832379,0.014244203
G82097,535.2757549572847,-114.36575119699977,0.49571654
G82098,-35.43332501605834,-44.53497979674714,0.94537354
G82099,420.5274091506488,-31.436313463955663,0.94537354
G82100,50.94599252307408,112.12201213389417,-0.07271777
G82103,-129.64621087120352,-87.0146006764324,1.624101
G82104,-223.5191287694334,28.189966120003525,0.9655114
G82105,610.2126146640887,53.14919765291984,-0.93173236
G82106,-31.89007699622111,58.64034601633226,0.014244203
G82107,160.0546511071534,-33.5678709238597,-0.93173236
G82108,-81.38820653529828,-5.11634265011313,-0.07271777
G82109,-181.9754720272979,-76.47848128299249,-0.07271777
G82110,-11.028464397293464,-40.816364806775404,1.6389483
G82111,185.88842325989347,-146.8089199960617,-0.07483879
G82112,125.87453625904372,7.347059922132044,0.94537354
G82113,124.27828447511935,-103.25574990370905,-0.07271777
G82114,637.1969187790046,-90.3961761264622,0.54025805
G82115,259.93179487996156,-79.60102603094374,0.7438763
G82117,133.3617107347586,-43.626236905470755,-0.07483879
G82118,312.0223546192471,-6.598878964644142,1.624101
G82119,877.8007512223074,134.6174109252192,0.7438763
G82120,286.14510972586635,-40.32323331687481,1.624101
G82121,307.8582479922056,-38.940050325958225,-0.24452068
G82122,426.80324058121204,25.209799848179102,0.49571654
G82123,-85.77522413397351,10.562312389434172,-0.07271777
G82124,-153.27916542135154,31.01466098278788,0.5551052
G82125,138.1265704919318,-138.8095080631012,1.6389483
G82126,536.7082014330807,-34.42120319118852,-0.93173236
G82128,50.611729901854766,-95.52456883499919,-0.07483879
G82129,-113.96899344597344,-52.487506268253064,-0.07271777
G82133,-7.158521153075833,-43.53534420841174,-0.07271777
G82135,478.0381469527075,-74.42900156820964,1.624101
G82137,65.23722511506034,-43.27969733981298,1.624101
G82138,-50.479032056831485,-90.62843065891325,-0.07483879
G82139,-176.38288625712468,-9.029016860286582,-0.07271777
G82140,-129.72603705322663,-23.72125188569371,0.7438763
G82141,27.059184631058336,-19.765635977122688,1.624101
G82142,112.66796745659853,18.651976250706312,-0.24452068
G82143,-115.8980474810324,-43.80773699382032,0.49571654
G82147,29.156283917730022,-22.891606093973145,-0.24452068
G82148,-19.524505101608767,-6.104406460091317,-0.92938566
G82150,194.6689902998773,-59.14657244870455,-0.93173236
G82152,-64.93656362280544,1.6556133063196579,1.6389483
G82154,-77.40416860529288,42.425119248488,-0.07271777
G82155,107.14931153796998,-45.81645237718093,1.624101
G82156,-256.8253513276898,-64.89779189104877,0.5551052
G82158,-37.229773352136,-21.102398612170244,1.7534837
G82160,314.6315854921961,-84.52408621182039,-0.24452068
G82161,386.21420934581386,92.79921477131883,-0.07271777
G82162,-89.07201999732692,-81.39435824390908,-0.07271777
G82164,218.5537725857423,-13.755080212335205,0.94537354
G82165,127.22164258884612,-91.82118620338095,0.7438763
G82170,-187.94432197301026,-42.420470028781295,1.7534837
G82175,-245.35107969476613,-3.591342923979803,-0.38122407
G82179,-228.93530611255497,-1.8003618697993677,0.7353922
G82180,-40.03916398158229,-15.562075953326467,-0.07271777
G82184,-204.45540799114292,-21.399775308716958,-0.07271777
G82185,131.20575179820878,-63.966396883973275,0.49571654
G82186,62.789437818967144,-21.635869629679625,0.54025805
G82187,44.94783429669367,20.110840837674857,-0.0578706
G82197,-130.55125137434618,13.207109550036229,0.014244203
G82198,11.077174549193797,3.034388235645717,-0.07271777
G82200,29.442269359686904,25.81291119842339,1.624101
G82203,148.12835862939556,0.19820310256743726,0.014244203
G82204,46.6258728018411,-50.452378019357276,0.73984873
G82205,46.851322440394334,-66.56301652565163,1.6389483
G82206,-176.26599045335908,26.152970307001226,0.8350804
G82210,-197.94418455812647,-14.108638141771305,-0.92324823
G82211,113.08579907944214,13.752572002441768,-0.07483879
G82212,-18.634202544574105,50.3866964720668,0.49571654
G82215,15.897857681931981,-21.47542973622721,1.7534837
G82217,-155.15132024438356,-31.620336926343533,-0.07483879
G82218,1.15580787428156,7.200832265823044,0.49571654
G82219,-135.31105487603074,-32.731531384631516,-0.93173236
G82221,55.23184079110461,72.6393688534121,0.49571654
G82224,-135.73498760854682,13.9087353508623,1.7534837
G82225,219.01458954793273,-141.23830201540076,0.8350804
G82226,-133.30413893443423,-17.44910273285103,-0.07271777
G82227,23.38059562862818,67.4621445519274,-0.07483879
G82228,486.46633523201785,253.04957075140936,0.7438763
G82229,-83.55348442181891,0.9535390030334181,0.94537354
G82230,-6.863633434176825,-41.5855120067383,0.98328686
G82231,179.71434074130383,-124.08155215459311,-0.39723438
G82232,102.93579428729281,-11.156063201191877,-0.07483879
G82233,388.08970660079393,-180.17158835415603,-0.07271777
G82234,-96.87702560782108,-14.459700858658131,0.014244203
G82235,-107.5040955710751,-76.61882363839199,1.7534837
G82600,-215.668648059935,-7.386002248665789,-0.07271777
G82604,310.17255931340196,82.45128078360264,0.94537354
G82605,-204.90876842568224,-28.66435906344191,1.7534837
G82622,-165.77154308990495,-67.99458781472822,-0.07271777
G82630,-340.1439798354949,-345.4531644731215,-0.92324823
G82631,-38.80186016019697,1.8887177800987842,-0.07271777
G82634,154.26578367986608,100.6470078008835,-0.39723438
G82635,-229.18608637698307,-16.563223352444034,-0.07271777
G82639,-112.78333695281526,-15.51413362796595,0.49571654
G82641,-91.13404870648614,-80.85479989812734,0.94537354
G82644,-151.79225781603654,-14.907855981138106,-0.021813199
G82647,251.5447183885361,256.9326902436473,0.49571654
G82648,-153.69346312456153,-30.70845987396424,0.014244203
G82649,-141.20450955566614,19.863541424656823,-0.92324823
G82650,291.5879715273548,172.71297138734835,-0.93173236
G82651,-306.44376572175224,1.0427928559760804,1.6728847
G82652,-172.01558904977338,-2.6664729006595094,-0.24452068
G82653,-198.16597470951945,37.016549448844046,-0.07271777
G82656,-201.3841726394385,-12.71542468051956,-0.021813199
G82658,-88.26965321385048,-14.526634142911455,-0.24452068
G82662,-195.08147908693925,14.391543209054763,-0.072293565
G82663,-264.3260245210928,-12.373402113257272,-0.3463298
G82665,9.839237577379151,125.33025908505543,-0.24452068
G82666,261.0740846275289,-54.389901474550214,-0.93173236
G82667,-214.6153451040757,-16.650323986004075,-0.3463298
G82670,-265.28344443989516,-57.82013681872374,-0.021813199
G82671,-61.580593170449895,-17.02148937407185,-0.39723438
G82674,-270.23221931335684,-39.0360079700441,-0.92324823
G82679,-13.742976067126277,-12.82019171074836,-0.07271777
G82681,-32.25447430873273,-37.50238554380284,0.94537354
G82682,-68.96864102897831,-146.79499998699387,-0.39723438
G82684,-56.57739028593263,24.749355738446326,-0.24452068
G82686,148.23391487093951,-2.7485438436731524,-0.39723438
G82687,-123.282914095876,-14.885079732036097,-0.39723438
G82688,-74.58088219037458,39.10523898936207,0.5623167
G82690,-171.8294076185137,0.4649497491578666,0.014244203
G82691,-109.32140355284085,-3.682406913417496,0.94537354
G82693,275.3674996863393,80.1175524379263,-0.39723438
G82696,-90.4561073449703,-11.031499830396234,-0.07483879
G82697,-119.52331876565934,62.96529099975967,-0.07271777
G82698,-166.69801809946253,10.291552122926685,-0.39723438
G82700,-86.45511371770789,-38.501156163392196,-0.07483879
G82702,-183.29297245845586,34.62552915540767,-0.39723438
G82704,-11.740445715565771,19.52130101382421,-0.07271777
G82706,-181.90999174583777,-7.275397250966759,-0.07271777
G82708,-121.10764524182729,-23.321933000019527,0.014244203
G82710,-178.31334386577234,9.269466079595901,0.5551052
G82711,-134.9500118667283,-7.7425377216387385,0.014244203
G82712,-162.87098865664436,-22.695431112244485,0.5911626
G82715,-180.517886344152,-41.15100218895626,1.6728847
G82718,-217.38522018733946,1.533598009336128,-0.021813199
G82719,-146.66824200223698,15.164967146520498,-0.07271777
G82721,-103.01138897239495,-52.70769122355206,-0.07271777
G82722,-93.598482894063,10.407551952761613,0.8350804
G82726,-118.68211890285018,-14.986265559362154,0.73715115
G82727,-21.071840547411043,-47.940692600047846,-0.07271777
G82729,115.69569093772219,-30.736337244771466,-0.07483879
G82730,188.01142862070103,47.52330795672665,0.54025805
G82732,-100.38465776076033,-48.96751427375846,1.7534837
G82733,-202.95252763437068,-13.773278192489359,1.7534837
G82735,53.67056982587401,-84.60805968289817,0.5452714
G82737,-74.42099645847867,46.95418999393232,-0.07271777
G82739,-256.9503798896295,-31.149190413099408,-0.021813199
G82741,-209.3663902174162,-19.463009906488534,-0.07271777
G82743,-104.93275817156409,27.559833677816822,0.0142442025
G82744,-120.4728739645069,-43.585646453610565,-0.07271777
G82748,-27.782960470757416,-61.83394439564247,0.5911626
G82751,-47.37934170079147,34.57933429630966,0.9637558
G82753,-26.399722971281108,-177.64598449588988,-0.07271777
G82754,-131.33579518117776,-4.108113523775704,1.624101
G82757,-131.08902558742054,1.5801258115527774,-0.39723438
G82760,-184.57353023693872,-28.170478958785946,-0.07483879
G82762,-187.68694127486066,-0.1779464902160263,-0.07271777
G82763,-194.59217985350475,2.025586784053464,-0.07271777
G82764,-252.20633857255984,-4.31306175968053,-0.021813199
G82768,-10.822828413193276,4.43941277231826,1.624101
G82769,-233.35337814959732,1.897668108893977,-0.92324823
G82775,-182.4450249867993,24.621091636639182,-0.07271777
G82777,-160.47157752727878,9.852465931959097,0.9571069
G82780,48.91863671676457,-28.882073368322487,0.014244203
G82790,84.14395402155326,17.68012461215855,0.7438763
G82791,-36.537628608694234,-54.07121228210921,-0.39723438
G82793,-189.91063891063965,-51.10247581364727,0.9673069
G82796,-92.25601530402228,81.24635170902918,-0.93173236
G82799,-136.3989978616811,1.5666945608293403,-0.39723438
G82802,-137.72284412358698,-7.239825418699524,0.7438763
G82805,-244.95208801723481,-64.83853446141214,0.5551052
G82808,109.7153133952934,16.852085852356424,0.014244203
G82809,355.2361266073125,32.1935415978328,0.014244203
G82810,-106.01636022878756,-9.297380585393443,-0.92324823
G82812,-224.3788398686329,0.4058443723054802,-0.92324823
G82813,729.1876716026296,-470.0893548713415,-0.07271777
G82818,-282.17390127795306,-120.10396405787385,-0.0578706
G82820,-33.60946914982591,107.53532668159572,-0.07271777
G82888,-83.31429890371196,-18.39404052290391,1.6389483
G83001,225.7238502454585,-69.92848061286442,-0.7535664
G83002,13.469521616005814,-1.2215740329341598,-0.7535664
G83003,-76.07977143807325,-66.29505462252911,-0.7535664
G83004,300.5273704910173,-83.59906572633574,0.8350804
G83005,-34.38149761663038,-182.9270114937743,0.8377487
G83006,346.86462363151264,-199.1046572131301,0.8350804
G83007,-39.367597367779844,-63.54891786570576,-0.77901864
G83009,207.58882746306685,55.602059741963636,-0.7535664
G83010,243.07508818994606,-40.351028047171795,0.8350804
G83012,207.4338352475727,-120.10849023268936,-1.3113955
G83013,-63.08046101897205,-81.11748487412962,-0.7535664
G83015,-111.56223081632469,-93.40929530228773,-0.7535664
G83016,-3.383499631601187,-21.696386297877208,-0.7535664
G83017,-118.14659836641839,-17.9771408711402,-0.77901864
G83018,262.80238622008835,-118.2469913144506,0.8350804
G83019,98.74139836953337,132.1813331354228,-0.7535664
G83021,107.71948482371799,-14.459550512297774,-0.7535664
G83022,-186.10547689576362,-19.498160630784515,-0.7535664
G83024,-134.57886497024438,-25.994538890037166,0.8350804
G83025,174.55786762792982,-148.47425173549058,0.8350804
G83026,-16.08321125023656,-73.44490686013454,-0.7535664
G83027,150.15017237405002,-3.216890711744321,-0.7535664
G83028,198.02593527350834,-66.42758714179992,0.8350804
G83029,13.891135988876869,-96.42894044045376,0.8350804
G83030,-94.36351391675761,-9.60726981144076,-0.7535664
G83031,6.275742052198962,-84.68942876026426,0.8350804
G83033,-67.19002655621149,-43.270806499452966,0.8350804
G83034,-58.16989249365124,-79.57798762571751,-0.7535664
G83037,-146.13581679011145,9.026524047635995,0.8350804
G83039,5.418598839010126,-50.387296570328985,-0.7535664
G83042,-244.58709088456246,-105.75421382550937,-0.77901864
G83043,-96.0133376910523,-8.57578828716245,0.8435645
G83044,100.50494384123084,-51.03476016982739,-0.7535664
G83046,-59.78312328971562,-23.110621247432277,0.8350804
G83047,131.2870275468831,-118.53539877643587,0.8350804
G83049,163.35717004990303,-12.057154710620374,0.8350804
G83052,149.5506014815769,22.015231257666773,0.8350804
G83053,366.0957777518841,-165.51397406545186,0.8350804
G83057,218.0095242793003,-81.92878767581752,-0.7535664
G83058,59.4487770496727,8.24086241622863,-1.0059682
G83060,-78.11239342784143,-77.68740315210593,-0.7535664
G83061,119.62217593509564,-105.93336062906555,0.8350804
G83062,40.81154834921064,-6.044754075192956,0.8350804
G83063,-184.07383468888492,-73.96667110259989,-0.77901864
G83064,-187.87575727657313,-19.79638240278579,0.842229
G83065,119.24575505325679,48.755587575460275,-1.0059682
G83066,375.69259012056665,42.36961700252113,0.8350804
G83067,480.048146835979,-81.87084137241068,-0.7535664
G83068,-234.62863187350115,-7.220700862211888,-0.77901864
G83069,-294.25409259176223,-227.95509113519307,-1.2477648
G83605,-189.29206845358232,-60.65168463682864,0.84356445
G83628,73.74785355286535,51.30798192426269,-0.7535664
G83630,-38.928831820813315,-53.88611671630678,0.8350804
G83631,-177.7837013576285,-23.525489086222883,0.8350804
G83633,-108.7066614228938,27.953872240837676,-0.7535664
G83635,-100.83809805156221,-38.65945785628184,-0.7535664
G83641,-184.6620483359107,-10.76572591045484,-1.0059682
G83642,36.80841165710391,62.300702353841835,0.8350804
G83647,-61.999729837152,-34.721163764847546,-0.7535664
G83651,-94.44338374797947,-54.659904538098274,-1.0059682
G83654,-118.90618502652994,-6.802707319008438,-0.7535664
G83655,-205.01296623337063,-27.014568631156237,-0.77901864
G83663,-181.11654176164802,-37.551705793242746,-0.7535664
G83668,-176.49744699432816,-41.459949654722166,-0.77901864
G83670,-216.385693864326,-10.881810044421696,-0.7790187
G83672,-223.156532657759,-31.427115955995713,0.8398344
G83673,-103.30019667729552,18.77635623641025,-0.7535664
G83680,279.5980579669931,128.96000570199763,-0.7535664
G84001,129.69243128283108,105.61722221092492,1.1383867
G84002,57.92611424700333,-53.84603114295277,1.1383867
G84003,169.72620086769015,-63.32501852802445,-1.0059682
G84004,160.4498481958005,-124.11816185395384,1.1383867
G84005,-86.39992517516055,-52.27522976989883,1.1383867
G84006,142.3974350767107,-63.23347918301164,1.1383867
G84007,139.8362984567011,-9.947312835727255,1.1383867
G84008,-96.10445602183411,-29.28266031475303,-1.0059682
G84009,-159.83113520539632,-9.144372890960316,1.1383867
G84010,326.9134753793374,-30.327771558362425,-0.7535664
G84011,53.67514871349807,-31.973696110180597,-0.27633604
G84013,-212.20699248350073,-4.662444458438038,1.1383867
G84015,187.56955387860262,-71.57986638632984,1.1383867
G84016,303.33542836326234,-108.07904833458281,-1.0059682
G84017,62.71159471097171,-105.15081297866902,1.1383867
G84018,-37.39545816958565,-86.92000249871396,-1.0059682
G84019,42.82014727332059,-35.33959727832427,0.8350804
G84020,44.593354187793786,-45.826678581255564,1.1383867
G84021,-55.98212973494576,-173.18346088300586,1.1383867
G84022,-144.97076251051962,-77.06109659149789,-1.0059682
G84023,90.14408696900449,-119.89099115788122,1.1383867
G84024,-3.6347336882950874,8.285603583182983,1.1383867
G84025,-66.64565138273565,-83.38569286377268,-0.27633604
G84027,454.0836329624211,-80.65158028997436,-1.0059682
G84028,155.21262378031352,-55.22579542136508,-0.27633604
G84029,-138.76867341305905,-77.05128311270948,-0.27633604
G84030,-69.91895415272052,-93.92964160897347,1.1383867
G84032,42.185017500420145,35.50572968316782,1.1383867
G84033,-57.98834112926938,-7.012507541618054,1.1383867
G84035,-16.382267839234334,-24.892063052960037,1.1383867
G84037,-54.19135412997334,-6.7599967949861,1.0959662
G84039,-230.91263419170167,-21.420950478771925,1.1383867
G84040,-10.528711681948199,9.297170765847211,1.1383867
G84041,-249.7818116815759,12.05071596607854,1.1383867
G84604,-118.61080205416613,29.201379523338105,-1.0059682
G84607,-85.2496851029229,-7.513141889309727,-0.27633604
G84609,-205.51543923635964,0.28041500122477375,1.1383867
G84621,-207.17896356991477,-13.41002029142816,1.1383867
G84624,-219.76847944349777,-17.055685741456138,-0.27633604
G84625,-175.8824485433153,-6.135587330327263,-0.27633604
G84627,32.372611938722606,-2.0170042036263065,1.1383867
G84628,-209.70838753800047,0.8462947716692345,0.8380775
G84629,-84.54439149991939,-17.455864380515642,-1.0059682
G84630,-204.70052949915083,32.55675820274823,1.1383867
G85001,118.13732181933966,-74.3751587508885,-1.0165733
G85002,150.78288161435387,82.42192845744847,-1.0441465
G85003,-33.73255906293644,-80.49895085059417,-1.0059682
G85004,63.82207207794259,-66.53091084853327,-1.0059682
G85005,331.50625366224614,-114.02242334290358,-1.0059682
G85006,-50.27571165883875,-155.58420540775555,-1.0165733
G85007,-227.7391177709808,-1.1100412807497437,-1.0674778
G85008,-137.2527253388098,-62.86134990111018,-1.0059682
G85009,-237.54165881723026,-31.777958953813457,-1.0674778
G85010,-217.4044146857164,-16.191446020841713,-1.0698817
G85011,223.64091446742748,-24.60125238480205,-1.0441465
G85012,314.38030626830573,-163.26215738150572,-1.0674778
G85013,36.09206195829403,-146.42658111635296,-1.0165733
G85014,-5.944144111205024,32.46734247895041,-1.0441465
G85015,66.42366191157815,-157.0005366196402,-1.0165733
G85016,99.75659531410065,33.23158338250311,-1.0441465
G85019,-173.28558010268952,-28.037843770649946,-1.0165733
G85020,-182.86868620179467,12.129808062182354,-1.2244335
G85021,-88.73619557791115,-57.33480562715692,-1.0441465
G85022,85.61062233867287,-9.38394747895904,-1.0441465
G85023,-58.184039649684806,2.493754645012455,-1.0059682
G85024,219.25886270405974,-78.28540289046249,-1.0059682
G85025,-60.18137475510318,-48.621836493352575,-1.0441465
G85026,-147.92033402447623,-41.89520968563958,-1.0059682
G85027,-58.42298464479135,-53.32477149088723,-1.0059682
G85028,71.92543559396181,-127.59865176457659,-1.0441465
G85029,-158.04711002778,-137.29705956050174,1.1341447
G85030,-141.65166840765045,-37.17278882194215,-1.0165733
G85031,-131.4420903479328,-86.7987901320383,-1.0165733
G85032,172.89372149487198,-14.53907683664524,-1.0059682
G85034,980.9601418902654,786.1383738735925,1.1341447
G85035,29.275919163985584,-101.53489026697126,-1.0059682
G85036,-62.292905389817776,-59.07333851680941,-1.0202303
G85038,60.947898010032524,-58.22860561931069,-1.0059682
G85039,364.2941452279464,-99.64442193307087,-1.0165733
G85040,-125.19230859759438,12.240475351248726,-1.0165733
G85041,-44.932924581448546,-17.222024569578195,-1.0441465
G85042,-139.74614647168116,-20.471499477871575,-1.0165733
G85044,-148.17822812849053,-11.537592309535725,-1.0441465
G85045,-9.497492697130683,-62.2771969755015,-1.0441465
G85046,90.27406115429187,-67.17085695092292,-1.0059682
G85047,-89.94958334438503,65.55971744219124,-1.0441465
G85048,-130.97455852946243,-22.373984660250574,-1.0059682
G85050,-194.81534012064319,-36.4649847963022,-1.0540957
G85051,-16.927793048971317,0.9819092082431501,-1.0441465
G85052,-21.26701655077335,15.742264614558833,-1.0165733
G85053,75.66327976385543,-61.83947027222552,-1.0441465
G85054,-45.821338884168284,4.301654143120112,-1.0441465
G85055,193.72781875195395,-91.54021615385753,-1.0059682
G85057,-16.36388301383462,-60.179959961621016,-1.0059682
G85061,-72.88829231382672,-27.3391350129064,-1.0059682
G85065,-503.9950124391767,-316.1092981530875,-1.0314205
G85073,-87.46918180534885,-18.841297369891734,-1.0441465
G85076,-157.41785260548215,-15.757851393637603,-1.0059682
G85078,-82.58715127284957,-12.365798839807669,-1.1035353
G85081,-168.06085851434023,-64.3459481836661,-1.0093446
G85082,-131.7022076326639,-45.887130775929045,-1.0441465
G85083,2.7003531285816953,-105.26038703932726,-1.0441465
G85084,-102.77555458594891,10.904583739662847,-1.0441465
G85085,-58.20084959440073,-17.834676329374254,-1.2244335
G85086,-69.61995123467202,-26.24068846796764,-1.0441465
G85087,-46.14851838351582,38.90998658545577,-1.0165733
G85088,-105.47473070621672,-12.504465907018037,-1.1035353
G85089,59.910363231926155,-29.026085376174745,-1.0059682
G85091,-165.00312226562374,29.355899838440855,-1.0165733
G85094,4.1357321020702145,-57.80670959453793,1.168081
G85095,-164.97191078865416,-132.99960910104855,1.168081
G85096,-77.30289843291447,58.54702821541912,-1.0441465
G85097,-210.49986743444876,-114.86961818055377,1.168081
G85099,-209.3338760811227,-31.123089181009636,-1.0314205
G85100,-123.92511128369333,-27.883069642121992,-1.0441465
G85102,-179.8639280866174,-13.2922980560691,-1.0441465
G85104,163.6318212133032,62.913793787521065,-1.0059682
G85105,-118.25169513202786,36.698937313966745,-1.0165733
G85106,-230.0080398435964,-30.28500190456911,1.1341447
G85109,148.62880920965864,-47.98472103672082,-1.0441465
G85112,-129.07267870430996,25.263547813846223,-1.0198821
G85113,-179.65454395995113,3.152528520981318,-1.1035353
G85114,66.21395858541541,-48.37754865461311,-1.0165733
G85118,-144.50770211005937,-76.03315680934735,-1.0441465
G85119,-118.39901320595999,-30.885659049695708,-1.0165733
G85120,-35.297872005875156,-90.0992882517278,-1.0059682
G85121,-111.41857326583282,-2.9563400930431762,-1.0059682
G85123,-61.58121764021081,-66.34789258549215,-1.0441465
G85124,-21.992192349979753,-65.74197155973526,-1.0059682
G85125,-46.35217121979766,-42.80587140157747,-1.2244335
G85127,-185.22752283571802,-7.639810039961547,-1.0441465
G85129,-108.49698802067523,-8.5792383377948,-1.0441465
G85130,-82.48447321513541,-34.1289749420285,-1.0441465
G85132,-99.69313270482006,-33.76146477792378,-1.0165733
G85133,-88.70531663294767,-99.28745109319749,-1.0774248
G85134,-147.59050101538526,-37.84391014899676,-1.0165733
G85135,10.279053834210675,9.020810152697777,-1.0441465
G85136,-23.796238589388835,19.25623980753022,1.1341447
G85137,-129.14690864007656,17.012309804147343,-1.0441465
G85138,36.1037815177166,-36.57110370223411,-1.2244335
G85618,-227.87414345206088,-37.30102067184572,-1.1035353
G85623,-7.493846306357937,4.734079448290628,1.1341447
G85632,-144.43397617604174,-33.15779135536508,-1.0165733
G85633,82.27968966966787,8.8448133034522,-1.0059682
G85642,-149.77811193320414,9.635743513064682,1.1341447
G85644,-87.37627539869854,-47.67044395303725,-1.0165733
G85647,-140.38742738788167,-3.7594450654859375,-1.0441465
G85651,13.936708860927915,-134.26382822298993,-1.0165733
G85662,16.625941469714558,-60.46373789187931,-1.0441465
G85673,-133.24636175305494,-25.83940260099944,-1.0441465
G85674,-151.73809689984677,15.551214812621511,-1.0435586
G85677,-331.1248796775229,-119.98449545700605,-1.1035353
G85681,-152.2203164457675,-38.32757157208609,-1.0165733
G85682,-171.9126590049158,-32.62808993423815,-1.1035353
G85685,46.51933536671987,-23.229699875875653,-1.0165733
G85690,-72.9666850236449,-18.20305278890561,-1.0441465
G85692,-72.34157728045143,-73.67218554141091,-1.2838223
G85695,-181.63394470075772,-53.73866697758271,-1.0441465
G85696,153.07040957112667,25.438017690180413,-1.0059682
G85698,-36.69624642497232,28.078583938287615,-1.0059682
G85703,-216.8977064641747,-32.476948939437506,-1.0314205
G85705,-172.40313444514726,-16.70953783375463,1.1341447
G85706,-100.27229035617877,-10.641697397607008,-1.0165733
G85707,-218.8094261974281,-8.37492113241277,-1.0674778
G85708,-14.204205558217247,-60.139598408155166,-1.0441465
G85711,-185.16633375133674,14.854897121154943,-1.0059682
G85712,-215.05396422522077,-37.67573876961606,-1.0450974
G85713,-310.4942028282541,-103.8084846726681,-1.0314205
G85715,-175.75706937057654,-192.79398247126244,-1.0165733
G85716,-100.34048729547166,32.59018739737168,-1.0059682
G85717,-12.412259803853352,-69.95859341748613,-1.0102321
G85719,-308.28500320147754,-28.810343791597543,-1.0674778
G85721,-116.06661379115272,-15.11743415574358,-1.0165733
G85722,43.5159250491487,14.096426224935852,-1.0059682
G85723,-112.00306345514853,-91.66239630662899,-1.0345558
G85724,68.23831631758773,73.8063725590734,-1.0441465
G85726,-23.40816815113264,-51.62688146171805,-1.0165733
G85727,-6.053692672913415,-2.4889756115530766,-1.0059682
G85736,-143.976636069402,10.688640340588165,-1.0059682
H81002,-22.15337695721262,20.573836641481286,1.1723231
H81003,436.1195669174427,-53.82536565703316,1.1723231
H81004,180.79323308301338,-118.79062922860514,1.1723231
H81005,18.72725269937547,-47.63256940618446,1.7662097
H81006,-161.04796616906884,-47.814985174464,2.0334587
H81007,60.58356070374765,4.367416289948102,1.1723231
H81009,336.4248795463913,-67.7409510526704,1.1723231
H81010,442.0654411592803,-48.74111854916671,2.0334587
H81011,79.50834203450361,-41.928195847702185,2.0970895
H81013,1033.4583383159663,-128.8363811077304,2.2052617
H81015,207.51535742063533,-106.54941962930211,1.9719491
H81016,102.20749581809189,-67.4568534124397,2.2052617
H81017,555.9240589891251,-74.47654033851214,2.0970895
H81019,33.15992063425399,-29.18179416757253,1.9719491
H81020,152.59795180986396,-2.1366657610829036,2.2052617
H81021,434.29724634532596,-130.02861725218614,2.241319
H81022,-84.41581952662965,-29.647156048489272,2.241319
H81023,186.23422601056927,-13.808249905445004,1.7662097
H81024,273.6691964804968,-135.89237654105924,1.9719491
H81025,67.53285512239944,-91.13732669008637,1.9719491
H81026,163.1605757245904,-34.85785824303417,2.241319
H81027,164.97723451638944,-61.97847539487175,0.93476844
H81028,157.05775696716933,-23.916688304587876,2.0249746
H81029,92.85924677033826,-44.09235108646764,2.0334587
H81030,118.5885822368549,-27.428344488605383,1.8722609
H81031,217.80537213800338,-4.911624486516297,2.241319
H81032,470.54503923143665,-26.45142768364287,1.9719491
H81033,348.88074894506246,62.70653656876188,1.7025791
H81034,62.01520562990237,-20.25070497681494,1.7025791
H81035,16.356298593531953,-117.87910206909942,2.0334587
H81036,135.87261918628374,-114.77919569876242,1.7025791
H81037,441.1958515406969,7.953068709367493,0.30482444
H81038,-242.8587707862763,-21.84970486854582,2.2052617
H81039,-26.792663725752178,-13.978686740522988,2.2052617
H81040,53.55157631109053,8.409511496343631,0.93476844
H81041,-12.832998246669742,-15.621218243108782,1.9719491
H81042,305.7681459458656,-74.37684233234712,1.1723231
H81043,242.7679211497215,-33.60055233031165,2.0334587
H81044,-167.81114377719555,-21.54284102608899,2.241319
H81045,35.28324780580701,24.004705873402884,1.7662097
H81046,-135.01692807688164,-1.0921390549224808,0.30482444
H81047,171.31166686948254,-73.87236734626168,1.7025791
H81048,80.59084648079308,-17.980664086496237,1.8722609
H81050,154.50094386179043,-61.82370771392884,1.7025791
H81051,227.47042881731218,-43.81836350208245,2.0970895
H81052,363.5221002606349,-57.26891013886673,2.0334587
H81053,11.712166278794909,6.325056582088718,2.0334587
H81054,23.15197433151751,-64.49884274003962,1.7301525
H81055,106.3892274688596,-86.55892120822728,1.8722609
H81056,426.5051858289376,-44.35358995203894,1.7662097
H81057,-13.715467012502105,-69.83474449268432,1.1723231
H81058,182.37170488522884,-76.86807424981717,1.8722609
H81060,293.3541152094686,-84.94908613335832,1.7662097
H81061,112.11845165283114,-18.19909005878911,1.9719491
H81062,624.6466982063771,-60.50937602615096,2.241319
H81064,204.49791079723101,-25.484153929524542,2.0334587
H81065,133.2425528749015,-35.57345263325161,2.2052617
H81066,178.8055432902807,-35.52130167346844,1.7025791
H81067,190.5812501846273,-96.23865395832037,2.2052617
H81068,281.4291893264392,-6.327954057883786,2.0249746
H81069,359.77767083535997,140.19340232810333,2.2052617
H81070,152.0781361342012,-31.27110458597872,1.8722609
H81071,28.968676252495296,-21.76201668131091,2.0970895
H81072,170.31879375404307,-15.4829042746605,2.0249746
H81073,96.65673130007806,-14.645850756150704,1.1723231
H81074,-108.35159568052794,-8.186100862200844,2.0970895
H81075,196.66832019795098,-44.2659629608933,2.2052617
H81076,334.55059931913655,-58.483406771207584,2.241319
H81077,24.879090206869215,-25.851091472072106,2.0334587
H81078,334.0791058240319,-49.96225480287536,2.2052617
H81079,-178.0773329472301,-61.93652538318622,1.7025791
H81080,299.244808584134,-25.32434555921365,1.1023294
H81081,193.5252999546416,-36.70155515783408,2.0970895
H81082,-41.419285191918014,-46.505085503114536,0.93476844
H81083,236.24537801587297,-90.23199075061576,1.8722609
H81084,-5.265545658159107,-23.77393787463645,2.2052617
H81085,23.660615831343865,-48.628978004005674,2.0334587
H81086,-156.12382665859093,-38.397718799363105,1.7449994
H81087,85.6235437521697,-177.44678965452619,1.1723231
H81088,133.3401877103059,-95.76268496967073,0.93476844
H81089,419.1929206087099,35.660098850009724,1.8722609
H81090,60.37995472329151,-141.70015379268386,2.0334587
H81091,-10.950809291467213,12.336018707065605,2.0970895
H81093,-331.26160123926945,-77.18954557467362,2.2137458
H81094,68.76185480887037,-60.34293535955917,2.2052617
H81095,-112.84124726261254,-24.88703628251936,2.2052617
H81097,-1.3953514411917922,-66.1824289169072,0.93476844
H81099,77.38082915459907,-23.742339354030264,2.2052617
H81101,-96.89280163702739,-36.07847762071573,-0.27967826
H81103,-64.3317024743458,-29.524947438882872,2.2052617
H81104,-28.69718968039233,-40.62288290710441,1.1723231
H81107,-61.82731297221084,-40.74528460361033,2.2052617
H81109,-37.388420703557706,-63.0245665675638,2.2052617
H81110,-83.62962474638422,-36.22092811106236,0.93476844
H81111,-62.10028697696736,-3.6254204907364853,1.7025791
H81113,176.89858772567646,-74.29754147600221,2.0249746
H81116,-42.185453022693395,3.0523127144583473,-0.27633604
H81118,-184.83028064557436,-37.40802061836757,1.7449995
H81119,239.43824182029792,42.60893124951139,-0.27633604
H81122,-161.8356994103003,7.309968370361742,1.7025791
H81123,-187.5185748027724,-23.201553997485593,1.9719491
H81125,-126.89167918401024,-71.72746893309832,1.7449995
H81126,22.85167051507572,-30.67355965663589,2.0970895
H81128,-67.13320001951432,-52.309403694163024,2.2052617
H81129,-175.96426777113618,24.919835345895848,2.2052617
H81130,123.66042044782235,84.28378958146907,2.2052617
H81131,-171.1494449387453,9.46938276482107,2.2052617
H81132,-174.0851203722651,-30.745925273543005,2.241319
H81133,1332.2644884238077,-93.13209169291046,2.0970895
H81134,235.8194623503501,-80.9965703392049,1.1723231
H81611,-196.85451364101357,-43.91218178025284,2.0293612
H81613,-188.95657468713242,23.55324654141424,2.0970895
H81615,228.24925974027622,-69.02636201412226,0.93476844
H81618,-45.7620939431357,-66.46849216164581,2.0970895
H81620,-34.386439714906636,-16.7663420402804,2.2092893
H81622,-207.99666880270854,-13.562532684798079,2.2137458
H81632,-229.16512788186833,-9.91946342546826,1.1723231
H81638,22.478413127883048,-7.212968726342174,0.30482444
H81641,-251.3227018585683,-89.12503197481013,1.9719491
H81642,-194.82725114996572,-28.461067853553356,1.1723231
H81643,-264.7333837162056,8.247994555376604,1.9719491
H81644,130.30033208595293,-17.037969738684968,2.0970895
H81647,-269.60743600282075,-23.552613840862474,2.0334587
H81655,-453.8251360152639,-130.5941776197709,2.0334587
H81656,68.81446945368613,-33.47776388958378,1.7449994
H81658,-81.04334469483243,-1.8740251563397143,1.7025791
H81659,-307.5067027587397,4.1562922016827235,0.92816067
H81663,-228.9139845362129,-25.669958032703224,2.2052617
H81664,-249.04186901350505,-23.512607373597582,1.9736035
H81667,-127.41436727153516,-17.514467863590017,1.8892292
H81668,-85.64211175522455,80.23993132471931,1.9719491
H81669,-191.91100369300744,0.9467914908849534,1.1989874
H81672,-75.23701077743105,-68.6830595190251,2.2052617
H82002,-41.622581416217514,4.598633690224922,0.3027034
H82003,115.00408096746695,-31.831103648823017,2.2137458
H82004,-124.43169804597461,-4.054376562939011,1.9337705
H82005,4.0756350747361205,30.607952107614036,2.2137458
H82006,56.59270660929149,-27.06747332257202,1.1786861
H82007,318.8455320592576,-27.639468756198774,0.59964675
H82008,191.5946504948389,-45.01588309805587,2.2137458
H82009,401.0640799474786,25.901014405520307,0.59964675
H82010,-26.07835472134456,-9.767300886862184,2.2137458
H82011,452.1517353982157,-53.73932899189577,0.59964675
H82012,16.575711083738003,-95.650027925191,0.30482444
H82013,213.2687470738258,8.285685895353971,1.1786861
H82014,280.57151100446134,47.801751440541736,0.59964675
H82015,21.027133177745167,-28.76565927455334,0.59964675
H82016,289.2985862933366,24.072780268587916,0.5678314
H82017,687.9471895466426,-98.63720793925725,1.9337705
H82020,116.77298944448152,-90.62731180764871,0.5678314
H82021,15.685467030576357,-29.796075031332435,0.5678314
H82022,152.68946811570427,-42.230132213196825,0.353608
H82023,187.9901997378646,99.25447541618067,0.353608
H82024,-32.28170889854974,-48.11845212271884,0.62722003
H82025,399.84644668349426,-116.94436475397114,0.30482444
H82026,286.49802024532346,2.705707419555069,0.30482444
H82027,-175.41157553440812,-3.96135969470467,1.9337705
H82028,-12.418506916364453,-45.41613507604745,1.9337705
H82029,164.0868796942568,-23.407016564280436,-0.036660362
H82030,306.14851351364695,-76.19776673166493,1.9337705
H82031,-18.466536942223403,-1.7045351560208841,2.241319
H82032,306.99310943204165,-69.83327189466787,1.1786861
H82033,54.279527160293334,-27.440350738662282,0.30482444
H82034,608.8028570013402,114.54125558475586,0.59964675
H82035,204.54237307677653,-166.03259983569023,2.2137458
H82036,38.0300475683303,-67.97286316740791,1.9337705
H82037,353.97058135891984,178.65767549694849,0.5678314
H82038,325.8555649769582,20.743338189892917,0.5678314
H82039,37.61450189876438,53.197225416273106,0.5678314
H82040,-12.851424187010329,-7.89136520645698,2.2137458
H82041,190.96642093235232,-0.4476250850348764,0.59964675
H82042,371.05208122992025,-4.254394684512851,1.1786861
H82043,391.4634771519852,-12.05791741648976,0.5678314
H82044,21.566679105073387,-115.12722138184796,2.2137458
H82045,641.8074595967845,177.16758364802388,0.59964675
H82046,215.81383802449255,-5.304212577849232,0.59964675
H82047,184.0481728829878,-12.831382493960424,0.30482444
H82048,220.00428768824506,-47.222944981694674,0.5678314
H82049,115.89510947633366,-24.216733306460096,1.1786861
H82050,128.38120645660675,-81.62899843234277,0.30482444
H82051,170.99661985435546,-42.477288897240996,1.1786861
H82052,287.15999028737605,-17.380103010579994,0.30482444
H82053,-13.233712468653534,-19.42955740299018,0.30482444
H82055,344.26688097677186,-43.027997856211016,1.9337705
H82056,291.6212597402235,-39.949017820853356,2.2137458
H82057,363.72731675223446,-28.0316669202515,-0.036660362
H82058,415.3368853173561,-16.755951628563306,0.5678314
H82059,180.80126700665778,10.401819520683071,0.59964675
H82060,161.17167104421455,-65.9553320063525,0.353608
H82061,42.80006194050198,-84.86016022439301,0.59964675
H82063,177.9917268418566,-27.872450843446444,1.7662097
H82064,68.65159377092229,-74.68052302291977,0.30482444
H82065,212.06809114855,123.21845934322029,0.353608
H82066,369.90288340222787,-44.10745195108092,0.5678314
H82067,-55.85094624472294,47.86102073725806,0.5678314
H82068,-184.29260641468946,-78.4584770977337,0.5911626
H82069,-26.83901043280006,-105.72597902100236,0.62722003
H82070,239.87476335669953,78.86240659261318,0.59964675
H82072,138.37423101377377,-20.615921671860672,2.2137458
H82076,-106.99440310199562,-35.76249713589871,0.59964675
H82077,302.76927619410293,-80.01525232517452,0.5678314
H82078,123.47624267037659,12.44505840578799,0.21362042
H82083,147.43714915167428,-57.72146615743597,0.353608
H82084,-30.953288454901703,13.714042583264082,2.2137458
H82086,-207.54200541478704,6.844696035956578,0.5911626
H82087,-135.30449890788427,-72.86591371557166,0.59964675
H82088,109.50886556721656,14.901038436678222,0.30482444
H82089,-69.13125998677548,-33.212653760662576,1.9337705
H82091,32.422849887779314,15.886890853874537,0.353608
H82092,64.42335829228998,-7.144500959048409,1.9337705
H82094,-83.24139353157184,-32.86637858267408,0.31071615
H82095,239.3625978918726,-20.766310297879166,0.21362042
H82096,-25.380940780108887,-71.1777745204057,0.353608
H82098,25.722893919002374,40.91345905597712,0.30482444
H82099,90.84487674494812,23.847268316630498,0.5678314
H82100,-76.09205686098356,-18.651309000426323,2.2137458
H82101,29.380978864581454,-78.92496608117663,0.5911626
H82615,5.107716223462017,-22.79029071454545,0.30482444
H82621,-130.27334057376615,2.942112194041512,2.2137458
H82625,-253.1319544947638,-11.455529569556068,0.3027034
H82640,297.75378158836673,-45.93733754303412,0.30482444
H82641,-168.9743299387986,4.6266634002711475,0.59937376
H82642,-287.8208103773308,10.122268967839291,0.5911626
H82643,-118.92861358336232,-64.46843748291265,0.5911626
H82644,-278.43913807086966,12.348636362254803,0.33876082
H82648,-262.696537985816,25.173752088815487,0.3027034
H82649,-298.0553059356007,8.551565108574378,1.2041385
H83001,84.8510205765607,-153.23178094390155,-0.27633604
H83002,-230.64338694340762,-56.36360116243368,-0.30323684
H83004,220.90407186242805,-58.42988394820284,-0.27633604
H83005,108.8109255574972,-31.043769769362026,-0.27633604
H83006,76.0703381680998,73.30320207352742,-0.27633604
H83007,29.07713733662424,-30.111848813404745,-0.27633604
H83008,-158.36229065352512,-9.252786543073107,-0.27633604
H83009,74.56213848736728,-73.6848712149297,-0.27633604
H83010,-32.61641688886142,-20.452185415375748,-0.27633604
H83011,-160.4398164421202,3.014501494235049,-0.27633604
H83012,150.53058945737075,-27.84313092390723,-0.27633604
H83013,204.8225462364978,-35.070684108530884,-0.27633604
H83014,32.79916513159741,-17.1955585582478,-0.27633604
H83015,228.2735927101886,-53.37252570533824,-0.27633604
H83016,242.4156506159656,33.22592937072811,-0.27633604
H83017,140.31759618270573,21.128741659392734,-0.27633604
H83018,179.9358203045415,-55.73281095300675,-0.27633604
H83019,-14.279837706384717,-49.137000782904096,-0.27633604
H83020,46.93904941653034,-46.036620681366045,-0.27633604
H83021,-104.76682899207444,-21.034894985049736,-0.27633604
H83022,-35.45198810025174,-51.34582374158741,-0.27633604
H83023,44.0316357689916,-67.72092116750969,-0.27633604
H83024,300.7108305496719,-104.4192302416755,1.1023294
H83025,160.13495525268664,1.0363830190405723,-0.31027243
H83027,42.76020033075469,-115.25358088213967,-0.27633604
H83028,-147.1182820602357,-1.3139112321844126,-0.27633604
H83029,-99.94662739922438,1.307474332649653,-0.27633604
H83030,-188.44113330459163,-52.06073271222132,-0.27633604
H83031,-144.40261160070142,-9.325388938675122,-0.27633604
H83033,-170.97927209704937,-22.743105401101136,-0.27633604
H83034,-28.716990883476093,-176.42996530598887,-0.27633604
H83035,-107.3264716581908,-36.8540150777481,-0.31027243
H83037,-36.8158174169521,25.075873725080292,-0.27633604
H83039,-1.6547503580138738,-46.04971740685093,-0.27633604
H83040,-147.6672610637318,-24.763222762384796,-0.27633604
H83041,-125.38831356212886,33.02726961767428,-0.31027243
H83042,-86.3859240798855,-86.12795153689942,-0.27633604
H83043,50.07232067088427,110.44502469946158,-0.27633604
H83044,103.3175893382442,8.634994088458683,-0.27633604
H83046,-145.26535639365633,-49.785315619168486,-0.29839468
H83048,-254.8327912235958,-17.53863117597751,1.0873439
H83049,-219.57564669001758,-12.67929961307789,1.1401181
H83050,-69.06974296462447,-38.074960949712654,-0.27633604
H83051,-90.81067174745529,3.4420630560233407,-0.27633604
H83052,-160.47536148004815,-16.969582817037164,1.1023294
H83053,233.50372273571674,-103.74479802695643,-0.27633604
H83608,-182.5785772500211,-35.680313834173546,-0.27633604
H83609,-204.64458058622375,-19.758789493416646,-0.27633604
H83611,-182.1152336971236,15.806321772932067,-0.27633604
H83616,-225.8985294173917,-70.13210504060118,-0.31027243
H83620,-121.41664902126058,-47.26201660800694,1.0821916
H83622,-219.4237629195104,-12.437211821575028,-0.2999703
H83623,-259.137064995964,-50.07456635904467,-0.30811974
H83624,-76.78711817461588,-13.184992391618286,-1.0441465
H83625,-163.8018522288845,-54.262618311375604,-0.27633604
H83626,-221.0526972002716,-22.369767984824644,-0.3015839
H83627,-81.2804884447212,-22.65209360933695,-0.27633604
H83631,3.1431685361254678,6.408359559042887,-0.27633604
H83633,-423.23508075827294,-713.6744984062128,-0.31027243
H83634,-317.6958479964759,-58.885112135061604,1.064416
H83635,-243.34604174740483,-49.743238061609375,-0.31027243
H83639,-262.7149617484533,3.293019492884473,-0.28202125
H84002,22.06791251520193,-61.61027196881699,1.9507388
H84005,-37.33237870820117,33.88346390603605,1.9507388
H84006,-49.56500359510657,-11.91230034418744,1.9507388
H84007,-49.84907210785994,-45.83766455402947,1.9507388
H84010,6.120987760886551,-94.50886594718733,1.7449994
H84012,-70.26923473134272,-106.82287027642336,1.9507388
H84014,-246.23149451465892,-27.00757901808228,1.9507388
H84015,-1.065397110582498,-11.599234509652195,1.7449994
H84016,360.1869602693647,45.53548568790003,1.7449994
H84017,192.57554153041244,-54.99271045537274,1.9507388
H84018,-111.57561601288701,21.327992485082813,-0.35693493
H84020,133.08839818686326,-107.58519548578731,1.9507388
H84023,-133.66920795516887,-20.19560967962676,-0.4311708
H84025,-44.35188278099457,43.25143508959263,1.7449994
H84027,248.38959414832914,-14.492268938768158,1.7449994
H84030,280.57849045904334,-0.5207661548911816,1.7449994
H84031,-69.52543924740056,-3.6408712428308245,-0.35693493
H84032,-10.03944635953378,-60.21658438113981,1.9507388
H84033,-66.22882850622487,-64.91879907439788,1.9507388
H84034,-59.13145827916996,-34.35463610343027,1.7449994
H84039,0.24775901126867894,-29.865115443283415,1.9507388
H84040,209.0689268387889,-39.0713717014623,-0.35693493
H84041,-246.9553395622788,0.17831685247149967,1.9507388
H84042,62.51371071221187,-32.704515416368615,1.7449994
H84043,-29.237058796373347,10.165310404759682,1.9482322
H84044,-81.08758694908225,-54.30201881866158,-0.35693493
H84048,-71.3253264410382,-18.618661378830303,1.9507388
H84049,-288.4260420488792,-47.86422453442541,1.7449995
H84050,16.090530359740832,-7.89144472589557,1.7449994
H84051,-131.54116270208542,-10.426838010591165,1.7449994
H84053,-162.58630391239777,-11.745312917310446,1.7449994
H84054,-214.44698807428108,-42.004938848547894,1.7449994
H84055,106.22266280768352,-44.58085447498661,1.9507388
H84057,-214.0013249353656,-10.818050891633959,-0.35693493
H84058,-175.8548805999056,-41.95593502918506,1.7449996
H84059,-231.54374565431527,-48.93424510252048,1.9507388
H84060,-101.81490709677745,-16.50047829813733,1.9507388
H84061,-58.70984244591029,26.63879260185952,1.7449994
H84062,-46.11991018463014,-71.10038217425556,1.7449994
H84607,-164.01454866718305,-61.42006480784361,1.7449995
H84608,-274.76711996363804,-48.93780018272092,1.9436988
H84609,-318.1812564652071,-14.728488787564368,1.7449994
H84615,-279.808553695701,-38.051347357990224,1.9252865
H84618,-179.4832150217863,-22.64339633426094,1.7449994
H84619,-36.2748891974891,-23.153201616965983,1.7449994
H84623,7.019215234876054,-74.2547646938302,-0.35693493
H84625,-124.62425800012181,3.1731745686866293,-0.35693493
H84629,-160.09500138445856,-4.485313463778687,1.7449994
H84630,-135.9611832546087,23.707641434010434,-0.35693493
H84632,-181.05662319826604,-22.918683686240836,-0.43308178
H84633,-245.7050392111058,-18.067645096673395,1.9252865
H84635,187.10537291213012,77.74393743684504,1.7449994
H84637,-267.30335393789323,-49.755755734916065,1.7449995
H84639,-239.8521144207753,9.895955433152196,1.9507388
H85001,149.1470885336389,21.458953901889583,0.35148695
H85002,-20.303311536136963,-49.78171505205033,-0.17028485
H85003,34.39270495786151,-53.997343406834595,-1.0441465
H85005,79.9289445775443,-178.0745815481865,1.0132463
H85006,-45.48473167683209,-15.706548873743905,0.35148695
H85007,169.95037622906125,-81.20083957472986,0.35148695
H85008,46.98108935880092,-108.40282247580903,0.35148695
H85009,131.47729700642554,-101.7369864040877,-1.0441465
H85011,21.139767662494666,28.58305131307477,1.0132463
H85012,335.3509997811585,-46.94197340826617,0.35148695
H85016,-48.89576819928651,-130.7275015602626,0.98779404
H85018,101.39716114782715,-41.720184870398896,1.1023294
H85019,14.615773574710186,-62.870006567749776,2.0997577
H85020,627.0027011294425,211.69994925125803,1.0132463
H85021,-29.37932357715899,-60.342631106949504,1.1023294
H85022,-107.36948239545563,-44.77323141886595,1.1023294
H85023,-82.46642140841006,-34.29361936262469,1.0137553
H85024,72.03684096278609,-104.23323291571182,1.0132463
H85025,297.29489409260316,-22.026006902429977,1.1023294
H85026,116.33484424832704,-45.883626445412716,1.0132463
H85027,-14.568879739527548,-4.93566240093264,0.35148695
H85028,73.28104114954286,-87.65243302078069,1.0132463
H85029,59.905257825363854,-85.36401919925893,1.0132463
H85030,278.65286344429813,-35.573105744128014,1.1023294
H85031,204.24856088274933,-48.093222749340505,1.1023294
H85032,-187.31134144038933,-17.105958850093693,1.1023294
H85033,34.06865489920976,-39.61090375704728,1.0132463
H85034,-148.25881408653797,-89.33290882502642,0.987794
H85035,-63.786656998914324,-126.70642686138922,1.0132463
H85037,123.50707125848841,-81.96519369016046,1.0132463
H85038,112.97111748637046,-7.992421579883749,1.0132463
H85039,-113.43827047969634,-3.059012616013474,0.98779404
H85041,154.72411879293227,-5.263026053907579,0.35148695
H85045,149.2333919795881,-26.83195951119013,-0.17028485
H85047,0.5955066096996248,-98.84091538466494,0.35148695
H85048,359.31065715813185,26.126320293435644,0.35148695
H85049,-96.80243200738795,-30.14806299115308,0.35148695
H85051,101.40329834033486,101.28174525553071,1.0132463
H85052,-111.1518376577326,-67.48122744580739,-1.0441465
H85053,-133.33177132307574,-36.693283088069606,1.1023294
H85054,-75.43335108596646,-61.046697623793904,2.0997577
H85055,24.259237803728215,-27.74046409877397,1.0132463
H85056,-237.72879335087703,-30.495216337838485,-1.1035353
H85057,-97.41286290928805,-25.404932468631557,0.35148695
H85061,199.0703101741389,-32.993625342855026,0.35148695
H85063,18.370233181667604,62.98750003117824,2.0970895
H85065,-152.88364536278505,-49.69737269276258,0.35148695
H85066,187.08241464717236,-6.1110761467432,1.0132463
H85067,-203.45065740673914,-34.89192162989754,1.9507388
H85069,12.353408323907535,-42.429571702950845,-1.0441465
H85070,38.16871771362995,-105.03698375935757,1.0132463
H85072,67.32333402220722,-8.374848343112163,0.9967023
H85075,-180.90122592086473,20.181216968349897,0.35148695
H85076,76.11119233000635,-99.38618480017831,1.0132463
H85077,-113.30588977602646,-67.69036409903791,0.35148695
H85078,-226.80084838195464,-1.1212872033631804,1.0132463
H85082,-151.4104273807264,-37.395904232567304,0.35148695
H85086,-207.83089083326493,4.565145786751189,1.0599089
H85087,44.429424609276566,-104.56960873689478,0.35148695
H85088,-214.4108373063711,-5.889364642028097,0.35148695
H85090,-69.35108966565743,4.916728676873251,1.0132463
H85092,-60.60012164558537,-82.1987181158495,1.0132463
H85095,248.1689765229252,-29.539599196518136,1.1023294
H85100,-80.01096440990605,23.08713598258115,0.35148695
H85101,-38.80940201326413,-50.61965044885807,1.0132463
H85103,-118.81923088220898,10.097047294167153,1.1023294
H85105,304.0639082454234,-65.51259681825307,1.1023294
H85108,-203.03282745672638,-6.960693470256361,1.0599089
H85110,-86.3588785116213,-66.5728209821092,1.0132463
H85111,1.4627124385370636,-22.20124214702199,-0.60509473
H85112,-190.79388829089385,-97.9784544079775,0.35148695
H85113,-140.20419733263415,-11.53070648011337,1.1023294
H85114,105.21467528831937,-73.133888412082,-1.0441465
H85115,241.3800260536275,-3.670476998334741,1.1023294
H85116,82.9055502455758,-58.961714587378324,1.1023294
H85618,-113.11086734974587,130.06226826561124,1.0132463
H85634,-143.93010683256583,-25.013609977338326,1.0132463
H85637,-210.61475664388934,-32.72302524954524,-1.0441465
H85643,-193.63182738706016,-90.55530367932992,0.26664603
H85649,50.34219369394553,-36.924825614406764,1.0132463
H85650,-284.5816795572784,-4.3199365825144325,0.26664603
H85653,436.528164832975,65.12645955260575,1.1023294
H85656,-144.80030268180332,-22.364316843149638,1.0132463
H85659,-166.16509676248714,36.65702394679443,0.35148695
H85662,-96.01618072792529,-18.977103792103797,1.1023294
H85664,-282.3819985290061,-23.808726431751026,1.0132463
H85665,-213.71223363437403,-17.509367990777008,1.1023294
H85674,-176.47330567210167,-10.116080054955594,1.0599089
H85680,-20.085005340149113,33.49479541558336,1.0132463
H85682,-1.251945496206401,-8.480086505334512,0.35148695
H85683,-89.8430098978654,-65.6416139704601,1.0132463
H85686,63.66554926310169,-33.149365426903444,1.1023294
H85691,-260.17463645478995,-1.7474745776424119,0.35148695
H85693,239.318553708483,-88.46890774777613,1.1023294
H85695,-190.54565538532967,-40.277563841657525,-1.0441465
H85696,-306.9047304019152,12.330502815470396,0.992711
H85697,-302.4119220110469,-3.6313213581260717,0.35148695
J81002,242.94565622152243,-53.926864743246746,0.5551052
J81003,-39.00257102998266,-101.3102450531558,0.5551052
J81004,175.01442772994093,14.327276970062329,0.5551052
J81005,615.6280978072898,25.774745957313026,0.65691435
J81006,1247.2282364837486,-168.5267747105818,0.5551052
J81009,170.5987915277105,-49.162451395441124,0.99839926
J81010,296.02687189818096,-78.766013283423,0.5551052
J81011,53.8959262408933,-15.942833342054833,0.5551052
J81012,423.3212947127044,131.3987196344769,0.5551052
J81013,240.51460539666525,-89.72412267660569,0.5551052
J81014,477.7285819842939,-9.902603737810091,0.5551052
J81016,-23.814084085357187,-41.173803684167424,0.99839926
J81017,-136.42458407247676,-10.83852703387575,0.99839926
J81018,225.91165260512656,-70.34660994968245,0.5551052
J81019,468.04692183891524,-152.73328507302043,0.99839926
J81020,-143.22064313147203,-8.02147479640634,0.99839926
J81021,501.8393738432313,257.62107758803955,0.5551052
J81022,-22.19979658039485,-7.431541872069267,0.5551052
J81024,-0.7321665092695241,-66.11457525189576,0.5551052
J81025,-29.08508750063231,-49.72264632521345,0.99839926
J81026,43.645910320127705,-286.4440209498388,1.0238515
J81027,649.5778899409212,-45.15589823656135,0.99839926
J81028,418.4766162962565,16.088579641163925,0.5551052
J81029,-86.75619499212544,-20.910590054456957,0.99839926
J81030,44.47346221101684,-23.15636840164264,0.5551052
J81031,14.142726990963013,-43.014943098302425,0.99839926
J81032,-13.240193235435338,-42.24387001206424,1.0026631
J81033,419.7370345113915,71.72175599419377,0.5551052
J81034,302.6691541114131,-44.19029221168682,0.5551052
J81035,-101.61181652215537,-33.93653915196461,0.99839926
J81036,31.84814191535413,-20.83527450348094,0.5551052
J81038,27.237511996551504,16.386690310686433,0.5551052
J81039,-16.003690725746466,-87.9742435820266,0.5551052
J81040,-147.04893758982902,-84.81334917973301,1.0083984
J81041,587.0071280169949,-106.77997679712838,0.5551052
J81042,76.43953729885088,-19.3156115238815,0.5551052
J81043,45.77439519432453,-35.856530565475246,0.5551052
J81044,317.8427257546628,32.17827992221309,0.5551052
J81045,286.8962039094973,28.89623620337763,0.5551052
J81046,279.95524285521407,-75.45929282663974,0.5551052
J81047,339.0079809070624,-95.47920582071379,0.5551052
J81048,-15.842276104874916,-35.52730779765494,0.5551052
J81049,140.42334431272778,-121.40375194046833,0.5551052
J81050,130.14748863394945,-92.50134235605603,0.5551052
J81051,158.8389993610611,58.58017898174298,0.99839926
J81052,-24.271126145440615,-32.20492496652809,0.5551052
J81053,-114.75108267609679,-20.302072152489767,0.99839926
J81054,196.2656224820942,-33.56434455472591,0.5551052
J81055,128.26955325852882,-109.98304594841161,1.0035692
J81056,453.1984318121441,300.69122771060694,0.5551052
J81057,-6.872243865714241,-12.47741286073903,0.5551052
J81058,243.16049724442803,-46.1950637297609,0.5551052
J81059,191.57786300900287,-27.728936121409255,0.5551052
J81061,124.3522148408987,-61.85878272171367,0.5551052
J81062,162.5764698980122,-86.63135524746404,0.5551052
J81063,-138.2323047797639,-83.72622363679749,0.5551052
J81064,-138.40096397773888,-22.58168814098438,0.5551052
J81065,30.38502440786094,-63.45209077153945,0.5551052
J81066,87.53956923610194,-11.03311590006268,0.5551052
J81067,-93.57915378667408,4.1865374978115275,0.5551052
J81068,102.01242637448784,-29.51516482203245,0.99839926
J81069,-33.16887471065455,-52.00467834412209,0.5551052
J81070,152.89615371970174,-34.932235778066655,0.5551052
J81071,-84.70032882319484,-73.96424828444606,0.5551052
J81072,63.42409933262838,-31.097478806699392,0.5551052
J81073,479.9060201234962,-74.04204859586646,0.99839926
J81074,-53.42826431877735,-35.85782049643714,0.65691435
J81075,-42.92145615108423,9.379736014745587,0.99839926
J81076,-17.008362738882898,-18.83760580831074,0.65691435
J81077,-59.17592266680153,-100.96430953799329,0.5551052
J81078,-36.732617797582854,29.186805710812433,0.99839926
J81081,339.07929500472574,-40.676799225624094,0.99839926
J81082,-19.16459086827296,-14.13639253215485,0.99839926
J81083,-143.5332085748293,-30.803311805097266,0.5551052
J81086,-45.064074996712364,26.592081550964064,0.5551052
J81087,86.15860346551894,-63.77009680971399,0.5551052
J81090,-191.11618858750708,-56.564730387029414,1.0238515
J81609,-174.41478467448133,-47.97746361669681,0.99839926
J81612,-164.63412495916205,8.928250225186895,0.5551052
J81613,-78.35111615910621,-2.608653753238059,0.99839926
J81616,-120.40891248498288,1.594404796347995,0.99839926
J81620,619.0924306386796,430.8954437345594,0.99839926
J81621,-42.97662057916311,-23.0684319331815,0.5551052
J81623,-258.0201274038984,5.810073698760296,1.0238515
J81624,-245.6080877819479,-15.722753588040224,0.5551052
J81625,101.83327203649863,9.42874969198622,0.5551052
J81626,-96.10690796689707,-5.422535348333222,0.99839926
J81628,-179.16804319427925,17.418241805184103,0.65691435
J81631,-193.44179561132285,19.262659622485074,0.5551052
J81632,-50.30581720201592,-9.400789264259814,0.5551052
J81633,-94.22916156311808,-40.93885163474769,0.5551052
J81634,202.2796265418687,160.14352238197432,0.5551052
J81637,-43.13779258856782,21.23956102897678,0.99839926
J81640,-235.18010030555888,-44.02752966008284,0.5551052
J81644,-124.1663123185776,-3.2493974699077253,0.5551052
J81645,-259.18062567946066,-45.40429222865096,0.5551052
J81646,-43.601426176040796,13.864429653054424,0.5551052
J81647,-176.33641890120964,16.13856640008901,1.3844256
J81648,-114.90947346814481,-12.808546647564746,0.5551052
J81653,-306.63408280006774,-0.8353563570071324,1.0159365
J81656,-290.9061056086563,7.972875867588975,0.5551052
J81657,-299.3113011589027,4.681422712869266,0.5551052
J82001,48.37164149102646,-81.26389128127214,-0.7069038
J82002,272.31616734502575,-60.73397958905973,-0.7069038
J82004,-97.04426170582644,-119.53519192088535,-0.7069038
J82005,-111.37214399927647,-8.035520296137223,0.21362042
J82006,66.98983816084862,35.266018883241294,0.1309005
J82007,294.6217878140823,-164.72383790618161,1.4756294
J82008,83.62140198654978,11.147744108794171,1.9528598
J82009,276.11687349882726,-55.96168268887018,0.21362042
J82010,477.7240176977293,-15.77065151495559,0.21362042
J82012,94.55514486433732,-9.68258782291929,0.1309005
J82014,-233.74473101533954,-40.67445535100962,0.23058861
J82015,90.12504411060316,-40.606985008596354,0.93476844
J82016,51.62135235965554,-39.998385884981474,1.7746938
J82017,204.7459308103055,-46.16731744424971,1.7746938
J82018,371.9366032443955,111.68529239239822,1.9528598
J82019,103.33593036747725,92.7608498774052,1.9528598
J82020,-47.06753625999492,9.618213706553272,1.9528598
J82021,204.05558164884818,-114.06576189600342,0.21362042
J82022,244.51397448281153,-155.85354388216297,-0.7069038
J82023,75.77622890718057,-147.24645002214137,2.0970895
J82024,58.62073015240943,229.84834894167622,-0.7069038
J82025,224.33195319126293,20.348062780834198,1.7746938
J82026,391.037801570291,-83.37384227122621,0.1309005
J82027,-73.2338651308442,-4.563673619521491,2.0695162
J82028,342.5973632772749,196.95611621014567,-0.7069038
J82029,207.81243048637472,-53.82210347586132,1.4756294
J82030,-37.0022891393981,-64.29289773469485,0.9465856
J82031,-176.78742789942388,-56.82335768077712,-0.7069038
J82032,-58.77600555979902,-17.77301287472091,0.23058863
J82033,36.83554746362254,-53.090251532725375,2.0970895
J82034,299.9852336493047,-25.208897764752116,2.0970895
J82035,357.3313557839091,-119.98280567934314,2.052548
J82036,-234.29693895466812,-27.72147919420599,2.0270958
J82037,-36.24025958011764,-142.93627675327653,0.23058861
J82038,-90.65146546114435,-94.59496469513068,-0.7069038
J82039,298.27888924361184,-158.20055157834767,0.5551052
J82040,369.02590296790345,22.64301882738863,-0.7069038
J82041,90.62091582157956,-34.655014893240526,0.21362042
J82042,158.32814495357349,-40.59155844027409,2.0270958
J82044,-76.63116192083048,-68.064634436295,2.0970895
J82046,150.85989856912585,-23.75498331441498,1.6828315
J82049,580.013260561655,349.4858834817659,0.93476844
J82050,201.78122524979767,-2.20487878804007,2.052548
J82051,263.95034430180675,8.555481893596271,1.9528598
J82052,213.55780300260193,40.13990045839886,2.2858605
J82053,103.5103842350017,-23.418140668257237,1.7746938
J82054,14.901273991790102,-27.44400799201523,1.9061972
J82055,124.26341096971225,114.68882164665733,-0.7069038
J82056,793.5123365918839,-164.1880884737217,-0.7069038
J82058,184.47670586553443,-95.081710094291,1.6495533
J82059,38.93116276415163,-47.126698270867486,2.0270958
J82060,165.83583530938708,65.88967106674869,-0.7069038
J82061,107.14130281389926,-46.83948971800399,2.2858605
J82062,414.0216960537092,-20.41076832199777,-0.7069038
J82063,121.58516796082156,-142.99402792070245,1.9528598
J82064,256.91229641770127,-70.11222629953794,2.052548
J82065,178.55207601839774,9.574139533992863,1.6881559
J82066,542.9225309313384,14.148036200729695,0.93476844
J82067,143.8115714064291,-16.09518661816462,0.93476844
J82069,688.3834724644088,74.38125098185269,1.6495533
J82071,-21.40060215088553,10.0107816120049,1.9528598
J82072,165.58715053324062,-48.45500235489414,-0.7069038
J82073,77.74517373336396,-19.247530565395163,-0.7069038
J82074,293.80059683618083,-68.93967639282992,-0.7069038
J82075,-50.313435566797665,10.556270994399334,1.4756294
J82076,319.5922113406111,129.964066585648,-0.7069038
J82077,179.41337702061733,85.71473581944839,1.6495533
J82079,-13.379807649461952,-30.923278453374053,0.23907271
J82080,-31.22762661014,-10.07321068618258,-0.7069038
J82081,290.3142441343377,-47.51512641129779,-0.7069038
J82082,182.8635942132633,78.78138262443366,1.7746938
J82083,541.6388418102647,322.1802647972683,0.1309005
J82084,-83.67678198074464,-36.86359188122815,0.1309005
J82085,473.89831247745803,-164.930974488828,-0.7069038
J82086,-61.34726461270255,-26.69356500421382,-0.7069038
J82087,10.128807986768516,4.673098434368225,-0.7069038
J82088,101.48297718799266,-66.11044454140752,-0.7069038
J82089,210.08328112627962,22.19315747981351,1.9528598
J82090,343.88126839176806,-144.9791133316935,-0.7069038
J82091,92.4689538897211,-6.8256680720442375,-0.7069038
J82092,28.45964381101473,-28.68584156848825,-0.7069038
J82093,12.711548933770919,-45.61995230996337,0.23058861
J82094,634.749542796761,-163.89504541611112,1.6495533
J82096,-513.49789496313,-351.7367661660616,1.7089419
J82097,209.43115898954187,-100.84735615188463,-0.7069038
J82098,329.9815534292394,114.13671244444173,2.0270958
J82099,266.00996434803676,-33.09064059149091,2.2858605
J82100,-68.1775843761599,-234.15028015145802,0.12241641
J82101,151.6384023652746,-167.1387105806521,1.9528598
J82102,532.4875244055528,163.85522367095896,-0.7069038
J82103,144.2288338467046,-50.2550833046918,1.7746938
J82104,372.5982019371384,-58.05951953262857,2.0970895
J82106,-42.92745474987562,-6.926062300863956,2.052548
J82110,241.2973848810974,-83.27244899753988,2.2858605
J82112,306.5871501191857,-21.462151139372867,1.4756294
J82113,6.555707192779269,-209.01965937446047,0.122416414
J82114,73.94895080190021,-31.655879135090352,-0.7069038
J82115,-94.63900364048972,-17.92607430797302,-0.7069038
J82116,10.681866471855045,-77.46529685899347,2.052548
J82117,353.5388353311272,-85.08018652019538,-0.7069038
J82119,142.98604046986702,-6.186593454405693,0.21362042
J82120,166.9180166586326,-55.92129243951695,0.93476844
J82121,90.79967515390497,22.156045211918002,-0.7069038
J82122,128.18471997621046,-110.13670533340903,-0.7069038
J82123,98.5848645627137,-133.92307076534087,1.6752886
J82124,57.962155549501134,-67.7782598038034,2.052548
J82125,125.98139937339347,-115.21192261828442,0.93476844
J82126,-92.98271951073583,23.785848143312684,-0.7069038
J82127,-31.62844706898026,-192.4349297563238,0.12241641
J82128,93.93803366331608,-28.19778022454148,-0.7069038
J82129,23.297960200806553,-27.942107093889895,1.4756294
J82130,507.54645107227765,-110.1059533728562,2.052548
J82131,144.58688124966443,-127.85509624942384,0.5551052
J82132,400.29432164029265,-143.58841701926278,-0.7069038
J82133,10.509328172617728,58.790878724710545,0.1309005
J82134,741.2938171835037,216.5155007520315,0.21362042
J82135,261.28795049124113,-34.553423433832826,2.2858605
J82136,53.965933626755714,-37.24002803123308,2.0270958
J82138,315.2825867500561,-11.788234395671594,2.2858605
J82139,515.2965171044939,-85.55151566882122,1.4756294
J82141,111.97458238521169,-166.24479182294363,1.9528598
J82142,90.069373406565,-29.24983390487426,0.93476844
J82143,242.26194540775668,-51.5670730569112,-0.7069038
J82144,720.2060552997547,-49.07744029627726,1.6495533
J82145,616.2660932481709,246.7742951254692,-0.7069038
J82146,-69.4175427049798,0.9496963145602886,1.4756294
J82147,40.273075653827306,-33.07781576507152,0.21362042
J82149,235.74094336753404,-13.140312547881301,-0.7069038
J82150,385.6165210932325,-110.80159552612896,0.5551052
J82151,-73.6013548078572,-2.450586574414591,0.5551052
J82152,155.47216495084527,-34.68631543798198,0.1309005
J82154,329.92479279117737,-116.46870893888097,2.0970895
J82155,1808.1309230502043,131.45349224377787,-0.7069038
J82156,16.576287444513863,-1.4115088679097914,-0.7069038
J82157,304.0788049593885,-88.19393273287227,2.0270958
J82159,-183.87015772643232,-22.462042718019706,-0.7069038
J82161,154.9808547751158,-21.977892365735507,0.1309005
J82163,248.56536997415273,174.24473167145246,0.21362042
J82164,135.4066299827138,-32.688925297850936,2.0270958
J82165,-21.85886057161768,-86.38757552920723,-0.70690376
J82166,295.6334919028875,-73.02443133367305,1.4756294
J82167,-234.23118825912107,-100.03484047627622,2.0695162
J82168,-97.51666985333333,-66.2584000567032,-0.7069038
J82169,-43.064558947292284,24.082595779330337,1.9528598
J82171,31.859092290466766,16.856400599150234,-0.7069038
J82174,218.35841639969757,-51.45443715477492,2.0970895
J82175,-44.560574542648204,-2.282495929956108,-0.7069038
J82177,-159.52916284105794,-21.379275474998938,-0.7069038
J82178,115.2098689633358,-30.76619171957141,0.93476844
J82180,-106.54540781784966,-54.63442863156205,1.9528598
J82181,74.13321095796054,-28.236898429328352,0.93476844
J82182,-65.79426806616459,-71.15439525933115,-0.70690376
J82183,-95.70651640902328,42.641405128010966,-0.7069038
J82184,-203.53792548466828,-31.58638141366133,2.0270958
J82186,-31.216593679107383,-136.22124613317416,-0.7069038
J82187,146.35554290779083,-22.587664267431464,-0.7069038
J82188,-162.56253718421252,0.8638071504375551,1.9528598
J82190,-50.57330390582022,-62.1445307926825,1.9604425
J82191,-194.0505021357698,-23.425347981847693,-0.7069038
J82192,117.01898581101226,-24.80020220054419,1.9528598
J82194,160.71170794648023,222.32963549333888,-0.7069038
J82195,-76.587931989491,-24.427148128075068,0.93761104
J82196,449.14088435764694,-23.781766694120723,0.21362042
J82197,-174.82756895365918,1.9108237799360008,2.2858605
J82198,-129.52099430140893,0.1668842567357951,0.93476844
J82199,-51.88047444984266,-4.73697603352898,-0.7069038
J82201,-46.69657147646665,-6.96523307862083,2.0270958
J82203,-92.59563649498584,-72.93300694071385,-0.7069038
J82206,-59.01634172072054,-15.344402047167145,2.2858605
J82207,16.215949075754963,-37.84399566126792,-0.7069038
J82208,-67.17444052912481,-14.32266925832296,-0.7069038
J82210,259.5540664842688,-80.72753057097121,0.21362042
J82212,-117.06058944941834,-58.96688316882718,-0.7069038
J82213,-44.68336710474342,4.071465255575568,-0.7069038
J82214,-11.629010093365585,24.845161751130284,1.6495533
J82215,143.07422168245887,52.90467075038424,0.1309005
J82216,110.53837345097257,2.3799149808296174,2.0970895
J82217,-273.8038775682627,3.8158551004872376,-0.7069038
J82218,151.45653332233843,38.934317149129086,1.6495533
J82219,-377.7172698799727,-64.45812093539269,2.0695162
J82220,23.06763163366172,96.20056161630771,1.6495533
J82605,-164.55892034856387,-12.000544089619885,-0.7069038
J82607,-229.89345273785727,-24.16091734200487,-0.7069038
J82609,-119.92251656076571,-51.847307594428386,0.23058861
J82612,-159.3390131757131,10.802557364789548,-0.7069038
J82619,-106.89630519531445,2.146548290816216,-0.7069038
J82620,-163.1361505467588,29.81980461714114,1.9613439
J82622,441.568311723342,233.4250106269141,-0.7069038
J82625,-165.08848784308032,-18.886974755765383,2.0270958
J82628,-169.16796643755538,-12.360987465070659,2.2858605
J82629,-244.87637574551536,-7.21748448196218,1.8171144
J82630,-99.16547519830726,-33.266669417283545,0.93476844
J82631,-131.82095834116322,-15.829485214953685,-0.7069038
J82633,-64.62954477195407,94.00408472153688,2.0270958
J82634,-240.95463702358066,-62.268084352145486,1.9613439
J82639,14.841595383412926,137.11396326272512,1.6495533
J82640,-51.1735108471638,21.450245989386286,0.21362042
J82646,41.19089764059053,116.7890332995002,0.21362042
J82647,-230.0132082762267,-28.6138742871723,1.708942
J82648,-67.95274235355708,-19.23136094546145,0.12886879
J82650,-175.49364005487053,-73.61852431246726,0.23058861
J82651,-216.89766777164223,-41.47503762467003,-0.7069038
J82658,-314.7822291516449,-7.240626026510372,2.0695162
J82663,-140.08846928192386,11.539202673267834,-0.7069038
J82669,-12.86565947898834,-35.20076286332771,0.1309005
J82674,-326.6929753439104,8.47796643588078,1.9522209
J82685,-269.0264555044381,14.898009057514606,-0.7069038
J82688,-92.53290420709449,-18.4913169206106,1.6937371
J83001,260.6373406502957,-107.322503286843,0.75660247
J83002,249.63528531863577,59.18329825619848,0.75660247
J83003,219.06384994651415,-20.475020405733105,1.24868
J83004,3.331379217004835,-0.4901235034409366,1.4756294
J83005,228.11558742904077,-38.11362349034113,1.24868
J83006,322.54275696798527,-35.60973318907187,0.75660247
J83007,283.63355466501446,-96.22013038050858,1.24868
J83008,593.8996857492812,-43.26320274893637,1.24868
J83009,298.516243650193,5.231994905875745,0.75660247
J83010,285.8067930741928,-86.89268180312719,1.24868
J83011,358.7659507928676,-50.06024966857875,1.24868
J83013,11.420564446838162,-31.72096839643988,1.6707636
J83014,348.6681540639982,-4.781767559316166,1.7746938
J83016,569.1995998427176,251.75122315587902,1.6707636
J83017,-51.75978817634798,-84.69584509822664,1.2401959
J83018,547.306517653277,-75.38411266151881,1.24868
J83019,267.5315014001929,16.949022341941745,1.24868
J83020,-55.061319341035606,-64.37595699305835,1.4916731
J83021,501.44661657377793,234.10094747805974,1.24868
J83022,-15.595520225088132,-16.62136248565696,0.75660247
J83023,23.426591491579803,-7.737716315473552,1.24868
J83024,72.94295970035786,-19.51263532726706,0.75660247
J83025,-102.056123335298,-39.66659910163026,0.75660247
J83026,379.1231510980936,246.39912554791326,1.24868
J83027,279.32928756618065,-63.35667023606156,0.75660247
J83028,128.69582102701025,-55.880849967077495,1.6368272
J83029,75.97922560124978,-81.33641406616452,0.75660247
J83030,717.6945220378919,15.706427259857922,1.6707636
J83031,154.33305360950823,-69.9863938022063,0.75660247
J83032,-21.9530620971514,-23.78233502953981,1.2406642
J83033,-33.829199929289835,-55.72974769521124,0.75660247
J83034,66.08255779309377,-91.53398864156402,1.24868
J83035,463.01752114019587,-291.04569450170567,0.75660247
J83036,130.99071629739217,-127.64643998899552,0.75660247
J83037,341.9286798158538,29.65975650693815,0.75660247
J83038,72.2565286477476,-24.57124833691525,0.75660247
J83039,313.6557230743449,61.272572136032906,1.24868
J83040,790.2744380871271,-68.35688193144017,1.24868
J83041,360.04055349723654,-22.342465194816047,1.6347063
J83042,343.1339039752601,-36.409835864618934,1.24868
J83043,19.618328669254396,-30.456171051910037,1.4756294
J83044,-65.92279556783953,-58.59168021663163,1.6368272
J83045,137.45579473239587,-57.4965080863446,0.75660247
J83046,242.52058646573596,-60.8844359571975,1.24868
J83047,24.915290561092082,-69.67826248876892,0.75660247
J83048,-60.01916185539172,-26.590399610752964,1.24868
J83049,208.4472414915415,-14.491374185759357,1.24868
J83050,48.83464196875246,41.00374292064831,1.24868
J83052,-84.82209141132444,-55.750417153535814,1.24868
J83053,-36.138465494081835,-14.890725534934884,1.24868
J83054,-147.79099203370342,-29.487652180444993,0.79949427
J83055,206.16081153095874,-13.078409591387844,0.75660247
J83056,-102.93181151780651,-24.26880458923661,1.24868
J83057,367.08544137337753,-30.850600912288197,0.75660247
J83058,-113.57875886586814,15.369130598790601,1.24868
J83059,3.1157160499132557,-7.592413564683286,0.75660247
J83060,-68.54349587052492,-14.017353298066249,0.4808694
J83062,-186.7914642731976,-4.320756302068112,1.2401959
J83063,-41.4331492039205,-159.88085925463693,0.75660247
J83064,100.25710575003099,-81.66963537849155,0.75660247
J83601,-134.73351466750466,-15.284319841888161,0.75660247
J83603,-154.4702425171724,-28.460041181498877,1.7980251
J83609,-142.53567544061977,-44.65175826110893,0.75660247
J83615,-137.81317691547048,-4.829034434492058,0.75660247
J83618,-167.50270461906624,-21.92406002238581,1.7980251
J83619,-242.38044032677766,-24.891334619616458,1.24868
J83623,-409.3857517459402,-156.34144931988973,0.8075071
J83625,-25.38129277192131,-43.41226909959273,1.24868
J83627,-197.07088813877473,-23.938372215777992,1.2401959
J83629,-215.81524484659624,-4.677218085324911,0.4808694
J83630,-197.84371777481,1.042418909085926,1.24868
J83632,-139.64509256412555,19.82773777223895,1.2478445
J83633,-45.63843979400243,7.695443001361703,0.75660247
J83634,-291.7210966317901,-59.48070697263706,0.80750704
J83636,-108.5722768401952,-2.8179669862944565,1.2460115
J83642,-133.04646763479371,-40.77104480968103,1.2415314
J83643,-235.36715762922537,-46.79377378973354,1.8104371
J83644,-214.91462042163042,-25.179816369437027,0.787382
J83645,-190.00844778444193,-50.485222466078056,0.75660247
J83646,-91.99001261390138,-84.06762094596492,0.75660247
J83649,-167.82893004583025,3.828668307136701,0.80750704
J84003,-43.68761340287073,-18.76304894429717,-0.4184446
J84004,117.67880708850677,-12.787485274819645,-0.4184446
J84005,147.4917391117037,-57.61046731937359,0.1309005
J84007,20.32796837355515,0.11627933309321689,-0.7069038
J84008,-4.3096341512454135,40.435378707097094,0.1309005
J84010,365.8376110321295,-26.26751329421003,-0.4184446
J84011,353.1326897086128,-40.95633411515075,-0.4184446
J84012,261.333502284066,55.20671907697554,0.1309005
J84013,229.67913284540043,-43.11885066541111,0.1309005
J84014,295.91634988226593,-107.90655470124324,-0.4184446
J84015,484.3784383702128,-87.5182241855134,-0.4184446
J84016,38.90145796590237,-25.74441102569845,-0.4184446
J84017,168.89804470739887,-12.767768684904961,0.1309005
J84018,-72.80067531925458,1.5737754707969918,-0.4184446
J84019,283.36445585850953,-65.17718393542133,1.4756294
J84020,-44.65452993427722,-15.911376031360989,0.1309005
J84602,-161.8590987543765,-52.484770660599025,0.12241641
K81001,220.66623632504687,-103.89305656249672,1.8616557
K81002,72.30293901954893,-54.37717131745189,1.9061972
K81003,310.69611038230704,-79.55806818643269,2.249803
K81004,346.71587589371757,30.302434785413904,0.23907271
K81005,-83.31916479822986,-36.93569626479849,-0.4629861
K81006,618.8509876118383,-175.71699648915785,1.8616557
K81007,-168.58005863519273,-47.97559755107397,0.23907271
K81010,-36.61518329613344,26.311751752898132,2.2052617
K81012,211.86172371132972,-2.9782472615585247,0.23907271
K81014,342.89275798218824,-20.425183163862194,0.23907271
K81015,-185.6424842550561,-15.590095083748318,2.050427
K81017,280.292023890159,-131.8281126652245,1.9061972
K81018,44.694942763921986,-88.70694205396057,2.050427
K81019,-175.03268712333926,34.630407643765345,2.050427
K81020,495.6899889168335,35.386489158024574,2.050427
K81021,92.3038521814329,-106.5792882722033,-0.4629861
K81022,608.241271990992,-131.72312282618864,2.249803
K81023,-23.547611803771026,-65.07435204638773,1.8599324
K81024,632.4717074885009,-18.652234097592963,-0.4629861
K81025,381.1799961382209,31.584218300177895,2.249803
K81026,-98.18542671331714,-172.62104893216608,0.23907271
K81027,280.3445496227631,-41.89060932521022,0.23907271
K81028,-56.375229988211345,-106.93540108357644,2.2052617
K81030,421.0373757115988,-157.9122059344363,1.8616557
K81032,-69.6926083195805,-155.55912156404767,1.8565259
K81034,135.99299450186723,-71.71548293966481,-0.4629861
K81036,117.84103996687176,-79.74801532791447,2.050427
K81039,156.58254009471267,-75.14485829237098,1.9974014
K81040,183.02560739012876,5.811508961773881,0.23907271
K81041,130.66482023206302,-47.097104730179225,0.23907271
K81042,-38.103481384004034,-100.1676843838399,2.050427
K81043,226.23607936751907,22.687767322540864,-0.4629861
K81044,-245.08169249960565,14.610766933333087,0.23058861
K81045,204.8320986209807,-49.699444035989636,2.249803
K81046,18.31138071899866,18.079372635240194,-0.4629861
K81047,552.7772206238204,-164.72601912780462,2.249803
K81048,-57.68102731532789,-66.68362921897872,0.23907271
K81050,45.335148522469346,-10.97465250366805,1.9061972
K81051,193.73250142533664,19.483470994859196,2.249803
K81052,-105.49636229454337,-49.88729552788481,2.0864844
K81054,-377.3865797018492,-265.08489638450857,0.23058861
K81055,-33.94904628458606,-59.06895404820284,2.249803
K81056,-68.45899008478007,-31.360289073333053,0.23907271
K81057,-7.4176290712106505,9.85748236736194,2.0864844
K81059,50.34558176193818,-78.19356309521486,1.8616557
K81060,75.83398552876754,2.5792683019837335,1.8616557
K81061,-35.45309695012981,-145.59165904394797,1.889229
K81062,314.4840965831244,4.7952904429974685,0.23907271
K81063,381.33236561923485,191.46865733821008,1.9061972
K81065,-20.708754096828844,1.3235093081725318,0.23058861
K81066,379.6552135223232,-63.975189280296625,2.050427
K81067,158.52506348450729,-162.47519781342913,0.2387997
K81068,13.132883322858246,-78.28846037920385,-0.4629861
K81069,376.81166835675316,-202.43524447574092,2.249803
K81070,143.67840261299756,-76.79432966817132,2.249803
K81072,-239.06930168719705,-49.756215599281404,0.23058863
K81073,468.41518257606333,-222.4549713440671,1.9061972
K81074,149.1468433468513,-49.198281218369104,-0.4629861
K81075,691.6361870161633,-96.46160916211446,1.9974014
K81076,104.16994701488407,-58.91737859319735,1.8616557
K81077,221.82211804264918,9.751938552312591,0.23907271
K81078,337.7395130108738,-106.41948901671503,0.23907271
K81080,-105.75910898268677,-37.2985281697993,1.8616557
K81081,-260.96784561663503,-27.738939589006904,0.23907271
K81082,125.17708100070027,-163.00150121934416,2.050427
K81083,335.98929886295156,-2.0850732221717982,2.050427
K81084,-20.248579462188683,-6.059136499935977,2.050427
K81085,79.85439429110914,-62.29493103436839,-0.4629861
K81086,235.05664092630678,-65.03641319253177,-0.4629861
K81087,-114.3454452987003,-13.751540934452922,1.8616557
K81089,-161.49758139358855,6.4982822060535,-0.4629861
K81091,-301.03383547739264,-127.13183322151245,2.0334587
K81092,142.46214720432025,-33.10131134872062,2.249803
K81094,-205.52411784401238,-42.65631308648758,1.8616557
K81097,-86.33187917985903,-31.16871017025802,2.050427
K81100,-170.6419967106053,-7.775421206478562,0.23907271
K81101,-105.33551707114016,-80.74198490632934,0.2305886
K81102,66.2456338003973,-54.694211815921776,1.9061972
K81103,-19.20552773693611,4.720002595042534,1.9061972
K81605,287.0385909007117,141.0499259032282,0.23907271
K81607,-176.7283474633613,-0.864180014420967,2.050427
K81608,-63.63841052515783,0.2081776658972559,2.050427
K81610,110.57790177551053,34.961697919300285,1.8616557
K81613,-153.31295149930205,-18.419626893673804,0.23907271
K81616,-102.30982774349576,-1.1962392379651277,-0.4629861
K81622,-246.176942043317,-19.505624133522993,2.249803
K81630,116.51878694863893,-65.68335847612741,-0.4629861
K81632,-175.66169909842745,-18.215333867698153,2.249803
K81633,20.747982744983368,7.494814529018396,2.249803
K81636,6.348450271553201,7.587909583164665,0.23907271
K81638,-195.33177418972576,-2.759785792148112,2.249803
K81640,-241.95839979162994,-17.736008179832147,0.23852125
K81644,387.65133822622045,79.69067651972374,0.23907271
K81645,-73.70075427973008,37.37872173477525,-0.4629861
K81647,-216.93852202521268,-5.214681345238425,0.23823714
K81651,-9.704191925701942,52.39352124410336,0.23907271
K81655,-176.70989563378697,5.486246255333101,1.8616557
K81656,-112.17685590784306,-34.54263512464425,1.8616557
K81657,-166.13379091029802,5.385954748583298,1.8616557
K81658,-329.4707372595176,-2.826455573194398,2.249803
K81663,-301.97403007976067,3.7740499730971577,0.2365982
K81666,-330.9426256460919,-3.164891301061474,1.8531716
K81667,-236.26545454716637,-76.30352074221584,2.0334587
K82001,94.83464371517283,-13.414166834064131,2.249803
K82003,535.738991175056,-193.11033160010896,0.68236667
K82004,177.726424471279,-65.80154576802201,2.249803
K82005,-1.6361977167646882,-52.62190966993537,2.040167
K82006,44.09257897484615,-44.055990971063075,-0.4629861
K82007,875.8572689476038,440.0184042499337,1.789541
K82008,99.57831694721138,-82.70243887952583,1.9974014
K82009,219.12742069670367,-29.121049896295528,0.68236667
K82010,23.74807628604852,-36.331190858065966,1.8807449
K82011,44.76023208879269,-17.122827916962876,1.9974014
K82012,24.490448870920165,18.024240246457186,2.249803
K82013,393.9293177607478,-120.57747608199918,0.68236667
K82014,-83.30422811309097,-29.56812956155352,1.789541
K82015,70.52453406851828,-32.43495227777928,0.68236667
K82016,554.4417751366702,52.68812775519902,0.68236667
K82017,151.07832091432306,-110.1380009755295,1.8807449
K82018,335.96595210420185,39.4979312603671,1.789541
K82019,394.5298495680293,-187.66078975781966,1.789541
K82020,20.6649980645036,-193.4527746714239,1.8807449
K82021,440.3787453184543,-91.29819681018482,1.8807449
K82022,108.73293287154934,-10.218979517039013,1.8807449
K82023,765.0228751301149,3.8097172806535555,1.8807449
K82024,177.45497203133877,0.4889188639771607,2.249803
K82025,321.9838398721788,-17.696135983305414,0.68236667
K82026,368.86465409917383,-45.52171508237164,0.68236667
K82027,-7.723117485874702,-16.802228040212956,0.68236667
K82028,72.08229474253766,-11.4775500795666,1.789541
K82029,185.25761930014684,-30.922387173804083,2.249803
K82030,39.9845959515779,-106.0673517099423,1.8807449
K82031,-54.328313344207515,17.956379167138543,1.9974014
K82032,265.66881777542176,37.256049992200225,0.68236667
K82033,700.9418655282432,-113.37237350615639,2.050427
K82034,100.58800982124353,-64.81733203397066,1.889229
K82035,-191.2805600551243,-30.748661648375716,1.8807449
K82036,215.56761459860775,-33.61213501622389,1.8807449
K82037,300.10348793744646,-59.067796783230804,2.249803
K82038,626.9116379587873,124.47775836258126,1.789541
K82039,263.2239124592797,-47.53962426979169,0.68236667
K82040,325.78817003958216,-141.88867514269478,1.789541
K82042,-130.45325785763384,-41.45915595005322,1.789541
K82043,163.6512178842434,-87.55933415986165,1.789541
K82044,97.9036024158697,-46.47990857706228,1.8807449
K82045,-80.88889742907372,-43.361267148611546,1.9974014
K82046,408.6126395176861,-23.008444329985227,1.9974014
K82047,335.6535877816117,132.2634842199317,1.8807449
K82048,71.47335925210527,83.85728870974312,1.8807449
K82049,253.780196079234,-131.19418086426043,1.8807449
K82050,47.82841264160967,-94.33322922731276,0.68236667
K82051,236.18464943582296,-127.45720776501624,1.9974014
K82053,188.3862024812106,-110.87873074117729,1.8807449
K82054,337.0453724039176,-105.32947209569643,0.68236667
K82055,233.4793814469024,87.50517089842279,0.34724495
K82057,94.74338834698008,3.535692231160854,0.68236667
K82058,-65.1117824420423,7.6230727504402145,2.249803
K82059,19.853474227056825,-26.157393090649144,0.68236667
K82060,-164.07698650563162,-28.23692042334284,0.68236667
K82061,-139.81187406834957,-81.80122563359508,1.789541
K82062,-208.28126708639417,-18.229747017243646,0.6834696
K82064,-159.8013694182638,-22.66179721537437,0.68236667
K82065,437.41535713539605,-48.77837999290399,0.68236667
K82066,114.64985822704986,79.93058937976188,1.9974014
K82067,481.1132547432449,-90.41645459337849,0.68236667
K82068,-47.50627196427019,-44.14310001673576,1.789541
K82069,31.15881639067992,-193.29190741963785,1.7810569
K82070,-125.53133481368445,-22.25505983086835,1.789541
K82071,103.40551611341427,-19.885130809871217,1.7810569
K82073,963.8993663770523,-51.570405603952004,1.8807449
K82074,-75.27613681772957,-88.29967085968332,0.68236667
K82076,259.79575133215815,8.192537303629749,0.68236667
K82078,36.94896696425103,23.04417228420278,1.9974014
K82079,77.48804420292306,45.02314701885628,1.4947187
K82603,77.94917035624502,-10.014600495680927,1.8807449
K82608,-47.205815562353685,31.277282392492673,1.7810569
K82610,-20.140731234410275,23.68012796390109,0.68236667
K82615,149.0685178940833,-54.85978546178462,0.68236667
K82616,-333.05024334253557,-259.80399022406783,0.69933486
K82617,3.948990607386688,30.936510061474287,0.68236667
K82618,-216.86884044996918,-59.51586515080828,2.249803
K82621,-157.99817650830025,3.675461472459569,2.249803
K82631,195.35883977761745,-53.33206814675012,0.68236667
K82633,86.87286280365132,-145.6745783080261,0.68236667
K82634,-320.2023767438367,-5.1584755110458484,1.9974015
K82638,552.7666423393362,-185.4727872907366,1.7847869
K83002,1883.2770854736582,203.8638835687621,-0.49904352
K83003,165.92129502912567,-21.01408945311508,-0.1299854
K83004,-87.44887323732686,-22.613439356358974,2.1776884
K83005,407.794473563319,11.94207104722935,0.11393231
K83006,203.11255449616098,-51.60070937082776,0.51056373
K83007,257.9112261057336,-36.571044215838754,0.11393231
K83008,175.72581812895083,-6.5450448777224866,-0.1299854
K83009,133.94755869532872,-0.2337453701538019,-0.1299854
K83010,553.5560442741188,-20.881698969708925,-0.1299854
K83011,307.4323993982868,-9.218137432226229,0.11393231
K83012,290.74999355485835,37.65705554060564,-0.1299854
K83013,340.54948531058756,13.079588575618889,0.51056373
K83014,410.57680279066,46.216454229410985,-0.1299854
K83015,328.4853465050333,-39.49499971119048,2.1861725
K83017,62.24421084932589,23.80859305619868,1.1299026
K83018,158.7062943508347,15.707212947961095,2.1861725
K83019,-27.747353870242517,8.42931961342195,1.3377631
K83020,-165.28387338235763,-8.094775292709055,-0.1299854
K83021,763.4834434951808,-58.64395510682497,0.51056373
K83022,13.625536424730184,-64.20436841294925,2.1861725
K83023,191.50410611066124,-33.994824238138726,1.1299026
K83024,311.63248534556567,-4.684135611007811,0.11393231
K83025,369.5701114198961,-11.781662836640919,-0.1299854
K83026,579.9551628013152,28.19059148097566,0.11393231
K83027,131.41292465149778,-74.42728157624514,-0.1299854
K83028,309.3105718584061,-4.684746300645678,0.11393231
K83029,269.0973425041636,-64.90566541458301,-0.1299854
K83030,189.38554649194717,-65.53434229707634,1.1299026
K83031,79.61534295028561,-3.8086519302229322,2.1861725
K83032,689.0193206687611,-84.58342235761359,1.3377631
K83033,-99.78071376287895,-40.665472338234224,-0.1299854
K83035,-128.64328922781894,-26.94837152908816,-0.1299854
K83036,409.2078619061952,-81.35165296449416,0.51056373
K83037,444.68109709862705,-23.094289714981493,0.11393231
K83039,254.3987840158252,-77.47883237846139,0.51056373
K83040,168.27654052370278,-61.26755727103967,-0.1299854
K83041,826.6222219832431,-19.54905363080819,-0.1299854
K83042,205.42392731502915,-59.49287852162936,-0.1299854
K83043,466.8789895570175,31.25023468619543,-0.1299854
K83044,327.95420680293125,35.40163799068821,0.11393231
K83047,583.3598777812816,51.628562860362635,0.11393231
K83048,-68.2088485305359,-66.40563658648483,-0.1299854
K83049,224.24060040216,96.4417796859708,2.1861725
K83050,-124.97682280416589,33.49455423242039,-0.1299854
K83051,532.9989291935038,-54.47794394037444,0.51056373
K83052,679.7791106526851,-48.48186706409299,-0.1299854
K83053,-95.81554580311804,-41.58532041513755,1.3377631
K83055,17.92715229328122,-1.8914782749300367,-0.1299854
K83056,-122.28615512593399,-3.625465983173815,-0.1299854
K83058,-98.23806739291588,-53.85991995412432,-0.1299854
K83059,144.46933425503815,-31.289820130929872,-0.49904352
K83064,432.0511282350314,-89.68145218730908,1.3377631
K83065,-31.75672227832709,24.705271122604824,1.1299026
K83066,312.9566019776739,-30.353591129112733,2.1861725
K83068,-46.57730735654125,-17.289253792738183,0.11393231
K83069,-171.76003377130715,-4.941720125589287,1.1299026
K83070,131.3331708644886,-85.41520081159261,1.3377631
K83074,-262.64509616949243,-81.11132027540702,-0.1299854
K83076,-21.328740076420686,51.28219478397818,-0.1299854
K83077,171.35562790682064,44.98910692783477,-0.1299854
K83079,-47.91447870099386,-6.158453445253288,0.11393231
K83080,-73.5592168042107,-48.5109940447109,0.11393231
K83081,-247.05541135234176,9.342460885029535,0.11393231
K83601,54.501997879935914,70.09577877553818,0.11393231
K83607,-226.07993034517406,4.099337309158321,-0.49904352
K83610,160.41363641143306,16.627665736579008,-0.1299854
K83614,-1.578809361554614,36.857764481211156,-0.49904352
K83616,-32.680604530782624,-67.14116092942878,1.1299026
K83618,40.45747507677011,47.18254866879325,-0.1299854
K83619,-142.72352552489076,-30.181571858221293,-0.1299854
K83620,29.39222298724219,-70.26393623934298,2.1861725
K83621,96.31998125642902,144.01624174847285,-0.1299854
K83622,212.62531025863217,36.78504431422422,-0.49904352
K83624,-90.38397708821282,17.975081641379248,2.1861725
K83625,-62.778355019525556,22.073254451901526,0.51056373
K84001,12.733846398702156,-149.06585891805318,2.249803
K84002,348.00180688111385,-43.52157579848461,0.61449385
K84003,-50.220087866133404,-34.53952656767507,0.61449385
K84004,187.37942460684926,-132.98516499562362,0.61449385
K84005,-46.218020437795104,-81.9788237847187,0.5551052
K84006,256.33715862322845,-93.84340236328609,0.61449385
K84007,68.90054353759561,-29.947889068660434,0.61449385
K84008,12.820797053946238,-20.352558228090295,2.0780003
K84009,256.437656496439,59.34065337978606,0.61449385
K84010,167.66194107605722,-52.609049653860055,2.0864844
K84011,73.93651954702173,-6.457258740061405,0.61449385
K84012,-52.751492617364065,18.782784685887098,0.75660247
K84013,11.334823854318378,-57.2170916819581,0.61449385
K84014,172.52062515916975,-11.843294661812044,0.61449385
K84015,-142.48788149009488,-9.947485678420916,2.0780003
K84016,-17.708479205081527,-33.24514472349791,0.61449385
K84017,352.0831736269565,-0.33528260255913284,2.1246626
K84019,197.83622792173998,37.15459843265189,2.0864844
K84020,20.924404437958305,-82.25435256539996,0.23907271
K84021,-107.82827258084443,-0.5448005774417328,0.61449385
K84022,-46.32306609195305,12.426647421332152,1.4925977
K84023,-117.323484711984,-14.118906781800277,2.0780003
K84024,131.61446322370116,-52.35347004141734,1.4162408
K84025,181.6650222129531,104.61909350286346,0.61449385
K84026,-31.33323236781613,25.121927942958642,0.61449385
K84027,509.5989426825152,-197.27313494851393,0.61449385
K84028,422.451538072734,-176.6674822444699,1.4162408
K84029,-200.47762129004056,-96.63278466413011,0.5551052
K84030,394.26279561667616,199.48563746833352,2.1246626
K84031,182.5543959157127,20.022731762382854,0.61449385
K84032,-38.6843975936819,-40.03000345447406,0.61449385
K84033,199.92565672685592,-49.66559197714037,2.0864844
K84034,-122.4553253116337,13.398324047938083,0.61449385
K84035,2.49141026859294,-65.74870170321306,2.249803
K84036,-144.70518091994558,4.972470756888914,2.0780003
K84037,403.7047633069173,-58.43440213955923,2.0780003
K84038,275.3105638751302,-3.5326172776906586,1.4162408
K84039,-91.1143885292347,-138.74400058349056,2.141631
K84040,447.5168560954182,-179.42847431057282,1.4162408
K84041,182.38469750392352,-86.84847765223633,0.61449385
K84042,56.10669394156695,-69.98910553293403,1.4162408
K84043,185.48845128579384,-70.74973991371272,0.61449385
K84044,257.3844650072439,3.5970335588327726,0.61449385
K84045,-23.48623300890767,-34.65777807067779,1.4162408
K84046,-108.64452082611173,-22.773735423032125,2.1246626
K84047,-0.3199570281130751,-19.190225104601897,2.1246626
K84048,-40.23245804058239,-19.74908892359178,0.61449385
K84049,-116.41839137499994,-51.17323576679944,0.61449385
K84050,131.0496686719192,53.07802716573842,2.0780003
K84051,318.27617887943364,55.95059273304906,2.0864844
K84052,189.9528094765219,-30.10150341358481,1.4162408
K84054,152.61087972298185,-41.09409208506131,0.61449385
K84055,141.00962424580095,5.944839815636866,1.4162408
K84056,-85.20472362664964,8.102004553465235,1.4162408
K84058,105.7719180089707,1.1560573826422653,1.4162408
K84059,80.99329368672197,-46.49980510215633,1.4162408
K84060,-129.41204025316821,-26.29831485996429,0.61449385
K84062,2.4840635519828522,-51.41531154043414,1.4162408
K84063,-97.84969410982944,-95.00670377839344,0.61449385
K84065,-221.06138995527425,-15.379859829168415,2.1246626
K84066,-277.99632733968195,-4.928222341089733,0.61449385
K84071,95.16450320272796,2.436457420258948,2.0780003
K84072,93.87969777473613,-128.36722162718715,2.1246626
K84073,-34.42815006033057,45.97285441760122,1.4925977
K84074,-122.22427836460278,6.464280319982266,2.0695162
K84075,112.2256506288391,6.647293351650515,2.1246626
K84076,-139.53987578772612,26.709268058303167,0.55510527
K84077,-151.6400773448179,-19.794428551074418,2.0695162
K84078,-165.6290484769816,10.787628598743028,0.61449385
K84079,12.023145265542551,25.395938081340603,0.61449385
K84080,-176.458465360258,-5.802585881113476,0.61449385
K84082,198.321438585658,80.50439320048407,1.4162408
K84605,-214.34882637723254,-6.266046163402033,0.61449385
K84608,-295.1221538607214,-77.2255379186436,0.5551052
K84610,-117.25641330557312,-25.786447735591697,2.1246626
K84613,327.69837834677975,130.74519821958862,1.4162408
K84615,-165.8380745360147,53.742252299589516,0.5551052
K84617,-174.37550644839845,17.139204558693816,0.6066158
K84618,-72.4335504877791,-67.2102422708898,2.1246626
K84620,-294.0487952102488,-37.43370532723926,0.5551052
K84621,-256.787715118387,-33.72666448707718,1.4925977
K84622,-232.46341321761344,-83.7711848208996,2.141631
K84624,49.023329979862126,-1.8163061733035535,0.61449385
L81002,-77.75140315464688,-4.393661430501736,0.26664603
L81004,507.3247671429403,-73.46183783225142,1.1405078
L81006,-153.26220059311325,-67.58437687462232,-0.49055943
L81007,310.2979490725953,346.6154627397391,-0.47359124
L81008,249.922546411426,-54.383559939240136,-0.47359124
L81009,179.1698660324888,-11.1112618495492,-0.47359124
L81010,-83.08038522983853,-14.473260183843992,1.6707636
L81012,184.72603480516264,-73.49608625494503,-0.47359124
L81013,214.83578402179177,-132.7443937742432,-0.47359124
L81014,395.6554410893523,-30.926392819119865,1.6813688
L81015,179.51682506416134,-30.89342852842228,-0.47359124
L81016,185.7129482711508,-59.753813212403216,0.21574146
L81017,89.5397212086349,-18.871257588015162,-0.47359124
L81018,125.87057388596584,-103.96255726999458,1.6813688
L81019,202.17498074786988,-139.9981035227469,-0.47359124
L81020,-134.39362782382142,-54.26216501124654,1.6707636
L81021,156.1099300743304,-35.03066902030264,1.1405078
L81022,341.5018547798548,-49.5784669035643,-0.47359124
L81023,0.19617731257478505,-45.06800912118053,-0.47359124
L81024,320.37619740828467,-92.92677146600451,1.6813688
L81025,261.2599702784965,-94.63010421840906,1.6707636
L81026,456.38202771898546,81.5711485422665,1.6813688
L81027,-9.430725272885821,14.104810723382519,1.6707636
L81028,-109.41541180665423,-59.33024544836096,-0.47359124
L81029,136.82494912373693,-25.52886226551157,1.6813688
L81030,-46.94064445301121,-71.1623089930487,0.4808694
L81031,472.4755347664117,76.64388140672816,-0.47359124
L81032,5.948511791013148,-126.2494675179525,-0.4816464
L81033,161.75114532359737,-84.91301977785564,-0.47359124
L81034,650.9466995345408,262.9206332735459,1.1405078
L81035,1.6610556160396606,-119.41949143403481,-0.48236457
L81036,156.04652888906915,-47.71396960515002,-0.47359124
L81037,485.55817781047284,200.4437284523538,-0.47359124
L81038,308.0194331636406,-139.1532250016462,-0.47359124
L81039,388.41795568652736,141.91597591169037,1.6707636
L81040,341.0149065884343,124.62402005909937,1.1405078
L81041,-46.52421232474218,-67.53259921232467,-0.47359124
L81042,146.50566687313207,-164.27502125391402,1.6813688
L81043,70.16006495161744,1.0308808964174219,0.21574146
L81044,237.26919568498255,-74.55545864061317,0.21574146
L81045,91.61380733373358,36.375252523693064,1.6707636
L81046,119.51230911108968,-44.9925819645552,1.6813688
L81047,237.19613607449952,-7.589824236350193,1.6813688
L81049,-50.15772428386263,-113.43035516406553,1.6574315
L81050,-28.30739137859432,-54.191828082045234,1.6707636
L81051,377.11007118548184,-98.76592997906464,0.21574146
L81052,189.17770417971485,-76.4479595644527,1.6754602
L81053,103.32071710991558,-33.798811040697586,-0.47359124
L81054,138.23660623581517,-29.51682359131343,-0.47359124
L81055,217.2904178155007,-184.2887226197901,-0.47359124
L81056,-61.472414851022876,-39.45300740736957,1.1320237
L81057,-56.74741142268754,-70.92768057684154,-0.48236457
L81058,229.37347166959583,-151.38297352226778,0.21574146
L81059,55.05336193948975,-54.72658528137593,1.6707636
L81060,114.7721317260278,-176.03484627616805,1.1320237
L81061,-10.375110638591279,-23.457283635990773,-0.47359124
L81062,268.71957267377644,45.84307068637172,-0.47359124
L81063,211.5307944838824,-69.79740915010929,-0.47359124
L81064,20.61051331947289,-12.485235870255504,1.6707636
L81065,27.895210649166394,-32.871658459718574,1.6707636
L81066,329.2417136117837,-206.5267656811343,0.21574146
L81067,261.02820252034303,-107.68747683929138,-0.47359124
L81068,183.7049793363392,-87.14269930825706,1.6707636
L81069,51.851351851534965,-43.587412851682586,1.6707636
L81070,-45.05462094536554,-17.3965652095624,1.6707636
L81071,16.720892674060536,-13.818322917583217,1.6707636
L81072,107.22998718900725,-100.76716523191509,-0.47359124
L81073,-42.67241451734663,-33.326564339061036,1.6707636
L81074,39.139537916809125,-180.69431272768745,1.1320237
L81075,222.9822687040378,49.57920892815531,-0.47359124
L81077,43.41499217987752,-0.45228692652527974,-0.47359124
L81078,97.65901719741667,-74.12995577489241,-0.47359124
L81079,724.8839639884752,-93.84122858870484,-0.47359124
L81080,72.09141142361423,-15.493615628018508,1.6421691
L81081,82.73878011005941,5.642848943507775,-0.47359124
L81082,104.20011857314489,-62.89294846596701,-0.47359124
L81083,137.59121471801708,-58.30856606026619,-0.47359124
L81084,94.4978587746254,38.15472027644882,-0.47359124
L81085,-28.19441739390426,-96.53269742758948,1.1405078
L81086,860.6306480065175,577.5818659408445,1.1405078
L81087,169.0296534387968,-123.88283859008462,-0.47359124
L81088,66.08398594033486,-53.4068497279604,-0.48462057
L81089,120.31138808269625,-159.24449710438455,-0.47359124
L81090,108.29714607934984,-17.59708327817293,-0.47359124
L81091,75.29208302647386,-198.24954828723332,-0.47359124
L81092,-116.76440495011572,-13.172301895509838,-0.49055943
L81093,-207.91234522636051,-123.92861265424608,-0.49055943
L81094,29.915378956128897,-41.100881083064536,-0.47359124
L81095,55.171969797775304,-47.072017483848434,-0.47359124
L81098,69.94386734229177,-22.876615616708257,-0.47359124
L81099,119.81272722525122,-19.30762594091011,-0.49055943
L81101,-37.33572726642519,-47.55695908414977,1.6707636
L81102,5.676302002235977,-45.91076132476398,1.1375107
L81103,16.6440553563118,-9.094723222498546,1.6813688
L81106,-114.73158924192029,-13.027212419846508,1.6813688
L81107,-135.45333956932333,-35.64091758558794,-0.49055943
L81108,-276.55375747093706,-8.345198070352891,1.6368272
L81112,-61.538777102945836,-3.9169236505677767,-0.47359124
L81116,-24.451311020363153,-34.1357890674481,1.1320237
L81117,-53.295640859906534,-4.762300491647851,-0.47359124
L81118,130.25061022481816,-134.6669644904817,-0.47359124
L81119,-60.17771643227556,-89.87630268576585,0.21574146
L81120,-22.924276949609112,-7.851056733792735,-0.47359124
L81122,-76.92388623335346,-23.470128307349682,1.6707636
L81123,-73.00044557495,-64.6402413976488,1.6707636
L81124,99.96852158899107,-73.01680755847019,1.1371747
L81125,-36.94521165802012,-24.936281177827034,-0.47359124
L81127,-98.51825576889449,-16.153268366987113,-0.47359124
L81128,-210.4721956911403,-7.896392919874105,1.1320237
L81130,97.91445966479162,94.66995175829346,1.6707636
L81131,76.73930087360687,-52.74908854012843,-0.47359124
L81132,-116.61142834524597,-4.0492658074050825,1.6707636
L81133,73.14923338412677,31.60635754332375,-0.47359124
L81134,-35.4920411365871,43.425688360041036,1.6368272
L81600,3.1501942862927863,-50.91826757049951,1.1405078
L81617,-149.85222854959503,17.936150789291503,1.6707636
L81622,-189.15991576065957,19.43221623370879,-0.47359124
L81632,47.02575383541295,34.04614429435978,1.6813688
L81633,-239.5345064842205,-16.81191254930687,-0.49055943
L81635,-144.61483666251004,-23.826093595311264,0.26664603
L81637,-241.32005586609915,-7.906374986305768,1.6707636
L81642,-180.59132635573266,6.5495881132803415,1.6813688
L81643,319.5042930847769,210.076769623116,0.21574146
L81644,-68.64728806148365,7.003056108372014,1.6707636
L81648,-146.5823589689813,-11.79436094005356,-0.47359124
L81649,314.0987592813427,-60.57880794236022,-0.47359124
L81655,-195.0474457232543,-33.47833909490514,1.6707636
L81656,-202.43159028775554,-13.433723832968543,-0.4905594
L81663,-191.4219419296565,-22.388853570222135,-0.49055943
L81668,-296.2021295067373,-3.0241389091406345,-0.47407603
L81669,-87.20240453741961,-16.997715501061304,-0.47359124
L81670,33.06018356117753,30.206904795550713,0.21574146
L81672,-571.7537269615074,-536.1558921638602,-0.49055943
L81673,-282.6102953530458,4.184958837778067,-0.47307706
L82001,296.2223252897768,-25.533346008992098,-0.5202538
L82002,-2.1406522612037215,-64.82223485602849,-0.5626742
L82003,214.4315108725517,-61.973481653792746,-0.5202538
L82004,65.33133291658095,-99.02212072798203,-0.5202538
L82006,366.64022961198077,-118.29115452246823,-0.5202538
L82007,-190.92022933790636,-10.788800507263527,-0.5202538
L82008,153.02753609179285,-85.59550948235359,-0.5902476
L82009,241.015535710977,-30.200568417062225,-0.5202538
L82010,227.0930209002977,-99.19266021570803,-0.5202538
L82011,-52.43635179524617,-13.828911356517475,-0.5202538
L82012,572.3854363741555,-61.550140114260664,-0.44389692
L82013,40.92938867753931,-76.34152078605894,-0.5202538
L82014,-100.28991114591759,-100.73867418921245,-0.5440239
L82015,-64.23562408670824,9.766381447406316,-0.5202538
L82016,290.76580953028713,49.54883874295243,-0.5202538
L82017,-224.93999162631428,-11.017387649375332,1.3738203
L82018,393.44737106413766,-67.3961917845321,-0.5202538
L82019,148.2461925292778,55.101429248801196,-0.5626742
L82021,-17.425640738640762,-54.45111106585513,1.3738203
L82022,242.32266437928595,-68.30125234486475,-0.5202538
L82023,598.2223009013838,-183.41707178257872,-0.5202538
L82024,-113.5679234901561,-24.68394949603418,-0.5202538
L82025,-51.29940062456638,-4.661192579633258,-0.5202538
L82026,84.04005675857726,-13.432781925153552,-0.5202538
L82028,484.7123625586933,-75.82930040722857,-0.5202538
L82029,247.54473306139207,29.671141636164442,-0.5202538
L82030,636.0334252450501,48.346523741921274,-0.5902476
L82035,183.80372345122404,6.205801948565669,-0.5202538
L82036,150.05442353887653,-79.36876520160465,-0.5202538
L82037,-53.53024580878605,-21.186290565946678,-0.5304123
L82038,-87.82936870199703,-20.79371360823105,1.3738203
L82039,-83.94825750809902,-46.70710904991315,-0.5202538
L82040,10.542971414642661,-76.33440329421644,-0.5626742
L82041,779.4892164099925,332.3404679815208,-0.5202538
L82042,312.91051106269515,-148.60981352054637,-0.5202538
L82043,-8.72189000979422,-22.603226497448766,-0.44389692
L82044,137.57380958575123,-135.9682157315074,-0.5202538
L82045,191.2694826175779,5.448894811237612,-0.5202538
L82046,332.7037903437675,-105.49167088276272,-0.44389692
L82047,109.85079818730362,-48.97286149373998,1.3738203
L82048,-138.74481636305336,-39.66942905839548,-0.5202538
L82049,36.05746591219955,-50.00022009431974,-0.5202538
L82050,234.92808448736352,20.45508684444998,-0.5202538
L82051,331.11803327786714,27.529970711978844,-0.5202538
L82052,208.69849471276632,-19.46513597638841,-0.5202538
L82053,-70.84738600039951,-56.02964244914084,1.348368
L82054,85.99921649338722,-43.51424247267547,-0.5202538
L82055,-70.30798383472762,-230.5992238290651,-0.5626742
L82056,195.32712112000527,2.3842166875325796,-0.5202538
L82057,-103.10568617070766,12.866953652058834,-0.5202538
L82058,-30.307743043882347,-20.062575896913636,-0.5202538
L82059,-13.546832537824779,-39.28856903004949,-0.5202538
L82061,-37.653739207414525,-16.077172610352914,-0.5202538
L82066,47.59251760911919,-19.84361609071193,-0.44389692
L82068,37.40582377277494,20.350147553435097,-0.5202538
L82070,-66.38684206633305,-98.86721301815719,1.3738203
L82611,159.25989111980243,68.13817985080473,-0.5626742
L82617,-4.324834053820528,-78.81150573078861,-0.5352393
L82618,-109.06992761776974,-24.00688339823598,-0.5202538
L82620,-31.553053515830975,2.0360470274744316,-0.5202538
L82621,-228.79119614166035,-42.43100667788987,-0.41844463
L82622,6.9217326417650415,-65.66739508072035,-0.5202538
L83002,374.5484959321869,76.87203240820021,1.3844256
L83003,90.88066126561746,-35.02325699922536,0.050301604
L83004,233.15152021578442,-35.53489898292933,0.68872976
L83005,362.7139438690946,-102.42455502056029,-0.8065919
L83006,611.970147524203,305.28292369672636,-0.44389692
L83007,139.99868942329397,-10.135694763393438,1.3844256
L83008,589.1611305411678,223.07189848730948,-0.44389692
L83009,-129.8527669568362,-17.08990538286864,0.37481824
L83010,-54.86645092869996,-21.39992417088674,0.68872976
L83011,159.468514333279,-56.509432739861026,1.3844256
L83012,-192.87177909932834,-18.073502219310303,-0.5902476
L83013,654.0390663586186,-122.1548790962552,-0.8065919
L83014,601.999570219901,188.94801700713242,-0.8065919
L83015,102.50602589043216,-10.131116629669531,-0.44389692
L83016,848.812842108349,-201.42658836362907,0.5678314
L83017,202.264259234637,-24.73938009018091,0.0503016
L83018,161.89325561445716,-95.35809208974038,-0.44389692
L83019,25.79650390479221,12.961937119757037,-0.44389692
L83020,328.86391956202283,-87.95346301456729,1.3844256
L83021,299.3102586238517,-7.732156180111807,-0.44389692
L83022,217.77090978926688,-3.325044171353072,-0.8065919
L83023,-111.83673574621388,-17.720766821785112,0.40875462
L83024,-46.67446446410361,-26.294712771533433,0.5678314
L83025,-31.51468516018364,-53.28598952408252,0.050301604
L83026,-65.66059661016469,0.3818576154510292,-0.5902476
L83027,86.10981566727456,-39.995576843437966,-0.8065919
L83028,323.56697592031406,-19.530740054653677,-0.44389692
L83029,139.15919616787224,-7.194312449739495,-0.8065919
L83030,78.67772265190128,19.57545572431206,-0.44389692
L83031,238.70555786287238,2.2731113342286453,-0.8065919
L83032,166.33487099370004,-164.4734986979268,-0.81507605
L83034,229.7912869596467,-35.55150935614126,-0.8065919
L83035,321.2664817108992,-17.581588328240393,0.050301604
L83036,231.14932991326967,66.55807494396026,0.5678314
L83037,152.08558511650006,-107.93446604592026,-0.41844463
L83038,233.66760085403632,48.44847840975088,-0.44389692
L83039,-47.36014050418882,33.572675285127545,-0.44389692
L83040,213.0731942922943,37.40694596715338,0.5678314
L83041,93.5516136389303,-14.654898485601347,0.5678314
L83042,19.992406429404777,-16.973699579611512,0.5678314
L83043,303.28219198301355,-68.64080135690511,-0.8065919
L83044,46.151136686523664,-8.050492527713226,1.3844256
L83045,415.5732389595377,-91.02810526962921,0.68872976
L83046,48.71568609205086,-5.6869126804757775,-0.8065919
L83047,-48.93144758266854,-48.07577118398205,0.050301604
L83048,227.215182294869,14.106769959332233,-0.44389692
L83049,-196.20898964407914,-1.9143737986823404,0.68872976
L83050,245.01778806722749,-25.733186330036897,-0.5902476
L83051,176.0978216575287,-69.58801467345035,-0.8065919
L83052,223.40836260765292,-130.82931051143098,0.40875462
L83053,282.7510062864982,-98.59523556047002,0.5678314
L83054,69.79974093650051,-49.98215098782446,1.3844256
L83055,295.3699280672595,-20.38816168423766,-0.8065919
L83056,255.72668937036602,-108.17683651652223,0.5678314
L83057,82.74915198720056,-46.00046879089778,-0.5902476
L83058,30.038079359970606,-15.742844383905396,0.5678314
L83059,143.27800962373726,-76.47997467738132,1.0302145
L83061,162.93762300962914,34.04065181501963,-0.44389692
L83064,304.08894342725944,-11.713834406576892,-0.44389692
L83065,-40.623984340545235,-53.31382622653647,0.40875462
L83066,221.81525798936386,18.946952496098753,0.5678314
L83067,496.6763468750209,-67.23083291391815,1.3844256
L83068,-161.96278649230203,-42.72811331973222,0.050301604
L83069,358.9123169698059,87.97430034102355,-0.5902476
L83070,-82.97934916944669,-69.67049836823038,1.0302145
L83071,128.55609650759962,29.475754617085034,-0.44389692
L83072,261.9993229854132,-90.26276394624415,-0.44389692
L83073,363.8980942239304,44.12360390549934,0.050301604
L83074,718.3736239363901,195.22474264516018,-0.43685693
L83075,-74.58670916111247,7.183060387496414,1.0302145
L83076,-20.49935100380458,-2.436521876779352,-0.44389692
L83077,-28.917053286194257,-13.882095354601189,0.5678314
L83078,189.62816165021778,75.9721875705196,-0.8077174
L83079,68.24883999565162,-22.668305078768565,0.5678314
L83080,-191.60953177769753,-22.52917518813128,-0.4387269
L83081,16.60794304162156,-28.12266199393007,-0.44389692
L83082,-217.780911914011,-19.51590463800794,0.68872976
L83083,387.8141789269597,-128.4103938724042,-0.5902476
L83084,-6.848154340903483,-29.428048438981786,0.5678314
L83085,300.7079170279759,81.94445784951657,0.40875462
L83086,-97.32463572132563,-0.22725355146901224,1.0302145
L83087,365.7446020922971,49.15556455803487,0.20301531
L83088,-5.960892448846733,-33.12547594675425,1.0302145
L83089,325.43212806867143,-77.66913572934654,-0.44389692
L83092,505.4916189273318,-43.75772811892178,0.5678314
L83093,-141.64733714455667,-466.2088162434195,-0.4184446
L83094,86.13322972766997,-78.60770754405002,-0.8065919
L83095,378.3701920954109,-76.21037077028097,1.3844256
L83096,488.0259444509298,244.39071774297992,0.050301604
L83097,337.03184485631175,-72.85553523395512,-0.5902476
L83098,-75.33982829970263,-25.219928350080668,0.68872976
L83099,-95.06802557801093,-24.763721390108113,0.5678314
L83100,1360.080245446372,661.8533409670781,-0.44389692
L83101,370.3956149022518,-12.399733914582033,-0.44389692
L83102,41.04414295328982,4.0732707407411395,-0.44389692
L83103,556.6784717216151,69.81960087272806,-0.8065919
L83105,37.66542300359749,-20.84238465419853,-0.5902476
L83106,114.033968549282,-12.937110564192363,-0.5902476
L83107,-210.75190556721762,-156.67071121820211,-0.4387269
L83108,-115.29209395349453,-51.93635464891387,-0.81507605
L83109,-214.42173187888756,3.2884844506425073,-0.41844466
L83111,399.4460924006572,57.600036078973055,-0.8065919
L83112,-11.350741825469818,-0.957272013814098,-0.44389692
L83113,49.40170168132446,-5.600440169487146,-0.44389692
L83114,-69.47338981576561,2.5286305006583083,-0.815076
L83115,-103.14223436736113,-21.01195414657388,0.5678314
L83116,-102.11091903605613,15.198474688217765,0.5678314
L83117,-245.43389797087596,11.72932165401331,-0.44389692
L83118,347.52809653611655,309.21223397766363,-0.8065919
L83120,166.73926844261734,-6.0744385207330085,-0.8065919
L83121,-147.5681345630652,39.416575363150365,-0.59873164
L83122,82.27591481218526,66.70804150470337,-0.81507605
L83123,-201.79693731626392,-2.127920403025212,-0.41844463
L83125,-146.841048364229,-5.667826490678853,-0.44389692
L83126,-188.8161321689393,-78.3628475210863,-0.81507605
L83127,46.06114600038945,40.827946047726705,0.40875462
L83128,43.87248844040077,-4.517397970776251,0.5678314
L83129,-170.09630364296078,5.492610918889566,-0.5902476
L83130,194.55371923799382,-20.989845556919857,-0.8089386
L83131,610.9595304319562,271.27109093513747,-0.8065919
L83132,-205.86250577799765,-173.33210617392137,-0.41844463
L83133,-87.15705015510669,-119.72467154001794,-0.41844463
L83134,-159.59241477578243,-0.6419672495487124,0.5678314
L83136,9.080690237184035,-16.334488464044163,0.5678314
L83137,119.11727783068862,130.1358633717543,0.050301604
L83138,-50.34689718226538,-115.61329315178578,-0.4198139
L83139,-185.95631215611772,-116.97786932780737,0.050301604
L83143,-167.57889448064927,-24.34340686987634,0.5678314
L83144,-150.0528130342868,-19.36157404993029,-0.4237213
L83145,-179.19107786276453,-57.48405846474991,-0.8129039
L83146,-141.9749895555031,1.7863421746651622,-0.8065919
L83147,158.26781367163775,32.58396284989785,-0.44389692
L83148,-156.44437409217517,-31.673975157760143,1.0302145
L83149,-170.0143142639561,-28.955298924250602,-0.81507605
L83607,-95.88665077090047,-23.87596623773745,-0.8065919
L83608,-126.06893631304118,-8.697085124438424,0.19453122
L83613,-176.93569817766723,9.228405518952853,0.37481824
L83616,-286.11434101804116,-42.3589044532815,0.34936595
L83624,50.28245886770917,27.929103570897755,-0.44389692
L83626,-154.6708726476428,-5.43640720531236,-0.41844463
L83627,-92.35039039890832,-30.890791658516925,0.5678314
L83628,-51.88409724098382,-14.643172018236228,0.5678314
L83633,-246.86249343969436,-27.991105298785207,0.19453122
L83637,-140.31240639626427,20.394302030453815,-0.81507605
L83639,-189.02023338068346,-3.511387848504269,-0.44389692
L83642,-133.17378847855923,37.49013410388609,-0.44389692
L83643,-213.96118114030796,-68.46359518397307,-0.42245102
L83644,-156.26503397666195,-19.259086675076656,1.0100768
L83646,97.89250287435796,37.96404246418778,-0.44389692
L83647,-121.16867471900623,67.35337513677149,0.19826128
L83648,183.44833252987507,-5.3040670931005875,-0.44389692
L83651,-123.67963890180116,34.554739478559725,-0.44389692
L83655,-57.669110794582544,-9.813934324214259,0.5678314
L83657,-57.56438158340604,-29.41085084615079,-0.8065919
L83658,-199.63024302118038,-0.23492797382501743,-0.41844463
L83661,-173.82509542849414,-7.813186310598761,0.48299044
L83663,-102.3243521932237,21.883980892844434,-0.5902476
L83664,-178.58188113580968,-9.136681938922617,-0.41844463
L83666,-155.6171667112073,16.419970895600347,-0.8065919
L83673,-270.77303942965995,1.4971528131355816,0.5678314
L83679,26.915523809724903,-93.53379582343013,0.5678314
L84001,97.45942507968827,-26.384008544529244,0.20301531
L84002,12.054810044675591,-55.67536659221977,0.1962901
L84003,-2.443381755942351,-38.79123493127003,1.2380749
L84004,-14.186542525883738,-2.1914702029208537,1.2380749
L84005,-33.61241380101817,-31.326768816490542,1.7980251
L84006,-50.2232211136814,-15.945175618657347,1.5816808
L84007,150.03450212477625,-75.20907342253295,1.7980251
L84008,96.66026036878463,-42.54748318371276,1.2380749
L84009,523.5960069845083,-80.6500435507512,0.20301531
L84010,161.97021937748409,38.193093672959094,1.6347063
L84011,106.65065863467386,-42.82256175980088,0.35785004
L84012,175.35446445688692,-0.8649179003735665,1.6347063
L84013,109.45593979564225,-35.44633487724863,0.19710675
L84014,28.016116554328583,-29.45832794312382,0.20301531
L84015,151.13818492091585,-112.82248468059716,1.2380749
L84016,5.19248706812031,-47.997372135348556,0.20301531
L84017,-31.08983444955877,-39.50316513732491,1.6156902
L84018,10.489806085766817,21.59575459158335,1.6347063
L84019,58.17693891170027,19.272914331526092,1.7810569
L84020,50.334976713414314,-107.75432096573013,1.7963539
L84021,54.353301315998436,-7.597321662938126,0.35785004
L84022,60.70090050061617,-73.8935437161159,1.2380749
L84023,289.6733691630505,-35.5352510337628,1.5816808
L84024,-78.1280842371071,-12.082538553476626,0.35785004
L84025,-89.17667167677573,-3.0402153432448262,0.20301531
L84026,489.93441911539037,294.71370499783563,0.20301531
L84027,-15.377841918229905,-82.23632567868981,1.7980251
L84028,86.7228173889282,-27.389435381063667,0.35785004
L84029,-110.83963788240546,-41.12393897084069,0.35785004
L84030,-96.52620860442458,-24.84700919711141,1.2380749
L84031,-43.08562537907992,-41.2673131119343,2.1246626
L84032,61.85732293932864,-26.60710700646216,1.7980251
L84033,253.83065784894993,-114.51788911775287,1.2380749
L84034,139.10052498163066,9.200109571488955,0.20301531
L84036,176.37552473524244,-39.36714032015493,1.2380749
L84037,205.20495301627412,3.681011377305882,0.35785004
L84038,128.71971139390774,-85.30877852539916,1.6347063
L84039,-35.3018665271105,-8.500188413999437,1.7980251
L84040,66.86787913478031,-170.75721641498131,1.2380749
L84041,133.08436998632172,-60.97181414088234,1.2380749
L84042,-53.31135772578367,-55.32638988605398,0.19750066
L84043,-55.340393472701216,-25.19432007637083,1.5731965
L84044,-45.9755183526349,-21.37286113847889,0.35785004
L84045,63.21825892571862,-70.6997260149763,0.35785004
L84046,82.53018055651361,45.16878732966981,0.35785004
L84047,346.1672219117866,-152.58077992040927,1.5816808
L84048,124.25919949010918,-30.214912322031875,1.2380749
L84049,-73.78212067907984,11.956495442970434,1.2380749
L84050,636.0849568805369,-135.19197050314952,0.20301531
L84051,40.2224702024029,-45.79312398684035,1.7980251
L84052,102.06849068330084,-67.94440221904689,0.20301531
L84053,44.02256113544063,-45.79566607437947,0.75660247
L84054,163.92734791356884,131.12487093521196,1.5816808
L84055,-84.52844052878349,-92.23116870354595,0.80209845
L84056,-21.556218986840417,-76.65513587998545,1.2380749
L84057,-22.92005636191412,-57.1266717387223,0.19750066
L84058,120.27093506916955,-20.31734762982212,1.2380749
L84059,32.164882599275884,-13.865076358798728,1.2380749
L84060,175.54420942095885,193.79082832891072,1.7980251
L84063,-152.00590110725264,-9.524592716967518,1.6347063
L84065,-11.444761148537074,-72.0936131770727,1.7980251
L84067,14.308623798434832,29.844240454380007,0.20301531
L84068,-52.427179064952334,-29.13462689449523,1.5731965
L84069,77.88330924533618,-49.59357919474112,0.35785004
L84070,-36.171678696220944,-78.95630504751281,1.7980251
L84071,26.923502334042507,-57.11111230841075,0.35785004
L84072,-79.98675299417056,-7.602595298841474,1.5731965
L84073,-134.77374567840673,-64.75945785897251,1.7980251
L84075,-87.96537710567985,-17.433849150461697,1.7980251
L84077,-167.67885377284094,-10.845355531290199,1.7980251
L84078,-114.31686799277139,-4.927435820831825,1.7980251
L84080,-140.61180705641132,-42.20139607585315,1.7980251
L84081,-48.97059932071365,-100.09591806041422,0.20301531
L84084,117.85700473654823,-85.42336677740936,0.20301531
L84085,-73.2858871532002,-57.66099420966236,0.35785004
L84604,-106.10293560563495,0.5902152411406206,1.5647125
L84606,33.32573981429755,46.05384152865797,0.20301531
L84609,-240.10348491414598,-8.829149902238383,1.7810569
L84613,-206.07965622893906,-17.68771528029482,1.7980251
L84615,-156.87938360133455,-15.424833000203087,0.35785004
L84616,-75.52151788297509,-64.92400717020628,1.2380749
L84617,-93.03409476610636,8.402407720752498,0.20301531
L84620,-312.4638548269094,-6.910009220287102,1.220164
L84621,-173.65107529245952,-5.58588424533298,0.19453122
L85001,425.69071228405863,-84.57144946676873,0.34936595
L85002,198.71289853698013,-91.1400413617672,0.4808694
L85003,-123.21461293254583,-37.00200239765965,0.40875462
L85004,310.28560486392536,-37.686616849800124,0.65691435
L85005,-97.9606400525608,-75.48850291609305,0.6735796
L85006,118.09902395752412,-47.77755616752084,0.21574146
L85007,281.7241093169776,-43.81989603789439,0.65691435
L85008,987.1414600129683,-215.3898010454721,1.6707636
L85009,165.79763300312536,-65.89897123581801,0.34936595
L85010,310.6184545870101,-138.4844109041432,0.21574146
L85011,86.57339190206271,0.3019404160357313,1.1405078
L85012,470.5283451584212,176.8412415485501,0.34936595
L85013,-96.6770502607081,0.4933305565917093,0.34936595
L85014,180.29124211157753,-8.196992887089584,0.21574146
L85015,192.37956436113356,-136.6195270039548,0.65691435
L85016,638.8960694800629,-36.31269144640117,0.21574146
L85017,133.06221300381313,-72.80341754159153,0.65691435
L85018,-83.58319139680643,-20.1299489184912,0.21574146
L85019,83.3346144503093,42.74226955718319,0.34936595
L85020,177.59597287544503,-58.722180076247184,1.6707636
L85021,383.9445943127567,-36.84062461462056,0.34936595
L85022,156.85276921813025,-53.823450612209705,0.65691435
L85023,414.50053471632094,45.88271269067826,0.34936595
L85024,173.64193296244343,61.817606793436134,0.21574146
L85025,120.34572890954958,16.631501844016054,0.21574146
L85026,-32.99930147499234,-13.001610050670376,0.65691435
L85027,62.17747257274408,-33.67294208229612,0.4808694
L85028,-35.705178041550454,-62.598296164335366,0.65691435
L85029,66.45642202467882,55.141775855773375,0.65691435
L85030,183.2232773420255,-48.06525521370946,0.65691435
L85031,-18.537111712198055,-9.960797385407545,0.99839926
L85032,-84.58452136515422,-20.867770976917537,0.4808694
L85033,235.23151039162715,-13.623455843957277,0.65691435
L85034,-6.797771011502154,3.0581547040016206,0.4808694
L85035,348.3971485469782,30.68932592926947,0.21574146
L85036,-20.53123916225129,-6.5134193625484835,0.34936595
L85037,-159.70122003928665,-8.592333574323224,0.21574146
L85038,-9.086508279499748,-48.52034036325368,0.34936595
L85039,293.3477883807812,-61.69671432024617,0.21574146
L85040,-57.61189205178038,35.76707795923719,0.4808694
L85041,-24.782374432860163,-64.54547828317784,0.35640594
L85042,273.23793625235743,-72.96941214170717,0.21574146
L85043,66.41509101667899,-43.66365704452338,0.4808694
L85044,-33.83252979569011,17.49958694981768,0.4808694
L85045,-207.85184776181828,-2.743238639392775,0.69933486
L85046,-56.38187911877778,-58.14855086299757,0.4808694
L85047,-58.47844792601218,-20.435085992217203,0.21574146
L85048,-22.85792960953939,-62.83275846896874,0.65691435
L85050,42.853730369648055,2.981616055264099,0.34936595
L85051,-38.99774539088792,-49.64640926798716,0.21574146
L85052,19.981331147867916,-9.275268245655806,0.21574146
L85053,-81.68699708824845,-56.10472100227048,0.4808694
L85054,59.743109261863175,2.762021147721417,0.65691435
L85055,118.89176336086524,-4.327053189803066,0.21574146
L85056,-22.50774707519557,31.986526640192157,0.21574146
L85059,112.09970277653514,-57.657567224650386,0.37481824
L85060,-127.87150325749793,-37.790507879253816,0.68847424
L85061,-85.65664758393177,-23.166586050685147,0.65691435
L85062,-74.4000530196934,-26.33586720917342,0.21574146
L85064,-45.63545879410595,121.917151334817,0.65691435
L85065,-78.49394770177237,105.8336848150383,0.34936595
L85066,-122.31834604913792,41.705070471384204,0.65691435
L85601,-175.05900064805797,-7.551676906397949,0.21574146
L85602,-215.50300059848988,-20.623193822563668,0.37481824
L85607,-119.77856551086204,-6.74291315498226,0.21574146
L85608,-219.269779442997,-27.67015577772436,0.37481824
L85609,-101.11969135554487,8.475012628516184,0.21574146
L85611,-193.31425326388126,-21.63378923384914,0.4808694
L85612,-78.0961119872748,17.53871442182955,0.21574146
L85616,-99.72108836827337,-0.3402154647559359,0.37481824
L85619,-10.084111312049274,31.76883954373741,0.65691435
L85620,-156.01952719651587,28.13475022340453,0.6864572
L85624,-181.1696601488308,-5.080328370020257,0.65691435
M81001,235.36867785853823,-2.4002210415619722,0.12453743
M81002,336.9408696677968,-9.838931894378739,0.12453743
M81003,174.4328547489461,-53.5628702211678,0.09272208
M81004,436.69061606558364,17.80240871969127,0.8159911
M81005,350.0323747663674,3.2641357013461625,-0.0027239858
M81006,740.0759800379354,60.281885497090364,0.4278438
M81007,-141.70085582089786,-14.111642797791793,0.8159911
M81008,429.72067027778195,-23.50316849308048,0.4278438
M81009,-21.579561284944393,-11.025612869123036,0.09272208
M81010,363.56832494875005,198.71476589414996,-0.0027239858
M81011,-43.842334877567666,2.9346043232257633,0.4278438
M81012,26.564010161992954,-16.38147097998408,0.77144957
M81013,8.783565700239611,-77.80739504938846,0.07078876
M81014,-59.038752315416886,-9.917292166977886,0.07078876
M81015,218.4092898262609,63.19131771761552,-0.0027239858
M81016,116.14119563130187,10.710462182407541,0.09272208
M81017,377.0138654811758,-60.93121749291818,0.4278438
M81018,-56.391157632306324,3.9211299133789277,0.09272208
M81019,574.0617522714956,10.28592266249318,0.12453743
M81020,197.15897016143174,-53.486131604982766,0.12453743
M81021,241.9709812602918,6.162496600038129,1.7725729
M81022,432.3150428154337,-8.868497301373571,0.4278438
M81023,131.34685489619557,-100.30348651630025,0.06707249
M81024,-58.23163681079783,-1.7320976825917274,0.09272208
M81025,-27.848079398140055,-23.9724039278304,1.7725729
M81026,873.3518031250312,525.6078096771104,0.09272208
M81027,103.30714573552791,64.69835150976166,-0.08332288
M81029,143.851155024969,-10.689865494123637,0.8159911
M81032,205.93366933523765,-65.36075107702045,0.09272208
M81033,64.5223999676433,34.69820104630453,0.77144957
M81034,184.27683669844475,-116.19002783849281,0.4278438
M81035,257.3068970766699,-42.24683942583362,0.4278438
M81037,303.6153758505876,-59.98559873001915,0.4278438
M81038,337.99748430242744,-57.740218030511016,1.5816808
M81039,221.70553855228295,77.34931519460962,0.77144957
M81040,308.62664320931117,-109.55329661627269,-0.0027239858
M81041,164.9012252257508,11.070296160908068,0.12453743
M81042,188.12301609095945,-1.3251459404941377,0.09272208
M81043,67.44841825954458,24.109679966915674,0.09272208
M81044,145.8585000022879,-8.135041676582578,0.35785004
M81045,-37.464275659935346,10.180951701367146,0.77144957
M81046,363.78529098509483,2.347122607539337,0.8159911
M81047,148.11918927404167,1.9618019172055507,0.4278438
M81048,216.06120714529004,-19.469775822367563,0.77144957
M81049,333.59423641845495,36.895750018383495,0.4278438
M81054,106.26432029479903,-132.09805884748334,0.09272208
M81055,-77.28099952061822,-5.252121815788339,1.7725729
M81056,501.6259435437839,-108.33136928890099,-0.0027239858
M81057,439.76846787914263,-21.778262007558272,-0.0027239858
M81058,319.85883109145414,-100.47152560868922,0.8159911
M81061,2.2635590658608287,-46.272454307686125,0.35785004
M81062,-131.7545617889892,-80.75173534735633,1.7725729
M81063,353.68285453417235,-75.01056568919465,0.4278438
M81064,55.378088783236805,19.332276206381056,-1.2286757
M81065,93.89358748191185,29.104123563648745,0.014244203
M81066,97.1548281338319,-65.18883334143125,0.09272208
M81067,-86.331283886794,-5.203635803577406,0.09272208
M81068,474.1162651430085,62.723272016729105,-0.0027239858
M81069,184.1468126436408,-74.14930790864555,1.7725729
M81070,408.64247424772066,-39.53218303881575,1.7725729
M81072,82.3420604792983,-34.57316566685271,0.4278438
M81073,188.24095371090024,28.5759201526165,-0.0027239858
M81074,171.63987474258766,-54.208096879874326,0.8159911
M81075,318.28665919342075,10.999480382691305,0.77144957
M81076,-122.41382902885046,-13.35543545251407,0.77144957
M81077,-0.30352887951588425,-41.01369548488545,0.12453743
M81078,-61.468374275959796,-3.341752028137356,1.7725729
M81079,59.89472545600047,-19.554035021367987,0.7714496
M81080,-25.190582500241458,-4.604888123187242,0.06895199
M81081,-109.72030287135324,-50.4775838304615,0.77144957
M81082,325.8767073121563,27.064567316791692,1.7725729
M81083,9.483474738259323,-20.54910227034783,-1.2286757
M81084,-142.64192072579158,-34.30993666823652,1.7725729
M81087,-140.89037257394517,-23.159261265310434,0.13521098
M81089,-28.938527825000225,0.6003042713815563,0.12453743
M81090,-127.32514897935819,18.957395996775535,-0.0027239858
M81091,303.2538545729593,11.073266592366043,0.4278438
M81092,45.764262555366834,3.4509947250016357,0.12453743
M81093,-21.324807627216384,-7.9934507074855565,0.09272208
M81094,212.2228739671334,73.17924341587528,0.8159911
M81600,-152.72647916813298,-18.08297717419846,0.77144957
M81604,-5.4433691022956285,30.518841932329074,0.09272208
M81605,-58.647585226596185,9.827501838392923,-0.08332288
M81608,-121.68231050162417,-2.6220957321617444,-0.0027239858
M81616,-188.65757851579278,-10.464816763487024,0.12453743
M81617,-54.823151365452034,56.199921074151696,0.12453743
M81621,-102.6517967578507,-5.556407579004978,0.77144957
M81627,30.699911942319265,1.9131883331699986,0.8159911
M81629,106.16057596459956,-58.18970501640178,0.77144957
M81631,-256.00699151376296,25.25959340441835,0.050301604
M81634,-291.4596714695418,7.4059622592820284,0.050301604
M81636,1022.8755269966344,-2.567806670883627,0.4278438
M82001,-180.0619598584899,-14.984879966220653,-0.274215
M82002,68.0501217421394,-52.211999023184475,0.61025184
M82003,275.8139474490317,65.43780036298762,-0.25724682
M82004,375.2171727223939,-35.50611266363585,-0.25724682
M82005,159.53776852273668,-37.39790309362604,0.61025184
M82006,104.28832839883815,-127.15037234150037,0.61025184
M82007,245.54719445168868,109.35597662530394,-0.25724682
M82008,-29.63465974493657,-46.241140936361056,0.61025184
M82009,305.778757277105,-59.13719264101509,-0.25724682
M82010,535.1204321751582,-81.41576815897156,0.42996484
M82011,-110.94531260643845,-12.205097019771523,-0.25724682
M82012,333.06835382034143,-1.646231299649004,-0.25724682
M82013,-180.9767081127916,0.6767430940719661,0.61025184
M82014,128.95910815155307,34.57411986201293,0.61025184
M82015,-164.43099691401102,-148.0181618023752,0.62722003
M82016,69.75693372145136,-64.79099355100372,0.61025184
M82017,-38.38536955794104,-44.61182904219729,0.61025184
M82018,26.414566432245625,-12.414537075107093,0.61025184
M82019,96.97018042381133,-8.855499698218802,-0.25724682
M82020,-114.43538238349235,-1.2202024804400358,0.61025184
M82021,175.62339149673636,-22.260226959943225,1.431088
M82022,285.89436574198163,-11.691814547290498,0.61025184
M82023,-14.085438253289619,-24.32176325418642,0.61025184
M82024,-170.990791877844,-11.946505141471519,0.61025184
M82025,190.59028534882268,90.1520720715015,0.8181122
M82026,392.7837053500669,85.4507699521344,0.61025184
M82027,128.71416778219253,-6.142776870043795,-0.2594977
M82028,411.633708407899,-67.44227204469982,-0.25724682
M82029,243.8749660718232,-214.11901338616929,-0.274215
M82030,91.1472957100674,-18.817354810659133,0.61025184
M82031,-120.68514484234346,6.38074358850122,-0.0027239858
M82032,378.82001823892523,246.56739747158005,0.61025184
M82033,-97.0229897237841,-52.83575644244616,0.61025184
M82034,11.361597105352997,-10.33614829279116,0.61025184
M82035,170.73454564892674,-44.95185813918772,0.61025184
M82038,148.1112837717107,-29.706921172436388,-0.25724682
M82039,460.72165454676986,-124.58261855764037,-0.25724682
M82040,-114.56835582002145,-32.33438663979716,0.61025184
M82041,80.6691871878486,-14.146433183717724,-0.0027239858
M82042,-170.17112900918997,-27.115163412358907,-0.25724682
M82043,116.4836313068444,-60.79284115445401,0.61025184
M82044,-122.4766515345959,-25.202463295226607,0.8181122
M82045,-59.73200273005964,38.50679880505974,0.8312721
M82046,-99.13066223111714,-16.273822215943444,0.61025184
M82047,12.454513650983897,-3.2785763987826293,0.61025184
M82048,-91.32532402607164,5.874295673317793,0.61025184
M82050,47.54375576041254,-35.400763421574155,0.62722003
M82051,-53.394037314256025,-12.843827056862366,-0.25724682
M82054,-173.37514025170356,-40.29720899162309,-0.274215
M82055,-177.27754147874182,-52.52802830039125,0.84356445
M82056,282.5576894899498,-57.407924526745,-0.25724682
M82057,-80.17421190893894,33.828897739504704,-0.25724682
M82058,-79.26491979673568,-35.35958993565182,-0.25724682
M82059,346.4906275469856,45.066264459488266,-0.25724682
M82060,100.8830324283086,-26.216938887079206,0.61025184
M82601,-168.53617973444028,-5.053207430652753,-0.0027239858
M82604,-208.8089293975356,-12.470988892954473,0.61025184
M82606,-129.95168263570974,-28.06243366721531,-0.25724682
M82607,-196.29788994615066,-19.674883264303435,-0.274215
M82612,-251.28871253605436,-56.87981383156262,-0.274215
M82616,-74.83555593266796,-29.668763360340154,-0.25724682
M82619,-22.282402205881837,-14.185353892247582,-0.274215
M82620,-195.69093979550829,7.33209894276897,0.61025184
M83001,312.246407375212,-110.17655911690123,0.086359
M83004,325.75088651533764,-186.67382177278458,-1.1480768
M83005,-62.20316917817348,-176.37302941649017,0.42996484
M83006,718.9124708601327,144.70756537039784,1.4650244
M83007,81.23084827676588,-12.884592892833266,-1.1480768
M83009,283.1477717899338,27.615610322550047,1.431088
M83010,241.27660726355887,-197.33031988584207,1.1871703
M83011,190.8881519750078,-7.924002219034797,-1.1480768
M83012,126.38108017318879,-13.252052643193402,0.9602207
M83013,-126.78636661772791,-32.44452406966981,0.47450635
M83014,206.98503255346844,10.443642830046098,-1.1480768
M83015,75.85238537566951,28.948536714059752,0.42996484
M83016,67.84546156616564,8.143955363599703,0.086359
M83017,-157.0085774144811,-15.386546173389748,0.42996484
M83018,147.406440323814,-21.634242480725057,-1.1395926
M83019,-479.83922522072424,-234.31431408305957,0.9517366
M83020,291.7984737604788,-166.06627862814665,1.339884
M83021,280.01439315115374,-79.35638674778106,-1.1480768
M83022,172.53233256514494,-102.39298562072788,0.086359
M83023,192.9421404143638,-44.22145280538757,1.2953426
M83024,-29.070843464864833,-15.115742726568405,1.339884
M83025,48.608119332616454,-65.55550174480997,-1.1480768
M83026,128.84024263298417,48.544759337848404,1.1871703
M83027,159.58207611467353,-63.67651860820879,1.4650244
M83028,165.1990452751853,-29.855395153701664,-1.1480768
M83030,295.43863244982015,-74.17788355741621,1.4650244
M83031,78.10622362899464,-55.32178771300878,-1.1395926
M83032,475.5856668976956,-56.703297927861364,0.19665225
M83033,-184.51012907583046,-6.026678194417741,0.086359
M83034,319.6378319628539,17.084682674855333,0.42996484
M83035,-58.63439280448005,-28.79581327405426,1.4650244
M83036,212.1890615068816,-66.11447366369696,1.339884
M83037,111.95347276266011,-15.232362478512917,0.47450635
M83038,219.25413292284426,-73.42964707964772,-1.1480768
M83041,-36.98775370853483,-32.46610914379741,-0.0027239858
M83042,244.57675657333903,-52.992775831336075,1.1871703
M83043,-239.5382680604253,-19.7481662497821,0.2305886
M83044,303.2205465925168,23.393892261514843,1.339884
M83045,272.60699400851763,-50.522720396280235,1.431088
M83046,238.90455851045138,-64.4358624044106,-1.1480768
M83047,-40.724398483884436,-13.664519295956406,-1.1480768
M83048,101.12803559894695,116.3922263135779,0.086359
M83049,283.33819115141654,-63.38917653794324,1.339884
M83050,225.86634320918407,-83.56015462225511,1.339884
M83051,173.69661475897558,-10.649747651389925,1.1871703
M83052,560.1930948121641,-43.259594661470274,1.339884
M83054,200.78587328952582,-20.807414169522986,0.42996484
M83056,246.5705048273046,11.537122110191486,-1.1480768
M83057,292.307347772506,-126.94261588277098,1.339884
M83059,-129.35303109976425,-33.89279264572051,0.47450635
M83061,142.65103554371308,2.4518649782899073,-1.1480768
M83062,510.76507417954457,-79.03341188499411,0.19665225
M83063,-148.41330667843152,-54.566349278687234,0.086359
M83064,98.78511882850162,-41.076980716713756,0.23058861
M83065,85.32820310209064,-23.062011397076272,1.4650244
M83066,11.359172917233236,-31.775739879723496,-1.1480768
M83067,1.857172870859851,13.820474708414105,-1.1480768
M83068,320.00356696034083,-12.554469887432303,-1.1480768
M83069,416.03319252917385,-150.3272441049498,1.339884
M83070,136.55015136774747,-77.72078998071399,1.339884
M83071,294.87047263087896,70.76597171434568,0.9602207
M83072,300.8792052302164,-58.267367129710046,0.086359
M83073,209.87671713823076,-99.68771003152517,1.1871703
M83074,529.8223077709159,-11.22666234608091,0.47450635
M83075,63.244480229839674,-15.459423233812771,-1.1480768
M83076,100.59229482100548,-53.08651684405678,-1.1480768
M83078,-25.428303356792913,-136.15292988920154,1.4574417
M83079,186.0563514918765,-17.194333996550753,0.9602207
M83080,-226.82866201360994,-18.809776486365674,0.08635901
M83082,306.5771414484394,-98.86694684244962,-1.1480768
M83084,44.350565122110645,-19.517209730154992,1.2953426
M83088,453.9000230933439,22.779941597105104,0.19665225
M83089,339.6918100315173,16.410643628946918,-1.1480768
M83090,-101.03559647291368,40.22442108003506,-1.1480768
M83092,28.89594165949392,-20.926273355304858,1.339884
M83093,15.925570012667844,20.164043949371646,-1.1395926
M83094,421.4193067748354,-59.97513532499445,-1.1480768
M83096,46.73768854118898,-38.96709074062475,0.9602207
M83097,106.0509521560378,-14.356339229634417,-1.1395926
M83100,-69.9211924729002,-7.56822251789053,-1.1480768
M83102,-70.75178750283506,22.691408210930245,-1.1480768
M83103,-88.91507894163965,-18.928698937615955,0.9602207
M83107,31.12632549814143,113.16978250026136,0.086359
M83108,97.44176529177584,-14.260324129533327,0.9602207
M83109,-176.8238499136699,-9.382471838758482,0.086359
M83110,91.8452079968031,250.36555897039742,0.19665225
M83111,-215.0478368321135,-8.987242634964574,0.19665225
M83113,-188.99711457702205,-14.087363229886655,0.19665225
M83115,-201.5876193370352,-7.608397603381954,0.086359
M83117,-57.76727586145227,-3.1763316767999332,0.19665225
M83121,-33.990196957010305,0.5944627799670986,0.9602207
M83122,-164.34934329171742,-39.20938509453352,0.9602207
M83123,-3.8597593239203825,2.928134823584673,-1.1480768
M83125,-75.87066322270965,-48.03073516315833,-0.0027239858
M83126,73.94495791182946,-31.039953594020467,-1.1480768
M83127,-32.64761437137101,42.01426308701951,-1.1480768
M83128,5.296310579342028,-85.88861991368928,-1.1463534
M83129,90.0802810024154,-44.783363978374624,0.086359
M83130,-151.3659370125084,-3.814741564221205,0.086359
M83132,-76.69467631113008,-45.23432341450645,-1.1395926
M83133,-172.29356344872915,1.4872642402721132,-1.1395926
M83134,-160.89610327199074,-43.05853739081396,-1.1480768
M83138,-19.41545815970666,-12.209125985094202,-1.1480768
M83139,-12.900331613028692,24.873446773686485,0.086359
M83140,-82.10921657312913,1.1125767706335945,-1.1480768
M83141,152.82000578256503,-2.4996755515318636,-1.1480768
M83143,13.524984721670824,5.3667246779942905,-1.1480768
M83144,-274.4811401258646,-50.786749184538245,0.08635901
M83146,272.852139326439,71.67793319405733,-1.1480768
M83148,453.64853686208676,44.80701270220352,0.19665225
M83601,-7.455069333544187,25.374254527730557,-1.1480768
M83608,-103.69775605086978,53.129317950509645,0.086359
M83613,-214.8862321942934,-19.99101126485881,0.08635901
M83616,31.168232175961357,-142.86107019250645,0.086359
M83617,365.22305536915536,152.44150209899348,0.086359
M83619,-186.1623711457484,-3.7040500796765827,-1.1480768
M83623,-119.47969392652966,-33.528387441550194,-1.1480768
M83624,-166.51191194056253,-13.51728172078359,-1.1480768
M83625,34.22725975460476,-34.116755624257046,-1.1480768
M83627,-17.401026046304004,-37.197549084412046,-1.1480768
M83629,-125.51023575187519,-38.02639603695569,-1.1395926
M83631,-132.45826441252154,-73.28586933390635,-1.1436901
M83632,-56.614244061870956,1.2113636516351678,-1.1480768
M83637,-85.57036249651075,-3.6527419596424364,0.086359
M83638,424.75366137791997,-79.47667185412251,0.086359
M83639,-173.57605311964414,-6.25193655370367,0.08635901
M83640,-216.2262344217469,-6.455790127366698,0.9602207
M83641,-173.77765544871957,-0.2523387284424889,0.47450635
M83650,33.68190267942884,212.87733158525685,-1.1480768
M83661,-119.77601520349103,69.71927615116523,-1.1480768
M83662,-207.19346108126058,-18.27203208684948,0.08635901
M83665,-150.83604530326156,-25.76483550144363,1.3000358
M83668,-61.58549159899465,-31.97685246582722,-1.1395926
M83669,-70.69329104882502,25.764649125123775,-1.1395926
M83670,-132.9697187923049,16.168089162150086,0.42996484
M83678,-189.25743106559577,-18.423546717634206,-1.1395926
M83680,8.786250503557257,46.71138650900646,0.47450635
M83681,-40.28177080338387,-31.63496857886549,1.1871703
M83682,43.58197403827143,-43.79531101570058,-1.1480768
M83691,-232.03893565289343,-12.157335908080363,0.42996484
M83692,111.69000363885797,52.6167586167025,0.08635901
M83693,-66.18390540997396,-7.214381794792308,0.19665225
M83695,-248.02272685100658,-3.8133770350939478,-1.1395926
M83697,-158.51731230335088,6.6800887042804495,-1.1480768
M83698,-92.35780233594065,15.834988560105522,0.086359
M83700,-74.3249094403666,41.39184587051721,-1.1480768
M83701,-87.50861469570376,10.177451650051811,0.42996484
M83703,-71.94909498527716,-19.81850558750099,0.086359
M83704,-273.66574862408106,2.3073283116202763,-1.1463534
M83705,-181.88780909130773,39.68380240166618,0.19665225
M83706,-186.39331518056267,4.136592582648767,0.19665225
M83708,-216.195657169787,0.5012200316442486,-1.1395926
M83709,14.241376111296162,-33.07596360193954,-1.1480768
M83711,-126.30552566147662,6.223877209018633,-1.1480768
M83712,-154.05070552280816,-53.85462061573627,-1.14573
M83713,-35.04352507693537,24.41765428888526,-1.1480768
M83714,-220.65112448546992,-8.112905000705664,-1.1475253
M83715,-23.927101855019774,4.972595866233835,-1.1395926
M83717,-125.59020795642122,-9.452854849194182,0.086359
M83718,-162.88356417447224,-19.93659792702516,1.1871703
M83719,-65.17563290241816,-11.295330703346368,0.086359
M83722,-110.24303779974004,-24.780245113678788,0.086359
M83723,111.57944881502226,177.92444709249818,0.42996484
M83725,-134.53507447925207,-40.29997194999862,-1.1480768
M83726,-161.2602326708311,14.754711902066378,1.2041385
M83727,-129.71491082819338,-46.575319440447046,0.086359
M83732,-298.7222944018356,-32.25480972525764,0.08635901
M83733,-230.2158220763755,-16.399079718540662,0.22873951
M83738,-34.886715411549,-0.25935850014967565,0.086359
M83739,-126.92036123673616,-46.64453566872712,-1.1417648
M84001,477.6698096853364,-32.53137181275252,-0.1469536
M84002,68.95496578007176,53.903697958994904,0.12453743
M84003,171.80653550507913,-53.18511480960199,-0.1469536
M84004,360.61119831255905,-40.6772591393575,1.3144318
M84005,-151.54683668788485,27.948587375934224,-0.1469536
M84006,374.1024605760482,36.96406298047659,0.6314621
M84007,380.32886702250465,72.98688069937874,0.6314621
M84008,260.4970287932176,3.6290136270622115,0.6314621
M84009,-55.549467699973086,-27.70166519018848,1.3144318
M84010,44.9769310947167,3.537907501542679,1.6368272
M84011,453.1183155518659,10.782602654395186,-0.1469536
M84012,306.49734849918553,-143.78795412021822,-0.61145777
M84013,139.13118416656977,-43.321423076264814,1.6368272
M84014,98.5177102164043,-9.110239313084426,1.5731965
M84015,293.11967297555674,38.5909689401729,1.6368272
M84016,-111.68623728893918,12.965683470464825,1.3144318
M84017,210.22546742230546,-102.81121194918276,1.6368272
M84018,417.12276493472274,0.447887677471686,0.12453743
M84019,687.5981763139067,3.41421276137569,0.6314621
M84020,158.51420181687314,-44.17679115562262,1.3144318
M84021,328.5807652974068,-1.744618020755078,1.5731965
M84022,157.13033145223216,-103.93011756595305,-0.1469536
M84023,503.89066447275525,-62.5925625577009,1.3144318
M84024,68.6442233035342,-48.39746453466814,1.0429407
M84025,182.8543150976462,-29.12257683081378,1.5731965
M84026,191.33973895504104,-114.76402815894635,1.3144318
M84027,-205.81141845217613,-54.08716495821493,-0.1299854
M84028,443.3296350272545,5.386844109230941,1.6368272
M84029,74.11856033199956,-23.91490614426,1.6368272
M84030,239.3385116680321,-23.413319579005982,1.5731965
M84031,3.155293471544972,13.495308668073495,1.3144318
M84032,149.44715777348284,9.911137019982167,1.6368272
M84034,-153.6213106530313,49.9378905728393,-0.1469536
M84035,151.09321925375772,-63.9692932176956,1.3144318
M84036,354.0279369731627,-50.59802217943485,1.6368272
M84037,201.7221019168081,-67.19461850856219,-0.1469536
M84038,-176.54519983034166,-91.2656231721982,1.6368272
M84040,45.3902421799981,-58.34793742753046,1.6368272
M84041,-65.07226812022952,14.731785090846428,-0.1469536
M84042,203.8485777219464,1.8062621617068533,1.0429407
M84043,638.9666647310066,-136.02090920938036,1.5731965
M84044,-48.21158120581441,-29.181972846481308,1.6368272
M84045,9.37581907992491,-75.51165876063956,-0.1299854
M84046,51.98515086914765,-34.29981208000841,1.3144318
M84047,-64.53487074410843,-7.147513430190461,0.12453743
M84048,-153.95062462932714,-34.193292808039764,1.0599089
M84049,-15.334050489495285,-44.57830794758002,0.12453743
M84050,112.25389002250158,46.636913224461956,1.3144318
M84051,258.4334160177274,-152.42178147797668,-0.1469536
M84055,-196.1797147650019,-37.80648024166452,-0.1469536
M84057,-133.486357888981,12.595442974756452,-0.1299854
M84059,-158.12140913835853,-43.294580655186515,1.6368272
M84060,-59.471834595767376,12.827818336703578,0.12453743
M84061,-26.064488831775364,-20.44307465639032,-0.1469536
M84062,-54.61237929937343,-6.11983158428941,1.5731965
M84063,-38.97802751264877,-19.751795405457237,1.6368272
M84064,12.164600602028358,-17.17133561609194,1.6368272
M84065,-85.10450863624885,15.337984130492309,1.3144318
M84066,-95.09235491438615,1.1740352262001332,1.5731965
M84067,5.920622778956583,-53.5504536674075,1.3144318
M84068,-87.37622337326182,-69.97542836857833,1.3483679
M84069,-88.83409437055175,29.20210747155983,1.6368272
M84070,-29.312272348075826,0.7938412980379124,1.6368272
M84603,-141.48522005497315,16.714372531717387,1.6368272
M84608,-204.84811193332584,-22.230500809231366,0.1584738
M84609,-106.42081130972308,-4.570366033743599,-0.1469536
M84612,-155.73890630508163,25.986050907782484,0.6314621
M84615,30.2055511428021,-27.08122551174307,-0.1469536
M84616,-139.08721657752758,16.070195201533046,1.3144318
M84617,-173.48868587566386,-36.5315387404383,1.5731965
M84618,-98.10136036292383,4.98475685426448,-0.1469536
M84620,-172.63504077081328,-16.286946050791784,1.0429407
M84621,-205.0263096414274,-25.150988768066266,-0.1469536
M84624,-207.6567642262952,-28.53658526255336,-0.13592426
M84627,-76.84160789812408,-3.745061175531892,-0.1469536
M84629,-89.59230373310533,43.648851922778256,1.3144318
M85001,7.737462650874823,-37.1483861173423,-1.2286757
M85002,135.60103605642047,-14.6674422348924,-1.2286757
M85003,120.37396940593989,-109.38583206865053,-1.2117075
M85005,58.094418130231205,-94.29756318884493,-1.2286757
M85006,81.97782061153838,-48.184562178527834,-1.2286757
M85007,13.247023716965886,77.29101381691214,1.7725729
M85008,-128.98826214452245,-30.85061251321865,-1.2286757
M85009,-74.27834358284163,0.088893254870104,-1.2286757
M85010,-242.8335694997528,-31.343416388469414,-1.2117075
M85011,119.41181200641715,-52.927683024415174,-1.2286757
M85013,-109.04186335702231,-16.94901814717723,-1.2286757
M85014,-172.7290610092999,-13.257633929100832,-1.2286757
M85015,-6.669462205200246,16.21181877985963,-1.2117075
M85016,-13.825619808029312,-51.20105434967174,-1.2286757
M85018,237.28147258842068,-104.51018206851504,-1.2286757
M85019,598.8236344904257,202.78867761518845,-1.2286757
M85020,191.06418402323246,13.089526851945307,-1.2286757
M85021,-211.7724770709088,-4.263872096344031,-1.2286757
M85023,187.0092438823326,-40.72405909439038,1.7725729
M85024,0.06769908205201378,-39.648304696794824,-1.2286757
M85025,7.979497332253477,-46.63067983783772,-1.2286757
M85026,466.3986760964487,-96.98409855791185,-1.2286757
M85027,132.36135142044762,-30.004836985714274,1.7725729
M85028,667.5155907726337,-84.9313585957264,-1.2201916
M85029,43.02368793628278,-8.725003220331653,1.7725729
M85030,152.3956751306211,-19.61965106029974,1.7725729
M85031,214.90470080082704,-141.7740777606353,1.0429407
M85033,470.49189369400614,12.222716589993746,-1.2286757
M85034,377.16464594254086,-47.02920583652493,-1.2286757
M85035,-108.97639606931715,-27.14069153435439,-1.2201916
M85036,24.668246219791893,-103.05202272273067,-1.2117075
M85037,81.61458794439798,-40.43243537924613,-1.2286757
M85038,177.0152356832234,-101.32509841648991,-1.2168585
M85041,-83.94967238818096,-71.1445514787254,-1.2286757
M85042,-89.50017626613977,-22.025172116299657,-1.2286757
M85043,-33.9547678054099,-51.437561937309006,1.7725729
M85045,-218.26594034737187,-47.53873380845629,-1.2117075
M85046,670.4492144363371,583.9861664256674,-1.2286757
M85047,-38.90888130349969,20.770161206930258,1.7725729
M85048,203.60907051090007,1.915547359249985,1.0429407
M85051,-70.87070839349296,-52.02377522680812,-1.2286757
M85052,-126.15558323990572,-30.0429252331778,1.7749194
M85053,17.474897032735303,-11.797871074580003,-1.2286757
M85055,-85.53213244887944,-38.918837633308584,-1.2286757
M85056,-30.132708949098678,-5.731556620162558,-1.2286757
M85058,63.543172995602234,1.4682047688374082,-1.2286757
M85059,-195.7751905266265,-31.202521922643836,-1.2117075
M85060,212.43005692555346,-39.52583837625942,-1.2286757
M85061,312.4222135620724,-106.99011479182073,-1.2286757
M85062,-60.83704801237723,-41.39834862796321,1.7725729
M85063,1943.239448909014,397.11180023059666,-1.2286757
M85064,-176.27413070926036,-35.90826291650548,-1.2286757
M85065,201.62545977274934,-6.631788611874723,-1.2286757
M85066,133.8603962904925,-9.959183572943283,-1.2286757
M85068,27.71259070586584,-128.55863024384115,-1.2213228
M85069,183.7412294116106,8.637852095887046,-1.2286757
M85070,210.85116819902353,-48.53309309630749,-1.2286757
M85071,126.20776929143767,-107.05961473958907,1.7725729
M85072,-128.32761279488233,49.9425745108455,-1.2126089
M85074,4.130614962461592,-46.79756188578864,-1.2286757
M85075,-171.84905592098355,-9.63487827508467,-1.2199023
M85076,137.9537463104835,-66.0545288392949,1.7725729
M85077,312.5633963187366,-21.622872832916002,-1.2286757
M85078,131.42481997471833,88.4162088762791,-1.2286757
M85079,205.19991208691732,-22.0853879676262,-1.2286757
M85081,190.8352842301193,-82.34785961249774,-1.2286757
M85082,-174.27471110197197,-15.180539873687906,-1.2286757
M85083,167.14463337437837,-105.14855053285164,-1.2226814
M85084,-33.16744140004227,-18.678666700627183,-1.2286757
M85085,-242.88432710910325,-13.015935157081001,-1.2286757
M85086,82.64322931513809,50.66825682196093,1.7725729
M85087,219.63478327079656,10.066453789271714,-1.2286757
M85088,65.31163795469323,-19.50664876552381,-1.2286757
M85092,184.60132143768516,-14.943174264502536,-1.2286757
M85094,-253.76380695488587,-9.361360325229587,-1.2286757
M85097,-235.5817058391684,3.176149736122398,1.0429407
M85098,-97.13366773719561,16.776934652872082,-1.2286757
M85100,-185.3827792369702,-11.762583855286342,-1.2117075
M85103,-35.53155717988773,-98.405624862899,-1.2206206
M85105,-130.35652005494404,-30.934865600645658,-1.2286757
M85107,-151.95155285891687,-15.08822725616649,-1.2286757
M85108,-87.21813989037847,-40.93611381709197,-1.2286757
M85110,13.845764803728557,24.759230613271242,-1.2286757
M85111,-118.11446026649814,-111.2044831053732,-1.2117075
M85113,-23.07474346338061,-9.19594292943627,-1.2286757
M85115,-192.14266808715908,-25.782634210083348,-1.2286757
M85116,183.4313986774649,87.64281242989233,-1.2286757
M85117,-19.88943577768159,5.8477534797091195,1.7725729
M85118,-197.40942782785393,-20.59256306835254,-1.2286757
M85123,-7.73152982020903,-73.25693099856511,-1.2286757
M85124,-5.95222947395825,-57.33073264655898,-1.2286757
M85127,-127.0006832326365,-32.522106388123966,-1.2286757
M85128,-25.220432933797287,-68.65579906521317,-1.2286757
M85131,-401.673946214826,-158.33354248129558,-1.2117075
M85133,-224.498741412788,-29.81512483549534,-1.2176464
M85134,-180.70809447774127,-45.69262664760062,1.7725729
M85136,18.74441071519311,125.92592591611812,-1.2286757
M85139,-28.47788769612728,-28.916886284185754,-1.2286757
M85141,-116.36480789530748,-38.31429791399923,-1.2286757
M85142,-205.82369543441627,4.512754705343873,-1.2286757
M85143,-47.47242175480743,-2.5871230573528194,1.7725729
M85145,-78.7765092182758,-0.2478273109926967,-1.2286757
M85146,-60.71011596544776,24.961824895138918,-1.2286757
M85149,-27.263292827134002,-193.50102723369824,-1.2286757
M85153,-182.75475028822854,7.586484354506213,-1.2286757
M85154,-124.62770543677323,-8.45904956452587,-1.2286757
M85155,-43.34883425395089,-35.03353352632799,-1.2286757
M85156,34.91328653996158,21.809115141520806,-1.2286757
M85158,-172.1311002111367,-4.754876540551923,-1.2286757
M85159,-14.001880815783657,58.106636718977384,1.7725729
M85163,-206.90292840087594,13.857783492105614,1.7810569
M85164,108.58391710380971,-23.162152141839847,-1.2286757
M85166,-399.18344712306236,-161.5187122480398,-1.2117075
M85167,13.232260025637695,-25.012527075044762,-1.2286757
M85170,-107.67755863592596,-49.145029130170855,-1.2286757
M85171,-172.33983859481404,10.312886233604592,-1.2286757
M85172,140.04481914977367,20.400198930574145,-1.2201916
M85174,-145.86917759407777,-59.02301183663252,-1.2286757
M85175,224.7593124974435,-111.4699070617452,-1.2286757
M85176,-102.92882923783576,-0.3328470316236111,-1.2286757
M85177,-38.75674750294718,-33.98855117239182,-1.2286757
M85178,37.340201529439994,69.08688316823958,-1.2286757
M85179,-55.365986109041756,-7.765254845020471,-1.2286757
M85600,69.330035644549,105.76013496057834,1.7725729
M85611,-216.9722143228934,-8.52677284033164,-1.225229
M85624,-45.06581722208087,-43.728004230322156,-1.2286757
M85634,21.89846018295513,-38.24936665517335,-1.2286757
M85642,-46.068206407547095,12.317729847398903,-1.2286757
M85652,-244.13901025275572,-41.47747436453973,-1.2135103
M85655,-229.44407541922968,-82.8117073250386,-1.2117075
M85663,-171.62694854510835,-30.238155180321492,-1.2286757
M85669,-132.58757006957856,28.114638562869867,-1.2286757
M85670,-158.6456963506294,-34.63877448541292,-1.2286757
M85671,-218.006269433141,-0.6438742370285789,-1.2286757
M85676,-127.79682886663586,-5.359833312170458,-1.2286757
M85677,-114.90622622367765,-66.84192309215905,-1.2213228
M85679,-65.58006040713333,4.103861396061137,-1.2286757
M85680,-230.2030222505805,-3.861519749420116,-1.2286757
M85684,-242.53153936357302,2.9727025354337484,-1.2286757
M85686,-193.0408913172723,-24.83554056517176,-1.2286757
M85689,-197.90400989910773,-12.833155981793695,-1.2178448
M85693,-208.684642957025,-18.93427287824442,-1.2286757
M85694,-211.22082292008483,-19.235594040258622,1.0429407
M85697,-129.67496936682974,-4.688661246014408,-1.2286757
M85699,66.60024947950798,-86.8549201657136,-1.2286757
M85701,-152.11863844746574,-2.193558106088033,-1.2286757
M85704,-202.1444530882031,-118.55187228031667,-1.2117075
M85706,-36.86450200819106,96.1560474979478,-1.2286757
M85711,-212.33033828756038,7.052718218804815,-1.2201916
M85713,-65.27035464906699,-11.188416461966488,-1.2286757
M85715,67.83266721029034,39.25357159809498,-1.2286757
M85716,-152.4939810129267,-14.50528705905216,-1.2286757
M85717,-181.69640298020963,20.55039957708701,1.0429407
M85721,-81.77954491117589,60.07309262445112,-1.2201916
M85722,20.451505622175063,-77.58350192190672,-1.2286757
M85730,-182.67750228930052,-54.27985101896107,1.7725729
M85732,-220.06481811460142,-13.20960679354192,-1.2286757
M85733,-142.06382519511655,-10.662521393199649,-1.2286757
M85735,-123.48273921447183,-11.422003667198313,-1.2286757
M85736,-119.54139905057374,-15.444950789767578,-1.2286757
M85738,-294.16857976888514,-106.30231224451435,-1.2117075
M85739,-107.49022320177211,-57.5255230454558,-1.2286757
M85741,-257.192129893196,-36.481552945125934,0.22481944
M85746,-44.09241783265636,86.45302653338186,1.0429407
M85749,-173.08301521714517,-15.776792134037317,-1.2286757
M85750,-334.2568284139763,-89.376242334654,-1.2117075
M85753,-167.91982579384432,1.5227829137964468,-1.2286757
M85756,-160.1780085441317,-12.461028430042564,-1.2286757
M85757,-179.86410106161117,5.8487205623183005,-1.2286757
M85759,-117.87300874585047,-12.760466206526843,-1.2286757
M85766,-195.47205071428732,-62.84836269260116,-1.2286757
M85768,-274.1230189687317,-0.3063594247598528,-1.2248898
M85770,-188.61545498229648,2.9274247508806726,1.0429407
M85774,-140.25469474727,5.042452897507793,-1.2286757
M85776,-233.2696710195579,-43.824258127245734,1.0524487
M85778,-162.81590212399323,1.0442296196977574,-1.2286757
M85779,-94.67346875149443,-33.091425708152904,-1.2286757
M85781,-161.52031031435487,-29.299242184927444,-1.2286757
M85782,-212.3280334612815,-4.351106515524075,-1.2286757
M85783,-100.37433620612498,-5.79598589475334,-1.2286757
M85784,-288.03250866579725,-39.58815230031837,1.0599089
M85786,-231.06855729428005,-12.13589308811705,-1.2117075
M85791,-216.49939061918204,-27.484401024761077,-0.8871908
M85792,-141.81533971665684,16.493115312864514,-1.2286757
M85794,-147.56988731853804,-31.535916988493646,-1.2286757
M85797,-56.985391774965976,65.25176523386732,-1.2286757
M85801,-232.3582765400719,-29.956318053153147,-1.2286757
M85803,115.79420438701078,-73.3443923862315,-1.2286757
M85805,-302.0788159180414,0.9145512196532125,1.0426013
M85809,-100.18731451883168,26.15668434076414,-1.2117075
M85813,187.80119926138573,252.39505561462056,-1.2286757
M86001,-90.33126332920139,-5.9683424840623065,-0.61145777
M86002,76.75645627846465,-146.64041244564032,-0.61145777
M86003,253.59022826434506,-332.6142050608877,-0.61145777
M86004,222.10779420992483,-16.032871896141135,-0.61145777
M86005,-143.85475532301092,-45.7164017487685,-0.61145777
M86006,86.35226464679447,8.572436610859794,-0.61145777
M86007,-16.890521427812857,-41.531128652282014,-0.61145777
M86008,182.34417649686011,-75.74857706041352,-0.61145777
M86009,329.7153779543209,-45.318515853152185,-0.61145777
M86010,91.32115699610132,-48.701331941619266,-0.61145777
M86011,-79.46499124337856,9.509956979202002,-0.6708464
M86012,-70.17848895257703,-68.4543758190091,-0.61145777
M86013,-147.57684962944674,-87.43145778321994,-0.61531806
M86014,397.79724629518864,38.30864248908254,-0.61145777
M86015,210.3658973457655,-145.7790680522432,-0.61145777
M86016,-60.48621569090606,-15.262737188846737,-0.61145777
M86017,121.94122722822128,-119.11050352201879,-0.61145777
M86018,120.18271211706295,-62.18002898238404,-0.61145777
M86019,-39.57894312492526,-65.57725778780116,-0.61145777
M86020,36.793227600086446,-8.937867829740457,-0.61145777
M86021,40.924599807473946,-56.57448009722035,-0.61145777
M86022,-185.45732444246232,1.2392697523548366,-0.6528177
M86023,41.68629252531377,-56.67149188976432,-0.61145777
M86026,-139.4671642661917,-97.59784445437464,-0.6614982
M86027,-3.102969641517681,-6.399181882126863,-0.61145777
M86028,-124.0145356878528,-28.59195370079289,-0.61145777
M86029,166.60126315343004,20.19796263126298,-0.61145777
M86030,55.33398973930985,10.543099986224046,-0.61145777
M86032,196.05782309768082,-52.54396669566971,-0.61145777
M86033,-47.511087970465404,11.728159142254665,-0.61145777
M86034,119.89984876848976,35.87532736331603,-0.61145777
M86035,11.159365045763538,110.20070120673242,-0.61145777
M86037,-117.11565801050585,7.294413431410997,-0.61145777
M86038,-139.5531135639911,-21.142333387273492,-0.61145777
M86039,-101.64371103380661,6.131804062242561,-0.61145777
M86040,-73.49510761685454,-4.7922863570072485,-0.61145777
M86041,-35.92252419131471,60.11927446749678,-0.61145777
M86043,-251.61438669569816,-54.80026464156112,-0.6708464
M86044,-85.33004007630441,-57.32819268115834,-0.61145777
M86045,26.19104349075812,-153.91253511557196,-0.61145777
M86046,-81.86551903878087,3.5844722555266624,-0.61145777
M86048,-87.40829014595658,45.631021893500375,-0.61145777
M86604,-175.8587001606701,-77.81563649602323,-0.6708464
M86605,-182.67870751863384,-20.72780389137973,-0.61145777
M86607,-208.23341386274498,-68.56747198258867,-0.6708464
M86610,-245.74226354202773,-22.07075912261526,-0.61145777
M86612,-198.87938123877248,-33.802842948871415,-0.61145777
M86613,-192.5703894640227,3.4110322154049246,-0.6235211
M86617,-146.79498478144848,-34.52368909969338,-0.61145777
M86621,-254.2540138206514,2.595550349341597,-0.6708464
M86622,-191.7143180589879,-16.325797166175562,-0.61145777
M86624,-0.051319714842410526,-82.7782898913581,-0.61145777
M86627,-72.29439285224105,-9.608333535365022,-0.61145777
M86629,-150.01193959456282,-31.43309375929162,-0.6708464
M86630,-225.17185108463957,-11.958531253818784,-0.6708464
M86631,-297.25434801152574,-8.74240979873641,-0.6708464
M86633,-87.34149733461751,-19.343598299214953,-0.61145777
M86638,-45.66994287032855,-10.969557700106341,-0.1469536
M86639,86.06690067425416,-180.91108385341184,-0.63013643
M87001,80.69759338254435,-12.3215672757615,-0.08332288
M87002,-50.62448838626957,-37.421738380287096,-0.06314729
M87003,423.7272414169705,-96.38591111533587,-0.08332288
M87005,60.9300830090536,-42.99720034118641,-0.08332288
M87006,29.003816316898675,-20.59126179980172,-0.08332288
M87007,203.39724695570334,-21.812815291404213,-0.08332288
M87008,85.6188769299695,0.2871122853810204,-0.08332288
M87009,542.7867519560496,-125.92884207822235,-0.08332288
M87010,44.976622896751906,-0.7984884604019387,-0.08332288
M87011,1004.6055751733485,51.39698079745492,-0.08332288
M87012,112.60247378628192,-89.64870765887933,-0.08332288
M87013,233.47602476314754,-35.58801777884678,-0.08332288
M87014,20.941227596447327,-57.70436111683071,-1.2201916
M87015,212.3584950782072,-26.03546990888122,-0.08332288
M87016,-43.122383209528024,-5.343416135005506,-0.08332288
M87017,161.66376408909804,43.151583430364305,-0.08332288
M87018,124.07230966145057,-100.64824516995157,-0.08332288
M87019,45.91122306136877,-78.56768627798397,-0.08332288
M87020,167.37776898987033,4.491207767812897,-1.2201916
M87021,58.47516201727158,-24.50344963666002,-0.08332288
M87023,157.36603978728124,-82.57255750192981,-0.08332288
M87024,750.7572460379271,-57.78529203820145,-0.08332288
M87025,-91.39547072853276,0.5232841547527404,-0.08332288
M87026,-74.89206376899301,-58.271848525084195,-0.08332288
M87027,-114.2460957197446,-9.871203851626047,-0.08332288
M87028,-37.25356482617203,-13.96456243146507,-0.08332288
M87030,-115.14866720303505,-20.551198682391835,-0.08332288
M87032,-215.57439249410567,-19.618470303301123,-0.0578706
M87034,-82.0619308742563,16.314062497547926,-1.2201916
M87036,-199.26334656267144,5.284384034360449,-0.08332288
M87037,25.35298520699117,-20.809876538758214,-1.1395926
M87041,-24.292103402161754,19.088681451623348,-0.08332288
M87601,14.986277414617069,-45.75783231206079,-0.08332288
M87602,53.10688199922323,-12.110670150444083,-0.08332288
M87605,-211.13011562319957,-49.49839058570901,-0.08332288
M87606,-239.34995439454627,-20.101602555482792,-0.057870597
M87612,-208.51329358654317,-25.365224997481317,-0.08332288
M87614,-244.20821288282022,0.4267795252935023,-0.0578706
M87617,-190.43710834147475,4.544705147723932,-0.08332288
M87618,-186.40590249565878,2.056264199103552,-0.08332288
M87619,-302.47512117002503,-79.75058300452022,-0.0578706
M87620,-59.81269086307455,24.30477181911705,-0.08332288
M87621,-183.45788186074753,-48.630031427584534,-0.08332288
M87623,-178.9125396717323,-31.161030527101527,-0.08332288
M87625,-226.79500653401803,-22.449571995129723,-0.0712402
M87628,-214.880593221167,-20.20244400997298,-0.08332288
M87629,-177.4516098663994,-23.870971553916274,-0.057870604
M87632,-304.18411026790005,-5.779005160855622,-0.062031068
M87634,-246.86363030024705,-7.9419600180026455,-0.0578706
M87638,-144.23547416112507,-19.87266418659802,-0.08332288
M87639,-267.66528220186086,3.1068864933184543,-1.2202755
M87640,-292.8399500642334,0.14022912130891016,-0.082154155
M88001,160.2729555543124,73.60071776215949,-1.2201916
M88002,69.84401386135923,-143.5817015745151,-1.2201916
M88003,369.91356339981604,-111.1301235495881,-1.2201916
M88004,1022.8380118149926,541.3753317894331,-1.2201916
M88005,121.38493600144764,-35.70486993849992,-0.05923987
M88006,183.9581448178572,-50.38349152689085,-1.2201916
M88007,284.2365974474441,-41.521973524261114,-1.2201916
M88008,-51.760410520943104,-44.91294663995267,-1.2201916
M88009,191.3193135055001,-29.76022540198627,-1.2201916
M88010,124.81979620961013,58.41661017562658,-1.2201916
M88012,35.04962560401586,-99.27623243042731,-1.213043
M88013,342.50059812788106,-39.53338323039498,-0.08332288
M88014,-63.1482363059285,-6.63575859603661,-1.2201916
M88015,277.88712289646463,28.084861387508408,-1.2286757
M88016,-211.99797754561067,-12.073682351692918,-0.08332288
M88017,-139.0658616085363,-8.882449105641784,-1.2117075
M88018,619.0812313761126,-18.062054943299845,-1.2201916
M88019,-212.8707393730076,-21.78125336440387,-1.2201916
M88020,303.24284420855935,0.4166396722032538,-1.2201916
M88021,10.054995828740486,-9.731576243765893,-0.91264313
M88022,-35.54869555493987,-21.542901095125334,-1.2201916
M88023,-73.58043204942724,-28.787213564942263,-1.2201916
M88024,-121.98012835885945,-0.4019171321860277,-0.91264313
M88026,-125.86613701481531,2.791284828692217,-1.2201916
M88030,-3.5536466985088784,-20.936105473903094,-0.08332288
M88031,-117.80515610907744,-45.78621925399631,-1.2201916
M88032,69.98654222234264,-50.01207689113922,-1.2117075
M88035,-145.99885922751236,12.92737617640966,-1.2201916
M88036,-130.9920938160413,-27.968113436575823,-1.2199186
M88038,208.92941822515354,-49.19551439985811,-1.2201916
M88040,-34.655396690861785,0.7976720695938083,-1.2201916
M88041,-136.41865756944972,-28.061389072811814,-1.2201916
M88042,-65.23016976965248,18.09561278460265,-1.2201916
M88043,-51.64079059748433,41.518734222640056,-0.08332288
M88044,-212.71849123222768,-10.113031158927077,-1.2201916
M88600,-142.1834171285225,1.4751319977303798,-1.2201916
M88610,-184.87023953145916,3.6342722795056837,-1.2201916
M88612,6.925654371688633,50.75094545334104,-1.2201916
M88615,-207.96519747285092,-1.1583762693625501,-1.2117075
M88616,70.00840030730443,-3.076832416888948,-1.2201916
M88618,-138.8079142523175,35.56985372725722,-0.08332288
M88619,15.152506974923792,35.173590995818365,-1.2201916
M88620,-186.37380071901867,-1.2601556715408024,-1.2201916
M88623,-179.93886855140687,-20.51191165443438,-0.91264313
M88624,-109.98999179726967,6.12111811782908,-0.8871909
M88625,-202.2438638383381,-5.643054099857419,-1.2202755
M88626,-219.08629270714874,-9.42942250241541,-1.2201916
M88627,-169.66697378448248,10.739337935773298,-1.2201916
M88628,-129.2297346365068,-19.680769213512253,-1.2201916
M88629,-227.97312822246954,-20.20333393978882,-1.2201916
M88630,-36.32398597625994,-9.201319561434856,-1.2201916
M88633,-80.97112081581572,9.788356327408584,-1.2201916
M88635,-187.62454832085766,-17.742293885494202,-1.2201916
M88637,-227.83167256509077,-16.071648357914366,-1.2184682
M88639,-171.23664072167514,-17.224840353071965,-1.2201916
M88640,-126.30112585439504,-5.487988218253562,-1.2201916
M88643,-3.3052875097837005,59.02025684182468,-1.2201916
M88645,327.0401245297183,-27.83410688373549,-1.2201916
M88646,-168.94672411481557,-8.698327300741871,-1.2201916
M88647,-165.6022556972131,12.331205409306623,-1.2201916
M89001,-155.51089446890626,-16.73446593785987,1.0429407
M89002,2.9364370770963943,-165.66740843633187,1.0429407
M89003,1086.3244220390957,643.9653021259527,-1.2286757
M89004,18.19537283910447,-25.10579930788559,-1.2264248
M89005,80.33839153950767,-7.8251546058416706,-1.2286757
M89006,-113.10974832638452,-68.19641728843497,1.0599089
M89007,-97.68508355724407,-43.5240099427049,1.0429407
M89008,176.49218002033462,-84.359353137691,1.0429407
M89009,285.9365094360684,16.16478456678333,-1.2286757
M89010,247.91011787236593,-49.405749808294566,1.0429407
M89011,-50.16316297863923,-47.1995706931303,-1.2117075
M89012,190.65254412145262,-40.554033616747866,1.0429407
M89013,-64.70874209120676,9.601934084712266,1.0429407
M89015,206.28299815465488,14.530442299948007,-1.2286757
M89016,108.63712026712015,-113.64056807135528,1.0429407
M89017,787.5494074336787,123.78651192034086,1.0429407
M89019,173.8153970375788,-36.67379443522355,1.0429407
M89020,38.976099923201275,-8.063023100263903,-1.2117075
M89021,-121.69934708264915,-12.318075256830634,1.0429407
M89023,-57.43127706606042,-13.96026796945841,1.0599089
M89024,-163.33473013450967,-43.794804044530785,-1.2286757
M89026,183.78472684652638,-36.404212325341874,1.0429407
M89027,16.915497096544026,18.62549555347782,1.0429407
M89028,19.12425260807202,-107.28311030268922,1.0429407
M89030,-153.55123909368297,-5.169776953421388,1.0429407
M89601,128.10392943623108,-36.83390755683898,-1.2275727
M89602,-114.7283943976266,-12.843043529167996,1.0429407
M89606,-227.66910813466941,-41.33230806391274,1.0599089
M89608,-219.61795634295137,2.2612255943432875,1.0429407
M89609,-122.76151865760164,-25.814063731511755,1.0599089
M91003,102.62933163660531,8.525240405810711,-0.91264313
M91004,191.15155781514486,15.720175920692183,-0.91264313
M91006,-108.4900458343922,-19.736653991889707,-0.91264313
M91007,141.89011842182933,-86.83398163346226,-0.91264313
M91008,146.71206333017898,-30.461320802556497,-0.91264313
M91009,55.39947844305333,-34.50933968359193,-0.91264313
M91010,140.56730368741603,-20.32753574834694,-0.91264313
M91011,18.02723429048503,-36.046451627550354,-0.91264313
M91013,294.7061142083484,-4.9510125588666085,-1.1395926
M91014,-185.78350497088178,-12.194539772866568,-0.91264313
M91015,133.50553743959452,-28.44780064826484,-0.91264313
M91016,-48.61875566710405,-8.650991611181748,-0.91264313
M91017,46.16763841527578,-11.441566400671347,-0.91264313
M91018,-155.0978918165032,-32.91008490434296,-0.91264313
M91019,404.8506769545637,30.607813904851586,-0.91264313
M91020,-124.62906542491802,5.12551370661534,-0.91264313
M91021,77.16477794127726,7.581526122048841,-1.1395926
M91022,-72.57473508875924,27.389482578204696,-0.9016138
M91024,-189.70845194601668,-11.892518599764013,-0.91264313
M91025,-152.08770568921216,-30.490849070853727,-1.2134664
M91026,-187.1934799572882,10.976260489403312,-1.2201916
M91028,56.976859322944165,61.47854524581543,-0.91264313
M91029,-39.779841335196785,47.35128206790066,-0.91264313
M91032,-54.199768181817056,-40.93146140452409,-1.2286757
M91033,-82.41892924551125,0.32505285785415516,-1.1395926
M91034,50.1159694059563,88.1370201184037,-0.91264313
M91036,-128.62951418969584,-20.32609682512889,-0.91264313
M91039,-192.07972892427148,-6.697501589541348,-0.8871908
M91602,-202.8363131161185,9.385332575912447,-0.91264313
M91604,-75.81324132992283,13.930730047642097,-0.8924675
M91605,-264.42141765034836,-49.887401497750595,-1.1395926
M91609,-199.44159770412546,-7.242173242309908,-0.91264313
M91610,-181.22782354519885,1.8007560528946474,-0.8871908
M91611,-165.16776561218575,-11.184869284010153,-0.91264313
M91612,-147.80393153590933,-5.326344042218561,-0.91264313
M91613,-143.2871537382399,0.41200376878781414,-0.91264313
M91614,-44.97501457565973,8.595206012827374,-0.91264313
M91616,38.52746144932817,-25.206747281611747,-0.91264313
M91619,-139.31290952681394,17.542350042443413,-0.91264313
M91621,-102.48951785321015,31.663991459470576,-0.91264313
M91623,-192.8853296231147,-40.747682888663995,-0.91264313
M91624,-103.29490175997721,-61.332493097291355,-1.2201916
M91625,-162.48263984995702,-36.80095847271471,-0.9036518
M91626,-103.03851892370092,23.68584125960172,-0.91264313
M91628,-149.48552807710024,4.191434851424364,-0.91264313
M91629,-102.63914349010588,-3.5192067410905477,-0.91264313
M91637,-108.41898694255578,9.728101551501156,-0.91264313
M91639,-134.16329811295674,5.56236961976834,-0.91264313
M91640,-81.480174517201,-16.989253620553736,-1.2201916
M91641,-51.73209243559516,-82.24107344847943,-1.2201916
M91642,-211.46663912399683,7.614342960383168,-1.2286757
M91643,-97.41539703912092,-24.596810373182457,-0.89609915
M91647,-53.07843654062923,4.112550727776728,-0.91264313
M91650,47.01110820520911,106.3097214484251,-0.91264313
M91654,-132.4939981773146,-13.21102406349734,-0.91264313
M91655,-49.80644896663433,-45.34689541791291,-0.9016138
M91659,-178.5782900373486,-35.16772309094674,-0.91264313
M91660,-157.66561599962014,35.4280661607506,-1.2201916
M92001,-150.99409314225028,-21.61286641423344,-1.1395926
M92002,228.87992955547637,14.851636425031732,-1.1395926
M92003,-210.94832753211378,-1.0596975577866161,-0.08332288
M92004,-137.48371240909668,-23.515003096951244,-1.1395926
M92006,-114.58949222703643,-35.32486124459865,-1.1395926
M92007,-39.14315130743569,18.863724908949603,-1.1395926
M92008,298.38001596577374,-30.604691193796445,-1.1395926
M92009,545.7127115610838,-71.56814228899293,-1.1395926
M92010,411.2159721846283,-87.4174232295118,-1.1395926
M92011,220.0819638525672,-54.082338064713404,-1.1395926
M92012,-53.08466983550416,-70.27926594123892,-1.1395926
M92013,5.177501496684116,-24.318151118625337,-1.1395926
M92014,-219.08645533508465,-3.389498132151121,-1.1395926
M92015,-211.8172868470762,-83.3669847792859,-1.1395926
M92016,173.59886783991303,243.1785622444178,-1.1395926
M92017,-181.50104420612257,12.595280792405685,-1.1395926
M92019,-8.383007153369958,-110.87236803707806,-1.1395926
M92020,-156.7762895929352,-43.322382545252964,-1.1395926
M92022,-60.53374656771825,16.46430006821233,-1.1395926
M92024,235.91622711752714,-124.35633781680872,-1.1395926
M92026,-104.27929794970693,-11.141053676191454,-1.1395926
M92027,-97.91637355794596,-12.657937918214179,-1.1395926
M92028,-45.8015306853543,-64.86652296979064,-1.1395926
M92029,-40.922838516556006,7.519440077988025,-1.1395926
M92030,-54.260638240088895,-8.830465121959959,-1.1395926
M92031,-122.11012842659576,-114.34894160041334,-1.1395926
M92035,-93.19940313590209,43.0268863906352,-1.1395926
M92036,-194.24317387809748,16.838270958243143,-1.1395926
M92039,-23.75975277637698,74.68270549938076,-1.1395926
M92040,89.31693229811083,40.17920740229177,-1.1395926
M92041,-170.7824367330718,-37.54751731971337,-1.1395926
M92042,-166.2655483033495,-2.6449873336442122,-1.1395926
M92043,-47.36258013096617,-12.559383456431865,-1.1395926
M92044,-56.19829079805402,-19.11669745609682,-1.1395926
M92607,383.8663328814211,22.67590631883967,-1.1395926
M92609,-27.65538032929224,18.58117838711916,-1.1395926
M92610,-178.38509248895073,2.934332859617301,-1.1395926
M92612,139.58980392986493,311.24346232509464,-1.1395926
M92627,-106.02438144684976,22.813005934496573,-1.1395926
M92629,-168.0700767251689,-2.8340284241016445,-1.1395926
M92630,-65.16746253152986,2.5848799215806872,-1.1395926
M92637,-243.7629816249535,-22.063517426065093,-1.1395926
M92640,-197.92651788761702,-15.699818177678104,-1.1395926
M92642,-224.83975267426234,-56.78757761969657,-1.1395926
M92643,-208.93412884653335,-13.378345088999557,-1.1395926
M92647,-185.62169900468592,-6.245401951387103,-0.072293565
M92649,-120.92591070944658,15.258767338269342,-1.1395926
M92654,43.094354322474516,102.3998578774188,-1.1395926
M92656,-321.84785176404966,-6.295874466176931,1.153658
M92657,-275.95983552682543,10.0919766757567,-1.1395926
N81001,-99.93524719614022,-9.50765223647258,0.42996484
N81002,208.30661926752242,-79.95460736830279,0.6038888
N81005,224.63441028243093,14.43894414935537,-0.9147641
N81006,-92.75532845197075,-23.354179749722967,0.8181122
N81007,210.444607648719,-172.5591944103464,0.66327745
N81008,211.06698842613523,-122.1527430659638,1.2953426
N81009,-16.972862068364332,-33.651758399592744,0.8181122
N81010,-11.354422533919378,-18.59990279825352,0.42996484
N81011,443.1757577305321,13.438214245417745,-0.9147641
N81012,175.5216705033627,-72.04001271056025,0.66327745
N81013,-54.77261431636018,-55.876908729998185,0.6038888
N81014,75.7396713842784,5.248881745304601,0.66327745
N81015,99.56632457061617,-218.636128330879,0.44513017
N81016,661.9975428331857,178.94659274768838,0.42996484
N81017,-66.92136132618106,-94.84499342594503,-0.9206727
N81018,111.532367218115,-33.17076576720743,0.8181122
N81019,268.3406103861896,-157.5814346042418,-0.9147641
N81020,349.0586713693034,-146.00066317870443,-0.9147641
N81021,-29.047962843547687,-81.11050799792837,0.6117669
N81022,363.17813941913215,214.1967684204601,0.6038888
N81023,2.7678846272802207,-57.180429038032045,-1.256249
N81024,115.78451217590572,-86.67723499222184,0.8181122
N81025,48.754843560457424,-117.75323683528073,0.66327745
N81026,107.87392888932024,-79.9412179867204,1.1065714
N81027,357.87770171284706,-26.606305909724224,1.2953426
N81028,60.036380291961905,39.96483928611515,0.66327745
N81029,258.2564726377927,-77.201458866114,0.6038888
N81030,448.83184301582577,68.30026363173485,-0.9147641
N81031,-105.63951920521288,-31.98709559224784,0.8181122
N81032,744.3552916349307,-87.63920958274898,1.2953426
N81033,33.991058881632284,2.4818759542120663,1.2953426
N81034,242.91002297636277,-25.616933349008733,0.8181122
N81035,275.13517358973974,-85.46126987580193,-0.9147641
N81036,9.585497153364644,13.497266712342899,0.66327745
N81037,242.1278279474294,-40.40958545888684,-0.9147641
N81038,-8.505444912109429,-3.475117303167161,0.8181122
N81039,204.53415605981925,-44.90165875489428,1.2953426
N81040,-88.43111831872882,-44.326433641282534,0.8181122
N81041,112.04220578263686,-54.70657940475392,0.66327745
N81042,28.133155457585755,-62.330929410566306,1.1065714
N81043,-10.076770723814631,-47.30910866889321,0.42996484
N81044,76.98864515167702,-68.97686121517403,0.42996484
N81045,516.309385810838,-19.040736678021155,-0.9147641
N81046,100.15892421274526,25.0355886629964,0.8181122
N81047,352.87939043510505,-88.68075621956221,0.42996484
N81048,446.4731867634157,-95.816431233695,0.66327745
N81049,-6.1247193937604925,-53.36008355819043,1.1065714
N81050,170.73201839678185,55.67548830201201,-1.256249
N81051,-20.456493908308083,-78.96794201843831,0.66327745
N81052,237.07103805219518,-56.57658788555822,1.2953426
N81053,470.01442587248545,-118.31191840314754,0.42996484
N81054,228.23070245092376,-14.937554021233879,-0.9147641
N81055,-71.48243344649487,-80.54782347417469,0.66327745
N81056,199.40883364812007,-81.07925644542067,0.66327745
N81057,443.2337539682243,-52.17659138493462,-0.9147641
N81059,154.73800398791568,17.315195855332913,0.66327745
N81060,251.02034031634037,-20.560986785714903,-0.23391555
N81061,56.968128688921524,-72.57397049006045,0.66327745
N81062,494.48163468168406,-60.84127005747728,0.6038888
N81063,226.64738498012582,-97.89556683185178,-1.256249
N81064,33.02767797446325,-91.76394415963254,-0.9147641
N81065,13.37381343768835,-17.688735346374468,0.66327745
N81066,257.2055548953094,0.6974368326782421,-0.9147641
N81067,105.52223417977434,-70.93339450472051,0.66327745
N81068,394.18239478768754,-112.48889464255664,0.42996484
N81069,-131.55437900414228,-38.5831881713712,1.2953426
N81070,164.03732095492575,-74.40753350396805,0.6038888
N81071,-74.7177692336366,-15.792953455331606,1.2953426
N81072,74.96156548211786,-41.68680949349212,-0.9147641
N81073,231.99147653824076,-138.3221578164239,0.6097377
N81074,-81.01038338399236,-11.617868102849654,0.8181122
N81075,280.76884230428385,-102.88464283751401,0.66327745
N81077,141.39188205168918,-99.93369920037149,1.2953426
N81079,138.59205967776737,-62.984570821780736,0.8181122
N81080,-6.364200901670278,-13.888590451066305,0.8181122
N81081,138.4804643692683,-53.591259013038616,0.8181122
N81082,493.8149226613795,-80.17583025513109,0.8181122
N81083,-5.802923453025278,-73.75279143790692,0.66327745
N81084,477.83109551044424,-68.737489029331,0.42996484
N81085,76.05852919375654,-57.95089344077971,0.6038888
N81086,201.1526782005086,-15.895857003781337,0.6038888
N81087,827.1519130861668,-126.13935911342217,0.66327745
N81088,177.42312674440635,-8.823197095047021,0.6038888
N81089,209.73692575239326,15.986169229430418,0.66327745
N81090,-155.46987846123258,-6.110006573197411,0.42996484
N81091,-27.903634225553123,-18.130152532500265,-1.255976
N81092,333.3759070267821,-67.63234779491067,-1.256249
N81093,54.786076704890164,-2.5481741391764015,-1.256249
N81094,46.72780886645441,-36.592002879922156,-1.2556975
N81095,32.57587485355783,-35.56817469923367,-1.255976
N81096,88.7899099313668,-97.0785710795355,-0.9147641
N81097,-144.50961862005045,-37.629077149794604,0.66327745
N81100,-48.90984547668989,33.164582231146326,0.8181122
N81101,-88.23118654337657,-51.794493277802744,0.8181122
N81102,-209.31058997552327,-19.825431404480312,0.8181122
N81104,-243.31219798854792,-144.38253588609953,-0.1660428
N81107,-151.07219008361253,-28.523503962957797,0.66327745
N81108,224.7458009064625,4.38507368854076,0.66327745
N81109,8.773125873556431,-52.249933065043905,0.66327745
N81111,-46.280416867020975,-93.8836962638552,1.2953426
N81112,-68.02767425293217,2.0848141152362056,0.62031543
N81113,9.004848103778953,-70.23013932442443,0.66327745
N81114,263.31576650302884,-72.88423247667397,0.66327745
N81115,-40.86207015868812,6.6386671056399695,0.8181122
N81117,68.88505986806167,21.772978934957152,-1.256249
N81118,82.8291508872296,-0.6693586388618036,1.2953426
N81119,-35.17033471684013,23.360432206178555,-1.2923063
N81120,-53.513166910346705,-27.317731309793896,0.8181122
N81121,-51.308142947663335,-18.035783006831338,0.8181122
N81122,295.3362554296707,-20.035322990405835,0.66327745
N81123,-5.941069499588013,-14.755107135872025,0.8181122
N81125,102.8022916684285,-17.153632571777138,-0.23391555
N81126,-118.19066815025259,-9.027925182975341,0.84356445
N81127,180.35545494125057,-124.69148281091996,0.8181122
N81607,-181.52281413714456,-42.9499162233167,-1.2563329
N81614,-104.80553699809825,4.609738112812695,0.8181122
N81618,-194.5050155696544,-34.370622193553494,-0.9227799
N81619,-139.2418581774873,-16.52551853397015,-0.9147641
N81623,-151.9730988226278,36.505499048460294,0.66327745
N81624,25.564941563509887,132.06782370327832,0.8181122
N81625,-140.2569535075375,-9.128846547450378,-0.92324823
N81626,-26.290373260991537,-28.120145143680322,-1.256249
N81628,109.77673230892111,22.75057746253916,0.66327745
N81630,-326.83181145062787,-9.36000070965051,0.66327745
N81631,-274.1818086229838,2.459221671441742,-1.2553558
N81632,-97.91741269163533,-8.826784481463905,0.6038888
N81634,458.79888681097657,247.0870930867941,0.66327745
N81635,-313.4538640052737,-3.4477437565285034,0.83154535
N81637,-115.33739670243382,-7.187290957194724,0.66327745
N81642,-59.3698654244169,-41.232006430171694,1.2953426
N81645,-198.93993511695507,-42.56122520541731,0.66327745
N81651,-142.65369078669843,16.521265035280283,-0.9147641
N81653,-290.4779494827693,16.458028007031253,0.66327745
N81654,449.5148416801074,-1.9308666747340912,0.66327745
N81655,-280.6808041196127,-1.039882570339792,0.8181122
N81657,-305.89760526613935,-5.231444774674202,0.6221888
N82001,67.28734998038024,-71.28450866934286,-1.2923063
N82002,-48.31306290954096,-6.805962585778919,-1.2923063
N82003,-97.86040667694546,-53.53999393084887,-1.256249
N82004,-137.65614792043695,-7.8427900073756565,-1.256249
N82009,63.54174716536032,-84.44767936839213,-1.256249
N82011,365.50305047395693,-119.87043648224868,-1.256249
N82014,22.271177816461268,-74.60510303505215,-1.256249
N82018,479.845741924881,-76.8888013097263,-1.256249
N82019,16.404466967797287,-98.01223275568117,-1.256249
N82022,139.58690204408126,-85.74146435154718,-1.256249
N82024,303.40962647332793,-25.972427576204556,-1.256249
N82026,-28.67144156900053,-21.837694809042144,-1.256249
N82033,-63.30034028771262,16.43479413028931,-1.256249
N82034,128.94027787032934,-17.621801916613446,-1.256249
N82035,106.94553853552154,-131.37864303649704,-1.256249
N82036,45.37462029454823,-30.092397231995502,-1.2923063
N82037,299.1032432581789,-116.49068716529626,-1.256249
N82039,-138.7426263302368,0.1159886010788672,-1.256249
N82041,141.77736897391767,5.999480523165413,-1.256249
N82046,56.45441548980882,-45.81858434387741,-1.256249
N82048,163.48245639425062,-58.268568205815654,-0.22755249
N82049,-26.168440071504403,-36.646323991708506,-0.22755249
N82050,-165.17975615829573,-15.269430480544374,-1.2923063
N82051,-180.6890713896645,-12.645527161836975,-0.21329042
N82052,-100.0521283289585,19.0786260561465,-1.256249
N82053,566.9056606745822,15.758630157074588,-0.22755249
N82054,-63.4700933341445,18.760338352827223,-1.256249
N82058,-74.41114170779987,-12.66559576991161,-1.256249
N82059,-164.29427297403356,7.084162221119045,-1.256249
N82060,-85.03986874841087,3.6022600892259895,-0.21439251
N82062,-1.4202069841968328,-16.67575084369516,-1.256249
N82065,-39.27295039581421,-43.493372414753956,-1.256249
N82066,120.93277146438344,-56.95334074774509,-1.256249
N82067,-118.07417550335785,-14.207983373268926,-1.256249
N82070,175.4453660794532,-1.5631702960923677,-1.256249
N82073,8.082083132889744,-42.13791313337718,-1.256249
N82074,179.12542335648448,-34.53245438153684,-1.256249
N82076,-16.836558837794506,-32.191608655803165,-1.256249
N82077,-168.11968026722795,-33.72475736951287,-0.22755249
N82078,-86.26588279458545,-17.402162096638673,-0.22755249
N82079,-84.16316094479431,-23.46397927281607,-1.256249
N82081,-144.28444754174765,16.219288826914205,-1.2563329
N82082,-126.67959398716783,-13.526446375022939,-1.256249
N82083,128.92000109738478,0.9004676828893863,-1.256249
N82084,99.45507583172856,-55.0020718352063,-1.256249
N82086,-22.275632256954566,32.084520234160145,-1.256249
N82087,-138.18985833790836,-27.94681893630477,-1.256249
N82089,-188.51667189866473,-17.337860379546534,-1.256249
N82090,167.58232622421502,-33.70674702154714,-1.256249
N82091,-184.08144994332412,-6.399776317533496,-1.256249
N82092,71.23251166769018,-58.46448107645392,-1.256249
N82093,-119.91483381348617,-26.993202197826697,-1.256249
N82094,82.10663957097353,39.344199041624286,-1.2923063
N82095,-118.67524589453873,-4.234584850239171,-1.256249
N82097,-8.248143042385044,49.15047837409066,-0.22755249
N82099,42.50899505426861,26.012403775603698,-1.256249
N82100,-147.92005010955876,-12.077289105943114,-1.2518623
N82101,-57.48142839683663,-59.56655431713538,-0.22755249
N82103,-51.793649325557375,-1.1570918950052158,-1.256249
N82104,-86.65203208111822,-27.40698001889752,-1.256249
N82106,-132.98052145321512,-37.00098479793749,-1.256249
N82107,-219.3176743494445,-38.0325579319802,-1.256249
N82108,-22.661993976384494,-17.01757740292574,-1.256249
N82109,-119.48280928176739,-17.776555488082078,-1.2923063
N82110,197.22742330712498,-59.51385789310316,-1.256249
N82113,-51.41908053961627,50.06931465661286,-1.256249
N82115,75.10549940142624,-17.9456608235465,-0.22755249
N82116,-55.87498817819229,-39.011860437916916,-1.256249
N82117,413.33179974194167,73.17291600515166,-1.256249
N82617,-130.5070354735608,0.2263699084076631,-0.22755249
N82621,-156.13507251150273,6.156896136314328,-1.2923063
N82623,-156.65057181041072,-3.69841500332844,-1.2514949
N82633,-105.42879054170685,15.398383682692407,-1.256249
N82641,0.1045475884937949,14.689778511977035,-1.256249
N82645,-96.11484338044434,7.4991620385893745,-1.256249
N82646,102.24400880120776,-57.9809347251763,-1.256249
N82647,-216.0236747365825,-85.11669450518178,-1.2549763
N82648,-230.0698718611686,-7.6762900185624865,-0.22755249
N82650,-164.4122768102663,-29.409458343892084,-1.2923063
N82651,-155.82553763288112,50.437176816561006,-0.22755249
N82655,-173.16574510618005,-31.287359120602197,-1.256249
N82657,-219.46659241477337,-54.375075269646935,-1.2477648
N82659,-207.23044072390962,-4.865107668027351,-1.2477648
N82662,-23.039660193231146,-18.859832483925555,-1.256249
N82663,-65.03836287046703,-1.6768846214099788,-1.256249
N82664,-152.5333127169306,-32.93080803857203,-1.256249
N82665,-67.30350474338822,4.031027443039535,-1.2545255
N82668,-182.9397665222777,-1.8018919382389136,-0.22755249
N82669,-151.58077119617448,17.006130637222793,-1.256249
N82670,-108.7870589644911,-66.87195410097445,-1.256249
N82671,-135.74478807221837,-61.59773745422432,-1.256249
N82673,-108.15175038063862,-44.60943700083553,-1.2477648
N82675,-260.9144913411276,-89.32057079402621,-1.2567792
N82676,-61.61112952535577,-20.787196894495796,-1.2923063
N82678,-144.3834758697545,-26.638079727207966,-1.256249
N83001,420.01332581642214,-80.9005770479538,-0.7768976
N83002,324.53260210234856,-83.87681409418092,-0.7768976
N83003,108.84566214254085,-64.6680443373877,-0.7768976
N83005,155.77289199168146,-86.16901079194129,-0.7768976
N83006,-65.47896713874903,-14.925789095193743,-0.7768976
N83007,-206.6097172228604,-14.784424469136459,-0.7768976
N83008,315.21403824458633,-21.840869669955786,-0.7768976
N83009,384.07562069820256,-35.176839514325856,-1.2923063
N83010,42.246170933101546,-85.65140155868937,-1.2923063
N83012,273.11130236901914,18.717429197914555,-0.7768976
N83013,-11.89646328906313,-34.839499773650225,-1.2923063
N83014,305.9418467762373,-73.62434319933215,-1.2923063
N83015,-64.18398199578198,-14.405876161571477,-1.2923063
N83016,-290.88717145105466,-84.50235739825956,-0.7429612
N83017,-70.11677383208192,-22.447196669920363,-0.7768976
N83018,217.2474191368114,-162.93694456077088,-1.2923063
N83019,298.00065101778466,-142.760786369709,-0.7768976
N83020,153.10919346042277,6.162871478964675,-0.7768976
N83021,294.9137787519402,-10.910968219002482,-0.7768976
N83022,255.62792902283775,-45.916923871566986,-0.7768976
N83023,86.78172439020551,-97.11484247014943,-0.7768976
N83024,161.39290234982033,-81.9852194087198,-1.2923063
N83025,30.79538399956766,93.35825056636041,-1.2923063
N83026,-176.53656830513657,-11.860192060857997,-0.7768976
N83027,50.8019096209728,-56.348318677410646,-0.7768976
N83028,1109.8357007546435,-171.0690893066615,-1.2923063
N83030,-15.67176436232725,-52.81378258077638,-1.256249
N83031,-152.5211813348271,-5.2258976316555374,-1.2923063
N83032,253.96492991457893,-56.66816749468443,-1.2923063
N83033,5.804409481784974,-44.945512344240164,-1.2923063
N83035,126.15879413709659,-50.991007048016606,-0.7768976
N83041,-89.56353908879066,-30.453177100999188,-1.2923063
N83043,-93.94638627151778,-43.20531769929624,-1.2923063
N83045,-31.755361151388446,-9.296387961487412,-0.7768976
N83047,-99.11468260605612,-22.28732028823906,-1.2923063
N83049,-74.33136679907022,-21.423090472686134,-1.2923063
N83050,-85.5473487427194,-17.905141978822538,-0.7768976
N83053,18.70465316084526,3.668067723615589,-1.2923063
N83054,-106.430716852336,3.880583605206737,-0.7768976
N83055,-4.905465075917569,18.187833705371848,-1.2923063
N83056,-185.35542705904726,-31.48895614761781,-1.2838223
N83057,-245.54395622735962,-130.24879070753136,-1.2838223
N83060,-5.56007104663734,-13.337454479513658,-0.7768976
N83601,-64.79878168605086,60.54182134551653,-1.2923063
N83603,33.5000211431298,-69.06813806731893,-1.2923063
N83604,-157.43238078941798,-12.706709855803995,-0.7768976
N83605,-33.743610818926705,19.22727901804333,-1.2923063
N83608,267.1931628233704,113.88198514174373,-1.2923063
N83609,-97.3768504946883,6.29202140400952,-1.2923063
N83610,-146.0724364753925,-6.108192858744699,-1.2923063
N83611,-159.37242127903997,-99.0673582196753,-1.2838223
N83612,-128.40818978886352,-30.331792025009968,-1.2838223
N83614,-147.95056250318058,11.748518365495226,-1.2923063
N83619,-221.6270178586862,-27.35208406150786,-1.2923063
N83620,-144.64806761779394,-21.77253893852475,-0.7768976
N83621,-111.2132312993826,-51.43431980186685,-1.2923063
N83622,-178.40057026856033,9.117325979463487,-1.2923063
N83624,-131.25255111943295,-45.19098785568944,-0.7768976
N83628,-139.27710852764255,19.578875312664543,-0.7768976
N83633,-90.95794390139706,4.502126207863464,-1.2923063
N83635,-146.88979857010867,-35.724440276834365,-1.2923063
N83636,-108.1940671524354,-13.970641513649344,-0.7429612
N83637,-152.6477410029346,-4.944931082316219,-0.7768976
N83638,329.9053288376591,134.5159242083867,-0.77757627
N84001,143.15592851593394,86.77039028422811,-0.22755249
N84002,-137.9815699591558,-2.4605899134410247,-0.22755249
N84003,272.8446878076047,9.881218088078658,-0.22755249
N84004,83.70252151104081,-40.99432827026684,-0.22755249
N84005,307.6652203252394,109.25355670604682,0.533895
N84006,123.14001732499182,-10.313283576349887,-0.22755249
N84007,-50.32231846415952,-4.408947535017781,-0.22755249
N84008,95.70337635026102,-6.598070635220423,0.533895
N84009,-146.15416096558954,-39.562562308444164,-0.2021002
N84010,-180.7396273504259,-22.00738244879547,-0.22723113
N84011,7.762337862956736,-29.083894619517366,-0.22755249
N84012,462.5607284864236,-75.08889729044003,-0.22755249
N84013,-3.33901905202454,75.55714349933837,0.533895
N84014,-143.10886977922627,-43.27688131565881,-0.22755249
N84015,107.09021437464496,-24.73394560010473,-0.22755249
N84016,166.48638155182647,-0.8752332181075424,-0.22755249
N84017,360.6922304503582,-100.98423503251465,0.533895
N84018,343.48429341472087,63.09423842643497,-0.22755249
N84019,27.489568390310676,-32.73201415247639,-0.22755249
N84020,206.1338090411784,10.864663846406724,-0.22755249
N84021,496.280461421524,-179.1695426512688,0.533895
N84023,115.00647998844899,12.701262219776837,-0.22755249
N84024,313.2052943684279,-94.32874903785128,0.533895
N84025,145.10023900695404,18.378416978990035,-0.22755249
N84026,-172.20349694413594,-4.395335271966205,-0.22755249
N84027,-60.89682362590066,2.872784578611144,-0.22755249
N84028,36.612521934536865,-10.279482993380686,-0.22755249
N84029,-44.972835537777144,-56.720843086521874,-0.22755249
N84032,-185.83893693908323,-2.6700266671859665,0.4829904
N84034,103.82064964771897,-16.905124739342043,-0.22755249
N84035,-10.8111709336613,-14.447879701467356,-0.22755249
N84036,-180.5161032630844,-40.711914542002354,-0.21329042
N84037,-169.82845973185212,-10.38737094589396,-0.22755249
N84038,-73.70198480657231,53.74216672502184,-0.22755249
N84041,-37.558582064923755,-20.897166638007384,-0.22755249
N84043,-213.26956985982628,-2.022277090114898,-0.22780448
N84605,-157.49463637235596,-11.324425795751655,-0.22755249
N84611,-145.57827651185158,30.38825688258314,0.533895
N84613,-86.85956125767336,-15.109914501926259,0.533895
N84614,-133.32729133168505,-22.024653466786837,0.533895
N84615,-142.68723431626398,12.058873929771039,-0.22755249
N84616,-223.88754436932854,-12.755986675811066,-0.2021002
N84617,-120.55920122072143,-12.55369006139783,0.533895
N84618,-5.527138552261811,-4.410396561672953,-0.22755249
N84621,-140.429924189252,-17.44859100383372,-0.22755249
N84622,-184.2161251924993,-1.4149082367578436,-0.2021002
N84624,-180.53968014843227,-3.361271836547392,-0.22806154
N84625,-101.41842329099633,-18.679047261393563,0.533895
N84626,-209.07025034516545,-33.49632866696685,-0.22755249
N84627,-182.68526451534353,-11.464884670854524,-0.22755249
N84628,-303.1630558595592,-2.489403738432131,0.53155756
N84630,-183.31261611811573,-0.2516203588233166,-0.22755249
N85001,-108.16128572024508,-8.727372611993166,-0.23391555
N85002,539.0164114768469,208.04577973029745,-0.23391555
N85003,-33.682528308299354,-6.060056617104144,-1.256249
N85004,-100.73148995905368,-59.02400620219247,-0.1660428
N85005,303.6896342786977,-32.1206485604046,-1.256249
N85006,189.2463677459322,12.40654198749862,-0.23391555
N85007,324.6943134956655,35.17666284269754,-0.23391555
N85008,553.8867609465319,9.15073717855822,-0.23391555
N85009,-15.183050749460415,-1.741436401192476,-0.23391555
N85011,28.087948529911404,20.772453007540285,-0.1660428
N85012,213.07894025698292,-36.410675276210505,-0.23391555
N85013,222.91459248258536,19.229336286753583,-0.23391555
N85014,-25.533844126375467,-70.44448112621846,-0.23391555
N85015,76.52931182667764,-32.463472896168696,-0.23391555
N85016,144.7569134752246,-45.731076298927015,-0.23391555
N85017,-11.806745707686959,-45.70946905101807,-0.23391555
N85018,31.743853827725435,-1.0652169614528917,-0.23391555
N85019,180.43533750934367,6.106017580265465,-0.23391555
N85020,336.11772867087376,159.8806150995719,-0.23391555
N85021,-171.9875935501959,-4.296882233599785,-0.23391555
N85022,-140.05440519996995,-21.181317693318835,-0.23391555
N85023,64.60362858014332,8.572684631887455,-0.23391555
N85024,181.53806857114384,11.279523597825929,-0.23391555
N85025,-33.58856894114616,-1.7771695573347908,-0.23391555
N85027,302.92846096686867,21.60835195751764,-0.23391555
N85028,86.34001478911053,-19.617279381771137,-0.23391555
N85029,-77.57769139049834,5.779052656386161,-0.1660428
N85031,-59.66666815944143,-54.402955684060586,-0.23391555
N85032,39.35782648098469,-14.99445764674177,-0.23391555
N85034,24.581224131082053,-25.9521141871763,-0.23391555
N85037,-12.71849607451535,-6.91185067479786,-0.23391555
N85038,19.895303648436226,-39.83762821103027,-0.23391555
N85040,-38.474457436791795,-76.86657102855162,-0.23391555
N85041,11.074768890006942,-49.25040793380454,-0.16604279
N85044,514.7168506790368,180.10661523205542,-0.23391555
N85046,-82.67465664797226,-18.24598840320751,-0.23391555
N85047,-68.04380980843361,-4.409003267984102,-1.256249
N85048,-40.58312160509882,-34.45784978370945,-0.23391555
N85051,92.87766135748991,-43.66043040952094,-0.23391555
N85052,-157.21152569906704,-2.3336941455709774,-0.23391555
N85053,-131.16833251478283,-34.360918432168766,-0.22950383
N85054,-54.49167658914745,29.33780417729936,-0.23391555
N85056,-18.605638282868043,3.575709389256569,-0.1660428
N85057,-197.86006995455307,-17.23556242341913,-0.23391555
N85058,-85.65255622068558,-99.47768255586588,-0.1660428
N85059,-18.930038779581846,-25.21187112371437,-0.23391555
N85614,-305.57565797698584,-66.24671926725382,-0.1660428
N85616,-61.6524644533935,33.24217815109623,-0.23391555
N85617,-90.3502458052957,-0.6466484196680735,-0.23391555
N85619,-38.58111537894952,40.83420640269228,-0.1660428
N85620,84.5825496564896,99.82526838887317,-0.23391555
N85625,219.1078643721896,139.35896116406366,-0.23391555
N85629,-25.878596827328693,-44.42388052954074,-0.23391555
N85632,-287.50615291505324,5.592435678448415,-0.1660428
N85633,-125.05345865960477,19.13571360260711,-0.23391555
N85634,-213.5184000020543,5.387173165475033,-0.23391555
N85635,-219.62264881669543,-7.1051241016008095,-0.1660428
N85638,192.02967601386814,73.96928390514545,-0.23391555
N85639,-303.238590633237,-288.24606225342274,-0.18363178
N85640,-77.8528953129614,-10.562124058180244,-0.23391555
N85641,-291.17315055725095,3.0004129896356133,-0.20479105
N85642,-289.70712022396305,10.947266614880622,-0.1660428
N85643,-180.16069307419966,22.43571048833063,-0.23458757
N85645,301.3078716113412,-260.2378873914483,-0.23391555
N85647,-145.26717168202973,7.99057211709723,-0.2160424
N85648,-123.42993102835206,8.095772473564605,-0.23391555
P81002,1071.6811643386338,667.0288696005504,0.024849322
P81003,244.66071624952002,-82.72430620298225,-0.25512582
P81004,-14.302560992978808,-50.6248885260501,-1.2923063
P81005,306.81616945390283,-62.68340689684612,-1.0929301
P81006,537.3065967818247,187.85079442023473,0.47662738
P81008,31.8213964666115,-65.74553140449,-1.1565609
P81010,-72.44456703031447,-5.9551292091115995,0.7884178
P81011,92.641518534182,17.113739979085082,0.050301604
P81013,306.73203432253825,-75.00520825228053,0.024849322
P81014,151.77563244090462,-80.07555339411357,0.533895
P81015,222.8449084307934,-4.67356747536616,-0.5944896
P81016,346.4876471544169,-51.26626785632019,-1.2923063
P81017,218.67476820136696,-23.60123658061562,-1.0568727
P81018,171.01896109370398,6.220668793603544,1.1977754
P81020,258.5575113526657,63.48272605931767,-1.1565609
P81022,317.8658421312047,-85.60331789108395,-1.0929301
P81025,229.92363400789282,9.842991373094643,-0.86810166
P81027,319.6066974317078,-81.03206006586579,-0.25512582
P81028,-124.7616962560942,-53.002565039634774,-1.1455315
P81029,581.6256080737887,-117.07646264796983,0.024849322
P81031,101.57647632169915,-154.2063162271362,-1.2923063
P81032,228.91822333835844,-25.539016983688036,-0.86810166
P81033,63.7039166680865,38.353097797870134,0.7884178
P81035,-72.23457190509333,-54.07946610153314,-1.1565609
P81036,484.6878894705748,5.52577305409669,-1.0568727
P81037,208.879153517465,15.4267149659243,-1.2923063
P81038,29.774352018076648,89.12458126211091,0.7884178
P81039,-32.008302223847124,-6.289296622675291,-0.7768976
P81040,362.3223624523856,-9.15133333442404,1.1977754
P81041,-61.61118112824672,-75.88666315503491,0.533895
P81042,286.50033573566776,29.65974868972808,-1.2923063
P81043,-29.967496552775746,-12.636927228974878,-1.2923063
P81044,591.066676388913,-23.633427426689927,0.7884178
P81045,-82.43099055620151,-74.50608204296807,0.533895
P81046,-19.764707851647756,-1.3328905391479096,1.1977754
P81047,130.00835485122533,-58.66854502683665,-1.1565609
P81051,310.4287809753935,-33.99666568196095,-1.0929301
P81053,64.90086866693797,-45.35435311716463,-1.1565609
P81054,178.9965619234827,2.6322922583447115,-1.2923063
P81055,257.2402505299785,72.66476919096186,-0.5944896
P81056,31.06275683311516,-119.3960688962177,0.51904786
P81057,344.78705978971516,-65.55428411413313,1.1977754
P81058,159.33648476953203,-36.167071876705606,-1.0929301
P81059,147.1832922466043,-32.08797753603387,1.0259725
P81061,-31.028071817664646,-59.2503512824859,-1.0929301
P81062,-12.753774145463376,-26.837228103591855,0.7884178
P81063,280.9344651863939,-16.31858176174469,-1.2923063
P81064,9.474235062919044,-75.84033291341187,0.050301604
P81065,241.95921084617518,110.02094830767793,-0.86810166
P81066,56.98701011274722,-3.8328095193739653,-1.2923063
P81067,442.08544701215936,-11.794053518096025,-0.5944896
P81069,140.5193648953494,-18.09801395580642,1.8531717
P81070,141.49987052086192,2.2337079878396917,-1.1565609
P81071,-110.27550919831133,-99.27671173443258,1.1977754
P81072,407.93552251328816,-69.75432812012798,-1.2923063
P81073,333.4393939133469,-10.921612817730335,-1.2923063
P81074,532.0902656125899,31.715604353059497,-1.2923063
P81076,205.9087981618286,-141.35868634898603,1.1977754
P81077,201.20534608814768,-39.92963201747418,1.0259725
P81078,258.39917484800867,-37.86432302408974,-0.86810166
P81079,260.3762051965713,-1.3483940208353524,-1.2923063
P81081,-65.98481387983965,-15.039531944780189,-1.2923063
P81082,216.42825496859453,-47.55874660994138,1.1977754
P81083,121.34873423085754,-31.130174022727314,1.1977754
P81084,17.75772566752886,-10.202661819977697,-0.7768976
P81085,-41.12712514945167,-195.79654073582935,0.51904786
P81086,290.67833960325106,-58.114523905652284,-1.2923063
P81087,450.1168538329756,-50.11455533770638,-1.2923063
P81088,48.98076477121588,-26.325354557503143,-1.0844461
P81089,314.7553452726514,-97.25446484224747,-1.2923063
P81091,217.6313678865147,-45.28442952746337,0.050301604
P81092,179.45320663175144,-6.345508350810376,-1.2923063
P81093,-284.5700648756912,-9.432696721708577,1.1977754
P81095,91.36505324159383,-77.1719229428529,-1.1565609
P81096,54.527985677451284,5.914231836623542,0.533895
P81099,271.94551169836234,-20.188794545850964,-0.25512582
P81100,359.83224576780395,-125.08317821933989,1.8531717
P81103,248.45569136303695,7.012042075438461,-0.5944896
P81104,-119.12063745428318,-28.66272705460816,-1.1470528
P81107,53.90406413467955,-67.94805296378973,-0.5944896
P81109,68.35250824988523,-41.446325782421475,-1.0674778
P81112,193.18904938145693,12.06239582426588,0.533895
P81113,-34.74247558409367,-0.8137758101280821,1.4204829
P81115,325.7225063526994,42.83540827647821,-1.2923063
P81117,-113.66822446116133,1.517319530578156,1.1977754
P81118,153.54231512613856,-38.10565050591279,-0.25512582
P81119,66.31569596363109,-40.22062120212904,1.1977754
P81121,-230.91808165316021,-47.69178261819951,-0.7429612
P81123,500.04882230927797,-90.33593881854638,-0.86810166
P81125,179.74843610089368,-22.670563217586285,-1.0929301
P81127,-127.51215761142824,-45.1596877094888,0.7884178
P81128,163.97456714236026,10.58184372135369,1.0259725
P81129,131.7459616551246,-10.478090784658711,1.0259725
P81130,341.8057509912634,-130.18572462547334,-1.1565609
P81132,59.685185474638416,-109.6725564323063,-0.25512582
P81133,224.80534254705486,-87.75330057488307,-1.2923063
P81134,-120.62526584330843,-63.574220656073045,-1.1565609
P81136,-214.2448901405047,-21.986449255890825,0.533895
P81137,11.800611002092467,-67.72235054590614,-1.1565609
P81138,-187.04587303958408,-15.294703752656412,0.533895
P81140,527.6460116909748,166.8695390023207,-1.0929301
P81143,211.88109419130097,-43.97485001835283,0.7884178
P81146,-79.11238146411816,-142.56912041667445,-1.0517027
P81147,-69.24930550164198,-29.83349001012538,-1.0568727
P81149,111.02979574467203,-41.8015262349863,-1.2923063
P81150,107.19151472299039,56.86631704673236,-1.2923063
P81152,93.46990749034353,57.21698979378855,1.2179132
P81153,107.72362111205237,-70.6521748060805,0.51904786
P81154,132.31197851663,-53.831642789573216,0.7884178
P81155,-160.3863377486451,-0.36690023381421516,-1.0929301
P81157,97.63394986256088,19.802725615536055,1.0259725
P81159,230.06039384591017,2.555708364105088,-1.2923063
P81160,252.9643019339824,78.5920991133775,-1.0568727
P81163,-213.87795726777057,-26.587879305849533,1.2378845
P81165,-186.5340957867148,-15.92954182676084,-1.1565609
P81166,-144.1779450447156,-26.98565588661793,-1.0568727
P81167,32.78889983770247,-41.43426745056957,-1.0929301
P81169,10.248492209481025,-52.852760666241686,1.1977754
P81170,-3.0977422720298993,22.65933211513819,-0.86810166
P81171,-72.04227959505629,-26.092395757488635,0.7884178
P81172,122.0879583381117,0.34643369308434085,-1.2923063
P81173,-152.2939139408511,-30.722776402968062,1.1977754
P81176,-201.22451578057056,-100.77978050579621,1.2401959
P81177,-249.36415838757273,-55.95744866244222,0.5159124
P81179,-137.0650716481965,23.4185786727598,1.1977754
P81180,-127.22825794039139,-12.57261252322867,0.7884178
P81181,-112.2897612966065,-1.0045372147981326,1.1977754
P81182,-44.7279023909535,-69.61432773675568,-1.0568727
P81184,134.6660554487003,-23.28513775818944,-0.5944896
P81185,300.65393357013204,-0.9964058279302975,1.1977754
P81186,-85.30895265404548,-29.496013802102137,1.1977754
P81190,164.40086057900248,2.0183515346371133,0.51904786
P81191,153.6337811625943,-50.12867594911458,-1.2923063
P81196,807.5532188029547,498.9868288884895,1.1977754
P81197,-62.50985957849664,-27.309433738099127,-1.1565609
P81201,-97.56330857779066,-39.409656079124005,0.533895
P81204,-28.42216730590933,-100.01654720251715,-1.0929301
P81208,171.45385667732063,126.17870748358139,-0.7768976
P81210,-54.92446253595461,-88.68208923393522,-1.290583
P81212,-11.221886214729093,-103.26171092449293,-0.25512582
P81213,303.9030946796153,0.29323505135042527,1.1977754
P81214,-114.48060327749094,-33.348233619109934,-1.0929301
P81215,0.10941865532529071,-62.88266598310078,-1.1447437
P81218,139.08773460860044,-63.787899797938,-1.0568727
P81607,-13.963446192189162,-6.533992072013837,-1.0688471
P81620,-277.12098816598586,0.6606715084090118,1.8531717
P81622,32.11712466547179,-16.26729201720418,-1.0929301
P81624,-149.6690913697947,-160.10849678145385,0.51904786
P81629,-124.8608201139554,-89.09364384195105,-1.2838223
P81633,-148.80223082549526,-22.258710363218814,-1.0929301
P81634,-104.75560042893333,2.730653403950451,-0.85113347
P81641,-376.68722567405047,-121.5054278219485,-0.85113347
P81642,-205.1687400101976,5.665258674045371,1.1977754
P81643,-85.46971765680118,-231.0979000783671,-1.0797701
P81646,-79.25075927568301,-9.848929873405057,0.533895
P81647,-223.247544094807,33.48278854808586,1.1977754
P81655,-34.54077033126659,134.37664346566663,1.1977754
P81659,-69.47961569900302,24.14436554122581,-1.0507776
P81664,544.1477640556228,39.75050794427073,1.1977754
P81667,-243.2113788515394,-16.815142741306374,1.2197087
P81668,-66.74204966891176,72.35850997511132,-1.2923063
P81674,1.2276940846064517,-24.085631392157225,0.533895
P81677,-243.230550697442,-27.29166866460282,-1.0314205
P81681,394.02736673826087,-8.536203425241814,-1.2923063
P81683,118.21396455281501,-81.5677029068813,-1.0929301
P81684,-40.664446949122805,-50.14508245720909,-1.2847238
P81685,-182.21765496062554,-31.330359192232013,1.1977754
P81686,-187.52361794491273,-2.608945790548898,-0.25512582
P81687,-201.39324321452833,-8.335255600123682,1.1977754
P81689,-223.01935362897177,-3.854011284385382,0.7884178
P81690,-180.37545565270236,-10.013681959832608,-1.2838223
P81691,-203.16708636421555,-17.541808085689023,-0.5266168
P81692,-195.82146828734608,31.94425356109966,1.1977754
P81694,-158.24444083389423,21.617355358205327,-1.0942421
P81695,-33.86317088491544,7.321167883090075,0.533895
P81699,-183.06158787130235,-37.16140290884506,-1.0568727
P81700,-250.80986038615808,-6.085985720652512,1.2401959
P81701,-149.82057363512916,-45.25885811904895,0.7884178
P81704,128.29579392724645,143.95725657857065,-1.0929301
P81705,-186.08098956967214,17.88543654622152,1.2401959
P81707,-7.098636381148543,-85.71552467389357,-1.0929301
P81709,-17.53982439970497,-19.724462349158788,-1.0929301
P81710,66.12811711005972,-60.086883862416926,0.533895
P81711,-179.775766604157,-3.003297461188129,-1.0568727
P81712,-139.70849481238318,-25.079653099254546,-1.0674778
P81713,-168.3375955177462,-29.357696028639264,-1.291755
P81714,-21.996543101800988,33.824027683140535,-1.2923063
P81717,-315.43374587794096,-80.5451791175782,-1.0674778
P81721,-208.01875647209022,-7.290538472980921,-1.0929301
P81722,-173.3395604425887,5.0876009095627035,-1.2838223
P81724,-204.05170353408838,-40.24846717322767,-1.0929301
P81726,-209.01464515590823,-38.40082464313829,-1.0568727
P81727,-197.34272089584562,-29.320912688635126,0.52714235
P81730,104.43492815571338,28.17227620938792,-1.0568727
P81731,-184.2444308916044,-45.83521639444037,-0.86810166
P81732,-66.8613236331798,8.073270428445765,-0.86810166
P81733,-157.57432873582482,-75.2254007220141,1.2335185
P81734,566.9984248676049,-13.253174537234877,-1.0929301
P81735,-141.42092898704,21.304748077591373,-0.5944896
P81736,-166.55590829881808,-61.828466240355034,-0.86810166
P81737,-163.62287197425755,-12.54876256203625,-1.2923063
P81738,-250.340617177098,-30.828001008356495,-1.0568727
P81740,-240.3395977051571,6.760456740419315,0.7864735
P81741,-199.92713635889822,17.195578808491092,1.1977754
P81742,-103.91260950981618,-14.570189803390361,-1.2923063
P81745,-154.39252338491622,-5.7702678299736805,-1.2838223
P81746,-134.3258656717874,0.3665642980717576,0.7714496
P81748,44.155290243253006,-19.888177048547963,1.1977754
P81749,-217.902896242897,-51.99280125662463,-1.039147
P81750,-231.59295944369055,-12.705237883336432,1.2048819
P81754,-197.51135590029853,-66.8760767594192,-1.2838223
P81755,24.61126465875681,45.32989682653514,-1.0568727
P81756,-133.33235511324213,-88.56266006713862,-1.1560148
P81757,-193.24298447426784,-18.6997518141678,-0.86810166
P81758,-201.40491350662327,-11.118973160826558,-0.766224
P81760,-120.55650296534837,34.60416691246293,-1.2838223
P81762,-187.35892844308646,-33.04647115155199,-1.2838223
P81763,-225.66026835999375,-59.37968037891008,1.2197087
P81764,-278.3680550404515,-130.78903162922887,0.4829904
P81769,-270.7998023615539,-3.031380471100539,1.1977754
P81770,-137.92169200332276,21.741451058645616,1.1977754
P81771,-32.3308986054478,-57.9071781276372,-1.0929301
P81772,-203.870513229817,-79.0507622156748,0.48839903
P81774,-263.8130952923155,-65.34866545430367,0.48853773
P81778,-171.2940757873841,0.7943479437567668,-0.86699873
P81779,-262.2018250477717,-35.96594785637615,-1.0314205
P81780,-83.70282099640858,-26.909200136459912,-1.1565609
P81785,-137.66934623914952,-23.628384952805234,-0.55939627
P81786,-282.0528111583578,5.732128623600974,-1.0674778
P81793,-262.87336379272926,4.56639150688638,-1.0929301
P81797,-497.46697268245674,-300.05585889537514,-1.1395926
P82001,230.12436823275183,-26.64961808149941,0.07151184
P82002,99.87674359781921,42.80210340205323,-0.6772095
P82003,278.3329161032693,29.017662940418166,-0.6772095
P82004,170.3872626368789,-62.02756886446904,-0.6772095
P82005,81.17977601240361,-98.30487174290278,-0.6772095
P82006,116.8350831974343,-47.82530693117704,-0.6772095
P82007,522.9775449456296,31.786038317911,-1.0483887
P82008,475.70665685981226,-111.19622544167154,-1.0483887
P82009,72.29290083991899,-47.43850615092697,-0.6772095
P82010,112.16725898217922,-13.359926054016398,-0.6772095
P82011,82.6113816503329,3.8575048282135844,-0.6772095
P82012,-23.594639482668033,-41.555073130183665,-0.6772095
P82013,-77.9123586098249,-74.32818395561281,-0.6772095
P82014,73.47533912158245,-131.82695244819246,-0.6772095
P82015,756.6721614706516,-16.072555691132,-0.6772095
P82016,371.30946835172523,-143.33540435189877,-0.6772095
P82018,57.731425543345175,-8.991497066783978,0.07151184
P82020,-129.5109561943827,-14.685057195995505,0.07151184
P82021,61.0882891796898,-19.887986921177195,-0.6772095
P82022,-26.520513056376892,-62.57105388044637,-0.6772095
P82023,231.241007379409,-66.68590913567245,-0.6772095
P82025,-121.58769194136144,-18.972244653542,-0.6772095
P82029,-148.59077049953106,-31.73360467145385,-0.6772095
P82030,-145.33128208004442,11.100898129955034,-0.6772095
P82031,176.50059885520506,-65.31321585235034,-0.6772095
P82033,-172.74393074331982,-12.63046534092241,-0.6772095
P82034,-153.89289408862257,4.179749375668138,-0.6772095
P82036,-126.75368777039398,-0.16827694261599338,0.07151184
P82037,-62.03981421545102,-37.526765364428506,-1.0483887
P82607,-77.60301778303389,-28.572961149334567,-0.6772095
P82609,4.754704640521133,1.0882315128979796,-0.6772095
P82613,-64.11121376936869,-26.07777561418683,0.07151184
P82616,-138.74680216154206,28.77652247994705,-0.6772095
P82624,-135.54945996935786,0.2003844053865067,-0.6772095
P82625,-212.04107230481975,-0.9104069917664793,-0.6772095
P82626,-114.95628088038667,-6.444894759642875,-0.6772095
P82627,-84.23759418121854,-41.56216522264336,-0.6772095
P82629,-191.3580296192415,-14.263055577680971,-0.6772095
P82633,-190.2466384603002,-4.446925053186782,-0.6772095
P82634,-67.95822830011929,-51.03893332919601,-0.6772095
P82640,-132.29632384635252,22.36448923296766,-0.6772095
P82643,43.02157565523106,13.803359044743319,-0.6772095
P82652,-120.54003516221533,-24.94344947380328,-1.0483887
P82654,-284.0486859775914,9.86077120238588,-0.67398185
P82657,-208.03329306153555,-4.232425999408189,-0.63478905
P82660,-128.81277115221258,-5.28236444426633,-0.6772095
P82661,-277.16044892564327,-10.601960651612393,-0.6772095
P83001,113.57254480900286,-19.59307739667214,0.07151184
P83004,60.18290089087961,-57.58937545624166,0.07151184
P83005,-86.73274567971893,-93.1452006205339,0.07151184
P83006,113.36373715736173,-12.557715876367805,0.07151184
P83007,153.0600030830956,-17.417121811402048,0.07151184
P83008,-54.31551241029864,-27.945294722232756,0.09151006
P83009,111.23539919387215,8.033385156454536,0.07151184
P83010,-123.23411097872837,-15.66912866262062,0.07151184
P83011,115.85586598056123,-28.075883257435375,0.07151184
P83012,687.9760215013256,314.43425855321885,0.07151184
P83015,44.361418531466136,-32.50830607981499,0.07151184
P83017,-100.04586240528872,-40.53665313097338,0.07151184
P83019,15.73379685123539,-58.87114863676045,0.09567721
P83020,239.57053325230783,148.9700943312899,0.07151184
P83021,137.11332789179477,192.8758594459654,0.07151184
P83023,176.46536778613282,-36.91193020795454,0.093570486
P83024,-110.3383176033943,-49.487686071426644,0.07151184
P83025,-22.812665508437185,-100.17232032069693,-1.3198798
P83026,-136.4257264254744,-21.08386561962286,0.12241641
P83027,-201.5136171777091,-33.16901167841925,0.07151184
P83029,-22.918884065976712,-79.93096346079524,0.09151006
P83030,-262.3388869717347,-61.84045409379262,0.12241641
P83603,220.5119032947022,-55.22590582599806,0.07151184
P83605,62.72483229915183,-17.175048024353742,-1.3198798
P83608,9.099648135561972,-37.073594111556325,0.07151184
P83609,-113.79168916516805,-22.933669001896774,0.07151184
P83611,-183.42486261375046,1.0671266029144744,0.07151184
P83612,-115.02729627487646,20.83754678046244,0.07151184
P83620,-69.17156500484604,-48.460356508051866,0.07151184
P83621,-179.97267610262006,-20.205972038588428,0.07151184
P83623,-85.7325135800594,10.71642151379446,0.07151184
P84004,143.1052154868711,0.8991324449012231,-1.3198798
P84005,-135.98524470352643,-58.132103640190216,-1.3198798
P84009,34.2531889656859,-2.860740789910153,-1.3198798
P84010,110.23893605958446,-1.22194101232764,-1.3198798
P84012,275.79982768354216,-96.53743616187418,-1.3198798
P84014,78.33794484490532,21.10041502878414,-1.3198798
P84016,79.75621449182503,8.940395181246547,-1.3198798
P84017,105.37759596064708,-88.3857820146325,-1.3198798
P84018,-105.57546449134813,-25.41649353218724,-1.3198798
P84019,304.5904957644597,-121.13697611856202,-1.3198798
P84020,186.5144345267895,-49.51084695807981,-1.3198798
P84021,142.19609913556403,18.982805304689187,1.1065714
P84022,-13.707494111546435,-26.05750746879681,-1.3198798
P84023,-50.62820842568263,-63.17121508654594,-1.3198798
P84024,299.24999291934336,-24.913451503582497,1.1065714
P84025,167.24923090362094,-53.80651100866113,-1.3198798
P84026,-71.0995947047212,-6.301940177520097,-1.3198798
P84027,-19.554193234317985,-11.435946801517927,-1.3198798
P84028,291.6990329672071,-11.698566261465352,-1.3198798
P84029,463.5182433226137,3.820530697635574,-1.3198798
P84030,295.42409186892775,18.284688445249415,-1.3198798
P84032,44.961488395782865,-40.79317187325866,-1.3198798
P84033,-4.7862194021492215,0.667326711439001,-1.3198798
P84034,191.46419351819364,12.340353914277676,-1.3198798
P84035,310.79990417778976,-4.750737098662803,-1.3198798
P84037,-10.905756984579563,-43.48045587550282,-1.3198798
P84038,64.97579547298038,23.29163067016092,-1.3198798
P84039,-47.288584042831125,-9.805251663289585,-1.3198798
P84040,59.063025458159416,60.36581124002517,-1.3198798
P84041,78.99412540983425,-49.41230038534161,-1.3198798
P84042,68.28272672745719,-51.660207436987385,-1.3198798
P84043,173.4368023728792,-41.18417520017906,-1.3198798
P84045,4.797469026730257,12.961878129480933,1.1065714
P84046,182.27565415007547,46.12035327805497,-1.3198798
P84047,15.770240705443356,-39.51621805476477,-1.3198798
P84048,137.03421125535152,-11.616158327735413,-1.3198798
P84049,516.6105847354353,-38.13969393508969,-1.3198798
P84050,3.9137149468130334,-6.121540457074078,-1.3198798
P84051,-19.95284106081446,-63.12493406632155,-1.3198798
P84052,66.94810753078902,12.048179856486165,-1.3198798
P84053,40.28676440362416,-24.669357032839706,-1.3198798
P84054,117.59573388609435,-6.635026852637989,-1.3198798
P84055,-93.88788719727667,-8.261717703041459,-1.3198798
P84056,-65.7434348484412,-4.98208423085343,-1.3198798
P84057,-161.42502506917592,13.964302298552003,-1.3198797
P84059,80.42094537450598,-21.957136168143894,-1.3198798
P84061,-44.25368358452961,26.962867058240032,1.1065714
P84062,-170.15068352559786,-31.98048822852315,-1.3198798
P84063,-143.69695671167253,12.516733693489419,-1.3198797
P84064,-101.5758846175154,-33.87777460677001,-1.3198798
P84065,-97.50852408093552,-37.537754956200054,-1.3198798
P84066,-57.34599773399037,-15.897162858821767,-1.3198798
P84067,94.7571614387828,-67.02592130178813,-1.3198798
P84068,100.52368907900453,201.1145976439656,-1.3198798
P84070,1.5579214517178612,6.10120563823632,-1.3198798
P84071,-66.25933585509287,-22.39095633874889,-1.3198798
P84072,245.53112177744563,25.384454190557875,-1.3198798
P84074,140.41992877000882,-15.221143252403156,-1.3198798
P84605,-200.9834302257538,2.4284276424661297,-1.3198798
P84611,-30.03283462953043,33.95227018114304,-1.3198798
P84616,-74.35602240127712,63.380098490087235,-1.3198798
P84623,-247.7981396611417,-7.456812657397808,-1.3198797
P84626,-92.72761629126538,-18.75401103194107,-1.3198798
P84627,-235.69143446456889,5.307862355470969,0.66327745
P84630,29.991934851146908,3.911907742031581,-1.3198798
P84631,-192.42587278146232,-48.42464364025147,-1.3198797
P84635,-154.7691521209218,28.40445298455471,-1.3198798
P84637,-133.09583441868662,5.154569857010993,-1.3198798
P84639,-175.48908475772734,17.827130443953727,-1.3198798
P84640,-148.14826493790272,-3.1473616721184783,-1.3198798
P84644,-64.93691320115298,46.0695712887372,-1.3198798
P84645,23.646457658931617,-40.940271587942746,-1.3198798
P84646,-273.8968179662268,-9.145017103095798,-1.3198797
P84650,-88.92686386671454,1.9058325491662418,-1.3198798
P84651,-73.1328179428484,36.794129757417544,-1.3198798
P84652,-13.207737679393007,-9.163855105451676,-1.3198798
P84659,-199.53519016755035,-12.255354161749864,-1.3198797
P84662,-262.93454531331,-22.94464320093464,-1.3198797
P84663,-58.57691181829857,-80.00054803608967,-1.3198798
P84665,-198.58531755332723,-18.198213870525414,-1.3198798
P84668,-164.0051913003437,37.45736719603009,-1.3198797
P84669,53.515585243832135,82.93495649589904,-1.3198798
P84672,-147.65409553322473,-21.661982409082427,1.1065714
P84673,124.96864317444131,29.591678138027568,-1.3198798
P84676,-174.4248497565606,-80.07049871526742,-1.3198797
P84677,-95.2716350028039,1.2737179805002434,-1.3198797
P84678,328.90768742173594,56.899545815942886,-1.3198798
P84679,-205.61422352253103,-3.4512857733395172,-1.3198798
P84682,-179.95625073954935,-51.054248839572026,-1.3198797
P84683,-121.52924537533458,12.607992204061262,-1.3198798
P84684,-134.02923375581926,-6.231338715244675,-1.3198798
P84689,-95.03846180052145,19.23866803851967,-1.3198798
P84690,-103.69181557512454,17.344132202424532,-1.3198798
P84696,-273.24769807093713,2.7638807511787595,-1.3198797
P84697,-325.33291257015287,-79.19676643473511,-1.3198797
P85001,-56.952328487439615,-24.613067111914916,-1.0844461
P85002,-5.440014603833989,-14.399265972142187,-0.8023499
P85003,-33.11775102656921,-102.60339417614624,-0.8023499
P85004,1.771883624407218,-41.825124080059574,-1.0844461
P85005,271.98996069328547,-82.48873583163605,-0.8023499
P85006,70.14451558432583,-79.37284187716247,-1.0844461
P85007,-142.94427830985347,8.30366261298787,-0.8023499
P85008,488.404385590371,-100.16190197104476,-0.9847579
P85010,250.31518199643773,-13.427405361944498,-1.0844461
P85011,129.76647808537555,20.78403603745729,-1.0844461
P85012,-22.21282441806265,-80.22103499694433,-0.9847579
P85013,689.6101004689306,-127.5180513870882,-1.0844461
P85014,-42.60843115778174,-51.30474206811691,-0.8023499
P85015,118.8290506267913,-20.727398513820965,-0.8023499
P85016,435.5183383793289,-40.091399244546125,-0.8023499
P85017,165.69000069559215,-102.66566488350597,-0.8023499
P85018,-51.0843277240859,35.677082213175815,-1.0844461
P85019,-50.98731308177756,-4.1454625981710445,-1.0844461
P85020,121.36698695750486,101.14850743831033,-0.8023499
P85021,202.8423937300398,144.1622801849852,-0.8023499
P85022,-134.93725538061778,-23.647199637594774,-0.8023499
P85025,-81.34097712099373,-30.62593725770273,-1.0756726
P85026,-7.790906034237711,-42.56850171921327,-0.98393893
P85028,22.931217238466058,-40.91736228552328,-1.0844461
P85029,-162.41479930305,-5.554060539485886,-0.7429612
P85601,-166.35805339323872,-49.65788167453177,-0.8023499
P85602,-143.24316861877986,38.333555807582,-0.8023499
P85603,-131.208271078029,-0.19351644891304381,-0.7429612
P85605,-55.847574901004755,-17.315125914889617,-0.9847579
P85606,-112.87098185436335,43.28459808494727,-0.8023499
P85607,-150.42522755436445,6.811573294585388,-1.0844461
P85608,-40.43574447528631,37.44180481202412,-0.8023499
P85610,-135.9737199701288,5.709919929109769,-0.9847579
P85612,-184.6980508352804,5.847231111666472,-1.0844461
P85613,-220.179072409998,-15.52772509518525,-1.0844461
P85614,-139.81822412792565,-15.430374180080543,-0.8023499
P85615,94.22219912803538,60.57833659604118,-1.0844461
P85620,-204.24067462953607,-25.69309100890806,-0.9847579
P85621,-62.806039379371555,-4.35512838953032,-0.8023499
P85622,-36.07360618694398,34.28317176943376,-0.8023499
P86001,-29.416157265011336,-2.6447810986951525,-1.0844461
P86002,-214.06612218040635,-3.965298529566156,-1.0844461
P86003,332.17324577141915,-201.0635201658226,-1.0844461
P86004,228.7235874298754,-59.01342861919111,-1.3198798
P86005,66.8194803196037,-55.867127575942526,-1.0844461
P86006,295.65098902888377,-75.21767940916723,-1.0844461
P86007,366.3230240283472,-146.79709660894164,-1.0844461
P86008,163.18523379529304,-89.6046542275263,-1.0844461
P86009,271.73971384694187,-64.22543916117785,-1.0844461
P86010,108.06830704014001,-69.97768601180007,-1.0844461
P86011,271.71619991060396,-213.1245547669539,-1.0844461
P86012,141.15980968245924,-156.58928830135164,-1.0844461
P86013,67.29937371956258,-88.28817596542467,-1.0844461
P86014,84.11581996932618,-84.77144503048432,-1.0844461
P86015,-100.62325984194062,-39.0724079874425,-1.0844461
P86016,165.076794322249,16.996365983708056,0.07151184
P86017,-132.35454907224906,-97.32566165362957,-1.0844461
P86018,192.4760959487521,-73.0951158680102,-1.0844461
P86019,172.6320195903014,-262.3485357557932,-1.0844461
P86021,-142.6702038360352,-44.735683955104385,-1.0844461
P86022,266.7655039791284,-144.5274378178154,-1.0844461
P86023,-30.82099105408373,-21.459690110758487,-1.0844461
P86026,111.97326287012197,-13.51769107311056,-1.0844461
P86602,-90.29033840954371,-44.42571239581637,0.07151184
P86605,-113.73318974568215,-16.22788781997651,-1.0674778
P86606,-58.8894496349727,-81.51778508029183,-1.3198798
P86608,-73.59400628245372,-20.926012728277115,-1.0844461
P86609,-202.3035078774538,-67.7006299415244,-1.0844461
P86614,-101.15045212005123,-63.440212719941414,-1.0844461
P86619,26.695277278221802,-192.13999784551316,-1.0844461
P86620,-177.87459194366906,-11.355856827835463,-1.0844461
P86621,-280.5045559846627,0.41335593730965586,-1.0833079
P86624,-96.47909411271569,-12.584464159711288,-1.0844461
P87002,304.3151943981626,-8.140406100032743,-1.0483887
P87003,-68.47207028828355,-13.878126068486763,-1.0483887
P87004,-107.77739351873352,38.32618183473321,-1.3198798
P87008,159.36160640309194,7.436978337012956,-1.0483887
P87014,-25.341736030423693,-19.34152427156296,-1.0483887
P87015,-77.32834228106314,8.910492955421788,-1.3198798
P87016,319.8850124734532,-79.85020289012351,-1.0483887
P87017,106.96442110086848,-20.04261083455769,-1.0483887
P87019,525.4372170724366,120.7156087267737,-1.0483887
P87020,21.725286990237247,6.3259787494900985,-1.0483887
P87022,-176.817042956001,-46.53665690404437,-1.3198798
P87024,270.56702957592313,-46.16426158885782,-1.0483887
P87025,222.80298560594247,-24.650436368083,-1.0483887
P87026,234.8575941695385,109.25535223165893,-1.3198798
P87027,262.36322282771073,-44.22713324418597,-1.3198798
P87028,-20.103215693905153,68.26861956841326,-1.0483887
P87032,16.419338846466097,2.742311685778204,-1.0483887
P87035,68.36061061230589,-2.457427628903318,-1.3198798
P87036,-150.42866362184319,-26.23914288344555,-1.3198798
P87039,-88.22387838199394,-10.021192876413458,-1.0483887
P87040,338.8722450295435,9.593698418409423,-1.3198798
P87610,117.4537186147467,-21.241948415237665,-1.0483887
P87613,-178.09659830665302,22.176478086435914,-1.0483887
P87618,-174.55499097210702,-12.14030854999293,-1.0483887
P87620,200.24423999447376,-72.1993252389011,-1.0483887
P87624,-29.220363820569226,-23.585421396878765,-1.0483887
P87625,-136.3941966484534,23.549516222890365,-1.0483887
P87627,-157.55973080134035,11.341954969771528,-1.0483887
P87629,-191.3582426674386,4.769100508799192,-1.0314205
P87630,-123.64503547008441,-8.80656743379491,-1.0483887
P87632,-263.66529009367173,-41.715163592974264,-1.0314205
P87634,212.01901528332698,-4.171053833306049,-1.3198798
P87637,-189.00587608013169,-143.18578032903733,-1.0314205
P87639,-173.31101175178716,-10.231324289385743,-1.3198798
P87641,-168.7158099048853,-97.06412009022559,-1.3198797
P87648,-130.5460639546925,-12.754151912603714,-1.3198798
P87649,-183.4622799753917,25.20446007113744,-1.0483887
P87651,-134.50332717510705,-24.782033320851536,-1.3198798
P87652,-165.558776375683,-75.70772559782914,-1.3198797
P87654,52.84527135680979,13.403508346714876,-1.3198798
P87657,-96.89135146940357,-9.129632415535415,-1.0483887
P87658,-141.0438711772665,13.629519197970591,-1.0483887
P87659,-114.75216249038972,52.027411824842375,-1.0483887
P87660,-176.38464867800607,15.687831064889476,-1.0483887
P87661,-204.88051662455578,3.111795605085521,-1.0483887
P87664,-252.98346281084997,-0.8932652638608872,-1.3198798
P87665,-272.2271696829596,2.228065448264029,-1.3198797
P87668,-196.0401871034175,-27.408309759707695,-1.3198797
P88001,-113.21550753610154,-82.5753835696638,0.66327745
P88002,21.011080685468677,-33.05942397782807,0.6038888
P88003,274.4679344147584,-132.90914336602248,0.6038888
P88004,17.193145660964333,-133.0078566639382,0.66327745
P88005,286.6289533379754,167.91066688976895,0.6038888
P88006,-33.86843437266348,6.700800772847745,0.6038888
P88007,286.2666683185028,-61.662799394545075,0.6038888
P88008,67.5058159220167,-37.8327032180409,-1.3198798
P88009,-180.56664234423312,-54.693726382483746,0.6038888
P88010,-222.12478038406195,-0.15448669719476388,0.66327745
P88011,69.61738467819727,15.009483893815496,0.6038888
P88012,66.00822756671622,-23.741336358667315,0.6038888
P88013,313.3382653642307,-24.51186909269677,0.6038888
P88014,-35.471303605641374,-18.447657337267387,0.6038888
P88015,248.71104747800524,-42.267148039062036,0.6038888
P88016,416.7770599732958,76.90640222342195,0.6038888
P88017,89.44221055903724,-30.990455933624744,0.6038888
P88018,152.29972292373165,-7.79535556500334,0.6038888
P88019,-88.40037698362477,13.734495417299488,0.6038888
P88020,278.695260905552,-123.8383594492563,-1.3198798
P88021,-4.714593539369503,-73.88548123753357,0.6038888
P88023,38.304719106288346,-20.863560112872825,-1.3198798
P88024,116.54894238495477,16.1942481180239,-1.3198798
P88025,191.55838917958604,-15.220903377827666,0.6038888
P88026,1156.1516346998367,742.9442072029748,0.6038888
P88028,-72.09615077437797,-3.7058430974760292,0.65392923
P88031,-54.2152947692808,26.27705670559931,0.6038888
P88033,-222.806825186559,-0.8904099135806548,0.66327745
P88034,-108.50198109006655,25.42133757085846,0.6038888
P88041,-33.60149612613189,38.10157662207869,0.6038888
P88042,43.846747039002715,21.28650534241403,-1.3198798
P88043,145.73956623445704,100.97146671119505,0.6038888
P88044,-42.15675223462376,-13.249773297331544,0.6038888
P88600,-227.60326035561425,-9.351566970110838,0.6038888
P88604,-191.05190336724206,-23.046055672757078,0.66327745
P88606,-22.040024895906107,46.82912399467698,0.6038888
P88607,-181.02265789774577,-24.429672564724232,0.6038888
P88610,-155.9727400627086,-0.5794158411305563,0.6038888
P88615,-224.31614418266193,-6.620851083858917,0.6038888
P88617,-122.60616022067964,-8.05566214216679,0.62031543
P88618,-262.00292860806684,-36.502043368888366,0.66327745
P88620,-230.10589299878814,-12.758818512666267,0.66327745
P88623,4.627608840762742,51.59178413404503,0.6038888
P88624,-204.23152600542574,-12.737433827950236,0.6097377
P88625,47.41991536301369,96.0309645591782,0.6038888
P88628,-262.38529936238115,-41.44258792961635,0.66327745
P88632,442.048138846424,163.50643574050295,0.6038888
P88633,-341.43876010209954,-213.9113958110489,0.66327745
P88636,-331.81867437303436,-13.370321754167644,0.6062835
P89002,261.3392884758033,-7.63542220567179,-0.9847579
P89003,115.96958230193287,-54.32545241618018,-0.9847579
P89004,80.40043108932846,-86.61281766965988,-0.9847579
P89005,-43.62001435048743,-50.94712707356805,-0.9847579
P89006,335.6643690946274,0.7379344648449684,-0.8023499
P89007,-20.072681462539915,-24.715537243319154,-0.9847579
P89008,171.10142842208577,48.9539750866605,-0.9847579
P89010,51.09767632187379,14.467818163425184,-0.9847579
P89011,-99.571854794166,-55.16910871957853,-0.9847579
P89012,140.8761425745061,-27.37114668038405,-0.9847579
P89013,-13.476998952520669,-30.311104242315523,-0.9847579
P89014,298.7513319212151,19.221977082404432,-0.9847579
P89015,574.3462419891487,63.48650104456902,-0.9847579
P89016,179.96277660917048,-58.01243743529752,-0.9847579
P89017,-67.94506458308949,-12.661157353610093,-0.9715979
P89018,-29.223402339769812,2.484065342561419,-0.9847579
P89019,57.33770550309457,-91.62459954029373,-0.95930564
P89020,62.844620899554286,72.5586995265213,-0.9847579
P89021,141.48169072376137,159.3970379602376,-0.9847579
P89022,-134.41283421568943,17.57893586728713,-0.9847579
P89023,1.9834809128424178,-23.81604826705008,-0.9847579
P89025,-148.36514325008488,-20.158879940748953,-0.9847579
P89026,-56.62395152482579,-23.704119015781284,-0.9847579
P89027,-15.677790132814039,26.415164269607935,-0.95930564
P89029,-32.49194271991907,-42.58814454623606,-0.9847579
P89030,-122.40540034655383,-58.49940961616695,-0.9847579
P89033,-49.46465238490373,-27.052248391808217,-0.968214
P89602,-91.54917382559557,-19.17130913831829,-0.9847579
P89609,-83.54886576647976,-28.13858326458621,-0.9847579
P89612,-205.0114245937536,-19.062408237482124,-0.8023499
P89613,-196.49420365721713,-35.874573919080305,-0.9847579
P89616,-284.2691669023811,-95.98121221586021,-0.9593056
P89618,-194.65481777937742,4.092163043785598,-0.8023499
P91003,48.70782418695803,-33.604301498033884,1.1065714
P91004,-0.8874983200219233,-28.389089066576258,1.1065714
P91006,474.42068964273625,-17.195673558573752,-1.0483887
P91007,-118.5750163433084,44.226087356659,1.1065714
P91008,-20.694307427580707,-29.143295069704557,1.1065714
P91009,234.96982543383243,-13.927480434922352,-1.0483887
P91011,-53.16194528233236,-63.18270889178617,1.1065714
P91012,63.24669658539039,-119.02492527242656,-1.0483887
P91013,177.14354416476922,61.389311399129035,1.1065714
P91014,395.03910465118724,-2.269725403596586,1.1065714
P91016,8.577840943716922,26.96455849358934,1.1065714
P91017,77.08201395525634,-18.312469921809004,1.1065714
P91018,328.38003027045283,-129.6117817369844,1.1065714
P91019,-152.20675094511134,-44.256364357353384,1.1065714
P91020,-59.5929651403917,-128.22088663616083,-1.3198798
P91021,334.30254910634045,-174.191508133898,1.1065714
P91025,-251.86988646179373,-18.83960771531074,1.1320237
P91026,16.25348434233803,0.43884394117678804,1.1065714
P91027,-199.34712720936884,-67.64034571898355,-1.3198797
P91029,-102.07736918773897,46.40857937588195,1.1065714
P91030,-345.48435157076796,-71.33698071592578,1.1320237
P91032,-44.36436838753068,29.103915719294005,1.1065714
P91035,38.17640737507116,-55.183083970916826,1.1065714
P91603,-41.30007532715758,10.702367566908274,1.1065714
P91604,599.9910613263152,-20.13939396447448,1.1065714
P91605,-206.30125554790953,-58.69031286682176,1.1320237
P91615,-4.384862714146381,-164.18657345359338,-1.3198797
P91617,-175.86640315990707,-12.225494950071413,1.1065714
P91619,-106.06191245848449,59.3687513748362,-1.3198798
P91623,-26.95317946589069,4.074429676203572,1.1065714
P91625,-72.2510485270616,-29.095283755559656,1.1065714
P91627,-37.043923801222135,54.93219277612792,1.1065714
P91629,139.4394204708189,24.728252483030964,-1.3198798
P91630,-250.06734373345606,-71.48646397302132,-1.3198797
P91631,-171.80098384820826,3.0785431499673903,1.1065714
P91633,-114.58537799952462,24.578951973273075,1.1065714
P92001,-73.74156243258045,-42.18301885496824,-0.7768976
P92002,-26.189067371447187,-67.96978961149246,-0.183011
P92003,199.56675314503653,-44.27724531336668,-0.183011
P92004,115.277132315632,-91.07140924269846,-0.183011
P92005,-131.40775162684105,-39.347466144048866,-0.183011
P92006,-3.0134364647847263,-125.41154902229482,-0.183011
P92007,75.42244158748247,-11.643456866360896,-0.183011
P92008,203.6463720570967,-51.386049791303286,-0.7768976
P92010,512.1238792837714,-139.0422989425129,-0.183011
P92011,102.26554692593982,-50.60621674168555,-0.183011
P92012,-58.90976320168304,-22.693438448181656,-0.183011
P92014,307.82961850818674,30.55545339418294,0.7884178
P92015,-18.966172386992508,8.101903686744649,-0.183011
P92016,574.7242238910769,-63.485030507245604,-0.183011
P92017,348.68292183054615,-11.502822446525483,-0.7768976
P92019,194.20972962071372,-15.677605608960802,-0.7768976
P92020,-69.12499687336049,16.201917634827105,-1.0483887
P92021,60.60407200640457,-158.02148477868485,-0.7768976
P92023,109.8654111019803,-75.85383936237314,-0.183011
P92024,-159.46679785048264,-42.908086146705955,-0.183011
P92026,103.54758174133327,-118.57757910649583,-0.183011
P92028,-67.80394641030212,19.192588249934353,-0.6772095
P92029,-118.97612935263292,-1.710253297344789,-0.183011
P92030,-98.08204419234418,-12.467571426641275,-0.183011
P92031,-159.87720897986682,-34.245810640931516,-0.183011
P92033,-97.17639595135844,-24.580987861787744,-0.6772095
P92034,-1.9633882058718701,-22.410562562427998,-0.7768976
P92035,-151.0219292226528,-24.47891261831412,-0.183011
P92038,-164.80760570922203,-14.610904612069762,-0.7768976
P92041,76.5661120800765,-122.91709588380408,-0.7768976
P92042,35.8977560998228,25.15878538640331,-0.6772095
P92602,-208.36277411032862,-37.38899638692924,-0.183011
P92605,8.309327789053945,-62.60840802606637,-1.0483887
P92606,-132.23743974319694,7.755526607352506,-0.1660428
P92607,130.4205664675398,172.32448743741298,-0.183011
P92615,-168.60536279030396,-29.290381974376018,-0.183011
P92616,-101.62654745990751,-64.06615097773718,-0.183011
P92619,-237.15658123101255,-35.000800582077055,-0.66623443
P92620,-147.55828474099962,4.625543435880537,-0.183011
P92621,-166.30582388434703,-35.087112329373596,-0.183011
P92623,-180.4220944001484,-30.313959751644663,-0.183011
P92626,-46.97179836816225,-9.82974746855751,-0.6772095
P92630,-199.3525896827996,-25.19409999362181,-0.183011
P92632,-182.52431677440498,-50.134628989520024,-0.1660428
P92633,-178.19654843803698,-20.60163068463999,-0.6772095
P92634,-119.05736779546301,-38.28712696760394,-0.183011
P92635,-211.0256414808415,-48.55101520588193,-0.6772095
P92637,-140.82946937471505,2.4162894134163158,-1.0483887
P92639,-181.220636506617,-42.92187160190681,-0.183011
P92642,-98.9137816594524,-28.167571718245807,-0.183011
P92643,-242.65504268735825,-12.863231770898011,-0.1660428
P92646,-162.70533932001118,-11.27660247225177,-1.0483887
P92647,-122.5446446136107,-35.724322749571606,-0.183011
P92648,-201.33463672500892,2.224149073587671,-0.183011
P92651,-99.90845046036188,-68.55562127821068,-0.183011
P92652,-93.87325651669792,-11.586704853574249,-0.6772095
P92653,-158.22145598470806,2.2651868337690644,-0.183011
Y00016,9.57006263337377,-100.80460400575107,0.07151184
Y00020,-64.2519830308143,8.604154742762434,-1.0441465
Y00023,1096.7238367028674,496.28624505959795,-1.2477648
Y00025,-224.95004465594536,-29.181139507941843,-0.24429505
Y00026,-148.47123770346218,-26.131887849364865,-0.5796424
Y00028,-73.5807541805504,-23.24606680236362,-0.1299854
Y00030,-155.28068586163528,-148.7620641340509,1.6368272
Y00033,-109.32439475125801,3.7206501290124097,0.49571654
Y00035,-277.1112371799377,2.609630249005557,-0.9860699
Y00036,-285.72642402485064,-9.301832803386622,-0.95930564
Y00042,-315.59309550378174,-1.7101228375613393,1.4937364
Y00044,-266.9399365259129,8.199605244061067,-1.2117075
Y00048,-288.43411803343724,2.7598216331390666,0.42996484
Y00049,-275.7285694839904,4.801606658649993,-0.5202538
Y00050,-212.65127549882135,-20.56405819764015,-0.183011
Y00052,-295.5873867544058,10.956905852514854,0.7714496
Y00054,-286.60918603301013,0.640320526766703,0.20066863
Y00056,-268.7529952304812,3.9046333397425275,1.1256605
Y00057,-114.3756736081117,43.280984605922825,-0.72599304
Y00058,-68.10134113311588,-177.46857984504047,0.75660247
Y00060,-269.8489965562169,-0.12266064418200537,-0.61145777
Y00061,-239.8645388388482,-1.1199288819335718,-0.45450202
Y00065,683.978885846249,185.60215583433552,-1.2117075
Y00068,-326.6768165536752,-0.9391900306616824,1.8171144
Y00071,-126.80037944943109,-429.40281417405447,0.5678314
Y00073,-280.94655657629585,0.1429421420110213,-1.0480623
Y00075,-265.0517891048859,-36.05049728075669,1.7810569
Y00078,-113.03696959696842,-13.300692148604664,1.1871703
Y00079,-238.13114312641437,-44.79126783969289,-0.1299854
Y00080,-63.660028655492816,62.89438187203128,-0.04726548
Y00081,-289.0641477762106,2.7396289231688837,-0.2462996
Y00082,418.0990648425809,-36.59532080963254,-0.1299854
Y00090,12.594001713439916,-120.09786184524053,0.09696413
Y00092,-226.95797937663204,-27.093619042503214,-1.1498947
Y00094,-273.88498679015845,5.494633118846226,-0.7069038
Y00095,-236.56278228665246,31.409358395552694,-0.7069038
Y00097,-246.30332154991845,17.407388003590224,-0.99536306
Y00099,-269.0427617509837,7.8097606148848975,-0.99536306
Y00100,-264.63151643267497,8.887797681346578,-1.0208154
Y00105,-169.0706633168364,-48.127448254285454,-1.0867645
Y00107,-280.07570785559415,-4.919620229880231,-0.99258935
Y00108,370.435610787331,256.1387490903478,-1.2117075
Y00110,-160.68650704766588,-12.033158122752985,-1.256249
Y00111,-296.6797385120215,-14.406550323797482,-1.3198797
Y00126,-266.7698919729632,22.07415534659805,-1.17565
Y00131,-246.85531081843033,19.69100093539701,-1.17565
Y00134,-309.67393167349843,14.870596915704555,2.2858605
Y00136,-294.1046647394487,-4.9990297194398625,-0.020278841
Y00137,-71.62452818451894,30.850407717169176,-1.1586819
Y00140,-190.2145983915535,-47.17189537296504,-0.61145777
Y00142,-291.4792385052693,3.250292745088093,-0.032418314
Y00151,-37.882684381266685,-51.86851505184904,0.1842291
Y00152,-61.17326283981068,-75.89868636347393,1.2762532
Y00155,-59.395701479059454,-118.56074507981987,-1.3113955
Y00159,850.13281997743,-146.69419291140107,-1.2286757
Y00162,-457.7296586806919,-188.57168151199082,1.9613439
Y00164,56.7403296132872,-10.555792244546549,-1.0042762
Y00167,-302.18515313313975,8.087834214260425,1.4191717
Y00172,-81.70237990539722,-39.34656871656678,0.08098876
Y00175,83.55344453720102,221.63765792545607,-0.5783514
Y00178,-299.2961388885368,6.706222675223398,1.007826
Y00182,-281.48945014447855,0.3428152858957057,-0.27633604
Y00183,-185.84238386455868,25.705951158098536,0.51904786
Y00184,-62.05714111880572,-20.176378787173395,-0.35269287
Y00185,21.467475990584887,-31.34313424007596,1.5350182
Y00186,-239.4921913094524,-17.44195626565388,-0.6772095
Y00189,-188.28151802983874,19.180385307382238,0.68256396
Y00192,1902.6391010109348,550.3796280192417,0.5678314
Y00195,-21.943205748870156,-130.7739917296961,0.6038888
Y00196,-276.9756648243452,3.936067087856131,-0.9593056
Y00198,181.83058502918954,22.46473910750875,-0.046397794
Y00200,-247.66901577026726,-1.2183932690348922,-0.17028485
Y00203,76.67454132707587,-165.89125067296104,-1.0483887
Y00206,-118.3557349486179,29.096343506422222,-0.86173856
Y00208,-275.1860144063229,2.158486021966978,-0.63478905
Y00209,-236.72349302113957,13.96565216809335,-1.0931821
Y00212,-123.33454367437518,-0.42958225336551065,-1.3029115
Y00215,-272.09695130058026,6.887334168865284,-0.63478905
Y00217,-290.70007330024913,8.695671631224416,1.4736764
Y00218,-309.6654030856312,-5.0910505705884725,0.014244203
Y00219,-298.48188779512424,-0.7089911999288177,0.07068187
Y00225,-233.09782808463012,-2.689813474246279,-1.2477648
Y00226,-228.6474844409758,25.240825196607133,-0.99536306
Y00228,-215.92769435954847,-26.504050160605683,-0.91264313
Y00233,-282.9982810400346,3.208474087329655,-0.66945964
Y00234,149.7409524591399,17.248276624111114,0.51056373
Y00243,-263.152094786966,4.088277810709189,0.8472945
Y00247,-297.27679287990014,-12.53814816287731,-1.17565
Y00252,-187.32197149429925,7.5594387308442546,1.3101896
Y00258,-851.8739683814356,-740.4956901690927,-0.49055943
Y00259,-224.0391339746982,-441.14726966256376,1.1383867
Y00260,-48.45589180169681,74.40911702633667,1.6537955
Y00264,-292.2901058128885,-4.122338878181566,-0.37091443
Y00265,185.8890009862847,35.8848437991237,-0.4629861
Y00268,-183.09592551910993,-13.566723296611922,0.5743917
Y00271,-310.96675004657254,-3.512164349330319,1.236983
Y00273,-295.57796264629053,-0.8399405865223935,-0.1660428
Y00274,-265.8508314764803,20.935480318906244,-0.31027243
Y00275,-288.60367051523383,2.0468333583518223,-0.3283011
Y00277,-237.45210688353066,19.50357605836876,-1.3198797
Y00278,-146.89647388342604,2.995544753907728,-1.2201916
Y00279,-295.56547729217505,5.007730232704997,0.3928469
Y00280,-204.93560684874475,-51.425613884931096,-1.1721321
Y00282,-295.54055249046087,7.9184324956002605,0.38884056
Y00286,-94.09564464662189,-29.383592563886886,-0.49692252
Y00293,-20.068521998398367,103.98593704305256,0.9050742
Y00297,-65.0845196130559,48.63221143246864,-0.37178206
Y00301,-239.89590891098507,-145.1624593681918,-1.2923063
Y00304,-207.80882762505234,14.90617286556395,0.19453122
Y00312,-174.29687580337347,-18.04793602681657,0.5614683
Y00313,-288.497352154665,3.4567795961286447,-0.4802573
Y00316,-166.6020403585924,-7.74293029774384,-0.39299232
Y00327,225.79207580899998,-204.49395347607762,-1.256249
Y00328,-211.14295950790213,-6.40895849584694,0.39178643
Y00329,-294.8091939171576,-1.688131887293237,-0.24774249
Y00332,-325.64761196774987,-43.58616512379383,1.9252865
Y00333,-280.9190793470229,0.470595737211152,-1.0710835
Y00334,-260.2383960145491,-161.46612625182823,0.66327745
Y00344,-239.8665747261617,-13.007005465550879,-1.1586819
Y00346,-293.79876887665057,0.40042382385255026,-0.24183694
Y00347,-87.19428131124056,6.503817787775058,0.7884178
Y00349,-293.107807067514,12.11134856320788,0.5971722
Y00350,-278.96005693578763,47.48085720876648,2.0334587
Y00351,89.09306866811245,-74.88829708548728,0.30482444
Y00352,-42.78786959828993,82.88542738764349,0.34724495
Y00364,-296.94487578415107,2.0264241333285384,0.17743184
Y00372,-296.3232009253951,-1.163659522256347,-0.04193826
Y00384,-282.1256730646961,-8.508368581846657,-0.79995525
Y00386,-200.20654169276207,-5.287240029876847,0.9877941
Y00390,398.1046200530028,-208.74575518738828,0.54025805
Y00394,-238.6393546048314,30.39876744620808,-1.0674778
Y00399,-82.49705899004793,-56.21689669806592,0.11393231
Y00400,-285.38003938499963,10.926981341896248,-0.48423356
Y00401,-126.46670569446219,-13.018047243726036,-0.54782706
Y00403,-131.65174318461408,3.237976122347742,-1.2244335
Y00408,290.1741818958369,53.488547933973386,0.42996484
Y00410,-308.87233697861274,0.21213678986274948,0.5551052
Y00411,51.456079087921474,17.715770831292968,-0.66872543
Y00412,-102.14503918915358,6.421746838989759,-1.2286757
Y00413,-274.81611226275027,10.52172437313565,-0.7429612
Y00415,1246.8844255116037,189.2365562768127,1.2338327
Y00416,-318.22166501449465,2.24701934694678,1.1086924
Y00417,-277.05924842707486,11.56502237494772,-0.6708464
Y00426,-287.23883631945614,-7.174609035690503,-1.2477648
Y00427,-270.17187193642667,-12.520579962228481,-1.2477648
Y00433,1139.3243530125208,47.9988646604063,-0.07695981
Y00434,219.08866395766339,25.400700872875422,0.6038888
Y00436,-256.11000195588724,-0.8169714574640891,1.8531716
Y00437,33.60871117612689,-102.40702672957474,-0.4629861
Y00438,-281.5711805938598,0.6084133644760892,-0.4184446
Y00442,-290.8459658724648,3.3457401364308548,-0.24659657
Y00445,419.4276215392287,14.799974845253903,-1.0483887
Y00446,-119.02646043804401,-56.926565980783955,-0.22755249
Y00448,-205.759277055537,46.412179525356734,-0.6772095
Y00449,-105.20094181464796,119.88875345485211,-0.07271777
Y00451,-239.2048999443803,26.07349274984421,-1.1395926
Y00454,-261.670835420574,-2.718067116494623,1.1341447
Y00458,-302.98253977183333,0.8158950621835422,0.1584738
Y00459,-203.8366799319489,35.01373234523434,0.09437176
Y00469,295.7363936082867,132.61698069053793,-0.08544391
Y00471,-147.22935477706162,28.064498904936922,-1.2286757
Y00475,-92.24070806074194,13.331849643500387,-0.7768976
Y00481,-268.896588548695,10.42424105568753,-1.2117075
Y00482,-302.7231838124936,-14.113615953004745,0.5220888
Y00483,169.21345747917573,127.41350414076024,-0.59873164
Y00484,28.637632162107362,47.187848497192675,0.7714496
Y00486,4.061465573195126,-6.444849349506236,-0.7153879
Y00490,-273.2525995227399,8.474267095989664,-1.3198797
Y00492,-133.94950400620039,-7.8598125469837825,-1.2286757
Y00493,-329.81019358485656,-64.55900792076402,-0.17565812
Y00494,-269.3952352639589,9.277155728068845,-1.2838223
Y00496,-188.24301857746985,-22.81523969059371,1.9613439
Y00502,687.6565323866945,-0.7680489995763694,0.54025805
Y00504,-212.78196066077575,-64.47866108360925,-0.63929623
Y00505,-285.8305084271997,5.668052340985158,-0.35397837
Y00507,-231.08655722904743,-11.828908444432122,-0.4311708
Y00511,-294.2039913034368,0.801380657332956,-0.14981697
Y00514,-225.0901155864744,43.693435710009894,-0.38238722
Y00522,-45.74441749765354,51.359082784697755,0.39178643
Y00523,-284.7074492077331,5.985193630175584,-0.23815763
Y00525,-274.02229105049366,-11.8631490838479,-1.2477648
Y00527,442.1518458512473,-465.82530455642393,0.08275327
Y00528,-176.62593146575063,9.935293133657144,-1.2477648
Y00529,-223.62892077312875,-30.082165352836213,-1.2477648
Y00533,-273.4154535303852,0.5114721200092022,-1.084614
Y00534,-15.726837324875747,-52.39109690011272,-0.7556874
Y00538,-406.6984345003414,-236.98026987360876,-1.3198797
Y00539,-183.085993711325,37.005374197068896,1.4735084
Y00540,8.546740336615526,70.29279390616949,-1.2477648
Y00542,148.65778068359813,-20.17345585617703,-0.7535664
Y00546,-353.8777140028689,-138.54289199163674,-1.3198797
Y00549,-289.414680667262,0.8872088109621595,-0.3591244
Y00550,282.0614694330725,218.51702481021357,-0.35534418
Y00552,-219.99568579726446,-282.42639615306547,-0.65559137
Y00554,-294.12398146165015,-0.9578361968711543,-0.2497475
Y00556,-292.314194327185,1.188011455048638,-0.24706592
Y00560,-88.55889434392112,63.479263167214675,1.5901648
Y00561,-196.79786226572548,22.37076275744117,0.39195445
Y00568,-233.25092819091967,-18.813034004445246,0.5678314
Y00570,-319.18017267553086,2.292962394968852,1.7449995
Y00572,-296.67343921644175,-15.557122380855107,-0.7069038
Y00576,-281.4237470518193,-16.66957569509128,1.5286549
Y00580,190.24550640786552,212.97833725698263,0.4829904
Y00581,-276.9257540225342,10.840982796678988,-0.057870604
Y00583,-325.62416806367725,-15.801874543295463,1.4925977
Y00587,203.43564374687702,-59.25728194967104,2.2858605
Y00588,-281.1181991953438,-9.28369719543076,-0.41844463
Y00589,-78.4323856645554,70.99892782821021,0.76296556
Y00592,102.79903401866683,-47.050151781583644,-1.1454084
Y00597,1196.9514891816789,37.37288575861672,0.6038888
Y00599,-86.23883397218358,-200.81260047923277,0.54025805
Y00601,-11.576302537469557,-180.35900114125877,0.5911626
Y00605,-81.75145204532446,29.06150180971539,-0.5138907
Y00610,-114.53104106555503,-750.7697468800543,-0.7918963
Y00612,-115.60694978540307,-3.2165863020400094,-0.72599304
Y00617,299.8952796712526,-59.326030777744315,0.93476844
Y00618,-298.2746941522998,1.2952487132937436,0.05409712
Y00620,-288.6339653819638,1.0387039416032378,-0.76515037
Y00622,-599.1928315761204,-1233.2787336974375,0.5911626
Y00623,581.8763898026499,-214.57886358147766,2.249803
Y00626,350.3684061810516,-195.04869100335108,-0.5202538
Y00630,-274.2245295739072,-1.4104129773773042,-1.0255507
Y00631,-271.9806561339822,5.994610527148549,-1.0210674
Y00640,-334.0616545865227,13.079398475286077,1.9788576
Y00641,-343.77815786880336,0.7688713569701818,1.9919927
Y00644,-252.83693947906187,-36.435102759358706,0.19453122
Y00647,-94.0264131593287,-35.68817284290196,0.37481824
Y00650,-143.77776727431393,-18.324174932625894,-0.5138907
Y00656,26.121133032584968,2.727271747762154,-0.35269287
Y00658,975.7113236776954,-4.299133765811989,0.61449385
Y00661,124.89994391004845,-132.04776448000672,-0.35269287
Y00672,515.9693500188131,-103.68789889875387,1.7449994
Y00673,-307.05394117801455,5.08238238270217,1.5668335
Y00674,-318.1482842612705,1.4102216757990915,1.5704057
Y00675,-10.13216941780057,160.45619257742788,-0.183011
Y00681,105.70137120555083,212.79615616287447,-0.71455234
Y00683,-220.35456143358408,-32.80414000723966,-0.24461
Y00688,-37.40935375896397,-101.11326292814758,-0.9847579
Y00691,-1760.5774407125818,-1819.3834039465644,-0.7069038
Y00693,-274.472271077333,15.445989540056186,-0.23815762
Y00694,253.34862204459415,316.4983147138218,1.0429407
Y00696,-224.78825839725857,29.701216029560175,1.2041385
Y00697,-313.53732684655773,-2.1409084764281237,0.6353145
Y00698,-282.3469043717868,-0.85422888001868,-0.99536306
Y00700,-741.07636208463,-1624.0121549350808,0.5911626
Y00701,-3.048436437532349,7.595637106103496,0.12453743
Y00705,647.0155189783325,127.51425106802144,-0.1469536
Y00707,339.5659464898629,124.24891369553191,-1.3198798
Y00710,-335.6086842084515,-5.826386054039309,2.2137458
Y00716,-191.7494617273401,-22.494781088420904,1.6007699
Y00717,-110.61267046468679,14.80053029449065,1.7810569
Y00718,-255.24532334882633,18.997310222221397,0.37481824
Y00720,-254.08148898245628,9.911818950504923,1.5647125
Y00721,-318.27086624482854,4.668480602827983,1.7449995
Y00723,-239.96876685715065,-50.902576353682676,1.6368272
Y00724,-240.7606079024692,-9.224894850371093,1.6368272
Y00726,-117.8750045681115,16.754620351348848,-1.0844461
Y00729,-293.3424032776664,-10.777288761350563,-0.8871908
Y00732,-279.20151935462025,-3.11073175934054,-0.99588567
Y00737,615.3418534422698,-614.5537682649832,0.5551052
Y00738,-271.93412653850663,2.572170278416199,-1.2256652
Y00741,454.77219979635555,-110.26392427113174,1.2453469
Y00747,-296.7823821801481,-1.5987023484665548,0.07384929
Y00748,-272.92321662985637,1.8304265029278988,-0.93355036
Y00749,-262.9294939396941,26.67344170672321,0.37481824
Y00751,733.2925461571122,158.3879473477485,1.8616557
Y00752,-160.50297864141086,33.14589010188918,1.9952803
Y00753,-126.33794032252598,-56.62722578369218,1.1744442
Y00754,48.56245744474007,-15.592346533716475,1.8446877
Y00755,-296.3971710337045,3.8686530728010657,1.8446877
Y00757,-332.8919509883761,-48.66667740079929,1.4204829
Y00758,-198.6036961831796,-4.575949101756345,-0.08544391
Y00759,-275.31004596172085,-2.6718991856860463,1.5647125
Y00760,46.574326708322644,-38.44306596857851,1.2041385
Y00762,-267.924318570972,1.0955586774751311,-1.0611148
Y00763,-294.5922895273086,-0.4851979130806694,-0.2021002
Y00767,-268.9914451288715,9.725835216885201,-0.6708464
Y00768,-288.35001457666397,-95.00242220654782,0.61025184
Y00770,-266.3913145129054,15.075774369841886,-0.23603658
Y00771,-35.610951202912055,12.937723531355743,-0.92324823
Y00772,-320.58119552741374,-3.0754060124448164,1.1043274
Y00773,-327.47504807574177,-7.428943937393218,1.0599089
Y00774,16.246485078444405,-19.75032053913316,0.6357041
Y00776,461.826137810888,434.2796731617816,1.24868
Y00779,-606.3992871289292,-470.4797307472497,0.26664603
Y00780,-318.05597865303287,-129.71768940327385,1.1320237
Y00781,-56.86706553500886,-422.7762745165491,-0.015257307
Y00782,-271.9073936929165,-132.8572985192882,-0.31027243
Y00783,-206.46268145278984,-21.640472726775023,1.4268459
Y00804,-303.0995206057323,14.42508047693295,1.528655
Y00806,-311.78382703061385,-144.97011542883018,1.5460398
Y00807,253.36637819259698,285.63369341207886,0.49571654
Y00808,-185.9801611906196,101.9618194617362,-0.8604266
Y00809,152.36894439650123,75.15942837885518,1.7449994
Y00814,-66.94644644555578,41.27732411306837,-0.06635469
Y00819,-281.83614532965936,8.561670055787095,-0.99536306
Y00820,-284.5079880110171,-1.9814519059968845,-1.0178139
Y00824,-41.859042255755824,-222.72764308599307,-0.02817627
Y00825,73.53956475151588,-261.0534274448209,0.7714496
Y00827,-286.24701703602955,-0.9955240098183255,-0.1299854
Y00828,-274.4300472583086,3.641038986200047,-1.221232
Y00833,-290.25695456026716,-4.7213200927595285,-0.24609023
Y00840,-299.06573612222365,-4.857689394080787,-0.24303024
Y00852,-310.2188253596465,-2.4746455744086906,0.62145084
Y00857,-293.1837131339521,4.821655107268018,0.2760116
Y00859,-699.9009021171922,-502.0987699921503,1.5286552
Y00860,706.2844723994665,50.59527723660096,0.54025805
Y00862,311.9195944768466,-161.26597288606686,-0.5796424
Y00864,-275.8330246887718,-38.28020305030585,-0.5138907
Y00866,-288.8405626768219,-3.741393923658393,-0.02817627
Y00868,-285.6372747109871,6.493944303450326,0.66327745
Y00879,-273.4435302906274,17.487351510210985,-0.4815451
Y00881,-289.93971393383333,-6.719824193765203,-0.7098593
Y00882,-321.5949875868967,0.33985813569927936,1.889229
Y00891,-290.52428160416946,-5.278126345153033,-0.0021455248
Y00896,-274.56079570599564,2.4587393238176305,-1.0024178
Y00897,-243.88195743370287,25.65553586394199,-0.815076
Y00898,-288.8757248317928,-40.303940838747856,-0.5226105
Y00899,-253.65179481168838,19.552531533277563,-1.2117075
Y00902,-125.76103777907464,-57.10366744795984,-0.17028485
Y00904,781.1300777865939,60.891352134544746,-0.7768976
Y00911,511.03652138392835,138.68934405140075,0.61025184
Y00912,-211.06828414401028,11.311202328451063,0.6038888
Y00913,-261.5436065291864,14.302898513453709,-1.2680471
Y00915,-107.12682029540868,-16.48365361433739,-0.9953631
Y00918,-78.13703737410295,-21.212307324914445,0.09696413
Y00931,-300.45141619634956,3.0893623149514786,-0.10734472
Y00934,-153.18545716093368,-683.1430787717397,-0.6835726
Y00936,-323.20045644216856,-6.889651281352234,0.8375549
Y00943,-277.00438835851173,23.41997687804467,0.014244203
Y00945,-279.04582686619875,2.4948846367901223,-1.0835032
Y00952,-274.54626773165734,12.251537039444393,-0.4905594
Y00954,-100.17758236596204,-291.47569112046267,-1.225833
Y00955,-178.17664657695582,-30.47837681439243,-1.2477648
Y00961,-305.06043554051183,2.9113958372978965,0.42655274
Y00962,-219.31602672031613,38.41184986255942,-0.0578706
Y00969,362.82513159237493,58.33256509952209,-0.44389692
Y00972,-178.20311951397213,-59.07132454835583,0.533895
Y00973,-247.9047368991261,-90.22720240473824,-1.2608767
Y00978,-1148.5449769224679,-1466.3375305387958,-1.1395926
Y00982,-102.89011886093674,-223.38749799436047,-0.8871908
Y00983,-86.45696533638764,19.036883706115415,1.6368272
Y00984,85.10277660820913,-123.9320729289338,1.8315374
Y00987,-294.98429410337144,-2.751166092313258,-0.23815762
Y00988,336.5531000138076,-461.440732979028,-0.183011
Y00990,-299.3914732557303,-8.878542040108364,-0.65376663
Y00992,-284.17104141793055,0.7374635745875956,-0.62646806
Y00993,-259.7316613119541,-41.55342258807553,-0.1518937
Y00995,-278.8796432091503,-2.0173778420622663,-0.6047412
Y00996,-208.5559357983153,18.73611022760296,-0.61145777
Y00997,-283.7504597843685,0.5058835092071198,-0.61026996
Y00999,-23.89115402455124,115.65999278960238,-0.07695981
Y01002,-310.1715699725673,3.613783316961622,1.0599089
Y01003,356.36497011856557,-56.45487472769152,0.07151184
Y01007,-319.07380667404976,-7.894559366573303,0.41087562
Y01008,1802.9074209618188,368.3157275561783,0.47662738
Y01009,-177.5678061460193,13.885452965264992,-0.34632984
Y01010,-291.3399747642137,6.366746477444881,-0.4842886
Y01011,10.56764634835833,7.422229289868425,-0.4311708
Y01013,-291.0594958134248,-1.6477695261085465,-0.4776818
Y01025,32.31931271432329,-111.39618662556371,-0.8871908
Y01026,-162.48439988893568,-152.0749899065357,0.987794
Y01027,-618.6374007447935,-388.4546090147162,0.98779404
Y01031,304.93192886261306,-82.66528839569581,-0.5266168
Y01034,-275.0158680195399,14.673518218293816,-0.2021002
Y01039,-294.1380512753872,0.35416029052240267,-0.0645479
Y01049,93.95358075855127,195.5170205252748,-0.63903105
Y01050,-58.9662026876937,-52.742660128459704,1.3738203
Y01051,66.95590584479163,77.65848616381086,1.3738203
Y01052,-261.41980215719695,11.758866456104172,-1.0423944
Y01054,-277.9981850350603,1.9251639717901163,-1.0178139
Y01056,-258.92749010959335,-19.52183930067853,1.4565402
Y01057,-254.71708996223572,8.4323544576754,-1.2286757
Y01058,-250.59305954660093,21.976600805100492,-1.1035353
Y01061,930.7924859995318,204.81210427610324,1.2338327
Y01063,-272.4923675087478,7.1905995498390185,-0.44389692
Y01065,179.82822726471196,-37.15005324154536,0.19453122
Y01066,-85.74827026994538,-7.037818049330855,-1.0611148
Y01068,-92.79295579514884,-71.32338600850152,-1.2286757
Y01069,81.95898188275527,-139.76698341575425,-0.23603658
Y01070,-263.82033021191216,10.089815392138616,-1.2117075
Y01071,-292.7105638013786,5.2766727012926875,0.26664603
Y01072,-327.0167974526103,-2.7945254919959117,2.1055734
Y01075,-283.07039783453484,34.90033888375518,2.0249746
Y01076,-108.07913403656356,-25.71173108606183,-1.256249
Y01077,-246.22876055196406,-58.09014187845857,-1.2477648
Y01078,-299.57592930607035,-12.769758959672544,-0.99536306
Y01083,500.6196558309086,19.17127920637751,0.6038888
Y01085,-342.18163982461454,-6.681595266597264,1.884078
Y01086,36.30000277753812,-182.42964552987075,0.54025805
Y01090,-208.84750069043727,-14.785159047576828,-0.3463298
Y01091,-305.7280304880754,-2.9837213893141854,-0.062031068
Y01095,-289.7330290042609,21.09220465752879,1.0959662
Y01097,-268.46141467883774,10.353202623905416,-0.67428046
Y01101,-323.1754621638087,-4.19042543928534,1.9748654
Y01106,-279.4249294465077,8.693196762598948,-0.0667789
Y01108,-124.69564274210951,-7.064017888610528,0.66327745
Y01110,-278.57376307876115,7.251008023631571,-0.4615132
Y01112,-306.82941137552876,3.3066921185516036,0.66327745
Y01116,-281.7425349809187,4.333726521316486,-0.59873164
Y01117,40.051704715137525,-20.606888483032186,-0.0578706
Y01118,-157.47236349222274,-35.7275828274038,-1.0208154
Y01120,-319.3029029506617,-13.60871659635193,0.18834995
Y01124,-67.51864270662126,-4.48627467174862,-0.8023499
Y01126,978.521538541566,186.69496416421342,-0.23603658
Y01127,-53.64321625250669,30.1346684986581,-0.5902476
Y01128,-327.45163072284817,-3.843257184685435,1.8531718
Y01129,20.330398280665175,193.65857016496727,-1.256506
Y01130,-286.38041561206524,-1.5117695077774238,-0.61113846
Y01132,32.99756468382265,-33.48529239081464,0.35148695
Y01133,72.33039769620333,173.82958803594857,-0.91264313
Y01135,-286.36868573318986,28.332927948488603,1.9974014
Y01137,-282.2297668203016,2.2889326486515613,-0.92268485
Y01138,-276.1510071804354,3.6562204157435123,-0.21668522
Y01139,-127.17673649225796,-3.4290199233789322,0.11393231
Y01140,-238.9834688002197,28.538560576393177,-0.38238725
Y01141,-288.2263731127185,2.646599425211528,-0.24717195
Y01142,-322.76046062682974,4.588098056155154,2.1941106
Y01156,-337.1692872720316,-31.76032863241933,1.7810569
Y01162,-282.3739685945169,18.302344219308658,-0.47253072
Y01163,-176.87184876506495,47.2319734610009,0.65691435
Y01165,-124.23754023831285,-11.661705595339566,0.8520485
Y01166,-310.2907562852561,-10.677604088697008,1.4794154
Y01168,-287.3020888039552,-3.5986453058896224,-0.62716144
Y01173,316.6034058298232,27.70573594405866,-0.274215
Y01174,-329.18199086921845,7.425173505110247,1.7449995
Y01176,632.0849834349942,272.68628655465307,-1.2286757
Y01177,-62.43448580239332,-94.91559901770594,-1.3198797
Y01184,-293.22638701288366,-9.301028439357484,-0.8150761
Y01186,-283.1189602426738,15.70194543187064,-0.23870395
Y01187,-283.64425595859706,9.105333231571848,-0.23815762
Y01193,-241.46134732670023,48.120137832588334,0.66327745
Y01195,-298.0765324858595,-0.3199205686439679,0.17728637
Y01200,-72.25576986748898,11.043145491608481,-1.2477648
Y01201,-325.97612455723754,-0.31597073549932553,1.7810569
Y01202,-316.13270025704844,-2.433966696503333,1.2401959
Y01206,-26.542286740235024,-61.70110441290725,-0.4311708
Y01209,-266.71115952963555,8.472776110904764,-1.0038471
Y01215,-336.0853081109093,-3.7808587562351064,1.7449995
Y01221,-154.5695754587167,-22.11135767284281,-0.3463298
Y01226,-292.831514209519,2.8067144628424567,-0.08694915
Y01231,721.2690141092195,-247.52023853924953,-0.23603658
Y01233,-303.89690745008573,3.539582311841422,0.7627084
Y01236,-300.61106358817864,1.0980180652040619,0.61369854
Y01242,-288.9567095921288,0.596627637659533,-0.21521199
Y01243,-268.09286409737086,1.84950458957589,-1.2923063
Y01249,-279.6712084944679,-6.922734133796747,-1.3198797
Y01250,-336.14920838668735,-9.257378546688788,2.0334587
Y01253,-271.9897122674554,25.106189833224708,-0.45450202
Y01259,-261.2580537518768,13.392515463230167,-0.92324823
Y01260,-338.27851942310167,-9.954982881783268,2.0308204
Y01262,-281.28662550719895,5.907652818213723,-0.93458056
Y01263,-301.8495103206039,-8.828566146682721,-0.56544787
Y01264,-306.50603436805807,-5.915504516602585,0.5589295
Y01280,-191.1911725694662,-58.55535988932911,-1.3113955
Y01281,-106.12325355669402,-16.42138341548214,0.21362042
Y01282,-282.4202647626498,3.056713249934044,-0.57508105
Y01285,-294.1532612169113,6.613387409216571,0.9730767
Y01287,-120.77522052519927,-207.63374514413795,-0.63682044
Y01291,96.79720692398944,-61.48720287324465,-1.0908091
Y01297,-310.7088427305661,-5.809843754370299,0.77035695
Y01298,-322.1296140207615,2.906356737847041,2.0970895
Y01299,-266.41860364330415,3.2911163195817155,-1.1035353
Y01303,-11.565150321543598,171.1917810352704,-0.83243704
Y01307,-302.961593777296,5.054007743895742,0.8964487
Y01310,-300.3720098758985,-2.417427676309303,0.17872523
Y01619,-293.3449654218779,14.000661658745077,0.48299038
Y01620,-265.4888768383721,-0.5387215247450284,-0.553326
Y01621,-271.96569663987583,20.495353446408988,0.48299038
Y01634,-286.7917674536658,3.1063529165380306,-0.7469676
Y01635,-615.64503965703,-441.6796909518806,1.7449995
Y01636,-282.3423184493632,5.224697444420062,-0.48605224
Y01652,76.01515865908098,-10.214048405969628,1.1744442
Y01655,-49.5245961514743,53.95302471245896,-1.0611148
Y01660,793.3101580753339,-239.29793732398917,2.0249746
Y01661,-276.38483837805694,-3.493030771337988,-0.9621903
Y01665,-279.0789245843338,3.8917180548353567,-0.7801818
Y01666,-281.58842768866657,5.531380896679442,-0.77901864
Y01667,-267.9311376621724,16.3198839830408,-0.58176345
Y01669,-287.7504816643547,-5.0204216056413395,-0.67521703
Y01673,-282.62070583887527,13.820156397555229,0.18864429
Y01676,-267.65396387520275,-4.230889525004014,-1.2564186
Y01680,-286.62347225083266,-85.14503085375688,-1.2117075
Y01685,-292.5422276012559,0.6292167514496293,-0.37274396
Y01687,-305.1097217868851,-10.238227088100794,-0.05967347
Y01689,-342.40407524880766,-4.760936117137902,2.2137458
Y01690,-213.6637338614343,44.68815586869744,0.63803726
Y01691,-260.49480145496693,13.894269650354653,-1.0674778
Y01692,-274.25768519653496,10.710844160086156,-0.9759475
Y01693,-275.8629721581225,0.6676096067862639,-1.2477648
Y01695,-133.67629871946292,41.21617773584795,-1.3198798
Y01696,-301.4033936570945,-5.809256946485826,-0.061388392
Y01704,-292.6316742847054,-4.934503415062282,-0.43582168
Y01705,-354.6063169343683,-19.959952401197175,1.7449995
Y01710,-279.6650228119407,2.6608271242681965,-1.2117075
Y01712,-303.0879500524,-1.9487034341105443,0.35249698
Y01716,-355.93881505782804,-142.28778012588782,0.588072
Y01717,-266.8833561282765,6.927414502452608,-1.0039312
Y01718,-134.73305404452807,27.055653645430365,-1.3198797
Y01719,-23.375637441298387,40.11576102483009,-1.3113955
Y01724,-279.66777033082695,0.5280945173520648,-0.183011
Y01726,-294.8740354739084,-35.52794278820202,-0.92849296
Y01727,-287.0846434850355,3.613330008260261,-0.59873164
Y01730,-329.7817626653223,2.642616865039811,1.6859965
Y01732,-288.67748063770824,-8.747690937033525,-0.8910541
Y01734,-246.48371145699372,15.360317459118898,-0.74029034
Y01735,-309.74437606184824,3.7036970366550164,0.852253
Y01740,-310.95546991959156,-22.369712657394977,-0.63478905
Y01741,-203.81967571940774,30.786392897848955,0.4829904
Y01742,-299.46330895774804,4.048845082240986,0.48942924
Y01746,93.16037120437639,55.27124935751166,-1.2286757
Y01747,-303.3607196128074,-0.13466549189796362,0.75609845
Y01748,-283.43112236356956,6.4344838804827855,-0.91747904
Y01749,-281.13887865586753,4.816529624380398,-0.20631471
Y01755,-309.1325335693549,5.144520651949582,0.10438771
Y01756,-62.8777536859058,-2.9439809242708206,-0.08332288
Y01764,-280.3484152663563,1.5658216474640756,-0.7069038
Y01765,-325.411260383792,7.082859584189975,1.9568367
Y01771,-294.3572401611645,-0.11078024894145509,-0.35124674
Y01776,-296.35872391537845,-0.538260832961019,0.014244203
Y01778,-312.43127336546786,4.289888332776671,1.1197114
Y01783,-277.6316618002542,0.36469061136637504,-1.0674778
Y01787,-307.66608260725644,-12.244481347381726,-0.99536306
Y01791,-258.60211903781044,17.75742349753886,-0.63478905
Y01792,-283.27774373976507,-63.69450421961925,0.0142442025
Y01793,-288.0547420758945,9.069245851196428,0.37481824
Y01794,438.98158822920266,-77.5213561089216,-0.49904352
Y01795,-147.07905702250352,15.010828429766665,-1.3113955
Y01800,-280.8005968801228,5.287640007717739,-0.86768436
Y01801,-314.03229956466936,8.643923086318539,0.8519349
Y01802,-331.3879883958857,9.617623703861266,2.1627378
Y01810,-299.67400720736623,3.849214812601591,0.42560875
Y01812,-82.55979945602672,-27.119012149398237,1.1871703
Y01815,165.7476744227954,-99.02794883213676,-0.08544391
Y01821,-265.5787991263283,7.837586485710159,-1.3198797
Y01827,-318.29914082750025,-9.180266268387438,0.80750704
Y01834,-247.59464703385117,-16.881577931527595,-0.96778977
Y01836,-292.4985192994539,-13.964810403221215,-0.8871909
Y01838,-266.7600973128106,-3.7623880315838916,0.54025805
Y01839,-46.22115835999134,-32.0467332410765,-1.0908091
Y01844,-275.41637023778384,0.12617009516917377,-1.3198797
Y01851,-169.41587731979376,-27.68345887965739,-0.20397331
Y01863,-299.2998494374396,2.8784562551376998,0.17914672
Y01865,-631.9157952823365,-556.7098324536371,-1.1395926
Y01866,548.8121480111165,149.41208241295425,-1.2286757
Y01882,-220.96187091106222,-154.25155284752418,-0.23603658
Y01884,-292.4933862884539,2.1597918311331754,-0.23815762
Y01885,-269.44411874242354,7.279133723438097,-0.99999905
Y01894,-266.98931531530945,9.366279228041163,-0.3463298
Y01895,-291.44571654789763,-0.7674173451565945,-0.815076
Y01897,1515.1468872931819,441.9142531641247,-0.36541906
Y01912,-284.2657035159105,-0.5966903932875451,-0.25834978
Y01914,-286.0068431274126,0.30562198450746025,-0.45269918
Y01915,-292.3020112031001,1.974128903041872,-0.274215
Y01918,-304.40473995170595,19.862345823590317,2.1055734
Y01920,-134.16980645114103,115.85387196177437,-0.24380514
Y01922,205.10614062747285,-72.45570452739352,1.3738203
Y01924,-212.53505372321476,-0.05354309452604115,-0.45025998
Y01928,-278.0801619426154,7.545990085988565,-0.45450202
Y01929,907.6489521987464,801.6078461691593,-0.25724682
Y01936,-315.0321205659353,12.021117555685423,1.708942
Y01943,-276.5275685868726,20.39368697207453,-0.21521197
Y01948,-234.8951349548361,11.910001934758812,-0.59873164
Y01949,-269.3603714161716,-69.46293543524145,0.33876082
Y01950,-318.9168417182932,-0.6239003526166393,1.1388454
Y01951,-328.3816957804323,0.3231447681906211,1.5835251
Y01952,652.2162227490007,333.64468949768093,-0.23603658
Y01953,-248.3741368563279,28.335309295722947,-0.54722106
Y01956,-274.81456028995274,-0.5227645531269467,-1.0054044
Y01957,-294.07347223470373,0.39869140300486555,-0.35007605
Y01959,-314.3903688263163,1.2809302325876744,1.3477004
Y01960,-214.18524803167352,-33.49406064520352,-1.0568727
Y01962,-17.35529245279724,75.93584397817047,-1.0605732
Y01964,-40.853110821919785,104.67924179789705,1.789541
Y01966,-311.276004371024,4.353564939159228,1.3420051
Y01968,-259.80982052900424,21.68307840878333,-0.08509761
Y01986,-280.5251005952643,-3.0068154959988944,-1.2117075
Y01992,-281.2510414394471,14.552123220679972,-0.4270984
Y01994,561.2815474883755,441.0346452496621,-0.36541906
Y01998,-282.6737437272928,-3.002525736315199,-1.317304
Y02000,-273.60796721575053,22.459486832828986,0.51904786
Y02002,-72.25061704149451,27.963160567988105,-0.2466417
Y02011,-296.7152912163817,2.4820740035552435,0.23192407
Y02012,-235.28155573822997,-7.924630262972094,-1.2286757
Y02016,-289.4116367149926,-10.093486647336398,-1.2838223
Y02017,-360.49998766574055,-105.62296416639786,-0.7069038
Y02018,69.220237392712,-48.973520234860764,0.6038888
Y02022,-311.84826423326234,-15.158447471652863,0.23058861
Y02025,-294.5113597887336,-2.5703090922829928,-0.274215
Y02026,-267.4755962322285,4.800434913421401,-1.17565
Y02029,-285.71644886133083,2.8930943195536387,1.2338327
Y02041,-290.06757452980844,7.27710042609618,-0.24566957
Y02045,-253.84923692975124,59.15338732751162,0.58561534
Y02049,-308.4521904463442,24.94395962807628,2.249803
Y02051,-318.64286617134053,-1.5294247941394095,1.5430781
Y02052,-265.2129941964481,30.595307231353218,0.5551052
Y02059,-286.2395908730114,-0.710115439887407,-0.44114742
Y02064,436.45239860326865,-40.74381612358895,-0.02817627
Y02065,-327.14413775910157,23.06728589199806,2.1107247
Y02066,-291.2880144738401,2.8126213626840437,-0.49236232
Y02068,925.2008216651358,-55.2006417335324,-1.0929301
Y02071,-244.20493585304357,-3.718951626887973,-1.3198797
Y02077,205.91433203075303,24.10640682662566,-1.1586819
Y02080,524.1773083895463,618.3336136079953,0.7628815
Y02081,284.0483325657847,16.231746433158634,0.76296556
Y02082,129.02752097871672,30.276057152937266,-0.77265555
Y02083,-286.1560257822029,3.3557162837461165,-0.52159613
Y02085,-283.06886783783233,-3.21738219076095,-1.0032016
Y02090,-281.61152577568004,12.587446588386305,-0.66807276
Y02112,-338.57913895925446,-13.255542869286144,1.2401959
Y02115,-287.54743328525916,1.431837082032491,-0.46155673
Y02117,-32.94453876284484,-73.24004720416566,-1.0611148
Y02121,-202.2741013187311,-50.28209600561899,1.3844255
Y02128,-335.7198652288095,-5.008859220400921,2.249803
Y02129,-98.43896200872592,-102.16149973892453,-1.0483887
Y02131,-270.48480603449195,9.58237189662033,-0.6708464
Y02132,-329.76059445725576,-0.1749975833201754,2.1038144
Y02139,-294.36344412440934,-2.751367574737758,-0.7902089
Y02141,-439.6891827107346,-177.29322131820655,1.7449995
Y02146,-323.05366417389894,7.202577052753875,1.6822909
Y02147,709.2459660577387,657.2804478045523,0.83482325
Y02157,-276.9890728781523,13.24245184700804,-1.2838223
Y02162,-201.15322854014246,-95.62624017878203,-0.22491205
Y02163,-301.3889663535168,0.6770093628724672,0.5551052
Y02164,-141.20492941541286,-72.63065210977494,-1.2117075
Y02167,-304.7850948197022,1.9022555135568904,0.6877965
Y02175,-332.1501434487002,1.7696880280337965,2.1728158
Y02176,-333.7614942257952,4.781654585232483,2.1726403
Y02177,-63.9068786512442,71.02137054491611,-0.09817005
Y02181,-53.19154874924324,4.550856454746808,-0.5626742
Y02182,-406.4812364679047,-326.31506091374166,0.98185515
Y02188,-314.9298044404682,-2.5256475580952986,1.3476746
Y02192,-208.21415892856254,-180.64929988707033,1.1962235
Y02193,-276.705325302836,7.724438557003154,-0.91657096
Y02194,-312.47089405469785,2.6166258614758475,1.7662097
Y02195,-663.9595370080336,-491.7826481498741,-0.7069038
Y02197,-268.4539464698613,7.766382779349218,-1.1687819
Y02202,-298.57393795095203,-7.426209336052013,-1.17565
Y02203,-275.27418604895996,-1.0587441194232254,-0.93181634
Y02204,768.4869504403755,-131.9044287966573,-1.256249
Y02208,-234.51159843147124,46.66994756923501,-1.0922029
Y02209,-275.81023729777246,-4.592001490045529,-1.0861282
Y02210,-262.45883510564613,4.259456308813627,-1.3198797
Y02211,-257.80891435550393,3.463954540258575,-1.3198798
Y02212,-186.2911847516976,-8.330422232607287,-0.08332288
Y02213,-320.35877652918856,-10.749936967521379,0.9877941
Y02222,-91.54982332143375,-26.6090488933976,-0.7535664
Y02223,-307.2971645800949,-1.3447752035193854,0.66327745
Y02260,-178.72382944418283,-27.001066799161045,-0.60509473
Y02265,-295.640827521526,-0.762489897550797,1.3123107
Y02266,-302.4771595942843,5.461507452304972,0.5352115
Y02274,-122.10126841634415,21.035544641544874,-0.183011
Y02275,-240.9158898156906,21.163451660718376,-1.3198797
Y02276,-262.6870719853243,32.18876854693498,0.51904786
Y02278,-255.9841380114783,-4.167326290959106,-1.3198797
Y02279,-233.25073054187627,14.823263092334853,-1.3198797
Y02285,-274.0391670094034,1.9084472513133077,-0.92324823
Y02286,269.59344664749835,180.83155876325898,-0.9147641
Y02289,-303.6299835764966,-27.52236623305001,-0.23815762
Y02291,-253.46999946474028,-6.419912820612216,-1.1710273
Y02292,-279.09903138876973,2.076115837274251,-1.0825987
Y02295,-268.2639716637583,7.972329464837443,-1.1051029
Y02299,-252.5105223320515,25.925180311986452,-0.0578706
Y02301,-298.1412752983997,-13.968440953412173,-0.9593057
Y02307,-294.1226229496093,-3.242521980914481,-0.47407603
Y02311,-320.6498634710698,-11.611847445913831,0.19453122
Y02314,-278.85390901035055,-16.840731924200572,-1.0818019
Y02315,-267.8696301517193,0.977159022133097,-1.1223834
Y02318,-282.01502820802716,0.5984721741505467,-0.6182627
Y02319,-87.08403237265995,41.008443418599875,-0.6772095
Y02321,-63.79711001402666,3.038387637410741,-0.6772095
Y02322,127.06602292830486,-24.577654975560016,-0.183011
Y02323,-267.0550047749571,3.153979322588602,-1.2117075
Y02325,-109.48484484511843,33.75104057444985,-1.3198798
Y02327,-271.91456317903004,3.5784854413391387,-1.1395926
Y02330,-218.14584237354305,1.381303284872817,-1.3198798
Y02331,-326.3295191291531,-3.512575956971738,1.2041385
Y02332,31.085928491788042,-104.07283304898385,-0.85325444
Y02333,-296.02520931698047,-1.2248616241320636,-0.2444467
Y02342,14.1644208374448,-79.09544616252464,-0.35693493
Y02344,-102.71032685141567,13.069434247320167,-1.2477648
Y02345,-237.32961202567935,35.60476102942549,-0.23815762
Y02352,-287.3184943271129,1.3647044466313112,-0.46761382
Y02354,448.4408378171442,-105.5422338434595,0.086359
Y02361,-302.83715550031076,1.2998418031109462,0.61199576
Y02364,-314.27374940173576,1.8710377155738183,2.2052617
Y02365,-47.59065052386881,-720.7809623893503,-1.17565
Y02370,-334.60713353155836,-5.540462767453349,1.9749871
Y02372,-324.3829043095433,1.1399887892786156,1.9778049
Y02373,-285.22098416063994,8.508263413580643,-0.4536006
Y02377,-284.2793659268499,0.14157378278023494,-0.70690376
Y02378,14.109322888747979,7.0085198152156245,-0.7768976
Y02379,-283.2949353608432,-43.40721780929053,1.9252865
Y02382,-297.52710714973495,-1.060226582328859,0.495424
Y02384,-239.79984067094205,9.854504033819557,1.2041386
Y02387,-277.27401942841453,3.7912015033436735,-0.8057709
Y02389,48.801272042632604,95.52798116180405,0.20627084
Y02390,31.507628925866893,-774.3165525213433,-1.17565
Y02392,-288.83826289805387,12.43928667625442,0.51904786
Y02394,-269.1832002546228,6.416216623530241,-1.0674778
Y02403,-263.70816114946706,3.309130862117996,-1.2286757
Y02404,-258.5723317594163,16.821689339461546,-0.1299854
Y02408,-273.3499245538272,11.65073259758754,-1.0825018
Y02409,-283.68559891381096,1.7707302267265497,-0.45025998
Y02414,61.242965926372605,31.365342324646186,0.086359
Y02420,-296.21894421439947,-0.30954761708023565,0.050301604
Y02421,-110.10513015331784,-125.21715428772619,-0.274215
Y02422,228.61645127589125,38.91689801378915,-0.274215
Y02423,848.3219903973446,-46.06768253087911,1.0132463
Y02424,-586.0112388453482,-580.3165761696183,-0.49055946
Y02426,-306.77522721427454,0.36413323468522585,1.2762532
Y02428,92.80528251025439,-105.29800388286124,0.39178643
Y02429,-256.7589326269519,-62.81476655009421,-1.2477648
Y02439,-281.56863564299545,0.20244233045332224,-1.2269626
Y02442,-145.95502580825814,-360.59316464362354,-0.36541906
Y02450,-336.53814584111706,2.0817176551610483,1.9594123
Y02453,-259.51310000583317,7.113526254810885,-1.2471538
Y02456,-255.2970758121591,-14.470012705247965,-1.2373387
Y02458,-312.57169656954954,3.4468703231147835,0.9709673
Y02460,-205.72512776121934,-56.459770330617104,-1.3198797
Y02461,-128.57467858511188,38.26736474539563,-0.021813199
Y02462,578.9688735099448,133.1989854421607,-0.06596512
Y02463,885.4385148280709,-132.96378076516328,-0.85325444
Y02464,-175.97326551873255,2.266469566927544,-0.8871908
Y02465,-325.78458669406064,-3.508156512227432,1.8333402
Y02466,261.9093337109242,256.47091951483213,0.7884178
Y02468,-289.7958441591297,-7.893988820769951,-1.0314205
Y02469,-19.729787612496295,47.20304972329039,-1.1586819
Y02470,557.5100299602366,470.20356875765765,-1.1586819
Y02471,-122.09025742743243,17.92222779689319,-0.07107975
Y02472,-273.6162561766098,-33.13827962257868,-0.021813199
Y02476,-176.15954481297106,-133.83450775674342,0.23907271
Y02477,-165.96458721927615,-8.441071576362923,-0.8871908
Y02478,-312.7104786406897,-2.084196336600898,0.9626631
Y02482,-277.1020525557191,3.171863288164911,-0.79566056
Y02483,589.1621774194341,-427.65597482694193,-1.1395926
Y02484,-292.9559903781224,-10.455281932639773,-1.17565
Y02489,-315.51623066593726,1.0044013667006881,1.137571
Y02490,-304.4709994471577,4.31400436960938,0.8962083
Y02492,-272.9864086423798,-0.31155989214033697,-1.0939454
Y02493,-283.9192470841275,18.03673631447697,1.2041386
Y02494,710.3184492969687,387.955383618442,-0.2466417
Y02495,60.62773468932174,-50.948397012249224,0.61025184
Y02496,399.08777218340623,-124.46848407892968,-0.95930564
Y02499,352.3459579913627,68.96281082375206,-1.1395926
Y02501,-153.46312083510247,7.778995646407992,-0.96582204
Y02503,-525.3591516584461,-475.1670220888725,-0.7069038
Y02504,-271.6263097345087,-29.719855543065478,-0.183011
Y02506,124.16223554693349,17.803874632249737,-0.39723438
Y02507,-259.51281341924755,6.9737554910015715,-1.2838223
Y02508,-177.67879426263346,25.70619860331983,-1.2838223
Y02509,599.5547219863589,-17.960895504663423,-0.543585
Y02510,-27.70090501232037,108.18418167867318,-0.7768976
Y02511,-117.24563620926064,-19.996307225701482,-0.74656695
Y02512,-185.94123906918446,26.170346194492186,-0.9232482
Y02514,155.3937864240205,345.65407893163575,-0.22832377
Y02515,-230.41331127644276,-10.586521428715656,-1.2838223
Y02516,-112.50339020598511,-18.099239026350315,-1.2838223
Y02517,523.9817877615067,-52.895992489113915,-0.5202538
Y02519,643.2083747116507,290.7645651697472,0.20301531
Y02520,-110.62723962388156,18.898480434928544,-1.3198798
Y02521,329.6439938761243,164.48611221093495,-1.1480768
Y02522,-138.41086434141823,-114.22714915434767,-0.7535664
Y02523,332.69466227671023,158.58780310625505,-1.3113955
Y02525,277.4099429868959,13.627696434045191,-1.1035353
Y02526,14.42814109870862,-280.6444577194627,2.0970895
Y02527,-286.0010992971381,33.71289245109874,1.7662097
Y02528,-292.5139499436128,9.29870573491408,-0.09907906
Y02529,-195.94404448454532,-294.6445640869656,-0.20210022
Y02530,-282.5620637862466,-5.780828459421909,-1.17565
Y02531,394.96654554806753,64.68863930484468,0.33876082
Y02532,220.55760869474688,286.3445983871851,-0.23391555
Y02533,-155.875001532409,10.467511839377917,-0.23391555
Y02549,-266.36688341947934,8.480044728412572,-1.217717
Y02557,-269.69318755794495,2.017502465158815,-1.2192194
Y02563,-278.1141519127707,-3.3318873510366545,-1.1583238
Y02565,930.1211610784363,489.6120407366152,-0.274215
Y02566,163.87651325292634,113.16150857459314,-0.274215
Y02567,-99.77438051384861,27.834572725289718,-1.2286757
Y02568,736.1738751369561,-165.96421363643387,1.0599089
Y02569,-257.78166113002237,-182.52110935758697,-0.1660428
Y02570,-40.98180072355684,-152.70497800925136,-1.146045
Y02571,-101.38599379099819,12.794575351071874,-1.2286757
Y02572,181.4795743131964,57.91355510310698,-1.0844461
Y02573,-291.33686121184166,-22.83157346557464,-0.99968994
Y02574,-739.1793018799941,-641.5166514654162,0.3027034
Y02575,-94.3636747024309,45.38116229520251,-1.3113955
Y02578,50.892860659414296,-3.5356055310335393,-0.47359124
Y02580,-227.78486264304627,-23.887562833492165,0.26664603
Y02581,-159.60071288637383,35.31832072766877,1.1320237
Y02583,32.85793730455494,48.00360806380866,0.081207946
Y02584,-95.77377387127045,-74.84927745216355,0.5551052
Y02585,-60.663730295618755,-213.99537389716875,-1.0908091
Y02586,825.9138362756731,73.48530290635978,-0.9847579
Y02587,-285.07965477806937,4.095677164092401,-0.021813199
Y02589,-128.90954575147032,-271.6073588013231,-0.4311708
Y02591,291.7721885299875,-146.32381943506508,0.6038888
Y02592,-564.1057078479058,-547.4829297610232,1.6368272
Y02594,-162.07129527998075,23.986960000108787,-1.1395926
Y02595,230.55422109087843,-83.90261958830494,-1.2483195
Y02596,455.44524627154533,-34.368705709707,-0.5626742
Y02597,-181.77213814113787,-22.832103724467338,-0.9620099
Y02598,-298.9732222229916,-26.4230481501146,-1.2869577
Y02605,-78.7229689934008,-281.9301463659464,-1.0568727
Y02606,-25.535277150050145,88.11418031649187,-0.25512582
Y02607,-259.4879274194411,-147.4808619399912,0.014244203
Y02608,-255.490733365837,12.391100528935294,-0.63478905
Y02610,-111.45059030555468,-35.983001927126345,0.52888167
Y02611,46.393631004580605,-386.60483060647164,1.5541073
Y02612,-124.95051911321455,87.99499106686751,-0.6708464
Y02613,-330.1926074936308,-186.79297108683554,-0.6708464
Y02614,134.33394117042263,-82.80818198159898,-0.9232482
Y02615,1596.0619344989766,455.3858139713608,-1.2286757
Y02616,-614.2424921480733,-834.1317422295687,-0.63478905
Y02617,-223.36248675906694,-26.98614503619955,-0.3463298
Y02619,-292.5825859318494,-3.4071583783981825,-0.2271645
Y02620,43.19585882908627,-397.5797733939347,-1.2286757
Y02621,-285.96672229329073,-0.86723340263535,-0.63478905
Y02622,-115.96899907200998,62.06370027888751,-1.3198798
Y02624,-105.0741640676655,39.59112440323712,-0.89838105
Y02625,12.915171396479982,57.755097717410344,-1.3198798
Y02626,-67.18530185908656,22.477975218328897,-1.1395926
Y02627,198.88020483338005,230.60056110634065,-0.91264313
Y02628,347.4585159550932,-156.11423011500534,-0.91182405
Y02633,-114.8977623892999,68.84517955565256,0.40875462
Y02635,175.34217757089945,-243.20660029054162,-0.77901864
Y02636,-150.20156213127865,29.81094761262542,-1.1395926
Y02637,-350.2164755215091,-28.894728141688628,1.781057
Y02638,-111.03484388128119,-137.40144045229792,1.5041052
Y02639,404.6457486981752,-37.082227095956604,1.2338327
Y02640,-49.59025398209638,-52.76819163551444,-0.1299854
Y02642,-279.30714684911464,-25.225682646530785,-0.5266168
Y02643,-312.66605355121334,-27.545858186541334,-0.5266168
Y02644,-94.13512365622766,21.92465926353074,-0.5266168
Y02645,-287.15379446026003,5.672633486605712,-0.24086192
Y02646,299.74858792509286,-402.96773070161026,0.76296556
Y02647,-250.5572785690484,-101.88001590939731,-0.92324823
Y02648,-282.8884218387706,4.988225478296873,-0.183011
Y02650,236.83176222704728,67.3315266547894,1.0238515
Y02652,787.1923053850859,246.33275087453757,-0.61145777
Y02653,-71.86274235750757,43.43656196888002,-0.08332288
Y02655,-302.76203278215166,-13.589832949189256,-0.5266168
Y02656,103.88846042555895,69.32483067928199,-1.2477648
Y02657,4.159384259406888,84.24369230560602,-1.0931821
Y02658,-223.07757540727738,-42.33766797770427,-0.516952
Y02660,-161.18683547534732,14.848597694345347,0.12241641
Y02661,-286.8902913046054,3.008140322615707,-0.5830143
Y02662,123.3247504559844,-94.55805563048294,-0.995363
Y02663,-144.0663761766603,10.464041237338483,-0.9847579
Y02664,-188.32801256127672,12.661908570630493,-0.45450202
Y02666,212.15020017172196,-47.85846114218659,1.24868
Y02669,-99.14953819763456,-381.23665528507394,-0.35269287
Y02670,-269.7716563786462,9.834838164348628,-1.1434559
Y02671,55.464118381593345,-288.27500870798355,-0.35693493
Y02672,-83.11685410162352,37.50545535447169,-0.35693493
Y02673,-221.71585805869887,-6.485511266272093,-1.1395926
Y02674,-259.3771510339448,-8.623183315374549,-0.60509473
Y02676,18.907255625105943,120.69091386739655,-0.036660362
Y02680,-317.09238584219133,-1.5437433253083428,1.673341
Y02684,-151.43767923948246,-239.6149992647009,-0.59873164
Y02686,-182.06329521007189,29.459501804492845,-1.1586819
Y02687,-286.213262491632,-39.304056085816654,-1.2838223
Y02688,-77.16752283573067,47.92823822447914,1.2401959
Y02692,260.1791923916083,-306.4307483066301,-0.3463298
Y02694,-267.4186149771185,14.126649536617586,-0.41844463
Y02696,-114.82627450685494,-403.2541656147434,-0.7402569
Y02701,-71.23947887225093,49.61969312042061,-1.2201916
Y02702,-163.4838828905223,6.873398288775817,-1.2117075
Y02704,1308.887068733979,304.7574190155505,-1.2199186
Y02706,-293.8524510315347,-3.414546110744093,-0.5266168
Y02707,190.69788345233525,-527.6125377581268,-0.09817005
Y02708,-168.97857680798558,-307.51087020831034,0.41087562
Y02710,-119.33498171687525,-74.17397611292026,0.18225636
Y02711,-70.33553740459996,-17.217690557456972,-0.3289228
Y02713,-137.46074239993754,54.88242750273501,-0.9847579
Y02716,-273.2226876093897,12.276922957819355,-0.59873164
Y02718,-176.97675078506816,-4.665736605021574,0.07151184
Y02719,-165.14576393535216,2.446809896604661,-1.0674778
Y02720,-140.12892357375014,4.1440807453644375,-1.0844461
Y02721,-179.1389156842961,30.07569849452835,-1.0844461
Y02722,-291.6418582474496,-14.044908633874437,-0.59873164
Y02724,-21.34402661164001,127.35176307200204,-0.7743661
Y02725,220.78048601281617,-78.57918820005777,1.4204829
Y02726,-260.8847934663584,-61.19001731007958,-0.45450202
Y02728,-262.4222332373391,10.628122455384258,-0.91264313
Y02730,-306.12567372814476,-5.570325082064657,0.525204
Y02731,-283.92645582586425,-4.3889714785503875,-0.5266168
Y02732,-279.4080706243533,-10.381166302034597,-0.5266168
Y02735,-130.71263739643965,0.4717457120201557,-1.1395926
Y02736,205.64051649672535,-401.7416587497559,-1.1395926
Y02737,718.4527807756665,-212.41601936988363,-0.057870597
Y02738,-224.8143719946609,44.51460358834177,-1.0043775
Y02743,-290.7066539582786,0.34581827484746763,0.41723868
Y02747,97.32858785675353,184.05073445891742,-1.2477648
Y02748,-184.26897705527492,11.322505338814537,-1.2477648
Y02751,1412.1526748500678,141.580941885918,-0.77265555
Y02753,-5.768438016700969,72.45918305559057,-0.9847579
Y02754,-89.81994380148232,-38.7699997297891,1.4186978
Y02755,9.667420583440977,26.046443892642603,0.07151184
Y02757,-28.299869304203263,43.56684272269035,-1.1395926
Y02758,140.13659357814856,-135.4570251129451,-0.4184446
Y02759,-261.0440465332138,21.165755580223244,0.12453743
Y02764,-280.5855831853364,-1.8154175453637258,-1.224688
Y02765,-294.4929204815361,-8.672292754445103,-0.11395989
Y02766,57.833234323200436,46.57382735839129,-0.036660362
Y02767,-57.82528178168782,58.88153705501046,-1.0483887
Y02769,41.127995131861816,110.51928251997411,1.5668335
Y02771,-313.8380463704208,-0.7139869114284111,1.141372
Y02776,-469.71798832909025,-405.0497978212368,1.708942
Y02778,269.6047970691065,-88.39365136249891,0.6926576
Y02784,-127.54214740198904,76.46322844560788,-0.6708464
Y02785,-297.72522674476926,8.188449699553084,1.1341447
Y02786,-177.1385520134251,29.600516590480957,-1.2477648
Y02787,-119.9507433673284,-120.96164817349072,0.12453743
Y02790,-78.59137260876683,94.48759916672893,-0.6772095
Y02792,-275.9185881285451,-7.370803193015391,-1.1395926
Y02794,58.235407969975576,126.5490844510835,-1.2286757
Y02795,-84.73989054309592,-309.42178205027585,-1.084614
Y02800,71.22961192162587,66.69458647665441,-0.5266168
Y02801,69.75553018794044,83.12678467639546,0.8943392
Y02804,-200.6617990333905,20.42886331951365,0.11393231
Y02807,62.5656884416498,-77.79256150253147,-0.07695981
Y02808,711.6384847784858,23.084767527903903,0.68236667
Y02809,-303.2844610163719,5.098533437637652,0.74529034
Y02811,85.7298345419336,-62.26626640650088,-1.0059682
Y02812,-138.86841237637708,-315.0954890338187,0.3424909
Y02813,-318.82088203239056,-49.680005487797395,-0.4918949
Y02814,-211.63134755291193,-22.831865757418335,0.7353922
Y02815,-87.77985838499116,70.24028544689936,-0.5266168
Y02816,215.87450399147266,75.24352013788483,-0.04726548
Y02822,-269.9027732825094,-102.65400809232666,0.84356445
Y02823,-27.87051772515161,-236.72853683586865,-1.2477648
Y02824,971.6470987118934,80.34015736503632,0.09696413
Y02826,1042.0120750358885,176.51779720026525,0.014244203
Y02827,-136.99272175053534,33.49951894497003,-0.8023499
Y02833,-141.59885777126215,-214.553466612412,-0.0578706
Y02837,303.70201600615997,164.06692373928655,-1.2923063
Y02838,-70.6437270335038,78.26708831066735,-0.7069038
Y02842,-121.70123763050682,-81.44808111343455,-0.17028485
Y02843,-308.8363235322447,-2.011125536611907,0.12962788
Y02846,91.04065422241095,147.55316549152428,-1.2117074
Y02847,-52.636784973499935,94.05692468138018,-1.2117075
Y02848,-316.3839759743679,2.8564961410587455,1.2401959
Y02849,722.6916559228974,328.1277443208601,-1.3198798
Y02850,-157.75908476215898,37.37602352132229,-0.63478905
Y02851,-292.68761923570815,0.7854498436774392,-0.06896519
Y02852,-292.8944272759178,-0.22984751590277597,-0.1299854
Y02854,1044.3542725935306,90.64632112781591,-1.2923063
Y02857,-120.62247036962559,0.37670696804155984,-0.67084646
Y02859,-311.56142631698935,25.97872144457137,2.2095854
Y02865,-235.00214394019375,-72.86589647447335,-0.77901864
Y02867,-106.23260801276687,37.0375356973846,-1.1480768
Y02868,367.683872883887,-254.8622150762237,-1.1395926
Y02869,-204.54363509679712,-257.2866837996612,-0.4311708
Y02870,-227.92582231501973,10.00172978887326,0.446933
Y02873,-262.29073726179917,11.131318733876286,-0.47359124
Y02875,892.4596243075617,443.550310906057,-0.8023499
Y02879,-312.6594905973265,1.7165313697672426,1.0599089
Y02880,-234.59344365004847,-36.70739576330944,-0.45450202
Y02884,-138.7759937011557,58.61169898385746,-1.1395926
Y02885,-171.647157056423,15.511316734012848,-0.7768976
Y02886,-185.40977524319217,32.803680797684805,-0.183011
Y02887,-224.70671123967736,8.093410350905776,-0.1770168
Y02888,-282.952272040085,-2.2603228922901337,-0.7170175
Y02889,309.3022556914867,247.03939570765863,-1.2286757
Y02890,234.3144676491392,124.09941526490812,-1.3198798
Y02893,384.7697574387972,-72.87393908576253,-1.2286757
Y02896,368.43201503325434,-111.58785458757099,-1.2477648
Y02897,-172.84398958065026,7.755955179661426,-0.77901864
Y02898,-250.62460083617955,20.688437920641974,-0.99536306
Y02900,95.68808848631718,17.284930395282295,0.68236667
Y02902,216.6660980152329,-259.929266727413,0.06514877
Y02903,486.24164727668233,270.7108008561868,0.4829904
Y02906,-142.0465030231049,43.66168837362343,-0.4311708
Y02908,-315.60254183742086,12.406929220284798,2.249803
Y02909,-311.6208133441899,2.877951983004305,1.528655
Y02913,-223.4608974949305,38.11046027660274,-0.8871908
Y02914,-306.04625949184407,-151.82556773385892,-1.0969794
Y02919,-306.7115895621373,-39.25348659852709,-1.2117075
Y02928,10.291521393483256,66.57306489570277,-0.7535664
Y02931,-277.62010200849954,0.22030940117999975,-1.2414018
Y02933,-75.40929945442757,65.82879773280995,-0.9847579
Y02935,-282.59017524298747,5.546845561497184,-0.62328136
Y02936,-158.81017882512288,32.56230195685051,-0.9847579
Y02939,-386.3049125693317,-222.05326856485016,1.889229
Y02942,-124.2137685143169,91.43552443719284,-0.1299854
Y02945,-324.0774399136026,-6.704218326898678,1.1159981
Y02946,199.39287020102665,-237.62389032216754,0.35148695
Y02949,-306.7807685799153,-12.17704740634328,0.014244203
Y02952,-313.236732150573,7.467924518819537,1.6197278
Y02953,-314.0190804605802,4.453452042849409,0.97110075
Y02954,-289.09866083010724,3.1107189996332787,-0.08431269
Y02955,-334.8059458056518,-41.714925275842724,-0.057870604
Y02957,-225.48398869036572,-113.23780338044239,-1.0236939
Y02960,-76.74086645405063,39.37057480112079,-1.3198798
Y02961,603.9523610008437,60.142199275535575,-1.2281296
Y02962,52.92724163933352,-339.9468159746111,-0.27633604
Y02963,-235.15943638517714,8.3362446177308,-1.2117075
Y02967,-261.72971955949663,-35.40281991187302,-0.49055946
Y02968,400.4278661865736,119.50603352298084,0.98779404
Y02973,-28.61910488398966,-100.36687202212335,0.5614683
Y02974,72.96366350611024,-186.652049432973,-0.7535664
Y02976,-237.48499510811556,28.477427932030537,-0.92324823
Y02977,155.83645664202456,111.73232547819869,-0.6708464
Y02978,-293.0731191554347,-140.6031082375751,1.5788219
Y02986,102.84460844073242,204.78425971956565,0.49571654
Y02987,45.011059592876876,30.63506951110129,0.09696413
Y02988,-210.40037162905668,7.1844538615297315,-1.2117075
Y02989,606.9632776096823,-272.87104443804606,-0.49904352
Y02990,-278.5836414906375,-2.1309978830013954,-0.71411526
Y02991,459.02905934752135,-382.08743983254374,-0.71511495
Y02992,-249.18265617491696,35.64363149650916,-0.71345973
Y02993,-278.7271252468984,31.098924546216608,1.5301576
Y02994,-212.01367956687398,96.56420059263549,1.580738
Y02995,-280.97033200517075,-2.9375321564430563,-0.49055943
Y02997,-267.3474903860785,23.143347109941978,0.3930367
Y02999,-24.12855722847326,-12.07351182413989,-0.99536306
Y03003,-325.70954724945415,3.560041271977985,1.6263105
Y03005,-316.33221370337026,7.717929587378402,0.9603904
Y03006,-291.38446740904516,6.193253764048759,0.12241641
Y03007,-162.269769588843,-46.88340450144762,-1.2264248
Y03009,-292.8037553887304,-5.382973197484395,-0.23460265
Y03010,-317.46688846796604,-7.88103942518553,1.206714
Y03011,-287.1737321021498,7.418910908458782,-0.061148547
Y03015,-291.46807515384245,2.265108279339579,-0.07395025
Y03016,-294.8160885922303,-1.4854429545787615,-0.08275021
Y03017,-3.767121496442299,-54.242397357399305,-1.2923063
Y03018,-275.8272254764228,1.0848568859029528,-1.1395926
Y03023,182.62714331957838,111.40416931866902,-1.2244335
Y03027,-285.8307664893978,-0.1773214313860466,-0.7069038
Y03030,-277.09871534539917,10.7484678128886,-0.7069038
Y03031,-285.0878907960664,0.865123661253788,-0.7069038
Y03032,-285.69250656215866,2.0719310658581716,-0.42336157
Y03034,336.0693171753263,169.4388153169867,-1.2286757
Y03035,351.2158113630913,-13.004489646388892,-1.0611148
Y03038,-311.00668173260556,-1.7117772461873901,0.9865717
Y03039,-324.23764368728234,17.63237935524478,2.1725373
Y03041,-284.1449387982565,1.6890464717154612,-0.71837664
Y03044,-249.82407052635807,8.865504711068732,-0.96740013
Y03047,101.08242698681599,75.53195262746165,-1.2244335
Y03049,5.748436319214794,16.44330535476307,-1.3029115
Y03051,426.7008642650136,-55.09181326170256,-1.1205034
Y03052,154.17021951682315,53.04319704392865,-0.0853599
Y03054,11.017478766232307,104.63454971884043,1.7449995
Y03056,-278.85730123744264,5.040231709704806,-0.60774595
Y03058,-207.54692309896802,40.51384179963442,-1.262947
Y03060,-246.2522553669093,7.866982263149234,-1.256249
Y03061,-265.61786270974966,2.597524658764786,-1.2549763
Y03062,-324.9482751738293,3.1374272625332864,1.6453114
Y03063,-96.66235843260681,8.740728848820282,-1.0441465
Y03068,-298.90081879731554,9.747434194663384,1.2401959
Y03077,56.5221109467998,77.06177572549578,-0.4311708
Y03079,437.94873989852937,14.862186955086047,-0.6772095
Y03081,-278.2308821481236,5.128640745968391,-0.1299854
Y03082,389.59923193236756,88.79003420983753,0.5614683
Y03085,-269.2112276027388,2.861185665135568,-1.1395926
Y03086,40.213210938436966,91.87476859447567,-1.2244335
Y03094,218.9224541647646,520.8828342731048,0.3885302
Y03097,-271.1915159201415,6.748690364180524,-1.2585821
Y03098,-273.31413744848714,9.520468184606017,-1.2549763
Y03103,-275.1622250578967,-12.097328972648265,-1.0314205
Y03105,-135.56979204005935,104.76931409685314,1.1723231
Y03106,-294.08815357811335,-4.130386481086081,-0.7688137
Y03108,-276.60112584368073,1.5062398865333595,-1.2477648
Y03109,-271.29562597848434,10.473161811173348,-0.8748283
Y03112,-135.21122880671138,84.67425591185022,-0.32613766
Y03114,-293.9545087456721,14.021434207701178,-0.2556047
Y03115,-310.194409876181,18.215003537652265,1.7449995
Y03119,-295.05343606818553,-1.3194561341662796,-0.22136375
Y03121,-324.9010169787951,-0.31490261820974075,1.6803682
Y03123,-301.8204840612175,1.9230672022121278,-0.18171994
Y03124,-89.32208308322991,110.79888735858974,1.123294
Y03125,-290.4093822466244,-1.7196041651983258,-0.5688304
Y03127,-274.15829733687553,3.2523148239842836,-1.0415418
Y03131,-115.31958190069172,114.66825189775687,-1.2117074
Y03132,-282.4337494005139,18.169136186697713,0.9061696
Y03134,-261.8936552897681,21.77068027750242,0.19453122
Y03135,-82.4945631021927,-37.16283222339599,-1.0598294
Y03136,-312.122320599253,-15.90321191015441,-0.29873407
Y03142,-301.8454865946898,2.7113558572488428,0.42790273
Y03160,-219.96454670976834,-32.62142289413419,0.19872393
Y03168,-194.4582286586367,-659.3692295306305,-1.1618198
Y03179,-310.8886414737704,-0.12321648298759622,0.8443483
Y03186,-261.1925144889043,29.233567001151062,0.8435645
Y03191,-27.06420319246445,-212.05690567500795,-0.32645205
Y03192,-290.27831283389446,-6.223086811105835,-0.39109072
Y03193,-311.845143811671,14.809479895410282,1.6873077
Y03201,91.696548108829,73.98653828639573,-1.0131745
Y03203,-257.492725686702,16.351916290434918,-0.600266
Y03204,-261.1133064417439,13.67259984088353,-1.0855066
Y03217,-272.03410574213933,39.67162550263931,0.9539442
Y03218,33.07925137385254,217.29700023369404,0.9156792
Y03220,-310.0158529346428,3.674322183847863,0.84356445
Y03222,-33.36170686318173,3.6431200000202137,-0.37255338
Y03228,-274.3653562603521,4.543127496638466,-1.043052
Y03231,-316.7974978296924,-0.3459628587258534,1.3383948
Y03243,-274.63571380031175,0.09206910845090628,-1.0815872
Y03244,-249.2252370890427,22.499115263861654,-1.2388434
Y03246,-279.2207096638274,1.018299463749851,-1.17565
Y03259,-146.88943827162475,-629.6232847714449,-0.7536313
Y03260,-281.5299886498367,5.573529251717159,-0.274215
Y03263,-328.70442243659215,1.8206423094922841,2.249803
Y03266,-55.02351654520942,1.3993481872099396,-1.3109583
Y03267,-249.79591490871456,23.332147770514844,-0.24013878
Y03268,-283.96520651844196,10.630420527619115,-0.23956244
Y03272,-283.5475654466793,3.2667586525016556,-0.717858
Y03274,-273.19477377537567,9.83257609316088,-0.81507605
Y03281,-327.04686071934594,-0.459545489352696,1.2401959
Y03282,-276.4369787536508,7.987983320227028,0.08635901
Y03287,-270.47190743928564,3.9314857416530495,-0.35534418
Y03290,-267.96671385221015,5.940548713514558,-0.3463298
Y03291,-284.38632557081826,-2.584590410682113,-0.274215
Y03296,-55.7570211800856,-134.6986166612609,-0.7511032
Y03304,-103.59700643651578,165.19167991333964,-0.8598631
Y03307,-299.16036257261743,7.225766370092701,0.24313033
Y03308,-230.6406405287625,-391.863430629722,-1.0674778
Y03312,-71.49540796247625,154.223547952035,-0.97012293
Y03315,-303.18913348023153,-7.330121058123504,-0.075899296
Y03317,-275.2217230771435,-8.128945956010826,0.9063741
Y03321,-314.3422368778132,-2.9418270805934523,2.1068847
Y03322,-283.84003550712424,-4.351980054677913,-0.24678004
Y03324,-243.7573988968785,-85.26408439395644,-0.3463298
Y03325,-254.0683134241283,9.527096835703814,-1.1395926
Y03327,-267.141368134623,4.007287397020932,-1.2838223
Y03328,-276.6485914758104,-4.3430421319113695,-1.3198797
Y03331,296.67556870922283,123.65426566512897,-1.2209135
Y03342,-307.1866099701183,-10.914758386098455,0.23058861
Y03344,-275.725981329455,9.27149127885081,-0.96069247
Y03351,-266.98298011042493,-13.929928746471047,-0.9678908
Y03357,443.8104297033035,244.0603931752828,0.23989376
Y03358,-281.88080880078905,4.148797165879951,-0.08608943
Y03361,-152.78513747342225,-5.536222069050651,-1.2162147
Y03362,-166.61599618966036,60.04455837340045,-1.0802877
Y03363,-166.58651601433309,39.26827871422017,-1.2117075
Y03364,-181.58895041101974,-24.230073278701305,-0.63740194
Y03365,-287.84169879980914,-17.457980162717117,-0.20789514
Y03366,-138.24679622681754,10.293458070322073,-0.68182045
Y03371,-309.58118431187535,4.572796041568963,1.8435564
Y03372,-276.05669620553596,11.539869356792053,-1.0152568
Y03374,136.7206433287371,194.86408346841418,0.17958058
Y03375,134.21649875320674,144.33818267255995,-0.35730383
Y03385,-272.18560047052824,2.8834605084287963,-0.93275785
Y03389,-286.40430094531024,4.8319289384120765,-0.49526256
Y03392,-62.561587583410535,-55.36746443618199,-1.2210126
Y03393,-303.37497303758073,15.555197375185713,0.8886362
Y03394,-274.93613937618454,-3.8711930078323236,-0.93275785
Y03395,-131.68455272441355,39.41465665437636,-0.7069038
Y03396,-125.21051295906169,-64.74793116125767,0.26664603
Y03399,-296.8889582682026,7.302243620602259,-0.1299854
Y03401,-303.32694187456565,1.927248368846462,0.5551052
Y03402,242.09030654265322,45.62159267482921,-0.7239419
Y03403,-284.9155617257912,-10.047375855108253,0.41087562
Y03404,-287.5844203191879,-1.0509007864241935,-0.2726473
Y03405,-318.2955314726377,-0.6077378633940597,1.528655
Y03406,-281.09416805413167,18.077285559681776,-0.656737
Y03407,-289.4254941015179,13.96655860711591,-0.22428939
Y03408,-275.3355024802247,8.26084459411958,-0.5173293
Y03410,-312.8770160150695,5.85650873610889,0.57313395
Y03411,-259.00802025184646,39.95532411934637,-0.1660428
Y03416,-273.5784796284044,11.206691191109403,-0.2700223
Y03418,-13.629338579288836,166.99721211671357,-0.24013878
Y03419,-310.1714598872302,2.748282695135139,1.9252865
Y03420,3.9129695545240244,-200.68605807521743,-0.093928
Y03421,-311.93493952409676,-13.454207282358084,1.0526974
Y03422,-267.56529513291997,2.388601073270484,-0.85834485
Y03427,-259.8039733931311,22.13178296684358,-1.0314205
Y03428,-262.5659080025597,15.98623236508642,-1.0314205
Y03430,11.869127195646783,38.01736899261507,-1.1395926
Y03432,903.7553546048908,449.40633508751625,-0.91636086
Y03433,-279.1060457973989,4.670979961262042,-1.2374628
Y03434,-273.5542795619153,-10.220607046923542,-1.2325828
Y03437,-282.28839356552334,17.47104271308815,-0.31027243
Y03439,-326.14416781899206,0.12886085600911804,1.3844255
Y03441,-144.24484653052454,56.094665654654335,-0.15765737
Y03444,-290.648301743098,9.81341550025822,-0.24738161
Y03450,-273.7696445551524,5.025954334041203,-1.2477648
Y03451,-312.3064756211393,5.884436924552846,1.0238515
Y03452,-287.9377523764072,0.13112120255595056,-0.90951204
Y03457,-270.1582905198276,1.44896196538185,-1.1395926
Y03458,-101.98623723602945,-71.47047184634341,0.8240334
Y03459,-271.76649657138717,6.455832258247298,-1.002875
Y03461,-290.1006545453384,-4.188556235265763,-0.38890362
Y03466,307.49557183747555,1007.5308254119034,-0.83044475
Y03471,-286.01841980258115,-0.5796760489105774,-0.72303474
Y03472,-296.6798821586555,-23.567030531813497,-0.70829064
Y03474,-296.1095304941011,-4.851878947479667,0.44481203
Y03476,-285.2327492692558,12.981189924294549,-0.59873164
Y03480,-280.404326616163,-6.416254355570791,-0.857143
Y03482,-292.5783046044788,0.024168620528253023,-0.074301824
Y03484,-280.9526530090081,4.26006498918161,-0.40741527
Y03486,-294.6067274203629,-13.724605427992046,-1.2117075
Y03490,-266.6828318747257,14.243199638249186,-0.804774
Y03492,-257.1909474241002,5.88841393091018,-1.0314205
Y03493,-320.8702692556984,0.643724922778973,1.1623119
Y03495,-295.72635985705654,-17.112206367564127,-0.73798776
Y03496,-255.06085827519334,34.59364706105708,-0.1660428
Y03498,-275.2981741805703,-7.363372788012653,-1.0335926
Y03499,-311.835189562242,10.186497233243264,1.956193
Y03500,-304.43712022283347,8.349047163626215,0.7479339
Y03502,-84.6330193805806,-257.3591667717856,-0.307908
Y03504,429.0926570043069,-77.19717116026435,-0.41844463
Y03505,-272.52774082626445,3.0194067390400194,-1.2524174
Y03506,-207.6742735513883,-80.99730607565989,-1.1035353
Y03507,-31.729168789366092,285.8883030341919,-1.0520246
Y03514,-287.70325777726094,5.245422291998574,-0.3463298
Y03515,-338.28665183001095,31.1885854341096,2.0798182
Y03520,-323.0239269304313,13.373805203669367,1.5496187
Y03521,-312.96184052850725,1.5993665275372912,1.6677337
Y03523,-302.78374624047115,-2.2581137592351177,-0.077101216
Y03528,-314.99321902991494,-36.35121755466019,0.53707653
Y03530,-283.1480734272635,9.211552347428832,-1.0126079
Y03534,-271.32512112853925,3.613335502139229,-1.2958413
Y03537,-253.17428503744847,19.902401582872816,-0.47995433
Y03538,-314.0146759939546,-8.72760853270268,0.47243705
Y03539,-287.03628034391784,5.967339897742479,-0.3463298
Y03546,-288.581961705048,-12.323311379825007,-1.2493325
Y03548,-295.9919801444379,-7.6378004096706995,0.2013529
Y03550,-171.33472870485164,176.63568847296108,1.1486655
Y03554,-272.8974955252901,-0.6872337357419515,-0.2511383
Y03561,-290.32756437962877,5.2637598904525404,-0.24688117
Y03564,-295.7232008708973,10.649821943641125,-0.2529504
Y03568,-296.56804945258517,1.6853328000891348,-0.4424829
Y03569,-242.7463842522693,-208.34329199752432,1.1618102
Y03570,-329.3452190390712,-5.41372454862694,1.2156113
Y03571,1154.2207604723708,582.4455222367226,-0.5008615
Y03572,-314.51735264969216,-44.11726533603677,-0.011511083
Y03574,-274.8488077163251,-3.111725198880713,-0.98942953
Y03575,-302.0967008540494,0.580097692229991,0.35093606
Y03580,-14.334799517557375,-157.08621828157433,1.2247427
Y03584,-323.52997471382275,3.852369782676273,1.8531718
Y03587,-60.78866694923634,-36.99099895948176,-1.1550459
Y03591,-302.9010533246599,10.572031506211678,0.40810198
Y03594,-293.43389606963495,8.948657905164385,-0.08646785
Y03595,-17.28370371483624,61.71230024925019,1.6522806
Y03596,-282.80572589167656,-4.506069790956755,-0.9232482
Y03597,-22.877829963816446,-5.245514177257413,-1.2323117
Y03598,-252.86669304223838,14.411348251193116,-1.2323117
Y03600,86.76126045511245,15.821640983618996,0.46753728
Y03601,-296.869759974696,-2.291233382025727,0.20152743
Y03602,-64.25479148699058,46.96486695652339,0.11726535
Y03605,21.82833501100226,-73.80701280056459,0.74569434
Y03608,-3.9443232277191513,145.47009481512947,-0.7069038
Y03609,84.62462907506703,96.33675489335708,-0.7069038
Y03610,548.0366747873065,-1235.5891513618458,-0.7069038
Y03614,-271.5762344051633,-8.823028355230996,-0.95930564
Y03616,-279.1003288783917,-2.901198872936914,-1.0543661
Y03617,-310.68889610601207,-1.982774916130558,1.1417314
Y03620,464.9487639365163,914.2636386291657,1.878927
Y03624,-296.69429552732566,16.9944289897131,-0.24982323
Y03625,-264.8842824589961,21.465238887464114,-0.49055943
Y03629,-339.17684215492943,-6.674013158064689,2.1019678
Y03639,-307.33209142126503,-14.363093997643489,1.4755179
Y03640,240.43225357995615,349.0234202339286,-0.4081425
Y03643,-278.9375610455153,-8.69663011544368,-0.8322462
Y03645,-201.96469283607846,29.05095763013835,-0.24845973
Y03646,-302.8799487445805,-59.664788377285646,1.6775074
Y03653,-275.48518400860905,0.18709422577156334,-1.2323116
Y03654,-166.11459726705021,44.129296419474926,-1.0987566
Y03656,-65.16777251218309,-31.355430691842287,1.1867775
Y03659,-257.56795820191485,58.2554444166667,1.1483516
Y03661,-88.82896541061452,-45.42100216302656,1.3844255
Y03662,746.8882237436509,353.6353099560477,-0.46970692
Y03663,18.576306184448192,-60.284769062927445,-0.85513985
Y03664,-122.95078536047932,-11.479239319867668,0.51771235
Y03668,-209.01599700059168,-328.4333371434047,-0.47008237
Y03669,-219.94822106779554,60.41666827054727,-0.7069038
Y03671,-195.21702684153317,87.5604194402294,0.7441867
Y03699,-276.3392734646426,-11.30329117914073,-0.74296117
Y03700,253.69247574621687,-151.05050670897552,-1.150146
Y03703,-217.1699081813065,-354.9423306296353,-0.47253072
Y03704,-301.3267749122527,-7.55152131139982,0.24089074
Y03705,-297.43566999325714,-14.632913342666386,0.24194916
Y03706,-286.84670983145446,-10.402745082620783,0.24182728
Y03707,-297.0400615679125,2.3471823151647984,0.24179564
Y03709,-277.5565843446882,-10.339159698412738,-0.25155035
Y03711,697.0041503274257,200.73899214916395,-1.1502763
Y03712,-271.23799388833766,-2.0638311869876347,-1.2135565
Y03713,-239.95946705283473,-4.077505117221696,-0.15522559
Y03715,307.5605837020446,574.493191293237,1.3184668
Y03723,-281.74949203907624,-33.68540660256934,0.7606324
Y03725,-302.94144672461607,-4.678373206364651,0.58700216
Y03726,-303.0470212135836,5.281246027521159,0.5632472
Y03727,-289.13702794232836,-7.668464006564542,0.5735019
Y03728,-295.4654185133548,-9.811880693784696,0.5262593
Y03729,-297.3043122828936,-0.3065935004945289,0.571932
Y03730,-302.14202693325115,14.735516915315873,0.4874976
Y03731,-315.3981310913524,-5.547808041547278,0.53965205
Y03733,-253.96839963500602,21.715960229418073,-0.1299854
Y03734,-232.16830056180618,-40.37444701224669,0.11173273
Y03740,-310.6382251717909,2.461815799947697,0.82864416
Y03741,-297.7705153845833,-30.399780006957698,0.8327473
Y03742,-280.9183090376831,-0.06886610419947885,-1.1004795
Y03743,-268.9433748479256,-31.555281527412717,1.1288286
Y03744,-225.3113645949809,34.93305006760568,0.20254396
Y03745,-312.5140436558419,-5.228200112762637,0.6521828
Y03746,-301.51526073051537,1.5501196147509333,0.66327745
Y03747,-190.38166733674404,85.55574374179638,-0.91924185
Y03748,-349.34627858267874,-52.44373807587607,1.0238515
Y03749,-312.5726368979055,-21.264105686097327,1.0238515
Y03750,-257.28765513294167,-13.973158046737504,-1.126715
Y03752,-275.13209542544615,2.9227177723225775,-1.0930669
Y03754,-267.00919912478446,9.87494307998478,-0.4535275
Y03755,-33.21730517209322,-62.33777469838146,-1.2370812
Y03760,-253.4120462385321,-6.7475208489674765,-0.9913567
Y03761,-270.90802983170096,-29.5964068249824,-1.1547747
Y03762,-223.8389626695755,8.026685695059458,-0.06882475
Y03765,-262.62080945638894,-1.8413738906262642,-0.8041219
Y03766,-298.0762103372995,-36.39555537900016,-1.0287162
Y03768,-283.887566919112,-6.847053627133944,-1.0093853
Y03770,-269.7901692929024,-4.060440764172017,-1.309196
Y03771,-224.65643288377723,-62.984127304785424,0.5925319
Y03773,-251.72273071024196,-34.26392794081037,-0.2488413
Y03774,-285.36439500219217,-14.41719081387837,-0.25055236
Y03775,-292.3505167663452,-6.068710207647701,-0.25017676
Y03776,-282.66558075819455,-3.668694821429969,-0.2493963
Y03778,-276.3292525527942,2.7449651025553403,-1.1425974
Y03781,-305.23204025184185,-6.809901168360913,1.1253463
Y03782,-321.4269065823363,-5.24703388170298,1.9573375
Y03784,-291.58830226027646,10.959466583499163,0.5884917
Y03785,-291.63132928990206,4.7140171794199945,-0.2601056
Y03787,-79.21891701145435,-76.00990989573478,0.52706057
Y03788,-271.4888363907942,-18.127442059051305,0.6053117
Y03789,-229.84717937923003,17.434334730505366,-1.3198797
Y03791,-29.928501634613536,-88.15965186569268,-0.4691921
Y03792,-280.90709227591464,-14.065097201018286,-0.4698264
Y03793,-114.45408874620341,-116.4367146240962,-1.2946395
Y03794,-284.76357550938815,-5.5350013221664955,-0.22764087
Y03796,-321.66971312757437,-5.367110345294778,1.1539409
Y03797,246.36004557437994,718.0674942843967,-0.087538086
Y03798,1115.0575101843701,98.33594609464731,-0.23496266
Y03799,-299.1953051318714,6.537189337649334,0.9020992
Y03802,-303.7213005371971,-17.990678129965502,0.9015301
Y03806,-321.4920018309026,-21.827257576784252,0.90022606
Y03807,-307.6093263982868,1.4751827889095572,0.91423696
Y03808,-289.23148409769544,12.57097127255497,0.05409712
Y03809,923.6077652346431,256.21954529986704,-0.23415123
Y03811,-230.59686794300674,-5.009374436773563,-1.2946395
Y03812,-268.1320528110216,-53.711307927648335,-0.92324823
Y03813,-224.66424209661594,-73.97602440444786,-1.3089255
Y03814,-267.5517697395677,-10.153293307044382,-1.3087851
Y03815,-289.6018609281688,-15.331660299078477,-0.59873164
Y03816,-253.66753127306424,7.0176038727599765,-0.59873164
Y03818,-273.943774261332,3.6619446387715615,0.112320326
Y03819,-76.25043595373847,-80.23665089059126,0.5262593
Y03820,-312.9011008680051,-38.408933055090884,0.66327745
Y03821,-227.10868712207272,43.08877433237901,-1.0893861
Y03822,-282.619976748394,-109.52476034087158,0.66327745
Y03823,-291.229367553119,-109.58186828401588,0.36627832
Y03824,-322.48880261956475,-77.0851435136348,1.474816
Y03825,-316.587142445036,-6.163186814232784,1.4704086
Y03826,-270.1775946397269,-44.411465363673486,0.20402001
Y03828,-312.782685623358,5.378205023374959,0.87962186
Y03830,-286.6104614072286,-55.67226783827087,1.1500523
Y03831,-290.9645970691203,-4.470253991625239,1.851274
Y03832,-299.36639031510344,-14.072932763233098,1.851274
Y03833,-273.2583167963419,12.720813591427394,-0.4184446
Y03834,-259.646602156155,-20.427044911946922,-1.2477648
Y03835,-275.0201124872484,-9.0950523377017,-1.2320877
Y03836,-251.0798608134589,-69.4474846046823,-0.25258058
Y03837,-303.78544183312505,1.9326733584145799,1.2230917
Y03838,-269.875413565865,-11.482803593037355,1.2228348
Y03839,-311.08511532599283,-27.74808771387995,-0.11926563
Y03840,-291.30050680310865,-9.936022689349631,-0.5008615
Y03841,-286.19353723933426,0.8785356004201144,-0.50257856
Y03845,-290.6419263342766,-0.9452668901238046,-0.5195621
Y03846,-306.971633839455,-33.01970541113587,-0.53780705
Y03850,-310.0919118846635,-0.6821753393064022,1.3784158
Y03853,-282.5699826209478,-15.741006200981273,-0.47033212
Y03854,-298.4747049853209,41.4055142381152,-0.5069492
Y03855,-290.9826942880222,0.5033578655024015,-0.5557401
Y03856,-289.49122789907506,-12.713774790529595,-0.45662305
Y03859,-285.3293016879958,13.60269875683736,-0.41844463
Y03861,-292.395869764501,-19.77312418761712,-0.50498235
Y03870,-284.21224994323916,-4.252864036444436,1.01664
Y03880,-280.3234019001153,26.966550437841907,0.42289478
Y03881,-244.7660204820244,69.34954879299008,0.4238563
Y03882,-272.1364398372803,17.458858828027203,0.5835716
Y03883,-254.37695187278126,-1.156869839484246,-0.84337425
Y03884,-267.02120167046763,5.256016074346014,-0.7192522
Y03885,-270.45791923570613,-0.15754430928079544,-1.2477648
Y03886,-208.10694168400153,-199.35390473409566,1.3375509
Y03887,-261.5222430993244,-47.36108744694389,1.3375509
Y03888,-276.93007907799034,-25.331477618108842,-1.0133917
Y03889,-267.4505522992029,-55.57330985913298,-0.24897483
Y03890,-294.32593866058227,-14.135839933693111,-0.24416718
Y03892,-295.3805279990558,2.9222516839479487,-0.25341266
Y03893,-269.8936659769935,-5.306441758270588,-1.0888451
Y03894,-269.110869821932,-11.0460907673452,-0.274215
Y03896,-288.2898290259018,-6.196056002775819,-0.274215
Y03897,-281.22554366429637,0.03666636284594652,-1.1347849
Y03898,-289.93010586459843,7.265008708706466,-0.26137266
Y03900,-290.40164042856543,-9.843582954248825,-0.3463298
Y03902,-276.1177332417987,-26.02770012534143,-0.24897483
Y03903,-291.72940492369725,-10.566226038322496,-0.24239966
Y03905,-287.80903289505693,-11.409606344830536,-0.24878994
Y03906,-294.91923473862204,15.48543089372586,-0.25929472
Y03908,-302.43834306490544,3.364492568296765,1.0987399
Y03909,-274.9087486955116,12.480019319826186,-1.1561596
Y03910,-274.80767210175986,1.2439210148907605,-1.1522615
Y03915,-315.7803456016225,-28.362417124909133,1.0055536
Y03916,-210.863442123047,4.369739733785507,0.19453122
Y03917,-277.4143086757135,-22.546675939477037,0.17262292
Y03920,-277.6130578602841,-10.373584295346678,-1.1293877
Y03921,-192.87671126134526,-34.60777438091251,-0.93406546
Y03922,-302.6791398229481,-4.636322420085029,0.7492605
Y03923,-316.3212168729301,-11.819932943437722,0.7976732
Y03925,-311.8021837825728,6.562400382544597,1.6428367
Y03926,-298.2237436093629,-19.83259747801917,-0.274215
Y03927,-274.2658062605092,11.319458486094128,-0.9933873
Y03928,-10.467935943252419,196.66903896909076,-0.9925894
Y03929,-277.3275883430199,2.7819129281959425,-0.99438846
Y03930,-249.27135954679358,32.12683357927144,-0.99302167
Y03931,-275.7603687486386,16.63568218945721,-0.9778495
Y03933,-287.0778940351752,-7.576083643841243,-0.9863487
Y03934,-278.86517902082505,-0.20286705423394513,-0.9939207
Y03938,-208.66986595902216,62.46792988428925,-0.09248571
Y03939,-247.85254303300107,-48.74630590711807,1.3374139
Y03940,-170.2343995608205,7.7576865392716226,-1.1395926
Y03942,-91.7221722329589,19.24160708378676,1.7702396
Y03945,-229.924671148087,-23.299378121456403,-0.06882475
Y03946,-285.41175105647386,-5.229767087014722,-0.068928204
Y03947,-289.99392532609033,0.4771929421780661,-0.06972509
Y03948,-290.80308768095045,-1.2151429755760232,-0.071466014
Y03949,-288.63091882098036,4.08745126288547,-0.06925715
Y03950,-275.73824606372546,-12.059848268663247,-0.072293565
Y03951,-59.33662949919695,-585.9019524192436,-0.6770026
Y03953,-304.6867485239912,3.4943629697942327,1.4398985
Y03955,-79.42555493856159,77.2867425611845,-0.6786056
Y03960,-314.7078794755457,17.433647203370732,1.6805332
Y03965,-269.3268763600822,-18.7977704099215,-1.2336158
Y03967,-270.4259659977813,-42.03251609012116,0.7936388
Y03968,-317.9914625908223,-8.55027093632795,1.8531717
Y03971,-253.68977989815107,-27.374061127188067,-1.1617818
Y03978,-317.4344035287273,1.9145710079803777,1.8420773
Y03979,-278.51328754469864,10.408887324726354,-0.1879511
Y03980,-308.6202603344002,2.265075021107754,1.1433842
Y04018,-274.7888118181392,-15.490150903011399,-0.8114703
Y04022,-289.05378793429753,-10.979025522587765,-0.37757957
Y04023,-278.07603446053366,-11.605217487792672,0.79392695
Y04024,-287.09160145947897,4.471797813296772,0.79335797
Y04026,-305.93736541362404,-14.243157548654796,0.36897108
Y04028,-306.768476315086,-14.96615317061706,0.3724144
Y04029,-146.54558098339606,-25.340214490621992,-0.1888159
Y04031,-184.64698312346417,35.70347100267971,-0.03917417
Y04032,-250.37006141338406,-111.5086543700031,-0.039841898
Y04033,-106.4081467020345,84.39219055202847,-0.039841898
Y04036,-286.024796053245,-14.039679914513096,-0.59873164
Y04037,-320.3145721051489,-7.232022042623743,1.6791346
Y04045,-115.5982058061618,27.541923858846257,0.49058145
Y04048,-309.0487570010271,-1.2707280168634945,1.6368272
Y04049,-275.75882339184415,-13.96435188988912,-0.4918949
Y04055,-296.47094867418366,-15.290461272857295,-0.43142527
Y04061,-310.39012331193123,3.9089247363099098,1.0959662
Y04072,-236.27330062439896,41.05208533841874,-0.6985829
Y04077,-294.58045778436724,-8.353444975867799,0.13615257
Y04078,-253.17917480232677,18.53783677554382,-0.6909824
Y04079,-297.79643349245197,0.6489627453727593,0.05163707
Y04080,-280.01579779605333,0.897682057661133,-0.9859054
Y04084,-271.1780364242198,-0.042708193779441926,-1.3198797
Y04085,-280.9881997385964,-13.47491717602537,-1.3198797
Y04086,-269.5911023770582,-2.7940423791083604,-1.3198797
Y04087,-271.1573893909079,-3.1030842496585045,-1.3198797
Y04089,-281.5514377921173,-6.882442732442289,-1.1395926
Y04093,-254.59145894422105,36.15056100509622,-1.2477648
Y04094,-266.4750444049802,1.5626701764788224,-1.1260127
Y04096,-280.3851300858335,4.328717789874545,-1.1525733
Y04097,-279.364505647534,-7.001528377967713,-1.1138374
Y04098,-289.81883642928875,-2.991419651029678,0.34985542
Y04099,-153.66373824814335,-45.01359809856848,-1.0274141
Y04100,-276.4002643233556,7.795319322742277,-1.0386319
Y04101,84.66101112959494,-594.9699407139436,-0.66884327
Y04102,-292.64743281654404,-4.237265606474513,-0.012067953
Y04103,-274.35557335112054,15.54324444658646,-1.148607
Y04104,-201.19194064680258,14.114299360561246,0.743405
Y04105,-251.78343472511727,72.4713030662322,1.0526974
Y04106,108.74925645908768,269.3576898972314,-0.53118104
Y04107,-291.43448439033557,7.269417362565979,-0.3463298
Y04108,-305.35064391066857,-2.0127313919133827,0.36351666
Y04109,-264.1847101121586,19.997274153894516,-1.2603066
Y04110,-315.92643896519525,5.599240036220551,1.0959662
Y04111,-282.6102333393603,-23.461113852377967,-1.17565
Y04112,-313.53045505010016,0.39341368150938544,1.1811018
Y04113,-263.92601922504355,-46.14822129614105,-0.5478814
Y04115,-285.5058549089344,-5.299067720890781,1.7449995
Y04120,-292.96518273786467,-13.217116117441673,-0.59873164
Y04126,-285.87176994779435,-0.5923169100955794,-0.5626742
Y04127,-297.46884065579,-19.536423834317315,-0.5568585
Y04128,-283.9536802927756,10.603096026520488,-0.5626742
Y04130,-279.0776880237762,1.630179990700157,-0.5626742
Y04133,-273.76421554199203,17.935644517589015,-0.5575232
Y04134,-288.5180182540493,0.9172403174347863,-0.85113347
Y04135,-283.06719718287525,6.387324095291467,-0.8871908
Y04138,-320.1654298171484,-11.738248478851448,0.69933486
Y04141,-287.11978054020636,1.5308236578493961,-0.004733375
Y04142,-317.934267998331,-18.45977074106154,1.5697051
Y04144,-282.2736119221212,7.431937545363355,-0.72643495
Y04145,-278.6041455863774,17.720707088612105,-0.72101325
Y04156,-320.5204275557899,-1.351698346320415,1.4707733
Y04160,-293.5551909686538,-13.877239762150369,-0.2536108
Y04161,-319.4934115228978,6.956002791242049,1.4681896
Y04162,-320.5282975769523,1.851661990906387,1.4702172
Y04164,-317.80033532829174,15.84894788693539,1.4925977
Y04165,-312.65646421649757,5.647382358150009,1.4565403
Y04167,-301.29981709922316,-0.09107113891863312,0.0142442025
Y04168,782.4091312688013,32.361718884589784,0.5911626
Y04169,-287.0864138925944,5.88738582843574,0.17145447
Y04170,-320.1719681055446,21.93555386703106,1.8020903
Y04171,-264.74529738713073,-6.179222594399273,-0.54657716
Y04172,-295.7749110077672,-15.616372111768813,-0.5626742
Y04173,-302.24260352960397,-22.689562885574276,-0.53493774
Y04174,-229.90518920757063,65.15191921105134,-0.26866773
Y04176,-279.1848931954388,0.16025371319904083,-0.50340176
Y04179,-292.9493252037847,-3.4106410957131748,-0.51384646
Y04183,-282.33568310865326,-16.331915749397552,-0.35392085
Y04186,-320.72551561588955,-4.011104909789951,1.571924
Y04187,-237.7864128696164,16.680950678679725,0.17234205
Y04189,-258.58836680175557,38.93858829116271,-0.37053272
Y04190,-256.67289115895784,10.672811902537184,-0.37129262
Y04191,-244.7100620550809,48.822148113074846,-0.37129262
Y04192,-281.0757896722495,-8.424621847460266,-0.37129262
Y04195,-269.6434817880706,6.266444087907656,-1.2958415
Y04196,-275.73897735014555,8.436487724868673,-0.34632984
Y04198,-249.70738798094146,-2.1949435604328014,-1.3089255
Y04202,529.2591662386125,-219.99260381029282,-1.0478102
Y04203,-263.83690190962295,-11.827372043338205,-1.0420256
Y04204,-243.85121229013603,74.6270044208926,-0.25234413
Y04205,-237.32322746371668,14.061850825422688,-0.25376454
Y04209,-273.34626250629003,1.4211693486614507,-0.7596031
Y04211,-314.66307444235343,-1.6457824406412962,1.6622448
Y04213,-290.6271789374687,-20.97784764508825,-0.78757465
Y04215,-276.69977230686237,5.71829713986154,-0.38004583
Y04216,-318.1216728069659,11.58849681831632,1.7553016
Y04219,-273.9044452179849,4.98735025031612,-1.0953404
Y04220,-292.51198125749494,9.142767906431953,-0.11847773
Y04224,-267.13556476308395,2.539672233487762,-1.290479
Y04225,-267.1519413303054,-68.24842597792683,-0.3463298
Y04227,-334.542212167481,-12.448320521920909,2.0400145
Y04235,-302.0190907600403,9.94102350621276,-0.3607528
Y04240,-301.38394959105125,-14.001115559043242,-0.037438076
Y04244,-279.3540490921074,-3.958396741749793,-0.37806034
Y04246,-175.26914247127644,-31.741162778735326,1.9613439
Y04250,-164.99184453350887,46.24387096641678,0.7604955
Y04255,-304.3912957026496,1.1437489230687214,0.76090974
Y04256,-303.633506711202,1.1318759828617884,0.76072985
Y04257,-309.29742065863644,3.42511351896132,0.7591142
Y04259,-311.8049417541902,-3.711843198647004,0.76039976
Y04260,-300.8001415872095,2.9691548762843567,0.76058304
Y04263,-291.03572495158943,-48.78390682589608,-0.6708464
Y04264,-283.46227510548636,0.5844234182724305,-0.6029737
Y04265,-283.0889410777449,-57.2358713183387,-0.2497475
Y04266,-59.86937637006428,-18.267587760111162,-0.24705487
Y04268,-300.46360587668175,-4.3853949623933195,0.47397608
Y04270,-290.21588359179356,-6.4061297231031675,-0.37337288
Y04271,-288.8199583964694,-1.2470304605761162,-0.3711802
Y04273,-2.2119870423154464,210.77387553790868,-1.2355765
Y04283,-296.44377859174693,-12.703034810650149,0.4327286
Y04284,-289.2437980931787,13.57097234961162,0.43491387
Y04286,-288.31601789713875,-0.818860698841718,0.4336487
Y04289,-288.4954446858867,-12.82297476615455,0.41388038
Y04290,-300.6180582054213,-4.607152918466156,0.44253576
Y04291,-288.01524397679907,7.1639763865681205,5.7684654e-05
Y04292,-286.00219194657336,19.51552230043185,-0.021813199
Y04297,-206.22595759041812,-47.129340891489164,-0.08297385
Y04300,-288.55296085688934,-13.438837642801543,0.39789498
Y04326,-290.94443781515054,3.4774383388015275,-0.25053552
Y04327,-300.93636555639597,-4.581660829529617,0.12962788
Y04331,-12.877022253613246,320.1338959130032,-0.36796427
Y04332,-294.73020589709006,-9.979273259227142,-0.47151023
Y04333,-112.14026316978092,-265.4681168978502,0.23582275
Y04334,-171.02733328617924,13.728897810807783,-0.73741394
Y04335,-302.083849119604,-1.2243217751014746,0.7714496
Y04338,-287.11724502427614,7.669817199371215,-0.274215
Y04344,-285.9516104766756,11.166846952540569,-0.28719568
Y04345,-278.6450174126794,10.854753031608467,-0.26959226
Y04347,-278.26965898602464,7.005513232865724,-1.02936
Y04348,-316.4518479344859,-5.086973870920335,1.4092518
Y04359,-269.0695192690448,-4.562299554980417,-1.104043
Y04360,-264.96441856251164,16.46874185092362,-1.0716382
Y04361,-305.50313189877926,38.20867677997316,1.1438117
Y04364,-337.7245198559421,12.668426800173062,2.0915022
Y04365,-292.8751618588014,-17.29244456319967,-0.17085046
Y04366,-278.03854449741226,46.74241274138471,0.21616566
Y04367,-289.437951741452,11.822363452858742,0.2192563
Y04368,-295.3338475110409,-8.544421235604117,0.21638417
Y04370,-294.4475304166846,-19.72588779481714,0.2166309
Y04371,-290.7203362947832,-9.174727140629608,0.2173043
Y04372,-270.54807411204007,-17.19489256716824,0.215638
Y04373,-296.1389395872928,6.8408439060862145,0.21597075
Y04376,-108.71073268500159,-61.64408229148577,-1.2347842
Y04377,-289.4864426451202,6.46586858192851,-0.26353133
Y04380,-265.54699923180607,11.079214675972521,-1.3198797
Y04381,-318.21246144302796,17.25024622619954,1.1466184
Y04387,-269.1403092873363,4.241077230874299,-0.99536306
Y04395,-271.8065732036776,5.138089450640595,-1.2477648
Y04397,-261.2745199982805,-22.773700818750587,-0.17781664
Y04399,-50.646559429377675,47.23438624300704,-0.7184422
Y04400,-324.7470798059213,6.3003460808627,1.6923002
Y04404,-315.220201801572,1.1818085763417465,1.0918953
Y04405,-291.9858710082101,9.733662293470593,0.3502992
Y04406,-304.37099319188127,-6.683202261465668,0.6765618
Y04407,-278.02763582562204,-17.512136416756793,-1.2477648
Y04408,-290.16754764125,-23.17735948240041,-1.2477648
Y04410,-337.1258573242921,-32.54970375749416,1.4626776
Y04413,-302.9853542114322,5.663203962240005,0.7477045
Y04415,-323.9374676120729,5.476221250436846,2.249803
Y04416,-303.5171845010353,8.93961682203436,0.60676956
Y04419,-271.6110905490863,-8.230324262749074,-1.2477648
Y04421,-320.8616890918189,0.9820413969483974,1.4788616
Y04422,-295.10495853720255,-5.37808712903256,-0.0696927
Y04424,-309.6404077076129,4.405156269386132,0.7700628
Y04425,-308.2488857120439,-1.5028872441717696,0.76183426
Y04426,183.47497279639188,-8.514944969466407,0.52099687
Y04430,-239.39899118527464,-87.63368781347893,0.014244203
Y04431,-273.42453744582355,-21.604447522493864,-0.6708464
Y04433,-291.1548695913632,-0.2553780579931118,-0.2021002
Y04438,-287.11520460701377,-4.848179576907564,-0.46704373
Y04441,-279.3762030052181,2.9575178355569482,-1.2501687
Y04452,-316.5951711068712,-0.9715829686194428,1.4596757
Y04456,-309.0963956390091,0.9179865079835058,0.42818317
Y04460,-18.964605632209558,273.30388222534276,-0.99635094
Y04462,-249.04948387301837,34.72744513954879,-0.9263169
Y04463,-287.70677690853125,14.980213459060817,1.1544377
Y04467,-180.60869343287334,55.112235709554916,1.7449995
Y04469,-240.4321365571192,23.931973104069264,0.51904786
Y04474,-76.76985611863596,-52.561728709870316,-1.2961707
Y04475,-284.9589264710253,-107.02540671701348,-0.18664704
Y04476,-303.940999877824,2.5958190786561617,0.50402397
Y04477,-72.52575547996258,-26.868134857867332,-1.3198797
Y04478,-272.99126554423236,5.742778146651372,-1.3008494
Y04481,-325.4582641739218,2.293689168165708,1.6827184
Y04483,-288.4272964194485,-1.115855287166535,-1.1458094
Y04485,-267.9649325856813,-13.533001324691146,-0.7919448
Y04487,-303.2821176367486,-4.882483026236392,0.8198696
Y04488,-172.02195385945595,61.082839508373205,-0.19059253
Y04493,-302.8751440937539,9.399782151565992,0.9232136
Y04495,-310.5837371463529,13.948097195082951,1.0934507
Y04501,-302.626961148398,1.9777993475108324,0.29942548
Y04502,-316.88469201749894,-3.1683923877430877,1.1243751
Y04504,-288.14912369273543,-31.521200666004187,-0.4797422
Y04505,-311.20381152025965,-5.069694979486542,0.82079136
Y04506,-116.47963618292597,-319.75844282735255,-0.304135
Y04507,-310.7515359464473,12.953245898106388,1.8859512
Y04508,-285.22609447092816,-8.359491007304813,-0.23815762
Y04510,-283.704387293791,-8.710643045989187,-0.49055943
Y04511,-282.3917629530037,3.1329974374360487,-0.23815762
Y04512,-303.00308014681525,-102.93476085707655,1.6512501
Y04513,-113.2318085650029,-149.0959270864025,0.35678953
Y04516,-230.8594171947275,-42.40544590918721,-0.75318646
Y04521,-318.694915234303,-1.5164641900789302,1.1593103
Y04531,-288.1077486994247,-0.9184222357294718,-0.31027243
Y04538,51.35667914716296,68.15913989932417,1.8657134
Y04541,-311.4462894290245,0.27165625887209194,1.6656731
Y04543,-319.5406014387456,-7.258941209109164,1.6954969
Y04549,-301.6824985062856,-7.611536009897949,0.11652949
Y04551,-202.11029699481767,115.12069795436211,0.39206308
Y04553,-173.99101853226105,174.14940505958697,0.74811834
Y04555,-291.17712948803563,-0.768434657586632,0.0063566486
Y04558,-193.77131096682317,2.911285986531731,0.6038888
Y04566,-325.1907996785513,19.94839821740158,1.7648312
Y04567,-282.589176064178,2.8098950372288582,-0.24647856
Y04570,-290.27365722759856,11.798602922938327,-0.3463298
Y04572,-274.59972670434877,6.047560177050365,-0.25307792
Y04578,-282.25024775183874,15.108528101235642,-1.0011322
Y04584,-270.87402203133956,-0.4846661173265624,-1.3198797
Y04585,326.63588710389956,-257.3789438778717,0.51591235
Y04586,-154.26688301601405,-54.02427287763056,0.51591235
Y04587,5.866484532293096,-145.3104800124469,0.51591235
Y04588,-183.71888373942264,-68.69794669929185,0.51591235
Y04594,-224.58565937459014,32.84177321991765,0.7589079
Y04596,-236.32422792240948,74.35111595281398,-0.85113347
Y04600,722.2856560735414,166.24293634653128,-0.69841975
Y04601,-313.1768958526989,-4.475576474992337,1.1296973
Y04602,-309.79172876392886,1.653245610304805,1.105913
Y04603,-273.0451897266158,-54.509023240327195,-0.30675462
Y04604,-294.55817161942207,-30.64156055211308,-0.28679317
Y04605,-136.94687508095765,83.16485589860226,-1.3198797
Y04609,-303.7300476700987,-6.918474763371335,-0.044992957
Y04610,-293.13103798255713,6.3265337719609755,-0.2547995
Y04611,-291.1256693491224,-8.585878604358317,-0.3667101
Y04614,-312.11598483237395,7.280489482554552,0.7586551
Y04616,-293.03361437131304,0.97272709052815,-0.021813199
Y04618,-294.84296601800725,-9.973628513974136,-0.054264862
Y04621,-270.7824001564396,-1.283991026619988,-1.2477648
Y04625,-309.332535819124,0.27048571341085836,0.895299
Y04628,-213.05453197912263,117.30795624082181,0.42726538
Y04629,-254.70244208176558,-23.3346319470985,0.23058863
Y04630,-270.13822783656803,-38.45723639163266,1.6858008
Y04631,-314.25428873399153,10.808273904848042,1.6870712
Y04632,-283.52334665646174,11.210831417216399,-0.708581
Y04633,-303.75931641355686,-1.2867145406974014,0.67374575
Y04635,-277.49644013144217,0.6094495996138563,-1.2993926
Y04637,-296.6430843017081,-55.28112751607363,-0.6708464
Y04645,712.8402669328796,938.2393915205048,0.8298283
Y04649,-330.1342042666415,3.1322744379283547,2.249803
Y04651,-282.29132582251583,1.3901678993870705,-0.75465554
Y04654,-33.014875448102124,281.4582592431467,0.11586052
Y04657,-251.5282387269295,20.258858986503387,-0.26438117
Y04658,-290.7908560689617,-25.751309723948243,-0.85441136
Y04660,-257.670093908532,-195.99079696503907,-0.5266168
Y04661,-295.8792054956363,0.14653220925822605,-0.061600678
Y04662,-203.03996204558555,94.95125643526288,0.64626926
Y04664,-65.12978543971768,7.060346440486387,-0.27255082
Y04669,-321.5093842112253,1.1181273092611617,1.4909587
Y04670,-274.48645892935684,11.568866775323935,-0.79790586
Y04672,-244.0805880466058,41.64138207358806,-0.7069038
Y04673,-309.9830825378711,-18.195673489592057,0.4252986
Y04679,-289.6768499344331,-8.340533288195678,-0.9232482
Y04681,-280.3100297810045,-1.39296554954424,0.8525788
Y04684,145.32519911587778,316.7009902172083,-1.3063581
Y04687,18.901766247519696,146.84751851949687,-0.9358683
Y04688,106.71277970727009,285.4661910172312,-1.0088845
Y04689,125.36004716937546,239.9504215510137,-0.9360428
Y04690,133.86029396737814,-4.32383514433459,-0.9837316
Y04702,269.4307790821732,1152.2365056652266,-1.0183086
Y04707,-112.79752692127033,78.7500049783277,0.58561534
Y04711,-297.8636052587968,19.106876229489977,1.161213
Y04713,-324.2042433844097,-3.837344296894738,1.762513
Y04714,-293.13992412720734,7.266213536661414,-0.28530958
Y04719,-291.2912439125962,-30.12661224141226,-0.37910926
Y04720,-321.212628610365,3.4720982643764806,1.6857623
Y04721,-252.16456123236708,-56.281138104217646,-0.07884946
Y04722,-78.19257540448965,339.74080456625376,0.7095397
Y04723,-286.84111396778104,15.783269291957101,-0.074059635
Y04724,-291.83018885669566,16.727685595469087,-0.24717197
Y04727,-272.3600891780248,7.849736295807345,-1.2477648
Y04728,-317.57838903632694,-26.860336973823973,1.1062684
Y04755,-275.5937647940936,-26.702829472961458,-1.2307967
Y04769,-245.77509616189357,-135.93123375242513,-1.1395926
Y04772,-284.93744442961014,3.0413766061461125,0.66327745
Y04775,-267.8975432512628,8.373410121454167,-1.1395926
Y04777,-300.82912032178047,1.2936670423988443,0.08635901
Y04786,-164.00254172169127,4.065390636917628,-1.3095775
Y04788,-217.35326723290615,-77.98641389333692,-0.5661083
Y04789,-258.4647976666138,23.276107183694,-0.9888609
Y04792,-278.0050640832109,8.205223113485616,-1.006631
Y04795,-256.28342368927633,31.97127054455434,1.471909
Y04798,-293.298234102494,2.2315568906701277,-0.4963286
Y04799,-89.74341558019115,-210.38251573755747,-0.4607188
Y04804,-232.4352637310447,-13.758519167211466,-0.496569
Y04805,353.9369633114651,257.91699734950237,-1.1395926
Y04806,-201.1217745908238,-54.90878986293027,1.9671596
Y04809,-214.43850665864753,25.04669081363442,-0.6906199
Y04810,46.35742954928112,498.2274163067002,1.7449995
Y04812,-235.103134213902,29.762289141806207,-1.2117075
Y04817,-269.0836157645391,-0.9397530024201177,-0.19395822
Y04818,-317.95608435744055,14.168883093576058,1.708942
Y04831,-164.38640871171827,3.246157718687773,-0.3912538
Y04832,-143.894122251758,182.5577011033564,-0.38238722
Y04833,-59.05491921136909,205.21379742166172,-0.5554627
Y04836,-275.2492405691949,-12.090617768047304,-1.0023986
Y04837,-244.6678698254814,-1.3151997011581211,-1.0301982
Y04838,-233.12934340306037,-56.28351656294626,-0.38120502
Y04845,-276.2430065639864,-13.9586024219811,-1.1395926
Y04846,-279.8717732931381,-3.3764109756464804,0.59862274
Y04852,-302.22153593605833,-1.3772007006584455,0.7474113
Y04862,-289.2360760868302,0.3619940600197313,-0.078834206
Y04869,-276.6215066819356,16.249233900475886,-1.1395926
Y04872,-299.25845179549634,29.36211114357449,1.1073529
Y04876,-301.45627726115157,10.96061296769696,0.3455825
Y04880,-276.9723945140666,-14.821307875618496,-1.009786
Y04882,-146.26537886601704,22.242208759639965,-0.15932024
Y04883,-156.0281706701774,16.14038993554359,-0.15932024
Y04884,-137.40064155754396,15.910799625030137,1.030574
Y04886,-98.85346182360446,-24.67412982002903,-1.3054566
Y04887,-235.94223837115953,-102.8841495761933,-0.63478905
Y04888,-320.69552573936846,-10.692019887600472,1.8317627
Y04896,-241.47131338642714,5.308171978475086,-1.1114801
Y04900,113.45874624402299,405.3195365362916,-1.0183086
Y04901,-302.2499230441943,34.71963247481291,1.1557186
Y04905,-275.56906781478773,7.1578925085980005,-1.080404
Y04907,-251.9869990336531,-20.411685742023355,-1.1395926
Y04908,131.3390075213485,-35.22739071110125,-1.15426
Y04909,26.27156236004918,57.68377192581719,1.3337007
Y04911,-275.70971742347746,13.84534148923989,-1.2657936
Y04912,-301.47526369524047,-17.001811103588555,1.3411566
Y04913,-65.33477330776985,23.509230455827712,0.034411903
Y04917,-240.69081104490118,3.3333899923597787,-0.9066064
Y04918,-282.17370869489196,-7.143790963574391,-0.2639129
Y04919,288.831163712049,-889.1814453012837,0.19453122
Y04920,-239.66585930603156,-28.672735841684627,-0.37838084
Y04921,-279.94426354753585,-6.876699634894661,-0.37838084
Y04922,-258.6466438347757,5.097288828196754,-0.37838084
Y04923,-241.40409885662467,-70.42868134454987,-0.37838084
Y04925,-173.524773888978,179.446702348897,0.66327745
Y04926,-211.62042191785258,124.85737023534055,0.66327745
Y04927,-47.786404033123226,152.4025939128774,0.66327745
Y04928,-322.5162399116378,4.788502781519414,1.7651244
Y04929,-301.56999052814143,44.781230943146056,1.7009293
Y04933,-183.50488273477768,-62.47991884362315,1.1073529
Y04935,-310.5452928291174,2.2032165647205715,1.3405294
Y04938,1650.2531925380997,318.10416132191074,-0.10341679
Y04941,-264.67244078057996,-13.306423731795725,0.037017304
Y04942,-143.81992426133948,134.37481627792187,-0.7088016
Y04943,-253.90157265241155,-161.37225561705696,-0.81507605
Y04944,-270.1056352252965,-39.08649541941019,1.6007699
Y04945,-217.9958576712296,-193.99836587425338,-0.057870604
Y04947,-154.12831802271003,-163.65660669713154,-0.564572
Y04949,-151.90697820994663,-102.61658381508796,1.29933
Y04950,374.8069185614072,344.6023934104543,1.6975555
Y04951,-196.55754892342122,4.6169785753216415,-0.564572
Y04952,-121.14759948736352,-70.61386269443062,-0.564572
Y04954,166.11812230009767,-110.1695328155735,-0.38618276
Y04955,39.422869531770914,-762.574237964032,-1.0674778
Y04957,1210.1771977263597,89.16486958901348,-0.48540837
Y04958,-300.7368215330155,-3.5214673449871348,0.6697163
Y04965,-166.34534568062824,64.02975658795616,-0.564572
Y04966,-118.09332898213655,237.73227896396222,-1.1395926
Y04968,-151.01369058406956,60.113230431841124,0.44123974
Y04969,-124.95557909765058,-142.86340117242034,-0.16034953
Y04971,-249.24112371368025,-101.66000761927954,-0.06868782
Y04972,-218.2024452671851,13.618013026309212,-1.1716437
Y04973,-292.0252755425208,-33.97805853451448,2.1300924
Y04974,-285.1543193576447,-85.74081909631435,1.3468963
Y04975,337.80725852392095,92.36364191568276,1.450847
Y04976,-307.8853882940302,-11.869507759226368,2.0084393
Y04977,-24.22472043213223,30.072386092536842,-0.6708464
Y04978,-268.8032464841092,3.9201490300002777,0.08635901
Y04979,-279.1425666764695,-75.38658412469613,0.19453122
Y04980,-44.16404049759565,164.1057342119606,-1.1146802
Y04981,-294.33819698968165,18.027730342523125,0.056773443
Y04983,-248.4726531765493,-71.47396927098885,-1.3198797
Y04985,-288.4102559169954,-33.12413427758455,-0.57540035
Y04988,-40.4885378895917,817.6488142810015,-1.1241395
Y04989,-318.53297573708323,-14.91613733097099,1.9189234
Y04991,-301.07548272549485,-23.856390107883527,-0.2814265
Y04994,-312.3042100278092,-3.775856854923014,1.0353898
Y04995,742.6137241832981,-128.91397384151102,-0.36693403
Y04996,-280.2032308387761,-18.975636691148008,-0.5655978
Y04997,33.330802341319036,72.72082659025226,0.028011573
Y04999,-234.08100953456474,47.517457538411755,-0.07760012
Y05003,-289.0181213757901,11.197742058408702,-0.124438114
Y05006,-170.82228223033744,200.89138913319766,0.7452261
Y05008,-231.05591474187875,-112.63114962793303,-0.81507605
Y05012,-309.99174960486647,-17.237019164835942,1.0577012
Y05013,-288.6780344166379,-26.031937192660628,-0.47052753
Y05014,-280.1511298236893,9.901724510426627,-1.0919969
Y05015,-281.847987187613,-2.975044484583801,-0.8698833
Y05018,-293.04378587645544,-10.16478417347041,-0.2532514
Y05019,-259.49205411091924,-8.289097288615478,-0.85513985
Y05023,-88.41300827259239,104.94345236786288,0.92769843
Y05026,-319.02559741534003,-3.5978885229434954,1.1434965
Y05027,-267.87172911902934,54.28789660258477,-0.2658016
Y05028,-290.6161293584256,-9.580919624410486,-0.093928
Y05031,-313.33079532832323,3.2623336118061714,1.4593139
Y05032,-315.7645766426354,8.40589891249406,1.7329804
Y05035,-320.09753031802455,-13.998463229105399,1.0395286
Y05050,-309.87633537361967,-4.657002049365899,1.043031
Y05054,-312.57159162140846,3.7902478048563464,1.0310628
Y05055,-307.17965740497965,-31.476313446934352,1.0631868
Y05056,-318.17132594902097,29.18609710387166,1.0588787
Y05062,-308.8403598487022,5.524458730275792,1.4204829
Y05069,-296.10319031384626,15.693637662547701,0.34985542
Y05071,-265.47680979225726,-20.803589532321173,-1.3198797
Y05072,-269.80621529289937,1.9803099908981319,-1.3198797
Y05073,-265.63394064915144,11.918428175498487,-1.1155543
Y05074,29.230959711480825,355.1582260387196,-0.7069038
Y05075,-272.8700727765509,28.11588192671093,-0.060644247
Y05076,102.56173003753666,183.6847102401235,0.35449496
Y05078,276.948419186608,-208.2745001556786,0.6071881
Y05080,-192.15603987428176,22.19111125050929,0.955743
Y05084,-306.84782587022283,71.50525857163241,2.249803
Y05088,568.2395831577771,1346.7570236894346,-0.8070633
Y05090,-334.1511659329097,16.30984907919384,2.1953335
Y05093,-319.2811399165431,11.388570434161712,1.6963639
Y05094,-278.90922280173885,6.622975317114543,-1.0543661
Y05095,187.16366113626688,-654.5840487550278,0.21149941
Y05097,-315.84149353863955,17.576008364668738,1.2635845
Y05100,-37.38714694544526,76.7565268745104,0.9096697
Y05106,-257.57432196213324,30.82825583078199,-1.2283493
Y05107,619.854621458707,1037.1201291743948,-0.5377114
Y05109,-322.86068020524283,-14.11782045850498,2.063747
Y05110,-171.71452542144914,-35.32678877715509,-0.4708299
Y05111,-263.48409239750134,-79.1867534802191,-0.43378818
Y05113,-254.60214148594903,5.0513531521277795,-0.92324823
Y05117,297.0006111791777,551.8540706249091,-0.5072013
Y05118,-210.29571412537726,91.45315728890073,-0.074059635
Y05119,-86.4805093787259,-38.820072210583035,-0.06896518
Y05125,-163.50282369970967,-132.01630382306968,0.08635901
Y05126,-178.0989807419558,221.06798483454924,1.3428209
Y05127,-260.4055165794772,27.118899566870212,-1.1174035
Y05129,-150.41588199156007,-309.6571369172392,-0.061272245
Y05130,-302.02230862263644,22.197533191480932,0.4341627
Y05131,-267.1233178372268,14.568383501946643,-1.1174035
Y05132,-289.6361500879741,15.62120320999524,-0.070380315
Y05136,-228.19814854754802,43.27535610368053,-0.9402164
Y05137,-120.34763014690337,-51.259559614852385,-1.3198797
Y05140,-193.54215145118397,52.67011862877212,-0.7245646
Y05141,690.7366285562952,-149.84487133898872,-0.8299232
Y05142,137.41178902765648,490.31834032791613,-0.8299232
Y05143,-274.29059751611396,-8.661981111050281,-1.3032378
Y05147,-288.8623069783914,-15.05683579620023,-0.25750548
Y05148,60.358375699644554,-24.061872434555927,1.9752121
Y05150,-220.74612340534946,-123.83257946012851,1.4625498
Y05152,-191.3764025072634,45.330920947008785,-0.274215
Y05153,-188.49512715544412,-66.33416303367535,-0.274215
Y05154,-195.3741014314231,142.51686134589477,-0.274215
Y05155,-221.59543714846535,117.02303776309626,-0.274215
Y05157,-278.0617021759651,19.381012041670168,1.8708324
Y05160,-208.80200027626927,209.40339514808358,-1.1626694
Y05161,-157.26626813031882,-82.59893339006106,-0.9870421
Y05162,-143.4529390146881,-9.435982044346652,-0.98475796
Y05163,-209.54398853771332,-102.97070633512214,-0.98475796
Y05164,-269.323639440437,-19.675381156157904,-0.60262966
Y05165,-298.8550994404464,-6.815710219226074,0.8619768
Y05166,-304.3532269412506,-0.46795607619962165,0.8615932
Y05167,60.341956146929334,12.131572238432444,-0.8299232
Y05168,243.88753165856204,995.2278629538679,-0.5496936
Y05173,-290.3631181596535,-10.450506442552404,-0.73244447
Y05174,-125.52005670592031,-0.12831842060844417,1.3428209
Y05175,-137.09517483242635,-137.3575130075178,2.1083472
Y05177,-290.6856586448781,20.226138087484316,0.89125323
Y05178,2.951761357855257,601.1989654789804,-0.7069038
Y05185,-279.94466152700545,-122.90198667711772,2.1055737
Y05186,-234.6010641095879,-47.54745025303513,1.339884
Y05187,-198.9335930168092,-141.5138461299825,-0.98475796
Y05189,-292.3253175154746,46.6402231194052,0.6571213
Y05190,-78.89894804763344,57.74734175471321,-1.1077774
Y05192,79.07733125383457,960.6481379531554,-0.69618404
Y05193,96.87405652078301,-814.8672190497196,0.14007717
Y05197,-227.23714063078393,50.39298551309335,0.6653985
Y05200,-315.06413663273656,-12.750015610072618,1.0375876
Y05201,-302.87625314373986,42.95565681577364,1.0526974
Y05204,-268.0737002527808,70.48386630624913,-0.36472642
Y05207,-304.97421741309756,10.269246279294281,0.7714496
Y05208,-304.96263187660077,30.705518521521228,0.7714496
Y05212,-223.79422812581726,32.061074056292235,1.2747815
Y05215,-160.47076384325044,178.70050151349335,-0.9059407
Y05222,236.08037459603736,1285.8773781065865,-0.5612319
Y05227,50.12326546191277,-1127.0979845690506,-1.1625383
Y05228,-197.63076002154074,17.88802369431685,-0.8501846
Y05230,-225.08902248500928,139.84267635120554,-1.0911016
Y05231,418.2206269044675,307.5737070571274,-0.97843814
Y05233,-223.18127784347837,-36.372968256014914,-1.012288
Y05241,-230.48474154104653,29.254395908321122,-1.2549764
Y05244,-314.0797881926334,0.9020272263744848,1.0836539
Y05246,-284.5049212345556,-15.703167460600863,-0.47571227
Y05248,-133.38867113636334,61.56062677953529,-0.56193835
Y05250,-213.0984000406924,-133.05133358079456,-1.0952142
Y05251,-234.3905616832494,-10.72760666349281,-1.1027994
Y05252,-235.61970052091206,20.116528673332905,-1.1027994
Y05253,-221.6713123069741,31.40802131932954,-1.1027994
Y05257,-164.26728223669915,185.89616901179727,-1.1020008
Y05258,-35.8467673949524,351.63983537304523,0.5874833
Y05260,-97.95390281599718,-31.242131315798574,-1.0126706
Y05265,-277.83260664836996,-2.162387137964523,-0.5085881
Y05269,-285.8796252365224,13.370734738962241,-0.5503819
Y05271,-301.6700701856002,40.04138192261285,1.9421645
Y05273,59.06792938701442,234.20845838432604,2.015798
Y05274,-196.7203728799401,325.04164443044465,-0.8838367
Y05277,-305.85693372061235,11.83702888605458,0.7107214
Y05278,-291.5066593389727,-14.267070607168568,0.07567534
Y05279,-229.94032322578335,83.90061558232317,-1.1035353
Y05281,-319.8807743992231,5.257118668845313,1.0750297
Y05285,-282.68231329791973,1.9629913556942535,-0.8114703
Y05286,133.93795512789714,139.49986529607045,-0.3463298
Y05288,-318.05517484603416,14.317453573394848,1.327635
Y05290,-324.0317481561925,-20.838088768835817,1.6849037
Y05291,-119.91761285110864,-32.141008746287085,0.1047713
Y05292,-288.73670174230926,-6.970619386196648,-0.6983187
Y05300,-216.53197511809014,-31.727200572827197,-1.105939
Y05305,-271.89207721835726,34.09979446080245,-0.56424195
Y05306,-277.4525499700433,-0.89610190653564,-0.5777951
Y05309,-304.6977271382064,-7.684408089131102,0.4746695
Y05311,-230.8556087402512,224.15131676361563,0.15950401
Y05315,-289.71387637807305,-13.88503489342652,-0.7069038
Y05317,-63.404640680535465,72.49868594620678,-0.23334996
Y05318,-63.24678664849223,-47.14536892688281,-0.23334996
Y05320,-321.27256392844697,-1.7976540927158968,1.7574332
Y05325,-285.7884984813746,-19.76409471375819,-0.53743404
Y05327,-235.48281709799798,100.08777359135776,-1.1096914
Y05330,-232.10640614796517,49.14796445952817,-1.2766107
Y05333,412.1353838553162,112.19610036130723,-1.1395926
Y05336,560.0302712938267,315.4082715642801,-0.07469739
Y05337,-287.92174669008585,-18.35885656604485,-0.32229155
Y05339,175.6312811552671,136.32887395040223,-0.07469739
Y05346,-224.81260319017346,-60.17370127792803,-0.08457979
Y05349,-61.31610361109118,-188.66364661323422,-0.274215
Y05353,-217.1140511132899,43.96596967520585,-0.7288518
Y05362,-262.4105073271613,10.50584755753831,-1.1468042
Y05363,-114.65788555432172,-33.82038159478826,-0.5650781
Y05364,-106.83950579444188,-16.871209091024266,-0.5650781
Y05366,-301.72844750276386,33.31097543540256,1.1648031
Y05367,259.94853424371354,90.39675958661384,-0.30556926
Y05368,-308.3269715040852,-12.521968862476928,1.1663641
Y05369,-83.90533409103318,-24.12568240136596,0.37154028
Y05370,-263.2872353588962,-8.235765274543898,-0.3463298
Y05371,-288.78480296466165,-4.878798678991713,-0.28785834
Y05373,-223.74254345076048,56.11304759993639,-1.2519577
Y05379,-284.6222433972859,-8.320352860524244,-0.3976843
Y05380,-311.25308845427475,-24.522061793105916,1.1492685
Y05383,-277.44882297493916,-6.525008655748625,-0.26542053
Y05384,-304.77833511610436,25.03684029730448,0.3649844
Y05399,-282.0606842675146,-6.381188148401785,-0.5078043
Y05401,-190.5132150587617,25.765602032530012,-0.35288572
Y05404,-150.23423189832909,785.2342579680858,-0.254641
Y05405,-279.82994306616393,-1.4836404604537308,-0.9232482
Y05406,-274.09002567420634,-26.643606101534488,-1.296364
Y05408,-251.5196402955426,14.442228083886592,-1.1068132
Y05412,-276.6533185955278,-3.934135893997895,-1.1395926
Y05414,-327.17111542851023,-11.631673295257286,2.0940351
Y05418,-277.98370049660883,3.5531563792920617,-0.9394741
Y05436,522.9901493522303,-703.6038894675868,1.8531717
Y05445,-183.21944567551088,18.146054766640805,-1.0262694
Y05448,-292.677132227835,-48.32021195822588,0.43972155
Y05449,-141.25188247109114,-6.916001932254068,-0.9438525
Y05454,418.3593355097516,-37.29944745178673,-0.9696078
Y05455,-257.37060349873167,-13.508055897814751,-0.9696078
Y05456,-138.18536955310273,376.0596056819809,-0.60822046
Y05457,-301.22903021846037,-25.09307425398345,0.9781788
Y05460,-272.425732353387,0.6002554987742674,-0.44935098
Y05471,-321.34527078743497,12.347022401054048,1.5949541
Y05472,-251.06126607047122,-60.44787151099128,-0.7215939
Y05474,-271.37555039316163,7.976136861986416,-0.73235613
Y05477,-268.33146337931544,27.500103291060253,1.8784119
Y05478,-235.02785761534375,10.360090900523106,1.8470156
Y05479,-279.49372444388706,15.650136419000683,-1.3078605
Y05482,-315.56839969884743,-0.9096292599044367,1.115634
Y05486,-331.404630722848,-1.9109080764517292,2.249803
Y05492,-312.8237431370614,-2.6776017686897324,1.4320211
Y05493,243.73033272363895,-201.4631824844825,-0.33523524
Y05495,-282.74457597240234,14.12180906942243,-0.47946486
Y05497,-291.39300596814013,-19.256039015602035,0.014244204
Y05498,-297.08350250020294,28.29601973787856,1.5952226
Y05502,-307.4832052045516,70.59530457281527,1.0733016
Y05507,-218.01099515834937,-7.620094092243449,-0.6098262
Y05509,-173.35158673585624,-13.316755327777068,1.7449996
Y05515,-290.1151388248326,-61.59071589465123,1.2343487
Y05540,-223.82198884328517,-60.0012487965521,-1.1617818
Y05541,-278.18852366969645,2.2977694672771003,-1.2585821
Y05548,-254.18492569516718,-6.113593998700789,-1.028285
Y05549,-209.04284189988275,-41.767799061396865,-0.82949895
Y05552,36.38954246058087,426.46815513536285,-0.7124511
Y05555,-261.8116582717491,39.73548983561465,0.61455125
Y05563,-278.99429998638766,-18.50100981148782,-0.7069038
Y05564,-282.34095802403766,110.80758465337662,0.71687627
Y05565,-300.3615838126398,-6.064642172010877,1.1179143
Y05566,490.5980663933451,651.1581561794541,0.94224787
Y05568,26.34292550106845,-43.88459025042099,1.1642855
Y05570,-259.0782547942954,45.46442350735935,-1.0334809
Y05595,-277.68690119799265,-16.529208114495162,-0.7069038
Y05596,-278.4199059312069,-25.034456635327675,-0.7069038
Y05608,-297.75228198986434,15.46432020755707,-0.33586153
Y05609,374.2425833552203,486.3277977832529,0.8169958
Y05611,291.2700468012424,582.9245490464809,-0.70880157
Y05612,-224.26638217345007,133.5784844416077,-0.21281998
Y05613,-288.9660907019674,7.085323336515419,-0.21411934
Y05614,-231.4034339790762,91.45006997088012,-0.21158901
Y05615,-284.2812959754862,6.1171467728865645,-0.81702507
Y05617,-320.5608590210437,14.82378519457445,1.764415
Y05620,-253.33371724610134,117.85127555981208,-0.47391754
Y05622,-173.09604359668006,78.20321628698996,-1.2117075
Y05625,-94.21029971457747,267.6365479139442,-0.07173883
Y05632,-272.13666534683375,-19.860107398725436,-0.64380336
Y05638,-266.01001711923124,-13.521967776820434,-0.64380336
Y05640,-270.6781328533105,-14.256215443130426,-1.1395926
Y05648,-287.96448015931037,13.975447967358745,-0.42721534
Y05652,-291.3418778024236,-11.437829230627326,-0.029825954
Y05657,-203.8742918618268,32.97606710433717,-0.89340764
Y05658,-320.1336524526583,-7.710678999099605,1.0839472
Y05660,814.78280046035,-744.9035812076299,-0.3463298
Y05671,-68.38563639095338,626.4084131378816,-0.42721534
Y05674,-295.2081462092567,-21.15918966827594,0.46856746
Y05675,-233.23600406487816,39.37557738354603,0.8165214
Y05676,-204.864039267611,31.060137574722972,0.8165214
Y05682,-237.9524462111799,-3.244044489534531,-0.120971054
Y05686,-193.2070481545831,-42.85953676098667,-0.113017224
Y05687,-271.5017078510715,-5.0544772671587666,-0.34332505
Y05689,-283.49331711288374,-20.279176398010346,-0.2990822
Y05690,17.618862507599804,-85.54213803386145,-0.6135788
Y05695,-281.9740684527767,-12.824032342014249,0.73751324
Y05696,-68.11288674419448,92.29578386129995,-0.3463298
Y05697,-239.25584706864495,-1.8132701449242083,-1.1666356
Y05699,-129.48652226446828,678.104225361593,0.4257228
Y05712,-142.1770616413722,12.440038776991756,0.4257228
Y05715,-254.67015039466284,-39.0717009340794,-0.8478555
Y05717,-190.6286771686457,26.13409409121987,-0.20660739
Y05719,873.1420176796108,1330.474772180793,-0.20537816
Y05720,-270.1745668659313,25.21167114964874,-0.1840715
Y05724,-316.4705392489688,-18.826431342511786,1.7540139
Y05730,-102.18317983839826,-87.87379038760474,-0.21577714
Y05731,496.4065297890853,257.94641996211624,0.22244662
Y05733,-63.75378288419606,62.901760775064176,-0.3299401
Y05735,-169.73316389367818,64.87036657148862,-0.11687362
Y05736,-139.67912607310453,5.097354703111817,-0.11687362
Y05738,160.1659044373609,534.3687327611187,-1.0379764
Y05741,-236.61072009681766,116.08761711945951,-0.9527498
Y05743,-244.13414410323733,27.689852447961368,1.1770954
Y05747,-285.6855442404545,-4.623659820538115,1.6845161
Y05749,-92.06918403595706,1002.356878467642,-0.3758313
Y05751,-143.6005847494565,235.1174724174683,-0.95209414
Y05753,-217.8218152300392,2.6201593483887327,-1.0379764
Y05754,-238.06518145248086,-1.5453669028234835,-0.018535253
Y05755,-230.29085477703242,3.2011596457088576,-0.018535253
Y05757,345.9441603370607,-226.78236640976675,0.6452488
Y05758,-155.19583330189474,429.80370058705,0.6504829
Y05759,-168.91126026465273,-307.3511734530326,0.654574
Y05762,-223.12623317033845,223.98931276203925,1.0680509
Y05763,-297.2870983738821,-27.917411389238758,1.6321747
Y05764,-282.16079705178015,-6.200594623876549,0.27013546
Y05771,299.9132179526175,197.31064594163382,0.93534696
Y05776,-197.89113979021016,142.60352008934012,-1.0791093
Y05782,-220.7341079150917,95.25023879101083,-0.95209414
Y05783,-280.7848729728283,10.098689842010327,-0.7069038
Y05784,-291.977964482373,-6.375934653249824,0.75981826
Y05785,-249.43591775920504,0.7427193077025646,-0.6633862
Y05788,-263.45233611318,-10.278637810384941,-1.3126682
Y05795,552.1760060017084,522.5171078604168,-1.1684384
Y05805,-257.8396961999765,17.879639056802834,-1.0819008
Y05810,-265.1071942363082,-6.5343412074900895,-1.3198797
Y05813,-288.45140370721776,-32.475023512453134,1.0571352
Y05819,-16.196837789384592,174.53648157053107,-0.58629805
Y05823,-258.3146321263354,15.942856852431499,-1.0848849
Y05825,-214.29780384629458,197.64308020087566,-1.2838223
Y05826,-141.53120661300278,83.76742132378678,-1.2838223
Y05827,-242.80548194078148,2.3436788402716684,-0.5843087
Y05828,-246.39346883898662,286.91245979048307,-0.95415455
Y05834,-324.83237832369156,-1.022059457950321,1.929447
Y05837,-161.87199435307488,-186.68518578111926,-0.79868627
Y05838,-283.5862137374106,3.6387317928473824,-0.7876724
Y05843,-165.76541362213194,15.659539783196541,-0.9530888
Y05845,-242.99321442169946,-32.84410445309215,-0.6708464
Y05848,-290.20801402238897,5.91204777815367,-0.67398185
Y05849,-307.6052634571123,14.446138032491392,0.58715624
Y05853,-247.43189911550516,8.62615637401735,-1.2426138
Y05858,-300.4704143568626,6.546688696156323,0.58715624
Y05861,-310.8326715288849,79.86299102893851,1.9292929
Y05863,-189.64010522359425,58.18256994068259,-0.27144137
Y05864,-204.41855547040595,104.03033435413403,-0.27144137
Y05868,-272.9366277982949,95.31848417846767,-1.1006507
Y05870,-269.81371568762177,-11.102372141540899,-0.40642548
Y05871,-267.07877789408576,99.82648161289788,-0.59873164
Y05873,-252.38041922827077,14.97210124242108,-0.6788592
Y05879,-261.1955861389451,-45.8664323998643,0.31071618
Y05880,-328.8940379715887,16.40034280198575,2.0014079
Y05886,-245.63765742839212,46.761401367132514,-0.7069038
Y05889,-306.61896497104766,21.507330883975204,0.5839512
Y05892,-271.3610285185794,-3.841308161379711,-1.0299181
Y05897,-295.3707392785843,7.969772740866053,-0.5214658
Y05898,-280.57013432782765,0.0033783483106249383,-0.5226104
Y05918,-98.49917804465771,43.403454767346126,0.39146012
Y05919,-141.25506467193003,135.45727887949653,0.38347203
Y05920,-110.61249916675563,16.949151464327333,0.39146012
Y05924,-33.341596300703976,9.412983647668856,0.38347203
Y05925,-259.2840740946009,250.21673549692852,1.8226616
Y05926,-321.5601816018332,-32.00379095644003,2.2137458
Y05927,-233.64199220471463,-157.88614038083432,2.2137458
Y05928,-142.55062593446812,-58.478268691852236,1.8226616
Y05942,-305.64639317743826,251.52338108671742,1.1954848
Y05943,-245.68970569107177,114.33278306215166,-0.3158197
Y05945,-259.75911520095815,-31.735667430606796,-1.17565
Y05948,-117.38721924334446,86.61708899561884,-0.3132772
Y05954,-296.8508964185416,-43.294854789006706,1.0238515
Y05960,-110.29891181850968,198.6463292575379,-1.2117075
Y05961,-255.13282294294277,-34.27957041806285,-0.1660428
Y05963,-285.06561867658235,-24.607463292863372,1.8185567
Y05964,-309.2520471042355,-16.783213599546112,1.2041385
Y05972,-286.163954540367,-7.963713432077675,0.33876082
Y05976,-299.5932137386254,-27.57353874543352,1.0238515
Y05989,-269.4819907294985,-11.08417731701797,0.23058861
Y05994,-299.99962452470686,-40.94002989495943,1.528655
Y06001,-263.4504292487664,-38.4797253939612,0.69933486
Y06005,-182.0883068402075,213.11826119324775,0.9156792
Y06007,-2.293163517629011,-38.25132032782513,0.26664603
Y06010,-189.21151611890474,0.8521187194525738,0.5551052
Y06032,-160.8480322111345,96.66182479456974,1.8171144
Y06034,-238.45532414455775,4.163098470268321,-0.1660428
Y06039,16.316003950850572,955.5459004977272,-0.1299854
Y06041,-170.29700628431658,-95.88896275179593,-0.38238722
Y06044,-294.3540101952856,-37.398118967682194,1.8531718
Y06046,-259.2502713941578,-45.9627971694647,0.23058861
Y06047,-142.17323302491886,-56.264050653350225,1.348368
Y06048,-192.21394404244987,-45.48989925020262,1.348368
Y06052,-49.05495898399378,-29.7159499291464,-0.74296117
Y06056,-256.3964497121885,-40.31673004210589,-1.2477648
Y06063,-255.61121439587043,-32.47497715670939,-1.17565
Y06077,179.88909552646325,115.36287238862849,-0.41844463
