name,type,pred_coef,pred_ci_low,pred_ci_high,pred_p,imd_coef,imd_ci_low,imd_ci_high,imd_p,region_main,month_main,n_practices,n_obs,error
hydro_rain_high_vs_med,binary_pair,-0.7648514848547228,-0.8510738513025085,-0.6785541372975601,3.816568475097018e-67,2.2708783933077514,-0.7099322598572821,5.341176669477288,0.13678318878775683,"{'East Midlands': {'coef': 9.871436740428873, 'ci_low': 0.7788726683629177, 'ci_high': 19.784358484848276, 'p': 0.03267931514161108}, 'East of England': {'coef': 6.28914377369052, 'ci_low': -1.9271142238442618, 'ci_high': 15.193735707234213, 'p': 0.137305353617489}, 'London': {'coef': -38.17899341162586, 'ci_low': -41.862263337872804, 'ci_high': -34.26237285756829, 'p': 3.8419635826383216e-53}, 'North East': {'coef': 9.992474398369854, 'ci_low': -1.1912775867669922, 'ci_high': 22.442069169551072, 'p': 0.08170017770336636}, 'North West': {'coef': -0.747631293131501, 'ci_low': -7.072904079781872, 'ci_high': 6.008184118674076, 'p': 0.8232555214992462}, 'South East': {'coef': -1.9144263010921647, 'ci_low': -8.690472819683526, 'ci_high': 5.364468144106493, 'p': 0.5966375221815948}, 'South West': {'coef': 21.58724440015549, 'ci_low': 11.61553739899517, 'ci_high': 32.44982146147184, 'p': 7.572705242819641e-06}, 'West Midlands': {'coef': -2.771357164496069, 'ci_low': -9.606127358905315, 'ci_high': 4.580196770287515, 'p': 0.44980968626028206}, 'Yorkshire and The Humber': {'coef': 9.420573633066587, 'ci_low': nan, 'ci_high': nan, 'p': nan}}","{'January': {'coef': -0.04862083107133319, 'ci_low': -0.16413781386391824, 'ci_high': 0.06702981284283371, 'p': 0.4097878375223504}, 'February': {'coef': -8.61984296726388, 'ci_low': -8.73019591661458, 'ci_high': -8.509356591819483, 'p': 0.0}, 'March': {'coef': 0.9262155733467559, 'ci_low': 0.8002206369252418, 'ci_high': 1.0523679967648691, 'p': 1.9986833910493298e-47}, 'April': {'coef': -0.9480976527173612, 'ci_low': -1.085915766209089, 'ci_high': -0.8100875156876963, 'p': 5.298104406080187e-41}, 'May': {'coef': 3.2612049867170922, 'ci_low': 3.139934234992392, 'ci_high': 3.3826183272007926, 'p': 0.0}, 'June': {'coef': 4.96886367537388, 'ci_low': 4.839795970679983, 'ci_high': 5.098090274619604, 'p': 0.0}, 'July': {'coef': 4.545620074767687, 'ci_low': 4.420635913819582, 'ci_high': 4.670753832970709, 'p': 0.0}, 'August': {'coef': -4.169853848759164, 'ci_low': -4.279522303848616, 'ci_high': -4.060059744797795, 'p': 0.0}, 'September': {'coef': -2.666423081778546, 'ci_low': -2.778111001617445, 'ci_high': -2.5546068555308166, 'p': 0.0}, 'October': {'coef': -0.09445434873973646, 'ci_low': -0.20767510980882475, 'ci_high': 0.01889486850823463, 'p': 0.10238489291559418}, 'November': {'coef': -0.844293445535016, 'ci_low': -0.9560314623994759, 'ci_high': -0.7324293696626571, 'p': 3.647970093990848e-49}, 'December': {'coef': 4.596421904019987, 'ci_low': nan, 'ci_high': nan, 'p': nan}}",9035,1112897,
hydro_rain_low_vs_med,binary_pair,-0.4503882056638875,-0.5686497494623244,-0.3319860040879363,9.836199308257894e-14,2.486566854362482,-0.4498170276814206,5.509563839921472,0.09772145294037993,"{'East Midlands': {'coef': 11.122720366382088, 'ci_low': 2.065629558125015, 'ci_high': 20.9835184977033, 'p': 0.015044488496060259}, 'East of England': {'coef': 5.20937689834875, 'ci_low': -2.7849124323671703, 'ci_high': 13.861060708689422, 'p': 0.20786129255162278}, 'London': {'coef': -37.91706195533106, 'ci_low': -41.55499324438166, 'ci_high': -34.05268627353373, 'p': 5.310744297380646e-54}, 'North East': {'coef': 10.678616089773252, 'ci_low': -0.39774375710590615, 'ci_high': 22.986732646644704, 'p': 0.05931027261287188}, 'North West': {'coef': 0.16857356871706752, 'ci_low': -6.105077742677045, 'ci_high': 6.861403040449754, 'p': 0.9592933444360785}, 'South East': {'coef': -2.2050922683576335, 'ci_low': -8.85125562565926, 'ci_high': 4.925679929966864, 'p': 0.53462951846365}, 'South West': {'coef': 20.05390156001137, 'ci_low': 10.379868567523577, 'ci_high': 30.575796717532388, 'p': 2.0088294370811704e-05}, 'West Midlands': {'coef': -2.7951224288390475, 'ci_low': -9.495122061515438, 'ci_high': 4.4008725148124705, 'p': 0.4365602563471689}, 'Yorkshire and The Humber': {'coef': 8.891665002463988, 'ci_low': nan, 'ci_high': nan, 'p': nan}}","{'January': {'coef': 0.004140674179620163, 'ci_low': -0.12659249757539515, 'ci_high': 0.13504497419212225, 'p': 0.950532510627565}, 'February': {'coef': -8.679574692946023, 'ci_low': -8.79027045734533, 'ci_high': -8.568744583753496, 'p': 0.0}, 'March': {'coef': 0.4599057185704192, 'ci_low': 0.33739417077869316, 'ci_high': 0.5825668524608085, 'p': 1.705533124178088e-13}, 'April': {'coef': -1.0313956008426772, 'ci_low': -1.1532929040000028, 'ci_high': -0.9093479744934685, 'p': 4.502051632622002e-61}, 'May': {'coef': 3.4627158334052055, 'ci_low': 3.3378656939837326, 'ci_high': 3.587716813539421, 'p': 0.0}, 'June': {'coef': 5.418462910397714, 'ci_low': 5.284511459734853, 'ci_high': 5.552584784904369, 'p': 0.0}, 'July': {'coef': 4.433257418563619, 'ci_low': 4.301334305065141, 'ci_high': 4.5653473919397, 'p': 0.0}, 'August': {'coef': -4.1398002686270585, 'ci_low': -4.254912189372828, 'ci_high': -4.024549951702417, 'p': 0.0}, 'September': {'coef': -2.4423346741921925, 'ci_low': -2.5597387045508513, 'ci_high': -2.3247891858144243, 'p': 0.0}, 'October': {'coef': -0.5298946024132389, 'ci_low': -0.669681267835609, 'ci_high': -0.38991121647210525, 'p': 1.3136602168100227e-13}, 'November': {'coef': -1.3827087978701247, 'ci_low': -1.511514596388086, 'ci_high': -1.2537345437843461, 'p': 8.121510615344723e-97}, 'December': {'coef': 5.3996396672117974, 'ci_low': nan, 'ci_high': nan, 'p': nan}}",8982,974810,
met_rain_high_vs_med,binary_pair,-0.6964468108820232,-0.7871907308159232,-0.6056198930059598,9.470312974319799e-51,3.1433567402273654,-0.16692757345166953,6.563404101071457,0.06294452209880658,"{'East Midlands': {'coef': 11.193890251018, 'ci_low': 1.8511559349109197, 'ci_high': 21.393626961453794, 'p': 0.01780767012575111}, 'East of England': {'coef': -1.8835323084745004, 'ci_low': -9.998443584878224, 'ci_high': 6.9630528149921656, 'p': 0.6659532114616746}, 'London': {'coef': -38.43480777931565, 'ci_low': -42.160085108725575, 'ci_high': -34.46959767671436, 'p': 2.17779222632163e-52}, 'North East': {'coef': 9.636265323809145, 'ci_low': -1.469379568492779, 'ci_high': 21.99365660656081, 'p': 0.0913519482563193}, 'North West': {'coef': 12.868070406343769, 'ci_low': -1.2999542871575787, 'ci_high': 29.06986238197664, 'p': 0.07693231079665896}, 'South East': {'coef': -4.421850110265835, 'ci_low': -11.691741816227264, 'ci_high': 3.446528379416569, 'p': 0.26251262200196357}, 'South West': {'coef': 21.15572142148119, 'ci_low': 11.23832499207753, 'ci_high': 31.957298298090887, 'p': 1.061541320112506e-05}, 'West Midlands': {'coef': -2.8614896856476446, 'ci_low': -10.073117725079662, 'ci_high': 4.9284701903104855, 'p': 0.4607335605780626}, 'Yorkshire and The Humber': {'coef': 6.960299556707716, 'ci_low': nan, 'ci_high': nan, 'p': nan}}","{'January': {'coef': -0.2582868022878215, 'ci_low': -0.3823569032538998, 'ci_high': -0.13406217658622488, 'p': 4.652971756799349e-05}, 'February': {'coef': -8.714498361240718, 'ci_low': -8.834203196530677, 'ci_high': -8.594636348060657, 'p': 0.0}, 'March': {'coef': 0.8193215607618543, 'ci_low': 0.683838124786873, 'ci_high': 0.9549873076396098, 'p': 1.2854894198305092e-32}, 'April': {'coef': -0.828255055294802, 'ci_low': -0.9810952447429466, 'ci_high': -0.6751789500529126, 'p': 4.1504875006293646e-26}, 'May': {'coef': 3.5693243057957513, 'ci_low': 3.437182886182555, 'ci_high': 3.701634536607079, 'p': 0.0}, 'June': {'coef': 5.621029011177758, 'ci_low': 5.479428799091757, 'ci_high': 5.762819313599765, 'p': 0.0}, 'July': {'coef': 4.961411033864072, 'ci_low': 4.822895548588502, 'ci_high': 5.100109556820098, 'p': 0.0}, 'August': {'coef': -4.471021882260295, 'ci_low': -4.588599284949979, 'ci_high': -4.353299586554482, 'p': 0.0}, 'September': {'coef': -2.85931515995711, 'ci_low': -2.9788957255225568, 'ci_high': -2.739587208812344, 'p': 0.0}, 'October': {'coef': -0.25755924634351945, 'ci_low': -0.3796990990497795, 'ci_high': -0.13526964360154325, 'p': 3.704636849994792e-05}, 'November': {'coef': -1.0013770702789193, 'ci_low': -1.1218562255216447, 'ci_high': -0.8807511158923864, 'p': 5.144183158063082e-59}, 'December': {'coef': 4.407815426748729, 'ci_low': nan, 'ci_high': nan, 'p': nan}}",7573,969906,
met_rain_low_vs_med,binary_pair,-0.39512899025248016,-0.5178717993572945,-0.272234738899102,3.1122922373761023e-10,3.12493457045957,-0.13096479872544142,6.486981762950328,0.06012158060117485,"{'East Midlands': {'coef': 11.729602873444534, 'ci_low': 2.481001342475042, 'ci_high': 21.812862820687705, 'p': 0.011873638567644845}, 'East of England': {'coef': -3.1973564423036893, 'ci_low': -11.06820792016887, 'ci_high': 5.370099720318122, 'p': 0.45263492533094896}, 'London': {'coef': -38.01072916599605, 'ci_low': -41.70141685092917, 'ci_high': -34.086396427410634, 'p': 1.2282880851997609e-52}, 'North East': {'coef': 9.150013691483604, 'ci_low': -1.7529914432958593, 'ci_high': 21.26298463301246, 'p': 0.10297670161004145}, 'North West': {'coef': 13.830003189535468, 'ci_low': -0.2503551562215156, 'ci_high': 29.897902357672578, 'p': 0.05451068408101237}, 'South East': {'coef': -5.641956531978565, 'ci_low': -12.70134232784862, 'ci_high': 1.9882848663004715, 'p': 0.14326579308517498}, 'South West': {'coef': 19.962768438685895, 'ci_low': 10.296572543316085, 'ci_high': 30.476092589568538, 'p': 2.172159077684573e-05}, 'West Midlands': {'coef': -2.1239589996146724, 'ci_low': -9.265772207950484, 'ci_high': 5.579995940060489, 'p': 0.5786552275823456}, 'Yorkshire and The Humber': {'coef': 8.354176544498348, 'ci_low': nan, 'ci_high': nan, 'p': nan}}","{'January': {'coef': -0.392114539904298, 'ci_low': -0.5322198057057359, 'ci_high': -0.2518119289377396, 'p': 4.481134189152121e-08}, 'February': {'coef': -8.71821733960486, 'ci_low': -8.837836574141633, 'ci_high': -8.598441145637404, 'p': 0.0}, 'March': {'coef': 0.40375599805362317, 'ci_low': 0.27031433982820374, 'ci_high': 0.5373752429981726, 'p': 2.8800613797251945e-09}, 'April': {'coef': -0.7823987774737806, 'ci_low': -0.9157323980518939, 'ci_high': -0.6488857353305066, 'p': 2.4003208173018806e-30}, 'May': {'coef': 3.720470424907907, 'ci_low': 3.5825062509120986, 'ci_high': 3.8586183568952714, 'p': 0.0}, 'June': {'coef': 6.065231342473831, 'ci_low': 5.9158843141928985, 'ci_high': 6.21478895800518, 'p': 0.0}, 'July': {'coef': 4.670102646744079, 'ci_low': 4.527926334843846, 'ci_high': 4.81247234336335, 'p': 0.0}, 'August': {'coef': -4.21940162273613, 'ci_low': -4.345928242708641, 'ci_high': -4.092707639417048, 'p': 0.0}, 'September': {'coef': -2.6665885992295246, 'ci_low': -2.7943114463475527, 'ci_high': -2.538697931422007, 'p': 0.0}, 'October': {'coef': -0.6798314241346359, 'ci_low': -0.832417291078269, 'ci_high': -0.5270107783837186, 'p': 3.4381573563910187e-18}, 'November': {'coef': -1.4604715675773372, 'ci_low': -1.600793805352374, 'ci_high': -1.319949223204142, 'p': 4.8007922059152393e-91}, 'December': {'coef': 5.083830148440627, 'ci_low': nan, 'ci_high': nan, 'p': nan}}",7538,849538,
met_tmax_high_vs_med,binary_pair,2.2364237459285397,2.076352319689856,2.3967461887926422,1.8052490867810828e-168,2.7732592854641913,-0.5436086520286709,6.200744678161896,0.10219517194034941,"{'East Midlands': {'coef': 11.193636463248247, 'ci_low': 1.7881207503800622, 'ci_high': 21.468248934882194, 'p': 0.018622380712829973}, 'East of England': {'coef': -1.4577348664234546, 'ci_low': -9.663982153352023, 'ci_high': 7.493979136212481, 'p': 0.740634465233976}, 'London': {'coef': -38.87657314701619, 'ci_low': -42.59420300345786, 'ci_high': -34.918187609570076, 'p': 2.372434600175299e-53}, 'North East': {'coef': 10.161333079268875, 'ci_low': -1.091410818994487, 'ci_high': 22.6942918333743, 'p': 0.07834921579404044}, 'North West': {'coef': 13.112235875081769, 'ci_low': -1.2049103053313748, 'ci_high': 29.504188357962178, 'p': 0.07435832515428588}, 'South East': {'coef': -4.523482396290612, 'ci_low': -11.82925075959007, 'ci_high': 3.3876369687640295, 'p': 0.25440834761253384}, 'South West': {'coef': 21.91872280739, 'ci_low': 11.857158136823065, 'ci_high': 32.88532641606557, 'p': 6.490100493678669e-06}, 'West Midlands': {'coef': -3.433530414775554, 'ci_low': -10.644141836423016, 'ci_high': 4.358944559441835, 'p': 0.37756075605893413}, 'Yorkshire and The Humber': {'coef': 6.600129448966108, 'ci_low': nan, 'ci_high': nan, 'p': nan}}","{'January': {'coef': 0.5128974465472336, 'ci_low': 0.3758071319242884, 'ci_high': 0.6501749950754254, 'p': 2.0332381403510249e-13}, 'February': {'coef': -8.15126603190559, 'ci_low': -8.27476217336307, 'ci_high': -8.0276036189037, 'p': 0.0}, 'March': {'coef': 1.383681859395658, 'ci_low': 1.252248444757531, 'ci_high': 1.5152858849856177, 'p': 9.47214600048878e-96}, 'April': {'coef': -0.8807845030969652, 'ci_low': -1.0048098468408484, 'ci_high': -0.756603775178688, 'p': 1.2930724222187139e-43}, 'May': {'coef': 3.820633812456453, 'ci_low': 3.6905947397691596, 'ci_high': 3.95083596801995, 'p': 0.0}, 'June': {'coef': 5.425614140817747, 'ci_low': 5.294251870271083, 'ci_high': 5.5571402953924265, 'p': 0.0}, 'July': {'coef': 3.1949608725039935, 'ci_low': 3.0288156558380575, 'ci_high': 3.3613740164759376, 'p': 0.0}, 'August': {'coef': -5.669092557389133, 'ci_low': -5.80343756385221, 'ci_high': -5.534555945412068, 'p': 0.0}, 'September': {'coef': -2.6388346766437643, 'ci_low': -2.7544896089891524, 'ci_high': -2.5230421948801873, 'p': 0.0}, 'October': {'coef': -0.06986617850669452, 'ci_low': -0.19101586699382667, 'ci_high': 0.05143056334591112, 'p': 0.25880607794927246}, 'November': {'coef': -0.6544419258746048, 'ci_low': -0.7749434971387359, 'ci_high': -0.5337940142687403, 'p': 2.879954820934925e-26}, 'December': {'coef': 4.666117210393184, 'ci_low': nan, 'ci_high': nan, 'p': nan}}",7611,1050816,
met_tmax_low_vs_med,binary_pair,-1.3577363154763988,-1.5514794830613798,-1.163611868266412,2.7222158154979015e-42,2.834630851989184,-0.4560154986238296,6.234056788420905,0.09208141964618546,"{'East Midlands': {'coef': 12.338867645122331, 'ci_low': 2.8876242852033718, 'ci_high': 22.65830095178163, 'p': 0.009463455270933509}, 'East of England': {'coef': -3.039357690068867, 'ci_low': -11.02944375211422, 'ci_high': 5.668285707473197, 'p': 0.4817905395285884}, 'London': {'coef': -38.932222833815544, 'ci_low': -42.61233300853089, 'ci_high': -35.0161175122674, 'p': 1.5448432652898662e-54}, 'North East': {'coef': 11.422093080947594, 'ci_low': 0.12630116706666694, 'ci_high': 23.992224638603, 'p': 0.047355412240433575}, 'North West': {'coef': 13.747950056656656, 'ci_low': -0.51022646815575, 'ci_high': 30.049508434656637, 'p': 0.0594156400894943}, 'South East': {'coef': -5.031644753629316, 'ci_low': -12.235473408731801, 'ci_high': 2.7634837045674265, 'p': 0.199603953817588}, 'South West': {'coef': 19.584116297686727, 'ci_low': 9.84162968603548, 'ci_high': 30.1907201447569, 'p': 3.7082990365089316e-05}, 'West Midlands': {'coef': -3.225721756346056, 'ci_low': -10.385686395445648, 'ci_high': 4.506306558422324, 'p': 0.4031180970746774}, 'Yorkshire and The Humber': {'coef': 7.928244939639351, 'ci_low': nan, 'ci_high': nan, 'p': nan}}","{'January': {'coef': 0.2982003840703573, 'ci_low': 0.1706941807285034, 'ci_high': 0.42586888869229345, 'p': 4.481520473067662e-06}, 'February': {'coef': -8.065763150468907, 'ci_low': -8.181702605749086, 'ci_high': -7.949677297818369, 'p': 0.0}, 'March': {'coef': 0.9960670847433128, 'ci_low': 0.8704749417137725, 'ci_high': 1.121815600451792, 'p': 6.0454006162116625e-55}, 'April': {'coef': -0.9346969463491783, 'ci_low': -1.0579830031280602, 'ci_high': -0.8112572697810849, 'p': 1.9524969409551986e-49}, 'May': {'coef': 3.767770344689758, 'ci_low': 3.638492546536032, 'ci_high': 3.8972094028993043, 'p': 0.0}, 'June': {'coef': 5.901532356936223, 'ci_low': 5.7472617238302215, 'ci_high': 6.056028049564843, 'p': 0.0}, 'July': {'coef': 3.5836311901169315, 'ci_low': 3.288415712680326, 'ci_high': 3.8796904425066003, 'p': 3.713212777631324e-129}, 'August': {'coef': -6.156439764778732, 'ci_low': -6.341456000241175, 'ci_high': -5.971058042026778, 'p': 0.0}, 'September': {'coef': -2.5597980736654313, 'ci_low': -2.684955156146729, 'ci_high': -2.4344800263988886, 'p': 0.0}, 'October': {'coef': -0.055473832612495944, 'ci_low': -0.1760115185510669, 'ci_high': 0.06520940284733268, 'p': 0.3674712799036449}, 'November': {'coef': -0.654702919299166, 'ci_low': -0.7745868883980322, 'ci_high': -0.534674106600308, 'p': 1.531328523206806e-26}, 'December': {'coef': 4.881456898234515, 'ci_low': nan, 'ci_high': nan, 'p': nan}}",7576,918890,
met_tmin_high_vs_med,binary_pair,2.904417491494682,2.719195851026246,3.089973120715772,5.443578361590924e-213,2.6385491583330367,-0.6785797617426814,6.066463287138202,0.12024533714669207,"{'East Midlands': {'coef': 10.721327953312464, 'ci_low': 1.3428980694483839, 'ci_high': 20.9676523691277, 'p': 0.024110291873653}, 'East of England': {'coef': -0.973009458525298, 'ci_low': -9.234727809021459, 'ci_high': 8.040714460348465, 'p': 0.8258839621430074}, 'London': {'coef': -38.80504212286346, 'ci_low': -42.53294360092453, 'ci_high': -34.83531079826177, 'p': 6.136924134082695e-53}, 'North East': {'coef': 10.08926430674193, 'ci_low': -1.1770592714735684, 'ci_high': 22.64000672569746, 'p': 0.08098308937077627}, 'North West': {'coef': 12.055193897463345, 'ci_low': -2.1320900672768373, 'ci_high': 28.299117535356256, 'p': 0.09936580318181973}, 'South East': {'coef': -4.107597833638355, 'ci_low': -11.457821867494555, 'ci_high': 3.8527963415828648, 'p': 0.30261306127129206}, 'South West': {'coef': 21.67988414072939, 'ci_low': 11.625122955608337, 'ci_high': 32.64033949050567, 'p': 8.22843121417098e-06}, 'West Midlands': {'coef': -3.0970759855041607, 'ci_low': -10.346481611361913, 'ci_high': 4.7385183686130095, 'p': 0.4277783264360866}, 'Yorkshire and The Humber': {'coef': 6.852002218628983, 'ci_low': nan, 'ci_high': nan, 'p': nan}}","{'January': {'coef': 0.4009768170137207, 'ci_low': 0.26591804333691016, 'ci_high': 0.5362175156427229, 'p': 5.654180566212003e-09}, 'February': {'coef': -7.879448552633283, 'ci_low': -8.004643705340097, 'ci_high': -7.754083023649971, 'p': 0.0}, 'March': {'coef': 1.5553882972187072, 'ci_low': 1.421806403127257, 'ci_high': 1.68914613101252, 'p': 6.94622249252616e-117}, 'April': {'coef': -0.5147634730145345, 'ci_low': -0.643488019621985, 'ci_high': -0.38587215315216694, 'p': 5.604760623158515e-15}, 'May': {'coef': 4.1783788046388715, 'ci_low': 4.044208296197049, 'ci_high': 4.312722333046248, 'p': 0.0}, 'June': {'coef': 5.1535549861921215, 'ci_low': 5.018405105886514, 'ci_high': 5.288878793059748, 'p': 0.0}, 'July': {'coef': 2.5808763592991557, 'ci_low': 2.395100956367857, 'ci_high': 2.766988814491844, 'p': 4.1742900918610605e-167}, 'August': {'coef': -6.6329364383582945, 'ci_low': -6.802775909873682, 'ci_high': -6.46278745712986, 'p': 0.0}, 'September': {'coef': -2.8616145054492503, 'ci_low': -2.977669591815124, 'ci_high': -2.745420597607795, 'p': 0.0}, 'October': {'coef': 0.29335087309463326, 'ci_low': 0.16780318986857612, 'ci_high': 0.4190559144763073, 'p': 4.5740733082676795e-06}, 'November': {'coef': -0.2942617636209621, 'ci_low': -0.41913677475601263, 'ci_high': -0.1692301584586886, 'p': 4.0486872328124886e-06}, 'December': {'coef': 5.002367009923736, 'ci_low': nan, 'ci_high': nan, 'p': nan}}",7615,1061273,
met_tmin_low_vs_med,binary_pair,-0.03821472060683284,-0.25687496275041966,0.1809248758930071,0.7322771487733706,2.82907929651961,-0.44141501540503336,6.207009175612921,0.0907027109962165,"{'East Midlands': {'coef': 11.93637893363324, 'ci_low': 2.5802880546207607, 'ci_high': 22.14581540365956, 'p': 0.011340963875799819}, 'East of England': {'coef': -3.761496605794301, 'ci_low': -11.635524755047, 'ci_high': 4.814174586359465, 'p': 0.3786691568855153}, 'London': {'coef': -38.933499091767786, 'ci_low': -42.5937414589464, 'ci_high': -35.03987843924234, 'p': 3.9297837886066525e-55}, 'North East': {'coef': 14.29524967162501, 'ci_low': 2.755016730521076, 'ci_high': 27.13154562329907, 'p': 0.013877559825615195}, 'North West': {'coef': 12.375204643192749, 'ci_low': -1.6042013318632087, 'ci_high': 28.340709558047372, 'p': 0.0851845586320005}, 'South East': {'coef': -5.086341806709694, 'ci_low': -12.238457333024066, 'ci_high': 2.64863444592367, 'p': 0.19156297864017346}, 'South West': {'coef': 20.246341933231914, 'ci_low': 10.491469829407652, 'ci_high': 30.862434635432567, 'p': 1.9440583431060825e-05}, 'West Midlands': {'coef': -3.594085711702122, 'ci_low': -10.69111732476623, 'ci_high': 4.066919564541616, 'p': 0.3481491422360671}, 'Yorkshire and The Humber': {'coef': 7.565725329286055, 'ci_low': nan, 'ci_high': nan, 'p': nan}}","{'January': {'coef': 0.4464039484402438, 'ci_low': 0.2637757378656014, 'ci_high': 0.6293648121894924, 'p': 1.6096849859561347e-06}, 'February': {'coef': -7.893910845637809, 'ci_low': -8.06183351452584, 'ci_high': -7.725681470364343, 'p': 0.0}, 'March': {'coef': 1.293012908405422, 'ci_low': 1.1094698461235009, 'ci_high': 1.476889154668659, 'p': 7.950373967322305e-44}, 'April': {'coef': -0.5331332866148175, 'ci_low': -0.7134441227416799, 'ci_high': -0.35249499429473863, 'p': 7.722800169406746e-09}, 'May': {'coef': 4.17768647762593, 'ci_low': 3.988522389722182, 'ci_high': 4.3671946713149, 'p': 0.0}, 'June': {'coef': 5.203531106099923, 'ci_low': 4.984029783657662, 'ci_high': 5.423491363397814, 'p': 0.0}, 'July': {'coef': 0.7251809685670185, 'ci_low': 0.031910928682377104, 'ci_high': 1.4232557087091813, 'p': 0.040314980649080186}, 'August': {'coef': -5.147987518366747, 'ci_low': -6.391269263377453, 'ci_high': -3.8881928959213052, 'p': 4.126244452557138e-15}, 'September': {'coef': -2.6722131750461897, 'ci_low': -2.86058733619724, 'ci_high': -2.483473715983431, 'p': 2.595508859843118e-165}, 'October': {'coef': 0.3394850207323552, 'ci_low': 0.1602436224863668, 'ci_high': 0.5190471797680951, 'p': 0.00020307241983161093}, 'November': {'coef': -0.2602120345824077, 'ci_low': -0.43844571857168946, 'ci_high': -0.08165927917707094, 'p': 0.00430142584769457}, 'December': {'coef': 5.18469441470335, 'ci_low': nan, 'ci_high': nan, 'p': nan}}",7534,843838,
flood,binary_simple,0.13410511041087592,-0.2830393739766013,0.5529946291412013,0.5292152849334602,2.090545409992983,-0.8942761228728058,5.165262452770025,0.17174532249018482,"{'East Midlands': {'coef': 10.953044187344574, 'ci_low': 1.6981079417006884, 'ci_high': 21.05021679947068, 'p': 0.01934170184096118}, 'East of England': {'coef': 7.151683821930721, 'ci_low': -1.0831419824453126, 'ci_high': 16.07205865594117, 'p': 0.09044838298346729}, 'London': {'coef': -38.91550670030644, 'ci_low': -42.535079073913884, 'ci_high': -35.06794646981785, 'p': 2.416124574547464e-56}, 'North East': {'coef': 10.040109076885063, 'ci_low': -1.1535503117432344, 'ci_high': 22.50137100362972, 'p': 0.08046671264027876}, 'North West': {'coef': -0.376272335420369, 'ci_low': -6.735421831539357, 'ci_high': 6.41646923936483, 'p': 0.9108090598630834}, 'South East': {'coef': -0.6978656373379022, 'ci_low': -7.595030838584204, 'ci_high': 6.7141083263049905, 'p': 0.8487815798519494}, 'South West': {'coef': 21.271831178810665, 'ci_low': 11.377375968194748, 'ci_high': 32.04528217347917, 'p': 8.938453239242383e-06}, 'West Midlands': {'coef': -1.6725097687959156, 'ci_low': -8.627488410160744, 'ci_high': 5.811859244576811, 'p': 0.6522555948190123}, 'Yorkshire and The Humber': {'coef': 6.077561848752455, 'ci_low': nan, 'ci_high': nan, 'p': nan}}","{'January': {'coef': -0.11292231364231631, 'ci_low': -0.22339535751630946, 'ci_high': -0.0023269535854297807, 'p': 0.045373122492618156}, 'February': {'coef': -8.392923616329295, 'ci_low': -8.494258547874377, 'ci_high': -8.29147646484929, 'p': 0.0}, 'March': {'coef': 0.7219425454358053, 'ci_low': 0.6105594606156783, 'ci_high': 0.8334489392967548, 'p': 3.4351321503592084e-37}, 'April': {'coef': -1.341914629013785, 'ci_low': -1.4511804129948458, 'ci_high': -1.2325276968383703, 'p': 3.43317771469555e-126}, 'May': {'coef': 3.4046181824413324, 'ci_low': 3.289999040595881, 'ci_high': 3.51936451518422, 'p': 0.0}, 'June': {'coef': 5.3362402029143, 'ci_low': 5.219448711119368, 'ci_high': 5.453161330938272, 'p': 0.0}, 'July': {'coef': 4.544951630969529, 'ci_low': 4.428909530186886, 'ci_high': 4.661122678508534, 'p': 0.0}, 'August': {'coef': -4.400074843042756, 'ci_low': -4.502691759780319, 'ci_high': -4.297347658991968, 'p': 0.0}, 'September': {'coef': -2.464478029437789, 'ci_low': -2.569062770101016, 'ci_high': -2.359781024967089, 'p': 0.0}, 'October': {'coef': -0.21013962518802165, 'ci_low': -0.3171503631524075, 'ci_high': -0.103014009909419, 'p': 0.00012167778706248286}, 'November': {'coef': -0.8038748099073012, 'ci_low': -0.9102697202794996, 'ci_high': -0.6973656608857404, 'p': 3.512090431634034e-49}, 'December': {'coef': 4.636352306466995, 'ci_low': nan, 'ci_high': nan, 'p': nan}}",9278,1332572,
aqrean_carbon_monoxide_high_vs_not,binary_simple,1.708169262164727,1.5669709021497225,1.8495639160801325,3.3917844128836184e-126,2.467858634148268,-0.11003259552737621,5.112278298707973,0.06075445816463242,"{'East Midlands': {'coef': 18.851514697554418, 'ci_low': 10.242532358429933, 'ci_high': 28.1327836336013, 'p': 6.740134044987021e-06}, 'East of England': {'coef': 12.284095486346814, 'ci_low': 4.768358564019004, 'ci_high': 20.338986617634802, 'p': 0.001046298800870402}, 'London': {'coef': -37.3008212001039, 'ci_low': -40.50965903057967, 'ci_high': -33.91890249541384, 'p': 6.207684017467869e-68}, 'North East': {'coef': 6.378312268738173, 'ci_low': -2.904992973053311, 'ci_high': 16.549199260107738, 'p': 0.1844475839320936}, 'North West': {'coef': -0.1897406496471188, 'ci_low': -5.670434886386111, 'ci_high': 5.609390434335304, 'p': 0.9474490977968004}, 'South East': {'coef': -3.1622325839841925, 'ci_low': -8.957166192275668, 'ci_high': 3.00155219160978, 'p': 0.3074317678498931}, 'South West': {'coef': 9.611864985313169, 'ci_low': 1.996957216786166, 'ci_high': 17.79528795179772, 'p': 0.012482794276061106}, 'West Midlands': {'coef': -1.7226613014749148, 'ci_low': -7.716463353432756, 'ci_high': 4.660437306981868, 'p': 0.5883559013748682}, 'Yorkshire and The Humber': {'coef': 7.902418449655824, 'ci_low': nan, 'ci_high': nan, 'p': nan}}","{'January': {'coef': -0.9292716644556664, 'ci_low': -1.057955871988847, 'ci_high': -0.8004200900016301, 'p': 5.1537433794498574e-45}, 'February': {'coef': -8.616283539697067, 'ci_low': -8.737458669905863, 'ci_high': -8.494947517495055, 'p': 0.0}, 'March': {'coef': 0.4506847652708146, 'ci_low': 0.31771060026295483, 'ci_high': 0.5838351915635087, 'p': 2.8644213148738958e-11}, 'April': {'coef': -0.5998210515747227, 'ci_low': -0.7321473789127397, 'ci_high': -0.4673183302033368, 'p': 8.618763552067224e-19}, 'May': {'coef': 4.12382380047196, 'ci_low': 3.9850050059849096, 'ci_high': 4.262827916464751, 'p': 0.0}, 'June': {'coef': 6.09682257045443, 'ci_low': 5.955279004568825, 'ci_high': 6.2385552215959095, 'p': 0.0}, 'July': {'coef': 5.586822937306035, 'ci_low': 5.446167425139303, 'ci_high': 5.7276660710201766, 'p': 0.0}, 'August': {'coef': -4.6308801239315684, 'ci_low': -4.751573645615537, 'ci_high': -4.510033666112767, 'p': 0.0}, 'September': {'coef': -2.888533363126944, 'ci_low': -3.0107158506190834, 'ci_high': -2.766196955947897, 'p': 0.0}, 'October': {'coef': -0.6190759624752573, 'ci_low': -0.7442270394304118, 'ci_high': -0.4937670831918761, 'p': 4.499936124332497e-22}, 'November': {'coef': -1.7653983964576847, 'ci_low': -1.8905754539904618, 'ci_high': -1.640061626483369, 'p': 4.894039722111523e-165}, 'December': {'coef': 4.890883836319415, 'ci_low': nan, 'ci_high': nan, 'p': nan}}",8825,818811,
aqrean_daqi_overall_daqipair1,daqi_pair1,-0.4083429701447816,-0.6138432252899118,-0.20241780315843894,0.00010334214355018087,2.435590651592223,-0.1403336720439463,5.077962084107268,0.06404136488730923,"{'East Midlands': {'coef': 18.968955439121938, 'ci_low': 10.34923776200296, 'ci_high': 28.26198572211034, 'p': 6.003609571261406e-06}, 'East of England': {'coef': 12.483082106306288, 'ci_low': 4.9580691777971975, 'ci_high': 20.547604002709097, 'p': 0.0008693513722931904}, 'London': {'coef': -37.43002425247654, 'ci_low': -40.62951471595477, 'ci_high': -34.05811243894682, 'p': 1.2318615487975236e-68}, 'North East': {'coef': 6.1883568420881385, 'ci_low': -3.0692757022218298, 'ci_high': 16.33016476986249, 'p': 0.1969992603157078}, 'North West': {'coef': -0.18156768778522236, 'ci_low': -5.660437983736366, 'ci_high': 5.615493821674855, 'p': 0.949690251365541}, 'South East': {'coef': -3.237153530446535, 'ci_low': -9.024857764399197, 'ci_high': 2.9187559019433706, 'p': 0.29569004227877527}, 'South West': {'coef': 9.37287971934493, 'ci_low': 1.7817096041347957, 'ci_high': 17.53022094665553, 'p': 0.014640298285310958}, 'West Midlands': {'coef': -1.8862143373327145, 'ci_low': -7.868948020873301, 'ci_high': 4.485021393663935, 'p': 0.5530414629525418}, 'Yorkshire and The Humber': {'coef': 8.511857113510768, 'ci_low': nan, 'ci_high': nan, 'p': nan}}","{'January': {'coef': -0.015154940347328338, 'ci_low': -0.14783695900203453, 'ci_high': 0.11770338413330528, 'p': 0.8229895282762054}, 'February': {'coef': -8.755528134633384, 'ci_low': -8.87662299522065, 'ci_high': -8.634272349750482, 'p': 0.0}, 'March': {'coef': 0.4835525454962797, 'ci_low': 0.3380248350685289, 'ci_high': 0.6292913256011001, 'p': 6.870060780878916e-11}, 'April': {'coef': -0.7307940131351276, 'ci_low': -0.8671271367182154, 'ci_high': -0.5942733965434321, 'p': 1.3125675911400127e-25}, 'May': {'coef': 3.8845602024136117, 'ci_low': 3.746046771835543, 'ci_high': 4.02325856505461, 'p': 0.0}, 'June': {'coef': 5.855072404145578, 'ci_low': 5.713837563268087, 'ci_high': 5.996495936312107, 'p': 0.0}, 'July': {'coef': 5.405453728315601, 'ci_low': 5.264748477052628, 'ci_high': 5.54634705743009, 'p': 0.0}, 'August': {'coef': -4.8615529239422255, 'ci_low': -4.982057962693487, 'ci_high': -4.740895056535111, 'p': 0.0}, 'September': {'coef': -2.9483909179138013, 'ci_low': -3.071200859778822, 'ci_high': -2.8254253743911217, 'p': 0.0}, 'October': {'coef': -0.6485249408547666, 'ci_low': -0.7744051828408094, 'ci_high': -0.5224850038288209, 'p': 8.4369650287621e-24}, 'November': {'coef': -1.6017426928240375, 'ci_low': -1.7264466684906221, 'ci_high': -1.4768804743645614, 'p': 1.840107683223564e-137}, 'December': {'coef': 5.0276009242029795, 'ci_low': nan, 'ci_high': nan, 'p': nan}}",8814,810238,
aqrean_daqi_overall_daqipair2,daqi_pair2,-0.25012137077206065,-0.34264139543097594,-0.1575154522556077,1.2262572096179934e-07,2.437499831703782,-0.13849594577824975,5.079945181605683,0.06383808317859774,"{'East Midlands': {'coef': 18.959286947772046, 'ci_low': 10.340198913671706, 'ci_high': 28.251644373000584, 'p': 6.0651425210364615e-06}, 'East of England': {'coef': 12.500123443857248, 'ci_low': 4.973909604640525, 'ci_high': 20.56593702711469, 'p': 0.0008561451867649866}, 'London': {'coef': -37.417349003863464, 'ci_low': -40.61753033923882, 'ci_high': -34.04470666041974, 'p': 1.4127929485899611e-68}, 'North East': {'coef': 6.180963846773069, 'ci_low': -3.076103210619996, 'ci_high': 16.322160549626897, 'p': 0.1975230813768678}, 'North West': {'coef': -0.19842429547485274, 'ci_low': -5.676423004012776, 'ci_high': 5.597718304616506, 'p': 0.9450225350201075}, 'South East': {'coef': -3.2243546296896963, 'ci_low': -9.012881158774345, 'ci_high': 2.9324332511626583, 'p': 0.29764027798820336}, 'South West': {'coef': 9.379442066311938, 'ci_low': 1.7877489188498963, 'ci_high': 17.537350750097236, 'p': 0.014575063250326648}, 'West Midlands': {'coef': -1.890157613063781, 'ci_low': -7.872705645543176, 'ci_high': 4.480884200891699, 'p': 0.5522077124590226}, 'Yorkshire and The Humber': {'coef': 8.491639801919248, 'ci_low': nan, 'ci_high': nan, 'p': nan}}","{'January': {'coef': -0.043921018097359266, 'ci_low': -0.17722250469284218, 'ci_high': 0.08955847683222995, 'p': 0.5187918184538565}, 'February': {'coef': -8.739060095980811, 'ci_low': -8.860170235111465, 'ci_high': -8.617789021002054, 'p': 0.0}, 'March': {'coef': 0.45995157293516886, 'ci_low': 0.32239363820603106, 'ci_high': 0.5976981214395494, 'p': 5.235889694065033e-11}, 'April': {'coef': -0.7372795431775381, 'ci_low': -0.8711252836564376, 'ci_high': -0.6032530815687442, 'p': 5.979856432011338e-27}, 'May': {'coef': 3.980627558283656, 'ci_low': 3.839637349944791, 'ci_high': 4.121809198712922, 'p': 0.0}, 'June': {'coef': 5.8852359251989395, 'ci_low': 5.744343649283934, 'ci_high': 6.0263159240003805, 'p': 0.0}, 'July': {'coef': 5.515502616805046, 'ci_low': 5.370967179977226, 'ci_high': 5.660236310259514, 'p': 0.0}, 'August': {'coef': -4.8710418776400255, 'ci_low': -4.991589285228704, 'ci_high': -4.750341518566681, 'p': 0.0}, 'September': {'coef': -2.9742780286889037, 'ci_low': -3.097809203835533, 'ci_high': -2.8505893756657907, 'p': 0.0}, 'October': {'coef': -0.6964751914058986, 'ci_low': -0.8244607781668578, 'ci_high': -0.568324439821577, 'p': 2.362146055800413e-26}, 'November': {'coef': -1.646587538798383, 'ci_low': -1.773167814632226, 'ci_high': -1.5198441449460365, 'p': 7.118405692902801e-141}, 'December': {'coef': 4.970889671632173, 'ci_low': nan, 'ci_high': nan, 'p': nan}}",8814,810238,
aqrean_nitrogen_monoxide_high_vs_not,binary_simple,0.5832088297013316,0.455055483712008,0.7115256645266355,3.898938389181633e-19,2.465973408064892,-0.11159597256841236,5.110055653496315,0.06092146057796213,"{'East Midlands': {'coef': 18.853014164614045, 'ci_low': 10.244823167836659, 'ci_high': 28.13335420302203, 'p': 6.714245824072276e-06}, 'East of England': {'coef': 12.246286763971103, 'ci_low': 4.733855718875302, 'ci_high': 20.29757527611946, 'p': 0.001080834465386931}, 'London': {'coef': -37.284410369875765, 'ci_low': -40.493823560278855, 'ci_high': -33.90190030713091, 'p': 7.1751284353427566e-68}, 'North East': {'coef': 6.389972865783244, 'ci_low': -2.8934211441769775, 'ci_high': 16.560859827916353, 'p': 0.18362481412196752}, 'North West': {'coef': -0.1757044646643835, 'ci_low': -5.656596668017421, 'ci_high': 5.62360087923508, 'p': 0.9513297573834453}, 'South East': {'coef': -3.1769076177436406, 'ci_low': -8.970345540001546, 'ci_high': 2.9852444686859547, 'p': 0.3051026848447137}, 'South West': {'coef': 9.617036387719446, 'ci_low': 2.002565956219482, 'ci_high': 17.799925460541346, 'p': 0.012428128470635853}, 'West Midlands': {'coef': -1.7498652694429961, 'ci_low': -7.741353116659355, 'ci_high': 4.630723522086289, 'p': 0.5823846298050755}, 'Yorkshire and The Humber': {'coef': 7.923294668885905, 'ci_low': nan, 'ci_high': nan, 'p': nan}}","{'January': {'coef': -0.6836720590722822, 'ci_low': -0.8133463001013697, 'ci_high': -0.5538282850651388, 'p': 7.717033096282052e-25}, 'February': {'coef': -8.815523545836124, 'ci_low': -8.93846246678196, 'ci_high': -8.692418649455503, 'p': 0.0}, 'March': {'coef': 0.43284742881137817, 'ci_low': 0.2998143620268845, 'ci_high': 0.5660569445451902, 'p': 1.6955956020556285e-10}, 'April': {'coef': -0.6751760016321384, 'ci_low': -0.8079259655445536, 'ci_high': -0.5422483768220077, 'p': 3.140250729499593e-23}, 'May': {'coef': 4.034402295825168, 'ci_low': 3.8952250419033385, 'ci_high': 4.173765990538669, 'p': 0.0}, 'June': {'coef': 6.007423464970119, 'ci_low': 5.865470395522676, 'ci_high': 6.149566876687307, 'p': 0.0}, 'July': {'coef': 5.551176848272177, 'ci_low': 5.409690628950292, 'ci_high': 5.692852977555307, 'p': 0.0}, 'August': {'coef': -4.711004883689062, 'ci_low': -4.832150465526075, 'ci_high': -4.589705087460638, 'p': 0.0}, 'September': {'coef': -2.8072153372602493, 'ci_low': -2.9305521521371447, 'ci_high': -2.6837218101506077, 'p': 0.0}, 'October': {'coef': -0.5604600119126446, 'ci_low': -0.6857330042504883, 'ci_high': -0.4350290027753556, 'p': 2.3607204540211875e-18}, 'November': {'coef': -1.663384395339118, 'ci_low': -1.790521334977091, 'ci_high': -1.5360828707584262, 'p': 1.8534352136171743e-142}, 'December': {'coef': 5.0019551639779, 'ci_low': nan, 'ci_high': nan, 'p': nan}}",8825,818811,
aqrean_nitrogen_dioxide_high_vs_not,binary_simple,-0.45278026127765214,-0.627126230089381,-0.2781284090222047,3.8937608867292576e-07,2.471502243333301,-0.10626964035345132,5.115793896182752,0.06035803462211488,"{'East Midlands': {'coef': 18.852313731783752, 'ci_low': 10.243955884916357, 'ci_high': 28.132851964640594, 'p': 6.722841224691559e-06}, 'East of England': {'coef': 12.268252721098506, 'ci_low': 4.754169430995381, 'ci_high': 20.32132599124057, 'p': 0.0010601872329870571}, 'London': {'coef': -37.28582181906371, 'ci_low': -40.49522874230056, 'ci_high': -33.90331461191328, 'p': 7.1161781511136985e-68}, 'North East': {'coef': 6.390676705489695, 'ci_low': -2.8930044413079337, 'ci_high': 16.561901897281615, 'p': 0.18358916436828987}, 'North West': {'coef': -0.2028169513940581, 'ci_low': -5.682353208130264, 'ci_high': 5.595061827766856, 'p': 0.9438249531597114}, 'South East': {'coef': -3.1791282406198995, 'ci_low': -8.97258987751739, 'ci_high': 2.9830596699685463, 'p': 0.3047727253440857}, 'South West': {'coef': 9.632420250209472, 'ci_low': 2.0166944397934206, 'ci_high': 17.81667339762587, 'p': 0.012296965898009353}, 'West Midlands': {'coef': -1.7329909972071733, 'ci_low': -7.7256681307925845, 'ci_high': 4.6488753995235, 'p': 0.586069674144652}, 'Yorkshire and The Humber': {'coef': 7.902641963534451, 'ci_low': nan, 'ci_high': nan, 'p': nan}}","{'January': {'coef': -0.4460743872627959, 'ci_low': -0.5741288204506034, 'ci_high': -0.3178550278071679, 'p': 9.9066423535276e-12}, 'February': {'coef': -8.698345079769975, 'ci_low': -8.819285559103896, 'ci_high': -8.577244187133415, 'p': 0.0}, 'March': {'coef': 0.4184040099010078, 'ci_low': 0.28544040829043826, 'ci_high': 0.5515439015022494, 'p': 6.561276442144251e-10}, 'April': {'coef': -0.7550484901260424, 'ci_low': -0.8866300297924123, 'ci_high': -0.623292264626818, 'p': 4.2283133336543586e-29}, 'May': {'coef': 3.935239060315454, 'ci_low': 3.797154301848882, 'ci_high': 4.073507517464781, 'p': 0.0}, 'June': {'coef': 5.898561217730691, 'ci_low': 5.757625076547335, 'ci_high': 6.039685175119991, 'p': 0.0}, 'July': {'coef': 5.4422554801104805, 'ci_low': 5.301720278693267, 'ci_high': 5.582978239174308, 'p': 0.0}, 'August': {'coef': -4.81371459262796, 'ci_low': -4.933895181544711, 'ci_high': -4.693382073914787, 'p': 0.0}, 'September': {'coef': -2.9034652875083666, 'ci_low': -3.026023606890338, 'ci_high': -2.7807520756262805, 'p': 0.0}, 'October': {'coef': -0.6028884521840472, 'ci_low': -0.7284399411004117, 'ci_high': -0.47717817482555436, 'p': 6.772294090297682e-21}, 'November': {'coef': -1.5078580615120019, 'ci_low': -1.6323258939027196, 'ci_high': -1.3832327359057373, 'p': 1.2836641553054587e-122}, 'December': {'coef': 5.128435137938903, 'ci_low': nan, 'ci_high': nan, 'p': nan}}",8825,818811,
aqrean_daqi_nitrogen_dioxide_daqipair1,daqi_pair1,,,,,,,,,{},{},8814,810238,Singular matrix
aqrean_daqi_nitrogen_dioxide_daqipair2,daqi_pair2,,,,,,,,,{},{},8814,810238,Singular matrix
aqrean_nox_expressed_as_nitrogen_dioxide_high_vs_not,binary_simple,0.6302995002701373,0.497263303875739,0.7635118072268243,1.2907696581497043e-20,2.4679656555838703,-0.10964166077920279,5.112086493250034,0.060714381897053166,"{'East Midlands': {'coef': 18.85072714982674, 'ci_low': 10.242742504099066, 'ci_high': 28.130841297941632, 'p': 6.729416206190234e-06}, 'East of England': {'coef': 12.25103511554153, 'ci_low': 4.738322413258711, 'ci_high': 20.302622709522034, 'p': 0.0010762100348655492}, 'London': {'coef': -37.28706112882788, 'ci_low': -40.49631268511922, 'ci_high': -33.90472289478063, 'p': 6.962567339884686e-68}, 'North East': {'coef': 6.383579162328301, 'ci_low': -2.8992150526699456, 'ci_high': 16.553804601335152, 'p': 0.18404835868919478}, 'North West': {'coef': -0.1745990248846474, 'ci_low': -5.655526674585198, 'ci_high': 5.624742272615246, 'p': 0.9516356268334931}, 'South East': {'coef': -3.167800247721164, 'ci_low': -8.961751751785751, 'ci_high': 2.9948959837235556, 'p': 0.30651113664433605}, 'South West': {'coef': 9.618007776269, 'ci_low': 2.003508964723566, 'ci_high': 17.800924211281476, 'p': 0.012419201865415988}, 'West Midlands': {'coef': -1.7510322989944593, 'ci_low': -7.742418334664903, 'ci_high': 4.629445949808564, 'p': 0.5821288690165597}, 'Yorkshire and The Humber': {'coef': 7.92083314616443, 'ci_low': nan, 'ci_high': nan, 'p': nan}}","{'January': {'coef': -0.7041236525543226, 'ci_low': -0.8345973198590206, 'ci_high': -0.5734783187470005, 'p': 6.084304835377283e-26}, 'February': {'coef': -8.797684771646196, 'ci_low': -8.919847003483106, 'ci_high': -8.67535868840591, 'p': 0.0}, 'March': {'coef': 0.4325090421466671, 'ci_low': 0.29948554520129456, 'ci_high': 0.5657089632346235, 'p': 1.74669717956066e-10}, 'April': {'coef': -0.6791417888480478, 'ci_low': -0.8117036548570211, 'ci_high': -0.5464027583048758, 'p': 1.517131219180065e-23}, 'May': {'coef': 4.031567047675688, 'ci_low': 3.8925545520121396, 'ci_high': 4.170765547755373, 'p': 0.0}, 'June': {'coef': 6.005273916395426, 'ci_low': 5.863473123140905, 'ci_high': 6.147264647353423, 'p': 0.0}, 'July': {'coef': 5.549649037411908, 'ci_low': 5.408295465071888, 'ci_high': 5.691192166297987, 'p': 0.0}, 'August': {'coef': -4.712305775211556, 'ci_low': -4.833318240568452, 'ci_high': -4.591139432294766, 'p': 0.0}, 'September': {'coef': -2.8084707158206212, 'ci_low': -2.9316944271877587, 'ci_high': -2.6850905776676814, 'p': 0.0}, 'October': {'coef': -0.5358504537151254, 'ci_low': -0.6614044002660191, 'ci_high': -0.4101378196631811, 'p': 7.607502920826194e-17}, 'November': {'coef': -1.6745287619173044, 'ci_low': -1.8019283426273458, 'ci_high': -1.5469638963611199, 'p': 9.605784337326184e-144}, 'December': {'coef': 5.002804125200311, 'ci_low': nan, 'ci_high': nan, 'p': nan}}",8825,818811,
aqrean_ozone_high_vs_not,binary_simple,-0.8742058744106718,-1.0072521798251244,-0.7409807546913894,1.3822064569460074e-37,2.470751447824182,-0.10724925468172941,5.1152843818737415,0.06046017768461359,"{'East Midlands': {'coef': 18.870232046678236, 'ci_low': 10.259770967285808, 'ci_high': 28.153105551285364, 'p': 6.613214196007647e-06}, 'East of England': {'coef': 12.238469221746783, 'ci_low': 4.725715989596324, 'ci_high': 20.29016802799861, 'p': 0.0010898494516912037}, 'London': {'coef': -37.31117289948169, 'ci_low': -40.51953307587751, 'ci_high': -33.92975464950661, 'p': 5.60249001402147e-68}, 'North East': {'coef': 6.393155698995612, 'ci_low': -2.8916125462241427, 'ci_high': 16.565663135729338, 'p': 0.18346740344629342}, 'North West': {'coef': -0.1575190534115145, 'ci_low': -5.640074527907135, 'ci_high': 5.643587059827571, 'p': 0.9563712183989455}, 'South East': {'coef': -3.1954400056590115, 'ci_low': -8.98847242950226, 'ci_high': 2.9663283965767118, 'p': 0.3023046407429931}, 'South West': {'coef': 9.60465946976643, 'ci_low': 1.9901477205236384, 'ci_high': 17.78766524000264, 'p': 0.012547208762692117}, 'West Midlands': {'coef': -1.7180510825229423, 'ci_low': -7.712204118275379, 'ci_high': 4.665426134967099, 'p': 0.5893677006378919}, 'Yorkshire and The Humber': {'coef': 7.936259428361558, 'ci_low': nan, 'ci_high': nan, 'p': nan}}","{'January': {'coef': -0.6497589934122305, 'ci_low': -0.7759631339507078, 'ci_high': -0.5233943324435053, 'p': 9.040273347876491e-24}, 'February': {'coef': -8.835907309733315, 'ci_low': -8.95812750196442, 'ci_high': -8.713523041621741, 'p': 0.0}, 'March': {'coef': 0.2793386014381394, 'ci_low': 0.14506199467756442, 'ci_high': 0.4137952490990138, 'p': 4.497533482650094e-05}, 'April': {'coef': -0.6418674465326846, 'ci_low': -0.7746534727234633, 'ci_high': -0.5089037225119775, 'p': 3.821994224828422e-21}, 'May': {'coef': 4.180629509764677, 'ci_low': 4.038097755637549, 'ci_high': 4.323356531792433, 'p': 0.0}, 'June': {'coef': 6.121710319840878, 'ci_low': 5.977584857253726, 'ci_high': 6.266031787545456, 'p': 0.0}, 'July': {'coef': 5.8870835623523465, 'ci_low': 5.732412627457428, 'ci_high': 6.041980758026777, 'p': 0.0}, 'August': {'coef': -4.760556920563341, 'ci_low': -4.88049669566184, 'ci_high': -4.640465908871394, 'p': 0.0}, 'September': {'coef': -3.0005401803352427, 'ci_low': -3.1240052902652082, 'ci_high': -2.876917718386174, 'p': 0.0}, 'October': {'coef': -0.7067167121490692, 'ci_low': -0.8332898472409922, 'ci_high': -0.5799820232604946, 'p': 1.1823559960023088e-27}, 'November': {'coef': -1.6727818971653652, 'ci_low': -1.79847919996583, 'ci_high': -1.5469237026414007, 'p': 2.60821906509381e-147}, 'December': {'coef': 4.949020212086608, 'ci_low': nan, 'ci_high': nan, 'p': nan}}",8825,818811,
aqrean_daqi_ozone_daqipair1,daqi_pair1,1.4868572557045878,0.10612128560643086,2.886637334141362,0.03471040306472978,2.438353783346625,-0.13761253175179622,5.080767563048605,0.06374092688632986,"{'East Midlands': {'coef': 18.957399755781722, 'ci_low': 10.338616825349112, 'ci_high': 28.249414065573554, 'p': 6.07437120746644e-06}, 'East of England': {'coef': 12.473250405868153, 'ci_low': 4.948978843040508, 'ci_high': 20.5369713580591, 'p': 0.0008769872088391409}, 'London': {'coef': -37.440588792139216, 'ci_low': -40.63948234909736, 'ci_high': -34.06930927236102, 'p': 1.0965308977414003e-68}, 'North East': {'coef': 6.210919938969117, 'ci_low': -3.04856493017579, 'ci_high': 16.35474509642616, 'p': 0.19541342967135245}, 'North West': {'coef': -0.18043006533930983, 'ci_low': -5.6593000834177065, 'ci_high': 5.616627296075949, 'p': 0.9500047521512418}, 'South East': {'coef': -3.2366805241623164, 'ci_low': -9.024347078750527, 'ci_high': 2.9191843677996987, 'p': 0.29575611063523743}, 'South West': {'coef': 9.388010553759617, 'ci_low': 1.7958764766139002, 'ci_high': 17.54638072848047, 'p': 0.01448703307580536}, 'West Midlands': {'coef': -1.8881331858611072, 'ci_low': -7.870680815433728, 'ci_high': 4.482899634494308, 'p': 0.55262911531317}, 'Yorkshire and The Humber': {'coef': 8.512495744418413, 'ci_low': nan, 'ci_high': nan, 'p': nan}}","{'January': {'coef': -0.004787092804159343, 'ci_low': -0.13740978090528433, 'ci_high': 0.1280117250905155, 'p': 0.9436385753278034}, 'February': {'coef': -8.74715389389591, 'ci_low': -8.868211308749297, 'ci_high': -8.625935669100127, 'p': 0.0}, 'March': {'coef': 0.36910397542888607, 'ci_low': 0.23596176181068795, 'ci_high': 0.5024230402363772, 'p': 5.330414687720932e-08}, 'April': {'coef': -0.7981059841147831, 'ci_low': -0.9298848517166669, 'ci_high': -0.6661518298493041, 'p': 3.2661605940026263e-32}, 'May': {'coef': 3.9034676726068085, 'ci_low': 3.7653228021238716, 'ci_high': 4.041796458146618, 'p': 0.0}, 'June': {'coef': 5.8767395793765775, 'ci_low': 5.735892808166487, 'ci_high': 6.0177739672268915, 'p': 0.0}, 'July': {'coef': 5.416027007330393, 'ci_low': 5.275419586175523, 'ci_high': 5.556822225854874, 'p': 0.0}, 'August': {'coef': -4.840540356237777, 'ci_low': -4.960573895745901, 'ci_high': -4.72035521595513, 'p': 0.0}, 'September': {'coef': -2.9274313064836077, 'ci_low': -3.049871442226959, 'ci_high': -2.8048365387963403, 'p': 0.0}, 'October': {'coef': -0.6248372996649265, 'ci_low': -0.7502470842246756, 'ci_high': -0.49926905008536027, 'p': 2.278403992070986e-22}, 'November': {'coef': -1.5788389980953665, 'ci_low': -1.7031024018721475, 'ci_high': -1.454418504991295, 'p': 1.3949701348181031e-134}, 'December': {'coef': 5.051507773480335, 'ci_low': nan, 'ci_high': nan, 'p': nan}}",8814,810238,
aqrean_daqi_ozone_daqipair2,daqi_pair2,-0.6480311460424604,-0.7755051793886247,-0.5203933463883148,3.2406998235428976e-23,2.4449411547022404,-0.13141827431829567,5.087764208146051,0.06305973557991944,"{'East Midlands': {'coef': 18.94752160981632, 'ci_low': 10.328716311302276, 'ci_high': 28.23962219587901, 'p': 6.14848760838885e-06}, 'East of England': {'coef': 12.528674807446816, 'ci_low': 5.0000648229774125, 'ci_high': 20.59709368054703, 'p': 0.0008349709670864282}, 'London': {'coef': -37.426983073394446, 'ci_low': -40.626857831053655, 'ci_high': -34.05465326130054, 'p': 1.3007938217731715e-68}, 'North East': {'coef': 6.167277359146306, 'ci_low': -3.0892110567417475, 'ci_high': 16.307904463077016, 'p': 0.19851935443983326}, 'North West': {'coef': -0.22020556662658564, 'ci_low': -5.697375882860767, 'ci_high': 5.575083094180622, 'p': 0.9389963396357607}, 'South East': {'coef': -3.204132756330813, 'ci_low': -8.994253800412654, 'ci_high': 2.954377132468511, 'p': 0.3007638907034107}, 'South West': {'coef': 9.430500064611058, 'ci_low': 1.8347542255176208, 'ci_high': 17.59280449454017, 'p': 0.01407614704722739}, 'West Midlands': {'coef': -1.8896410024202948, 'ci_low': -7.8726216779184455, 'ci_high': 4.481889292260988, 'p': 0.5523449027582693}, 'Yorkshire and The Humber': {'coef': 8.455343552140636, 'ci_low': nan, 'ci_high': nan, 'p': nan}}","{'January': {'coef': -0.15875842873005475, 'ci_low': -0.2945408103797065, 'ci_high': -0.02279113388391485, 'p': 0.02212374945112819}, 'February': {'coef': -8.886819754548403, 'ci_low': -9.01072320284424, 'ci_high': -8.762747582365094, 'p': 0.0}, 'March': {'coef': 0.24163100675871352, 'ci_low': 0.10636638099368323, 'ci_high': 0.37707840330691855, 'p': 0.00045994975066279437}, 'April': {'coef': -0.699697419296208, 'ci_low': -0.8330536397288757, 'ci_high': -0.5661618661102263, 'p': 1.3035213861146346e-24}, 'May': {'coef': 4.239556291874802, 'ci_low': 4.086085210721779, 'ci_high': 4.393253660458107, 'p': 0.0}, 'June': {'coef': 6.026384995539025, 'ci_low': 5.882281771640008, 'ci_high': 6.170684340439525, 'p': 0.0}, 'July': {'coef': 5.8067848624318685, 'ci_low': 5.6468764170215735, 'ci_high': 5.966935347283164, 'p': 0.0}, 'August': {'coef': -4.7939934242097415, 'ci_low': -4.914415435820074, 'ci_high': -4.6734189030371525, 'p': 0.0}, 'September': {'coef': -3.0281419390851716, 'ci_low': -3.152003625849309, 'ci_high': -2.9041218420490345, 'p': 0.0}, 'October': {'coef': -0.7546028337347632, 'ci_low': -0.8823699968863563, 'ci_high': -0.6266709728600883, 'p': 9.929838581985153e-31}, 'November': {'coef': -1.7327598917820541, 'ci_low': -1.860410338429419, 'ci_high': -1.6049434098314386, 'p': 4.371953055555261e-153}, 'December': {'coef': 4.886815541222278, 'ci_low': nan, 'ci_high': nan, 'p': nan}}",8814,810238,
aqrean_pm2p5_high_vs_not,binary_simple,-0.4677485411268001,-0.6114619300703561,-0.3238273461468322,2.022548849399354e-10,2.4725965303278308,-0.10522206514205212,5.116936608186751,0.06024770834669093,"{'East Midlands': {'coef': 18.862206647514125, 'ci_low': 10.253076081718238, 'ci_high': 28.14358266652519, 'p': 6.655478836864554e-06}, 'East of England': {'coef': 12.257528471688905, 'ci_low': 4.744090286840508, 'ci_high': 20.30991594907445, 'p': 0.0010704967057573527}, 'London': {'coef': -37.29899472051167, 'ci_low': -40.50774347561216, 'ci_high': -33.917180272918266, 'p': 6.215230924898897e-68}, 'North East': {'coef': 6.373674711752519, 'ci_low': -2.908587935438145, 'ci_high': 16.543352610398543, 'p': 0.1847256489114819}, 'North West': {'coef': -0.18120582342879832, 'ci_low': -5.661977117921824, 'ci_high': 5.6179827228237444, 'p': 0.9498081824087121}, 'South East': {'coef': -3.16598277405582, 'ci_low': -8.960268169093188, 'ci_high': 2.997083839510406, 'p': 0.30681263542852544}, 'South West': {'coef': 9.608929227723294, 'ci_low': 1.9947808255410093, 'ci_high': 17.791491576395856, 'p': 0.012501829360964065}, 'West Midlands': {'coef': -1.7202096982617099, 'ci_low': -7.713709979752014, 'ci_high': 4.662536327275113, 'p': 0.5888625205334903}, 'Yorkshire and The Humber': {'coef': 7.914957527155919, 'ci_low': nan, 'ci_high': nan, 'p': nan}}","{'January': {'coef': -0.5437754083821189, 'ci_low': -0.6687691026919462, 'ci_high': -0.41862442795516097, 'p': 1.9271542133518753e-17}, 'February': {'coef': -8.700486719838896, 'ci_low': -8.821381551188834, 'ci_high': -8.579431592572039, 'p': 0.0}, 'March': {'coef': 0.578950228863806, 'ci_low': 0.4361941714444928, 'ci_high': 0.7219091941302214, 'p': 1.6391650545461635e-15}, 'April': {'coef': -0.6169488477059892, 'ci_low': -0.7551247043597442, 'ci_high': -0.47858061268200025, 'p': 2.8307840547848604e-18}, 'May': {'coef': 3.915252511416356, 'ci_low': 3.7768751860119743, 'ci_high': 4.0538143507999, 'p': 0.0}, 'June': {'coef': 5.879133182462248, 'ci_low': 5.7378916543493474, 'ci_high': 6.020563376803989, 'p': 0.0}, 'July': {'coef': 5.419269079004185, 'ci_low': 5.278315056084448, 'ci_high': 5.560411821097144, 'p': 0.0}, 'August': {'coef': -4.834816022058419, 'ci_low': -4.955416965641646, 'ci_high': -4.714062049368961, 'p': 0.0}, 'September': {'coef': -2.921614904558012, 'ci_low': -3.044486523679646, 'ci_high': -2.7985875703641305, 'p': 0.0}, 'October': {'coef': -0.6305443167788805, 'ci_low': -0.7567380089340658, 'ci_high': -0.504190161861584, 'p': 1.7372113295175485e-22}, 'November': {'coef': -1.5047608430484138, 'ci_low': -1.6291575680745907, 'ci_high': -1.3802068097709785, 'p': 2.899075879553457e-122}, 'December': {'coef': 5.051361263072485, 'ci_low': nan, 'ci_high': nan, 'p': nan}}",8825,818811,
aqrean_daqi_pm2p5_daqipair1,daqi_pair1,-0.4343383223818331,-0.6427617912757477,-0.22547763982166957,4.6759005789261734e-05,2.435463616175193,-0.14045835241064397,5.077832655103709,0.0640551612810788,"{'East Midlands': {'coef': 18.969522049568766, 'ci_low': 10.349759982076655, 'ci_high': 28.26260047146203, 'p': 6.00013815945453e-06}, 'East of England': {'coef': 12.482354254212513, 'ci_low': 4.957387987572548, 'ci_high': 20.54682629933824, 'p': 0.000869926281371037}, 'London': {'coef': -37.429085041418844, 'ci_low': -40.62862486163053, 'ci_high': -34.05712113574069, 'p': 1.2442128591276283e-68}, 'North East': {'coef': 6.187332327142037, 'ci_low': -3.0702150199235168, 'ci_high': 16.329047351880412, 'p': 0.19707144246249175}, 'North West': {'coef': -0.18123441442965404, 'ci_low': -5.66012470532542, 'ci_high': 5.615848355795872, 'p': 0.949782574116813}, 'South East': {'coef': -3.237848994957704, 'ci_low': -9.025513531842677, 'ci_high': 2.918018343525275, 'p': 0.29558473684878617}, 'South West': {'coef': 9.371940524708178, 'ci_low': 1.780833121908132, 'ci_high': 17.52921456058958, 'p': 0.014649820308490578}, 'West Midlands': {'coef': -1.8856993886865014, 'ci_low': -7.8684664391893815, 'ci_high': 4.485572012033856, 'p': 0.5531510105174852}, 'Yorkshire and The Humber': {'coef': 8.512240487315669, 'ci_low': nan, 'ci_high': nan, 'p': nan}}","{'January': {'coef': -0.015252047393565782, 'ci_low': -0.14792823172313785, 'ci_high': 0.11760042741828514, 'p': 0.8218666644999427}, 'February': {'coef': -8.755536485146376, 'ci_low': -8.876626458996927, 'ci_high': -8.634285599981883, 'p': 0.0}, 'March': {'coef': 0.4914487466091799, 'ci_low': 0.34546863406657025, 'ci_high': 0.6376412274186061, 'p': 3.851247057202123e-11}, 'April': {'coef': -0.7272743342804588, 'ci_low': -0.8636345858452521, 'ci_high': -0.5907265216917201, 'p': 2.2756820940800647e-25}, 'May': {'coef': 3.882693439497764, 'ci_low': 3.7441509191765254, 'ci_high': 4.021420972947598, 'p': 0.0}, 'June': {'coef': 5.853875462842817, 'ci_low': 5.71263671228166, 'ci_high': 5.995302917283474, 'p': 0.0}, 'July': {'coef': 5.40196373563171, 'ci_low': 5.2611743100625885, 'ci_high': 5.542941470541707, 'p': 0.0}, 'August': {'coef': -4.863062802867257, 'ci_low': -4.983585864772833, 'ci_high': -4.742386864128944, 'p': 0.0}, 'September': {'coef': -2.949170802285239, 'ci_low': -3.0719728060268903, 'ci_high': -2.826213215761597, 'p': 0.0}, 'October': {'coef': -0.649454312314901, 'ci_low': -0.775326503709517, 'ci_high': -0.5234224448235292, 'p': 7.243133163838686e-24}, 'November': {'coef': -1.602616638036014, 'ci_low': -1.7273121020137672, 'ci_high': -1.4777629514730384, 'p': 1.2579761887541342e-137}, 'December': {'coef': 5.026714375426455, 'ci_low': nan, 'ci_high': nan, 'p': nan}}",8814,810238,
aqrean_daqi_pm2p5_daqipair2,daqi_pair2,-0.4889656187288538,-0.6009898464323093,-0.376815137981501,1.4744391344686714e-17,2.4322887782536107,-0.14354378665059064,5.0745658541490934,0.06439755270789185,"{'East Midlands': {'coef': 18.969447816529716, 'ci_low': 10.349726804998948, 'ci_high': 28.262478970893202, 'p': 6.000047420435761e-06}, 'East of England': {'coef': 12.503667605017753, 'ci_low': 4.97730634932354, 'ci_high': 20.569632282833684, 'p': 0.0008532783036542603}, 'London': {'coef': -37.40890191747395, 'ci_low': -40.60948802778776, 'ci_high': -34.03583452842782, 'p': 1.5393557051178215e-68}, 'North East': {'coef': 6.183735005284041, 'ci_low': -3.0734500697213285, 'ci_high': 16.325048067662816, 'p': 0.19732185089260013}, 'North West': {'coef': -0.19342104496424817, 'ci_low': -5.67162493636284, 'ci_high': 5.60293438731998, 'p': 0.9464073161694848}, 'South East': {'coef': -3.2363103167426743, 'ci_low': -9.024055377804341, 'ci_high': 2.9196418899656074, 'p': 0.2958171236517376}, 'South West': {'coef': 9.347418779683213, 'ci_low': 1.75803477830907, 'ci_high': 17.502839159863193, 'p': 0.01489922263260947}, 'West Midlands': {'coef': -1.896087176214889, 'ci_low': -7.87819932319711, 'ci_high': 4.474485307801146, 'p': 0.5509443491827343}, 'Yorkshire and The Humber': {'coef': 8.507773085124803, 'ci_low': nan, 'ci_high': nan, 'p': nan}}","{'January': {'coef': 0.015338511911799912, 'ci_low': -0.11739156586412225, 'ci_high': 0.148244969478184, 'p': 0.8209184954697124}, 'February': {'coef': -8.642553167855338, 'ci_low': -8.766152083524425, 'ci_high': -8.51878680674465, 'p': 0.0}, 'March': {'coef': 0.6442568036153951, 'ci_low': 0.4964036197509625, 'ci_high': 0.7923275133134844, 'p': 1.113871662335751e-17}, 'April': {'coef': -0.6174494566061783, 'ci_low': -0.7559222056351733, 'ci_high': -0.47878350005639003, 'p': 3.1377747047028037e-18}, 'May': {'coef': 3.821418964090939, 'ci_low': 3.6820560583500583, 'ci_high': 3.960969192693997, 'p': 0.0}, 'June': {'coef': 5.76202203292393, 'ci_low': 5.6188983572656115, 'ci_high': 5.905339654806396, 'p': 0.0}, 'July': {'coef': 5.299438855797267, 'ci_low': 5.1563052874930015, 'ci_high': 5.442767250444258, 'p': 0.0}, 'August': {'coef': -4.9452725158857564, 'ci_low': -5.067585723504275, 'ci_high': -4.822801716986403, 'p': 0.0}, 'September': {'coef': -2.953634836066743, 'ci_low': -3.076165561740851, 'ci_high': -2.8309492075369924, 'p': 0.0}, 'October': {'coef': -0.6828249064488978, 'ci_low': -0.8088241882040048, 'ci_high': -0.5566655719585256, 'p': 3.748162542364953e-26}, 'November': {'coef': -1.6143804210716928, 'ci_low': -1.738836466865601, 'ci_high': -1.4897667412057114, 'p': 3.8694580147959092e-140}, 'December': {'coef': 4.98773372175263, 'ci_low': nan, 'ci_high': nan, 'p': nan}}",8814,810238,
aqrean_pm10_high_vs_not,binary_simple,0.03284904166067637,-0.1056629651105534,0.17155310712699823,0.6422373671423801,2.471790416588937,-0.10591774325114933,5.11601482250883,0.06032129426974349,"{'East Midlands': {'coef': 18.853048610703315, 'ci_low': 10.244876786064893, 'ci_high': 28.13336615605668, 'p': 6.713635125155087e-06}, 'East of England': {'coef': 12.265189658600463, 'ci_low': 4.7515314865232305, 'ci_high': 20.317790396248547, 'p': 0.0010627137178272064}, 'London': {'coef': -37.284900036466226, 'ci_low': -40.494243803634966, 'ci_high': -33.90246566303957, 'p': 7.107974768338104e-68}, 'North East': {'coef': 6.387412532562831, 'ci_low': -2.8957272445330196, 'ci_high': 16.558017728797502, 'p': 0.1837936359438288}, 'North West': {'coef': -0.18758178335553932, 'ci_low': -5.6678091466118685, 'ci_high': 5.61101931511554, 'p': 0.9480410299603987}, 'South East': {'coef': -3.1737655029679956, 'ci_low': -8.967385334574008, 'ci_high': 2.988579657208934, 'p': 0.30558854543702163}, 'South West': {'coef': 9.614866810498413, 'ci_low': 2.000571303960763, 'ci_high': 17.7975659575226, 'p': 0.01244675295032639}, 'West Midlands': {'coef': -1.739617430149376, 'ci_low': -7.731719410307636, 'ci_high': 4.641624630555996, 'p': 0.5846143920811755}, 'Yorkshire and The Humber': {'coef': 7.908750240823492, 'ci_low': nan, 'ci_high': nan, 'p': nan}}","{'January': {'coef': -0.5164815675449019, 'ci_low': -0.6418708608406987, 'ci_high': -0.390934033801027, 'p': 8.472361110618098e-16}, 'February': {'coef': -8.70960358061119, 'ci_low': -8.830481749764873, 'ci_high': -8.588565143727045, 'p': 0.0}, 'March': {'coef': 0.4001103442578424, 'ci_low': 0.25823746701805206, 'ci_high': 0.54218398219128, 'p': 3.118932532299443e-08}, 'April': {'coef': -0.7627213230397722, 'ci_low': -0.9017724112273973, 'ci_high': -0.6234751233391012, 'p': 9.943118457555794e-27}, 'May': {'coef': 3.9553018487581415, 'ci_low': 3.817088385494749, 'ci_high': 4.0936993179662595, 'p': 0.0}, 'June': {'coef': 5.927362596548003, 'ci_low': 5.785674942540764, 'ci_high': 6.069240024750178, 'p': 0.0}, 'July': {'coef': 5.47244369915918, 'ci_low': 5.331130889711888, 'ci_high': 5.613946094628641, 'p': 0.0}, 'August': {'coef': -4.785140360665285, 'ci_low': -4.906154235996752, 'ci_high': -4.663972486324686, 'p': 0.0}, 'September': {'coef': -2.876193428494056, 'ci_low': -2.999146241609507, 'ci_high': -2.7530847673250203, 'p': 0.0}, 'October': {'coef': -0.5736691608262401, 'ci_low': -0.6999137169000025, 'ci_high': -0.4472641045098702, 'p': 6.989725402396355e-19}, 'November': {'coef': -1.5336760213668033, 'ci_low': -1.6577736197679438, 'ci_high': -1.4094218247830193, 'p': 1.6938094452729301e-127}, 'December': {'coef': 5.0996713834208895, 'ci_low': nan, 'ci_high': nan, 'p': nan}}",8825,818811,
aqrean_daqi_pm10_daqipair1,daqi_pair1,0.3782404491244895,-0.12661286447906983,0.8856457625707304,0.14224208050247103,2.4386730547612423,-0.13728529205636608,5.0810782373568175,0.06370495082707428,"{'East Midlands': {'coef': 18.95965376438653, 'ci_low': 10.340761607556125, 'ci_high': 28.251781278022637, 'p': 6.059363925773352e-06}, 'East of England': {'coef': 12.474563576477337, 'ci_low': 4.950242513483638, 'ci_high': 20.538334631230114, 'p': 0.0008758924039297561}, 'London': {'coef': -37.44246296873411, 'ci_low': -40.64123371971843, 'ci_high': -34.0713144046895, 'p': 1.07232377264406e-68}, 'North East': {'coef': 6.2128716368871295, 'ci_low': -3.046723164183729, 'ci_high': 16.356810925099087, 'p': 0.1952741706524881}, 'North West': {'coef': -0.18147484688537663, 'ci_low': -5.660252996554316, 'ci_high': 5.61548318948808, 'p': 0.9497150485323222}, 'South East': {'coef': -3.2342621590971565, 'ci_low': -9.022037328727894, 'ci_high': 2.92171581955043, 'p': 0.2961200081001515}, 'South West': {'coef': 9.388192027533005, 'ci_low': 1.7960937813756628, 'ci_high': 17.546519817852403, 'p': 0.014484568030800348}, 'West Midlands': {'coef': -1.8887184168685622, 'ci_low': -7.87119465880507, 'ci_high': 4.482235911295018, 'p': 0.5525023758747072}, 'Yorkshire and The Humber': {'coef': 8.509320774672325, 'ci_low': nan, 'ci_high': nan, 'p': nan}}","{'January': {'coef': -0.0032812421132399905, 'ci_low': -0.13595303515708812, 'ci_high': 0.12956680860496395, 'p': 0.9613648481860182}, 'February': {'coef': -8.74588204598944, 'ci_low': -8.866980889047015, 'ci_high': -8.624622285078686, 'p': 0.0}, 'March': {'coef': 0.36277081744462425, 'ci_low': 0.2294752979858039, 'ci_high': 0.49624360706728154, 'p': 9.281334687249862e-08}, 'April': {'coef': -0.8204068231577599, 'ci_low': -0.9550876044792322, 'ci_high': -0.6855429035768967, 'p': 1.469529087739613e-32}, 'May': {'coef': 3.90819054159417, 'ci_low': 3.770013039901854, 'ci_high': 4.046552036922169, 'p': 0.0}, 'June': {'coef': 5.879075514358245, 'ci_low': 5.738186675635859, 'ci_high': 6.020152077738095, 'p': 0.0}, 'July': {'coef': 5.426640857882448, 'ci_low': 5.286190640612776, 'ci_high': 5.5672784336595615, 'p': 0.0}, 'August': {'coef': -4.837036908060732, 'ci_low': -4.957129388579173, 'ci_high': -4.716792683347448, 'p': 0.0}, 'September': {'coef': -2.925967925764572, 'ci_low': -3.048458417890687, 'ci_high': -2.8033226767318897, 'p': 0.0}, 'October': {'coef': -0.6234439961995908, 'ci_low': -0.7489016566562756, 'ci_high': -0.4978277518599028, 'p': 2.921653782476658e-22}, 'November': {'coef': -1.5775652381606942, 'ci_low': -1.7018724365309823, 'ci_high': -1.4531008416834856, 'p': 2.8183524690621575e-134}, 'December': {'coef': 5.052756039150519, 'ci_low': nan, 'ci_high': nan, 'p': nan}}",8814,810238,
aqrean_daqi_pm10_daqipair2,daqi_pair2,-0.5465159599508773,-0.6954889864224656,-0.3973194495469956,7.768272759603577e-13,2.434001892366955,-0.14193815160965517,5.076390923909879,0.06421881763960369,"{'East Midlands': {'coef': 18.964394582851952, 'ci_low': 10.344839080256275, 'ci_high': 28.257264194939324, 'p': 6.034658419035462e-06}, 'East of England': {'coef': 12.488486878320316, 'ci_low': 4.9629613219054125, 'ci_high': 20.553569762263034, 'p': 0.0008653300805575665}, 'London': {'coef': -37.42016513620195, 'ci_low': -40.620221097630846, 'ci_high': -34.04765386514461, 'p': 1.3742416252044578e-68}, 'North East': {'coef': 6.171369527391013, 'ci_low': -3.084971556683991, 'ci_high': 16.31178247979186, 'p': 0.1982048346618862}, 'North West': {'coef': -0.18419251184682572, 'ci_low': -5.6630366457458114, 'ci_high': 5.612848561790784, 'p': 0.9489643951722887}, 'South East': {'coef': -3.231930196464383, 'ci_low': -9.0200645521905, 'ci_high': 2.9244446856485196, 'p': 0.29649308682417996}, 'South West': {'coef': 9.354458647357887, 'ci_low': 1.7644099119787482, 'ci_high': 17.510607455004546, 'p': 0.014829556195445053}, 'West Midlands': {'coef': -1.880020890165024, 'ci_low': -7.863254843433943, 'ci_high': 4.491756075760978, 'p': 0.5543664485859814}, 'Yorkshire and The Humber': {'coef': 8.519491244282552, 'ci_low': nan, 'ci_high': nan, 'p': nan}}","{'January': {'coef': -0.033638854538275975, 'ci_low': -0.16642804774277264, 'ci_high': 0.0993269623158266, 'p': 0.6198273523274571}, 'February': {'coef': -8.677185613313675, 'ci_low': -8.799879462100558, 'ci_high': -8.554326701361948, 'p': 0.0}, 'March': {'coef': 0.6234194201788723, 'ci_low': 0.47273292195588734, 'ci_high': 0.7743319142525351, 'p': 4.36846928502517e-16}, 'April': {'coef': -0.6147083398802322, 'ci_low': -0.7560600559657682, 'ci_high': -0.4731552985787646, 'p': 2.0456974766542463e-17}, 'May': {'coef': 3.836089951597188, 'ci_low': 3.6967512035691374, 'ci_high': 3.975615931013632, 'p': 0.0}, 'June': {'coef': 5.803371845192484, 'ci_low': 5.661212339717947, 'ci_high': 5.945722615981408, 'p': 0.0}, 'July': {'coef': 5.351943704445827, 'ci_low': 5.21024902776841, 'ci_high': 5.493829212164769, 'p': 0.0}, 'August': {'coef': -4.9085789571357346, 'ci_low': -5.029984358646267, 'ci_high': -4.787018356413997, 'p': 0.0}, 'September': {'coef': -2.973231061281534, 'ci_low': -3.0962080150954363, 'ci_high': -2.8500980420458344, 'p': 0.0}, 'October': {'coef': -0.674423601091545, 'ci_low': -0.800453571477, 'ci_high': -0.5482335135079008, 'p': 1.5240891661634246e-25}, 'November': {'coef': -1.6492124898522365, 'ci_low': -1.7748026254797766, 'ci_high': -1.5234617754466662, 'p': 1.6087362484111552e-143}, 'December': {'coef': 4.998576546453437, 'ci_low': nan, 'ci_high': nan, 'p': nan}}",8814,810238,
aqrean_sulfur_dioxide_high_vs_not,binary_simple,-0.932934862662893,-1.0495248618131559,-0.8162074894587534,7.194336605218471e-55,2.478720982213356,-0.09953549075369938,5.12351775079416,0.059651051597633294,"{'East Midlands': {'coef': 18.862157191566496, 'ci_low': 10.25210422874232, 'ci_high': 28.1446055933823, 'p': 6.6716037034489615e-06}, 'East of England': {'coef': 12.297308394837136, 'ci_low': 4.780522922850117, 'ci_high': 20.35333591540105, 'p': 0.0010342998218397601}, 'London': {'coef': -37.30919146944902, 'ci_low': -40.51763685189874, 'ci_high': -33.92768433848518, 'p': 5.710135890543848e-68}, 'North East': {'coef': 6.350887176334452, 'ci_low': -2.9303525395622088, 'ci_high': 16.519545492355768, 'p': 0.18630090703318292}, 'North West': {'coef': -0.20894991044867472, 'ci_low': -5.688761327636382, 'ci_high': 5.589257634185296, 'p': 0.942134082327419}, 'South East': {'coef': -3.1394743901194344, 'ci_low': -8.935943497563903, 'ci_high': 3.0259553742957523, 'p': 0.3109977089952408}, 'South West': {'coef': 9.635871653039075, 'ci_low': 2.019049709680054, 'ci_high': 17.821371472558823, 'p': 0.01227734389102912}, 'West Midlands': {'coef': -1.736792959901412, 'ci_low': -7.7298932266402165, 'ci_high': 4.645569355654655, 'p': 0.5852831785600108}, 'Yorkshire and The Humber': {'coef': 7.90958813580207, 'ci_low': nan, 'ci_high': nan, 'p': nan}}","{'January': {'coef': -0.319925938515464, 'ci_low': -0.4474452679939067, 'ci_high': -0.1922432663741036, 'p': 9.284542014115478e-07}, 'February': {'coef': -8.683637221700591, 'ci_low': -8.804553700129414, 'ci_high': -8.562560419534693, 'p': 0.0}, 'March': {'coef': 0.5144366133759792, 'ci_low': 0.3807643120198545, 'ci_high': 0.6482869197938612, 'p': 4.117049228352181e-14}, 'April': {'coef': -0.7771226304528533, 'ci_low': -0.9086912707133132, 'ci_high': -0.6453792997243468, 'p': 9.990419839566703e-31}, 'May': {'coef': 3.8294445028311808, 'ci_low': 3.690819394136624, 'ci_high': 3.9682549405728906, 'p': 0.0}, 'June': {'coef': 5.838068110096972, 'ci_low': 5.697147017528459, 'ci_high': 5.97917708620721, 'p': 0.0}, 'July': {'coef': 5.401284882308777, 'ci_low': 5.260928607254156, 'ci_high': 5.5418283102244725, 'p': 0.0}, 'August': {'coef': -4.913923579756341, 'ci_low': -5.034607688096071, 'ci_high': -4.7930861033985135, 'p': 0.0}, 'September': {'coef': -2.903758025770198, 'ci_low': -3.0259850659120957, 'ci_high': -2.7813769294169344, 'p': 0.0}, 'October': {'coef': -0.6438494620590762, 'ci_low': -0.769227916813553, 'ci_high': -0.5183125911541908, 'p': 1.1705046942928193e-23}, 'November': {'coef': -1.4343933756396643, 'ci_low': -1.5591765038159178, 'ci_high': -1.3094520729528325, 'p': 1.1179095924644564e-110}, 'December': {'coef': 5.185273224073472, 'ci_low': nan, 'ci_high': nan, 'p': nan}}",8825,818811,
aqrean_daqi_sulfur_dioxide_daqipair1,daqi_pair1,,,,,,,,,{},{},8814,810238,Singular matrix
aqrean_daqi_sulfur_dioxide_daqipair2,daqi_pair2,11.649161315648126,-4.722669424509752,30.83421992612303,0.17319947215198106,2.4381719520632172,-0.13778790439559208,5.080579056613566,0.06376027620947936,"{'East Midlands': {'coef': 18.95816777654391, 'ci_low': 10.339336400948174, 'ci_high': 28.250233709315342, 'p': 6.069429306122836e-06}, 'East of England': {'coef': 12.477288167958678, 'ci_low': 4.9527495191246995, 'ci_high': 20.541295121693803, 'p': 0.0008737899591811834}, 'London': {'coef': -37.44117161212201, 'ci_low': -40.64003509951258, 'ci_high': -34.06992379754873, 'p': 1.0898193079336993e-68}, 'North East': {'coef': 6.208521095074548, 'ci_low': -3.0507480334000747, 'ci_high': 16.3521092157479, 'p': 0.19558062015985112}, 'North West': {'coef': -0.18134370024288637, 'ci_low': -5.660160275916426, 'ci_high': 5.615656912605904, 'p': 0.9497516671268857}, 'South East': {'coef': -3.23458444754241, 'ci_low': -9.022373295636966, 'ci_high': 2.9214103096707023, 'p': 0.2960739188115181}, 'South West': {'coef': 9.387440183049023, 'ci_low': 1.7953509686805758, 'ci_high': 17.545761726206877, 'p': 0.014492670089324419}, 'West Midlands': {'coef': -1.8890111114835406, 'ci_low': -7.871501575687168, 'ci_high': 4.481960580205735, 'p': 0.5524424159510533}, 'Yorkshire and The Humber': {'coef': 8.511540901220549, 'ci_low': nan, 'ci_high': nan, 'p': nan}}","{'January': {'coef': -0.00600855645980225, 'ci_low': -0.13862449934376464, 'ci_high': 0.12678350044441622, 'p': 0.9292882373272185}, 'February': {'coef': -8.748287764929819, 'ci_low': -8.869338841539054, 'ci_high': -8.627075893227465, 'p': 0.0}, 'March': {'coef': 0.3678384253366751, 'ci_low': 0.23470336059776553, 'ci_high': 0.5011503244939153, 'p': 5.9092277137261116e-08}, 'April': {'coef': -0.7993753559196848, 'ci_low': -0.9311469814840434, 'ci_high': -0.6674284607244174, 'p': 2.5934757953253386e-32}, 'May': {'coef': 3.9057278633506165, 'ci_low': 3.767594727879997, 'ci_high': 4.044044878607278, 'p': 0.0}, 'June': {'coef': 5.876661738290712, 'ci_low': 5.735814882865564, 'ci_high': 6.017696210718726, 'p': 0.0}, 'July': {'coef': 5.424326417658576, 'ci_low': 5.283915092848446, 'ci_high': 5.5649250012737905, 'p': 0.0}, 'August': {'coef': -4.83973213191915, 'ci_low': -4.959764918226872, 'ci_high': -4.719547748029873, 'p': 0.0}, 'September': {'coef': -2.9286294060148155, 'ci_low': -3.051062670182114, 'ci_high': -2.806041525359848, 'p': 0.0}, 'October': {'coef': -0.6260832031823926, 'ci_low': -0.7514857624752236, 'ci_high': -0.5005221951510763, 'p': 1.873269977875346e-22}, 'November': {'coef': -1.5800922266480888, 'ci_low': -1.7043482822388434, 'ci_high': -1.4556790983172863, 'p': 8.317392889611017e-135}, 'December': {'coef': 5.049345996210497, 'ci_low': nan, 'ci_high': nan, 'p': nan}}",8814,810238,
hydro_rain_values,continuous,-0.19821023413706396,-0.23691145516813172,-0.15949399969240607,1.1698487366448522e-23,2.068073768385692,-0.9253933849900475,5.151986353789839,0.1777189262049298,"{'East Midlands': {'coef': 9.96885775966132, 'ci_low': 0.7980789359618878, 'ci_high': 19.97400947142587, 'p': 0.032445073881809276}, 'East of England': {'coef': 7.161946482710113, 'ci_low': -1.1908683084676408, 'ci_high': 16.220865191018994, 'p': 0.09479694139389169}, 'London': {'coef': -38.594072162310155, 'ci_low': -42.275816096285425, 'ci_high': -34.67750051006044, 'p': 6.608693113572847e-54}, 'North East': {'coef': 10.944991205387321, 'ci_low': -0.4475544979739787, 'ci_high': 23.641272813463665, 'p': 0.060268636528423146}, 'North West': {'coef': -0.7031512668031481, 'ci_low': -7.07043799745648, 'ci_high': 6.1004050365965234, 'p': 0.8346916258216583}, 'South East': {'coef': -1.5569643172034353, 'ci_low': -8.41087924355033, 'ci_high': 5.809851589408543, 'p': 0.669971898943883}, 'South West': {'coef': 22.010110272323512, 'ci_low': 11.930665567985876, 'ci_high': 32.99721692106448, 'p': 6.126914381283459e-06}, 'West Midlands': {'coef': -3.2630795195662587, 'ci_low': -10.104259134868732, 'ci_high': 4.098722519873599, 'p': 0.3753338637082073}, 'Yorkshire and The Humber': {'coef': 7.96006895393766, 'ci_low': nan, 'ci_high': nan, 'p': nan}}","{'January': {'coef': -0.029816757913658787, 'ci_low': -0.1434977710456642, 'ci_high': 0.08399367465983243, 'p': 0.6074624089193941}, 'February': {'coef': -8.441951895525024, 'ci_low': -8.546039272822236, 'ci_high': -8.33774605225841, 'p': 0.0}, 'March': {'coef': 0.6491736656281555, 'ci_low': 0.5346348930328038, 'ci_high': 0.7638429318632678, 'p': 8.178874120939958e-29}, 'April': {'coef': -1.4474359111486201, 'ci_low': -1.5609181441658238, 'ci_high': -1.3338228539001462, 'p': 8.376732185458452e-136}, 'May': {'coef': 3.3156737896007593, 'ci_low': 3.198112288286503, 'ci_high': 3.4333692149402184, 'p': 0.0}, 'June': {'coef': 5.231062650785923, 'ci_low': 5.111353433174393, 'ci_high': 5.350908202830529, 'p': 0.0}, 'July': {'coef': 4.473674812278627, 'ci_low': 4.354789839558504, 'ci_high': 4.5926952233122265, 'p': 0.0}, 'August': {'coef': -4.276705635548373, 'ci_low': -4.382208935954745, 'ci_high': -4.171085924312246, 'p': 0.0}, 'September': {'coef': -2.43560407839305, 'ci_low': -2.54280598617338, 'ci_high': -2.3282842496203604, 'p': 0.0}, 'October': {'coef': -0.09043384625088136, 'ci_low': -0.20154440358508552, 'ci_high': 0.020800415963107, 'p': 0.11102042086843823}, 'November': {'coef': -0.769630479454031, 'ci_low': -0.8791607090363973, 'ci_high': -0.6599792170870589, 'p': 8.691930244211753e-43}, 'December': {'coef': 4.731452538369951, 'ci_low': nan, 'ci_high': nan, 'p': nan}}",9104,1241044,
met_rain_values,continuous,-0.19306493408294267,-0.23350041489119677,-0.15261306472628133,9.000510263401957e-21,2.7169295891695366,-0.6082980132561921,6.15340529769377,0.11036258276101137,"{'East Midlands': {'coef': 10.415267487071134, 'ci_low': 1.0464609832872007, 'ci_high': 20.652729206002718, 'p': 0.028518632198705537}, 'East of England': {'coef': -0.8448326076540669, 'ci_low': -9.136542457870544, 'ci_high': 8.20353403397165, 'p': 0.8489822872411197}, 'London': {'coef': -38.75845169790787, 'ci_low': -42.497172959187445, 'ci_high': -34.77664609819007, 'p': 1.4817225627405876e-52}, 'North East': {'coef': 10.68232217601144, 'ci_low': -0.6681134499144759, 'ci_high': 23.329747050534078, 'p': 0.06598416706550278}, 'North West': {'coef': 12.508609919024295, 'ci_low': -1.7765766605987277, 'ci_high': 28.871371772210217, 'p': 0.08890129414447547}, 'South East': {'coef': -4.140258375920059, 'ci_low': -11.504801890284522, 'ci_high': 3.8371602134030125, 'p': 0.2998537363913383}, 'South West': {'coef': 21.30890938456691, 'ci_low': 11.279151112774489, 'ci_high': 32.242664945920275, 'p': 1.1482958978161101e-05}, 'West Midlands': {'coef': -3.3934616787863914, 'ci_low': -10.631995689139572, 'ci_high': 4.4313713658026055, 'p': 0.38495671821813027}, 'Yorkshire and The Humber': {'coef': 6.612926104296468, 'ci_low': nan, 'ci_high': nan, 'p': nan}}","{'January': {'coef': -0.15344964964549845, 'ci_low': -0.2757680404841145, 'ci_high': -0.03098122718023788, 'p': 0.01407272005895015}, 'February': {'coef': -8.523842787752745, 'ci_low': -8.635959759131485, 'ci_high': -8.411588232536449, 'p': 0.0}, 'March': {'coef': 0.5886976206325389, 'ci_low': 0.4654050084044181, 'ci_high': 0.7121415393549713, 'p': 6.586264531966047e-21}, 'April': {'coef': -1.2659644669010262, 'ci_low': -1.3881925033332299, 'ci_high': -1.1435849304277101, 'p': 2.2620139001654293e-90}, 'May': {'coef': 3.48862001062471, 'ci_low': 3.361895747216437, 'ci_high': 3.6154996411420948, 'p': 0.0}, 'June': {'coef': 5.791302280464761, 'ci_low': 5.661749066707689, 'ci_high': 5.921014341064157, 'p': 0.0}, 'July': {'coef': 4.766234151966309, 'ci_low': 4.637857153525049, 'ci_high': 4.894768652235104, 'p': 0.0}, 'August': {'coef': -4.563265074112199, 'ci_low': -4.676316364767052, 'ci_high': -4.4500797077079435, 'p': 0.0}, 'September': {'coef': -2.6159949880567024, 'ci_low': -2.731229422137005, 'ci_high': -2.500624035598331, 'p': 0.0}, 'October': {'coef': -0.24845879955399663, 'ci_low': -0.36812167783037975, 'ci_high': -0.1286522001646806, 'p': 4.864982120985255e-05}, 'November': {'coef': -0.8645754422614282, 'ci_low': -0.9826967472174153, 'ci_high': -0.7463132261492533, 'p': 3.1316350195686808e-46}, 'December': {'coef': 4.574878271202154, 'ci_low': nan, 'ci_high': nan, 'p': nan}}",7635,1094756,
met_tmax_values,continuous,1.7148598721913544,1.5835428665694096,1.8463466312544474,9.684755034540395e-147,2.6997379932444554,-0.6250401769203662,6.135752936742178,0.11261583227290042,"{'East Midlands': {'coef': 10.493893815805567, 'ci_low': 1.1181232943751285, 'ci_high': 20.738994878652516, 'p': 0.027402190146620334}, 'East of England': {'coef': -0.980485085354077, 'ci_low': -9.261107706488803, 'ci_high': 8.055808111655093, 'p': 0.824986690370265}, 'London': {'coef': -39.00520131625309, 'ci_low': -42.72910423604899, 'ci_high': -35.039160522217884, 'p': 2.180156197595012e-53}, 'North East': {'coef': 11.073017687701547, 'ci_low': -0.3179324149105822, 'ci_high': 23.76564368231342, 'p': 0.05713427495710259}, 'North West': {'coef': 12.807233002246065, 'ci_low': -1.516321277895749, 'ci_high': 29.214017822496864, 'p': 0.08196012417153344}, 'South East': {'coef': -4.3420522879230266, 'ci_low': -11.691344399213556, 'ci_high': 3.618868368379524, 'p': 0.2764288355335427}, 'South West': {'coef': 21.062925297493628, 'ci_low': 11.053195496822354, 'ci_high': 31.974877589235074, 'p': 1.4187432260401868e-05}, 'West Midlands': {'coef': -3.3540272835797746, 'ci_low': -10.5957583767186, 'ci_high': 4.4742830173589265, 'p': 0.3906166955250975}, 'Yorkshire and The Humber': {'coef': 6.852976076287165, 'ci_low': nan, 'ci_high': nan, 'p': nan}}","{'January': {'coef': 2.0176110089349164, 'ci_low': 1.8064216958844526, 'ci_high': 2.229238417394308, 'p': 1.3097154790439207e-79}, 'February': {'coef': -6.744540277987154, 'ci_low': -6.919235435006465, 'ci_high': -6.569517250886103, 'p': 0.0}, 'March': {'coef': 1.8136505373725464, 'ci_low': 1.660673272123936, 'ci_high': 1.966858000227889, 'p': 2.1872709230055425e-121}, 'April': {'coef': -0.9292865478657264, 'ci_low': -1.0517127056962283, 'ci_high': -0.8067089153151352, 'p': 1.4914861086268286e-49}, 'May': {'coef': 2.736970967027408, 'ci_low': 2.598122136484182, 'ci_high': 2.876007705471295, 'p': 0.0}, 'June': {'coef': 4.012572308162099, 'ci_low': 3.8265500892030957, 'ci_high': 4.198927816303066, 'p': 0.0}, 'July': {'coef': 2.278552364806785, 'ci_low': 2.0527814658310106, 'ci_high': 2.50482273570376, 'p': 7.873952284208312e-89}, 'August': {'coef': -6.57862301997455, 'ci_low': -6.766622211703277, 'ci_high': -6.390244739802087, 'p': 0.0}, 'September': {'coef': -3.9657548223548167, 'ci_low': -4.118672968327308, 'ci_high': -3.812592791988023, 'p': 0.0}, 'October': {'coef': -0.503318440478806, 'ci_low': -0.6216631722418486, 'ci_high': -0.38483277784508996, 'p': 9.591206198056293e-17}, 'November': {'coef': 0.3139324071069538, 'ci_low': 0.16192907605447893, 'ci_high': 0.4661664147534772, 'p': 5.0958359827730365e-05}, 'December': {'coef': 6.4779971973141, 'ci_low': nan, 'ci_high': nan, 'p': nan}}",7635,1094756,
met_tmin_values,continuous,1.1390318342324957,1.016507658838628,1.2617046207187732,6.53522776227437e-75,2.7433710422925195,-0.5835946810375692,6.181673530301435,0.10707936499861835,"{'East Midlands': {'coef': 10.495501963366682, 'ci_low': 1.1174755972438444, 'ci_high': 20.743282820533125, 'p': 0.027416178902309712}, 'East of England': {'coef': -0.9103461351431363, 'ci_low': -9.19873003403774, 'ci_high': 8.134605460229793, 'p': 0.8374195816266969}, 'London': {'coef': -38.90285251278717, 'ci_low': -42.63375503223903, 'ci_high': -34.92930497416984, 'p': 5.117993258477491e-53}, 'North East': {'coef': 10.992061475272742, 'ci_low': -0.3931172627737345, 'ci_high': 23.678578949510975, 'p': 0.05894123667731851}, 'North West': {'coef': 12.806083605273976, 'ci_low': -1.5205239719936037, 'ci_high': 29.216898907353706, 'p': 0.08205914177923582}, 'South East': {'coef': -4.43379789879883, 'ci_low': -11.777760538158333, 'ci_high': 3.521504778824336, 'p': 0.2662964103642296}, 'South West': {'coef': 21.09430164668624, 'ci_low': 11.07969972817131, 'ci_high': 32.01178907742124, 'p': 1.387734738194568e-05}, 'West Midlands': {'coef': -3.250543863543076, 'ci_low': -10.50170100668617, 'ci_high': 4.588102433092023, 'p': 0.4057647422173134}, 'Yorkshire and The Humber': {'coef': 6.636320039684662, 'ci_low': nan, 'ci_high': nan, 'p': nan}}","{'January': {'coef': 1.1802843260021012, 'ci_low': 0.986589166510421, 'ci_high': 1.3743509983364488, 'p': 3.477678472427999e-33}, 'February': {'coef': -7.359362773724065, 'ci_low': -7.5242226300066495, 'ci_high': -7.194209015914133, 'p': 0.0}, 'March': {'coef': 1.6376202036845866, 'ci_low': 1.4739822739157526, 'ci_high': 1.801522017568935, 'p': 6.8036995023821985e-87}, 'April': {'coef': -0.600481945952358, 'ci_low': -0.7365287124743936, 'ci_high': -0.4642487188679323, 'p': 6.7575923324465515e-18}, 'May': {'coef': 3.2335483911617002, 'ci_low': 3.1036740544979624, 'ci_high': 3.3635863237736707, 'p': 0.0}, 'June': {'coef': 4.699963380086802, 'ci_low': 4.525325782865086, 'ci_high': 4.874892756263849, 'p': 0.0}, 'July': {'coef': 3.1237922042591126, 'ci_low': 2.907090588769634, 'ci_high': 3.3409501497243754, 'p': 1.2089361512356788e-180}, 'August': {'coef': -5.993586624543035, 'ci_low': -6.182592645603069, 'ci_high': -5.8041998289870556, 'p': 0.0}, 'September': {'coef': -3.5636442437878335, 'ci_low': -3.7165011026905836, 'ci_high': -3.410544713819108, 'p': 0.0}, 'October': {'coef': -0.7095243391250006, 'ci_low': -0.8333819196210901, 'ci_high': -0.5855120624161714, 'p': 5.060535392617662e-29}, 'November': {'coef': -0.34236304738617385, 'ci_low': -0.4760480186969951, 'ci_high': -0.20849850451294394, 'p': 5.515788120483412e-07}, 'December': {'coef': 5.613903400871179, 'ci_low': nan, 'ci_high': nan, 'p': nan}}",7635,1094756,
aqrean_carbon_monoxide_values,continuous,1.0395202993553232,0.9841315354234048,1.0949394434580872,4.271101706663838e-299,2.555024246816018,-0.02647357498537506,5.203181025666015,0.05242727400478862,"{'East Midlands': {'coef': 18.96295796387333, 'ci_low': 10.341301090970067, 'ci_high': 28.2582788818724, 'p': 6.078089366574042e-06}, 'East of England': {'coef': 12.554350858033935, 'ci_low': 5.016544975402759, 'ci_high': 20.633200226122916, 'p': 0.0008259378078869354}, 'London': {'coef': -37.79427322176529, 'ci_low': -40.97954840552273, 'ci_high': -34.43709189831965, 'p': 4.0891026469466866e-70}, 'North East': {'coef': 6.439674618244151, 'ci_low': -2.8538729738443402, 'ci_high': 16.62229550116141, 'p': 0.18062767244789513}, 'North West': {'coef': -0.32400162813093214, 'ci_low': -5.80027347965556, 'ci_high': 5.470631587057784, 'p': 0.9103776295013964}, 'South East': {'coef': -3.0885654488581493, 'ci_low': -8.891012534193665, 'ci_high': 3.08342138348372, 'p': 0.31928786423291156}, 'South West': {'coef': 10.303684121235722, 'ci_low': 2.636559716076947, 'ci_high': 18.543555672312074, 'p': 0.007631369498003102}, 'West Midlands': {'coef': -1.804855959154561, 'ci_low': -7.7968505872510026, 'ci_high': 4.576539680206815, 'p': 0.5707365577165275}, 'Yorkshire and The Humber': {'coef': 7.806862064555764, 'ci_low': nan, 'ci_high': nan, 'p': nan}}","{'January': {'coef': -1.1875690850777443, 'ci_low': -1.3163504081824096, 'ci_high': -1.0586197034421096, 'p': 4.4227700989186526e-72}, 'February': {'coef': -8.872914785404307, 'ci_low': -8.993761917384868, 'ci_high': -8.751907180585672, 'p': 0.0}, 'March': {'coef': 0.19002419059326314, 'ci_low': 0.056981150770818445, 'ci_high': 0.3232441341183723, 'p': 0.005107152871952974}, 'April': {'coef': -0.38136310585052957, 'ci_low': -0.5147802379044997, 'ci_high': -0.2477670514283048, 'p': 2.2973676022851146e-08}, 'May': {'coef': 4.605351039677608, 'ci_low': 4.462407206439911, 'ci_high': 4.7484904738018585, 'p': 0.0}, 'June': {'coef': 6.4927504544888714, 'ci_low': 6.348269002575413, 'ci_high': 6.637428194411021, 'p': 0.0}, 'July': {'coef': 6.017699451254299, 'ci_low': 5.873887608635986, 'ci_high': 6.161706638036746, 'p': 0.0}, 'August': {'coef': -4.366639261069071, 'ci_low': -4.488978327156568, 'ci_high': -4.244143492154729, 'p': 0.0}, 'September': {'coef': -2.9437596304041302, 'ci_low': -3.065856175377746, 'ci_high': -2.8215092947670217, 'p': 0.0}, 'October': {'coef': -0.7455232556111469, 'ci_low': -0.8707217737510264, 'ci_high': -0.6201666139660333, 'p': 3.2573232602760826e-31}, 'November': {'coef': -2.1131071244080313, 'ci_low': -2.2400821472179477, 'ci_high': -1.9859671806696566, 'p': 3.5708352757912085e-228}, 'December': {'coef': 4.475873282319376, 'ci_low': nan, 'ci_high': nan, 'p': nan}}",8825,818811,
aqrean_daqi_overall_values,continuous,-0.1381171536246284,-0.1871649965962452,-0.08904520863346477,3.507128623136061e-08,2.4362337433321724,-0.1397552475435937,5.078672794465278,0.06397707388730887,"{'East Midlands': {'coef': 18.965433847863, 'ci_low': 10.345817190639961, 'ci_high': 28.25836820039218, 'p': 6.027946068827733e-06}, 'East of England': {'coef': 12.49837689113107, 'ci_low': 4.972201036621771, 'ci_high': 20.564155825633314, 'p': 0.000857610275956561}, 'London': {'coef': -37.41681542028316, 'ci_low': -40.61703593754077, 'ci_high': -34.044131107713724, 'p': 1.422379244383834e-68}, 'North East': {'coef': 6.163924407942378, 'ci_low': -3.0917545891178677, 'ci_high': 16.30361067738071, 'p': 0.19873007089508654}, 'North West': {'coef': -0.19256283077201397, 'ci_low': -5.670937280552191, 'ci_high': 5.603980651401375, 'p': 0.9466462167895531}, 'South East': {'coef': -3.2277718009997014, 'ci_low': -9.01614910297469, 'ci_high': 2.9288610920465086, 'p': 0.2971248288217403}, 'South West': {'coef': 9.369049996096535, 'ci_low': 1.7780038793560493, 'ci_high': 17.52626934231778, 'p': 0.01468094485175599}, 'West Midlands': {'coef': -1.8840092770830208, 'ci_low': -7.866989675674829, 'ci_high': 4.487496953063874, 'p': 0.5535177313890997}, 'Yorkshire and The Humber': {'coef': 8.505174513317137, 'ci_low': nan, 'ci_high': nan, 'p': nan}}","{'January': {'coef': -0.035292306716239175, 'ci_low': -0.16827245584319916, 'ci_high': 0.09786497768120572, 'p': 0.6032535617190908}, 'February': {'coef': -8.73491586597468, 'ci_low': -8.856076558655223, 'ci_high': -8.61359411029734, 'p': 0.0}, 'March': {'coef': 0.5538898617535315, 'ci_low': 0.4050091800725353, 'ci_high': 0.7029913039081181, 'p': 2.7415799169434376e-13}, 'April': {'coef': -0.6715214339148456, 'ci_low': -0.8110697655118737, 'ci_high': -0.5317767725781408, 'p': 5.8197668466663205e-21}, 'May': {'coef': 3.9185408481732242, 'ci_low': 3.7803173181068184, 'ci_high': 4.0569484761953545, 'p': 0.0}, 'June': {'coef': 5.858603114460981, 'ci_low': 5.717637811902998, 'ci_high': 5.9997563820259, 'p': 0.0}, 'July': {'coef': 5.467445655902137, 'ci_low': 5.3261443507626405, 'ci_high': 5.608936525170827, 'p': 0.0}, 'August': {'coef': -4.887983489998094, 'ci_low': -5.009167099329503, 'ci_high': -4.766645281883597, 'p': 0.0}, 'September': {'coef': -2.9813801623818637, 'ci_low': -3.1051662170344607, 'ci_high': -2.8574359673338656, 'p': 0.0}, 'October': {'coef': -0.7035822948296855, 'ci_low': -0.8318644117305651, 'ci_high': -0.5751342344892163, 'p': 9.654863628615687e-27}, 'November': {'coef': -1.6573193082300208, 'ci_low': -1.7844613275800558, 'ci_high': -1.5300127009410303, 'p': 1.9625400745967468e-141}, 'December': {'coef': 4.9717048152271515, 'ci_low': nan, 'ci_high': nan, 'p': nan}}",8814,810238,
aqrean_nitrogen_monoxide_values,continuous,0.37931812592126857,0.3159364170386425,0.4427398806945648,7.21131477510768e-32,2.507946620515411,-0.07096476450663136,5.153413075504054,0.05673362762888268,"{'East Midlands': {'coef': 18.912199749403968, 'ci_low': 10.298828082949685, 'ci_high': 28.198200243869785, 'p': 6.330386628180959e-06}, 'East of England': {'coef': 12.351060093236699, 'ci_low': 4.830860323369635, 'ci_high': 20.410732728291126, 'p': 0.000985451468090085}, 'London': {'coef': -37.509957020749475, 'ci_low': -40.70832937938819, 'ci_high': -34.13905476647061, 'p': 7.142876352144703e-69}, 'North East': {'coef': 6.490719059838401, 'ci_low': -2.8024235516725504, 'ci_high': 16.672386907817494, 'p': 0.17706428842736843}, 'North West': {'coef': -0.24622847844513185, 'ci_low': -5.723819401127805, 'ci_high': 5.549618891684394, 'p': 0.9318186095143757}, 'South East': {'coef': -3.171856159132913, 'ci_low': -8.966197521940355, 'ci_high': 2.991297566937434, 'p': 0.3059366379599914}, 'South West': {'coef': 9.8397917383505, 'ci_low': 2.208983173122858, 'ci_high': 18.040307951099898, 'p': 0.010627486960113489}, 'West Midlands': {'coef': -1.7611734567911874, 'ci_low': -7.752582940439079, 'ci_high': 4.619374159337619, 'p': 0.5799676314397191}, 'Yorkshire and The Humber': {'coef': 7.919526469847371, 'ci_low': nan, 'ci_high': nan, 'p': nan}}","{'January': {'coef': -0.7922072684648285, 'ci_low': -0.9246819609569967, 'ci_high': -0.6595554426109151, 'p': 1.8933823704651576e-31}, 'February': {'coef': -8.871497958171881, 'ci_low': -8.995124440155855, 'ci_high': -8.747703534558926, 'p': 0.0}, 'March': {'coef': 0.3656029882956213, 'ci_low': 0.23251973636035927, 'ci_high': 0.49886294088645755, 'p': 7.021588257268834e-08}, 'April': {'coef': -0.6212937970019539, 'ci_low': -0.7548297687606786, 'ci_high': -0.4875781504468546, 'p': 1.0417982839855136e-19}, 'May': {'coef': 4.1886826762125295, 'ci_low': 4.044973347533243, 'ci_high': 4.332590499547395, 'p': 0.0}, 'June': {'coef': 6.199056782548773, 'ci_low': 6.050737376251325, 'ci_high': 6.347583623955377, 'p': 0.0}, 'July': {'coef': 5.741348155713677, 'ci_low': 5.593583374118527, 'ci_high': 5.889319715315411, 'p': 0.0}, 'August': {'coef': -4.60066030991666, 'ci_low': -4.724773516681891, 'ci_high': -4.476385423261897, 'p': 0.0}, 'September': {'coef': -2.849339338570822, 'ci_low': -2.971704210875803, 'ci_high': -2.7268201487870902, 'p': 0.0}, 'October': {'coef': -0.6725259006752471, 'ci_low': -0.798595166813143, 'ci_high': -0.546296420476966, 'p': 2.1466027891348296e-25}, 'November': {'coef': -1.8191741364186331, 'ci_low': -1.951718387062784, 'ci_high': -1.686450708963927, 'p': 2.5731019900930134e-156}, 'December': {'coef': 4.8693305588698, 'ci_low': nan, 'ci_high': nan, 'p': nan}}",8825,818811,
aqrean_nitrogen_dioxide_values,continuous,0.7162255071310186,0.6385354681061273,0.7939755206193277,1.9692605764143263e-73,2.5565623554488104,-0.023948858802691486,5.203679902425651,0.05219248913651342,"{'East Midlands': {'coef': 18.997697650088984, 'ci_low': 10.376959620900305, 'ci_high': 28.29173855356546, 'p': 5.811406947743011e-06}, 'East of England': {'coef': 12.36765157554245, 'ci_low': 4.8453394824441665, 'ci_high': 20.42966509462014, 'p': 0.0009724780361269895}, 'London': {'coef': -37.72895993013184, 'ci_low': -40.91660811656577, 'ci_high': -34.369332772339554, 'p': 7.422257180297007e-70}, 'North East': {'coef': 6.621166627360031, 'ci_low': -2.684639883041362, 'ci_high': 16.81684329500022, 'p': 0.16884381323971298}, 'North West': {'coef': -0.3327525345197868, 'ci_low': -5.806408107385641, 'ci_high': 5.458980995968954, 'p': 0.907926859052159}, 'South East': {'coef': -3.337724815159382, 'ci_low': -9.122955093918407, 'ci_high': 2.8157930703639256, 'p': 0.28099568026697397}, 'South West': {'coef': 10.30303152497767, 'ci_low': 2.63874957478758, 'ci_high': 18.53962381658718, 'p': 0.0076121168214979655}, 'West Midlands': {'coef': -1.7524715058069629, 'ci_low': -7.745220301009215, 'ci_high': 4.629558346047036, 'p': 0.5819103160050882}, 'Yorkshire and The Humber': {'coef': 7.887722893149918, 'ci_low': nan, 'ci_high': nan, 'p': nan}}","{'January': {'coef': -0.8509236720154911, 'ci_low': -0.9803195989616764, 'ci_high': -0.7213586543810435, 'p': 1.1787644059256044e-37}, 'February': {'coef': -9.039368626379861, 'ci_low': -9.164918965389857, 'ci_high': -8.913644754331251, 'p': 0.0}, 'March': {'coef': 0.1236992383184754, 'ci_low': -0.01241940994919366, 'ci_high': 0.26000319246410886, 'p': 0.07490802577664091}, 'April': {'coef': -0.7578964856548964, 'ci_low': -0.8894430572930379, 'ci_high': -0.6261753160622829, 'p': 2.5403212502690163e-29}, 'May': {'coef': 4.219656713505926, 'ci_low': 4.078427436125098, 'ci_high': 4.361077632029708, 'p': 0.0}, 'June': {'coef': 6.41177546780809, 'ci_low': 6.260936942988016, 'ci_high': 6.562828109510832, 'p': 0.0}, 'July': {'coef': 6.018898277116924, 'ci_low': 5.865887650082624, 'ci_high': 6.172130054254477, 'p': 0.0}, 'August': {'coef': -4.411252475104488, 'ci_low': -4.538302408232786, 'ci_high': -4.284033451273695, 'p': 0.0}, 'September': {'coef': -2.7498478389762604, 'ci_low': -2.873017368144559, 'ci_high': -2.6265221149740947, 'p': 0.0}, 'October': {'coef': -0.6045877648782505, 'ci_low': -0.7297623051007895, 'ci_high': -0.47925538615463115, 'p': 4.0263106529038984e-21}, 'November': {'coef': -1.913954307724941, 'ci_low': -2.0441566276632295, 'ci_high': -1.7835789236433253, 'p': 7.69182415791005e-179}, 'December': {'coef': 4.720515707352058, 'ci_low': nan, 'ci_high': nan, 'p': nan}}",8825,818811,
aqrean_daqi_nitrogen_dioxide_values,continuous,0.12171147407278315,0.0663992456509277,0.17705427661975914,1.6016533709618503e-05,2.4508915535050635,-0.12544231992944743,5.0936837560835,0.06241052561218523,"{'East Midlands': {'coef': 18.98544109291096, 'ci_low': 10.36448105545118, 'ci_high': 28.279814816157334, 'p': 5.902647264818164e-06}, 'East of England': {'coef': 12.498732261928724, 'ci_low': 4.972629794889927, 'ci_high': 20.564425081757953, 'p': 0.0008571973406689439}, 'London': {'coef': -37.50570995418776, 'ci_low': -40.70143027808071, 'ci_high': -34.13776577335466, 'p': 5.618981765949617e-69}, 'North East': {'coef': 6.252068438909086, 'ci_low': -3.0111635456251507, 'ci_high': 16.400015303383796, 'p': 0.19256478091227713}, 'North West': {'coef': -0.20294765342093735, 'ci_low': -5.680683121406849, 'ci_high': 5.592915498800166, 'p': 0.9437698714064657}, 'South East': {'coef': -3.252825671293713, 'ci_low': -9.039627672487105, 'ci_high': 2.9021265094134607, 'p': 0.2933222754455225}, 'South West': {'coef': 9.445055806813718, 'ci_low': 1.8488008540516132, 'ci_high': 17.607867153205348, 'p': 0.013928340034610678}, 'West Midlands': {'coef': -1.8888846247042124, 'ci_low': -7.871478162625323, 'ci_high': 4.482203428554454, 'p': 0.552475813573698}, 'Yorkshire and The Humber': {'coef': 8.520166404654116, 'ci_low': nan, 'ci_high': nan, 'p': nan}}","{'January': {'coef': -0.09559812379034138, 'ci_low': -0.23417783763927114, 'ci_high': 0.043174084208130736, 'p': 0.17686151245515325}, 'February': {'coef': -8.800349424293207, 'ci_low': -8.923609165288827, 'ci_high': -8.676922867686976, 'p': 0.0}, 'March': {'coef': 0.3226094295444515, 'ci_low': 0.18796737635411453, 'ci_high': 0.4574324274426278, 'p': 2.594153206375305e-06}, 'April': {'coef': -0.791528924781848, 'ci_low': -0.9233581035705263, 'ci_high': -0.6595243370163595, 'p': 1.0865718587617193e-31}, 'May': {'coef': 3.946451316058419, 'ci_low': 3.807030935578992, 'ci_high': 4.086058948232796, 'p': 0.0}, 'June': {'coef': 5.945025296190498, 'ci_low': 5.8007059854414456, 'ci_high': 6.089541468229487, 'p': 0.0}, 'July': {'coef': 5.4981146428560335, 'ci_low': 5.353661648202013, 'ci_high': 5.642765700561081, 'p': 0.0}, 'August': {'coef': -4.778546607421719, 'ci_low': -4.9018319167731805, 'ci_high': -4.655101470937851, 'p': 0.0}, 'September': {'coef': -2.894315696335892, 'ci_low': -3.0177807992320616, 'ci_high': -2.770693413785985, 'p': 0.0}, 'October': {'coef': -0.6156386200098729, 'ci_low': -0.7411433562788172, 'ci_high': -0.4899751932284868, 'p': 9.84582003348001e-22}, 'November': {'coef': -1.631072229566266, 'ci_low': -1.7573930327049792, 'ci_high': -1.5045890025485509, 'p': 7.492491347979597e-139}, 'December': {'coef': 4.998777447634395, 'ci_low': nan, 'ci_high': nan, 'p': nan}}",8814,810238,
aqrean_nox_expressed_as_nitrogen_dioxide_values,continuous,0.4613864471327167,0.393421875729727,0.5293970293487549,1.515907917124567e-40,2.5202490647149522,-0.05907625163596997,5.1661428981262025,0.05555501609205553,"{'East Midlands': {'coef': 18.936166838231962, 'ci_low': 10.320730212876716, 'ci_high': 28.224421238653452, 'p': 6.180542967220453e-06}, 'East of England': {'coef': 12.371753635502225, 'ci_low': 4.8498913965369095, 'ci_high': 20.43322932364122, 'p': 0.0009677722640664088}, 'London': {'coef': -37.57202621702114, 'ci_low': -40.76738697717869, 'ci_high': -34.20428862142633, 'p': 3.77933392983171e-69}, 'North East': {'coef': 6.517991270382595, 'ci_low': -2.7778861176058767, 'ci_high': 16.702692537648623, 'p': 0.17532467461246937}, 'North West': {'coef': -0.26872453956907627, 'ci_low': -5.745296216476459, 'ci_high': 5.526057647035421, 'p': 0.9256013578822939}, 'South East': {'coef': -3.1832514662967992, 'ci_low': -8.977128459619987, 'ci_high': 2.9794230615984407, 'p': 0.30419268771947294}, 'South West': {'coef': 9.926515205345599, 'ci_low': 2.289351825890029, 'ci_high': 18.13388714945976, 'p': 0.009992677266885313}, 'West Midlands': {'coef': -1.76930162194473, 'ci_low': -7.760440001324509, 'ci_high': 4.610972818810377, 'p': 0.578219319645745}, 'Yorkshire and The Humber': {'coef': 7.918310572035114, 'ci_low': nan, 'ci_high': nan, 'p': nan}}","{'January': {'coef': -0.8435468566556525, 'ci_low': -0.9767012951087617, 'ci_high': -0.7102133683757561, 'p': 4.5351131952088095e-35}, 'February': {'coef': -8.91508514651842, 'ci_low': -9.039386009299522, 'ci_high': -8.790614422257615, 'p': 0.0}, 'March': {'coef': 0.34157383924053875, 'ci_low': 0.20834909093470078, 'ci_high': 0.47497570685550716, 'p': 4.895451894899815e-07}, 'April': {'coef': -0.6224880224614426, 'ci_low': -0.7555952706958413, 'ci_high': -0.4892022499104365, 'p': 6.771952676371171e-20}, 'May': {'coef': 4.211470341110202, 'ci_low': 4.068088321066887, 'ci_high': 4.355049908778397, 'p': 0.0}, 'June': {'coef': 6.261112769178423, 'ci_low': 6.111538348819456, 'ci_high': 6.410898029070733, 'p': 0.0}, 'July': {'coef': 5.812013653337744, 'ci_low': 5.662547671466811, 'ci_high': 5.961691063763341, 'p': 0.0}, 'August': {'coef': -4.550949631593459, 'ci_low': -4.67607554020023, 'ci_high': -4.425659477828992, 'p': 0.0}, 'September': {'coef': -2.823768705072627, 'ci_low': -2.946332405859864, 'ci_high': -2.7010502253767332, 'p': 0.0}, 'October': {'coef': -0.6714489525379341, 'ci_low': -0.7972764984728875, 'ci_high': -0.5454618084512641, 'p': 2.0719821629760136e-25}, 'November': {'coef': -1.8717065316874115, 'ci_low': -2.004930499216595, 'ci_high': -1.7383014466222702, 'p': 1.324096197150936e-163}, 'December': {'coef': 4.818673385907135, 'ci_low': nan, 'ci_high': nan, 'p': nan}}",8825,818811,
aqrean_ozone_values,continuous,-0.21452583833458938,-0.27904581325786104,-0.1499641186526679,7.631680340678789e-11,2.4759535181701597,-0.10203631568773686,5.120471550785699,0.05991312319510899,"{'East Midlands': {'coef': 18.83957832121652, 'ci_low': 10.231814354764811, 'ci_high': 28.11950395837868, 'p': 6.817503943859296e-06}, 'East of England': {'coef': 12.308075831135223, 'ci_low': 4.791034770846392, 'ci_high': 20.364341515225483, 'p': 0.001023633013552297}, 'London': {'coef': -37.27800138843194, 'ci_low': -40.48790122573311, 'ci_high': -33.89496941199065, 'p': 7.788327235129497e-68}, 'North East': {'coef': 6.34685115177267, 'ci_low': -2.933367182213331, 'ci_high': 16.514320334236366, 'p': 0.18653918370077827}, 'North West': {'coef': -0.21576119963322427, 'ci_low': -5.694822231074714, 'ci_high': 5.58162922258485, 'p': 0.9402450106830802}, 'South East': {'coef': -3.144808730168547, 'ci_low': -8.94056111031295, 'ci_high': 3.019831774716475, 'p': 0.31012881272353}, 'South West': {'coef': 9.659130989961984, 'ci_low': 2.0412392717656713, 'ci_high': 17.84573663837241, 'p': 0.012072038077835127}, 'West Midlands': {'coef': -1.7325668107622372, 'ci_low': -7.725504066444966, 'ci_high': 4.649592803571068, 'p': 0.5861772884487777}, 'Yorkshire and The Humber': {'coef': 7.855953767787116, 'ci_low': nan, 'ci_high': nan, 'p': nan}}","{'January': {'coef': -0.6883535193419221, 'ci_low': -0.8228995760991453, 'ci_high': -0.5536249341450472, 'p': 1.7544222379008696e-23}, 'February': {'coef': -8.82003134937326, 'ci_low': -8.9452649252861, 'ci_high': -8.694625531472965, 'p': 0.0}, 'March': {'coef': 0.368761779675264, 'ci_low': 0.23525852520080992, 'ci_high': 0.5024428470193687, 'p': 5.954539440660899e-08}, 'April': {'coef': -0.595587738788439, 'ci_low': -0.7355402375879505, 'ci_high': -0.45543792161367724, 'p': 9.557190738246321e-17}, 'May': {'coef': 4.155780783358254, 'ci_low': 4.004717807490965, 'ci_high': 4.307063172567149, 'p': 0.0}, 'June': {'coef': 6.089474903141001, 'ci_low': 5.93998961309623, 'ci_high': 6.239171122524367, 'p': 0.0}, 'July': {'coef': 5.776389363527579, 'ci_low': 5.607894283040316, 'ci_high': 5.945153274222514, 'p': 0.0}, 'August': {'coef': -4.710700095054932, 'ci_low': -4.832934252832944, 'ci_high': -4.5883089376971835, 'p': 0.0}, 'September': {'coef': -2.8924117120289528, 'ci_low': -3.014690734311032, 'ci_high': -2.76997852042572, 'p': 0.0}, 'October': {'coef': -0.7284217221703027, 'ci_low': -0.8614103819000962, 'ci_high': -0.5952546658778424, 'p': 1.1460821489698698e-26}, 'November': {'coef': -1.7412721865273317, 'ci_low': -1.8799997973945715, 'ci_high': -1.6023484347104766, 'p': 3.710239761889545e-131}, 'December': {'coef': 4.920020290602056, 'ci_low': nan, 'ci_high': nan, 'p': nan}}",8825,818811,
aqrean_daqi_ozone_values,continuous,-0.3011004290926822,-0.35392175498071277,-0.24825110318179577,6.946410746270624e-29,2.4470026744250806,-0.12948049159436925,5.089954559516574,0.06284790399026616,"{'East Midlands': {'coef': 18.94203867754547, 'ci_low': 10.323400721531595, 'ci_high': 28.23397821537277, 'p': 6.187134607812385e-06}, 'East of England': {'coef': 12.528732419335187, 'ci_low': 4.999880922910038, 'ci_high': 20.597428383744454, 'p': 0.0008352558263744291}, 'London': {'coef': -37.43335989543326, 'ci_low': -40.63296650400766, 'ci_high': -34.061309392549674, 'p': 1.2236725027383312e-68}, 'North East': {'coef': 6.173863930529833, 'ci_low': -3.083427943729411, 'ci_high': 16.315395218410387, 'p': 0.1980660799092493}, 'North West': {'coef': -0.21641003609887965, 'ci_low': -5.69394783816416, 'ci_high': 5.579277234481594, 'p': 0.9400487450675954}, 'South East': {'coef': -3.2013027149941586, 'ci_low': -8.991761221742722, 'ci_high': 2.95757748816885, 'p': 0.3012125309526661}, 'South West': {'coef': 9.44053865992509, 'ci_low': 1.8438852667087113, 'ci_high': 17.60383523083975, 'p': 0.013981327341192095}, 'West Midlands': {'coef': -1.8866255029956425, 'ci_low': -7.869954128129564, 'ci_high': 4.485286684618384, 'p': 0.5529965699641703}, 'Yorkshire and The Humber': {'coef': 8.444034525982659, 'ci_low': nan, 'ci_high': nan, 'p': nan}}","{'January': {'coef': -0.12183260610455493, 'ci_low': -0.2558317215869521, 'ci_high': 0.012346527550932684, 'p': 0.07512060463832812}, 'February': {'coef': -8.842984719505642, 'ci_low': -8.965034661291238, 'ci_high': -8.72077114621611, 'p': 0.0}, 'March': {'coef': 0.2806005445022741, 'ci_low': 0.14671594474462424, 'ci_high': 0.4146641325161404, 'p': 3.943249851186487e-05}, 'April': {'coef': -0.6529062187808465, 'ci_low': -0.787348787941633, 'ci_high': -0.5182814671646829, 'p': 2.5234664453651344e-21}, 'May': {'coef': 4.189322675437035, 'ci_low': 4.04212078172308, 'ci_high': 4.336732834777934, 'p': 0.0}, 'June': {'coef': 6.037310340875157, 'ci_low': 5.893463467317694, 'ci_high': 6.181352617645941, 'p': 0.0}, 'July': {'coef': 5.82261595076905, 'ci_low': 5.6652305962160865, 'ci_high': 5.980235726329641, 'p': 0.0}, 'August': {'coef': -4.791131133292003, 'ci_low': -4.911518451280072, 'ci_high': -4.670591398248836, 'p': 0.0}, 'September': {'coef': -3.0160676916179185, 'ci_low': -3.1393373757138576, 'ci_high': -2.892641128407114, 'p': 0.0}, 'October': {'coef': -0.8484097591428541, 'ci_low': -0.9794521216373808, 'ci_high': -0.7171939770790003, 'p': 1.497054616416006e-36}, 'November': {'coef': -1.8046153930903475, 'ci_low': -1.9346767572965717, 'ci_high': -1.6743815320432454, 'p': 9.786506725203326e-160}, 'December': {'coef': 4.8911578904705655, 'ci_low': nan, 'ci_high': nan, 'p': nan}}",8814,810238,
aqrean_pm2p5_values,continuous,0.33456987736946164,0.28403211442018517,0.38513310863539374,1.3275377988563938e-38,2.4809119685829106,-0.09708991967154468,5.125439383776498,0.05939772592839909,"{'East Midlands': {'coef': 18.8265980067178, 'ci_low': 10.220139358611945, 'ci_high': 28.105085658711594, 'p': 6.902965799812409e-06}, 'East of England': {'coef': 12.19796617220943, 'ci_low': 4.688622561522382, 'ci_high': 20.245957059779162, 'p': 0.0011285645677072476}, 'London': {'coef': -37.34655359357475, 'ci_low': -40.55278870525535, 'ci_high': -33.967392900231374, 'p': 3.75887645789283e-68}, 'North East': {'coef': 6.4739784452830795, 'ci_low': -2.816920550762636, 'ci_high': 16.65310618077529, 'p': 0.17811113669533019}, 'North West': {'coef': -0.1588595227180578, 'ci_low': -5.640796290183814, 'ci_high': 5.64155842666727, 'p': 0.9559955259074897}, 'South East': {'coef': -3.1894435482260564, 'ci_low': -8.982262719882995, 'ci_high': 2.9720592993636608, 'p': 0.30317844370624625}, 'South West': {'coef': 9.718580513762397, 'ci_low': 2.096892856107102, 'ci_high': 17.909238696629682, 'p': 0.01157312101824157}, 'West Midlands': {'coef': -1.7296887272077455, 'ci_low': -7.722535345210513, 'ci_high': 4.65235595471305, 'p': 0.5867879215433282}, 'Yorkshire and The Humber': {'coef': 7.88924228234511, 'ci_low': nan, 'ci_high': nan, 'p': nan}}","{'January': {'coef': -0.45951191242439293, 'ci_low': -0.5846987001476345, 'ci_high': -0.33416748566956755, 'p': 7.326742620281116e-13}, 'February': {'coef': -8.76057680533554, 'ci_low': -8.881601124894035, 'ci_high': -8.639391740130664, 'p': 0.0}, 'March': {'coef': 0.0036003676503248982, 'ci_low': -0.142321357991948, 'ci_high': 0.1497353282716496, 'p': 0.9614577721931311}, 'April': {'coef': -1.0972313383261656, 'ci_low': -1.2382482975361597, 'ci_high': -0.9560130280623191, 'p': 6.97977031143211e-52}, 'May': {'coef': 3.9696937556843226, 'ci_low': 3.8317295587672717, 'ci_high': 4.107841269586587, 'p': 0.0}, 'June': {'coef': 6.031981298223554, 'ci_low': 5.890255682428092, 'ci_high': 6.173896602390694, 'p': 0.0}, 'July': {'coef': 5.7412196612212085, 'ci_low': 5.59475171928121, 'ci_high': 5.887890765322834, 'p': 0.0}, 'August': {'coef': -4.556909568432166, 'ci_low': -4.68203159843914, 'ci_high': -4.431623293187325, 'p': 0.0}, 'September': {'coef': -2.830053639925545, 'ci_low': -2.9525631045904333, 'ci_high': -2.7073895233768575, 'p': 0.0}, 'October': {'coef': -0.4928618804160956, 'ci_low': -0.6188046853360163, 'ci_high': -0.3667594719609202, 'p': 2.0683568534891155e-14}, 'November': {'coef': -1.6625239456946272, 'ci_low': -1.7879345308770667, 'ci_high': -1.5369532191405466, 'p': 3.313686050845233e-146}, 'December': {'coef': 5.2339595176225995, 'ci_low': nan, 'ci_high': nan, 'p': nan}}",8825,818811,
aqrean_daqi_pm2p5_values,continuous,0.03296951053817221,-0.0225375480951584,0.08850738645254097,0.24441265644734889,2.439168943085379,-0.13681884718469428,5.081604777760007,0.06365346376483998,"{'East Midlands': {'coef': 18.95509824931807, 'ci_low': 10.336481058546475, 'ci_high': 28.24693395828448, 'p': 6.0888810593745455e-06}, 'East of England': {'coef': 12.473350836182107, 'ci_low': 4.949066932570756, 'ci_high': 20.537085445901404, 'p': 0.0008769157619609927}, 'London': {'coef': -37.44685330502766, 'ci_low': -40.64544021166775, 'ci_high': -34.07589618393708, 'p': 1.0281762051681698e-68}, 'North East': {'coef': 6.219026497222302, 'ci_low': -3.0411754041641093, 'ci_high': 16.36363824590099, 'p': 0.19484863043043077}, 'North West': {'coef': -0.18011604243381996, 'ci_low': -5.659004100015119, 'ci_high': 5.616960455508346, 'p': 0.9500917367785241}, 'South East': {'coef': -3.2350156688017773, 'ci_low': -9.022782700277688, 'ci_high': 2.920956152894094, 'p': 0.29600880640666827}, 'South West': {'coef': 9.395742068488811, 'ci_low': 1.8030586430364037, 'ci_high': 17.55470358388822, 'p': 0.014410030927042081}, 'West Midlands': {'coef': -1.8898961001932113, 'ci_low': -7.872337048976041, 'ci_high': 4.4810231683392265, 'p': 0.5522548000676403}, 'Yorkshire and The Humber': {'coef': 8.509155193337815, 'ci_low': nan, 'ci_high': nan, 'p': nan}}","{'January': {'coef': -0.011430056816663647, 'ci_low': -0.14434439626306306, 'ci_high': 0.1216612002166606, 'p': 0.8662475835645653}, 'February': {'coef': -8.758543137012055, 'ci_low': -8.880789512855436, 'ci_high': -8.636132754299785, 'p': 0.0}, 'March': {'coef': 0.3156796962180186, 'ci_low': 0.15636973433090784, 'ci_high': 0.47524305850317194, 'p': 0.00010157899171849705}, 'April': {'coef': -0.8361082267494768, 'ci_low': -0.9815515063651303, 'ci_high': -0.6904513127262257, 'p': 3.5702704402888406e-29}, 'May': {'coef': 3.9163012562334565, 'ci_low': 3.776999785546642, 'ci_high': 4.0557897134372745, 'p': 0.0}, 'June': {'coef': 5.894688196034226, 'ci_low': 5.7505670488420035, 'ci_high': 6.039005757351212, 'p': 0.0}, 'July': {'coef': 5.447953913440817, 'ci_low': 5.301964983600427, 'ci_high': 5.594145239956716, 'p': 0.0}, 'August': {'coef': -4.817462332546619, 'ci_low': -4.943264193929231, 'ci_high': -4.691493979981731, 'p': 0.0}, 'September': {'coef': -2.921915506711592, 'ci_low': -3.0448866954751574, 'ci_high': -2.7987883497607835, 'p': 0.0}, 'October': {'coef': -0.618857995190647, 'ci_low': -0.7448675716787312, 'ci_high': -0.4926884429614864, 'p': 8.822167296469735e-22}, 'November': {'coef': -1.5734561310346562, 'ci_low': -1.6982303581435265, 'ci_high': -1.4485235282647335, 'p': 1.3078563713152593e-132}, 'December': {'coef': 5.061679535269525, 'ci_low': nan, 'ci_high': nan, 'p': nan}}",8814,810238,
aqrean_pm10_values,continuous,0.42319992950363705,0.37315367663901533,0.47327113552886324,6.446020410247011e-62,2.4894624728267534,-0.08877689354889196,5.1342340867682745,0.05853902454123931,"{'East Midlands': {'coef': 18.823449716574416, 'ci_low': 10.21715035220545, 'ci_high': 28.101771434201893, 'p': 6.926628651038599e-06}, 'East of England': {'coef': 12.203808967478702, 'ci_low': 4.694024766685678, 'ci_high': 20.252275856879432, 'p': 0.00112280987037616}, 'London': {'coef': -37.38652891369918, 'ci_low': -40.59074966656008, 'ci_high': -34.00948944026126, 'p': 2.4846380652546117e-68}, 'North East': {'coef': 6.506678095361584, 'ci_low': -2.7871284698824272, 'ci_high': 16.68899704700715, 'p': 0.17599909011597326}, 'North West': {'coef': -0.15560779494605548, 'ci_low': -5.6377643010207095, 'ci_high': 5.645045191574138, 'p': 0.9568964104172685}, 'South East': {'coef': -3.1858973901713328, 'ci_low': -8.97897962369061, 'ci_high': 2.975888705659857, 'p': 0.30372954743337444}, 'South West': {'coef': 9.761587951526174, 'ci_low': 2.1368476522012125, 'ci_high': 17.955531882728625, 'p': 0.011227206461553401}, 'West Midlands': {'coef': -1.7377939358497518, 'ci_low': -7.73018298236301, 'ci_high': 4.643765997150773, 'p': 0.5850230410879709}, 'Yorkshire and The Humber': {'coef': 7.881364269787849, 'ci_low': nan, 'ci_high': nan, 'p': nan}}","{'January': {'coef': -0.39072595174715063, 'ci_low': -0.516583871122811, 'ci_high': -0.2647088076837334, 'p': 1.287342332746921e-09}, 'February': {'coef': -8.75904130308378, 'ci_low': -8.879954237798415, 'ci_high': -8.637967921371349, 'p': 0.0}, 'March': {'coef': -0.07223579570834193, 'ci_low': -0.21624212816955257, 'ci_high': 0.07197836440169247, 'p': 0.32605815254164683}, 'April': {'coef': -1.2134029670631485, 'ci_low': -1.3551521199302141, 'ci_high': -1.071450125683504, 'p': 2.4131743774773166e-62}, 'May': {'coef': 3.962950637077922, 'ci_low': 3.8250220372428867, 'ci_high': 4.101062471149564, 'p': 0.0}, 'June': {'coef': 6.0798436522104815, 'ci_low': 5.937807732522438, 'ci_high': 6.222070006295022, 'p': 0.0}, 'July': {'coef': 5.787829684162293, 'ci_low': 5.642241619754174, 'ci_high': 5.933618386915218, 'p': 0.0}, 'August': {'coef': -4.489320097905292, 'ci_low': -4.614621214444448, 'ci_high': -4.3638543820322955, 'p': 0.0}, 'September': {'coef': -2.8314202964476842, 'ci_low': -2.953825109262209, 'ci_high': -2.7088610938468816, 'p': 0.0}, 'October': {'coef': -0.5049065564598609, 'ci_low': -0.6304702139080853, 'ci_high': -0.37918423637021137, 'p': 3.954602379286685e-15}, 'November': {'coef': -1.621897219570867, 'ci_low': -1.7462661055009154, 'ci_high': -1.4973709083789588, 'p': 1.2986017233630818e-141}, 'December': {'coef': 5.172237970789251, 'ci_low': nan, 'ci_high': nan, 'p': nan}}",8825,818811,
aqrean_daqi_pm10_values,continuous,0.06614988522375409,0.012922800456505179,0.11940529755580798,0.014851771877997638,2.4409133709245134,-0.1351228126655002,5.083398967021346,0.0634668833008104,"{'East Midlands': {'coef': 18.952294629441347, 'ci_low': 10.33386852215994, 'ci_high': 28.243925343445596, 'p': 6.106771791581449e-06}, 'East of England': {'coef': 12.470094585283409, 'ci_low': 4.946019397946166, 'ci_high': 20.533606215750886, 'p': 0.0008795116046980567}, 'London': {'coef': -37.454448155586306, 'ci_low': -40.652649380282156, 'ci_high': -34.08389734886469, 'p': 9.496627737748898e-69}, 'North East': {'coef': 6.230214985031091, 'ci_low': -3.030974715898982, 'ci_high': 16.375910170318917, 'p': 0.1940710557012646}, 'North West': {'coef': -0.18013280554088906, 'ci_low': -5.659025713210763, 'ci_high': 5.616949178727482, 'p': 0.9500871477847646}, 'South East': {'coef': -3.2348131871747343, 'ci_low': -9.02260005384672, 'ci_high': 2.9211802542493004, 'p': 0.296040204576858}, 'South West': {'coef': 9.406209107155728, 'ci_low': 1.8127869366666216, 'ci_high': 17.565965448372765, 'p': 0.014306302466057743}, 'West Midlands': {'coef': -1.8918076597035816, 'ci_low': -7.874140219701998, 'ci_high': 4.478996746785779, 'p': 0.5518495566044949}, 'Yorkshire and The Humber': {'coef': 8.508124080381263, 'ci_low': nan, 'ci_high': nan, 'p': nan}}","{'January': {'coef': -0.005005937641378022, 'ci_low': -0.13762534143306748, 'ci_high': 0.1277895876006907, 'p': 0.9410651736330563}, 'February': {'coef': -8.763442476618454, 'ci_low': -8.885079480429791, 'ci_high': -8.641643089296135, 'p': 0.0}, 'March': {'coef': 0.2759479092647732, 'ci_low': 0.12384810495467136, 'ci_high': 0.42827877091942135, 'p': 0.0003735813027522086}, 'April': {'coef': -0.8787214659634279, 'ci_low': -1.0249857486043457, 'ci_high': -0.7322410354336895, 'p': 1.074675345164251e-31}, 'May': {'coef': 3.9231192477105825, 'ci_low': 3.784252809044464, 'ci_high': 4.062171493830813, 'p': 0.0}, 'June': {'coef': 5.912354701331157, 'ci_low': 5.768558182414463, 'ci_high': 6.056346717276551, 'p': 0.0}, 'July': {'coef': 5.466590873795596, 'ci_low': 5.322060434776232, 'ci_high': 5.611319647785984, 'p': 0.0}, 'August': {'coef': -4.7965006614205326, 'ci_low': -4.921530365795235, 'ci_high': -4.67130654098995, 'p': 0.0}, 'September': {'coef': -2.918490509689675, 'ci_low': -3.0412102962063314, 'ci_high': -2.795615397946205, 'p': 0.0}, 'October': {'coef': -0.6200191804643929, 'ci_low': -0.7455254872885231, 'ci_high': -0.49435417214966915, 'p': 5.094724375500349e-22}, 'November': {'coef': -1.564619724314098, 'ci_low': -1.6895206410211694, 'ci_high': -1.439560124228656, 'p': 6.75904096350698e-131}, 'December': {'coef': 5.069317194473344, 'ci_low': nan, 'ci_high': nan, 'p': nan}}",8814,810238,
aqrean_sulfur_dioxide_values,continuous,-0.12298781513093715,-0.1767727323699786,-0.06917391849100563,7.541343075771845e-06,2.461524368243917,-0.11603866155662779,5.105602893461048,0.061394013625944585,"{'East Midlands': {'coef': 18.828718714146465, 'ci_low': 10.221947934417685, 'ci_high': 28.10755621600276, 'p': 6.890670269135814e-06}, 'East of England': {'coef': 12.232759491489631, 'ci_low': 4.7209398491451005, 'ci_high': 20.283415343864377, 'p': 0.0010944426078504234}, 'London': {'coef': -37.25123957895733, 'ci_low': -40.46245088619671, 'ci_high': -33.866828699124994, 'p': 1.0224188643196564e-67}, 'North East': {'coef': 6.444421412899026, 'ci_low': -2.844063384249884, 'ci_high': 16.62092142385916, 'p': 0.18004747376548447}, 'North West': {'coef': -0.15708613805659466, 'ci_low': -5.639231086382768, 'ci_high': 5.643558898605772, 'p': 0.956487557620836}, 'South East': {'coef': -3.191823854644815, 'ci_low': -8.984614524294244, 'ci_high': 2.9696563894868744, 'p': 0.3028216280441909}, 'South West': {'coef': 9.539115067037528, 'ci_low': 1.929692424626972, 'ci_high': 17.716608813887525, 'p': 0.013128406272550356}, 'West Midlands': {'coef': -1.786199091261076, 'ci_low': -7.775730160047223, 'ci_high': 4.592323752534089, 'p': 0.5745239114882906}, 'Yorkshire and The Humber': {'coef': 7.959249262078427, 'ci_low': nan, 'ci_high': nan, 'p': nan}}","{'January': {'coef': -0.4623877578763369, 'ci_low': -0.5897206275965794, 'ci_high': -0.33489178973393763, 'p': 1.2818338347709748e-12}, 'February': {'coef': -8.690095814823461, 'ci_low': -8.811261466702724, 'ci_high': -8.568769165923829, 'p': 0.0}, 'March': {'coef': 0.44569473512483526, 'ci_low': 0.3118982355426958, 'ci_high': 0.5796696931312795, 'p': 6.189784015007433e-11}, 'April': {'coef': -0.7510281099557203, 'ci_low': -0.8826114716319999, 'ci_high': -0.6192700646913574, 'p': 8.264901024437363e-29}, 'May': {'coef': 3.912471617978186, 'ci_low': 3.7734439637038486, 'ci_high': 4.051685530777949, 'p': 0.0}, 'June': {'coef': 5.88533427975626, 'ci_low': 5.743761854820151, 'ci_high': 6.027096245438313, 'p': 0.0}, 'July': {'coef': 5.425758811740189, 'ci_low': 5.284376433314364, 'ci_high': 5.567331047176194, 'p': 0.0}, 'August': {'coef': -4.842942753101354, 'ci_low': -4.965001194179452, 'ci_high': -4.72072754595575, 'p': 0.0}, 'September': {'coef': -2.878972424919757, 'ci_low': -3.0012081323897544, 'ci_high': -2.7565826787458447, 'p': 0.0}, 'October': {'coef': -0.5865342540667395, 'ci_low': -0.7117867151201884, 'ci_high': -0.4611237865543072, 'p': 5.940092950174923e-20}, 'November': {'coef': -1.5012769113335045, 'ci_low': -1.6261472538759536, 'ci_high': -1.3762480652658615, 'p': 8.345746959540348e-121}, 'December': {'coef': 5.137402176697847, 'ci_low': nan, 'ci_high': nan, 'p': nan}}",8825,818811,
aqrean_daqi_sulfur_dioxide_values,continuous,0.016929005882460046,-0.02592789235601467,0.05980427602165772,0.4388659265564978,2.4381484080512994,-0.13780752611060043,5.080551401008537,0.06376246005720528,"{'East Midlands': {'coef': 18.95873749976522, 'ci_low': 10.339874785226133, 'ci_high': 28.2508363824318, 'p': 6.065693991953659e-06}, 'East of England': {'coef': 12.477789063144339, 'ci_low': 4.95322689130675, 'ci_high': 20.541820459081993, 'p': 0.0008733802937985577}, 'London': {'coef': -37.44084610542456, 'ci_low': -40.63972315111458, 'ci_high': -34.069584177172544, 'p': 1.0932132094761044e-68}, 'North East': {'coef': 6.205265734786969, 'ci_low': -3.053716740941026, 'ci_high': 16.348539527354355, 'p': 0.1958079901012597}, 'North West': {'coef': -0.18123208891897002, 'ci_low': -5.660048322540934, 'ci_high': 5.615767764559254, 'p': 0.949782519629049}, 'South East': {'coef': -3.2342315612843286, 'ci_low': -9.022034367071086, 'ci_high': 2.921777557818217, 'p': 0.2961268746497655}, 'South West': {'coef': 9.387973379750614, 'ci_low': 1.7958562725164162, 'ci_high': 17.546324165649008, 'p': 0.014487212020225182}, 'West Midlands': {'coef': -1.888542613302857, 'ci_low': -7.871054673830214, 'ci_high': 4.4824515950190325, 'p': 0.5525414323489608}, 'Yorkshire and The Humber': {'coef': 8.511735231077067, 'ci_low': nan, 'ci_high': nan, 'p': nan}}","{'January': {'coef': -0.006554224388521934, 'ci_low': -0.13917508614300633, 'ci_high': 0.1262427654220577, 'p': 0.9228887993993774}, 'February': {'coef': -8.748194916636242, 'ci_low': -8.869246790325903, 'ci_high': -8.626982245898295, 'p': 0.0}, 'March': {'coef': 0.36786953446310555, 'ci_low': 0.23473413772032714, 'ci_high': 0.5011817664518636, 'p': 5.894505208289422e-08}, 'April': {'coef': -0.7992175019957415, 'ci_low': -0.9309905948110764, 'ci_high': -0.6672691359229543, 'p': 2.670606602045737e-32}, 'May': {'coef': 3.905959004242554, 'ci_low': 3.7678234458193405, 'ci_high': 4.044278448497263, 'p': 0.0}, 'June': {'coef': 5.87689335148851, 'ci_low': 5.736044093862058, 'ci_high': 6.017930232110902, 'p': 0.0}, 'July': {'coef': 5.4245533202894824, 'ci_low': 5.284139666581056, 'ci_high': 5.565154238615455, 'p': 0.0}, 'August': {'coef': -4.839561029579665, 'ci_low': -4.959595544318929, 'ci_high': -4.719374913163065, 'p': 0.0}, 'September': {'coef': -2.9284583869160774, 'ci_low': -3.0508933599783794, 'ci_high': -2.8058687933198767, 'p': 0.0}, 'October': {'coef': -0.6260549003517246, 'ci_low': -0.7514577768791719, 'ci_high': -0.5004935743287864, 'p': 1.8818495735179888e-22}, 'November': {'coef': -1.580900889455894, 'ci_low': -1.705170313273463, 'ci_high': -1.456474357784876, 'p': 6.512282606421558e-135}, 'December': {'coef': 5.04938232164287, 'ci_low': nan, 'ci_high': nan, 'p': nan}}",8814,810238,
