,practice_intercept,practice_slope,imd_centile_practice_mean
A81001,-444.8354044844857,148.54168680200564,0.051894058
A81002,8480.483237136956,901.9670593925827,0.051894058
A81003,344.5610010029089,151.82592294745308,-0.9630492
A81004,2357.8116719696823,815.5171870020038,0.051894058
A81005,3159.30783798099,76.37823131639725,-0.4994641
A81006,5993.515446765368,1208.8734392135623,0.051894058
A81007,2115.6572441940953,142.83333197406316,-0.98884374
A81008,1174.4911327140594,-162.53603799177998,-1.1439692
A81009,2519.1651089088414,-456.5285912988087,-1.1439692
A81011,3562.059494562263,577.0757719548311,-0.98884374
A81012,1339.4939516051504,-91.72550157648271,-1.1439692
A81013,1496.452954427638,552.746295633166,-0.4994641
A81014,922.1074898420776,-349.8559148688861,0.051894058
A81015,-692.0070663775314,-259.02271821142546,-0.4772686
A81016,2862.018004509589,-104.30435824148157,-1.1439692
A81017,7807.966776611211,542.5753578710373,0.051894058
A81018,3874.0439217576627,1787.9866227471482,-0.4994641
A81019,2944.5039557172067,265.4922048144115,-1.1439692
A81020,2807.357048754403,184.24971770179303,-1.1439692
A81021,7522.472360638825,847.0699522193544,-1.1439692
A81022,4281.584789651379,-33.685788119689555,-0.4994641
A81023,-238.7125285389898,-114.81545152221891,-1.1439692
A81025,-69.81883819747028,233.96104467650034,0.051894058
A81026,5006.997938058789,571.5142400906489,-1.1439692
A81027,4008.9091706530794,1181.7446316180653,0.051894058
A81029,1000.7430943022941,551.1727721886722,-1.1439692
A81030,3033.8397920171683,778.3586157032154,-1.1439692
A81031,3106.813067769381,-115.26379537064253,-0.98884374
A81032,3939.852075097722,47.4789566231495,-0.4994641
A81033,-432.8948945164172,-290.5558906633277,-1.1439692
A81034,7571.974802539484,926.5493760749565,0.051894058
A81035,2112.2776669025807,135.32891701656385,-1.1439692
A81036,7724.486155592764,-88.06067050835482,0.051894058
A81037,1272.7286448860036,165.8914446319273,-1.1439692
A81038,-213.64711841231988,425.98170171348136,-1.1439692
A81039,2698.900078748933,350.8349950885316,0.051894058
A81040,1616.962802379437,278.4699842623916,0.051894058
A81041,2228.9097076943717,44.754389211129386,-0.98884374
A81042,5120.803605404253,3176.868557436995,-1.1439692
A81043,2982.86662319519,-35.938578201273316,-1.1439692
A81044,9904.69992226216,1850.057144093238,-0.98884374
A81045,3268.7828262582775,-20.39192040624991,-0.4994641
A81046,3911.1916371686325,376.6785089806935,0.051894058
A81047,1661.9228625669557,-1279.144157099427,-0.4564732
A81048,3837.762841556518,1732.935487886678,-0.4994641
A81049,1820.1691099003033,377.42241367454795,-1.1439692
A81051,1255.587006494957,256.48455286904226,-1.1439692
A81052,3407.6255355770904,544.1507867293504,-0.4994641
A81053,3303.7841969717615,37.6256510514859,-0.4994641
A81054,3533.6977793078345,325.2230927926258,-0.4994641
A81056,-651.7235903495226,-41.66908496854466,0.051894058
A81057,1986.3317028355912,623.2096372459672,0.051894058
A81058,1401.9738678436943,578.1143409386171,-1.1439692
A81060,-435.55996508549373,341.3203400279773,-0.98884374
A81063,1298.5564908636584,158.22903549688039,-0.98884374
A81064,-241.0940440545568,213.60166644223267,-1.1439692
A81065,39.25096393962352,-12.193293124174348,-1.1439692
A81066,500.1528343219697,264.0428469008471,0.051894058
A81067,1910.8811558716552,327.1164633296162,0.051894058
A81069,-1074.7578580662318,-158.71437648103753,-0.4564732
A81070,-157.51091358110455,1261.7469592460554,-0.98884374
A81602,-25.117792445174622,88.67418879532964,0.051894058
A81605,-1661.483209968172,-502.7641594918599,-0.4564732
A81608,37.96039883465939,1188.0461704546515,0.051894058
A81609,-1674.49236102007,43.24708608759556,0.08628677
A81610,1624.401913808282,95.88984013931078,0.051894058
A81611,498.95978898196256,831.7833736591529,-1.1439692
A81612,-546.2299280455746,225.71829915074727,-0.98884374
A81613,-1269.1250952806704,-315.78610456365544,-0.9630492
A81618,3253.9238435254124,1261.0092150392168,-0.4994641
A81621,-1290.9674858286733,328.01966716102766,-1.1439692
A81622,275.7847387379675,299.87518554691536,-0.98884374
A81623,-1768.7119238492608,37.53461508498097,0.08628677
A81629,211.33781651210336,530.8159615625965,0.051894058
A81630,-2263.585100769123,78.50171396329783,0.051894058
A81631,560.300225792,382.6972211340944,-0.98884374
A81632,-2271.3607084681935,6.899311222805121,0.056444295
A81633,-2309.0757898114207,-7.667657672721639,-1.1439692
A81634,-2197.4539323423273,126.40075864127387,0.051894058
A82003,2410.4119002452553,635.3503997311108,-0.8544972
A82004,-634.7173651583797,67.37178846868092,0.703206
A82005,444.6688533894233,593.7872495784054,1.4250947
A82006,572.8097351812733,289.46634976843853,0.703206
A82007,2346.795799470684,361.3156483825622,-0.8544972
A82008,4088.445495492616,-31.506579670549677,-0.8544972
A82009,4299.540119002393,77.16682617980425,-0.8544972
A82010,1458.1902817499388,119.11536930790713,-0.8544972
A82011,-638.8593629819858,146.2066755455784,-0.8544972
A82012,9297.471439228408,823.0484664929568,-0.077436864
A82013,2085.713980558929,451.02250617340627,0.703206
A82014,1372.9961815495517,490.2497970921243,-0.0670474
A82015,177.06457483041777,-17.126030905980766,-0.077436864
A82016,10775.155905077469,5988.895459528584,-0.077436864
A82017,3402.0672919910367,171.45711548700098,-0.09463322
A82018,1917.5654440008882,341.970564319845,-0.077436864
A82019,1540.5721040824083,128.7765308264559,-0.077436864
A82020,2920.035341405062,659.3721106629908,-0.077436864
A82021,7049.759647540807,3152.799145407033,-0.0670474
A82022,1607.694192387856,-90.80503687835055,-0.077436864
A82023,1389.3677360473396,586.4631342380184,-0.59440225
A82024,1852.5979885725624,-360.68366169720275,-0.59440225
A82025,2015.107242464712,238.59161280595833,1.4250947
A82026,7110.976091062672,329.07545685169976,1.4250947
A82027,4545.732669201028,-614.0183179643792,1.4250947
A82028,2511.996075329012,773.1571034122885,-0.0670474
A82029,-8.255540435750188,517.467620509454,-0.0670474
A82030,2098.6919921950207,280.38025408775985,0.024308233
A82031,-200.14087313249615,240.88827926581743,0.703206
A82032,6806.897379493048,252.4352752040046,-0.0670474
A82033,1886.3898833217786,515.0986715724056,-0.8544972
A82034,2125.401640010361,39.05946343585774,1.4250947
A82035,3701.2745248006286,384.3897940987576,0.703206
A82036,2365.9979510607623,-99.7920500223667,0.703206
A82037,979.2665135037465,-31.803901196252998,-0.0670474
A82038,93.30653158535274,148.8082711639848,0.703206
A82039,2178.074532133343,129.61553643978982,-0.8544972
A82040,-674.7876339915448,-518.5113001376839,-0.6373932
A82041,4651.245272409999,621.8418794129745,-0.59440225
A82044,13452.4817053747,2803.8050443135508,-0.59440225
A82045,2895.868130557894,821.8966872268688,-0.0670474
A82046,168.68646272136516,-535.9586979321322,1.4250947
A82047,3985.097542554437,294.530821978483,-0.59440225
A82048,1176.0456786072098,2.5367447574035067,-0.59440225
A82049,399.31626239173966,352.4964126050293,-0.59440225
A82050,2034.35083391677,437.0895974310853,-0.59440225
A82052,355.1055195999267,233.88800786872477,-0.09463322
A82053,1300.4663736374814,217.1162345035486,1.4250947
A82055,2548.375873672735,742.8657227714157,-0.0670474
A82057,1657.3815461104612,306.89369872938556,-0.058449227
A82058,357.506759760576,406.6617167202235,-0.59440225
A82060,-268.2753528282732,640.0125616662701,-0.6129995
A82062,-37.17647173762656,443.83466751030664,-0.8544972
A82063,-1771.7633491367367,-659.8889592453166,-0.05844923
A82064,1460.3752363797526,154.07082774415713,-0.59440225
A82065,476.4570558394269,-30.59755133976826,1.4250947
A82068,-641.725188006462,-16.328917867075578,-0.8544972
A82070,1014.277603738989,244.16873765052338,1.4250947
A82071,1128.305555254345,84.71702494065006,-0.8544972
A82072,2583.7798184336557,1148.7937309921801,-0.8544972
A82074,-803.6857802096617,-341.86895426232076,1.4250947
A82075,1617.2018334851837,863.1264267307947,-0.59440225
A82077,-67.76469537282418,69.94419844492727,-0.8544972
A82608,-149.96923509808838,-290.86121213001366,1.4250947
A82613,-1972.5259350668998,-8.113275330964578,-0.8544972
A82617,-808.5038334807514,143.75374742816192,0.703206
A82619,-1932.0150120213088,-124.35727729419145,-0.8544972
A82620,-2067.7375443871215,57.84419829293693,1.4250947
A82621,-1220.153785113229,-82.76913704252337,-0.8544972
A82623,686.6299113464607,-320.8113778105354,-0.59440225
A82629,-233.79149851103688,140.39353398874354,-0.8544972
A82631,-237.96867452573338,142.39604175267496,-0.077436864
A82635,-1726.7986003362153,-283.9764267095123,-0.09463323
A82641,-1798.11870999696,-259.77866365477195,-0.09463323
A82642,-1750.1775419132719,63.27945894460907,1.4250947
A82646,303.29562221492284,304.6168870586392,-0.077436864
A82647,-565.1112937597396,181.5035700487564,1.4250947
A82650,-721.9445570923606,106.5710261056428,-0.8544972
A82651,-574.1362537735004,-61.39943841485638,-0.8544972
A82654,1598.8359359543165,1494.5472960730299,-0.077436864
A83001,5185.236938637524,624.0518713615378,-0.029072119
A83003,4410.913795460698,801.6522820382405,-0.4632801
A83004,1419.3023407739247,450.13853667983574,-0.9346189
A83005,4605.739390858881,-180.58724453764083,-0.029072119
A83006,1155.1438024669048,318.72400477783333,-0.029072119
A83007,6209.441583916175,1080.336110253365,-0.98884374
A83008,2450.768257304505,63.48212515200965,-0.029072119
A83009,3147.090294283958,400.7061286671985,-0.51666045
A83010,5677.284855137112,536.7224045819144,-0.029072119
A83011,2715.7308818670067,146.50389361230643,-0.9354633
A83012,11838.349441901715,1710.001773449938,-0.98884374
A83013,4100.338675501285,879.4176552188587,-0.029072119
A83014,2191.1404776166787,-491.4359011290924,-0.9354633
A83015,4872.282909917121,559.7865121868755,-0.029072119
A83016,7295.492300222568,1240.324715023078,-0.51666045
A83017,3473.375271803715,1091.435918833842,-0.9334091
A83018,14077.730763956268,3308.669997858422,-0.51666045
A83019,1003.5195704189954,-123.48265111534731,-0.93402654
A83020,6459.353311507625,1018.5649193105565,-0.4632801
A83021,8603.769953885512,1019.8406135483832,-0.029072119
A83022,13710.484596656763,1772.5479979759684,-0.51666045
A83023,7298.671739217935,2373.7679133304687,-0.51666045
A83024,1880.9750709031937,525.2888110680661,-0.9354633
A83025,8981.914590462358,3224.4816562963274,-0.029072119
A83026,4143.910634794391,377.76368145543483,-0.51666045
A83027,1183.810880525389,1161.7320106338807,-0.9354633
A83028,5333.357816522087,909.0860990830641,-0.51666045
A83029,955.6596645435051,445.6065379086809,-0.9354633
A83030,5613.724918735771,1292.9237049946448,-0.51666045
A83031,4460.9777743542345,761.5886719919141,-0.029072119
A83032,84.93284115742415,41.15165026189527,-0.4632801
A83033,4505.280221488534,918.6933890191084,-0.51666045
A83034,2097.7170875230654,357.6441563950958,-0.029072119
A83035,3848.3158890668196,427.0002059386943,-0.4632801
A83036,3083.60994033614,209.59494851608886,-0.9354633
A83037,11163.892998148705,1216.5622244549577,-0.029072119
A83038,715.4097707731952,-138.89010117302593,-0.51666045
A83040,4555.4210742526175,430.01985107970586,-0.029072119
A83041,6729.774604125576,496.54752826855554,-0.9354633
A83042,1156.5894795580434,-348.3530040877813,-0.9797495
A83043,566.856324830845,200.51901910188516,-0.4632801
A83044,2659.1957258262228,1119.3403063183532,-0.98884374
A83045,8349.457431013465,1137.5918465921065,-0.029072119
A83046,5890.140897720269,665.8350894055778,-0.4632801
A83047,6537.879831088296,965.0363645469129,-0.029072119
A83048,1630.936161653986,382.14873296051303,-0.029072119
A83049,6665.581186773161,1005.9116951391521,-0.51666045
A83050,4818.316070520456,887.1819678812097,-0.51666045
A83051,7420.573971898605,1500.949550208919,-0.9354633
A83052,4614.640480073409,729.762458468782,-0.029072119
A83054,7728.7572609020135,574.2675752544718,-0.029072119
A83055,-505.0300955743307,434.7276711573646,-0.9354633
A83057,5423.319957452208,3854.1757860557814,-0.98884374
A83060,-583.6346400340423,309.48823158085236,-0.4632801
A83061,-304.82869105617425,110.99818612664633,-0.029072119
A83066,5150.892924705844,1835.1500148618654,-0.029072119
A83068,-949.1876742263622,-229.88813406966983,-0.9630492
A83070,2020.5241207460242,227.65680865266276,-0.029072119
A83071,1099.1550902178433,-42.16789607135503,-0.9354633
A83072,311.99440819570714,248.81434964484774,-0.51666045
A83073,1803.3227187998705,305.9438516230393,-0.51666045
A83074,6035.499129617729,695.3688468767984,-0.029072119
A83075,4003.2385728450245,685.1217769953115,-0.9354633
A83076,-239.42063657379174,38.07917210409518,-0.49305925
A83603,-574.8413495594964,219.80108322576763,-0.029072119
A83610,-65.97649181990104,247.24388643932335,-0.98884374
A83616,1053.0275080643405,1069.077129479659,-0.9354633
A83617,-77.00855543410803,276.1281426597852,-0.51666045
A83618,1850.9895710167568,1563.6654989781148,-0.51666045
A83619,-58.82659579547801,580.4639229984053,-0.9354633
A83622,-655.0685741945879,31.518280450874965,-0.51666045
A83626,-589.9371086002575,-16.377811731548913,-0.4632801
A83627,2130.495406631307,753.20044955778,-0.9354633
A83630,-1087.2929773740257,172.75273501936394,-0.51666045
A83632,-965.88229101725,94.53518786385543,-0.51666045
A83634,514.966943071121,381.0755649664055,-0.029072119
A83635,21.59521928040844,-19.69968653074235,-0.9354633
A83636,2272.9368939377514,660.4443485067034,-0.51666045
A83637,-595.9425654290924,23.580222786401844,-0.51666045
A83638,-1382.0432211167229,-298.7248110272018,0.01391877
A83641,502.65276813385384,295.3068535852842,-0.029072119
A83644,187.59477310054106,75.10156674451737,-0.51666045
A84002,571.8751378536903,215.1424235442647,0.24141222
A84003,7040.089476759892,1797.308279475043,0.1776424
A84005,4466.179909245704,219.57121751777225,-0.3547281
A84006,9369.286633950851,4590.606721870921,-0.3547281
A84007,6533.0793895390425,-288.1643851338929,-0.3547281
A84008,1492.040324867503,-72.04817213428043,0.24141222
A84009,8926.243920851244,4108.155955743189,0.1776424
A84011,3447.4437057077093,536.8564432997032,-0.3547281
A84013,1431.4717978188967,-238.1441979456228,0.1776424
A84014,2805.9204545126663,685.2604138010967,0.1776424
A84015,121.60504769091442,191.99407491011502,0.1776424
A84016,772.5947172459281,323.32555874414663,-0.51666045
A84018,2307.4687506535843,295.88023894689434,-0.51666045
A84020,2845.0288938930375,-323.9742554447372,-0.3547281
A84021,5016.30833805313,1590.6666156942313,-0.3117372
A84022,5977.672518972908,1446.3445838086093,0.1776424
A84024,2844.238385476154,216.01820316543578,0.24141222
A84025,1261.8385446259038,-27.525355628060602,-0.3547281
A84026,4154.135259874736,742.8926300907153,0.24141222
A84027,642.4953179104072,666.5607937928227,0.24141222
A84028,10687.267523968272,1033.2212663445125,0.1776424
A84029,249.57303693529153,4.677827453415186,-0.3547281
A84030,3010.1075182629797,700.8542100738756,-0.3547281
A84031,1716.1694927472433,-182.4033284839284,-0.3547281
A84032,-102.11705910404602,86.99239918394221,0.24141222
A84033,1216.392122316745,84.77958410131457,0.24141222
A84034,2304.172806115913,500.37897054216313,-0.077436864
A84035,1873.0807205166984,180.00223348922802,-0.51666045
A84036,13343.82536577119,408.3890475642449,-0.3547281
A84037,1292.0922964762233,284.90705327806666,0.1776424
A84038,2183.4040580075043,630.0394181181605,-0.3547281
A84039,606.322852062773,252.38006690528272,-0.3547281
A84040,704.949373116449,214.50890735565147,0.24141222
A84042,-791.2577529285822,283.0171326478837,0.24141222
A84043,7022.718246172054,15.356513073816863,0.1776424
A84044,2710.512987247003,247.44258220094542,0.24141222
A84045,1223.7844478588956,858.5823763159384,0.24141222
A84047,1348.1621670920272,468.36251446778573,-0.51666045
A84048,3472.6314287437845,-22.71638195186801,0.19483876
A84604,-664.6576357484953,176.01274986519533,0.24141222
A84609,-1059.199026798242,359.56229530506033,-0.3547281
A84613,-1727.6103581994444,-156.83504226668055,0.26720676
A84614,-1467.2244285032316,98.81125882849423,-0.51666045
A84618,-1205.0105849654287,173.30998702025192,0.26720676
A84619,-467.091280433963,-41.829263382335704,0.1776424
A85001,1817.3925661162543,129.6872191066794,-0.51666045
A85002,403.65749339339726,285.48416252285256,-0.51666045
A85003,2853.748311646154,44.567045369341926,-0.51666045
A85004,4745.732430191437,215.6474913432932,0.1776424
A85005,7291.099515315701,2103.4842833356633,-0.3547281
A85006,3389.2831116223906,384.07515400909483,-0.51666045
A85007,2015.858038948192,558.6314650158378,-0.51666045
A85008,9404.423958665548,2099.2636753561487,-0.51666045
A85009,1906.9162479739482,142.78781225055155,0.1776424
A85010,3683.263223433343,602.2536642379267,-0.51666045
A85011,3798.5726420726623,673.077795684357,0.1776424
A85012,402.1671633466678,309.5863274968984,-0.3547281
A85013,301.60377108822274,-258.80582676283893,-0.3547281
A85014,3654.5553589133488,714.0736202321812,-0.51666045
A85015,-1306.3967752523843,-255.28473752435377,-0.4564732
A85016,6494.18230178154,2165.5585755191696,-0.51666045
A85017,890.9523348442415,348.91772611618654,-0.3547281
A85018,910.4624995665039,262.4521875171878,-0.51666045
A85019,2263.848817964457,-252.70492559956344,-0.3547281
A85020,6755.147307892201,746.8706538915718,-0.51666045
A85021,-779.5275305717358,-113.41290756057467,-0.51666045
A85023,2062.0913075781054,306.6926115046219,-0.51666045
A85024,-61.32014303954084,-45.589263597132785,-0.51666045
A85025,436.6172381632399,194.1206997472691,-0.4564732
A85026,1272.622018064872,710.2823698126577,-0.51666045
A85601,-2087.377309981741,-281.8690410115423,-0.4564732
A85605,-660.3080015763644,-275.0910253631152,-0.46288556
A85609,-1470.026076172007,-26.893879211788985,-0.51666045
A85611,913.3067850197195,185.2779935359882,0.1776424
A85614,588.0734105562575,-1.4423678623328517,-0.3547281
A85616,928.4114150350256,1253.254002367761,-0.51666045
A85617,11.69926510065047,385.55298370885595,-0.51666045
A85620,220.1668913575013,255.76699401216194,-0.51666045
A85621,-2380.383650350453,-7.486513305717795,-0.51666045
A86003,8022.839304368723,635.770198191359,-0.3547281
A86004,3385.48030620052,236.45801058551,-0.3547281
A86005,2173.0634590659647,501.59272148946224,-0.3547281
A86006,979.1175217860858,109.89607588954156,-0.3547281
A86007,-1772.3807602256616,25.493518207225996,-0.3547281
A86008,3817.492930698418,94.77496361201005,-0.3547281
A86009,1063.750529703106,-975.787153765835,-0.3117372
A86010,1709.7489636131231,400.8069763820606,0.1776424
A86011,7771.9653416721085,862.6734047090881,0.1776424
A86012,2781.1184930007653,398.07416340528266,-0.3547281
A86013,3822.973549976118,334.9568368609094,-0.3547281
A86015,6.37277074298204,-195.30544068293648,-0.35194165
A86016,2199.853736767565,496.45735662865576,0.1776424
A86017,4994.369586919899,954.936525872265,-0.3547281
A86018,3307.563321062059,632.2699637347713,-0.3547281
A86020,-427.9968301011228,838.356610540262,-0.3547281
A86021,7080.595775269703,205.8885985908303,-0.51666045
A86022,2836.982391497997,768.8930104942892,-0.3547281
A86023,3323.4024020077286,935.466845716531,0.1776424
A86024,1946.503539597373,834.737358791156,-0.3547281
A86025,6232.4421389005565,1199.533427570969,-0.3547281
A86026,3038.596567436894,434.9139978231628,-0.51666045
A86027,-2083.3656785583335,111.82363128600532,-0.3547281
A86028,-20.333357688183927,248.42264487136802,-0.3547281
A86029,9745.160285518594,3669.3578520117853,-0.3547281
A86030,5381.066623213102,981.3699637348684,-0.51666045
A86031,1349.6370723865286,730.4650862701799,-0.3547281
A86033,-384.51483645071227,52.50000567384366,-0.3547281
A86035,-1115.5860717130258,24.823940671428133,-0.3547281
A86036,1876.7918390658688,694.3598145649912,-0.3547281
A86037,2384.6426316738357,271.2904787162693,-0.3547281
A86038,2820.4486077997644,358.38649507209857,-0.51666045
A86040,2246.0831733704963,687.2708421054718,0.1776424
A86041,1589.360578902738,162.9443501470176,0.1776424
A86601,2323.667637698705,530.8716595691407,-0.3547281
A87002,3316.859104781842,-187.46617941292823,-1.0078313
A87003,5121.050851376426,369.89209379501085,0.1776424
A87004,7535.767159116261,257.88658543659017,-1.0078313
A87005,3819.798807723393,908.5941666603776,0.1776424
A87006,1365.7817635494382,302.0875605211798,0.1776424
A87007,5166.291910039651,1259.4777289285105,0.1776424
A87008,1138.319967090214,-32.87642257013059,0.1776424
A87009,6171.299890604279,787.4686049431198,-1.0078313
A87011,1422.0971012691198,275.03223801601786,0.1776424
A87012,4764.725707372459,219.8012680680898,-0.3547281
A87013,4018.2022158026907,742.9410331433502,0.1776424
A87014,151.58903027938348,-402.2510419758311,0.1888081
A87015,2045.816671462931,-136.5804352546087,-1.0078313
A87016,4927.091620959529,341.9318758070168,0.1776424
A87017,3509.032376287222,284.15333657399447,-0.3547281
A87019,1597.8152475411637,53.87323897166724,-1.0078313
A87020,2018.0777114524856,638.1626511165131,0.1776424
A87022,1146.7669140318671,1133.9155674124022,0.1776424
A87023,1201.671147378061,16.845108376081487,0.1776424
A87027,1040.2966996244832,-94.70902806398483,0.1776424
A87029,1747.626139656522,609.1898447605013,0.1776424
A87030,603.9384039865126,290.70945208926685,-1.0078313
A87600,-22.09808071585354,385.97233514005416,0.1776424
A87612,1860.356471986463,766.6496702401895,0.1776424
A87615,281.33780163137834,568.5515774278854,0.1776424
A88001,840.9656196047905,101.80655402701001,0.1776424
A88002,6673.327934637453,2153.744460910013,-1.0078313
A88003,5747.326636174336,956.5125664784417,-1.0078313
A88004,1863.9494706651406,432.7219954594368,-1.0078313
A88005,1286.6308699861884,265.4003677015563,-1.0078313
A88006,1835.326306654362,806.6318576939083,-1.0078313
A88007,2891.432946273612,-155.9091192546649,-1.0078313
A88008,1711.7740929844283,383.165692782183,-1.0078313
A88009,1022.3751817417608,57.89924096009575,-1.0078313
A88010,1649.1014460970375,347.5622611266654,-1.0078313
A88011,-659.794676089308,-197.72788806182314,-0.9992331
A88012,2873.875822072364,215.32720858565088,0.1776424
A88013,7917.46387042265,2436.4500402718677,-1.0078313
A88014,-620.6637557210662,-36.908548230781136,-1.0078313
A88015,2687.3751818752407,1555.4363590394762,-1.0078313
A88016,2069.5805885754517,827.5511144469847,-1.0078313
A88020,-968.9277802001503,-341.66455190644723,-0.9992332
A88022,2941.0842886237815,413.3459233722968,0.1776424
A88023,1479.3819312805213,46.13047921053683,-1.0078313
A88024,-2975.152944619178,-1348.6508284344718,-0.9992332
A88025,310.7667730658622,184.9056133569251,-1.0078313
A88601,-541.1279157274886,435.8000172001825,-1.0078313
A88603,-1023.9539173979285,-727.0531238081333,0.17900826
A88608,1364.731079691045,110.3858203348506,-1.0078313
A88611,-962.109197381549,-76.91094053882806,-0.9996971
A88613,158.69574875380985,-226.85356438576895,-1.0078313
A88614,-1874.9758759402553,-330.1396212456783,-0.9992332
A89001,12005.16445463924,1972.4070292880235,-0.9354633
A89002,1392.7616849763047,1034.9610537791305,-0.9354633
A89003,1174.1982284567418,185.80004602808572,-0.92686516
A89004,10713.27505083477,2382.5165740931916,-0.9354633
A89005,1962.5076871580102,406.1658398043115,-0.9354633
A89006,2539.573683348473,632.1418699694755,-0.9354633
A89007,4714.986301735895,403.70152665483795,-0.9354633
A89008,2354.6053328357666,579.8167327387935,-1.0078313
A89009,3698.2368366805936,535.3221759434683,-0.9354633
A89010,5585.967274770247,969.9795362363508,-1.0078313
A89011,922.569043343689,282.39647688666594,-0.9354633
A89012,4148.596827311928,2746.8892366383757,-0.9354633
A89013,2836.288514675897,-76.29909089581079,-0.9354633
A89014,-855.8016114740403,144.07141026123216,-0.92865205
A89015,3960.2574275247316,1043.1515357074402,-1.0078313
A89016,3118.493942360651,1161.7646658657166,-0.9354633
A89017,5815.169035046492,886.9970635408384,-0.9354633
A89018,2284.567678061975,400.3519931896327,-0.9354633
A89019,7636.191915666628,978.4426720249608,-1.0078313
A89020,3245.7135165049526,1145.8944793233889,-0.9354633
A89021,4656.92950082527,620.3742648709908,-0.9354633
A89022,1690.6568684222614,543.8183382752262,-1.0078313
A89023,3794.5843270555524,1081.0187901967884,-0.9354633
A89024,2891.2177152483036,434.6380743652223,-0.9354633
A89025,4295.299651075003,3091.573308540413,-0.9354633
A89026,2352.1372815060304,1556.7445719755622,-1.0078313
A89027,1979.0625818438737,689.7166450879606,-0.9354633
A89028,3749.754432246803,655.3013765737985,-0.9354633
A89029,-839.9453737637372,-421.3083917848647,-0.92865205
A89030,4449.486598348819,1531.9748912524976,-0.9354633
A89031,1373.6610747702114,483.7649692094912,-0.9354633
A89032,3473.045911510844,2490.783091255121,-0.9354633
A89034,-584.1748160505739,210.10935314677766,-0.9354633
A89035,4704.218402241443,1557.2239696464496,-0.9354633
A89036,-212.41790450505388,49.588013944920775,-1.0078313
A89038,-376.1751317550898,-411.87427753500396,-0.92686516
A89040,1539.881504441012,1378.5097061090898,-0.9354633
A89041,1305.3403982877853,918.984019485807,-0.9354633
A89042,780.9796103627168,-795.0246754764304,-0.9277812
A89603,-978.8091247127073,-45.37497264145574,-1.0078313
A89604,1307.5072810353824,820.1070084227223,-1.0078313
A89610,250.20708192888847,-268.12718716935194,-0.9268651
A89611,-1376.1648330344296,154.23711052974167,-0.92686516
A89612,-1267.8775191258844,-94.08764657208985,-0.9298805
A89614,1248.8044327811263,432.18478028610775,-0.9354633
A89616,-608.4126340105819,495.3835473971771,-0.9354633
A89617,465.032212097963,1119.985539857497,-0.9354633
A89618,-1550.1649469496901,-404.5252511906635,-0.92686516
A89620,-134.71311204272897,-93.53493272629704,-1.0010201
A89621,-1016.0395820959593,-928.903155635027,-0.92686516
A89623,-817.9939292898603,115.8837100809396,-0.9354633
A89624,-668.7860459985675,274.26426265762314,-1.0005901
A89625,-2369.519789877513,-188.74531692756813,-0.9268652
A89634,-2421.1204740834705,-43.18966907867352,-0.93410194
B81002,-17.87605314705482,-16.185324407230308,-1.2525212
B81003,9360.249525120558,830.2382764981658,-0.60120916
B81004,8815.687924616748,743.0852209021685,-1.2525212
B81005,10644.124160202087,229.41953656316386,0.12426206
B81006,3229.515468657404,444.1015644395709,-1.2525212
B81007,5358.470153643512,442.4411797944507,0.12426206
B81008,13151.780518611537,5273.0453428507235,-1.2525212
B81009,3533.9658271576477,197.82895644329227,1.0528653
B81010,6089.8157740964,514.9075678305078,-1.2525212
B81011,4158.5804614702865,1537.1583732728714,-1.2525212
B81012,599.9335860319117,-504.02815676409847,-0.60120916
B81013,1771.3166689675966,221.06043576825095,1.478475
B81014,3179.8503331412135,195.87230138302988,-1.2525212
B81015,8220.34485561733,844.6734098761389,-0.60120916
B81016,2042.9518264538478,686.0998175841202,-0.60120916
B81017,3808.0823286808554,1352.9474752879987,-1.2525212
B81018,3840.785991712097,1244.202065318327,-1.2525212
B81019,-1194.2187144520615,-294.18027699695665,-0.60120916
B81020,2278.881029804142,642.2171100518037,-1.2525212
B81021,1357.1308477770249,482.777622324376,-1.2525212
B81022,9473.412855606473,493.3407119869433,0.12426206
B81023,2339.0310780775494,119.90573069921086,-0.60120916
B81024,2079.82811074101,769.6002337564886,-1.2525212
B81025,10687.505394914368,3490.9128795661745,-0.60120916
B81026,9428.481797107574,1552.2355446879951,0.12426206
B81027,3706.042276749405,1650.0106470557603,-1.2525212
B81029,4091.3071725077552,210.38838229718175,1.478475
B81030,4039.837368022194,1341.46760698217,-0.60120916
B81031,5665.750310926565,-172.11007113482165,-0.60120916
B81032,-719.5911806160532,564.0281255821701,-1.2525212
B81034,6095.66432376383,632.8888080742933,-1.2525212
B81035,1431.180183201125,555.8487108504966,-1.2525212
B81036,6450.755508438304,343.7232690723037,1.0528653
B81037,8714.142327424746,447.16383261495787,1.0528653
B81038,3294.5672681108686,507.22831424966625,-1.2525212
B81039,11320.304259734818,2979.6591499844667,-0.60120916
B81040,7461.012741422346,-159.23866101619615,-1.2525212
B81041,1429.6027127401755,204.0057465571929,1.0528653
B81042,6085.452993492941,495.236553208158,-1.2525212
B81043,8025.172516948665,294.031337558062,-0.0670474
B81044,1626.6671538982462,499.8456654232449,1.0270708
B81045,6548.863373267071,262.08846361721623,0.12426206
B81046,4579.027700838504,469.2510409017324,-1.2525212
B81047,577.3643261023609,428.37299457753005,-1.2525212
B81048,7568.906797246192,6911.5934984200285,-1.2525212
B81049,979.1137922554194,97.21524735641106,-1.2525212
B81050,5683.992125460297,-435.8437475680765,-1.2525212
B81051,2382.742118949353,818.2792101852443,-1.2525212
B81052,-513.9551552389189,238.36767936857558,-1.2525212
B81053,6308.458498056551,213.01396344184582,-1.2525212
B81054,4110.886994879799,333.13920964379685,-1.2525212
B81055,1228.1788389697683,745.45202953796,-0.60120916
B81056,4890.790343461105,100.10147767645041,-1.2525212
B81057,-1532.193672053741,-916.8585559351661,-1.2525212
B81058,2325.4078221072864,-272.0136123421269,-1.2525212
B81060,3327.007281074793,-1839.3639164189553,-1.2525212
B81061,13457.992578657104,3753.096944861284,1.0528653
B81062,6016.917849029899,799.8169650763459,-1.2525212
B81063,1933.8434642209934,421.50271757620226,0.12426206
B81064,3688.687902106948,-95.39067743643176,0.12426206
B81065,6209.596442893535,-106.6491500524576,0.12426206
B81066,-800.232079173904,-59.74075569764702,-1.2525212
B81068,8150.364092888313,776.372551043558,1.478475
B81069,6081.122372682516,443.4524034197756,-1.2525212
B81070,2037.9842679483424,252.88424184575777,-1.2525212
B81072,-890.5677077283333,-667.2295770170181,-1.2525212
B81074,1130.7196700279387,1272.1003781892139,-1.2525212
B81075,-1034.5850498592292,438.6523621973816,-1.2525212
B81077,3161.2401507003106,857.9513400215419,-0.60120916
B81080,-988.6228295847405,-305.4460371075813,-1.2525212
B81081,21.024653643979097,335.1536645107633,-1.2525212
B81082,-385.68638653764344,308.2732978654079,-1.2525212
B81084,647.8795757017455,-54.63656943514211,-1.2525212
B81085,364.0222794390238,970.5387652541256,-1.2525212
B81087,4513.339209139729,1922.7430129404609,-0.60120916
B81088,2290.189754100817,510.18071777242693,1.0528653
B81089,-641.6011986521694,-201.85214357393733,-1.2525212
B81090,643.9462914274809,249.11076509435102,0.12426206
B81091,-534.8730726693074,-31.465829688730967,-0.60120916
B81092,4195.764634761423,23.285943036583166,1.0528653
B81094,-1533.742444078905,262.86789499894155,-1.2525212
B81095,911.103460830944,59.683633449874335,-1.2525212
B81097,-1219.4360484929907,352.6231731818772,-1.2525212
B81098,-1520.6165283290386,-535.905743344743,0.15865476
B81099,2901.9208892681027,1733.926690555586,0.33957475
B81100,-248.93349300848655,772.0398329222807,-1.2525212
B81101,4821.093799980694,4079.096332500399,-1.2525212
B81104,-1843.8397320252636,105.18288720255747,-1.2525212
B81108,207.9867898955897,-232.7151485375965,-0.60120916
B81109,8089.716883372293,1124.2011163023324,0.12426206
B81112,1752.5510251475955,2169.2825177393356,-1.2525212
B81113,2422.3042857535343,780.5470880292357,0.12426206
B81118,2352.917135402279,1652.5194753804715,0.12426206
B81119,587.1933298135197,386.4985069478091,-1.2525212
B81120,-1178.4149705364784,61.521305609049335,-1.2525212
B81121,-1045.0235119981423,611.5947629416856,-1.2525212
B81602,-571.9497300253594,-46.00611453577721,-1.2525212
B81603,-871.5305578508712,-604.7666478898824,-0.60120916
B81606,-288.62262747815623,-115.46833409839661,-0.60120916
B81616,-347.0869861460432,11.125750886599878,-1.2525212
B81617,1901.6933807696432,1428.3469835984242,0.12426206
B81619,411.7713075722756,288.8565067850047,-1.2525212
B81620,-576.4112659469994,376.0341663726305,-0.60120916
B81622,-351.7490981597424,-87.12742038859069,-1.2525212
B81628,641.4436252327652,39.3253203963798,0.12426206
B81631,630.8944789158534,785.2930326258312,-1.2525212
B81634,-1255.0659964921304,-10.652427870702917,-1.2525212
B81635,-15.100417942772227,533.7474984926438,-1.2525212
B81642,218.30958848048164,509.8628119103358,-0.60120916
B81644,-1529.7703743626253,-263.2053691405196,-1.2525212
B81645,-4.523059141229787,532.9814026263017,-1.2525212
B81647,-456.37364352767634,251.79008622349912,0.12426206
B81648,-735.9243764908297,584.6998992410101,-1.2525212
B81653,-563.3650483267936,344.01732332105234,-1.2525212
B81655,-1451.3620567842136,59.51324389657942,-0.60120916
B81656,133.80670911906043,350.4625130653553,-0.60120916
B81658,-959.6418298513058,553.9677973533363,-1.2525212
B81663,-1359.8079314044874,163.66664001979933,-0.60120916
B81664,-1311.6878602985082,31.36228903796442,-0.60120916
B81665,-1537.8624928609381,55.5028339694291,-0.60120916
B81666,-1923.8980214875999,103.82614235122188,0.12426206
B81671,-2378.340099125501,-40.160606623682504,-0.60120916
B81674,-1323.7208263695702,-657.9418510280768,-1.2525212
B81675,2001.6980210697384,1309.834369057413,-1.2525212
B81677,-60.597670242869064,-65.72911317724086,-0.60120916
B81679,-1535.1632448178857,15.092328772779776,0.15865476
B81682,1663.967943695047,-75.62241862369206,-1.2525212
B81683,-446.6952000131781,273.51258280968676,-1.2525212
B81685,-1471.1717504210203,-169.92962541285524,-1.2525212
B81686,-643.1199500565881,-472.5565532641771,0.15865476
B81688,-1294.6930629888845,59.252800335477566,-1.2525212
B81689,-846.0242511167677,37.782517645598425,-0.60120916
B81690,-2124.8745703864292,-476.50043328301274,-1.2525212
B81692,-1299.2079874035796,506.14482535604884,-1.2525212
B81693,-1370.08237950005,-303.04232096855645,-0.60120916
B81697,-1066.3628011016892,128.91947634584594,-0.60120916
B82001,1528.9736491653264,-921.6046566426122,-0.33435223
B82002,1502.002436440037,334.0978641097515,1.6765913
B82003,-1019.8079151575155,60.23283263673196,1.6421987
B82004,3994.061639552656,128.73458103929477,1.8507046
B82005,18725.61477207962,4884.880616132844,1.6765913
B82006,-1399.1284911449695,-529.1362136961882,1.6421987
B82007,3675.735839002792,304.9786764155912,1.4164965
B82008,3069.9967334247654,-208.84626373538683,1.8507046
B82010,1360.2438051638228,-225.7243349838939,1.8507046
B82011,1214.8621032757092,381.49946728602134,-0.3547281
B82012,4687.5540020495255,451.7243162614616,1.8507046
B82013,5650.466440774287,2405.936863950023,1.8507046
B82014,-84.51324945792504,86.93210107509833,1.8507046
B82016,-511.5238313004344,-36.79802511234744,1.8507046
B82017,7631.742729366302,207.3896661226696,-0.3547281
B82018,596.4723235448123,47.12650625761604,1.6765913
B82019,-1032.7564350120763,-7.226537315928339,1.4319016
B82020,7004.981447362391,644.2149382413393,-1.0250278
B82021,302.5241320953535,-116.32267904725508,1.6765913
B82022,998.4850963742058,10.12022698700701,-1.1439692
B82023,1646.174946806818,188.02551944240048,-0.029072119
B82024,2321.861995522555,396.239534802301,-0.3547281
B82025,12052.3293962519,1611.7536017893856,0.7290005
B82026,17925.885691758893,6277.580052548489,1.6765913
B82027,2583.4205740570737,1275.885987177465,1.8507046
B82028,3359.8751074042857,216.60300497110637,1.4164965
B82029,-351.73952571719485,135.70740647063556,-0.029072119
B82030,1542.9486215257423,273.658099117278,1.8507046
B82031,2116.6542619981487,379.9976911380888,1.478475
B82032,3521.6472321121455,15.864249006925737,1.8507046
B82033,5278.589651150742,358.20930442537605,0.7290005
B82034,1102.4972358331388,429.5096316417888,-0.029072119
B82035,-209.68626120851744,-104.81838036849419,-0.029072119
B82036,1510.7118987629751,111.81820819585133,1.8507046
B82037,5964.207758216261,845.8222128308954,-0.3547281
B82038,5374.07176986885,5015.359373146473,-0.3547281
B82041,7100.8654962468245,307.6807110269379,1.478475
B82042,3159.141330251598,-135.85834307546193,1.4319016
B82043,-1398.3215919310035,-76.3176921366387,1.6421987
B82044,1088.5806327532239,55.185644097449284,-1.1439692
B82045,796.2764179313028,0.2252927573305195,1.2577884
B82046,-236.912246664952,93.2023175634896,-0.4994641
B82047,-721.5694940249989,110.86610687071183,1.6765913
B82048,-1829.9305470991794,-1017.2367866209507,1.6421987
B82049,1964.7380269891062,-169.80699443673913,1.4319016
B82050,10531.377281509564,422.45836566643123,1.4319016
B82051,-2712.0787863698188,-1617.8992180969676,1.6421987
B82053,3710.541185084436,468.17992855535243,1.4164965
B82054,6974.85070065831,751.3210054715602,-0.3547281
B82055,5252.855920223811,2045.740314379766,1.6421987
B82056,479.763949659339,-48.54860090757771,-0.3117372
B82057,381.55283045617216,163.48480112463375,1.6765913
B82058,673.3698698564433,-269.1989173211085,-0.3117372
B82059,2228.4510760804224,-275.14263370112553,1.8507046
B82060,3505.4153214687635,138.6469831171257,1.8507046
B82061,2670.9492524014645,93.54446334558068,0.024308233
B82062,-729.3880726118498,109.1768985587577,-0.3547281
B82063,5309.491586402182,1262.99258630166,-0.3547281
B82064,-669.0074759423218,-170.83490988214342,1.6765913
B82066,3347.5166193507703,153.44202153008888,1.8507046
B82067,138.95820717985043,345.493664761552,1.8507046
B82068,368.6247066637486,-54.02692368443275,0.7290005
B82069,2057.018875255015,127.82905781885509,1.8507046
B82071,579.4328187813009,464.6290948024192,1.6765913
B82072,1078.184849209775,-177.02477293400023,-0.029072119
B82073,5029.64487716754,529.816207730949,1.478475
B82074,4052.0447414986684,487.45177385325655,1.478475
B82075,3631.0076980966637,424.1544480782482,1.4319016
B82076,-342.52549000534066,82.89830076913829,1.8593026
B82077,1263.3190917532063,-252.4613735361853,0.7290005
B82078,1820.644476752502,83.49134025771295,1.2577884
B82079,-97.24460341162246,28.851402225879422,1.6765913
B82080,7122.315119676209,412.62342256038136,1.6765913
B82081,1791.2235296738709,127.14296172367611,1.6765913
B82082,583.158753762007,532.5501237052841,1.6421986
B82083,12904.646974317657,7826.269448151836,1.6765913
B82086,-830.3484511441594,105.53668891483129,-0.4994641
B82088,2943.7671178467667,1942.3162934079085,-0.3547281
B82091,-404.53417014752546,111.08768749649798,1.8507046
B82092,822.4942643266644,-30.840912737284437,-0.33613092
B82095,-1277.8995583484416,-110.72852239868512,1.6421987
B82097,262.2276404731183,-38.00312176861706,1.478475
B82098,2053.6007846860934,1112.661533659132,1.6765913
B82099,-838.5566597370342,-237.96530007736015,1.4250947
B82100,211.6142352228136,958.9013837468027,1.6765913
B82101,1686.917929339326,669.8127680425544,-0.3547281
B82103,-1699.2574354744352,12.08754839500149,1.6765913
B82104,-584.3266735790169,281.94883598363117,-0.029072119
B82105,2553.813013996667,21.732563050565698,1.478475
B82106,284.02391395545504,74.40054449523701,-0.3547281
B82609,-44.65337509041127,192.31410019906153,1.6765913
B82611,1924.2982661828507,1384.9841161909612,-0.33435223
B82619,-1671.9758784229548,81.88885305761248,0.7290005
B82622,-1146.9121417265912,186.37192668651844,1.2577884
B82627,-1486.760890649187,212.6940271166576,1.8593028
B82628,1110.0426161108712,144.71389941025438,-0.3547281
B82629,-2553.073353601793,-423.913137026911,1.6421987
B82638,-2424.8351447042487,-0.10815282095806289,-0.026499525
B82639,-2495.2545680420467,-6.1523230348704345,1.6421988
B83002,-598.8907135535826,-29.70123765465599,-1.0250278
B83005,-45.09768278696046,-724.3701985543798,-1.0250278
B83006,4555.186468703546,337.35720517600515,-1.0250278
B83007,-50.72670347854303,-561.6368351332201,-1.0250278
B83008,1640.537355188948,521.0877266041118,-1.0250278
B83009,1875.4953697206008,-54.53544886625967,-0.23757793
B83010,3018.663180926447,487.6710794618302,-0.23757793
B83011,628.9747458805608,679.2166618918689,-0.2364745
B83012,744.8953410141299,857.9516849369102,-1.0250278
B83013,4216.204510421008,951.4620202888603,-1.0233558
B83014,2449.172944306724,-248.56092260588903,-1.0250278
B83015,2444.09367446423,371.6230663179451,-0.23757793
B83016,400.5416855757994,291.1113287248848,-1.0250278
B83017,450.4500108258033,63.12694820918605,-1.0250278
B83018,3000.7934326515838,646.357393498192,-1.0250278
B83019,-62.141611989860515,160.6770259229522,-1.0250278
B83020,1290.222742735411,394.38689018858145,-1.0250278
B83021,2753.3189468479554,502.1436317258502,-1.0250278
B83022,984.9732978278082,25.512456619280545,-1.0250278
B83023,1711.7163471233002,107.75309455365594,-1.0250278
B83025,-659.0484254841526,15.663588055274628,-1.0250278
B83026,-369.6669133602933,159.179476635429,-1.0250278
B83027,3733.843680249345,215.64142997982952,-1.0250278
B83028,4079.551155954013,1232.6569271280487,-1.0250278
B83029,3268.883277558422,925.8084265670019,-0.23757793
B83030,2420.087176867006,953.2893220112376,-1.0250278
B83031,-862.2754828381132,133.10105244057422,-1.0250278
B83032,-552.7711006060744,34.54309886138056,-1.0250278
B83033,2206.11719946975,321.0876190852046,-1.0250278
B83034,624.9785094372154,33.931919905677994,-1.0250278
B83035,450.05285321182765,333.9136817185195,-1.0250278
B83037,3699.614484710815,-202.1386143634385,-1.0250278
B83038,2573.629936885327,418.50414286021044,-1.0250278
B83039,5344.7714661671325,790.821228143523,-1.0250278
B83040,2563.2569512291893,440.82489922356064,-1.0250278
B83041,2644.8382769038944,1411.22864073259,-0.23757793
B83042,2291.197364901622,38.891152128404755,-0.23757793
B83043,-842.2979282442965,-317.8498403216168,-0.22678348
B83044,1281.0012535028632,569.8160730776563,-0.20684943
B83045,1946.784653266925,1397.1468315674924,-1.0250278
B83049,200.2052248189291,513.3858897673231,-1.0250278
B83050,148.72884493950593,-170.87861929357138,-1.0082792
B83051,-2240.668029660268,70.1689910657045,-1.0250278
B83052,3245.861046392361,1501.8415497826195,-1.0250278
B83054,1373.1417588938496,378.323700767923,-1.0250278
B83055,9077.405558402364,-303.55107009391133,-1.0250278
B83056,3445.5534432887557,1438.90567061887,-1.0250278
B83058,95.03610930401139,1.797496490421208,-1.0250278
B83061,-663.0800266417941,-37.06931479596702,-1.0250278
B83062,2365.9215544287845,537.6311744900745,-1.0250278
B83063,2760.542810496552,1906.9657477560263,-1.0250278
B83064,2430.1431309147697,842.1899320864493,-1.0250278
B83067,251.79039657407645,449.8009884852183,-1.0250278
B83069,-1980.8512164866443,-553.9946945372652,-1.0059339
B83070,-653.7494885780186,-57.56853737465465,-1.0082792
B83071,-1041.8315278173586,146.7611881537945,-0.9992332
B83602,-263.8147765428137,240.21370776081724,-1.0250278
B83604,-974.3202372641515,52.448936354818564,-1.0250278
B83611,-1063.6332793805038,195.27682038215215,-1.0250278
B83613,-1058.9793801094406,40.31915628519392,-1.0094498
B83614,-693.7984745121177,573.5266251969861,-1.0250278
B83617,-1684.6333633484235,-203.65279483909345,-1.0250278
B83620,228.1721249308137,-194.653220008889,-1.0250278
B83621,-960.8348999942244,151.0889837128782,-1.0250278
B83622,-581.1106938177393,157.3417371266418,-1.0252856
B83624,8591.913255521265,2641.0933240043546,-1.0250278
B83626,678.7208863481728,556.4649177372302,-1.0250278
B83627,-855.1478684003246,527.6077565220947,-1.0250278
B83628,-514.0565695157638,261.0774369526476,-1.0250278
B83629,-842.5077739952235,-2.2197248264783105,-1.0250278
B83631,-995.8416732221629,-52.61429527407427,-0.9992332
B83638,-784.8732995207511,-85.82142560457706,-1.0224943
B83641,517.7553234770996,426.34257544749556,-1.0250278
B83642,-1545.835268140467,-18.721586513955685,-1.0250278
B83653,1944.151482664791,1113.7621835504458,-1.0250278
B83656,-2388.591124544231,-72.62644458623556,-0.9992332
B83657,-1389.0960708416574,534.1641495563625,-1.0250278
B83659,-1239.2604440161108,151.9177338159109,-1.0250278
B83660,404.05694235237695,668.871671396921,-1.0250278
B83661,-1188.8389179218361,68.26057026246323,-1.0250278
B83662,-2345.6045376415927,-19.125814821727282,-0.9992332
B83667,-2357.682934376419,-8.047197535268383,-1.0263711
B83690,-2334.228817438698,-5.273896760954137,-0.9992332
B83693,-2370.6443714468364,-15.697227409431036,-0.9992332
B83695,-2380.7009521912273,-42.13206301385315,-0.9992331
B83696,-2377.731780564786,-41.37190626020158,-1.0142058
B83699,-2362.099315811156,-4.319594287685459,-1.0016454
B83700,-2733.415637233063,-481.2890702382194,-0.9992332
B84001,1223.145116265297,-252.07329193806197,-0.32714227
B84002,134.11577248416862,191.71067889712512,-0.32714227
B84003,2066.910012370429,240.53206886325714,-0.23757793
B84004,7040.2696249957135,-461.3672228581381,-0.32714227
B84005,2952.235685891833,1180.7539975515267,-0.32714227
B84006,4780.570701563214,44.01130959392463,-1.0887976
B84007,820.3464868385181,477.6950813257893,-0.32714227
B84008,6353.505705472498,1824.020716526137,-0.23757793
B84009,3447.1199730858984,109.11256345417327,-0.23757793
B84010,3015.0946179276475,314.56426253149596,-0.32714227
B84011,4855.711740808166,1000.9391453478723,-0.23757793
B84012,2503.480700968403,-39.45205150528584,-0.32714227
B84013,3813.1739033492245,590.6197947056233,-0.32714227
B84014,472.9700868874111,-538.4961040540658,-0.23757793
B84016,1639.015192318048,1161.3358021672555,-0.23757793
B84017,-1336.1747930450495,-101.93816354868378,-0.21982154
B84019,1772.1518490740832,424.0738914620152,-0.32714227
B84021,2232.2669120049823,552.1120825367495,-0.32714227
B84610,-253.50870716307665,191.96437965184117,-0.32714227
B84612,2147.8363195821807,1459.1900055532258,-0.32714227
B84613,1571.0573610031636,802.4586973559648,-0.32714227
B84614,-1456.9687283876333,-19.624762642210904,-0.27555323
B84615,-951.2073709049902,213.55554009731785,-0.23757793
B84618,3299.4873787041256,324.66854273221537,-0.32714227
B84623,-1043.542144207215,310.0922496975767,-0.23757793
B85001,877.5920045472195,251.9527470838527,-0.23757793
B85002,-447.59923955722394,-41.667590426891614,-0.92686516
B85004,91.4728720702494,199.12458497810164,-0.23757793
B85005,1166.6313944219332,-160.58761942289354,-0.23757793
B85006,2320.5836324561137,1150.6081407598354,-0.23757793
B85008,96.49937410307847,277.87323698843375,-0.23757793
B85009,2240.7112177298127,1101.2351660796608,-0.23757793
B85010,775.21439189145,538.4872633166084,-0.23757793
B85011,-576.0169747339644,-966.7757852857342,-0.20318522
B85012,3624.246066979436,1027.5914775083877,-0.23757793
B85014,4965.903742725024,1187.6834762221288,-0.23757793
B85015,1884.168560164481,-175.01365549780363,-0.23757793
B85016,1737.8530545199708,808.7563597897603,-0.23757793
B85018,2050.49980405018,137.6441759787222,-0.24796739
B85019,5055.921921271648,553.8152129747868,-0.23757793
B85020,2157.2073671951516,350.2720745739888,-0.23757793
B85021,3829.2807034263196,781.5788051538188,-0.23757793
B85022,1517.6788425125849,526.2241451255694,-0.23757793
B85023,295.54877890247747,529.7590478134865,-0.23757793
B85024,2381.7572335288664,393.6960602037528,-0.23757793
B85025,2197.9225152610156,-312.7923253923818,-0.23757793
B85026,762.8163321072296,115.8035093073057,-0.23757793
B85027,1417.8913470900989,928.5733023075189,-0.23757793
B85028,7975.304412964937,1190.4396812509226,-0.23757793
B85030,1536.1810971193481,407.34821618783906,-0.23757793
B85031,1260.819742165813,624.8952124204441,-0.23757793
B85032,-141.04443200546925,244.69141365604656,-0.23757793
B85033,-302.81595067131457,302.6913287601594,-0.23757793
B85036,1653.0695375667192,194.0381859016841,-0.23757793
B85037,1091.4180386924597,222.058209527996,-0.23757793
B85038,486.11713048660056,127.15982167155471,-0.92686516
B85041,2771.6755892695087,1070.0760015792396,-0.23757793
B85042,1101.030631019969,116.51417173430342,-0.23757793
B85044,-1125.4692287143134,383.24365423154484,-0.23757793
B85048,232.62537209669938,858.2141953269097,-0.23757793
B85051,1479.175388238864,678.017988254523,-0.23757793
B85054,1841.7261498640732,1573.858244733916,-0.23757793
B85055,2434.1032030765,1590.0829706566396,-0.23757793
B85058,-1236.8213479388507,236.97359097635533,-0.23757793
B85059,-171.78757825235593,360.69795690389424,-0.23757793
B85060,-518.9035648521216,-50.239858878367286,-0.23757793
B85061,2334.072462490896,449.37819480717064,-0.92686516
B85062,-2168.9290280124696,76.52407593654745,-0.23757793
B85606,1258.4346667833247,129.8196771775072,-0.23757793
B85610,1259.0210940378213,803.5225677778889,-0.23757793
B85611,-514.0686062648845,577.3189044008741,-0.23757793
B85612,-133.01848816041706,8.589013651973898,-0.23757793
B85614,1214.978467103383,1065.477447501632,-0.23757793
B85619,-518.247064904132,291.5829573844384,-0.23757793
B85620,-944.6317939001349,-53.762986979493135,-0.23757793
B85621,-1038.569458992161,-82.55141044479467,-0.20861283
B85622,-545.1940581242336,100.3486202870707,-0.23757793
B85623,-893.3422452920553,447.62780927736674,-0.23757793
B85625,-2563.57813539568,-612.8441980161845,-0.20318522
B85628,-1958.928429690795,-482.493628099975,-0.20318522
B85629,-1384.393226657168,-51.26440142318176,-0.20318522
B85634,-995.2279762051511,373.7267387771284,-0.23757793
B85636,-1230.729799171264,-39.10413278957043,-0.23757793
B85638,-834.1277750253047,-245.96496301414444,-0.23420008
B85640,-890.765255766972,-250.03659281043815,-0.23757793
B85641,-285.87125315770373,-60.11367432894412,-0.23757793
B85644,-1303.0119631076566,75.11657439797568,-0.20318522
B85645,-1454.0337730091474,-89.93231915789818,-0.23757793
B85646,1462.5321034558226,651.2479758505032,-0.23757793
B85650,-1518.1698597862996,101.6860907976862,-0.23757793
B85652,1266.018261701613,592.9761679128769,-0.23757793
B85655,-957.1070984472896,-73.44300904391756,-0.23757793
B85659,-2037.488772091296,52.374700726149555,-0.23757793
B85660,-273.9686568995221,286.99294455552183,-0.23757793
B86001,-1028.2933885646366,-101.44130620241248,-0.24796739
B86002,1647.4521275056734,366.2699116784994,-0.24796739
B86003,4528.024150684479,458.6124578522781,-0.24796739
B86004,299.8745206289687,-20.494648834141405,-0.24796739
B86005,-390.8971719529775,341.2351650925234,-0.24796739
B86006,3167.2049954090085,681.9467516187685,-0.24796739
B86007,2281.8976980749803,466.85532784828973,-0.24796739
B86008,4249.875264881978,1911.9381241126655,-0.24796739
B86009,1158.7633367619003,41.519209107241224,-0.24796739
B86010,4025.676065258956,326.7290537846673,-0.24796739
B86011,836.0635183560132,49.95622231135503,-0.24796739
B86012,3200.068163237429,805.3048045355876,-0.24796739
B86013,4273.014487835046,988.4074073993136,-0.24796739
B86014,4268.90288089502,284.33049230122646,-0.24796739
B86015,6831.955086305641,1335.6055996171835,-0.24796739
B86016,6246.193916536785,263.4114341607146,-0.24796739
B86017,1979.0005166195158,440.52813095056587,-0.24796739
B86018,2843.5494328564328,148.07449668177208,-0.24796739
B86019,643.506852992596,-772.9076265452062,-0.24796739
B86020,2584.724009182213,504.2095445273892,-0.24796739
B86022,3214.797741691738,695.4168093745478,-0.24796739
B86023,-45.47419089619738,-20.281235902564983,-0.24796739
B86024,3680.3970763526345,526.5344944436027,-0.24796739
B86025,1558.7700239511084,429.36991581113386,-0.24796739
B86026,-533.4251668831165,-382.3557976774933,-0.2393692
B86028,-233.68381146377263,503.1183169881634,-0.24796739
B86029,-351.5520317260494,-75.18108952235694,-1.0250278
B86030,2111.70328544076,412.3893525916634,-0.24796739
B86031,-199.5944737216274,624.0821403622821,-0.24796739
B86032,6240.1149768992045,2607.33066932622,-1.0250278
B86033,5793.745064617317,2421.3974579929213,-0.24796739
B86034,872.9991907319334,-89.80593867833676,-0.24796739
B86035,1660.1519026460353,106.8265355512564,-0.24796739
B86036,2554.2046917841803,14.862500404030945,-0.54603755
B86037,-1284.0066169008608,-253.07514356301172,-0.5356523
B86038,1421.16339265556,22.554461878218007,-0.24796739
B86039,-96.26815727332846,-143.35501684086327,-0.24796739
B86041,-67.40765672808415,23.749872861556348,-0.24796739
B86042,5603.3002271503865,-16.303135939549353,-0.24796739
B86043,3224.2607110873214,500.9351116247695,-0.24796739
B86044,5455.277240014726,-479.5822480839926,-0.24796739
B86046,1170.3607682457314,154.46943428064978,-0.9992332
B86047,-423.92528425934336,-178.9941190181431,-0.24712294
B86048,6358.484834907064,604.1637797578114,-0.24796739
B86049,976.3100576056083,-140.49609580128907,-0.24796739
B86050,5970.308778302651,106.92293709790894,-0.24796739
B86051,205.06875832845122,633.6888048501881,-0.24796739
B86052,2577.1937802003768,-49.45269082101771,-1.0250278
B86054,2411.97375307257,104.64513789784829,-0.24796739
B86055,903.6493405222384,269.5426578074616,-0.24796739
B86056,-85.18651461353284,-489.3552629379847,-0.24796739
B86057,4948.834155311361,976.4038737935055,-0.24796739
B86058,-748.1419770749882,8.142465517117566,-0.24796739
B86059,4035.560806196308,606.8691024977127,-0.24796739
B86060,1400.0609098574494,-134.5176334681877,-0.24796739
B86061,-290.72676180476475,195.4373534482566,-0.24796739
B86062,3335.3530938972376,262.61037937326347,-0.24796739
B86064,3897.7614410073757,726.7124143638201,-0.24796739
B86065,-523.6792149770193,-390.80103218437887,-0.23936921
B86066,2480.9291947896204,125.46690477060989,-0.24796739
B86067,5736.319162098647,764.3107577077458,-0.24796739
B86068,1250.3957949118399,736.4131629274101,-0.24796739
B86069,1058.4473723864023,-95.09163012062078,-0.24796739
B86070,26.75765831192509,149.97894355189572,-0.24796739
B86071,-199.70884316218596,181.69126128635162,-0.24796739
B86074,-645.1652004079206,-92.21633547401926,-0.24796739
B86075,3935.115318741817,680.6322465342,-0.24796739
B86077,151.19646683655031,-695.2772244014843,-0.24769154
B86081,3436.4993225201742,480.4558320061569,-0.24796739
B86086,-567.704343789699,134.6315999752674,-0.24796739
B86089,667.1176662514696,-51.2224902965618,-0.54603755
B86090,-2094.2894147729376,-533.8603848578385,-0.23936923
B86092,577.5126518302504,812.6921510268326,-0.54603755
B86093,-237.5898328480333,182.54699173867021,-0.24796739
B86094,48.34958059319158,387.6640401936678,-0.24796739
B86095,-734.1083484108786,-90.80531311147097,-0.24622513
B86096,302.2796070342479,-154.13957699437063,-0.24796739
B86100,918.0934925567208,430.46843630578195,-0.24796739
B86101,-65.03503425627167,150.02616388940834,-0.24796739
B86102,-1422.8652246533104,-385.05603619688094,-0.23936923
B86103,-1397.4840276061364,129.7277152401866,-0.24796739
B86104,670.2745639841793,833.0299609012291,-0.24796739
B86106,-467.4216367349559,19.60284881354265,-0.24796739
B86107,167.21610848104842,-40.08617402702221,-0.23936921
B86108,-1002.7889540503205,-120.36697242492927,-0.24796739
B86109,-218.8449949654747,231.18199745833974,-0.24796739
B86110,-2234.823327198481,61.6303218258976,-0.24796739
B86623,-1453.9131470117536,-104.5511906969486,-0.24796739
B86625,-8.35615870981239,-391.9676454029441,-0.24796739
B86633,-931.9786236196364,-144.39352221399074,-0.24796739
B86638,-1983.427171610666,-472.88274612275455,-0.23936921
B86642,-1075.233275541992,149.97950913643928,-0.24796739
B86643,-594.9658064539378,312.98032333429325,-0.24796739
B86648,-1065.794877558906,132.2395479021807,-0.24796739
B86651,-2306.34001220367,-727.9152082612204,-0.23936921
B86653,-2943.4647788016086,-983.2328139243739,-0.23936921
B86654,-52.33562044490638,210.1160487802742,-0.24796739
B86655,-1439.9699622721691,-45.16573230247593,-0.24796739
B86658,156.39493720479288,541.5939839142196,-0.24796739
B86666,415.9719604654931,535.0266897695864,-0.24796739
B86667,-655.7423101372143,337.91702517385784,-0.24796739
B86669,-2017.6932704521914,134.71946934834554,-0.24796739
B86670,-2058.1738393814126,-186.39255810357238,-0.23936921
B86672,35.383845887215834,486.0444219910595,-0.24796739
B86673,33.82685959883543,236.37459739233947,-0.24796739
B86674,-2358.836148763469,-5.614031672512076,-0.24389221
B86675,-168.97344895514365,172.7513655474236,-0.24796739
B86678,-587.2806956714127,227.34455261076843,-0.23757793
B86682,-1341.5540683503532,-98.09650488835388,-0.2474101
B87001,3025.7814560396223,368.0126692725178,-0.92686516
B87002,2513.635788793099,372.5579392188779,-0.54603755
B87003,3391.1061543689075,130.6932276450248,-0.54603755
B87004,2132.4195289975,-88.0338782320901,-0.54603755
B87005,3164.175520823035,64.63348667384527,-0.54603755
B87006,4460.188176060573,315.49545252637796,-0.54603755
B87007,3377.6518886320923,-169.46071425441852,-0.54603755
B87008,5475.954594749337,-208.18749019736094,-0.54603755
B87009,1513.4869612308748,-382.8988929219593,-0.54603755
B87011,4091.3705205970628,-493.1722975533128,-0.54603755
B87012,1808.1480597987775,-377.31458136319526,-0.54603755
B87013,3376.823922464096,-40.002306262147364,-0.54603755
B87015,3327.157983762589,877.4070000742068,-0.54603755
B87016,11862.369382442155,928.1723000413791,-0.54603755
B87017,5105.563511004224,2347.9091464050343,-0.54603755
B87018,1227.0970604436193,396.55974814797474,-0.54603755
B87019,228.86842447658017,-58.83948332609997,-0.54603755
B87020,1977.6725912211605,448.8381071171111,-0.54603755
B87021,7815.38737778057,-434.8239784317492,1.478475
B87022,948.7892262694382,-208.11864433434158,-0.54603755
B87023,6635.146163728652,-1444.9868941928316,-0.53929436
B87025,1717.7760481213197,517.7019684995932,-0.54603755
B87026,8696.174088749536,-1301.0249793500209,-0.54603755
B87027,2483.2273560945805,68.98063476826353,-0.54603755
B87028,3923.2079738821803,-153.39756399892264,-0.54603755
B87029,748.9998182053553,-353.00636968323266,-0.5288412
B87030,8241.089505643844,3528.9848991684403,-0.54603755
B87031,2222.8733956515644,275.4329667503628,-0.92686516
B87032,823.3641056791375,391.9062227441379,-0.54603755
B87033,-73.74685912058976,41.85195437669863,-0.54603755
B87036,158.41504679699213,-164.68680631526533,-0.54603755
B87039,3718.782522227055,544.3014318435474,-0.54603755
B87040,1201.804805803516,-92.48145503153938,-0.92686516
B87041,-857.8617591933235,-167.35453776329095,-0.54603755
B87042,275.81882973819773,-93.64259604498011,-0.54603755
B87044,-877.2966632383461,349.0302472543444,-0.54603755
B87600,-737.3012578600366,106.95077780934767,-0.54603755
B87602,-818.4636636879798,-200.56366494507708,-0.54603755
B87604,-899.8174160118236,-142.39377624794895,-0.54603755
B87614,-1970.142224462966,185.7618246856659,-0.5299213
B87616,-2392.364703946051,-11.281813510070288,-0.53125346
C81001,3744.994939439955,526.67863404206,-0.6735772
C81002,6792.697299967433,2350.471852042347,-0.37550703
C81003,2480.0601214598723,235.40448223789954,0.60504353
C81004,2278.0365446372857,-290.1354940244055,0.47392127
C81005,4306.144514475149,1232.0662099766216,0.47392127
C81006,2226.492543976274,416.88023465857583,-0.36690885
C81007,542.6748440689287,5.562549370875662,-0.36690885
C81008,4691.039320953579,1550.723754590521,0.775574
C81009,1646.1102626399236,-72.62270397816268,-0.36690885
C81010,2510.76695609006,-299.38601396059664,1.1252332
C81011,-1298.914173100428,-2193.6565906759656,-0.6735772
C81012,4258.42146608637,-293.04293880213504,-0.37550703
C81013,440.18895608045693,-219.590935218651,1.5680394
C81014,1839.0278304638296,-129.05074070539044,-0.36690885
C81015,1975.685820497872,-482.31251925361903,-0.37550703
C81016,1672.1354139634223,7.990336503935206,1.5680394
C81017,3134.5272388157455,-74.96547304490184,0.47392127
C81018,3607.759221124537,335.02637451071473,0.47571257
C81019,-430.9815397586939,-123.97514192193903,-0.36918396
C81020,1429.2070123508902,130.94817992251214,1.1907943
C81021,2872.739656153834,503.4264378455325,1.1252332
C81022,-1121.581936398315,-123.93225163082512,1.1252332
C81023,548.2309868185929,-5.648048312091293,1.1252332
C81024,11965.837409385906,1872.7145357870581,-0.3841052
C81025,4617.233969267105,175.319846987208,-0.37550703
C81026,139.1408625589383,-270.61183338219666,0.36357796
C81027,-78.80611880451278,313.3918569176113,0.47392127
C81028,672.3168255982304,17.605338499444123,0.775574
C81029,10172.56586828605,-36.60899114567897,-0.58222157
C81030,3572.45911756614,578.8398656535586,1.5680394
C81031,637.7049866375318,201.34899217845486,0.36357796
C81032,3049.2344508189763,474.84131091461086,1.1907943
C81033,7395.337223918928,-114.00800918747441,-0.68217534
C81034,885.2524269051446,247.94004395446078,0.89953107
C81035,2742.9941898879624,-62.34699513986949,-0.36690885
C81036,-888.4048624777907,-342.0525561929364,-0.36690885
C81037,2625.0012252730658,574.30618951158,1.5680394
C81038,2185.434889374713,51.62414018914921,0.47392127
C81039,117.48891019316574,120.10264083857501,1.5680394
C81040,-171.97409623085653,-19.682314364935912,-0.36690885
C81041,5221.6180906519885,312.03291843003416,-0.6735772
C81042,1134.72845357007,38.9773372209107,-0.36690885
C81044,1838.8200283332603,231.59976527859448,-0.37550703
C81045,4395.994703418765,1283.165518914729,-0.37550703
C81046,1018.7043066386829,-37.28834594604941,0.36357796
C81047,2964.6110284313822,496.76524697963595,-0.36690885
C81048,1545.780501480915,-107.00874863724056,0.47392127
C81049,1731.999509815468,162.06629523595964,0.36357796
C81050,4407.293995184311,185.73209364356174,-0.5833076
C81051,2962.796567968208,378.38675865532326,-0.36690885
C81052,112.31486342269929,109.83800639253684,0.36357796
C81053,560.836137196838,329.1337998781789,0.775574
C81054,2822.6968010768137,229.5101677429969,-0.36690885
C81055,88.51967959826081,-41.76348553765987,0.775574
C81056,3580.208072965787,449.71676339388443,0.775574
C81057,450.69287804850757,37.48465173475287,1.1907943
C81058,2333.9536863675708,8.857198738359484,-0.37550703
C81059,-199.72761488105758,105.19431972331728,0.47392127
C81060,653.4209880792394,276.0711769443763,1.1907943
C81061,2353.0944877158536,-200.18615154637206,1.1252332
C81062,455.2999245358279,220.0297822542231,0.47392127
C81063,2931.6674090967554,731.8755849761909,0.89953107
C81064,1139.0062724424922,-47.01319210878817,-0.36690885
C81065,510.49655982138836,31.31475864323821,0.89953107
C81066,1737.8085407627427,-73.30444905925586,0.36357796
C81067,757.0901081711474,255.49509168947515,-0.37550703
C81068,1793.3347634348047,169.12571583067708,0.36357796
C81069,1772.3926730028822,290.62438764613785,0.47392127
C81070,1444.97391794123,149.7509088514472,-0.37550703
C81071,3172.826156250114,21.36494805227872,-0.36690885
C81072,3542.084397754129,760.6867973870461,-0.36690885
C81073,1845.189403594484,271.25555783738,-0.36690885
C81074,1806.546173908013,-226.87976494865313,0.89953107
C81075,1574.0025942988711,235.3246049354442,-0.36690885
C81076,-351.70045843863727,65.52402977762904,0.89953107
C81077,-486.087963745824,38.045614929134075,0.89953107
C81079,-1552.5794062712039,-354.28053947363156,0.44812673
C81080,3272.6086227110272,240.37843043735535,0.89953107
C81081,4527.0152013303905,-559.4784323150852,0.89953107
C81082,-153.68161956602142,49.64618769637592,1.5680394
C81083,1826.3486158981204,303.2085480983259,1.1252332
C81084,4513.043643597423,1914.6380669885082,-0.37550703
C81086,2107.2200689311653,621.2172419711467,1.5680394
C81087,1757.4493953866606,256.3020704866463,-0.36690885
C81089,1175.1422941846847,-53.57161674162877,-0.37550703
C81090,-895.3174644950738,-156.05178544438797,1.1252332
C81091,3162.0259150021006,555.327723565381,-0.6717859
C81092,1304.812097952863,115.80974229180923,0.89953107
C81094,1643.4204715622793,221.3441672200281,0.47392127
C81095,-294.3111354294277,83.93182612679662,-0.6735772
C81096,1054.0269455975163,426.16211562337,-0.6735772
C81097,-308.7792278153651,-75.69340696654014,1.1252332
C81099,2580.5220064360096,439.72805361236965,0.775574
C81100,-544.2569229140576,-1012.0814290283448,-0.38317743
C81101,1107.745932105222,154.62501776262448,0.775574
C81104,-1466.6878609478033,71.60425370363716,1.1907943
C81106,1076.9040694144733,223.14545883914536,-0.98884374
C81108,2555.764529127375,201.08557929052196,1.0528653
C81110,2059.9700081017545,424.8061843332041,1.1907943
C81113,-501.256510249573,167.44377907952847,-0.36690885
C81114,433.0959772705333,326.8016499918305,1.1907943
C81115,-172.20115331972247,30.948797451007188,1.1252332
C81116,-361.36549163411587,-244.51277960953615,-0.3841052
C81118,743.2078351051483,427.5064902838994,-0.36690885
C81604,-1140.5396798317645,-168.28879534049625,1.1252332
C81611,-1032.8650862893805,-8.885333311163627,0.775574
C81615,-1240.7214916623336,86.41379621886308,-0.98884374
C81616,-671.624099679294,64.97972230655546,-0.36690885
C81617,-256.64548738600143,239.20354835987703,-0.3841052
C81627,-346.2818441539268,-564.3996355713193,-0.3841052
C81629,-1712.7036457822453,-552.7785334976767,-0.3841052
C81633,-1913.0802485132451,-333.5690739804809,-0.3841052
C81634,-670.1510191921976,-41.83523134667694,0.60504353
C81638,186.9641512151268,313.5881210808952,-0.6735772
C81640,-548.2588374518709,152.81413544400746,-0.98884374
C81642,-1189.347330929069,257.5592165642533,0.36357796
C81647,929.6407637679878,339.89599309564693,0.775574
C81648,-1372.7159720631807,75.65243298725098,-0.36690885
C81649,1300.2694283715027,609.373502272839,-0.37550703
C81652,-1250.874493113342,94.66255485516095,-0.36690885
C81653,-1196.954984618774,132.32023764536,-0.36690885
C81654,-922.9691283634616,-81.11663017596878,-0.3814895
C81655,132.29813405173857,156.90545167276358,-0.6735772
C81658,392.93846367876375,630.2472498608034,0.775574
C81660,-1053.046560101812,-97.75319511767573,-0.98884374
C81661,-194.26339310053928,161.9756205162342,0.775574
C81662,1219.856933412796,393.0044863934753,-0.6735772
C81665,-748.9177473130267,-579.3993519740029,-0.3841052
C81667,-2412.443951959665,-24.565666294240895,-0.37405407
C81668,-2473.642070691629,-54.571752765958166,-0.3841052
C82001,4331.010730971327,2205.6376348147746,2.129787
C82002,956.20633644556,212.3137002717952,1.4422911
C82003,4790.6205681976235,819.8583786662192,-1.1629567
C82005,1843.1233667251934,222.26608635223062,-1.1629567
C82007,1583.030687455609,157.3825003571179,0.36357796
C82008,1146.8638852256038,648.8241286798727,1.8593026
C82009,13688.796435934873,1767.4998665454705,2.129787
C82010,10183.59760519126,553.4703247501849,2.0022473
C82011,1183.2272539872736,89.2945774951682,1.3147514
C82012,4067.574093996599,261.6048520432176,1.0528653
C82013,3530.5586962376,-556.7376751202801,1.4422911
C82014,5471.977670707055,3.5518499541680777,1.0528653
C82015,-1496.5283474181908,-518.2479928130244,-1.1757404
C82016,1554.7825324578757,409.64372564576126,1.3319477
C82017,4672.045275799083,269.173457690083,1.0528653
C82018,8575.278305068834,971.9070625809882,-1.1629567
C82019,696.7293107822799,313.2667888360879,-1.1629567
C82020,-1249.870934996752,132.04287694947783,-1.1629567
C82021,1097.0636144466248,161.62159194406894,1.4422911
C82022,1745.6350757251812,381.89047106444815,2.129787
C82023,-1081.4040073489589,-612.2185814634712,-1.1774393
C82024,6901.53740800041,-371.34846742515657,-1.1629567
C82025,1710.7414094817218,165.12285627050724,1.8593026
C82026,389.6499109880648,-156.7295321777576,1.3147514
C82027,2288.836065360691,97.93477407221033,1.8593026
C82028,2095.1578089559325,158.8650030104357,1.8593026
C82029,5061.933834497791,620.923342440057,1.4422911
C82030,503.059617308115,170.97541007294825,1.4422911
C82031,1975.5723027552324,286.74666213635055,-1.1629567
C82032,-110.25166000790877,223.90202524469927,-1.1629567
C82033,1753.8165087526536,54.94631315866551,-1.1629567
C82034,435.6560280931637,223.42238016666576,1.3147514
C82035,153.36374868054824,-34.58723625335811,1.3147514
C82036,5021.520422447962,-10.461922114376547,2.1263025
C82037,4275.749562965271,3.981282763669043,-1.1629567
C82038,9975.607716000493,1253.1238437413128,1.3319477
C82039,4361.767606927046,1237.4619200584164,1.8593026
C82040,1352.2358866509524,296.23248123266563,0.36357796
C82041,3317.9419448865215,1155.0086918440593,1.3147514
C82042,2936.943240173117,791.6247733403568,1.3147514
C82043,5593.338690961275,-64.18766124465161,1.3993001
C82044,1753.9011138554317,238.71573137423513,2.0022473
C82045,345.8943622076237,-1.2898396042189268,1.0528653
C82046,4645.798134462301,1764.7204546684238,-1.1629567
C82047,4524.568981033886,918.5799809351412,1.3993001
C82048,-723.7092874492179,226.42732599905403,1.4422911
C82050,4425.384763602848,2309.2434118374044,1.0528653
C82051,4593.081798161855,945.0958934708997,1.3993001
C82052,-387.77034371521535,62.8891601637877,1.0528653
C82053,1982.2295150337895,574.2215084360045,-1.1629567
C82054,5036.400649232924,545.0189471218191,1.3993001
C82055,2606.60515023199,337.3459564624601,1.8593026
C82056,3446.8304966389223,78.2660488202323,-1.1629567
C82058,-924.8030986075174,-1002.0956003332982,-1.1801531
C82059,-1606.198093302154,-86.39135292531138,-1.1629567
C82060,-853.0284507352096,252.6544472200038,-1.1629567
C82061,3585.1158062945988,849.7344218115106,1.3993001
C82062,464.116785348615,-17.859857578853592,1.3147514
C82063,1632.923454370684,-278.14861767154525,-1.1629567
C82064,3998.1044500723974,203.00487771603792,1.0528653
C82065,-1843.976785602196,-120.62894219823394,-1.1801531
C82066,3653.4082445622776,526.0887665000322,1.8593026
C82067,901.4251427732207,83.36737577972828,1.4422911
C82068,4167.814077467261,38.42552513125329,1.8593026
C82070,496.5510122380667,227.08537920276967,1.3147514
C82071,3821.921737342884,1073.4717834211986,1.4422911
C82072,801.8604467757908,-618.329408161741,1.0528653
C82073,3982.2698230087817,-161.65697235534674,-1.1629567
C82075,4125.43708458171,395.58095117407123,1.3993001
C82076,1443.129183052483,513.9609727774741,1.3319477
C82077,6487.157988898303,1147.9129134199034,-0.5012554
C82078,1705.6552879550286,494.6800698324507,1.3147514
C82079,361.26368735302026,-79.69335681205236,1.4422911
C82080,-123.73587990822861,359.10481675115875,-1.1629567
C82081,-1433.360021764473,-497.78401874579623,-1.1801531
C82082,1356.4853362267836,-214.8403736425273,1.3993001
C82084,-1095.3382728579227,101.15749443445044,-1.1629567
C82085,-4189.367812974399,-2239.76062667085,1.8593026
C82086,1286.6438440388213,535.9380677121861,-1.1629567
C82088,2222.0018084374774,-12.535297680092716,-1.1629567
C82091,2725.12027331482,-344.65451571184934,-1.1629567
C82092,-674.2615530917957,190.47091702619107,-1.1629567
C82093,3719.8113056829707,757.0053576582585,1.8593026
C82094,7.090628540707488,87.45829756335297,-1.1629567
C82095,1830.234511179741,862.7399370712459,1.3147514
C82096,1499.185152855192,165.5719745165755,1.0528653
C82097,-2061.414420744321,-31.181184056548354,1.3147514
C82098,704.320756366417,101.89633376241179,1.8593026
C82099,-123.11558942910955,368.14590023725117,-1.1629567
C82100,549.3513559355074,158.11392867373075,-1.1629567
C82102,-158.02729934367977,95.21234176592897,1.0528653
C82103,1702.6021426093093,376.5227471240571,1.3147514
C82105,-1972.8221677794875,-177.39455876636666,-1.1629567
C82106,-1077.5104751122865,-132.64781805778676,1.0270708
C82107,1750.3798922270043,1528.1887827143307,-1.1629567
C82108,-1830.4503656174538,-866.911967718316,1.4250947
C82109,4.975249176508888,35.52184664514215,1.4422911
C82111,-2302.3109269048728,95.1899862082545,1.3147514
C82112,-46.19171483169856,25.75272945907381,1.4422911
C82114,-1357.950235295784,-21.773028124463263,-1.1629567
C82116,-798.069970353198,-54.48589048397155,-1.1629567
C82119,-907.7075158127111,-99.04264133125243,-1.1629567
C82120,-881.899078644879,193.63404418047696,1.0528653
C82121,4184.6064744127525,976.1529714643494,1.3993001
C82122,-634.6756060262506,206.66157887942325,-1.1629567
C82123,134.7382926934363,354.699941085631,1.3053131
C82124,-1447.8774071619548,517.9961518413642,-1.1629567
C82600,24.627634264290442,322.21013985139984,1.3147514
C82610,-1050.9104309221873,56.251048815167564,-1.1629567
C82611,2.296995079782644,252.56649503776083,1.8593026
C82614,-579.2191821755046,549.952198485941,1.4422911
C82620,-1162.8112999309026,81.17747515310619,-1.1629567
C82623,-632.6191111551489,420.85130538840036,-1.1629567
C82624,-86.0159777175812,133.8089617827832,-1.1629567
C82625,-2232.1844994776993,-956.5544998986206,-1.1801531
C82626,-1218.411795701345,-224.9718064064147,-1.1629567
C82627,458.7648336465967,511.0643897615164,-1.1629567
C82628,-778.6847330464425,385.14360979403347,1.8593026
C82631,-799.9857686882323,185.25635565303037,1.8593026
C82634,-879.58849125065,250.6788846551909,1.8593026
C82639,138.71754169733327,189.53769970610463,-1.1629567
C82641,-1082.074727375741,85.04568916415951,1.4250947
C82642,1853.148029578129,-349.137201446902,-1.1629567
C82643,2964.538727822985,1509.9645449781608,-1.1629567
C82644,-371.8927039640037,392.1307117605951,1.3147514
C82649,234.8941417291034,783.5342019500354,2.0022473
C82650,-353.6444879744059,310.75418694603775,1.8593026
C82651,-124.18051498079059,91.22671019044022,-1.1629567
C82653,-1666.0316970543604,-7.452555891414172,-1.1629567
C82655,-1862.231133380983,-268.0820859931752,1.0270708
C82656,-558.3812767422068,326.552259892055,1.0528653
C82657,-1534.4658070619528,-24.11770512047051,1.3136479
C82659,-897.8397234365932,347.0696807300529,-1.1629567
C82660,917.3339489757748,-20.366593460831854,-1.1629567
C82662,-1354.3612858750002,-100.51923939218338,-1.1629567
C82663,-484.48889813236764,73.42186259836316,1.0528653
C82667,703.0104131077312,-458.0246371806266,-1.1629567
C82669,-832.4421625083845,-146.0727049184888,-1.1629567
C82670,-1921.7891389062618,93.95947714021182,-1.1629567
C82671,-736.9435822640849,419.6976159495547,-1.1629567
C82676,-193.44234432014164,274.4767123229818,1.4422911
C82678,2538.160544176392,-134.8982271467293,-1.1629567
C82680,-195.6437160657822,293.33324442445814,-1.1629567
C83001,2746.7790966516377,721.9320186367115,-0.7581259
C83002,2387.890635829927,367.04860790324824,1.6318092
C83003,10547.25449485282,2002.1883591826522,0.19304748
C83004,1926.97554214113,73.4535456343692,-0.5496201
C83005,4993.835477502266,623.2661821934464,-0.9716474
C83006,361.8553150808022,239.39887458027357,-0.96566486
C83007,11612.76438682496,6224.82952396782,2.0022473
C83008,887.3055933669906,-103.41925404007968,1.1786137
C83009,3487.3645202760604,549.1362019005779,-0.7581259
C83010,3500.959588355148,1078.518772473543,-0.5496201
C83011,4254.1023177657635,345.0094010522672,1.6318092
C83013,4425.800848491543,37.7677626516906,1.6318092
C83014,2801.004464774935,354.13376510986893,-0.7581259
C83015,5729.944589004273,271.0163679718105,-0.5496201
C83016,-966.4817995679374,-37.487927215457205,-0.79720587
C83017,5396.534503978972,-1179.3258593560624,1.9697591
C83018,6109.9866039904355,2923.0638100235547,-0.0670474
C83019,21731.84798216806,959.668899274839,-0.9716474
C83020,5724.46493596761,742.4210129066144,1.6318092
C83021,33.65551807978881,-162.70412133694785,-0.9630491
C83022,15439.218854564388,893.7396866962403,0.19304748
C83023,11831.489376515237,1690.5735730522467,1.6318092
C83024,498.67270333619376,278.63612296338175,1.1786137
C83025,3890.5002796046656,1238.8640499796134,-0.7581259
C83026,12999.540200203595,1765.8070895436233,-0.7183594
C83027,4861.673459132242,666.914200665551,-0.9716474
C83028,4207.472181726186,-53.11766174479056,0.19304748
C83029,2509.8545749850823,-20.518613159577804,-0.7581259
C83030,1860.629715592357,610.3594593741169,-0.5496201
C83031,8229.99444588449,523.6399197911046,-0.7581259
C83032,3942.206791376486,61.396511600387726,-0.9716474
C83033,862.1149586366236,447.0532813252767,0.12426206
C83035,5693.170984938725,541.9469745554858,1.1786137
C83036,7073.804403396213,1534.0196546039094,-0.5496201
C83037,3863.0806142242086,14.670555977103724,0.33957475
C83038,3937.9106519774114,-2.7160626166164774,-0.7581259
C83039,2731.633037757722,338.72613729880754,0.19304748
C83040,13573.873147203687,2862.2372510122063,1.1786137
C83041,1373.482448813361,585.6418872608072,-0.7581259
C83042,4121.7029887230465,734.2337755138177,-0.9716474
C83043,5700.008674129156,583.2410465499189,0.33957475
C83044,4156.479163982169,1583.7079424301992,-0.0670474
C83045,7485.576448256653,2112.8271968353897,-0.9716474
C83046,1247.5166939255582,84.64212429504437,-0.7581259
C83047,3408.048041321523,1180.7050624404958,-0.5831172
C83048,3192.1953584587063,354.8560281789218,1.1786137
C83049,3974.556047158061,705.0760395703226,-0.5496201
C83051,1246.9868055244133,931.7846529055805,-0.7581259
C83052,-80.31977245440672,173.28026614806413,0.33957475
C83053,-837.9077812769999,1.9222428232850817,1.1786137
C83054,5878.506068344281,627.5008481977686,1.1786137
C83055,2253.914696321934,559.5886147178181,-0.5496201
C83056,7049.112514655463,1810.293838513475,-0.9716474
C83057,1588.41033981612,675.6821632379311,-0.5496201
C83058,2276.878746649541,939.3785145594451,-0.7581259
C83059,2313.354767127019,305.96383234416317,-0.5496201
C83060,4045.2908265023216,2238.614728618712,-0.5496201
C83061,5354.8847268573045,912.4329273136592,-0.60120916
C83062,495.68058403088764,654.4939188552943,1.6318092
C83063,14180.477803884976,1032.7233611233103,0.19304748
C83064,19052.98346235513,1321.2409593925488,-0.9716474
C83065,3196.663898183796,300.6321733873519,0.19304748
C83067,1825.705016568544,86.95023032086738,1.3319477
C83068,-812.7043120971545,-17.36153954255781,1.9750022
C83071,2963.139471203147,389.02123880626436,-0.7581259
C83072,2706.110511333593,840.1242368534646,-0.7581259
C83073,-232.9845058238384,-87.661486649409,-0.7581259
C83074,1225.1097917344186,702.6419220000472,-0.7581259
C83075,1822.0710601762294,469.2993768914979,1.1786137
C83078,3369.917700580958,1240.025666653473,-0.7581259
C83079,-138.47390401261652,378.86707606171973,-0.7581259
C83080,586.1476686781048,103.3268191993742,1.1786137
C83081,-1635.1590279826607,-520.7563154635272,-0.8183132
C83082,2810.7817172142177,648.156789935459,-0.7581259
C83083,3806.720644090245,545.1992022180981,-0.5496201
C83085,6572.484100664616,2179.4775869277773,-0.9716474
C83605,-443.3518569718642,166.50882420938746,-0.96525556
C83611,1066.4545879863665,477.5442859971649,-0.7581259
C83613,1917.9521088521562,519.3670117958283,-0.60120916
C83614,1275.750287318342,858.3775729369211,-0.5496201
C83615,-1657.0444167827693,-581.8197790141924,-0.81831324
C83617,2828.590758374082,1473.9515190585616,-0.7183594
C83626,151.2836930540235,804.5845685576114,-0.7581259
C83628,-1364.8679030574551,129.58772405659042,1.3053131
C83631,-479.3990574340902,-746.6727430973525,0.19304748
C83633,391.65682642145316,338.5677774350896,0.15499055
C83634,1269.167070471132,846.1804392290346,-0.5496201
C83635,2098.7247783303756,400.17633774150016,-0.5496201
C83637,1769.763263748306,-94.27431863462603,-0.7581259
C83641,1435.237673851073,789.4567738932046,-0.7581259
C83643,-330.05595978815427,117.43625610434268,-0.60120916
C83644,-921.4555237366103,-518.1066338541444,-0.058449224
C83649,45.554387621966896,383.2829538235771,1.1786137
C83650,1178.580021972313,772.9759096109161,0.33957475
C83652,-1552.8247777488227,-311.2459191960505,-0.8150659
C83653,-1260.8758223303732,414.2160425812286,1.3319477
C83655,-1643.9654297869733,-343.6867992575065,1.6060147
C83656,-2343.08598324866,-5.274517157903707,-0.8183132
C84001,14831.01114490104,1055.0031452365154,-0.0670474
C84002,3033.2641673802036,-187.9833144201053,1.111916
C84003,-1063.0117305058723,-759.959238360568,-1.2163372
C84004,972.1107162539048,640.0856798528,-1.2163372
C84005,4727.326753742361,843.9399732263183,1.3147514
C84008,700.0794984442911,33.492530074838534,0.3947464
C84009,2251.7489997256544,640.6446407956249,0.3947464
C84010,1416.4845045540103,531.4670618786577,0.9443133
C84011,288.02697430149726,-57.35214402893754,-1.2163372
C84012,5646.829947968511,1057.2086773440888,-0.58222157
C84013,5834.556168378245,2485.8551130907617,-0.0670474
C84014,3100.9315137887693,420.61428328187793,-0.58222157
C84016,9826.697241960424,-431.49875191764045,-0.68217534
C84017,11861.40841269703,501.9618176101293,2.202155
C84018,833.1136189092399,599.8260130631496,-1.2163372
C84019,4349.047665741697,-37.71224883371004,0.3947464
C84020,1315.2242858298337,314.9923115743601,-0.68217534
C84021,3764.3410040065714,1051.1383037587323,0.3947464
C84023,-1786.1220072581607,74.72152088751113,-1.2163372
C84024,13945.22183693129,2967.5693211070025,-0.68217534
C84025,1449.9394345368128,126.18588219751268,2.202155
C84026,2300.457394220766,385.1109211138744,0.9443133
C84028,27.12681043026951,208.56867056792538,-1.2163372
C84029,6717.90120700549,406.12224992641563,0.3947464
C84030,478.9990399604138,421.1434663170588,-1.2163372
C84031,-703.7496411853384,-126.97232253360407,-0.68217534
C84032,4910.461994998544,2839.8438482547367,1.1252332
C84033,1608.7016702557187,-626.4545451975081,0.9443133
C84034,1685.4034544759702,347.3462313216989,-1.2163372
C84035,3140.504751070371,324.18564729621335,-0.0670474
C84036,8111.199155554623,2588.539151389928,-0.68217534
C84037,4538.765775134133,358.6084405180487,0.9443133
C84039,410.6205401851775,534.0918949491582,-1.2163372
C84042,-73.72242117319362,87.38303603494761,1.1252332
C84043,2495.578668946891,330.62643770763816,-1.2163372
C84044,474.9849027430193,536.1134850999539,1.1252332
C84045,2497.2030581371055,410.26624060529616,0.3947464
C84046,2476.5421398262574,-46.00059684274801,-1.2163372
C84047,3655.9350891778995,187.72553477173406,0.9443133
C84048,2670.156685299698,-278.967377954634,2.202155
C84049,5993.367371750152,802.2797184800725,0.3947464
C84051,6676.33755846418,1802.1428365714987,-0.68217534
C84052,1839.3911921478366,-513.0532169277858,-0.06146456
C84053,4963.842695659267,140.76836753938002,1.1252332
C84055,1597.6868616213587,154.27607938412498,0.9443133
C84057,363.2612368466686,333.94791994471746,-0.6735772
C84059,6363.27413372581,1890.2966261419588,-0.68217534
C84060,1271.0628177860306,189.091095540201,-1.2163372
C84061,1363.6107635904025,844.7778609814078,-0.58222157
C84063,876.6001660844033,569.8247300491183,-1.2163372
C84064,701.4009117248531,408.033391484404,-1.2163372
C84065,235.33153837826083,284.244416797704,1.1252332
C84066,755.2839181511009,216.98010282618924,0.9443133
C84067,1768.363791611126,-234.90005354788673,-0.58222157
C84069,4828.387332465547,1108.3288295353152,-0.68217534
C84072,1494.1300027975894,938.4650642545921,-1.2163372
C84074,1421.116608476366,217.31641795602278,-0.58222157
C84076,158.34479093373204,218.78844718174366,-0.58222157
C84077,3150.236664035934,56.17032090100076,-0.58222157
C84078,2567.464616969191,355.98357603435244,-1.2163372
C84080,1197.9386576484474,548.2839058217661,-1.2163372
C84081,1032.299835557199,-51.85363267015793,-1.2163372
C84082,-3008.733392679632,-1267.3024999564932,1.2803587
C84084,1964.6381073565015,163.35757339227024,2.202155
C84085,306.3450534015411,172.961956713136,-1.2163372
C84086,2741.557501173173,1130.7220272564975,-1.2163372
C84087,1474.3805820597468,417.9462007072963,-0.68217534
C84090,-6.891297351701647,243.0585611866636,-1.2163372
C84091,325.9243929413079,218.79959696667206,-1.2163372
C84092,-73.25486551844445,634.706312941523,-1.2163372
C84094,6969.018761755537,3809.7780617462254,-0.0670474
C84095,271.79826504316816,279.23234041984813,0.9443133
C84096,-728.7068001923681,35.65175821336081,-1.2163372
C84101,-327.22767522313774,354.6751329862239,-0.0670474
C84103,-737.7181429933511,-61.127880330268766,-1.2163372
C84104,-1556.0226730219001,63.693209074351145,-1.2163372
C84105,194.29303785664865,322.4519831659767,-1.2163372
C84106,3252.525351607675,350.4057463927678,-0.68217534
C84107,720.9109852086904,-830.9711490085526,1.1252332
C84112,-1435.1381123181116,61.092566762646385,1.1252332
C84113,1598.9033342782163,5.327554302523668,-0.68217534
C84114,2495.8373345389346,1729.6191290681857,-0.58222157
C84115,-340.92318475696777,260.72931506738905,0.9443133
C84116,1482.390478921514,91.33164026055167,-1.2163372
C84117,-1362.7338503920814,102.28073651148888,-1.2163372
C84120,1686.477010915704,312.7542701510215,1.1252332
C84121,-1970.8787141897462,-866.3392450959476,-0.5650252
C84122,381.70858431785075,367.0418266055432,-1.2163372
C84123,-590.51222173479,-61.48692815836669,0.3947464
C84124,2478.8059998598496,-518.9830423608439,-0.58166987
C84125,-468.5621945950261,-505.086767209552,2.1876724
C84127,1122.613876040245,-233.67473013155583,-0.68217534
C84129,234.37765844488027,341.17279957925587,0.9443133
C84131,467.22488892196685,251.051737277835,1.1252332
C84133,291.24434482364103,226.52403242625024,-1.2163372
C84135,-1094.574161418645,153.10284147843916,0.9443133
C84136,-845.3313728168703,259.6941755027587,-1.2163372
C84138,-1151.5681022668937,41.394351601641944,-1.2163372
C84140,1201.1228966140304,217.6788037829485,-0.58222157
C84141,-2850.4366895328235,-905.110378001099,-1.2163372
C84142,706.6208874844556,187.39899672311577,-0.58222157
C84143,1058.6363501952114,481.8328157653357,-0.058449224
C84144,-982.7509605716698,126.51638656957437,-1.2163372
C84145,-1904.5624667585046,-73.2602342538209,-1.2163373
C84146,-475.40498526843794,45.696823383431614,-1.2163372
C84149,-489.37379049559877,-206.98459983288762,-1.2163372
C84150,-729.371756588452,-228.08151465800762,0.9443133
C84151,-1597.9589519243852,43.63547310044851,-1.2163372
C84602,-1926.9593089223188,-174.2401062497485,-1.2163372
C84605,4096.920016074398,2954.542268368178,-1.2163372
C84612,-1179.0830991702262,-198.03274135329073,0.9185187
C84613,-659.8350977129928,308.21527769765885,0.9443133
C84619,-542.0071833183526,107.75067309830213,-1.2163372
C84621,-1295.5142278963128,245.7786138408256,-1.2163372
C84624,-753.5316058793286,79.36732569600242,1.1252332
C84628,-634.7457407506806,246.8389865028857,-1.2163372
C84629,1103.8979845725405,163.97674337599355,-0.58222157
C84632,-1604.8333103899333,-505.1262860142013,-1.2163372
C84633,-1614.9151009384796,220.14443268691667,-1.2163372
C84635,-956.7843603432525,-50.34068373942937,1.0994387
C84636,-1525.8924869943187,-31.30120887305239,0.9185187
C84637,1097.1147710377359,-248.71094370263882,-0.68217534
C84646,864.9008522509428,619.4199025008056,2.202155
C84647,-1619.6662336634442,-140.84116114797374,1.1252332
C84648,-613.2095010922752,-384.7501222941816,0.41194275
C84650,-1324.116448393774,-38.79053922478663,-1.2163372
C84654,95.33353117472913,41.80442509959379,-0.58222157
C84656,-551.9171366304251,374.64406336235186,-0.68217534
C84658,2448.158067501563,197.25898367538105,-0.68217534
C84660,-209.5881488753091,164.5934761541184,0.3947464
C84664,-1143.2465008382449,2.1823961700176264,-1.2163372
C84666,-898.5637526251008,61.72078297409968,-1.2163372
C84667,75.10555574592107,340.27506835758186,1.1252332
C84672,-1021.4220825755447,155.74679113825516,-1.2163372
C84674,-908.1257339559138,191.61394079259222,-1.2163372
C84675,-2152.594181511785,-589.5437688574027,-0.6735772
C84676,-1257.590889214403,344.70455174182587,-1.2163372
C84678,-553.3723973841153,-288.5814668160582,0.41194275
C84679,-575.3856167710518,75.09842911822999,-0.68217534
C84680,-1586.4895470086287,-59.5791043872971,1.1252332
C84682,-1547.1742582078903,11.101401014489722,-1.2163372
C84683,1201.8774028359617,325.27738431464434,-1.2163372
C84688,869.5483197180818,-326.5971042474932,1.1226999
C84691,-247.34183346169942,90.80535444605746,-1.2163372
C84692,257.739972802278,256.3659294728955,-0.0670474
C84693,-625.5023684453517,-1.0621364750117201,-1.2163372
C84694,-1365.6905346559845,-353.52536529163984,-1.2163372
C84695,-755.7865872100956,169.5697238107812,-1.2163372
C84696,-1049.348402940468,249.69343642298375,0.9443133
C84698,-1143.2152003928538,-322.2464666124852,1.1244056
C84700,-1305.3524940481768,-232.1164176865341,-0.058449227
C84703,-799.4897443006768,253.80560450843194,-1.2163372
C84704,-631.8433581532348,52.5861565236709,-1.2163372
C84705,-181.90538303388553,502.36451966464585,1.1252332
C84706,-2040.471120818514,-202.82611310843492,-1.2163372
C84709,758.4667449470921,978.9646976067527,0.9443133
C84710,-536.7138496784647,-276.625368764348,-0.68217534
C84712,-878.7447585748237,-370.5735378027821,-0.57478267
C84714,-2229.7981517004837,-13.730695551101196,-1.2163372
C84717,-885.4217900569303,122.77176447020855,-1.2163372
C84718,-22.400565624947188,239.89572709329303,-0.5650252
C84720,-2336.263342987461,-7.943359731659321,-1.2163372
C85001,888.5874163676843,36.25543257835771,-0.6717859
C85003,4811.502703249973,860.2059303415547,-0.92686516
C85004,10753.161131337376,684.7535338506028,-0.92686516
C85005,2311.427854784134,-70.71505438073773,-0.54603755
C85006,2096.2801414263304,-97.87297723087156,-0.92686516
C85007,7159.85627701655,1288.459609929317,-0.92686516
C85008,7412.77111994427,-84.58801372358762,-0.92686516
C85009,883.9032770502934,544.9297409755841,-0.92686516
C85010,8195.835421603713,3976.519405859228,-0.92686516
C85012,-1549.6499745560834,-373.048197795184,-0.5288412
C85013,7006.71678003542,1611.3988409306612,-0.54603755
C85014,5291.335708849925,254.18509846494456,-0.54603755
C85015,1034.352560602888,222.47393661684177,-0.92686516
C85016,7142.07632838115,1991.7175073459516,-0.54603755
C85017,7195.0931217127645,1847.499079112313,-0.92686516
C85018,3175.483679959878,919.5729038958132,-0.54603755
C85019,1450.1726183296585,837.2520952073312,-0.92686516
C85020,8888.67222045445,1623.4141591141015,-0.92686516
C85022,7118.307786440109,2203.5707945604104,-0.92686516
C85023,5081.16447377792,2559.7132839761,-0.6717859
C85024,13.559194684395104,182.0612144581075,-0.54603755
C85026,2024.1141708483572,-702.0650222774777,-0.92686516
C85028,590.7224537958128,-121.24231518881118,-0.54603755
C85030,5067.177524340396,848.680753555646,-0.54603755
C85033,3812.5564813712003,1081.785802482311,-0.92686516
C85609,-1422.8298411326996,-2.5775463994873125,-0.6373932
C85614,-259.7878572936451,289.01691115864156,-0.92686516
C85617,-1055.4294784040335,-457.94415974706885,-0.6373932
C85619,2347.462993649582,726.5077279443225,-0.92686516
C85622,-1015.4611584850728,257.6571763750572,-0.54603755
C85623,-418.59579819253423,135.6618351913531,-0.92686516
C85624,-969.6026474662202,-825.8108956756014,-0.92686516
C85627,-1178.293638341327,-1314.8972084414543,-0.5288412
C85628,-1529.9477191066865,-95.94402908475779,-0.54603755
C86001,5762.386229175407,1608.094979834209,-0.80792373
C86002,2260.855642725226,131.27488876386204,-0.80792373
C86003,4531.773037811931,-272.762744082866,-0.80792373
C86005,2983.366334811606,38.814547022436074,-0.6717859
C86006,3255.2864803953335,-330.1729560527683,-0.80792373
C86007,5047.077764047729,477.7313647658085,-0.80792373
C86009,3437.5765414169446,-139.49753346850892,-0.0670474
C86011,4691.100482478485,685.0814870683043,-0.80792373
C86012,253.14355766854933,351.0370104083763,-0.80792373
C86013,5245.090244054978,124.89491443315664,-0.80792373
C86014,644.3110035232534,-439.1343883506498,-0.7923458
C86015,3108.32107175271,23.718627076498475,-0.80792373
C86016,2410.215035720661,41.64619256409033,-0.80792373
C86017,3012.9478110300765,122.51176854604962,-0.80792373
C86018,4321.018926804535,-202.91273569810065,-0.80792373
C86019,5673.218175872764,669.7092636414524,-0.80792373
C86020,3642.366762418672,-231.93881991727486,-0.80792373
C86021,2538.854134675437,37.309961943807714,-0.80792373
C86022,3335.1001392274807,154.9033581373574,-0.80792373
C86023,1214.5571744205868,131.624860650579,-0.80792373
C86024,3076.4631117725285,166.57586636756108,-0.6717859
C86025,1887.7916663476378,-347.5545991938516,-0.80792373
C86026,607.1635003957979,47.88254940308419,-0.80792373
C86029,4088.93410559426,158.3801412827107,-0.80792373
C86030,-1164.1161710699782,-83.77743850110821,-0.7899763
C86032,1399.7582527095797,146.1686517802136,-0.80792373
C86033,-276.2170955076999,294.4375357641292,-0.80792373
C86034,2316.7017632994775,777.780144787132,-0.6717859
C86037,3859.396664909419,-367.9987943504407,-0.80792373
C86038,2590.3444701212375,132.32645775119462,-0.80792373
C86039,240.86042068448694,123.15502775390833,-0.7934892
C86605,595.3985642704307,-109.94266986135337,-0.80792373
C86606,-539.5557571031472,298.1528205374393,-0.6717859
C86609,896.8664881853263,1203.459300245186,-0.80792373
C86611,882.4265479710597,321.2276514481297,-0.80792373
C86612,-1889.799832488002,-764.5844413111637,-0.78212917
C86613,241.3902024106827,277.9005493911104,-0.80792373
C86614,3177.2813799523005,1668.633478032141,-0.80792373
C86616,17.222457649551952,-523.1281268602755,-0.6717859
C86621,782.2337847727867,-241.4780800455177,-0.80792373
C86623,-1507.7122074828612,196.3744127790176,-0.80792373
C86625,-1397.7908820794582,2.763475506039771,-0.6717859
C86626,-1509.4238585872904,-18.892443464398642,-0.80792373
C87002,13197.125903205526,2931.409215318543,-0.6717859
C87003,4677.235192256246,-740.9683971666103,-0.6717859
C87004,4888.768105412097,-91.92242459343733,-0.6717859
C87005,6538.979310808911,855.6061916012322,-0.6717859
C87006,7478.679702130781,2327.8967208913964,-0.6717859
C87007,5790.75568052623,2261.6813646024098,-0.6717859
C87008,6250.102876826307,775.328808218858,-0.6717859
C87009,3106.3846969608285,988.7657913057823,-0.6717859
C87010,161.9172996662591,-205.06821836244075,-0.6717859
C87012,3858.513482527552,479.6932489076798,-0.6717859
C87013,2667.3764525085,7.744981833318094,-0.6717859
C87014,767.8956558064451,62.30676420976404,-0.6717859
C87015,2513.684797365709,211.1788919432397,-0.6717859
C87016,4190.159927875971,757.1619035570696,-0.6717859
C87017,5083.426984069766,135.84496922851872,-0.6717859
C87018,3924.530099854594,187.10819162589274,-0.6717859
C87020,1527.3777640516334,496.116528836461,-0.6717859
C87022,2511.9042248785167,122.77602107149535,-0.6717859
C87023,-739.5233099469772,-116.5446183324318,-0.6445406
C87024,25.732298267393737,-107.6204392555679,-0.6717859
C87029,2986.872438786676,873.0374188814649,-0.6717859
C87030,3878.6010173190557,1200.0113742114895,-0.6717859
C87031,313.9974558196392,-156.68347357141,-0.6717859
C87603,-141.44012458446227,401.4441286208404,-0.6717859
C87604,942.4829492005723,63.4567339702031,-0.27555323
C87606,-1579.4068674970194,-6.190399074103555,-0.6717859
C87608,-1083.4126430344347,125.82827851990034,-0.6717859
C87609,-294.05304400648714,106.66281710303288,-0.6373932
C87610,-1581.919096868972,-117.64731515216965,-0.6373932
C87612,-1631.1529529350416,-146.97749873288396,-0.6373932
C87616,999.7119526989878,70.48174628888708,-0.6717859
C87617,-1686.3081367302443,-63.52811031697135,-0.6373932
C87620,858.1623298760767,547.0555062997736,-0.6717859
C87621,-916.99998785595,-144.2849305107004,-0.6717859
C87622,600.1217305989109,2183.665577602714,-0.6717859
C88005,2196.2752637285585,157.50883312196055,-0.27555323
C88006,680.6209016197016,17.421530368624275,-0.27555323
C88007,570.0408062227543,414.59433520720523,-0.27555323
C88008,1895.9797214343246,482.6527579294249,-0.27555323
C88009,2175.1238650030455,615.8172235202223,-0.27555323
C88010,9725.104966402,627.0433908509917,-0.27555323
C88011,718.3587411296152,148.7973523544652,-0.27555323
C88013,-1779.1350557361945,-484.70274832378726,-0.6373932
C88014,4083.8363541851018,528.5757764600746,-0.27555323
C88015,6089.564928828741,2295.5233536639216,-0.37550703
C88016,4541.894209116986,-143.82126918965395,-0.27555323
C88018,3580.4181747943735,547.7449786584191,-0.27555323
C88019,3028.750273451953,-300.31563276429273,-0.27555323
C88020,1523.9013039742538,418.5674183569904,-0.37550703
C88021,2923.327068891059,-19.375151451180646,-0.27555323
C88022,927.4195249455636,42.27167701341405,-0.37550703
C88023,3997.8808985116275,-2.764074561053525,-0.6717859
C88024,2638.6444095424577,-186.0766710547483,-0.27555323
C88025,3208.217398070946,-425.13244893402174,-0.37550703
C88026,5475.170028238889,279.6607735377235,-0.27555323
C88027,-132.66668767505294,297.1636709592732,-0.27555323
C88028,921.1388615582739,327.45522355095545,-0.27555323
C88030,1234.3871526123066,393.2524237524948,-0.27555323
C88031,3119.981233609056,341.439744059845,-0.27555323
C88032,1978.0850284357743,618.9292790130653,-0.37550703
C88033,921.4120847766623,-305.973402246253,-0.27555323
C88034,2934.8767060739124,331.11390021488324,-0.27555323
C88035,1533.28950344351,549.9023237054887,-0.27555323
C88036,3768.9133495522856,363.16626253668727,-0.6717859
C88037,7177.474967407144,1709.9811858740652,-0.27555323
C88038,3218.128105741038,-387.59666135220175,-0.27555323
C88039,3609.799500569406,137.14982442902664,-0.27555323
C88040,1090.1903561510928,24.029629227342426,-0.27555323
C88041,4194.299108471351,696.3464416504053,-0.27555323
C88042,444.4618931780812,-446.50090092793596,-0.27555323
C88043,2983.4942661772197,451.30093208617035,-0.27555323
C88044,-621.3627733947028,146.27492889949747,-0.27555323
C88045,2424.749053049176,617.3931940225342,-0.27555323
C88046,-544.8917701612146,-198.9270053394825,-0.27555323
C88047,2144.9601808199823,436.32926848536505,-0.27555323
C88048,1441.043513843278,231.2413494168965,-0.27555323
C88049,1087.4039368055642,399.5050368591615,-0.27555323
C88050,1087.9833861575357,179.0344565452943,-0.37550703
C88051,-511.29626991594944,91.94824144991291,-0.27555323
C88052,486.38959392963335,315.5918038701661,-0.27555323
C88053,-114.03129062799408,305.1554043049773,-0.27555323
C88054,878.4809809250853,126.68222655213347,-0.27555323
C88057,-1222.240117704707,-222.52879407517653,-0.27555323
C88059,-834.3888328533303,212.30169127990447,-0.27555323
C88060,176.9414125484537,233.72957654845237,-0.27555323
C88061,-1830.141053131084,-345.98880096326195,-0.27555323
C88062,-760.6813605028424,-35.72770043523412,-0.27555323
C88068,-763.4126236177709,97.12480624036924,-0.27555323
C88069,6310.929501934863,1615.3040922715284,-0.6717859
C88070,1746.9070057598904,155.28996093321012,-0.27555323
C88072,9726.019560980367,811.045468035409,-0.6717859
C88073,85.5241521620002,-26.903279696908,-0.27555323
C88074,1265.6408803214247,241.94260433069445,-0.92686516
C88075,-1307.4448304649295,-788.4150676395054,-0.6373932
C88076,276.74221905400043,353.63129994131697,-0.27555323
C88077,-569.3630818372974,-87.91864042979117,-0.27555323
C88078,2096.035709814133,380.43415628582943,-0.37550703
C88079,67.45839012094423,397.07132267023326,-0.27555323
C88082,-1568.547391198916,55.68982786661063,-0.27555323
C88083,-719.2291239999295,-106.57521222396991,-0.27555323
C88084,516.3018377505949,228.13332043258933,-0.6717859
C88085,2724.253409955058,654.5906882248593,-0.37550703
C88086,-19.081246695624507,-82.21339221209492,-0.27555323
C88087,3490.479919668132,1576.0810964169705,-0.27555323
C88088,483.70979386323717,137.64752066651462,-0.37550703
C88090,1402.1316589164435,1114.3316465256426,-0.27555323
C88091,-1287.8257343494904,15.391460998142437,-0.27555323
C88092,4446.398209106941,-89.2802236962697,-0.92686516
C88095,620.1088182826826,338.7321048949892,-0.27555323
C88096,2457.4129192402065,176.90871431686992,-0.37550703
C88622,-1003.9006612175034,-1.7162107664674329,-0.27555323
C88626,-456.4097240018303,696.6825852396676,-0.38410518
C88627,-2286.4459530713516,30.49975201144603,-0.27555323
C88631,-1424.2340099177682,12.66471055086704,-0.27555323
C88638,-1736.051370766045,-200.2726140948939,-0.38410518
C88643,-311.5727944661642,-64.09877950508579,-0.27555323
C88647,651.7132916446905,627.0845370631049,-0.37550703
C88648,842.9677713565287,193.1659879376619,-0.6717859
C88652,-1288.7365957208149,231.21409331592557,-0.27555323
C88653,-139.65314863174086,-507.0570033848396,-0.27555323
C88655,-1826.2697420006994,-65.77350388518127,-0.6717859
C88656,359.3734267121355,241.2283831304623,-0.27555323
C88662,-2426.406277246963,-23.804376409961044,-0.27555323
D81001,-824.4703790557279,-94.86607531686776,1.1288159
D81002,2244.8500805260283,307.5768133876633,1.1288159
D81003,769.7327297124101,742.3635582157553,1.1288159
D81004,3988.704301241902,786.1294734128895,1.571622
D81005,-1024.2226136152958,293.31759183981836,1.1288159
D81006,2952.7439439234554,-45.69239631714246,-0.70976114
D81007,1776.025048581606,-39.05870033271791,-0.71463996
D81008,11885.77562322557,1401.3468252241582,-0.7183594
D81009,306.84507548117926,-282.5886454018718,1.1439729
D81010,6153.16996476923,1325.3325137184454,1.571622
D81011,5965.201350387868,152.60279718053795,-0.7183594
D81012,1374.6887301710601,367.85785885805325,1.1288159
D81013,-644.3650181131555,345.07418218745187,1.1288159
D81014,7930.853978221008,1029.8933630011961,1.5404534
D81015,2134.3963736273517,192.3589440994649,-0.7183594
D81016,1276.7748537800805,437.1404720296096,1.1288159
D81017,-476.3255304894593,221.6990229626496,1.1288159
D81018,1626.511209290861,203.02889074426912,2.1315784
D81019,-230.87555075905252,-225.13182426201752,-0.71498775
D81020,2539.778012414054,83.54050334511996,-0.7153279
D81021,4249.185001440982,730.0945059475887,1.5404534
D81022,12145.577071732276,10940.239526828984,-0.7183594
D81023,3656.7744526624065,709.7642601064538,-0.7183594
D81024,1861.4091692314264,186.2166599453249,-0.71598643
D81025,1722.8949659837585,185.69097349538407,1.1288159
D81026,10144.252589764857,4266.6260971643505,-0.7183594
D81027,1173.5248520223563,313.7256832515178,1.571622
D81028,1442.0711291021698,499.462297102952,1.1288159
D81029,3639.6518491182146,430.3412833691856,-0.7183594
D81030,3860.7176203231966,464.4697050210431,1.571622
D81031,4105.332681244739,252.10736934198178,-0.7183594
D81032,3113.077166479222,-623.7881941745375,1.5738511
D81033,41.12096790393668,183.0367073882225,1.1288159
D81034,7812.392636088717,457.42950023936817,1.5404534
D81035,2276.1724501626145,79.00145616043632,1.1288159
D81036,1288.7038646151104,78.13171395915217,1.5404534
D81037,-1633.9719591338437,53.18126873600468,1.1288159
D81038,1516.5155045709323,627.43481114937,0.3929551
D81039,1788.5328113232981,605.8304244147346,-0.7139203
D81040,-434.0993243721112,0.3078545750151267,-0.7183594
D81041,124.41481587535236,224.72969088453257,2.1315784
D81042,426.62841443919126,228.96719661472005,1.1288159
D81043,13190.834595184444,7462.393951031147,2.1315784
D81044,1841.6477467540476,-156.19130823052535,1.1288159
D81045,2031.1808733037194,237.13193571832178,1.571622
D81046,7409.364249945322,1049.3071984855758,-0.7183594
D81047,2656.1867510078287,381.07179404746717,1.659395
D81048,2121.614235258732,-799.4924139431869,1.9678546
D81049,3046.007762029468,473.8642097423993,1.571622
D81050,3966.6054227012546,637.7348457508475,1.571622
D81051,1416.802421802554,255.19438630932981,1.5404534
D81052,2341.51425534339,-1011.7414619445892,-0.7183594
D81053,2269.2405949569993,-776.7652423585414,-0.7180835
D81054,-207.73132001835262,173.91574673633227,1.1288159
D81055,1176.4775668922373,222.70880145621467,1.5404534
D81056,-1189.345870007711,143.05580439600368,1.1288159
D81057,5549.544766062176,2193.835327825611,1.571622
D81058,1246.8921237057739,206.55449046941138,2.1315784
D81059,2902.079940101475,162.06814482078227,-0.7183594
D81060,1589.0902304192184,309.5800839343528,1.571622
D81061,4821.025958765062,784.4795822672586,-0.7183594
D81062,1324.2352919435275,455.0663599267282,1.5404534
D81063,1038.0382674493196,-475.58477160609687,-0.7153279
D81064,1112.1278418004622,169.19196766955977,-0.7183594
D81065,-857.7334990005611,-63.880137225549596,-0.7183594
D81066,-152.62900758113082,332.63291127610125,1.1288159
D81070,-1083.1664551895358,39.97500056422194,1.1288159
D81071,1745.4786137742315,840.0087745521917,-0.7097612
D81073,-176.72625169137072,79.93038213538104,-0.7183594
D81074,-568.8578334113996,-338.4100535396204,1.5893785
D81078,-932.7512866016857,12.796126333825358,1.1288159
D81081,-791.6848585868692,62.90884992864792,0.3929551
D81082,-172.94558474292427,268.80967090275,1.571622
D81084,631.9373661769964,244.4984897650175,1.1288159
D81085,956.9032991160155,314.343151055121,1.571622
D81086,188.58164990960222,430.1148850413701,1.1288159
D81087,-159.62801577301155,337.3178957088026,-0.71237695
D81602,-1121.543164518496,95.44863015589863,1.1288159
D81603,2461.9150809334415,179.37378010157872,-0.7183594
D81605,-942.6129171499775,8.309602939371864,-0.71277654
D81606,354.59341406587725,1535.76582025425,1.571622
D81607,-1166.128916901335,86.49529455963253,1.1288159
D81611,2489.564353750463,3362.6316925222704,1.5404534
D81612,-441.12148390216424,274.8116762792888,1.1288159
D81615,-171.4901223963903,722.4521399345888,-0.7183594
D81616,-1294.477936169398,160.27491761331663,-0.71498775
D81618,-558.3172731877052,462.02742044230854,-0.7183594
D81619,-339.5029028968468,116.10224297326386,-0.71498775
D81620,-1919.739158632916,52.395057676843855,-0.7097612
D81622,2578.714377381872,465.4365345878702,-0.7183594
D81623,-396.09412120214705,478.41572286977055,1.571622
D81624,-576.9399689243779,557.0476257140726,-0.7183594
D81625,3710.046586586541,1967.5473069048717,-0.7183594
D81629,328.33962695804223,410.30837802081294,-0.7183594
D81630,-347.933728797088,480.88437450909015,-0.7183594
D81631,280.0402163868967,304.5236878049803,-0.7183594
D81632,-2406.750063714229,-42.444124898616195,-0.7097612
D81633,1107.7681628013415,711.1480733553152,1.571622
D81637,-914.8017196625881,507.07718121444975,2.1315784
D81645,-1334.9323013982607,66.11794594452181,-0.7183594
D82001,9068.729425963624,416.4017548095536,-0.27555323
D82002,5028.197056877578,318.1025091508441,0.63764495
D82003,5872.844220140048,2370.1883390016224,-1.0164295
D82004,7983.014970204108,809.9573853719297,-0.27555323
D82005,5761.8109789698465,-182.1571112656055,-0.27555323
D82006,3077.469267200893,477.75013296224904,1.2079906
D82007,7279.687416081223,2907.5465731450595,-1.0164295
D82008,3346.596928892416,489.09964121443375,-0.77532226
D82009,4365.725653502383,424.62667976256006,-1.0164295
D82010,1555.608631371314,-33.939164090934895,-0.37371576
D82011,3997.5146108683307,-341.2896047921864,-0.77532226
D82012,2569.785696425929,392.1770802522266,-0.77532226
D82013,-279.18141605970146,136.36462961803306,-0.77532226
D82015,5018.760921775385,1063.6967063429047,-0.37371576
D82016,3931.4164735244212,925.5394943811743,1.6611863
D82017,1597.4162508529253,-18.110265697784634,-0.77532226
D82018,736.2345537609606,196.940830372421,1.6611863
D82019,4080.4622603540784,2204.9236316797073,-1.0164295
D82020,2972.6870446637895,386.0791342219804,0.09488495
D82021,-1141.516287255187,-2439.6188703598505,-0.34792122
D82022,2208.2722541583016,384.38865242840177,1.3079445
D82023,2460.4097724994954,27.04742053498626,1.6611863
D82024,472.2934712237129,-665.2465660497666,1.6611863
D82025,5188.311263642595,437.4687459849127,-0.77532226
D82026,1042.805137295963,-147.01379214081123,-0.77532226
D82027,4918.588353580206,-5.769182790782588,-0.37371576
D82028,2491.7655293214298,234.49974363915757,-1.0164295
D82029,9060.034294095954,1954.4658058515622,1.6611863
D82030,3516.7477620774475,300.18254068770585,-0.27555323
D82031,2805.1984785121545,566.813715344773,1.3079445
D82032,3707.799543059333,316.0971225806214,1.2079906
D82034,8743.374482045989,11.757665889370458,0.09488495
D82035,5692.1770673934925,652.1426280612279,-0.7183594
D82036,2866.696948287209,-13.13213242884018,1.2079906
D82037,3851.0199837439523,926.1927025642545,1.2079906
D82038,-455.435200071262,59.427489395115735,-0.27555323
D82039,3670.0986901142337,200.3060886946222,-0.27555323
D82040,2674.5268537027146,482.8484168696711,-0.77532226
D82041,2067.103333203465,547.2639590036571,0.63764495
D82042,2437.7292048896716,610.8443176106053,0.09488495
D82043,2356.316895094776,118.83647042302171,-0.37371576
D82044,23362.10913957209,6822.425498048448,-0.37371576
D82045,6305.606006659836,220.690762843293,-0.77532226
D82046,1281.944961777836,686.013802371039,1.2079906
D82047,510.7038415681355,132.79042858980984,-0.77532226
D82048,3591.259183012493,460.7555757057282,-0.77532226
D82049,2104.2439720319962,117.04786426133629,0.09488495
D82050,2818.9342465370773,-877.2889488252293,0.09488495
D82051,5757.439790873064,1537.508869767982,-0.37371576
D82053,2581.1816376820148,248.8922537744182,1.6611863
D82054,8375.681019784972,753.1881120147146,0.09488495
D82055,-1199.3276752928211,-76.66958818367117,-0.9992331
D82056,5437.135547660662,380.15388952439685,0.09488495
D82057,3559.3732590748987,421.65982350558863,0.09488495
D82058,10368.76965987223,253.72544465057965,-1.0164295
D82059,5814.182643879964,309.5277809559026,1.6611863
D82060,33.84364142875597,-46.04203959972861,-0.77532226
D82062,3680.285401021443,1085.4893993677736,1.6611863
D82063,4862.13499539048,500.9411923858656,0.09488495
D82064,8055.6993629553,779.0335327332992,-0.77532226
D82065,3984.9511317221322,403.18108206235246,0.09488495
D82066,2941.53075429078,274.3571469959557,1.6611863
D82067,2782.5715073154197,1033.8918644159849,-1.0164295
D82068,3020.751519549144,521.7280229112531,-0.37371576
D82069,-730.6833705565747,-188.0544275521438,-0.7795446
D82070,2248.172742790153,248.6006864904712,-0.37371576
D82071,6250.584480804517,-124.5010246450964,-0.77532226
D82072,1810.3855755473592,73.7499667589016,-0.37371576
D82073,964.8014656528679,-7.514832133063036,-0.77532226
D82076,396.8562464068151,100.84925160398713,-0.77532226
D82078,2516.1317201598927,47.37455440467292,1.2079906
D82079,2039.5072545081048,423.33049972443376,0.63764495
D82080,2589.9551432960357,668.9586001145212,1.2079906
D82081,245.4407423164857,181.305931641151,-1.0044646
D82084,3459.0769211669954,273.3378618269957,1.2079906
D82085,1086.2545169169593,502.8716038690312,0.09488495
D82086,1409.7149292373026,1065.0931949962528,-0.34792122
D82087,-154.53176940557347,160.39407733415433,-0.77532226
D82088,-1939.8338331630546,87.0437650676635,-0.77532226
D82096,-302.40958387606247,304.71111980540365,-0.77532226
D82098,-147.44024594842762,-403.40354533945504,-0.9992332
D82099,2740.850596519847,840.2830917182977,-0.37371576
D82100,1257.7922843297986,531.3299837117812,0.09488495
D82102,502.8673423662625,680.5716153809126,-0.9992332
D82103,-1462.3084859308901,-14.43676498651483,1.6783826
D82104,3884.5202616525726,94.9252211477211,-1.0164295
D82105,1856.8458654976296,660.2084850544873,-0.37371576
D82106,-559.7643857544301,21.179760954960763,-0.77532226
D82600,-851.3143247405935,-41.45242088031354,-1.0164295
D82604,-192.68413208374065,10.940937110762754,-0.37371576
D82613,877.1968462078764,453.4333121482156,-1.0103668
D82615,-2346.7156255969835,-691.833124634955,-0.8183132
D82618,-183.6508334592768,225.4700456224593,-0.37371576
D82620,-2185.8380625279474,-394.0065389721621,-0.8183132
D82621,2856.9143664052144,218.26253409018082,0.09488495
D82624,-489.0728872434892,339.12414634285506,-0.77532226
D82628,-157.82752288108134,297.95370653030005,-0.27555323
D82629,-527.9676418976065,29.024433098336797,0.08628677
D82632,-1524.4146155450057,-121.98971221525775,-0.8183132
D82641,-2293.435519468087,28.486590745604968,-0.77532226
D82643,-2377.6064635837224,-22.746721751716287,-0.7662677
D83001,4900.192653821292,-5.652331891577315,0.95291144
D83002,4281.982492711209,679.4274040546447,-1.0164295
D83003,1604.5740615166865,443.89817392959714,0.63764495
D83004,2170.6622429016425,436.1511649612509,-0.5012554
D83005,6733.426401849387,1073.9086725533007,0.63764495
D83006,2342.9242574106433,432.46541297765737,0.95291144
D83007,3110.31139351349,252.98581511664136,0.63764495
D83008,5913.33587686826,1073.6956635254378,-0.5012554
D83009,5424.93645182556,65.80483190940757,1.2079906
D83010,2951.189991737127,-362.9986570688638,-1.0164295
D83011,3045.4854895186845,850.9103322667668,-1.0164295
D83012,7037.682873476085,302.6876339561635,1.9850509
D83013,6603.95745521477,736.5542584278636,0.63764495
D83014,5039.673794857648,595.110280479398,0.95291144
D83015,1155.0435536769496,433.75435751837074,-0.5012554
D83016,2195.74384812625,480.36372266246025,-1.0164295
D83017,7464.612190605207,43.92623886962803,1.3079445
D83018,4938.472886964067,601.5765815311139,0.63764495
D83019,2592.2318393462733,355.65935077144206,1.3079445
D83020,3526.3269369155637,388.9430544487961,-0.5012554
D83021,5994.552771368414,1467.893809755584,1.9850509
D83022,1312.4487204716186,-60.45248477114849,0.53088415
D83023,2892.547060781322,709.9928771567215,-1.0164295
D83024,1712.6667980824654,519.3028510227365,-0.5012554
D83026,3961.651223724088,274.6819410462429,0.53088415
D83027,2914.237681067293,326.19564241237276,1.5404534
D83028,2247.4379968070466,710.7811777450369,0.53088415
D83029,5285.149470635542,630.9271614539329,1.5404534
D83030,-216.40896396880845,330.56611219782565,-1.0164295
D83033,3287.8214020508744,335.17208659408703,1.3079445
D83034,5226.013450037734,444.4227396442725,1.2079906
D83035,4998.118738264583,-94.7719035693769,0.53088415
D83036,-47.25485631939162,299.6412747061975,0.53088415
D83037,7679.654450936174,723.9188727483843,0.95291144
D83038,4545.147803220252,2251.276287281342,0.63764495
D83039,5560.3085854503815,2295.089360973586,-0.5012554
D83040,4043.938038591969,278.1740605037098,0.63764495
D83041,2695.5767120322694,335.6701732145334,1.3079445
D83043,1191.4524492107685,92.55624589933173,1.3079445
D83044,9923.494139776709,819.9000497170824,1.3079445
D83045,737.5917234911142,0.9726945274479178,0.63764495
D83046,4603.992030530938,2768.717087880695,-0.5012554
D83047,3063.9210354333422,1315.9552809946454,-1.0164295
D83048,8365.21424674434,2457.782551046738,-0.5012554
D83049,1814.4750383038047,294.99433252755966,-0.5012554
D83050,540.3807000757785,300.38783968280063,-0.5012554
D83051,2818.346890031856,996.5475108239207,-0.5012554
D83052,612.0158714490012,-50.591519892137285,-0.49265718
D83053,4488.4324193364255,444.5661733185641,0.53088415
D83054,605.1411270404213,254.20862775836227,0.53088415
D83055,7059.291193795551,762.8831861389032,0.95291144
D83056,686.7408792532632,123.0035296596041,-0.5012554
D83057,6682.848462724644,40.68183368918346,-0.5012554
D83058,1418.8955243680784,115.06388512906143,-0.5012554
D83059,4566.4740031486535,1366.5336446286346,-0.5012554
D83060,13641.227596448929,782.9680425465145,0.95291144
D83061,3638.7289182738596,465.28295315273095,0.53088415
D83062,3278.0659260259335,597.9623468306316,0.63764495
D83064,1026.843335778138,114.10155774585886,0.63764495
D83067,76.15925018235937,395.0254365964481,1.5404534
D83069,1193.5373406312651,556.0573708904403,1.2079906
D83070,1270.7080115912079,471.3889520131626,0.63764495
D83071,-683.3479156495207,-383.8398716588555,-0.9992332
D83073,-853.3296640315934,266.3552973408239,-0.5012554
D83074,1196.6267306631073,440.6547587409303,-0.5012554
D83075,2399.4083989896253,1494.0194355467947,0.95291144
D83076,-389.24634629109715,35.75157146414924,0.9081293
D83078,1224.7962102613296,304.8771736823261,0.63764495
D83079,2968.683316833556,198.28641128727122,1.3079445
D83080,274.1707262199577,321.19786638699696,-0.5012554
D83081,75.731236122574,520.8272281047867,-0.5012554
D83082,208.40762778786095,303.6508353895865,-0.5012554
D83084,403.6327125767912,-55.52375776967843,-0.5012554
D83608,517.1497202134882,515.3889146426014,-1.0164295
D83610,2642.2827926470495,950.2392510912475,0.63764495
D83614,-4087.3878063841844,-1931.1401628308827,-0.4926572
D83615,-1173.807675357621,14.404929318846328,-0.5012554
D83618,-794.5399621230263,10.349722808576084,1.9678546
D83619,-1801.741743030363,-248.29835983709373,-0.9992331
E81001,-889.9972859495399,-25.54051327189083,-0.85628843
E81002,1041.7306223223554,533.1234925774289,1.5956252
E81003,6061.443639262272,873.4911983069186,0.6842184
E81004,3476.270399963501,805.1495424646555,0.6842184
E81005,929.9998621404002,-578.4077274089452,-0.85628843
E81006,1259.4328802523905,-190.69752748437094,-0.85628843
E81007,1407.6700352474725,-95.63561656946851,0.11387259
E81008,5341.646779431708,1893.0842680932815,-0.85628843
E81009,1933.5278906800886,302.03166777733554,-0.85628843
E81010,340.7391006567486,115.229430853035,-0.85628843
E81011,1611.4566147691576,-516.196798479062,0.38407692
E81012,3660.109597635595,299.7838044276291,1.659395
E81013,849.1809960167369,428.8331407215959,-0.85628843
E81014,1177.094988894819,481.40226030413135,-0.85628843
E81015,4722.458193800123,-463.83604947032666,1.5956252
E81016,-456.1107189262279,-348.9448684931539,-0.85628843
E81017,1059.6050842541993,494.4635922665997,0.38099015
E81018,1366.4310662502792,-426.3045013043019,-0.85628843
E81019,1920.4757556828724,895.3492171232798,0.3929551
E81020,-878.6849081923953,-833.9104628935577,0.37575874
E81021,794.792119710927,751.6391313338903,0.3929551
E81022,3872.7018481700948,-70.58032344938675,1.659395
E81023,-1145.7357347250306,-136.3528008354352,0.3929551
E81024,1062.774449240029,121.5650869608076,0.3929551
E81025,-629.5946739003587,17.604364666832048,-0.85628843
E81026,-235.12535668598423,-383.4745556515675,-0.85628843
E81027,1361.7558789234824,633.1479367068911,-0.85628843
E81028,1397.7548210473783,400.7852178657632,-0.85628843
E81029,2349.0447358498254,246.92685488447063,0.3929551
E81030,-445.0730268009564,335.9108125125916,0.3929551
E81031,747.4680941450977,159.96394357569227,0.3929551
E81032,3150.6631980904513,-27.359564216565246,-0.85628843
E81033,6721.887236633899,1025.5049265592372,1.659395
E81034,397.75555412371773,587.2552446097591,1.5956252
E81035,2154.521566609166,315.4611706465119,0.3929551
E81036,4072.2063916029892,460.79638039391864,1.659395
E81037,7429.772820905989,2810.3087072055746,0.3929551
E81038,3005.5001584754013,152.21785142366,0.3929551
E81040,1766.05477605203,92.56594690341825,-0.85628843
E81041,952.1251117961272,-641.1365058623204,-0.85628843
E81043,-243.48054074037884,356.6312220027437,1.5956252
E81044,6195.822440316186,2345.9172024867103,0.6842184
E81045,1991.4553464902,228.1074661455883,-0.85628843
E81046,4699.388064984965,661.4134760083966,1.5956252
E81047,79.64604674739813,571.8151272358706,0.3929551
E81048,-57.235678878292376,181.61084115954748,-0.85628843
E81049,107.27453422524165,432.02870709978964,0.3929551
E81050,3843.659540604162,389.89058158110294,0.6842184
E81052,896.1136688729011,602.7033775840549,-0.85628843
E81054,-1448.2906942321283,-86.75908703056027,-0.8573919
E81056,-511.13895102663196,148.61691160351936,0.3929551
E81057,5126.769163528203,881.3724597129014,1.659395
E81059,944.5363259327333,585.0200362209813,0.39008155
E81060,-568.3157639785599,425.3504506784672,0.3929551
E81061,315.9703522574047,70.59800184473343,1.659395
E81062,-1013.9116880103903,267.2443749880557,0.38099015
E81063,821.305809800713,216.39099264898,-0.85628843
E81064,-868.2951873882037,-465.4957200627111,-0.85628843
E81065,-591.0971046863997,161.59033555890886,-0.85628843
E81069,621.0820200199046,492.17692222559106,-0.85628843
E81072,1214.6148274086606,480.5701744411855,1.5336467
E81073,1314.6280740156194,161.2764375565711,-0.85628843
E81074,3994.4405910118435,647.7972834174548,1.5956252
E81075,-1312.7720361914983,-474.80863243140095,-0.87404484
E81076,-346.49152274787264,110.38941240864604,-0.85628843
E81077,-247.71176746315405,916.568154088391,1.5956252
E81611,-1322.1436065019052,238.0590210375451,0.3929551
E81612,-686.3766910960368,-44.75286175171875,-0.85628843
E81615,-1743.7403750606056,54.148215698444325,0.3929551
E81617,-822.503151611442,14.463115947730453,-0.85628843
E81618,-1801.9318270942738,94.92463041041783,-0.89068115
E81626,-1519.1338246664216,-365.09514090885705,0.37575874
E81631,-1475.3760070238493,22.516339256216497,-0.85628843
E81632,320.13164353920155,417.0300027638473,-0.85628843
E81633,-1714.7196919458866,80.13435861081086,-0.85628843
E81635,-1545.709844299643,103.51499428098653,-0.85628843
E81636,-1622.566863222348,-101.1658405724242,-0.8906812
E81639,-2362.688062224842,-7.150858222229373,-0.8906812
E82001,9567.40532973993,2497.852376498593,1.499254
E82002,2129.5146580565684,345.44537299350657,1.2373677
E82004,-631.506344653983,613.0583907241809,2.1763604
E82005,12442.724829746783,5286.073795335378,0.11566388
E82006,3321.451872476341,232.55481304530502,0.54987186
E82007,1500.9454417538045,-10.253374350091383,0.54987186
E82008,4245.080513296484,-65.3252437460054,1.659395
E82009,2520.8739363969767,1603.3685916610946,1.9954404
E82011,689.7185618861037,-417.1893757761316,2.1487746
E82012,1503.9694843565917,-202.7202155978534,1.3459197
E82013,5665.56810605216,3796.334037594466,0.85474885
E82014,2174.7937722161764,1967.4348110970434,2.1763604
E82015,2361.076000866351,542.3518748038105,0.85474885
E82017,1456.9426278077274,827.9021856805791,0.85474885
E82018,3681.6009116194646,376.38013117211307,1.2373677
E82019,9373.112371787149,2043.6780391964785,1.2373677
E82020,829.7084488915139,239.3172554010993,0.85474885
E82021,979.6950212572405,229.56810770869797,2.1487746
E82022,2985.5407664446843,1120.037308231652,1.499254
E82023,2256.1589292237695,427.5742009272103,1.2373677
E82024,5070.63151167507,805.0378122433892,0.54987186
E82025,3669.611429702149,-285.91885471152506,0.84955627
E82027,1708.9527195791632,902.1583697704996,1.2373677
E82028,1730.949051085372,1408.5286917358633,1.499254
E82031,2516.4932634647976,587.2955006988341,2.1763604
E82032,5077.372770934037,1076.343135103907,0.85474885
E82034,305.00477319377956,285.30226554836196,0.85474885
E82035,5628.43778345059,627.840408831957,0.11566388
E82037,2740.381723391878,1150.0701012811755,2.1763604
E82038,190.67712370231857,277.39768818016046,2.1487746
E82039,1594.0687810800935,-834.4905979323516,0.15630515
E82040,10318.779573926051,1506.5880002562003,1.2373677
E82041,2884.502456946734,224.3972747485583,1.2373677
E82042,2705.623177426057,626.1395224990076,0.54987186
E82043,2578.791005395542,834.3977638879742,1.3459197
E82044,3092.945110643717,16.02415035144832,1.659395
E82045,969.6435743207165,530.4925244405856,0.85474885
E82046,3853.660638632719,421.9407156252793,0.85474885
E82048,328.28480197241913,-503.63673356105755,1.3459197
E82049,-618.0363390536829,-44.29591779669763,1.9954404
E82050,-952.3715968932562,242.43104948617844,1.499254
E82051,3368.13857458879,332.98973291528324,0.85474885
E82053,2032.2279032558506,1548.4952062304753,1.659395
E82054,574.1097443156057,218.33231516906912,0.8533121
E82055,1446.6651509272667,577.274380324114,2.1763604
E82056,2229.914210399065,145.78867191915904,0.11566388
E82057,-153.12984634599724,212.06109159620576,0.54987186
E82058,1428.5243722821897,238.38269001513058,1.2373677
E82059,806.0362670420226,843.0816377654377,2.1763604
E82060,2757.169743130429,1365.4440956392411,2.1763604
E82061,4171.01969536962,547.3472526176137,0.54987186
E82062,5111.26116971154,635.9051440324416,1.2373677
E82063,3764.612524674415,1014.9328312160005,0.54987186
E82064,-772.4220655401838,129.1441243511285,1.9954404
E82066,-1701.6213969859102,10.684910084094465,1.9954404
E82067,6181.525594880931,942.4145016401363,-0.4514576
E82068,3078.7998450016153,-111.90362846552036,1.9954404
E82069,-1034.4469917685353,401.27042941995705,0.85474885
E82070,-1417.6798846811478,233.53236663807806,2.1763604
E82071,1114.6756282608612,232.11183053588158,2.1763604
E82072,3063.914098208844,281.9593696893221,2.1315784
E82073,2707.3721739668595,1957.8227188876735,0.85474885
E82074,9071.220824160466,370.06270449575857,-0.4514576
E82075,2299.841084567686,812.9571242211024,1.659395
E82076,-783.5205642050018,-143.31159123641777,1.5170105
E82077,225.32506652773054,448.3909934160484,2.1763604
E82078,1228.1528713279224,522.332785594457,1.2373677
E82079,2570.6300477583136,1039.7711218240854,0.54987186
E82080,1758.9871769646252,-221.92080612296039,1.6546491
E82081,5592.632835469087,1273.194082685648,0.54987186
E82082,5786.624105070621,-90.13990289133038,1.659395
E82083,2072.897247024434,339.6335924478403,1.9954404
E82084,1050.813806609055,671.3986910271134,2.1763604
E82085,3330.1366008744476,940.4909452825126,1.3459197
E82086,6317.354254118174,1199.339692088988,0.11566388
E82088,1221.545164891107,-192.1136824361498,0.54987186
E82089,4884.3046395216925,954.5426544480476,0.11566388
E82090,3911.4925838040895,344.3594412027802,0.54987186
E82091,5042.560360016251,1033.9550266964723,1.499254
E82092,4234.708226442218,1277.0502358983683,2.1487746
E82093,6164.957044816464,573.1803764262828,0.11566388
E82094,138.3516840440728,532.0995190006496,1.499254
E82095,-768.9561320151395,4.386948402582476,2.1807997
E82096,1403.9340647339081,309.0762721795492,0.85474885
E82098,646.4636610053851,339.5410496097048,1.2373677
E82099,3660.0233499337714,-151.9424081807254,1.659395
E82100,5969.231209472752,527.8646400825157,-0.4514576
E82102,1914.0760655860795,306.4440384025948,2.1487746
E82104,661.8812944787358,185.36653900718565,1.659395
E82105,-1138.3293314074203,25.213693168917196,0.85474885
E82106,1208.4201975601386,262.36708095337394,1.9954404
E82107,470.24154123855396,495.22076534084545,1.3459197
E82109,369.66618216930317,455.12880136719093,0.54987186
E82111,-303.7621571387772,-114.0865582561214,0.11566388
E82113,-1206.6171816554215,285.0876987273955,1.3459197
E82115,4950.76655182752,222.9405058593971,0.54987186
E82117,1110.3466649310246,734.1315743308803,1.3459197
E82121,334.76079141237705,116.65606882945846,0.11566388
E82123,5850.427528078243,856.1453284644153,0.54987186
E82124,5482.033032660875,2757.284279121191,0.85474885
E82126,-978.9122452332308,93.04967482249545,2.1487746
E82129,2052.879504255769,766.5606829534206,1.9954404
E82130,699.5090468141283,427.7168516046833,2.1487746
E82131,-1306.3106586613553,111.28205604842286,1.499254
E82132,679.9008460407707,11.76844478151792,2.1315784
E82133,1562.4821108024553,-290.41210823209786,0.54987186
E82603,-963.273613207436,788.741955140506,0.85474885
E82613,-1680.7132117863316,56.466061362329874,0.8520503
E82620,-2419.2290344559583,-12.487308243158807,0.54987186
E82624,-1297.470952129676,267.22192905636206,0.15865476
E82626,-906.6844155590009,224.86938054311233,0.11566388
E82627,-1595.2274395533973,-129.94661966876043,2.1487746
E82630,-1692.7141784075277,143.92816262341654,0.84993744
E82638,1018.4153930257202,521.8649893987028,0.54987186
E82640,4.124399292026276,491.7853751566811,1.499254
E82641,-179.2443067189363,537.6751230644664,0.11566388
E82643,-1729.7289152605276,-54.775255858185815,1.499254
E82644,-1843.5385357274163,224.61596867558276,2.1763604
E82652,-1563.1202003109136,122.66111233484315,1.499254
E82653,-1430.2789867504835,152.23532333356695,0.84615064
E82654,179.81025878874803,649.3489643596981,-0.4514576
E82655,-938.5409035906357,649.3454517969582,0.85474885
E82656,-1918.0332884915124,150.82135662670927,0.84993744
E82657,209.5610063686009,637.0054299475322,0.9736904
E82658,-654.1716529993099,227.0907901509297,0.8461507
E82661,1261.893823241097,436.5058063657203,1.659395
E82663,-802.4891774239414,-338.75834250657977,-0.8818557
E82667,-2378.88805069059,-16.697983571639522,-0.45068374
E83003,944.9067822209777,539.5167162179432,0.49792454
E83005,-940.2255681034978,353.0427756517756,0.49792454
E83006,-841.1391568376342,-26.3137769328368,-0.39306164
E83007,-375.3661264449974,412.70929771041256,0.49792454
E83008,187.23953404018903,203.7056327650603,-0.39306164
E83009,347.3737464819105,767.0154407982193,0.49792454
E83010,447.78809099678335,-89.4756325840487,0.49792454
E83011,681.7874823959211,235.8078766860039,0.49792454
E83012,-369.03334996662636,50.86631894215487,0.49792454
E83013,-1020.8572559475941,170.72122978447024,0.49792454
E83016,2147.6358053102877,150.75755095617117,0.49792454
E83017,1526.7915943056673,449.2766775857415,0.49792454
E83018,3637.239029642023,618.9931381587564,-0.8648866
E83020,660.551960770012,533.0595384867792,0.49792454
E83021,933.7688542915263,601.8518448943003,0.49792454
E83024,1268.7603855662453,267.9823390772034,0.49792454
E83025,627.5311015397839,660.5983448835487,0.49792454
E83026,-889.2803898577403,150.62703888683663,0.49792454
E83027,874.8171400931211,390.8470659996252,0.49792454
E83028,-431.53068501613456,340.00627047476894,0.49792454
E83030,313.7564607422319,468.0779792604889,-0.8648866
E83031,-1012.8786134410884,-3.029511232725623,0.49792454
E83032,2723.8310204384184,593.3704070428491,-0.8648866
E83034,251.24638574634463,64.54385879130014,-1.0647943
E83035,878.5320198498003,804.0463778942544,0.49792454
E83036,-1225.8745463642995,228.9197985379689,0.49792454
E83037,-852.7268160625163,118.75634624913239,0.49792454
E83038,1409.6784604893603,359.3900095914872,-0.8648866
E83039,-968.3574541611044,345.7089361649369,0.49792454
E83040,-2400.0541877344194,-330.98942326400726,0.41194275
E83041,-996.8399803453457,216.80625994143938,-0.8648866
E83042,-1726.7232077810702,-83.04723983011847,0.41194275
E83044,-336.91247371911385,25.60908264932335,0.49792454
E83045,-215.214838188668,817.2584386232493,-1.0647943
E83046,318.682247020859,775.0559298023943,0.49792454
E83049,-473.6725331794112,188.90746671626422,0.49792454
E83050,-695.9559681029707,272.5169570384511,-0.39306164
E83053,2080.8890852117365,944.7514212646255,-0.8648866
E83600,-667.5372291415448,187.1129675959367,0.49792454
E83613,-957.8313245774116,483.28744757157784,0.49792454
E83621,400.13218244845683,1428.382959482169,-1.0647943
E83622,-655.3188848862857,891.9509186112664,0.49792454
E83624,-1853.6348860215978,-23.017960939786423,0.46761045
E83629,-1493.0329098283212,-85.1799183500633,0.48050192
E83631,-1855.9333859625233,-130.6339329096472,-0.5208984
E83632,-1142.3815761446765,-12.263438039486154,0.47093838
E83633,-1942.3191805972556,-75.44173547217166,0.43400615
E83637,-1031.0769658286358,435.5988918662187,0.49792454
E83638,-1075.111835401463,247.53097255472335,0.49792454
E83639,-1174.7616724714517,199.80282419074277,0.49792454
E83640,-2015.3453708954507,8.546000285858797,0.41194275
E83644,-2011.0703721364664,-286.35284826915176,0.44209608
E83645,-1173.2037001272167,9.247010046660867,-1.1077851
E83649,-1664.1609608103327,37.85870790045673,-0.39306164
E83650,-1830.3502069910055,-55.08877024525766,0.49792454
E83651,-2080.932506670143,73.80237002421329,0.41194275
E83652,-1704.9378937398833,128.91812233891986,0.41194275
E83653,369.8247438966698,725.2813368882752,0.49792454
E83654,-1624.3370789092571,-57.970282939025154,-0.50471854
E83656,-1799.5554683382518,-34.66646604572166,0.41194275
E83657,-1876.9033922665922,53.285726376104634,0.49792454
E83658,-2105.638814583381,-178.44140054727893,-0.88273835
E83659,-1890.4291325155853,-151.57486229682326,-0.89068115
E83664,-2215.0355544547733,-141.33930642153817,-1.1077851
E83665,-2382.0590325442695,-17.839320617500565,-0.74594516
E83666,-2433.5030606447376,3.560821447341269,0.41932726
E83667,-397.43921477116874,-1163.3328903137474,0.41194275
E83668,-1527.9742251068121,112.85450452609977,0.49792454
E84002,-815.6112515443751,175.81470492713976,-0.8648866
E84003,-76.0986623153174,888.8942331357994,-0.34792125
E84004,1036.4138775988197,0.1701595385106217,0.9736904
E84005,1211.0306745415862,-261.82302798091087,0.9736904
E84006,3755.4869633662893,1101.809267585459,-0.43246996
E84007,779.0241472068074,321.18574987831744,-0.8648866
E84008,3612.5562495949316,47.75370643534548,0.9736904
E84009,3819.2426494576107,747.1761470691898,0.9736904
E84011,-604.9429749889213,-252.20937725473743,-0.8648866
E84012,-12.249856807519476,307.92874440020285,-0.39306164
E84013,1666.2038699199195,337.1754731945838,-0.8648866
E84014,2337.231780844338,-434.25218449505223,-0.8648866
E84015,2425.6701549018553,883.685652827516,-0.8648866
E84017,1052.5442959125367,642.5713386715798,-0.34792125
E84018,795.3327713064915,-198.91938519298046,0.9736904
E84020,-512.4492015964807,613.5664767920485,-0.8648866
E84021,2508.4324243027927,936.1019244133275,-0.8648866
E84022,-609.7682903762503,-237.25792882489492,0.9736904
E84023,-748.0225974584815,348.99749954360396,-0.17279066
E84024,6168.95254085195,-181.43422045479525,0.9736904
E84025,-324.38805798379906,132.8220120449128,-0.39306164
E84026,237.31487110816798,445.61065415055145,-0.882834
E84028,-66.77953682765846,-10.737841695398497,-0.8648866
E84029,-1238.8469173528633,263.5676763686227,-0.8866104
E84030,608.1755623069264,664.4114607301801,-0.8648866
E84031,1345.6184658642226,255.3546451435983,-0.8648866
E84032,334.5248554208079,838.8716850829433,-0.8648866
E84033,-785.4557590334043,222.9121162403688,-0.8648866
E84036,1394.0118492362951,719.8219439955247,-0.8648866
E84039,2766.144354508096,1224.693628855512,-0.8648866
E84040,-335.40004076115406,-52.21151760598395,0.9736904
E84042,-760.5839496722544,34.35100948891387,-0.1705838
E84044,710.8326624234256,66.51067927253905,0.9736904
E84048,460.10021371182086,124.640583289564,-0.8648866
E84049,-1048.2229927773537,499.97810643610416,-0.8648866
E84051,228.56147427640207,681.5538283437983,-0.34792125
E84053,-392.15672182788455,-14.356429241173535,0.9736904
E84056,-1730.6585494250655,-167.34102471095025,-0.5650252
E84057,4033.747997210784,831.584287955086,0.9736904
E84058,3410.712115118109,517.2408694044129,0.9736904
E84059,-621.8725244908295,671.1741253570585,-0.34792125
E84061,2937.916221733305,227.9397740810968,0.9736904
E84062,-123.25437259478464,382.60019743828235,0.9736904
E84063,-1207.5341676782634,247.75637436646662,-0.8648866
E84064,-1852.8333507175505,-606.2692304245352,-0.8906812
E84066,32.04970646506915,1357.1012168316452,-0.8648866
E84067,-492.2545138994316,474.28612662187044,-0.8648866
E84068,5511.740223722035,1386.9906530574997,0.9736904
E84069,2207.6682071498844,-153.29522607312862,0.9736904
E84070,-918.1676050220987,26.18943018386176,0.9736904
E84074,120.18957569880772,267.77148455279047,-0.8648866
E84075,-651.9083401837314,2.8151265287402083,-0.8648866
E84076,463.42740923030647,427.148571096786,0.49792454
E84077,-1583.828850316158,12.18499432717286,-0.39306164
E84078,-315.0815296006835,616.9346190900903,-0.8648866
E84080,20.762568332970428,638.6317999154477,-0.8648866
E84083,-258.5354559091138,376.3037795772912,0.9736904
E84084,-1584.3273169787271,-364.93846993258455,-0.89068115
E84086,-845.8306460731023,87.27725384094522,-0.39306164
E84601,-629.8153164898674,254.460284370682,0.9736904
E84617,-1042.501713688938,-133.90570754352282,0.9736904
E84620,-563.0614500951089,409.30791294597987,-0.8648866
E84624,-1107.4873486664956,205.00406436745982,-0.8648866
E84626,-859.9388844100845,342.8134823285298,-0.34792125
E84635,-977.1951671346677,410.4018114908857,-0.8648866
E84637,-1198.868500118741,260.3706713618267,-0.8648866
E84638,-279.48323175511047,484.1314606089391,-0.34792125
E84645,-300.1361851478884,735.2424083662678,-0.8648866
E84646,-1878.3757631604753,19.0942215566472,0.9736904
E84647,-736.9118117259832,124.23273994507166,-0.8648866
E84653,-1616.100737170363,4.302544385489047,-0.8648866
E84656,-1147.2776241612612,103.97695059429836,-0.8648866
E84657,-1612.6538298666082,-312.01175976550155,0.9890546
E84658,402.86823986212414,-84.33517408170589,0.9736904
E84661,-669.88729200146,5.820857672598074,-0.89068115
E84663,-791.1932377986885,-90.10784708216485,0.9736904
E84665,908.6613358587225,661.278390525407,-0.8648866
E84667,-1504.1979091564122,214.43430383903774,-0.17279066
E84669,-1540.048209556337,-21.909558065793465,-0.34792122
E84670,-1530.2152538054067,-728.079212523217,0.9908867
E84674,-701.1927497188985,179.23501428009405,-0.39306164
E84676,-684.4318482916306,183.4717144093325,0.9736904
E84678,-1207.4540420457056,162.33166467922717,-0.8648866
E84680,-956.4156416262647,-67.07018783176207,0.9736904
E84681,-1625.4198112622757,46.00163756218859,0.9736904
E84684,-654.1493665067036,447.6542826986666,-0.8648866
E84685,937.3296479602405,1032.0375698407024,-0.34792125
E84690,-1277.7848093770665,263.6641500472363,-0.8793211
E84693,-457.89492044739706,96.88955737866516,0.9736904
E84696,-2107.4995710135954,-33.149042248168065,-0.39306164
E84699,-1297.6308065451685,-420.7873403982155,-0.8648866
E84701,-1187.5563445188914,279.78593468457734,-0.34792125
E84702,-1056.8461320897727,41.28911265724296,-0.39306164
E84704,-1606.4636466576897,94.81553354347962,-0.8648866
E84705,-1559.3328037648528,-50.78924500179865,-0.4536898
E84706,-1790.027200003266,-136.93845935985615,-0.89068115
E84707,-2373.20053870011,-10.219529668940465,-0.8623632
E84708,-1925.5405300536959,-40.74770512537612,-0.89068115
E84709,1028.7026425599,506.32990050886053,-0.8648866
E84713,-1081.9284152319385,46.67765734790606,0.9736904
E85001,2117.9052360177825,603.8116429614923,-0.35831067
E85003,1333.6832641670806,1542.9569298060856,-0.43246996
E85004,1219.012559205232,711.8051813381995,-0.34792125
E85005,-662.2719233274807,136.45371460593307,-0.43246996
E85006,-331.5972310099059,661.1574589677704,-0.35831067
E85007,809.1472093704189,748.9867777286952,1.9574652
E85008,-119.20501248255297,437.224560882868,-0.1705838
E85012,2260.338245585376,646.149182426301,-0.34792125
E85013,-1386.891861783183,407.2158677272347,-0.34792125
E85014,433.3152705938118,273.7280714524545,-0.34792125
E85015,895.1858714616641,1488.9415197089431,-0.35831067
E85016,1108.9559096551386,546.360398647184,-0.43246996
E85018,-1416.1410816807154,68.54242072211494,-0.35831067
E85019,706.6578330382786,361.4814770590366,-0.34792125
E85020,1280.4995426021542,681.406348095523,-0.43246996
E85021,340.80417021694717,277.4183380010553,0.34817293
E85023,-650.5699334708636,388.55672479511804,-0.35831067
E85024,-200.52972302604303,408.2935931313256,-0.35831067
E85025,-524.1205220618352,521.8384580057918,-0.1705838
E85026,2196.764072263016,753.7350753935735,-0.34792125
E85028,374.607014203169,94.84550946231793,-0.34792125
E85029,4020.1536733723574,728.1061727956477,-0.43246996
E85030,-585.2906629385299,60.379229136582914,-0.43246996
E85032,-309.658836988553,202.3405956843875,-0.43246996
E85033,789.3867914077663,54.68788128724778,-0.43246996
E85034,1769.531505852964,327.57088800605675,-0.34792125
E85035,-179.08590052654668,132.92646879548113,-0.35831067
E85038,-920.6579761685043,159.64334892021685,-0.43246996
E85040,1526.4572304495146,151.10897637012272,-0.43246996
E85041,-891.9628015600247,252.07721427738414,-0.34792125
E85042,-541.9901198171303,224.78632757081277,-0.43246996
E85044,-893.9777520745192,158.30031413726223,-0.3841052
E85045,-552.2692230000637,278.4137858281306,-0.35831067
E85046,261.14250929950623,347.90643000182547,-0.34792125
E85048,-568.178597936176,471.12184325804924,-0.43246996
E85049,1544.5374578113215,1582.7625431181023,-0.35831067
E85050,920.9746297537854,722.5955012063553,-0.34792125
E85051,549.3089332912828,1004.3850525118715,-0.34792125
E85052,512.775494446418,1019.6882592505258,-0.35831067
E85053,-858.3804712982229,203.49809247746788,0.9736904
E85054,760.2140807307696,437.59045887309713,-0.34792125
E85055,1579.2942455001241,599.8787243729031,-0.43246996
E85056,1085.852623723358,598.9474091195738,-0.35831067
E85057,22.46127162821423,-7.775844493964423,-0.34792125
E85058,1218.2918971142624,518.7542022095251,-0.35831067
E85059,878.8167839110612,516.9668917693067,-0.35831067
E85060,-190.21012044404046,153.5649595598333,-0.35831067
E85061,-832.5912756564376,318.24925921496055,-0.35831067
E85062,-585.4562853933493,82.31082342967753,-0.35831067
E85064,-116.63500909928,307.34323364229255,0.34817293
E85066,-1648.43633589936,1.3621858092028527,-0.43246996
E85069,-77.7025430389043,380.5754955103455,-0.34792125
E85071,-878.5426171321751,-93.58670773950558,-0.35831067
E85074,-1555.1451756386289,-25.7871224377468,-0.43246996
E85075,-933.1093791328441,55.71805980945811,-0.34792125
E85077,-1111.5916981964547,58.010727618991325,-0.43246996
E85083,325.7398313141351,482.4650118640244,-0.34792125
E85088,-281.3612619756652,455.3821118147672,-0.34792125
E85090,301.6254874350632,124.69624021581973,-0.35831067
E85091,-2086.7296394922264,-6.186935409671986,-0.34792125
E85096,19.111063074105942,837.0049280652208,-0.35831067
E85098,-1383.5702535331927,166.8109642837508,0.9736904
E85099,-1083.5251998959304,189.6200513237846,-0.34792125
E85103,131.15218995630016,613.9459898606161,-0.35831067
E85105,-1547.5861551306868,-3.551709972965271,-0.34792125
E85107,292.08646099092334,445.9871830182001,-0.34792125
E85108,-375.5900989457432,270.0139078913439,0.9736904
E85109,-1125.0506182756305,122.57131944130663,-0.34792125
E85110,-1691.3343049683358,25.070206684804322,0.3012623
E85111,-1157.4955409747192,317.8253992618896,-0.34792125
E85112,-879.2645041384438,61.999654258333045,-0.34792125
E85113,-388.4054082506173,88.9789747413877,-0.35831067
E85114,845.8594487739864,874.5242255431555,-0.35831067
E85115,-951.1707815687495,305.3479311099273,-0.35831067
E85116,-535.2391743294634,533.1115460110556,-0.34792125
E85117,-1340.775271253031,-155.08727125774578,1.9316708
E85118,-286.80135742259023,133.63692170642628,-0.1705838
E85119,974.3070425043329,1069.6994868357765,-0.35831067
E85120,2455.8151775618007,857.7028109963657,-0.34792125
E85121,1545.0554674834887,835.7989385606442,-0.35831067
E85122,1226.5585817664282,639.2478045497649,-0.34792125
E85123,-1086.7242744908824,295.7154969316566,-0.34792125
E85124,-1032.1748920604728,412.5934281034668,-0.43246996
E85125,-1111.3799026593206,178.93179617918605,-0.43246996
E85126,457.38303562414524,475.5437786216235,-0.35831067
E85127,341.07320936942926,454.0919749205977,0.9736904
E85128,30.059572556346136,1100.0550327190651,0.35318854
E85129,220.67052142250063,473.1707243979109,-0.34792125
E85130,-894.1457744512697,157.17514191182963,-0.34792125
E85600,31.53794704582823,482.37686457147896,-0.35831067
E85605,1226.7290288088354,644.2023790512297,-0.34792125
E85617,-1792.2645767844087,58.71872922844148,-0.34792125
E85623,-1586.3183334759915,33.94940864564963,-0.34792125
E85624,643.1348624246144,692.3058819286653,-0.43246996
E85625,-1503.7977696407556,-149.99045632542808,-0.43246996
E85628,298.6497877050224,744.4529889087496,-0.34792125
E85630,-1263.7559679374942,13.693040021153028,-0.43246996
E85633,332.09472135396186,579.346964232964,-0.35831067
E85635,-1307.3555325088294,11.006529408822281,-0.43246996
E85636,209.88388997841537,1022.8579738287682,-0.43246996
E85640,-1474.2352685709266,-59.9342429403679,-0.34792125
E85643,-764.88726993557,395.5615340464625,0.9736904
E85649,-2018.4947658699975,-87.72296322842185,-0.43246996
E85656,-317.24945525876757,296.2892493602766,-0.35831067
E85657,551.6731938889802,262.55310414735436,-0.34792125
E85658,-1346.017482016045,161.7224040813832,-0.43246996
E85659,-1714.2224302831241,-68.16688168623054,-0.43246996
E85663,2101.8261370720124,2082.003821753095,-0.35831067
E85672,-2052.7632685139843,-149.01913936557617,-0.43246996
E85673,-1978.7890731260588,-861.6300720017425,-0.4926572
E85677,-658.1804471496652,412.88179931823385,-0.34792125
E85680,92.79672686640065,505.516893055171,-0.8648866
E85681,876.929964727856,950.5737452107105,-0.35831067
E85682,-268.82534247902623,452.8286377026748,-0.34792125
E85683,-1255.9937819405425,196.71053174570918,-0.43246996
E85685,271.3486818074582,371.5538076675644,0.35318854
E85686,-2394.3766653818543,-1077.7549073050025,1.9316708
E85687,-2185.6860597287623,-31.809535825635617,-0.43246996
E85692,-581.4066617091817,54.829900318724356,1.9574652
E85693,-771.5722761544941,320.25478376015195,1.9574652
E85694,-1265.5077590716146,106.48948050453723,-0.34792125
E85696,-177.79385846992886,675.2972505085609,-0.35831067
E85697,-398.62590589922064,-243.02563612890884,1.1753893
E85699,388.9771349595461,299.4346176567938,1.1753893
E85700,-1790.1712059405852,-73.07795193263952,-0.36262095
E85705,-1909.3668550747452,-132.53964667618052,-0.34792122
E85707,-297.0139237470326,472.7519016652412,-0.35831067
E85708,-804.5227237752941,247.5460339983136,-0.35831067
E85712,-645.2776223048875,545.6010812829132,-0.34792125
E85713,-790.0898032439926,77.13707491055717,-0.35831067
E85714,-1428.816593609413,-109.67547939261458,-0.34792125
E85715,-922.9337334060922,141.8628903213711,-0.34792125
E85716,998.938942040429,574.7604302720711,-0.35831067
E85718,-1402.9289868991557,-311.52764350056907,1.1753893
E85719,-909.5827288470381,121.90185092275486,-0.43246996
E85721,-1649.5815822809743,60.81035317880889,-0.35831067
E85723,-1130.4390870359398,136.4009816472295,-0.34792125
E85724,-1750.7959478028406,-262.43036851174287,-0.3841052
E85725,-1410.843888362793,122.88446209776399,0.9736904
E85726,-1046.8850149364685,79.03236502562608,-0.34792125
E85727,-1066.9927176836486,103.72585526785957,-0.3800345
E85728,-1835.9798552468237,20.4275397608918,-0.34792122
E85731,-1270.8770181483587,70.22796229189461,-0.34792122
E85732,-1770.5159680769837,-65.96361016970133,-0.34792122
E85733,-1827.6481753638197,-208.12470991461603,-0.369469
E85734,-906.4558401964838,158.09210557191247,-0.35831067
E85735,-1117.4448188007605,292.3347521042508,-0.34792125
E85736,565.435786720464,507.73584862871184,-0.35831067
E85739,1227.4277015195162,1494.2773739258562,-0.35831067
E85740,-1852.4146088500736,82.18007418403,-0.34792125
E85743,-1296.356680447079,64.48271308954719,-0.35831067
E85744,268.67691504634456,1360.0337481538568,1.9574652
E85745,1481.8474636025026,504.944513252994,-0.34792125
E85746,-1809.7647367245295,137.7347227034886,1.9574652
E85748,-1319.8148487115243,-50.56488153439047,-0.43246996
E85750,98.29577997616154,661.3718978391147,-0.35831067
E85755,-1911.7537621517781,-104.97557223380743,-0.3841052
E86001,1903.487645724706,649.4433439705788,1.9954404
E86003,-804.7960187458714,-88.68762693657962,0.34817293
E86004,689.4465156419149,374.94291978591974,0.34817293
E86005,650.3818124567451,478.5509622837469,0.34817293
E86006,776.6984190475583,365.1430756248804,0.34817293
E86007,2037.4422321945522,-511.15430981584467,1.9954404
E86009,-331.61015577350895,-99.20076433595554,0.34817293
E86010,1171.876975185009,141.66180184376455,0.34817293
E86011,-458.49026720045345,-76.76805488252376,0.34817293
E86012,3101.503857198706,337.8424932012142,0.34817293
E86014,-661.904183268803,27.368475640990983,0.34817293
E86015,4224.805556842461,970.0924764429203,0.34817293
E86016,-15.974584191128432,209.48433350907166,0.34817293
E86017,1718.3863842195628,801.8267964026065,0.34817293
E86018,3065.285329323916,177.23541422855251,0.34817293
E86019,1078.8501307154481,138.7702385480926,0.34817293
E86020,-598.3845291630208,129.09768764689744,0.34817293
E86022,-253.02478919886642,124.23935732551271,0.34817293
E86024,-675.9829884844637,-232.33718107881776,0.34817293
E86026,-325.67199737542734,426.8201363374052,0.34817293
E86027,989.766824901665,334.1021375454742,0.34817293
E86028,1574.472410369545,139.38231019783055,1.9954404
E86029,1173.848477442104,377.5886217829692,0.34817293
E86030,-1302.803043484092,167.11301425707092,0.34817293
E86033,804.1906771511099,367.17316670460326,0.34817293
E86034,-1828.784621844597,-38.58803790745712,0.34817293
E86036,1495.7066838865762,-168.4456976848656,0.34817293
E86038,-1106.9955685650973,99.75494440918771,0.34817293
E86041,-597.8290309427856,-82.13893007178042,1.9954404
E86042,-121.35037796262945,151.9824827618128,0.34817293
E86605,-1557.768155114606,28.807359410013362,0.34817293
E86609,-1536.9725899832997,99.1620861419589,0.34817293
E86610,-1338.93239650498,89.46127373483738,0.34817293
E86612,-1084.56040301333,-57.441545910956,0.34817293
E86615,-1730.9611276738901,104.38874686667614,0.9736904
E86618,170.6144109598652,422.33219765381136,1.9954404
E86619,-1510.6214941123585,182.0191336445589,0.34817293
E86620,-1525.3693854299374,-76.89227847700865,0.34817293
E86622,-2062.9789781678833,-97.69919162599662,0.33957472
E86625,-1058.2537370369093,102.528988188692,0.34817293
E86626,-952.2072454593269,-199.38935395272333,0.34817293
E86629,-1222.6761935876475,-34.87703672767382,0.34817293
E86632,-872.0446486780611,133.46993669031926,0.34817293
E86635,-1868.9036175004537,-90.96741753765984,2.0040386
E86637,-132.07837125481342,500.3017843768931,0.34817293
E86640,-854.447019690883,60.48374995360146,0.34817293
E87002,2903.679505967727,881.12657968311,-0.60515004
E87003,-712.8779974040333,355.7549582815933,-0.43246996
E87004,64.70912608589727,215.31527706018758,-0.1705838
E87005,-619.7297242717125,-247.79655009339263,-0.60515004
E87006,-1172.0300422968699,-194.09777444980816,-0.39306164
E87007,-1330.2620578034048,141.0440273311229,-0.1705838
E87008,585.9512641529913,748.0791582180773,-0.60515004
E87009,-630.7748090934676,120.72467310538937,-0.1705838
E87010,-978.52099817912,100.62141362883318,-0.39306164
E87011,506.31044169714414,448.7580610927051,-0.39306164
E87013,-167.73691581792298,483.920009943689,-0.1705838
E87014,377.1812646186834,417.03716491970766,-0.8544972
E87016,-957.2467410957014,172.8399852656719,-0.1705838
E87017,-1630.9560965248293,-86.09084484627942,-0.5650252
E87021,-1483.5086891713777,-39.67642739401307,-0.1705838
E87024,162.45242278496139,201.35097592865927,-0.1705838
E87026,-1112.6908553550463,291.3769912711811,-0.1705838
E87029,-70.82812316745681,529.9795209448386,-0.1705838
E87034,2860.718172378402,2435.7198473688236,-0.60515004
E87037,-600.829033441893,51.28368234945337,-0.60515004
E87038,126.8525292386599,183.27004195699743,-0.1705838
E87043,-1505.8444035586506,109.40320115121068,-0.1705838
E87045,-1051.9582115522128,252.40081462804397,-0.60515004
E87046,-836.3742472560397,236.96674162814563,-0.39306164
E87047,-235.4736413967412,-13.629864060629595,-0.1705838
E87048,-1885.989649342056,-60.70758291011134,-0.1705838
E87050,-1824.9040100601233,69.68118188843988,-0.1705838
E87052,-793.5211906999642,-77.59392985453158,-0.39306164
E87055,-1561.9313372776005,198.65944550725175,-0.23936921
E87057,-1713.2390227253736,-8.065106210211905,-0.21844354
E87061,-1450.4195731808381,107.11884679620772,-0.1705838
E87063,-604.4831496363247,390.4274120643093,-0.1705838
E87065,-1550.8345977291533,221.49399706025469,-0.1705838
E87066,-367.4152227353767,335.1644855978842,-0.60515004
E87067,-72.97910956172953,1212.4747500843423,-0.1705838
E87069,-1883.2493677688165,4.121548603384816,-0.60515004
E87070,-1423.7695017647604,57.82016238260962,-0.60515004
E87071,-1780.3841752551143,-22.668772644925262,-0.23936921
E87609,1617.150525963792,629.3034276172313,-0.39306164
E87630,-2158.509421997258,-287.8721279956841,-0.85449713
E87637,21.64070869061818,1269.4725005832938,-0.1705838
E87648,-1382.6830129005014,38.77182210169954,-0.60515004
E87649,-2049.5882543920948,-32.578163439758626,-0.23936921
E87663,-1813.1312787417255,81.47284999177549,-0.39306164
E87665,-1195.9346337333557,147.02803277886048,-0.1705838
E87670,-1924.1854813607051,-248.8581150663726,-0.8544972
E87677,-1999.1210498336566,87.96028108190828,-0.1705838
E87681,-575.7107762337198,227.52876254472073,-0.1705838
E87682,47.207760776682655,518.5049277626556,-0.20907564
E87691,-2413.3502709589966,-41.786889713603536,-0.6101313
E87694,-2367.620466261584,-39.02156121653242,-0.60515004
E87699,-1936.8367756494995,37.994185671259274,-0.23936923
E87701,-920.4100540311534,175.48146303547907,-0.1705838
E87702,-2135.006177441935,-21.89364640223447,-0.1705838
E87705,-2127.3355283832243,-20.356138024732907,-0.85449725
E87706,-826.1714086784054,342.45814452547734,-0.43246996
E87711,-872.4142014973335,417.7206775066926,-0.60515004
E87714,-1359.023475826124,9.468375430954769,-0.60515004
E87715,-1367.725282739115,294.4366613221941,-0.1705838
E87717,-2179.7248138404248,-114.43797581309708,-0.85449713
E87718,-1757.1089542742018,-123.43422057816271,-0.23936921
E87720,-1364.3743605044338,106.71472458190257,-0.43246996
E87722,-1841.695335809394,211.880571358963,-0.1705838
E87723,-1302.8537656870903,-135.65339740774127,-0.23936921
E87727,-1795.9102358262535,-98.22679344922709,-0.4926572
E87728,-1960.4818213623184,-163.5691114846161,-0.4926572
E87733,-961.8450793059122,449.2311915855716,-0.43246996
E87735,-1888.5952967055944,-15.306621678810846,-0.1705838
E87737,-743.5960377969321,-189.50574391799702,-0.60515004
E87738,-629.2369408771639,494.8310593656196,-0.60515004
E87739,117.83987398192274,-115.33554575550194,-0.60515004
E87740,-1929.934160666847,134.45395366189257,-0.60515004
E87741,-1882.9581502575397,79.61511632558208,-0.1705838
E87742,-1969.8087848903017,18.692361016713043,-0.1705838
E87745,-1186.8134323411637,-69.7714386874312,-0.60515004
E87746,-1719.5352479205317,72.56959802575044,-0.1705838
E87750,-1522.532036328835,482.0774402550636,-0.1705838
E87751,-1228.4402607614065,238.7017866463055,-0.1705838
E87753,-828.8950448331741,261.19736069191833,-0.60515004
E87754,-938.3884496062182,-94.73094959167209,-0.39306164
E87755,-1907.7900098628372,86.32545716454644,-0.1705838
E87756,-1011.9424001033378,79.48932425590695,-0.39306164
E87762,-1345.9040118213052,383.6753937128706,-0.1705838
E87765,-2393.6723177966387,-47.025406718640305,-0.8544972
E87768,-2418.198102538003,25.88127145307763,1.137414
E87772,-2276.6247214498644,-17.476675923969797,-0.60515004
E87774,-2407.6382581223024,-98.92013701712438,-0.44761184
F81001,1944.994198903709,587.5603447900705,0.7651845
F81003,-698.9318942049947,325.59506523300365,-0.098215796
F81004,2887.192584490467,456.97194301939703,-0.4514576
F81005,549.6578281221275,-267.5262366288998,0.77378273
F81006,-298.12630539617214,55.349382933628085,-0.08603505
F81007,2817.1543026008276,1260.9969571408255,1.8489132
F81009,3126.661999150252,-111.41600630123487,1.9850509
F81010,5007.92524477462,931.4399659285318,0.49649146
F81011,453.3083067479303,183.6197275069122,0.98049724
F81012,3406.7922848464573,-103.55214556747721,0.7651845
F81013,538.1429187472933,287.3563891863765,-0.08603505
F81014,3800.9176467158313,-1111.0976539207993,0.9081293
F81015,2949.5384550441477,1424.1415372522151,1.9850509
F81016,655.8470627298691,302.52384997461377,-0.4514576
F81017,4976.167289371501,-1302.7540230638078,-0.8251201
F81018,3258.2578384836465,-1883.741915617661,-0.81640875
F81019,9659.980500238542,3015.8329097621495,-0.5012554
F81020,2219.095765473699,394.0916600649021,0.9081293
F81021,4766.2156954733555,491.73975543450774,-0.8251201
F81022,7959.355071294625,1010.0245658513089,0.98049724
F81023,153.43390103139697,151.96844262148227,1.9316707
F81024,-187.30945694333894,61.88972334207994,1.5594413
F81025,871.1844587473717,326.25905482029367,-0.08603505
F81026,4520.144941698155,1088.517214290724,-0.8251201
F81027,5953.298028516834,51.114484250421334,-0.4514576
F81028,2080.2725816654447,305.0604602735952,0.7651845
F81029,412.9433269657504,114.07269634940721,-0.08603505
F81030,7337.604613607766,75.89992235328742,0.9081293
F81031,142.3287701159762,-202.12433986644243,-0.08603505
F81032,-1235.133309034393,-51.174609198922106,0.7651845
F81033,-1024.4210243655457,-343.46849743556066,-0.09463322
F81034,1754.296534829368,15.100384211531546,1.9850509
F81035,-492.83798140365656,-488.58755530666,1.5594413
F81036,3802.358259673393,290.5983766397374,-0.08603505
F81037,3860.5296583993636,-917.2371187773758,-0.8251201
F81038,1809.7603726579162,190.532619930386,1.9316707
F81040,979.0015041882027,52.81159957036484,-0.08603505
F81041,2140.00248499686,762.3885842950458,-0.08603505
F81042,10128.049731662615,7168.609243830187,0.7651845
F81043,9109.990579293462,1288.258486314301,0.89953107
F81044,1820.3672136748478,525.5140205436423,0.7651845
F81045,-1295.554141558702,205.92875617907524,-0.08603505
F81046,90.30313068191008,10.12643147333136,1.8489132
F81047,3719.0592252876672,412.9245469489202,-0.4514576
F81048,2958.7117319092567,-45.775558623848326,0.09810927
F81049,5560.466957344277,1056.3197742942261,1.9316707
F81051,749.800344049111,56.92890927244996,0.7651845
F81052,10438.02084222763,79.47896567625935,-0.8251201
F81053,2428.219722660627,380.64494762109524,1.9850509
F81055,2305.986121214151,180.41476671643886,1.9316707
F81056,3289.329697403391,-8.997002857779266,-0.4514576
F81057,1097.788428389222,474.1755111753994,1.5594413
F81060,702.593559568766,142.62709103402418,-0.08603505
F81061,3218.167242522859,364.0372317793445,0.7651845
F81062,1280.0764140014114,-72.81286511948538,0.09810927
F81065,-723.3991670142452,52.358406948601164,0.7651845
F81066,644.3454322256504,508.4375865517289,1.8489132
F81067,7545.506021527456,717.2835121035588,0.7651845
F81068,5376.389318422218,598.666759626948,0.9081293
F81069,1681.0808563446053,685.2938848632823,0.7651845
F81070,-977.5120812491718,-1128.7285801921103,0.7678831
F81071,1662.645573986721,210.81378498608737,1.5594413
F81072,677.7985956615751,-82.35859522465323,0.89953107
F81073,-1804.4478343326243,-558.4973750923365,-0.1527063
F81074,423.6560688531268,102.88560041297933,1.5586135
F81075,3170.0511081340364,-294.14984037215305,0.7651845
F81076,95.58668691985642,150.2786767103123,0.98049724
F81077,-3858.196882983315,-3113.2762186738473,-0.4926572
F81078,1118.167739786086,476.4535667913967,-0.4514576
F81079,2932.9117864237523,-837.6064131134641,0.7678831
F81080,1445.3850193457633,145.91841894118414,-0.08603505
F81081,3754.437699220609,-525.9871968657695,-0.098215796
F81082,1706.623783002854,750.530197643983,0.01391877
F81083,1271.0716518557365,228.7998902103365,1.5594413
F81084,92.31135852102092,-413.9179761782343,-0.08418007
F81085,2273.9709729225738,108.54832003636152,1.9316707
F81086,271.7265010423115,341.4125017463151,-0.098215796
F81087,6945.126843771487,444.8566736099111,0.9081293
F81088,-660.0300068200779,-306.77521941045785,-0.08603505
F81089,1781.3567258567507,422.3230047718581,-0.098215796
F81090,3797.4513338704396,292.12257401435784,1.9850509
F81091,2548.4324280638743,221.51766877697514,0.7651845
F81092,-967.398069449231,95.54505930553141,-0.098215796
F81094,4193.13203963857,-790.4888785243926,0.7672388
F81095,4551.093555057616,1685.3883115646654,0.7651845
F81096,4671.1427562602585,-44.88008190036482,0.7651845
F81097,3065.0041497877273,832.2306037113406,-0.098215796
F81098,2763.9008549680593,482.10873696033656,1.5594413
F81099,8148.431480785554,571.7349463202264,0.98049724
F81100,8449.603467861016,2954.6455835847128,1.5594413
F81101,-311.1833739294054,-212.26964959626747,0.7651845
F81102,-66.93952132327932,273.7304218520361,1.9316707
F81103,-3002.6931985861247,-1727.6441877868021,0.5928627
F81104,1043.0069977001178,-75.83093374758654,-0.08603505
F81105,6764.428522792118,1065.9729136896822,1.5594413
F81106,3449.7292749263584,433.1390954148531,-0.4514576
F81108,2525.417930591134,1264.486671431521,-0.08603505
F81109,-648.1751546818415,-86.17121620817767,0.76755756
F81110,825.4669255814047,1764.5343434631607,-0.077436864
F81111,1000.7397701389324,707.1815689181575,1.9850509
F81112,951.7282971876665,455.6946028695367,0.7651845
F81113,2579.55615108108,329.0818694230233,-0.077436864
F81114,5736.117663479476,1261.6633259295427,1.5594413
F81115,6669.340073530685,3318.9864760782802,0.7651845
F81116,3135.552916509597,840.0954090336579,-0.8251201
F81117,3199.942432120327,-192.88433521871053,1.5594413
F81118,5604.641023028121,636.1739795956383,1.9850509
F81119,2417.4225393500333,235.94884432725195,0.9081293
F81120,4916.029024014351,-72.48870398740941,-0.4514576
F81121,493.5317471773007,260.373288898634,-0.098215796
F81122,1980.3957959816473,876.7572874684118,1.5594413
F81123,6644.718408724933,510.73912376121183,0.7651845
F81125,3113.8706427866055,322.64314138822925,1.8489132
F81126,4922.9462312916585,-196.77483578891136,-0.098215796
F81127,647.2490761873232,386.2636127940835,1.5594413
F81128,3071.1962153517275,237.4032429875131,1.8489132
F81129,-1536.9430528595394,-2395.9486377422118,0.7737827
F81130,1758.4467514804708,584.1928636454128,0.98049724
F81131,2182.881870156761,329.45263928004726,1.9850509
F81132,7324.917685769053,663.3134486793756,0.9081293
F81133,4129.292050412945,119.36832214794755,0.98049724
F81134,1856.579181671097,-39.20202239045778,-0.077436864
F81136,1653.1601355487335,1990.3464150487937,0.09810927
F81137,1286.269533827717,735.0936475569404,-0.077436864
F81138,-63.918487066141,271.6920020492474,0.90003335
F81141,-199.91970372440514,290.6687816329662,0.7651845
F81142,-459.8147129090937,-33.80759849593353,0.7651845
F81144,3227.019407872997,1197.9353839784521,-0.098215796
F81147,-347.21404204690293,-321.7359986451548,-0.098215796
F81149,4642.097173776671,108.96350665920895,1.5594413
F81150,498.3361276593426,383.2072618950947,-0.08603505
F81151,27.11912495149196,-388.73693985972113,-0.0863109
F81152,791.9712547549009,-28.119825326780866,0.09810927
F81153,2557.088518694585,-148.83966255439475,-0.08603505
F81155,1135.8822971423263,-194.6896595424912,-0.077436864
F81156,3569.292010868595,775.7062933467381,-0.8251201
F81157,3205.6443732827643,-1159.1337099703205,-0.80652285
F81158,-388.691735246086,332.04786621090517,-0.08603505
F81159,-1044.110944090405,355.5322094318131,-0.098215796
F81162,-1530.5113523936388,-245.08131735418357,0.8823347
F81163,103.52483598676844,352.5935633851091,1.9316707
F81164,572.0906885551314,538.3669228247633,-0.098215796
F81165,-1110.825291734019,6.930558588853331,0.09810927
F81168,-648.9780849081155,-332.98967316874194,-0.0863109
F81169,161.4517937894087,-143.51657582907777,0.09810927
F81170,-43.22127823695926,435.9024958436872,0.7651845
F81172,-1491.9306534495847,-1089.3726563657708,-0.022265228
F81173,322.213184116206,515.5642338846156,0.9081293
F81176,-1556.4368978599857,93.80074737048525,-0.098215796
F81177,-69.12493473194988,179.22465223192168,-0.08603505
F81180,-1445.0984562832464,-608.567877725399,1.5336466
F81181,4154.575048272808,794.6685520645362,-0.4514576
F81183,760.4462725824666,1003.7067077621056,0.98049724
F81184,-708.0111627040152,120.7549577400283,0.89953107
F81185,-1496.6878208896076,-656.3262112231033,1.8231187
F81186,62.55633805066978,407.85162884682086,-0.08603505
F81192,3184.3660387446043,278.13215619682285,-0.077436864
F81193,432.02714194078465,348.20553009195146,0.98049724
F81195,-1121.6279455262722,-74.53931490707197,0.9081293
F81197,-1019.3356191860152,-437.2592552543139,-0.077436864
F81198,-896.8053605280173,50.068286375275655,-0.077436864
F81200,-1223.1283871295864,-178.03279771187306,1.8489132
F81205,1680.3222785751868,1328.4500409680163,0.7651845
F81206,692.7908216383914,518.4783136250654,-0.077436864
F81207,-1883.2136781849124,81.88780020007134,-0.098215796
F81209,-908.793819470363,-154.22931776909994,-0.098215796
F81210,-1525.5873367421887,-744.3454134034718,1.9678546
F81211,351.5700093720406,-136.8992474819453,-0.077436864
F81212,4367.439291805343,1475.2987207611554,-0.8251201
F81213,2085.7034617391905,2121.9873641224717,-0.8251201
F81214,-359.3781333559793,-350.60619439156505,-0.09463322
F81215,577.5600902507433,701.2001371410986,1.9316707
F81216,-684.1346217528937,96.09951563992709,0.09810927
F81218,-1437.1121875697359,-25.36502423151015,-0.077436864
F81219,261.0712542888485,96.39817841625629,-0.077436864
F81221,1059.4042755268263,286.26492999396,-0.5012554
F81222,-797.7661549049888,-37.976714135099435,-0.08603505
F81223,-1169.8193831241829,70.10552156422786,1.8489132
F81606,-368.2400813469839,339.37705659896073,-0.8251201
F81608,757.7014565287803,-1071.0318215044904,0.575835
F81613,1073.2202780870875,349.23823314615856,-0.098215796
F81618,-636.700450717828,-9.39686249979092,0.7651845
F81619,-292.56982996626084,-123.42912116632033,-0.4514576
F81622,-1037.2326511461915,-15.198936054598743,-0.112153895
F81623,-800.1105646854581,-65.33473488813604,-0.077436864
F81632,-78.8518191044379,-352.1954567964974,-0.077436864
F81633,124.86414700351219,-57.182412497634054,-0.8251201
F81635,-1534.012494275003,241.27312462330207,0.9081293
F81636,2731.293811319804,1008.7685955041973,0.7651845
F81639,-2075.8801507660824,-101.34193354556386,-0.16700122
F81640,-829.2676433775401,572.637141833251,-0.08603505
F81641,-144.34064021776297,209.1937557106228,-0.077436864
F81643,-3282.5870979241836,-1232.2940689845539,-0.09463322
F81644,-1868.7483185185338,-164.36576383681393,-0.087471806
F81645,-510.6071411620412,321.6295683309517,-0.08603505
F81648,-1922.799449341103,-135.74201026373953,-0.09084652
F81649,-431.1749825328525,224.85535119474952,-0.098215796
F81651,-1071.9528414771692,-225.19773614289818,-0.08603505
F81652,-1705.452952090359,109.14786612667295,-0.077436864
F81656,-1357.9987953074665,65.21292841682843,-0.098215796
F81659,-3191.85796579302,-1067.9405969792629,-0.09463322
F81661,-1853.8066807139717,-502.5091658590464,0.7737828
F81665,-1612.8793772164777,63.730200194762475,1.5594413
F81666,-504.9786168604284,174.27246770480872,-0.08603505
F81667,-1822.60780508996,-132.34785823345808,0.7737827
F81669,-148.71379851708232,406.77300988795366,-0.077436864
F81670,142.6146362719142,-255.24506173791906,-0.8251201
F81672,-1135.4433525441648,-432.3951892156511,0.7685561
F81674,-1355.8838319478334,263.81381612700176,1.5594413
F81675,-765.7040368910608,503.0418938285664,1.8489132
F81676,-2101.215454816689,-177.42567099090328,-0.16700122
F81677,-2843.0031707085172,-1105.6261375386453,1.8231187
F81679,268.97569388045304,566.7474123147136,0.7651845
F81681,8713.574876207664,4396.087862756575,-0.8251201
F81683,571.8127968886946,221.45142867054062,0.9081293
F81684,-925.5416053206662,385.9084857375843,-0.098215796
F81688,-1682.806398257295,45.89062824596049,-0.098215796
F81690,27.70093633014965,1112.8036852424518,1.8489132
F81691,-589.0779289416848,10.184832492078986,-0.077436864
F81693,-2272.7374990331255,-93.80866121599487,1.5336467
F81695,-2029.955792983533,-121.72251454757772,1.8231187
F81696,-1830.3861160102997,126.36385957981567,1.8489132
F81697,-634.6416428227973,44.005422837908405,-0.08603505
F81698,-646.9715975263432,25.71706573227086,-0.08860256
F81699,-1524.803023998158,-76.82805310959662,0.77378273
F81700,-416.29698930312674,280.9717798742227,0.7651845
F81704,-1678.7215807364223,98.48029738130937,0.7651845
F81707,-1567.5713732998968,200.8683565579141,-0.08603505
F81708,-952.530539351503,711.7463446339972,-0.077436864
F81710,-1941.7476183859217,-399.71776396464657,-0.09463322
F81711,-1624.5148735187713,78.79840061355499,-0.08603505
F81713,-1796.8160786383655,74.55942013601901,0.7651845
F81716,781.996209009723,677.3358043356691,0.7651845
F81717,-1258.7301540831425,123.46946145633697,0.95470273
F81718,-2147.8190009193377,-283.9769106804289,0.771167
F81719,-1646.8803047733822,-364.0817830905593,-0.09463322
F81720,-1146.4256403175,173.7814278886368,0.7675441
F81721,177.08041151100062,479.5643761733057,0.7651845
F81724,-1733.2166387677903,-129.06485541758454,-0.12518859
F81725,447.30953599585825,599.0784353308967,0.54987186
F81728,-1726.7966108545031,-320.22401757494,1.9316707
F81729,-843.7034171122231,-147.14792173892963,-0.08603505
F81730,954.9626405393805,230.2124746355579,0.9081293
F81732,103.49737595174201,1686.46169390643,-0.08603505
F81733,-1692.4563519433461,28.540607143162923,-0.16700122
F81734,-2400.580978877422,-315.27201046882027,-0.09463322
F81736,-1918.9576820213845,-570.2594834414405,0.77378273
F81737,-2046.256948215569,84.16108954584169,1.9316707
F81738,-1202.047590655964,-340.37973311876294,0.98049724
F81739,1482.3205381962289,1784.9499742639232,0.7651845
F81740,-1291.86598224267,118.41909745967922,0.7651845
F81741,4430.789687206572,3296.5930479623703,-0.8251201
F81742,-2102.829636303755,-31.559546556011917,-0.09370543
F81743,27.11084194692205,-307.58547862835974,-0.09161789
F81744,-1156.4563953119944,29.692951107071032,1.8489132
F81746,-1811.705064316311,167.52747247461713,0.7651845
F81749,2379.2644020216194,1932.0644595049353,0.54987186
F81751,334.76640449664535,936.2577196776309,0.98049724
F81755,-2296.0110714479174,-43.62623389080237,-0.16700122
F81756,-1668.495644055419,-199.17154925873677,-0.08777731
F81757,545.0391068569783,476.6638117643272,-0.8251201
F81758,-656.2970748067964,-485.8551702585249,-0.4981912
F82001,-300.33511276835753,161.97431679172118,-1.316291
F82002,135.3437598057642,234.28760413785622,0.5634856
F82003,-449.3444616372108,269.32873192425495,-1.316291
F82004,313.8771326826862,-1075.9775625707898,-1.3248892
F82005,-394.351972710744,167.70212723164371,-1.316291
F82006,5208.996285039832,674.0949130301899,0.5634856
F82007,2265.631641442684,563.5603253355565,0.5634856
F82008,3229.059176962743,-308.6232148629082,0.5634856
F82009,2986.5283367327884,60.14340134206721,-1.316291
F82010,-721.5816616483798,12.374967623971834,0.5634856
F82011,3757.9254597574627,58.74136687300447,0.5634856
F82012,-165.59027210533023,-460.5211977223055,-1.316291
F82013,2890.226157454496,271.0529263555851,0.5634856
F82014,1149.0530518367916,8.916060432936238,0.5634856
F82015,-92.07598605785338,278.05386831543933,-1.316291
F82016,217.17398762913524,-57.34232668159414,0.5634856
F82017,3221.950987887961,141.06285374073025,-1.316291
F82018,2074.75920866095,334.99335775660484,-1.316291
F82019,940.9042576211596,254.01384668666623,-1.316291
F82020,-1225.2126800206775,-335.2534160857376,-1.3248892
F82021,3099.139082109241,-225.7410253016869,0.5634856
F82022,3341.625679672696,1281.1406388640958,0.5634856
F82023,-1002.7324061900052,-246.15565324862604,0.5634856
F82025,241.37093290355784,735.5732579885412,-1.316291
F82027,-1452.6199271277192,-51.400735981166925,-1.316291
F82028,403.224611694683,685.6748185049593,0.5634856
F82030,3303.404135869279,834.3806239634318,-1.316291
F82031,-9.361852361924303,-144.70373314452283,-1.316291
F82033,-1123.977482687342,1.1800623273333315,0.5634856
F82034,-1681.349480054389,-60.613797584669456,0.09810927
F82038,1048.65318435121,-7.6182402825575055,-1.316291
F82039,-782.9185413647434,154.91036629446785,-1.316291
F82040,-1177.3673407085653,6.423106291978385,-1.316291
F82042,889.1498110625345,574.7094128400187,-1.316291
F82045,-1240.3285290445338,269.9204231476131,0.5634856
F82051,2194.766629736576,605.1961052662041,-1.316291
F82052,-1333.2153591768465,-79.23747863029428,-1.3248892
F82053,-663.9191868726717,517.0774114794009,0.5634856
F82055,-548.1623919482122,594.0046408544109,0.5634856
F82604,-521.0871367323239,325.83926342991845,-1.316291
F82607,173.61004486806002,432.50460770563456,0.5634856
F82608,-2190.559795432154,-231.65033179885933,0.52049476
F82609,-600.0333579394729,241.44092354191568,0.5634856
F82610,-1332.4318255359406,-20.09912441072168,-1.316291
F82612,-93.92007841629311,328.66982212203055,-1.316291
F82614,-68.34159596062382,535.7467656346595,0.5634856
F82619,-1116.5680066113441,-152.57882182216048,-1.316291
F82621,-960.7202605797157,350.354244105321,-1.316291
F82624,-1426.1461050216442,-64.0643703698927,0.5634856
F82625,-644.8666959588346,281.91489363110935,0.09810927
F82627,192.89926857895378,183.03662955895027,0.5634856
F82629,-2224.434396782321,-389.56525853867294,-1.3248893
F82630,-460.2258839619506,314.1823530525452,-1.316291
F82634,-837.2135798005664,186.24754897911305,-1.316291
F82638,170.49279762588137,-115.43931252127021,-1.316291
F82639,-1646.5550464585087,12.704380699994212,-1.316291
F82641,-2093.917326698226,-69.2416077865924,0.52049476
F82642,-61.49277373141875,91.9963833070938,-1.316291
F82643,-1591.1207133942387,-46.73877031245268,0.52049476
F82646,122.04072101859884,-502.2717684282158,0.52049476
F82647,-1175.7554110713083,253.33088302576869,-1.316291
F82648,-1000.4744193727059,-151.03394521318808,0.5634856
F82649,-548.4565314745256,-227.10970948706114,0.5634856
F82650,639.124826480248,791.7374066745846,-1.316291
F82653,-1893.2986664854163,-20.05783988707046,0.5516208
F82657,-2372.248109096867,-415.6324350331451,0.52049476
F82660,7713.949039384846,4805.41773021429,-1.316291
F82661,-1456.2967877285903,-94.65379059796214,-1.316291
F82663,-964.2760989110225,159.18280262200986,0.5634856
F82665,-1450.0117086619243,-135.99998662487081,-0.00944052
F82666,-816.2273737242131,-50.46549918676138,0.5634856
F82668,-1160.0144679622167,-25.791602955095282,-1.3222735
F82670,-1924.7485661741148,17.71525773233978,0.5634856
F82671,-1101.4433410035692,102.15990008874847,0.5634856
F82674,-259.65484465309,235.38313764494183,0.5634856
F82675,-337.1349766970607,-239.19112263268678,0.5634856
F82676,71.75076638363669,378.6603610571797,-1.316291
F82677,266.56204384280625,536.3948932770187,-1.316291
F82678,744.8956638685022,1303.555363850707,-1.316291
F82679,-929.6771500470123,101.38534990309057,-1.316291
F82680,119.63517147763315,662.4914952522234,-1.316291
F82686,-1698.5257637259506,-74.20224321754489,-1.316291
F82744,-2246.2800796530832,-719.4825614821108,0.52049476
F83002,-232.72230678146633,209.56415234930606,-1.1457604
F83003,-1079.661120736541,202.34762021242315,-0.39306164
F83004,-1430.3431556192359,-31.50679966768527,-1.1457604
F83005,-1937.5253824296478,21.524074700580414,-0.60515004
F83006,62.69780489385145,438.83461996833233,-0.39306164
F83007,-852.1326636266967,274.42894317535655,-1.1457604
F83008,497.7788287893062,244.41712115076916,-1.1457604
F83010,285.28036872340306,860.9806249033117,-1.1457604
F83011,-837.9955705553466,3.31773279389002,-0.39306164
F83012,-735.0785613442257,123.30261220943945,-1.1457604
F83013,-2229.338433900843,-187.9500520928481,-1.1801531
F83015,-174.81007734852042,89.38636177543053,-1.1457604
F83017,538.0198640088237,203.375638731962,-0.39306164
F83018,-69.71427545296142,204.5952491552893,-0.39306164
F83019,13.5952856115105,-117.20816800751915,-0.39306164
F83020,-169.44972153556444,153.5562938709982,-0.39306164
F83021,-153.9710528310415,137.36972870684062,-1.1457604
F83022,109.54712704085749,246.93902957636155,-0.39306164
F83023,1428.7752371417373,507.1568944536604,-0.39306164
F83025,-693.6209290509001,341.51100256912576,-0.60515004
F83027,-993.0680051570088,174.62148587345726,-1.1457604
F83030,-1738.459237781085,-208.61434254950717,-0.5650252
F83031,-1830.5046376001665,-295.24997882628884,-1.1801531
F83032,-614.8343191062211,167.25675410270532,-1.1457604
F83033,-1412.8204078259162,70.90938271040928,-1.1457604
F83034,-1127.847052959192,133.0816112290136,-1.1457604
F83039,-1126.3439138823367,68.51643801379699,-1.0647943
F83040,-2056.600281511094,-555.3397099188189,-0.85449713
F83042,-1726.9597528012189,11.090107174786565,1.137414
F83043,-2137.0238594672774,-6.848273510783259,-0.60515004
F83044,-1540.9433070823422,-24.693702955350542,-1.1457604
F83045,-1168.4053139734128,131.87825332984556,-1.1457604
F83048,-650.2344072272211,232.42477869200354,-1.1457604
F83049,-2306.3979527885394,-33.17825273208837,-0.5650252
F83050,-1466.0309092380733,299.84008834027964,-0.39306164
F83051,-1948.799581142294,-207.31028681882074,-1.157886
F83052,-1211.0106415627124,107.65553356503526,-0.39306164
F83053,-880.7760435372633,75.24944945280603,-1.1457604
F83055,-478.8984020727855,14.742796909881571,-0.39306164
F83056,-1619.8260900294842,-208.51887928637348,-1.1457604
F83057,-606.5307175797898,90.64993245305362,-0.39306164
F83058,-1117.9069737176947,186.4433021936314,-1.1457604
F83059,614.5930178716666,162.41077360443992,-0.39306164
F83060,-667.3523204232047,234.51400269231158,-1.1457604
F83061,-1543.2782791951533,235.44749327048558,-0.60515004
F83063,-741.4295487742726,232.2337097877619,-1.1457604
F83064,-774.7956095844287,14.753520938615797,1.137414
F83602,-2325.4735117333958,-161.26310841678676,-0.5650252
F83615,-976.6230325476671,141.06163119067872,-0.39306164
F83623,-818.2169678194631,81.4981233650317,-0.39306164
F83624,-1273.4117874201636,61.01173664224679,1.137414
F83630,-2104.9817337248946,-279.4367043079259,-1.1801531
F83632,-1159.6253434891078,509.97829337687944,-0.39306164
F83633,-2020.2220140207976,-101.53939260686265,-0.39306164
F83635,-1743.156239807684,76.49077151811386,-1.1457604
F83648,-1258.834659964231,231.44960592315522,-0.5650252
F83652,-1184.5793484364567,207.6842254080188,-1.1457604
F83658,-1295.1060447636116,29.813711561955046,-0.39306164
F83660,-710.3348357954061,75.09238935911021,-1.1457604
F83663,-2266.2725265107692,-289.5748185175041,-0.5650252
F83664,-1141.4672789135209,47.154068943923996,-1.1457604
F83665,-1005.369890777269,4.004012943805362,-0.39306164
F83666,-715.4148256294643,80.52975643228417,-1.1457604
F83671,-1745.8206463115935,93.04436583109164,-1.0647943
F83672,-2371.26647086034,22.075407645314872,1.137414
F83673,-912.7540395658646,189.3100397009208,-1.1457604
F83674,-790.270783510549,950.0627969835052,-1.1457604
F83676,-2343.8884451095714,-7.778385188795851,-1.154705
F83677,-2077.391542298057,-2.00061541652451,-0.39306164
F83678,-1324.1128067478546,28.043057502350685,1.137414
F83680,-1274.2397756197824,249.6366565101392,-1.1457604
F83681,-1423.2705054486048,-117.6791881325121,-1.1457604
F83682,-1997.275046325128,-107.75836613513012,-0.39306164
F83683,-1276.0461396228677,105.86042722488645,-1.1457604
F83686,-1549.786835366858,-95.31893689188898,-1.0647943
F84003,590.3573004462245,703.6321799867021,-1.3076929
F84004,6380.642681709484,915.5522383530475,-1.243923
F84006,7035.304405136537,1079.4109663546706,-1.243923
F84008,755.6392889298165,351.4068541746379,-1.3076929
F84009,1570.820121439299,476.5992615211215,-1.243923
F84010,2596.268010640591,539.9531318516216,-1.243923
F84012,1307.801624949344,60.432349915619575,-1.2285179
F84013,-625.1933830945272,156.76586038816293,-1.3076929
F84014,2678.843221297738,1279.7939059609748,-1.243923
F84015,-204.41275621928546,168.66579029978047,-1.3076929
F84016,2931.143619240854,1008.0569791564127,-1.3076929
F84017,4637.826411084043,944.2340960011292,-1.243923
F84018,-61.29352068064234,259.24118038657855,-1.3076929
F84021,-441.16694908707797,184.69298370932586,-1.3076929
F84022,-173.69393717488586,-78.37758768615345,-1.243923
F84025,60.60641639318716,1258.8095902834273,-1.2285179
F84030,-749.9314845373311,718.4616867563665,-1.2285179
F84031,5280.830867575433,856.5474073078877,-1.2285179
F84032,-1416.0300322038765,-312.49787817973055,-1.2525212
F84033,-468.6585489527083,-246.42104789455377,-1.3076929
F84034,3795.158192026477,1036.39452157987,-1.2285179
F84035,-1648.836285244679,-55.301756293842004,-1.3076929
F84036,-1095.1207382409152,28.93335757108546,-1.0647943
F84038,-738.4931466870405,-148.65214732698524,-1.3076929
F84039,1432.5070003254514,905.9132531205648,1.137414
F84041,955.5805827225863,331.73820605070694,-1.1457604
F84042,-2248.7238042225054,-344.28826107177565,1.1718067
F84043,-1049.0526096749884,-145.74805714347724,-1.3076929
F84044,240.1518089754472,355.6036852412412,-1.2285179
F84046,-883.5569218915555,508.33199736428037,-1.2285179
F84047,2384.0006627817525,41.446500062576604,-1.243923
F84050,1641.9275761459528,1233.5318221061991,-1.243923
F84051,-251.72550963097916,278.54616333678587,1.137414
F84052,656.0488046976776,1129.5189472467487,-1.243923
F84053,1174.1524720316086,514.5629201231569,-1.243923
F84054,2123.790015593286,927.2561093011477,-1.2285179
F84055,-1377.219602428503,32.73310500915833,-1.2285179
F84060,-241.32493567903126,181.8985031629474,-1.3076929
F84062,4072.434051993708,1456.3223399828985,-1.2285179
F84063,236.54919249175794,-179.89160670078027,-1.3076929
F84069,157.87400212482643,252.98880735410017,-1.3076929
F84070,1143.6196044148712,921.1100421065048,-1.243923
F84072,-1403.9748100180618,207.53522354099854,-1.3076929
F84074,2013.8310920788902,206.5366507424616,-1.243923
F84077,276.55973640944296,352.3430663237854,-1.243923
F84079,851.5556563597627,568.5594545439086,-1.2285179
F84080,-1231.4624839479677,184.90891839252856,-1.3076929
F84081,3055.516517330933,1120.9142101817363,1.137414
F84083,2219.2608972862627,757.7096984039989,-1.3076929
F84086,1939.5999563924524,410.5408002829824,-1.243923
F84087,4964.3819163847065,842.3365775674155,-1.2285179
F84088,266.90229615398465,151.4681011335844,-1.243923
F84089,-1541.3229381755223,-289.8485631041102,-1.2511642
F84091,-796.4700817405717,-561.6724314819472,-1.2525212
F84092,210.07421541644865,662.5791150433579,-1.243923
F84093,2646.964689972678,1061.3848790968673,-1.243923
F84096,137.23823189318952,373.20866158424434,1.137414
F84097,2502.6970514301506,795.0363472774862,-1.243923
F84105,-185.78689582590235,-81.7419591763956,-1.3076929
F84111,336.1077740299927,605.7435579262883,-1.243923
F84114,-277.23049050990795,113.44265644263635,-1.2285179
F84115,-44.93663834389755,183.75448568560964,-1.1457604
F84117,-73.6915844421661,112.57354307141124,-1.3076929
F84118,80.85814823707464,225.10661316793053,-1.2285179
F84119,-193.1888634541109,354.90247462284884,-1.0647943
F84121,3236.065346378976,1180.901623493405,-1.243923
F84122,5299.071172925325,1221.3624724797412,-1.2285179
F84123,291.2817259677311,533.4473403453947,-1.2285179
F84124,-766.0978109516993,393.7606492720504,-1.243923
F84601,-1141.182728544523,176.59169447040435,-1.3076929
F84619,-1500.249644157875,67.13699149448394,-1.3076929
F84620,602.5580173141279,295.7653208004593,-1.3076929
F84621,-863.6131400670566,20.188411805736845,-1.3076929
F84624,-1674.4333170204648,23.230949286774678,-1.3076929
F84631,-760.3914591823172,-40.80025995127341,-1.243923
F84632,-2019.3704447296182,164.34015646144397,-1.3067971
F84635,-1365.2719120707127,36.14113899340648,1.137414
F84636,-1692.1734429269093,-9.68789021560652,-1.3076929
F84640,-35.81840864445434,251.11920647261172,1.137414
F84641,-542.6823779839985,44.06284389580838,-1.243923
F84642,-568.9469992140686,-102.17100137888534,-1.243923
F84647,-953.3236305117651,385.11342341033924,-1.2285179
F84653,-2703.277456101357,-630.5836316962307,-1.1077851
F84654,-2084.9812172610655,-453.9092821532967,-0.022265228
F84656,52.36438152451441,671.0689230662573,-1.2285179
F84657,-54.68448692603014,470.62924137828867,-1.243923
F84658,3390.600459096708,3112.188564738374,0.09810927
F84659,-2484.9576629376375,-4.089730494479942,1.1681424
F84660,-1862.252226297086,113.77141936961995,-1.243923
F84661,-1282.5786210085303,13.535047437490919,-1.2466216
F84666,-941.3971244103536,213.0709905511638,-1.243923
F84668,-1340.9989202070954,-96.43387922292327,-1.3076929
F84669,2564.937602741505,1883.1855126039125,-1.243923
F84670,-169.24101829575358,731.3150003437318,-1.243923
F84671,-2327.3732674209928,-291.02382420136576,-1.2525213
F84672,108.2717561528386,1203.7559166010517,-1.243923
F84673,-1918.594098550022,9.885887941666102,-1.243923
F84676,-611.5380529680546,151.43657652138006,-1.2285179
F84677,1554.3280709802852,859.2455541375757,-1.243923
F84679,-1228.5915377776287,42.69659486985409,-1.2503148
F84681,338.76651764414476,299.195431481383,-1.243923
F84682,2519.598767101956,1152.475386485397,-1.2285179
F84685,-1698.0980982931437,-12.67845913164763,-1.3076929
F84686,-1514.9680092978494,-35.042165659586594,-1.3076929
F84692,-1431.558185437241,60.68256733865444,1.137414
F84694,-1762.1381906883723,36.67102962286648,-1.3076929
F84696,-608.4534237801898,172.08565790407908,-1.2285179
F84698,-423.7874573229853,365.1507893823336,-1.2285179
F84699,-1995.8909263658209,-587.6241419296448,-1.2525212
F84700,-2174.173530665207,-70.75769233842722,-1.2525212
F84702,77.49567446337409,274.1950238553982,-1.2621982
F84706,-870.1556575165,273.7940272744299,-1.243923
F84707,-2869.706913832117,-622.5046783375926,-1.2525212
F84708,-907.5865524760445,98.56553867056871,-1.2453598
F84710,1167.1410002403677,516.4285092244368,-1.2285179
F84711,-1416.3546498821004,56.18194043524524,-1.3076929
F84713,-1677.492789375352,-366.0423067931594,-1.2525212
F84714,1562.853235671948,571.1833251109547,-1.2285179
F84716,-1392.503096729562,-41.69623605117007,-1.0647943
F84717,-275.58549611111414,119.86376216294191,-1.243923
F84718,2267.9924720130075,990.3918050908802,1.137414
F84719,-768.1570013927898,11.759653623974065,-1.3076929
F84720,-532.7529972701176,200.89980434072663,-1.3076929
F84724,2257.1137891693425,1065.054335627594,-1.243923
F84727,-1661.0734526849074,-431.060424606078,-1.2525212
F84729,-539.0362190752775,841.8725120586516,0.09810927
F84730,-373.38558916705864,720.2882259606606,-1.243923
F84731,-2181.153114836215,3.76385113427091,1.137414
F84733,-1935.5141225728598,104.25562720138237,1.137414
F84734,-227.43367850970378,-7.693684832850327,-1.243923
F84735,1782.3128973674968,746.855383910313,-1.243923
F84736,-3369.976035266432,-1188.914059716492,-1.2525212
F84737,-2262.56818708064,24.151866461137104,-1.243923
F84739,-542.7858039932952,269.32191059077206,-1.243923
F84740,-613.5560797710696,692.8284441702609,-1.243923
F84741,-165.2581211040766,117.02654143415953,-1.243923
F84742,-1395.8813621835106,77.65438228647774,-1.243923
F84743,-2338.3893495302773,-8.60519801553219,-1.2445686
F84744,-2338.191005140966,-17.326876083650983,-1.2285179
F84747,1601.4966597783643,1102.7398040525843,-1.227916
F84749,1723.868779844376,2038.7487217242663,-1.243923
F85002,11055.563358792037,8892.927264776725,-0.7287488
F85003,876.0913880877536,-1076.896881404711,-0.7287488
F85004,5372.047824268254,1930.7499465007152,-0.7287488
F85007,2844.4255614776093,2036.4517675486413,-1.0647943
F85008,2775.0849520530205,431.5988842159724,-1.0647943
F85009,182.35921779401954,-61.31311779456965,-0.74594516
F85010,914.2631720556165,492.77704477531887,-0.7287488
F85011,-1711.8557612120137,-543.4574651815645,-1.1077851
F85013,776.7963803911261,296.55252288668066,-1.3076929
F85014,1182.5895665043743,611.017827153622,-0.39306164
F85015,-1233.1839007087378,-350.9307724841674,-0.73414606
F85016,232.56572560598235,336.35642501012995,-0.7287488
F85017,1808.3273021878117,-286.3670181511196,-1.0647943
F85019,2695.954673815591,889.6106018891973,-1.0647943
F85020,872.544665392326,404.58958454527476,-0.7287488
F85022,-2105.9328421779765,-414.59544436195034,-1.1077851
F85023,-186.51013121995237,313.49196635824495,-0.7287488
F85024,-1625.338378059453,-258.62565346459263,-0.7287488
F85025,3678.9415175793515,677.070116515519,-0.7287488
F85026,-1151.7480219445754,-526.5755822679787,-1.1077851
F85027,1159.0790289585125,-1476.7960521434202,-0.7287488
F85028,671.7845824378886,-176.79968634620658,-1.0647943
F85029,3073.559170252144,700.4260363110545,-0.7287488
F85030,5232.1084562260485,1662.0514753980733,-1.0647943
F85031,2016.0815234797044,1074.5232793426921,-1.0647943
F85032,103.85941955445635,-170.56012780346933,-0.7287488
F85033,9180.057815428414,4958.568101865373,-0.7287488
F85034,-783.3152855594133,165.9737940124291,-1.0647943
F85035,353.5121962117605,233.27902342476682,-0.7287488
F85036,-983.8353141338716,-201.20003720671016,-0.7287488
F85037,-2138.0331617287516,-482.1334526932985,-1.1077851
F85039,-354.23376830756365,245.47061218596676,-0.7287488
F85043,-804.1397506938238,-31.445597626258905,-0.7287488
F85044,-575.96484622434,261.2045191881691,-0.7287488
F85045,-1203.4530749655196,-9.9059545224241,-1.0647943
F85046,-585.4132677366691,422.4729618340092,-1.0647943
F85048,-1025.7588795443444,-10.333980927567776,-0.7287488
F85049,-1612.4890920771231,-131.25394124308292,-1.1077851
F85052,-1787.8678548662242,191.5242405240586,-1.0647943
F85053,-809.0651312611906,-1207.325599372057,-0.7287488
F85055,290.45353049047907,256.89378706735073,-0.7287488
F85058,1334.6593853573816,255.3644113834761,-0.7287488
F85059,-1521.459990848097,-179.05634083325114,-1.1077851
F85060,-498.32791915000064,648.3637238596395,-1.0647943
F85061,-995.5012681512555,117.64749629636634,-1.0647943
F85063,547.7360556745954,498.042706778741,-1.0647943
F85064,-817.3815266939506,88.3365314807262,-1.0647943
F85065,-972.0028246299113,-1.3793770801056628,-1.0647943
F85066,2605.2536784477934,887.8060717036205,-1.0647943
F85067,-443.9843665736698,353.05607842020885,-1.0647943
F85069,-308.3431980275352,565.678825556999,-1.0647943
F85071,-86.77876226048686,567.4665659155534,-1.3076929
F85072,2072.156710057509,1548.6799837519168,-1.0647943
F85076,2822.611764688215,-601.4033271580614,0.54987186
F85077,-1234.8390370696177,33.29964153173389,-1.1077851
F85615,-100.544398333485,326.65187402371225,-1.0647943
F85623,-521.1313550367702,399.64734081923774,-1.0647943
F85625,-161.16285786562437,-7.84679680279181,-0.7287488
F85628,-843.6592881093027,286.9633414735325,-1.3076929
F85632,-1970.072214673632,-111.06960127512785,-1.1077851
F85634,-1220.909311784853,159.1505565715556,-0.7287488
F85638,-2692.328949261802,-711.8161796393999,-0.74594516
F85640,-343.3629141356353,375.99800538066194,-1.0647943
F85641,-1901.3305190259034,-557.6069005457489,-1.3248892
F85642,149.00493465785956,744.9920522553632,-1.0647943
F85643,-1230.260534946683,-139.75053572164057,-1.1077851
F85645,-1735.1003667599143,29.017350208769212,-1.0647943
F85646,-2374.1672122686327,-35.74464022986157,-1.1077851
F85650,-127.36638526306157,26.526475500022975,-0.7287488
F85652,-328.79012634827365,-239.59050224524165,-0.7287488
F85654,-513.2250553789922,403.6631742186264,-0.7287488
F85656,-1462.765524007017,-114.02189254707758,-0.7287488
F85658,-1674.1039742390124,-90.47718329308087,-1.1077851
F85660,-2217.998588447148,-141.6439796960277,-1.1801531
F85663,478.50300708462794,-19.357946865687417,-0.7287488
F85665,-2312.2686517142056,-239.0468753748092,-1.1801531
F85666,-446.9584191330562,86.27022181279786,-0.7287488
F85669,-98.83566902533319,1254.6538764902816,-1.0647943
F85675,-390.94404389915695,712.4319362342951,-1.0647943
F85676,-393.8258422175243,766.9500561545858,-0.7287488
F85678,-1275.3788782818638,122.13006551094456,-0.7287488
F85679,-1721.0320602456818,-69.81460256092807,-1.1077851
F85680,-1611.4154496221506,77.25580521164014,-1.1077851
F85681,-1760.12905379419,-67.2635287076197,-0.7287488
F85682,-1204.7422146026315,104.60626198776806,-0.72857684
F85684,-788.9764807965249,-359.29052279831546,-0.7287488
F85686,-1252.1299253486875,-117.92381457385108,-0.7287488
F85687,1002.6526216619301,-28.496222987195697,-0.7287488
F85688,-792.0094665184158,141.0413758334903,-1.0647943
F85697,-1241.9301001440572,302.04087353403196,-1.0647943
F85699,-1525.2452318440514,51.26523309619615,-1.1077851
F85700,-508.0989101306345,565.8137339482658,-1.0647943
F85701,660.3210816648906,840.5545009282288,-1.0647943
F85703,-1386.7911240934852,-81.51181184622291,-0.7287488
F85705,635.645800414412,1760.229164583065,-1.0647943
F85706,-2680.878626299395,-1139.663021882153,-0.74594516
F85707,-1665.7573032964515,-78.07258439129963,0.54987186
F85708,-2226.215742780716,-34.88722751305501,-1.1077851
F85710,-2378.249081480745,-17.8648896410613,-0.744865
F86001,-266.33699949495565,-48.54757002926077,-1.0941714
F86004,2087.6299514261045,463.9229416304179,-1.0941714
F86005,-39.191483169799824,-402.7420862594344,-1.0941714
F86006,63.6090750088975,443.97028350183155,-1.0941714
F86007,1739.386532463985,336.66750324879615,0.09810927
F86008,1048.46232993843,644.2824864208263,0.09810927
F86009,-155.66867717560396,-323.13630458168217,0.09810927
F86010,3210.9223160588413,547.5697970305807,0.09810927
F86011,1105.0135293854535,953.0527382298658,-1.0941714
F86012,524.9858584254728,-85.88410849200238,-1.0941714
F86013,-930.9649117575474,-29.91236042595153,0.09810927
F86018,1104.6157377554794,630.1200072345432,-1.0941714
F86020,-355.58912918150673,157.15254697650545,-1.0941714
F86022,2329.9481342376585,324.58537150561403,0.09810927
F86023,1163.4000979999596,706.760704385063,0.09810927
F86025,2318.689061207502,1193.1786142346662,-1.316291
F86026,-596.0679554307594,27.02367391586831,-1.0941714
F86028,-162.15319215691147,69.53132106338707,-1.316291
F86030,-842.4557885577457,183.8230428593647,-1.0941714
F86032,1240.9239448756257,681.1910536855132,-1.0941714
F86034,-518.3313713971942,-212.06980833406277,-1.316291
F86036,1776.478337649185,485.86366820237225,-1.0941714
F86038,1217.9017218279087,1025.1287303831448,-1.0941714
F86040,-419.3199243726993,229.19117645281057,-1.316291
F86042,-1038.5388922124541,121.348275427268,0.09810927
F86044,-861.7982021341982,-176.11989270234727,-1.0941714
F86045,-1778.8157510243811,70.71333862080171,-1.243923
F86049,-1812.4933044573652,-29.364467215296816,-1.1801531
F86057,103.42952996527005,288.9099442310932,0.09810927
F86058,1161.0388269907535,912.4682352307098,-1.0941714
F86060,1525.465655503845,314.20611322362123,0.09810927
F86062,-842.2526194300519,95.77016368997224,-1.0941714
F86064,-491.6136783018636,192.75345965491064,-1.0941714
F86066,-26.139305456404575,381.81826960156644,-1.0941714
F86073,-1330.3693004463546,-19.022454762960987,-1.108539
F86074,487.3404772965142,539.9262750092571,-1.0941714
F86078,19.634427948786612,-82.71058756320537,-1.0941714
F86081,-448.0940822096411,359.8405170966423,0.09810927
F86082,-202.5645302043333,1049.4580795433637,0.09810927
F86083,1784.7318507403313,1273.5911909455197,0.09810927
F86085,-1548.0603495900457,-60.48759064593819,0.09810927
F86086,-1071.201501795698,107.85592326306866,-1.0941714
F86087,-682.4149723543492,-532.0645921401617,-1.316291
F86088,-718.5706052051324,324.5441611377497,-1.0941714
F86607,502.4395592842699,-226.18648999361193,-1.0941714
F86612,-824.3530935972861,74.04534844529877,0.09810927
F86616,-810.9500628474053,175.28012604473855,-1.0941714
F86621,-746.5430418831647,129.28923078417705,-1.0941714
F86624,-1571.5079622513542,146.79446490650955,0.09810927
F86625,-510.5269816645671,517.9293463063221,-1.243923
F86626,-1475.341719155363,11.15353637358132,-1.0941714
F86627,2043.1923168831663,-14.464316398854168,-1.0941714
F86635,-1620.06650011474,-102.86507485220503,-1.3248892
F86637,-1015.5694929853232,233.66992493274967,0.09810927
F86638,-863.6903325711643,19.538071446262574,-1.0941714
F86639,-960.7989878927447,233.10268904957326,-1.2525212
F86641,-971.0834683046961,201.0913482150195,-1.0941714
F86642,-1260.360950577247,235.36685775723586,-1.316291
F86644,66.51043781720966,1.7243764453694495,-1.0941714
F86650,171.8736702179452,181.953537920792,-1.243923
F86652,69.19969112501049,735.1071048419125,0.09810927
F86655,-1710.8569993978444,-73.7018279793795,0.008623552
F86657,-643.3949644398174,465.85105828088984,0.09810927
F86658,-1217.3537211610058,95.7670638498178,-1.0941714
F86664,-1004.2970792735199,-201.823845749918,-1.0941714
F86666,1335.3216340801766,1036.3692811212875,-1.243923
F86675,-1498.0404298829258,154.39610668014026,-0.015510881
F86679,-1453.9594546164828,113.77600056635036,-1.0941714
F86680,-2655.6974614008127,-463.5573008064495,-0.022265228
F86686,-1581.068450005783,-955.6402069863373,-1.1801531
F86689,-1640.8436092925626,153.84825904672186,-1.0941714
F86691,633.021920832132,1018.149462718389,0.09810927
F86692,-115.03385727601764,1179.0542978081835,0.09810927
F86696,-1059.3253160879167,224.61684181770894,-1.0941714
F86698,-1109.5226473804169,264.0212853585566,0.09810927
F86700,-1097.2268152147751,90.01190052491968,-1.0941714
F86701,-1111.2025820585839,260.3792577057919,-1.243923
F86702,-649.5444725595443,514.3796561647503,0.09810927
F86703,-1325.3704757189175,195.28628225313145,0.09810927
F86704,-2299.239353995033,-134.3862838797989,0.025412511
F86705,-1570.208045192691,85.81779327911211,-1.243923
F86707,-675.2908455048278,347.004788269423,0.09810927
F86708,-1664.3961016144667,98.95964065641367,-1.0941714
F86712,-1302.803070524064,63.47655513480556,-1.0941714
F86731,-592.2284319031193,310.45595850029815,-1.243923
G81001,2314.3093018408367,517.1925555678368,-0.036237262
G81002,1599.723170483603,-245.35201330109598,-0.04805976
G81003,4927.461894249532,678.329569409868,-0.04805976
G81004,6159.486926462653,-839.4858131060151,-0.04805976
G81005,-1976.1019764826247,-1386.8415045131637,-0.13081722
G81006,1050.9032192903796,569.6672431178919,-0.036237262
G81007,1013.121375542519,-181.7559254516663,0.9099206
G81008,5759.393821012026,-367.61560916358223,-0.04805976
G81009,837.341162509189,-552.0984616725974,-0.13081722
G81011,3044.252976986372,-146.10766016767798,-0.036237262
G81012,1569.1753738226414,363.413719056663,1.680174
G81013,2123.9946364733673,2534.1635363742275,-1.1138158
G81014,375.6497408433751,570.2009629099938,-0.036237262
G81016,891.537712517058,-474.7943379906322,0.9099206
G81017,1420.8448091494276,-11.989531927541293,-0.04805976
G81018,37.4210029331951,-152.49824298241032,-0.036237262
G81019,1527.7840147843801,6.86034655578877,1.680174
G81020,-2185.797907509929,-145.4774608357688,-0.13081722
G81021,380.31415580726934,-218.99644744817923,0.9099206
G81022,6844.735114720365,-74.05833062657281,-0.04805976
G81023,2044.482386845749,-270.33559272981256,0.2775962
G81024,2853.8665270911033,107.18036113069844,2.2211425
G81025,3588.262078401501,276.7425384269508,-1.1249815
G81026,1346.141179206736,297.9012438684391,-1.1249815
G81027,-54.7641418626036,-214.08334887150647,-0.04805976
G81028,1375.562241840692,416.66381982556254,-0.036237262
G81029,5520.584766006701,39.060269675176,0.9099206
G81030,1824.160271934866,-494.26728453744454,1.7593488
G81031,4475.653720328448,145.26661759036256,-1.1249815
G81032,1885.8137160771662,81.3483101550254,-0.04805976
G81033,-81.72419007787892,-740.7911168771503,-1.1153585
G81034,3510.702090683089,1322.0860182626404,-0.036237262
G81035,2787.692065055823,-490.27152209700773,0.9099206
G81036,1793.8784487084183,346.92313237061353,-0.036237262
G81037,1060.090156749397,170.91766286722319,1.680174
G81038,1769.0844830654476,57.31055576294911,-0.036237262
G81039,7715.634707665298,739.7312904903447,-1.1249815
G81040,-756.430940115249,-26.923592468851233,1.680174
G81041,5647.531954598871,-70.61927811132685,-1.1249815
G81042,509.26170963256834,165.98292797295406,-0.036237262
G81043,386.7591972031728,466.3268930914756,1.680174
G81044,-1418.4147197389834,-109.00891880887659,-0.036237262
G81045,-272.460033489481,231.74169835302467,0.9099206
G81046,896.1510865572671,-155.34897737767326,-0.036237262
G81047,244.55865565664774,149.14652115763158,-0.036237262
G81048,1563.4952499917622,192.9024954492445,-1.1249815
G81049,1460.6588233193936,6.898460068998929,-0.04805976
G81050,4788.567475236303,610.10623969909,-0.04805976
G81051,4367.916972519659,358.65649013989577,-1.1249815
G81052,220.57232999763684,-20.819395678208586,1.7593488
G81053,1318.3936244174117,387.2753942948836,0.9099206
G81054,1885.503555604122,697.4386715794681,-0.036237262
G81055,2711.4959836605085,291.73359555357723,1.680174
G81056,433.3110536121203,-277.091988956849,-0.04805976
G81057,2575.9419614675826,302.51635999514974,0.2775962
G81059,4055.3200913591913,-234.46580859841467,1.680174
G81060,-2358.2645133595393,-1960.9917075533656,1.7145668
G81061,268.98835099060767,80.37802188280897,0.9099206
G81063,-1223.6967530620477,-9.96196560680883,-0.13081722
G81064,-634.311364395906,77.26974256223525,-1.1077851
G81065,1615.1444329227506,726.3780378370312,-0.036237262
G81070,2265.3363100036095,3058.904952161497,-0.036237262
G81071,-2223.007340913825,48.827162777419254,-0.036237262
G81073,354.66706117670407,-313.1333421178641,-0.036237262
G81074,2492.7043879767693,2449.018121028953,-1.1249815
G81075,253.8186939605329,380.5740568246259,-0.036237262
G81076,1414.2801023330846,26.490954970013505,0.9099206
G81077,2181.798076926592,-318.4413877480673,-1.1249815
G81082,459.08018030894914,305.90732170726335,0.2775962
G81083,97.45886547866648,387.4596939787141,-0.036237262
G81084,3212.2491950391013,2394.7818002972067,-1.1249815
G81085,812.988837502409,135.76076416420585,-1.1249815
G81086,-385.05082822120113,120.24964843805449,1.680174
G81087,2440.558457865756,161.85018285484924,0.2775962
G81088,4862.558064752529,382.75711338428704,1.680174
G81089,-649.3438994463442,106.47717156162376,-1.1249815
G81090,-772.960346311678,-45.20866746300509,-0.036237262
G81094,-1331.2570803190235,-13.630847192760088,-0.06592201
G81095,3010.866452921507,3103.7368293711907,-1.1249815
G81096,-548.4081516184378,-44.60445720898617,-1.1249815
G81097,-436.99248035944,-94.30581773964985,1.6936603
G81098,1598.9919075427235,1263.08372624477,1.680174
G81099,3246.4418694554734,304.9509088420565,0.9099206
G81100,2865.9299679667865,1056.4860305469165,0.9099206
G81102,5441.295241376717,1508.0098515470174,1.680174
G81103,-972.4934563061937,146.39873894472095,-0.07715106
G81104,2389.0069196552504,1111.1249723817325,-0.04805976
G81105,621.4452530404421,193.43099144320053,-1.1249815
G81611,-937.3253951620492,-242.4946621600591,-1.1077851
G81613,-700.8591918100643,141.87369846165112,-0.036237262
G81614,650.9876652378624,9.502699857432697,1.6439899
G81627,-1550.8337971256474,-140.0417348440202,0.9185187
G81634,-525.8388476433909,403.02206928109035,1.680174
G81636,-1656.0421940242295,-386.40098017088087,-0.13081722
G81638,-520.2334877844999,415.0091815829464,-0.036237262
G81640,-1124.1177891782293,53.4451557864252,-1.1077851
G81641,-645.553983772734,281.0486009114878,-1.1249815
G81642,-1675.6749188706087,-57.76912394675952,0.9171618
G81643,-534.7648356153122,-40.6966971997206,-1.1077851
G81646,-1921.0749042627876,-55.650252007575006,-0.036237262
G81649,-1190.301078535855,-120.89184149291626,-1.1077851
G81651,601.1863851546204,-158.3662004090174,-1.1113589
G81656,-835.4418979015776,-125.9433305671543,-0.036237262
G81658,3160.4115492657156,1525.7207022166338,-1.1249815
G81661,-1672.5800434288958,-57.83831834637345,-0.13081722
G81662,-766.9980928970758,-671.7177003829787,-1.1077851
G81663,-690.0467746517551,263.13677874823634,-0.036237262
G81667,-1437.0754899581043,-148.39028584625498,0.9099206
G81668,-2328.117303327897,13.900511764879006,-1.1077851
G81669,-1142.9416410212332,440.9522208743471,-0.036237262
G81670,-2413.6189770008814,-11.384379902507101,-0.022265228
G81676,-1342.777252028576,-189.25673224989495,-0.13081722
G81677,-2439.0471704232705,-27.271141644221686,-0.0701017
G81680,118.02150531277773,902.6896680413297,-0.036237262
G81684,-1281.7948057335468,164.94800027886177,-0.036237262
G81685,-1726.223052560847,-683.0123854694056,1.7145667
G81687,-1937.0711224892946,-1225.6890071111588,-0.13081722
G81689,-1815.1634721799328,311.8151888236029,-0.036237262
G81692,-1738.5275894812087,-703.9965428389445,0.9185188
G81694,-1746.4800844740298,161.31936847329774,-0.036237262
G81696,-2368.3040736138214,12.792625897738365,-0.047741715
G81703,-2348.4602756949753,-7.711471040696408,-1.1292999
G82002,210.12030116745117,452.25411762866736,-0.07564558
G82004,-1076.8662045900528,6.929399213090764,-0.34792122
G82006,1801.3938919490513,-128.27408175922287,0.49649146
G82007,1412.1043414979886,-620.8751029704833,-0.24617611
G82011,-864.7734756673915,53.27076823143902,-0.07051056
G82012,184.31182255112464,-288.52155081335184,0.7385148
G82013,4787.407798197551,-281.82504194957653,1.6439899
G82014,4970.316794965913,1416.5980881949124,-0.0738543
G82015,856.585596467523,571.9903834359244,-0.07564558
G82016,1456.250080609502,-232.82652519419793,1.6285849
G82017,2878.8197486208496,2125.564713798415,0.9478958
G82018,1577.680086043004,-866.4706991026472,-0.24617611
G82019,3338.456832136759,-13.990652260935036,1.7715297
G82020,4433.170723349455,183.0462370548302,-0.9354633
G82021,4782.486913022482,799.4251711535261,0.01391877
G82022,1533.232903053016,-311.91910818752723,1.6285849
G82023,-411.5474079077562,-72.61977405983298,-0.3995103
G82024,1923.4553144953863,-17.269180165219762,0.9478958
G82025,2131.2532511241243,1304.938934609417,1.6285849
G82026,96.77580096208096,274.0105859825503,-0.3995103
G82027,1752.4307154036828,1195.0918963643708,-0.3995103
G82028,1435.7274108177985,-776.4699259548945,0.8375525
G82029,291.3606646702933,-831.6524383353816,0.7398051
G82030,-1442.278278593117,-1901.2405148623468,0.9908867
G82031,3369.4673308633887,321.9321634660912,0.9478958
G82032,5927.874711039698,677.183761822866,0.01391877
G82035,1209.8106933850354,256.8972643408129,-0.3995103
G82036,2108.781933933234,311.15238597705655,-0.07564558
G82037,7339.9720162713475,397.97947852959743,1.6439899
G82038,2101.615105682895,509.01055916318427,-0.07564558
G82039,4446.014389811895,1864.0679073335618,-0.3995103
G82040,-2048.5859020999533,-1142.7932821351073,0.7375987
G82041,1279.878771057197,1063.044337313552,1.6285849
G82042,5879.483162494781,397.2794220269177,1.6285849
G82044,1333.642780886398,-42.12460754110671,0.01391877
G82046,2054.464500501955,-691.9910981991375,-0.9354633
G82048,2351.454123147621,270.87135650059645,0.49649146
G82049,-738.8366590494744,-405.08283159105395,0.54127365
G82050,4575.76202778076,1810.088164250975,0.54127365
G82051,2558.199547794036,550.4695250089159,-0.0738543
G82052,5494.621575674452,1302.9541872785178,-0.9354633
G82053,989.2380151530597,488.01741067214175,0.54127365
G82055,1600.7686609682519,160.72935415385206,1.7593488
G82056,1006.1674352320572,-72.87070821293551,0.49649146
G82057,5456.9442061327,182.49369588610116,-0.3995103
G82058,2242.313740643211,85.63488641739235,0.9478958
G82059,7703.293031995692,322.8362517567154,1.6285849
G82060,4257.260795364381,816.8035586092382,0.7461969
G82061,-1159.0476457723987,-98.69028870711234,0.7375987
G82062,-1429.490523159303,-115.2310187334434,0.01391877
G82063,2173.3261462703767,415.65019182653464,-0.9354633
G82064,1939.1911245359347,1365.128400630566,-0.9354633
G82065,-1275.1441115233163,-200.77517121809615,0.9478958
G82066,2096.2692383188037,-610.1380894758697,-0.9354633
G82067,2631.891701780327,-203.7115857315341,0.01391877
G82069,1284.31274067353,-314.6149122588533,-0.24617611
G82071,13621.003803473242,1848.9243666760674,0.7461969
G82072,-90.93083905963012,492.98246803841556,-0.24617611
G82073,3512.7155398683976,140.80855841584938,0.01391877
G82074,5925.429237313788,738.5146736735867,0.9478958
G82075,-600.3397372287384,-118.40119289729955,1.7009977
G82076,3240.685465082307,324.63209731657497,0.9478958
G82077,4694.764402882935,608.4034711402405,-0.0738543
G82079,3282.7740608101462,388.2313572517097,-0.9354633
G82080,3175.705308080408,1014.5680210543281,0.54127365
G82082,878.2111954796047,68.71952615788321,0.7461969
G82083,5844.4594707235565,176.562412235065,1.6285849
G82085,2783.4127362375493,-979.6727570990379,0.01391877
G82086,835.3371111184637,311.3683939907233,-0.07564558
G82087,4724.509345042743,546.3385631576334,0.54127365
G82088,-216.9730976557872,-77.79701146090483,0.49649146
G82089,4.244512610254624,43.24206135259162,0.9478958
G82090,7850.991780179557,1035.20018275255,0.7461969
G82091,1140.519332764477,113.92403136506854,-0.07564558
G82092,445.46732018759405,98.12910140139203,1.1424296
G82093,4863.865664125538,818.1767880150834,-0.3995103
G82094,3175.7429808785205,885.8437018928723,0.54127365
G82095,2974.2951299274805,475.9976094145607,-0.0738543
G82096,-1258.906103258962,-49.644208238261896,0.01391877
G82097,7113.916177111148,-521.0985187049208,0.49649146
G82098,-110.30239184530141,-2.4436790202607495,0.9478958
G82099,6050.564337688951,-107.43646621297867,0.9478958
G82100,2813.9956400577557,1461.0786565065616,-0.0738543
G82103,-784.4911253595294,-349.569225447447,1.6285849
G82104,-1511.6514545685916,206.72629292415095,0.9682717
G82105,7142.575037365658,965.7084497974594,-0.9354633
G82106,502.05221501704375,303.36413030008555,0.01391877
G82107,3356.465091831904,577.5444481626439,-0.9354633
G82108,1033.2961844469755,-143.21153278989155,-0.0738543
G82109,-804.5150450180097,-251.18405136736123,-0.0738543
G82110,23.41679826242404,-408.18374210407035,1.6439899
G82111,2064.7223095804966,265.81921554380995,-0.07564558
G82112,3597.2635590943764,205.18693669328835,0.9478958
G82113,1152.1125738532546,568.1071653605005,-0.0738543
G82114,8027.196737603178,334.87655092026233,0.54127365
G82115,321.07595691717205,64.36999284673868,0.7461969
G82117,1172.1045219631958,103.99390438434007,-0.07564558
G82118,2799.3132138888127,418.0181130349173,1.6285849
G82119,7952.028127095794,2023.0395155867711,0.7461969
G82120,5165.491714670794,-353.01258592946374,1.6285849
G82121,3146.4244288811524,21.56827388873389,-0.24617611
G82122,4736.90355271386,1413.5729241205015,0.49649146
G82123,-242.4804140380173,711.8066629491212,-0.0738543
G82124,-757.5404352082771,157.84974042754772,0.5566787
G82125,1149.9110683435867,-155.68165136730795,1.6439899
G82126,4012.4591825595157,762.6910959921812,-0.9354633
G82128,-29.953716384558827,7.065658822691473,-0.07564558
G82129,-586.714926181619,143.33019944454477,-0.0738543
G82133,1226.0592974636365,-223.41301138729736,-0.0738543
G82135,3656.059684437179,-791.7146903854679,1.6285849
G82137,1315.7217765170283,232.39482971801021,1.6285849
G82138,-506.1984842988571,76.12945724228919,-0.07564558
G82139,-1067.5463102717674,48.36368891283066,-0.0738543
G82140,-2078.6588175721704,90.84648507491401,0.7461969
G82141,925.8618876869053,-14.240303600973034,1.6285849
G82142,2211.422634360827,120.75654921863828,-0.24617611
G82143,199.46105189823874,206.54931467756154,0.49649146
G82147,592.2531281284301,483.9758902297611,-0.24617611
G82148,-94.30293481537043,-45.632246892515695,-0.9330904
G82150,1694.445158812714,376.08373850593625,-0.9354633
G82152,398.2916640836996,-95.18255664655486,1.6439899
G82154,-287.7319520277064,577.8367065778274,-0.0738543
G82155,1567.869040392165,288.18920460379394,1.6285849
G82156,-1725.0488059722888,-523.2419648550573,0.5566787
G82158,421.5710475545381,64.82351236157922,1.7593488
G82160,3356.177465830384,-367.3332596195921,-0.24617611
G82161,3178.433071097371,1742.8200509977996,-0.0738543
G82162,501.8455249426195,-89.98273216762058,-0.0738543
G82164,2569.160735201205,76.42060208031812,0.9478958
G82165,1677.8112335865299,261.1565105439689,0.7461969
G82170,-1271.1265653267187,49.890210609319716,1.7593488
G82175,-1977.974779615111,-30.849893414583676,-0.3833186
G82179,-1699.3080772004978,-213.33322789989654,0.7375987
G82180,656.7546548766927,-1.934294912430026,-0.0738543
G82184,-1393.0466830964772,-142.44118387845648,-0.0738543
G82185,1149.4293180689308,-49.080505171256554,0.49649146
G82186,2309.76217815356,642.027510905187,0.54127365
G82187,312.41040559341604,186.2560945772695,-0.058449224
G82197,-284.8782631874556,414.3207225702353,0.01391877
G82198,181.41812897639267,663.4041146215634,-0.0738543
G82200,1214.9000757232013,459.2425633698578,1.6285849
G82203,1523.160122582265,9.662289503998979,0.01391877
G82204,533.8521949026386,-155.67385524894877,0.7421217
G82205,1710.0803008964483,-174.44169290679275,1.6439899
G82206,-1057.5882067584066,291.79415390664695,0.8375525
G82210,-1871.012720182171,-644.3105263269828,-0.92686516
G82211,1341.4787349129713,366.2614932555504,-0.07564558
G82212,-222.4885245170198,453.8746731241268,0.49649146
G82215,1030.8117010548788,343.56883295653006,1.7593488
G82217,-1568.9912375448991,-64.08415739166254,-0.07564558
G82218,1557.3444604171996,531.1893611015652,0.49649146
G82219,-229.15313574860315,39.362450610039836,-0.9354633
G82221,426.22216829127,1194.314119682302,0.49649146
G82224,-1154.5612344137535,-122.37473575139339,1.7593488
G82225,2311.937926253604,-724.0988083398128,0.8375525
G82226,-494.4568764144923,84.94394485387933,-0.0738543
G82227,763.1243755220005,460.55558810753604,-0.07564558
G82228,5801.236465289963,2530.636478173789,0.7461969
G82229,159.41921415445242,574.2847386863187,0.9478958
G82230,-823.3548951843939,-213.52596177727617,0.97985494
G82231,1068.3453206185436,96.11986619859164,-0.3995103
G82232,1025.3986094282286,208.66891779634472,-0.07564558
G82233,3117.476252121969,-82.56886380900359,-0.0738543
G82234,324.5779747158842,88.90769193100965,0.01391877
G82235,-468.5630258990473,13.838311759846922,1.7593488
G82600,-1645.9913667963033,-66.96309639563844,-0.0738543
G82604,1325.4003521949764,260.6770680130125,0.9478958
G82605,-1480.9990532410964,68.75685214094047,1.7593488
G82622,-1359.9427167662393,-243.8930730212734,-0.0738543
G82630,-3445.5216341489277,-4181.102798716768,-0.92686516
G82631,704.9987143089518,930.6218502273532,-0.0738543
G82634,926.4340082238932,532.8163212945302,-0.3995103
G82635,-1618.459263209927,-34.62353409378479,-0.0738543
G82639,-855.5843740329329,-106.70817776583966,0.49649146
G82641,-869.4370108690301,-286.3102582231789,0.9478958
G82644,-1868.9333751421266,-403.0397349199529,-0.022265228
G82647,1557.1280678559015,2112.534534043808,0.49649146
G82648,-653.0892306745003,285.3232701848158,0.01391877
G82649,-1290.7930058084298,260.2593723463835,-0.92686516
G82650,2327.11313182883,1569.7803395115402,-0.9354633
G82651,-2491.3655063421174,-13.475537089653129,1.6783826
G82652,-380.5706001658961,-129.534783599888,-0.24617611
G82653,-1270.4187697247082,556.1465602059494,-0.0738543
G82656,-1820.1534969660834,-231.40768263672513,-0.022265228
G82658,817.1269977606385,250.83622458071736,-0.24617611
G82662,-1626.4588393443144,280.5268695816542,-0.07395665
G82663,-2212.3528342010363,-151.7372664193141,-0.3479212
G82665,388.95567419108613,1248.4610283052778,-0.24617611
G82666,4219.71714636976,-85.95624661739019,-0.9354633
G82667,-1502.2105288989762,-240.8781917943995,-0.34792122
G82670,-2073.7074296795568,-205.3017553410911,-0.022265228
G82671,-874.4762535766164,87.54893116969781,-0.3995103
G82674,-2184.7663758941444,-327.22146149199784,-0.92686516
G82679,1351.2329465870014,459.32654607590786,-0.0738543
G82681,473.0699526883408,-193.5728624342044,0.9478958
G82682,283.0781537230689,174.67765948200466,-0.3995103
G82684,395.37631232105826,359.0271615171959,-0.24617611
G82686,1158.435811810069,533.8146604516521,-0.3995103
G82687,-462.7543425183828,228.5286745948259,-0.3995103
G82688,-1317.0884761000707,313.93997253379735,0.5635903
G82690,-487.34168146773607,277.70686191486834,0.01391877
G82691,-541.9781132919169,362.3173165000665,0.9478958
G82693,2566.2267150448793,1071.388033749811,-0.3995103
G82696,-1501.6709799083508,136.5146883254084,-0.07564558
G82697,-335.24217153399894,843.2774820026025,-0.0738543
G82698,-939.238871731555,387.2968086971381,-0.3995103
G82700,298.6091402247368,-43.507964961853524,-0.07564558
G82702,-1253.8942826968282,262.75717794165337,-0.3995103
G82704,-580.4523397135268,149.77901905692178,-0.0738543
G82706,-1525.69587307267,103.10130113125255,-0.0738543
G82708,-1147.844479126479,263.2050413231889,0.01391877
G82710,-1523.6053026484076,-215.64013772332427,0.5566787
G82711,-1203.079685269206,-28.81563622941054,0.01391877
G82712,-1595.3264544933497,-181.8126225055618,0.5928627
G82715,-1294.5534098011085,-446.524139532261,1.6783826
G82718,-2123.3059146092437,-273.3387965552109,-0.022265228
G82719,-1440.1076965850302,60.378586096951324,-0.0738543
G82721,-123.1082027381271,163.31525364767944,-0.0738543
G82722,-752.4739312654141,443.5883241637458,0.8375525
G82726,-641.9167226855733,-104.75731288730185,0.74061406
G82727,596.7192428757046,152.65569166076978,-0.0738543
G82729,1589.3271083585375,584.6215501983173,-0.07564558
G82730,328.3997270811665,454.8926583052682,0.54127365
G82732,430.1935263411753,130.22859376908477,1.7593488
G82733,-1310.8653108497351,-77.1614942197129,1.7593488
G82735,-345.33568419575136,-474.7480790800857,0.54634047
G82737,-718.3238069040368,476.24377147156764,-0.0738543
G82739,-2140.1939190750945,-238.8438467754344,-0.022265228
G82741,-1676.980124787608,230.6006898153869,-0.0738543
G82743,-759.6043302240913,126.46297456935154,0.0139187705
G82744,-775.2487600005082,189.83796418605993,-0.0738543
G82748,-1299.928317854165,-146.62850914491662,0.5928627
G82751,193.00036299626512,583.2184212596151,0.966493
G82753,533.9879489016221,-65.5015280954222,-0.0738543
G82754,-749.7716822766153,-9.862489108178853,1.6285849
G82757,-1150.5115905068546,416.57046648178675,-0.3995103
G82760,-1243.9062534459931,-89.17456568564585,-0.07564558
G82762,-1807.401097792386,72.68752665728316,-0.0738543
G82763,-1209.4227802729595,165.7847981317649,-0.0738543
G82764,-1922.8134093455672,-97.52332788779009,-0.022265228
G82768,-546.3461208615403,-84.94339016471062,1.6285849
G82769,-2032.675385463722,-75.81950999721441,-0.92686516
G82775,-1401.686990888184,151.0307593648225,-0.0738543
G82777,-1048.4727277949105,169.15120294865505,0.95976067
G82780,1782.9111108620946,346.9013210861879,0.01391877
G82790,349.68847148819896,215.3692430827456,0.7461969
G82791,-418.49491585066136,133.83343662291918,-0.3995103
G82793,-448.3449464494706,-627.1630684588757,0.9682717
G82796,1069.104727724836,1851.910659797682,-0.9354633
G82799,-722.1836830494407,550.7031966616979,-0.3995103
G82802,-929.3405999680497,187.067909327299,0.7461969
G82805,-3164.33165019449,-1564.7239631693385,0.5566787
G82808,1748.1349233853243,989.6476656354571,0.01391877
G82809,3855.174729359829,142.1697702518877,0.01391877
G82810,-797.334651949098,-570.9741533128553,-0.92686516
G82812,-2001.44416711487,12.588478018494401,-0.92686516
G82813,-2355.6488836261774,-16.06323751510748,-0.0738543
G82818,-1926.5402547985025,-296.11608837453144,-0.058449227
G82820,-368.2689678058991,999.312034563959,-0.0738543
G82888,-1009.7114512033031,151.1970168421304,1.6439899
G83001,2120.8964187685497,207.56020231934383,-0.75633466
G83002,1291.138593314235,565.9771892701714,-0.75633466
G83003,-574.1328826996939,-92.68977947277287,-0.75633466
G83004,4785.428382876437,1443.3019533446632,0.8375525
G83005,887.3447876521053,-719.0073977035737,0.83960676
G83006,3127.321879589974,967.8262076269948,0.8375525
G83007,862.681554339325,132.76695721935664,-0.78212917
G83009,1005.277822436819,1212.4493806633777,-0.75633466
G83010,1530.871760196966,817.8923817086788,0.8375525
G83012,2592.188680767702,466.8912649659071,-1.316291
G83013,-298.7792999732777,-713.8676869456889,-0.75633466
G83015,-440.0145036480661,-223.70543124981964,-0.75633466
G83016,-85.43879302627714,95.76708515005366,-0.75633466
G83017,-264.1474927802118,216.55981876897224,-0.78212917
G83018,2448.1025346168594,714.0376698314419,0.8375525
G83019,1703.1656231540433,1094.5339822585386,-0.75633466
G83021,1137.605705301897,-270.601237408378,-0.75633466
G83022,-1345.6849950518247,3.4900874985726227,-0.75633466
G83024,-804.4802739420286,148.9492467866711,0.8375525
G83025,1814.6979136036193,-347.86090823819217,0.8375525
G83026,611.0631482473005,-76.60276594984424,-0.75633466
G83027,3458.986307437868,1130.0325368760527,-0.75633466
G83028,2136.060260724104,137.23395402856,0.8375525
G83029,805.7774119957104,226.36802943865587,0.8375525
G83030,-631.776182377191,-185.23054197227194,-0.75633466
G83031,954.6932764109059,209.03084400820853,0.8375525
G83033,-624.0625892646747,-87.09617934292214,0.8375525
G83034,-250.5699914925695,177.47320594615044,-0.75633466
G83037,-1065.050525999281,-108.5301984053092,0.8375525
G83039,121.55827470080823,-124.88127367014619,-0.75633466
G83042,-2349.884092243734,-1185.3063574084802,-0.78212917
G83043,-805.1082548311774,-40.08802763243006,0.8461507
G83044,1443.680404489244,-519.4232353950212,-0.75633466
G83046,-440.3269096311408,233.70673503532322,0.8375525
G83047,1466.306605856224,480.2020920704026,0.8375525
G83049,2143.592602639452,-203.29751416281852,0.8375525
G83052,2024.047552815616,1790.7108401985652,0.8375525
G83053,4083.164281612389,550.1167653832188,0.8375525
G83057,2688.028119745566,-112.06653087311263,-0.75633466
G83058,-553.713696608628,13.558491919316715,-1.0096226
G83060,222.45404101176845,-294.6285659962126,-0.75633466
G83061,1780.99827587925,-3.732233769384867,0.8375525
G83062,-158.55376174187126,204.48974799299896,0.8375525
G83063,-1527.136968831983,-315.28296134683626,-0.78212917
G83064,-1013.1300486970655,-73.1019692925688,0.8447938
G83065,-128.2605028391665,449.70298394553697,-1.0096226
G83066,3434.5261802791856,1376.3912741830377,0.8375525
G83067,5686.8625192148775,1062.4998705388177,-0.75633466
G83068,-2184.8454181614966,-0.16728236409244943,-0.78212917
G83069,-2766.41380759901,-946.2898417679066,-1.2525213
G83605,-1563.7726856043741,-353.970400451814,0.8461507
G83628,501.5926208993065,915.8471481983541,-0.75633466
G83630,-620.2084259465729,499.5903518526397,0.8375525
G83631,-650.7091423614817,140.30500083605648,0.8375525
G83633,-679.2674096160938,-296.5636074865654,-0.75633466
G83635,-474.96787369836795,87.55293970084664,-0.75633466
G83641,-1570.9914255362248,42.27923907788002,-1.0096226
G83642,562.8057882025328,1103.3999740728025,0.8375525
G83647,-13.970308888373818,216.77039116788308,-0.75633466
G83651,-483.8984419547847,-620.7358080343874,-1.0096226
G83654,-524.6940514248226,95.35353940934642,-0.75633466
G83655,-1904.9152173285634,7.702950433598402,-0.78212917
G83663,-1215.3970016915312,-62.15378336669656,-0.75633466
G83668,-1303.8593085880675,-157.4863961919899,-0.78212917
G83670,-1957.1527113931713,73.78970298781684,-0.78212917
G83672,-1666.7483850978288,47.69975723795594,0.84092414
G83673,-1059.3330956727734,298.359636604829,-0.75633466
G83675,-3157.5931774156616,-1253.9659733796007,-0.78212917
G83680,2168.819266323816,1038.575420059068,-0.75633466
G84001,682.1928427408441,1016.4505896192353,1.1424296
G84002,468.0965818279281,-343.96268350476976,1.1424296
G84003,1498.6263992710142,-749.7591399236791,-1.0096226
G84004,1693.6993809921023,151.44058097766407,1.1424296
G84005,-380.4084158524764,-123.71227563232286,1.1424296
G84006,1262.9856259032565,-118.08955777124663,1.1424296
G84007,224.51812469077626,206.0928175616384,1.1424296
G84008,-1063.7717361849022,-31.23633450432902,-1.0096226
G84009,-1132.750257360654,-93.33753988171536,1.1424296
G84010,2076.64129756633,-91.77829125219365,-0.75633466
G84011,-644.8453005307432,-15.107451607111859,-0.2773445
G84013,-1619.0551920321675,41.64791208936273,1.1424296
G84015,1372.951201664971,-127.34983470026049,1.1424296
G84016,1790.3304329679072,-40.8351546790921,-1.0096226
G84017,705.0188617375987,-6.306140777271946,1.1424296
G84018,-281.9673125449348,-305.7115135121702,-1.0096226
G84019,1139.9450942040494,-420.04138198019206,0.8375525
G84020,32.130101760223944,52.4919923075873,1.1424296
G84021,-106.72008843603857,-792.944634341443,1.1424296
G84022,-789.996128934579,-61.57916351797301,-1.0096226
G84023,993.287662103,-628.987757123362,1.1424296
G84024,-87.62598545035624,245.02190539931786,1.1424296
G84025,-733.6035556763687,-312.4323993722842,-0.2773445
G84027,1899.8676096130068,211.1294635430559,-1.0096226
G84028,3.353682987472293,-48.031571843468825,-0.2773445
G84029,-582.6776026770493,-103.44189708343276,-0.2773445
G84030,-735.5493551655943,-89.7664827078955,1.1424296
G84032,979.3946832973504,572.7718361602628,1.1424296
G84033,-275.26442387329143,57.677887779145905,1.1424296
G84035,-564.5606853979186,-48.01936616200476,1.1424296
G84037,-778.4081572189898,159.09870618267897,1.0994387
G84039,-1640.273344495158,65.31591716622447,1.1424296
G84040,-276.5743273312064,127.22273185782805,1.1424296
G84041,-1675.9294539359566,79.69492013162503,1.1424296
G84604,-1095.6626336139147,0.7510698021451103,-1.0096226
G84607,-814.4709193975285,149.95495201535576,-0.2773445
G84609,-1373.9986235994447,120.17890909336502,1.1424296
G84621,-1434.508949170604,-0.8946032116305819,1.1424296
G84624,-1659.6185216070385,3.5959138234929946,-0.2773445
G84625,-1637.4264219785437,39.16749805760338,-0.2773445
G84627,-472.9351598697559,304.96376715575485,1.1424296
G84628,-1850.532289664062,-133.9110631672972,0.83898926
G84629,-812.1744993145516,235.8612427514437,-1.0096226
G84630,-1793.4471053734728,-116.85643539402562,1.1424296
G85001,1601.1589180888554,303.35112773936584,-1.0200121
G85002,371.668863820685,847.6732237800877,-1.0475979
G85003,-712.587128330862,31.71314510964529,-1.0096226
G85004,494.6803722693232,-765.9301925717461,-1.0096226
G85005,2061.901817122829,-464.9956225197707,-1.0096226
G85006,1899.273856017513,574.1000849718937,-1.0200121
G85007,-2369.053472499773,-257.1630847659331,-1.0716012
G85008,-1334.1458987258145,-94.28689223334369,-1.0096226
G85009,-1636.0822229298792,-114.10238457545162,-1.0716012
G85010,-1739.0984758003094,-26.215348799057125,-1.0761241
G85011,980.2120761017513,777.1645300523113,-1.0475979
G85012,4080.68762107663,-119.5312251394482,-1.0716012
G85013,1303.8852149742006,403.34662233612585,-1.0200121
G85014,1863.9318487819419,1392.153247851671,-1.0475979
G85015,131.2260578369269,-549.5840611923013,-1.0200121
G85016,1441.3205966444923,1140.8727488559923,-1.0475979
G85019,-843.9246147757588,175.7147466100548,-1.0200121
G85020,-1506.9128346232903,-52.5838737648251,-1.2285179
G85021,1357.3578771507619,245.58615033788564,-1.0475979
G85022,2030.910763003815,972.7753536044208,-1.0475979
G85023,-526.2984586800039,239.15456728868574,-1.0096226
G85024,1447.4490427961528,-694.0225391401275,-1.0096226
G85025,576.3786242803089,529.2396792079567,-1.0475979
G85026,-1085.2736400721044,-322.8747904913284,-1.0096226
G85027,-378.71562337755535,-933.185680804162,-1.0096226
G85028,3819.356695200439,837.9813729506847,-1.0475979
G85029,-541.6085686746701,-88.48188596844867,1.137414
G85030,-756.8493070164312,90.54944498321201,-1.0200121
G85031,89.04192008369488,69.63849000384147,-1.0200121
G85032,450.50614934617033,-223.62549445245642,-1.0096226
G85034,12731.189691856596,11026.942148785925,1.137414
G85035,-713.5440227892857,-609.112836671305,-1.0096226
G85036,-672.5285212028407,-811.172056593946,-1.0218482
G85038,260.98162631089394,-515.5167025448235,-1.0096226
G85039,2821.18883500843,381.62305493850283,-1.0200121
G85040,221.51547435303732,520.7294884423437,-1.0200121
G85041,615.0904866356403,407.87512558436924,-1.0475979
G85042,-446.98622864936,426.4707432054799,-1.0200121
G85044,-782.7093180938837,252.88440453786973,-1.0475979
G85045,661.5056418989832,251.96195097119687,-1.0475979
G85046,-563.0972661677348,-49.756337217021205,-1.0096226
G85047,-488.80340120256096,744.9891459468863,-1.0475979
G85048,-1316.2817211813763,-485.2472791808507,-1.0096226
G85050,-1169.6531686193575,-160.98402693880476,-1.0555608
G85051,-424.30033517996424,219.93895040524626,-1.0475979
G85052,-339.7179967667523,594.4451398336462,-1.0200121
G85053,2000.697595355239,-75.54792077164079,-1.0475979
G85054,1776.5813975554543,684.8798794897123,-1.0475979
G85055,-132.32814748490003,-697.467471912173,-1.0096226
G85057,-786.7966633910136,-389.2968564725688,-1.0096226
G85060,-2736.879189333528,-575.8879008110432,-1.1077851
G85061,-666.2367504808153,-232.11275904969435,-1.0096226
G85065,-5266.341833870189,-3476.5703105818147,-1.0354172
G85073,118.6579558082375,375.5953081607339,-1.0475979
G85076,-1749.4448591563596,115.10541236569932,-1.0096226
G85078,-868.5685938564659,137.9860769923466,-1.1077851
G85081,-1661.8797278275988,-401.13291190394136,-1.012156
G85082,-342.4986051136479,619.6435447629865,-1.0475979
G85083,1203.4860853844652,449.5765214234444,-1.0475979
G85084,-315.28193030627807,567.5452422208723,-1.0475979
G85085,-565.5790028013852,-43.142784342382754,-1.2285179
G85086,69.3003385145841,417.7873403236839,-1.0475979
G85087,-318.9588118276077,729.8809385229672,-1.0200121
G85088,-273.21573556059366,43.72953105456147,-1.1077851
G85089,-515.7270391375159,-465.0412270581508,-1.0096226
G85091,-1087.5502583942352,344.99643030332686,-1.0200121
G85094,538.4012245293837,206.04404754339507,1.1718067
G85095,-126.46575199508851,-684.7695679078996,1.1718067
G85096,550.7900307606161,1365.6913155319755,-1.0475979
G85097,-949.0827904863983,-56.16755448134194,1.1718067
G85099,-1481.8899064588256,-66.98868591715527,-1.0354172
G85100,-325.24522029631373,424.1035897690699,-1.0475979
G85102,-905.3077333785586,192.89667066259295,-1.0475979
G85104,1045.1010456786205,832.4191728871906,-1.0096226
G85105,-1228.3768629805054,25.149069884379408,-1.0200121
G85106,-1518.6643138809118,119.63355976924866,1.137414
G85109,2089.1305359280927,673.2801810946276,-1.0475979
G85112,-1062.4316387821946,123.8468188245556,-1.0200121
G85113,-1089.1850408048808,19.514681790592014,-1.1077851
G85114,169.1743357748219,-257.85052525190366,-1.0200121
G85118,-306.80591266439137,-572.4562169688166,-1.0475979
G85119,-39.94329235528865,109.74041602966196,-1.0200121
G85120,-350.83909515565597,63.859327514427235,-1.0096226
G85121,-1245.905712512957,20.822863738578835,-1.0096226
G85123,-488.76228226018594,116.04362867500043,-1.0475979
G85124,-780.6175806448533,-116.18640324057066,-1.0096226
G85125,-3.714228381349948,187.2515481789483,-1.2285179
G85127,-524.4847884865758,305.62297363535424,-1.0475979
G85129,-1173.7284107420126,208.11053492620846,-1.0475979
G85130,283.3840870908159,536.3433050631373,-1.0475979
G85132,222.56721248878867,653.3127668034341,-1.0200121
G85133,-149.32960801800007,183.33356321450026,-1.0786715
G85134,-908.1787791643038,340.31359991477154,-1.0200121
G85135,2179.373656904463,1837.7265127351147,-1.0475979
G85136,-842.0818135663937,397.9187363601069,1.137414
G85137,-1010.7895791469944,332.92394848912426,-1.0475979
G85138,771.4115301798829,587.0256909288955,-1.2285179
G85618,-2146.098694798799,-312.2080488164349,-1.1077851
G85623,796.7254115685537,909.7375575409801,1.137414
G85632,-855.4184813602848,289.48850993839426,-1.0200121
G85633,1066.2308091155298,401.36256584217426,-1.0096226
G85642,-795.9543824616187,37.114473446631735,1.137414
G85644,-64.6466585221892,178.62367685121745,-1.0200121
G85647,-665.3854632442564,609.5994708380437,-1.0475979
G85651,292.90019868687875,108.68059445695498,-1.0200121
G85662,952.0130796929525,158.06900866251112,-1.0475979
G85673,-472.77565113116196,90.0100584587473,-1.0475979
G85674,-1458.0178688414233,69.80864237355685,-1.046996
G85677,-2836.517764920078,-970.3759631303842,-1.1077851
G85681,-1066.9714709359725,89.01673806661252,-1.0200121
G85682,-1529.9430948789598,25.582489260010043,-1.1077851
G85685,1863.3772285690081,770.5531070056046,-1.0200121
G85690,-287.21459276479857,308.1009010546936,-1.0475979
G85692,-272.9580952729753,481.98069859887727,-1.2887051
G85695,-1292.6698296508323,-66.30593975638355,-1.0475979
G85696,-362.74164900606155,-129.83362615978385,-1.0096226
G85698,-978.618570286624,132.1631532249477,-1.0096226
G85703,-2229.2228074989403,-274.54000444976924,-1.0354172
G85705,-1680.9012956913525,195.6961878040215,1.137414
G85706,-586.298361493798,358.6108527080027,-1.0200121
G85707,-1597.887019851678,-424.0735899316842,-1.0716012
G85708,-262.08300861292884,110.02081860002828,-1.0475979
G85711,-1733.8866236533725,33.171163446196395,-1.0096226
G85712,-1732.8811941518554,-491.56402535796695,-1.0444632
G85715,-799.8452700353826,240.41289804622022,-1.0200121
G85716,-1432.476618542948,83.04178411730027,-1.0096226
G85717,-1136.6471311489647,-146.9097611600638,-1.013933
G85719,-2483.4712413248326,-271.7832663080685,-1.0716012
G85721,-270.1073152457532,299.58721090175817,-1.0200121
G85722,-66.08040975205941,-177.5354871218818,-1.0096226
G85723,-1363.4792573955945,-46.94309390569312,-1.0362037
G85724,-427.46192092953856,561.5880989546331,-1.0475979
G85726,-198.50291709622348,234.76756943457676,-1.0200121
G85727,-1125.120837168881,80.61626882703891,-1.0096226
G85736,-1559.0499406606873,-50.28524480056748,-1.0096226
H81002,-367.64866193693103,-39.54715551296154,1.1753893
H81003,2107.1577636670363,505.53704868908767,1.1753893
H81004,3469.1466517471003,523.861246690699,1.1753893
H81005,194.35530364497714,-117.09106046444107,1.7715297
H81006,-888.6293890074045,15.711023531553947,2.0402226
H81007,-511.8648670711607,215.16317346053822,1.1753893
H81009,4263.338889796802,426.24711767429307,1.1753893
H81010,1786.0042423345155,-330.6798762549556,2.0402226
H81011,780.3902743150514,292.3920784737474,2.1039925
H81013,10837.361714241033,3242.9578069689046,2.2125444
H81015,727.2967644163797,-113.65451487727262,1.9782442
H81016,1995.1531206427553,-483.4517161011405,2.2125444
H81017,2886.1982953359907,234.96903817924832,2.1039925
H81019,165.56900522706826,245.6644657083587,1.9782442
H81020,503.96099675798166,438.47490255681146,2.2125444
H81021,2131.2378336809547,-58.88888404449108,2.2487283
H81022,-250.06396932619117,-59.54350601167169,2.2487283
H81023,391.2161376483445,282.4784731040228,1.7715297
H81024,954.7060423007002,240.1945964922382,1.9782442
H81025,640.0623858728853,63.59328065538307,1.9782442
H81026,794.6979633234413,-140.37967861445236,2.2487283
H81027,1283.4526327895526,80.35465211020411,0.9375063
H81028,2345.07725629767,65.49869627053668,2.0316246
H81029,129.29770140573598,-429.09204401896807,2.0402226
H81030,1450.0960616338457,285.62057724140124,1.8782903
H81031,2328.291958195394,326.7842521858704,2.2487283
H81032,1948.6298537580053,559.3468177531123,1.9782442
H81033,1893.599054240843,1332.2173991802752,1.7077597
H81034,-571.8032275047487,320.15800855193004,1.7077597
H81035,-37.76501561126872,-171.6895002302256,2.0402226
H81036,1081.2669703571228,24.089897517568758,1.7077597
H81037,2300.8065596835177,348.28531557236533,0.30518204
H81038,-1138.4359246282595,75.4179210494988,2.2125444
H81039,-455.1662044799192,60.099324031493744,2.2125444
H81040,578.4005899242493,169.33471027212732,0.9375063
H81041,-281.49923407649396,110.91872836859525,1.9782442
H81042,2350.1113315017396,154.2904829811708,1.1753893
H81043,2319.769467315409,409.9901070057925,2.0402226
H81044,-607.3302590942199,-96.5994961447379,2.2487283
H81045,517.1549246739104,469.0753175786272,1.7715297
H81046,-978.4016062226862,84.60927896382529,0.30518204
H81047,697.0844854746904,-232.83448827127276,1.7077597
H81048,-206.30138723068765,168.10777592063127,1.8782903
H81050,531.755636378881,53.60332419606619,1.7077597
H81051,943.3570065052156,-73.82881785987,2.1039925
H81052,3246.672099417982,221.18306150277425,2.0402226
H81053,83.93315888595446,-54.46812625254794,2.0402226
H81054,-146.78544033941208,-289.90616551591205,1.7337228
H81055,1271.1756949130029,157.18640004039543,1.8782903
H81056,2758.4235750859043,-313.6806645712475,1.7715297
H81057,373.1713232504415,385.31472173260585,1.1753893
H81058,103.07781265760073,220.25503355715256,1.8782903
H81060,1243.2210031511866,-328.0540112731145,1.7715297
H81061,483.4209017389333,392.68107208823955,1.9782442
H81062,6501.342474633855,1936.2420993981846,2.2487283
H81064,2552.711992125972,251.296975020364,2.0402226
H81065,596.4344374534859,-102.75755264516107,2.2125444
H81066,1777.472700443522,793.7623927624561,1.7077597
H81067,660.6880884652487,241.82349828202638,2.2125444
H81068,3944.3810242267646,-139.79390324176018,2.0316246
H81069,2836.1197244011146,1850.7294500905382,2.2125444
H81070,1032.5519389396172,7.126484272759363,1.8782903
H81071,-449.63887080679774,156.99256155238814,2.1039925
H81072,480.56272407712027,0.1731396931698292,2.0316246
H81073,865.1525592260742,158.27530829151638,1.1753893
H81074,-830.7605177042834,238.86231871730507,2.1039925
H81075,2229.6169175027508,1078.650856107658,2.2125444
H81076,2915.4224014131128,-4.851233863304192,2.2487283
H81077,1120.7901990591104,277.8428229665834,2.0402226
H81078,3451.1422186901796,1361.7672674899163,2.2125444
H81079,-835.8603620358848,77.44094978589449,1.7091391
H81080,3348.876221437625,-139.28037248491918,1.1062456
H81081,1121.510952610224,352.90597850967384,2.1039925
H81082,291.22323453557055,165.01483936648594,0.9375063
H81083,1491.963473243288,247.76946287918227,1.8782903
H81084,-296.1223989065412,-175.26915229624427,2.2125444
H81085,-448.2782544316411,-63.3703660126682,2.0402226
H81086,-806.5048686184326,-129.6491197953163,1.7507507
H81087,1723.1949003003037,402.0102024466059,1.1753893
H81088,2671.6686995573177,630.7955980452003,0.9375063
H81089,3211.101227273425,940.8444676585586,1.8782903
H81090,493.0313081443781,-368.1990349392966,2.0402226
H81091,42.20122551716295,35.73275546542388,2.1039925
H81093,-2784.673569034434,-656.34571657704,2.2211425
H81094,-122.99536817512907,246.14003041831535,2.2125444
H81095,-130.7460116612313,436.16503594479053,2.2125444
H81097,330.01413410405644,-258.1635572769349,0.9375063
H81099,-55.69437509584969,328.4298633304679,2.2125444
H81101,-962.1950875391535,-65.38268562457807,-0.28072235
H81103,-321.63907280852135,247.56936252725504,2.2125444
H81104,-169.1995395895666,351.2045194599642,1.1753893
H81107,-989.824631875757,-31.313402687090264,2.2125444
H81109,809.4274208605187,305.8444258402464,2.2125444
H81110,278.1578663141444,291.85581387521273,0.9375063
H81111,-1110.0982429476935,383.8346239784931,1.7077597
H81113,2482.8195347107885,226.0634628382504,2.0316246
H81116,-526.0214693028978,-250.52624847231618,-0.2773445
H81118,-1377.4608389623957,-197.8117395709498,1.7507505
H81119,1363.1208291019261,510.22868501516035,-0.2773445
H81122,-664.1557583309462,426.1792438748389,1.7077597
H81123,-1194.0882708103877,78.47602165766887,1.9782442
H81125,-925.1292678100483,-93.12931264221267,1.7507507
H81126,-744.7010307404049,17.59682441274974,2.1039925
H81128,-879.7792117216659,276.3278520273068,2.2125444
H81129,-1476.3742931964243,162.54368225224042,2.2125444
H81130,143.73343521751,512.2213122946239,2.2125444
H81131,-1270.6911376279481,362.89594111468074,2.2125444
H81132,-1510.1678503509388,-15.421683416324043,2.2487283
H81133,6276.53285514795,595.2257009592778,2.1039925
H81134,967.9813352748793,-266.47463604971466,1.1753893
H81611,-1585.2574514670152,27.55191989051476,2.0360634
H81613,-1684.061166746301,-46.46563606926217,2.1039925
H81615,999.8603944245779,264.98923667358963,0.9375063
H81618,-517.9262901319656,-208.4087973656152,2.1039925
H81620,-1237.5092616973022,-85.41442674693045,2.2166195
H81622,-1029.2632230034596,15.671718799740718,2.2211425
H81632,-1401.8542770066708,174.73493284831176,1.1753893
H81638,1054.3729257327607,300.5981610303871,0.30518204
H81641,-1880.952361938795,151.3058232945201,1.9782442
H81642,-1045.5284747745688,203.48677952613482,1.1753893
H81643,-2158.5687905756654,105.22507295310096,1.9782442
H81644,76.56347222951214,59.19909759272795,2.1039925
H81647,-2098.4157212773134,90.2736597009858,2.0402226
H81655,-3085.5870080564277,-646.0225783572056,2.0402226
H81656,389.08507277567134,83.74282090278513,1.7507507
H81658,-1161.1273049337112,93.37020647670893,1.7077597
H81659,-2480.5915628521416,-6.519651023196984,0.9211663
H81663,-1496.343892273204,-74.4547132448855,2.2125444
H81664,-1999.8870379936805,-20.28399559232036,1.9799159
H81667,-1105.3451147506107,138.71802534723244,1.8954867
H81668,-2561.780586043163,-68.66731371466852,1.9897555
H81669,-2505.930103050732,-16.58282396530232,1.2313093
H81672,-163.49210656909614,478.98422696153494,2.2125444
H82002,-298.62927605558934,-253.2224815676901,0.30339074
H82003,331.79047360495525,87.13418060127131,2.2211425
H82004,150.52071581159186,236.3958007611119,1.9402688
H82005,-395.48602783679337,281.62496439574204,2.2211425
H82006,1474.145139960659,126.52820109559664,1.1821961
H82007,3383.0177345294665,410.80439364563904,0.6014609
H82008,1050.4591260996085,193.28102547394997,2.2211425
H82009,5079.287535110743,1813.5422860071208,0.6014609
H82010,579.4803486539305,-637.8523993377115,2.2211425
H82011,3177.3396704556635,-87.8575374839855,0.6014609
H82012,2339.329071649172,-314.1577898034187,0.30518204
H82013,5529.753676515448,385.25287343234726,1.1821961
H82014,2850.719168007496,815.9805256154868,0.6014609
H82015,938.4593806017214,-304.82010601871747,0.6014609
H82016,2651.5644942464187,464.12708295861347,0.56885946
H82017,5464.617918295625,639.0756998472378,1.9402688
H82020,1316.4114640623354,324.86596889374806,0.56885946
H82021,-111.36476383331967,59.70623286514559,0.56885946
H82022,1974.426589853382,351.26029152925184,0.3549798
H82023,2148.062250279206,1467.2422822723565,0.3549798
H82024,-404.83338690361245,-759.3206554012639,0.62904674
H82025,4409.444845228788,-441.5812638949975,0.30518204
H82026,2484.1580618804605,191.7755749632945,0.30518204
H82027,-676.4216678182347,-3.0598746394726457,1.9402688
H82028,198.37080424237968,275.8611950822716,1.9402688
H82029,1704.5465606461985,253.09443677676546,-0.036237262
H82030,6158.4755479592295,35.123484697531595,1.9402688
H82031,814.433340650826,195.88451969896482,2.2487283
H82032,4160.287917857393,-105.48995533893107,1.1821961
H82033,369.4015017956071,402.65577326400427,0.30518204
H82034,9362.497651101408,1958.889060018367,0.6014609
H82035,1631.6815040830543,-1035.1663593308256,2.2211425
H82036,622.518607608087,185.10929710876457,1.9402688
H82037,3852.954734008464,2382.513156205423,0.56885946
H82038,3358.5944434830585,539.8433023461257,0.56885946
H82039,2031.8950204824416,920.719917662745,0.56885946
H82040,429.3536468405089,362.4369735962853,2.2211425
H82041,2170.1161773163553,680.8148348817222,0.6014609
H82042,6344.450564859351,508.20292174680776,1.1821961
H82043,3906.8743577861496,-104.20645846330957,0.56885946
H82044,724.8793354294671,-449.21346885142617,2.2211425
H82045,8674.766754230865,1574.1901509233942,0.6014609
H82046,1451.4354525604329,725.6685308470759,0.6014609
H82047,3186.6835982424527,-158.33854398787207,0.30518204
H82048,3711.2676885087612,137.23235159964605,0.56885946
H82049,1576.5872377308547,149.93145171519998,1.1821961
H82050,1637.3457508561762,111.4402695693521,0.30518204
H82051,4286.017430119023,1032.9679729616207,1.1821961
H82052,1448.8436173420864,-218.55838029425084,0.30518204
H82053,1256.4567287885898,-97.15716250310665,0.30518204
H82055,4054.8470572655433,649.6974417632598,1.9402688
H82056,1087.8593078172294,126.13255991600882,2.2211425
H82057,4917.453226296487,-147.02622433422536,-0.036237262
H82058,3130.365364940203,349.22237589959184,0.56885946
H82059,4874.189905564292,613.5550327752516,0.6014609
H82060,4470.082402062694,338.05327879655135,0.3549798
H82061,1533.1084343250573,467.5278853109406,0.6014609
H82063,2237.5737736478272,8.27872968834755,1.7715297
H82064,1788.8543292191882,575.4561753706089,0.30518204
H82065,1978.92737658262,1179.2555125923755,0.3549798
H82066,3764.483781283173,373.45871706235465,0.56885946
H82067,138.6661056528078,392.1503451772509,0.56885946
H82068,-1870.3983054950543,-971.7069187413164,0.5928627
H82069,-156.8365401394515,-385.7182954485593,0.62904674
H82070,2599.7087727884923,1308.5024727381196,0.6014609
H82072,649.023413281353,221.2999294296077,2.2211425
H82076,-739.7082165827791,10.119257329888006,0.6014609
H82077,4552.30791962594,560.5554131305115,0.56885946
H82078,1107.5785009664792,203.9121949204559,0.2138264
H82083,1272.7638630383726,308.1985673749946,0.3549798
H82084,-326.9502677474917,211.2844751841422,2.2211425
H82086,-1556.4585998339185,-222.1590052481823,0.5928627
H82087,54.128494823311016,127.72301101004786,0.6014609
H82088,440.085120309769,537.6696959162772,0.30518204
H82089,-572.3455609646703,152.38268808761848,1.9402688
H82091,727.7719173828139,257.72275649715084,0.3549798
H82092,-403.4191462197239,212.4126175032579,1.9402688
H82094,-214.064434296986,-329.7505012325645,0.31153214
H82095,3498.036931702346,290.52810088959285,0.2138264
H82096,190.3566820248486,142.54374508566673,0.3549798
H82098,465.46314883084716,615.9722140727064,0.30518204
H82099,1430.3562668823831,332.45038957744833,0.56885946
H82100,-794.6204368775299,194.6113244820302,2.2211425
H82101,552.4118553702024,-117.14978275733138,0.5928627
H82615,870.7286102260854,-1.128185793953708,0.30518204
H82621,-830.9323903526382,47.55694785447725,2.2211425
H82625,-2257.6370516204106,-392.66111346236966,0.30339074
H82640,789.3796296642577,423.70686940134607,0.30518204
H82641,-519.4066058721405,224.57630794254695,0.6014609
H82642,-2475.1393940327926,-23.515099191459733,0.5928627
H82643,-1361.0209311404803,-619.2395040220863,0.5928627
H82644,-2499.546238519163,-48.50661587148137,0.33957475
H82648,-2444.278722505384,-9.122619944674504,0.30339074
H82649,-2508.3410870780353,-13.446734918184568,1.2079906
H82653,-2472.741705437068,-32.72841106211851,0.33957475
H83001,1945.9306640392604,35.081352611075374,-0.2773445
H83002,-1799.97428392788,-242.56105324593887,-0.29967588
H83004,2190.561409319121,255.9424668814243,-0.2773445
H83005,-287.34230204138055,334.38808890509654,-0.2773445
H83006,779.8609866826632,1189.3738940738315,-0.2773445
H83007,504.70549008667103,309.89688460320775,-0.2773445
H83008,-1042.8624323171623,124.4881753020438,-0.2773445
H83009,1647.6456770467312,218.7928070681579,-0.2773445
H83010,-400.99993793745836,143.39488886090666,-0.2773445
H83011,-1009.9038763014182,240.0983466419909,-0.2773445
H83012,643.5440866588965,501.14579862213634,-0.2773445
H83013,1602.0984394106395,-75.0080594176816,-0.2773445
H83014,585.6024101653863,150.96736972017075,-0.2773445
H83015,1825.1026811147424,52.44719802206241,-0.2773445
H83016,2899.310121197815,1552.7708423096365,-0.2773445
H83017,1538.3998432643014,946.9467563618036,-0.2773445
H83018,1421.6265839505215,290.0785972758614,-0.2773445
H83019,-21.695954184698635,-248.4053721536842,-0.2773445
H83020,1448.2214554240854,484.6811932682865,-0.2773445
H83021,322.87229184491434,768.137906660958,-0.2773445
H83022,649.3726480295575,182.55949647611226,-0.2773445
H83023,-170.43917803567916,247.36474079083357,-0.2773445
H83024,3840.027746572491,-730.7303846272588,1.1062456
H83025,1533.2139039496922,646.2468763326516,-0.31173718
H83027,24.67779023810112,-24.68529190062223,-0.2773445
H83028,-1184.7382659250866,-116.0655870580945,-0.2773445
H83029,-451.49683010480896,161.97526258617563,-0.2773445
H83030,-1388.0347703027085,23.818047894880376,-0.2773445
H83031,-934.3135108771764,118.20325833161,-0.2773445
H83033,-1148.5040418191352,337.1657695090408,-0.2773445
H83034,118.23214366090127,358.787563056799,-0.2773445
H83035,-371.0926372681808,-19.572423264552636,-0.3117372
H83037,-533.6800561051103,237.60226971380112,-0.2773445
H83039,65.3775162430092,381.6075455757629,-0.2773445
H83040,-925.9557930464684,245.10497094236294,-0.2773445
H83041,-1754.7101692572887,-168.73099234123325,-0.3117372
H83042,1084.4476752484281,132.39985860572887,-0.2773445
H83043,1086.3457508455465,1506.6599655655612,-0.2773445
H83044,1125.5260433168335,686.6459094463994,-0.2773445
H83046,-835.0788360239563,-351.12790913082233,-0.29659042
H83048,-1803.8123499346866,-124.02360420419608,1.0959743
H83049,-1564.5127385756198,130.08443368144697,1.1437455
H83050,-682.9949203933496,11.446618647339898,-0.2773445
H83051,-905.2464655500185,272.74796336131135,-0.2773445
H83052,-736.9913630584012,171.8817373170766,1.1062456
H83053,3378.451710826087,480.63435171512543,-0.2773445
H83608,-1208.8366915592742,39.6051549258317,-0.2773445
H83609,-1163.2007926854162,211.0539815712024,-0.2773445
H83611,-994.3196744427967,238.8797332527771,-0.2773445
H83616,-1985.6722902662957,-445.5511255321425,-0.3117372
H83620,-1104.6118201411782,-166.28546938753183,1.0927526
H83622,-1642.941524135396,-6.36688643976968,-0.29967588
H83623,-1997.7361743858562,-43.23146877165882,-0.3117372
H83624,-562.096003381761,265.5827493632279,-1.0475979
H83625,-860.1650930193346,-51.91886208098502,-0.2773445
H83626,-1698.5987791721411,-61.8828103040442,-0.29811502
H83627,-1066.1165995674173,42.441828301779736,-0.2773445
H83631,-158.65773382130925,594.4288331389292,-0.2773445
H83633,-2428.436416865496,-56.239425784039675,-0.3117372
H83634,-2486.6621681856345,-289.3454532383665,1.0700392
H83635,-2140.675903728419,-360.38658129070393,-0.3117372
H84002,2078.099941675285,113.85250919691832,1.9574652
H84005,784.5962574611372,736.3582705102666,1.9574652
H84006,748.9809220459483,626.1259147562454,1.9574652
H84007,287.1004011934506,-12.36539345620395,1.9574652
H84010,497.735654599592,20.240188950375384,1.7507507
H84012,743.2782049680161,-79.89123035518051,1.9574652
H84014,-1520.788311771196,70.60071293031469,1.9574652
H84015,-304.84533319026025,301.4784161674117,1.7507507
H84016,3358.2634796596108,1553.8251401198622,1.7507507
H84017,2767.644469247773,325.72247141208294,1.9574652
H84018,513.8781834036027,110.44201762791081,-0.35831067
H84020,1048.5719113819234,191.3394686382681,1.9574652
H84023,-418.91781497275286,98.66065949137135,-0.43246996
H84025,115.8118734853332,508.3970940364298,1.7507507
H84027,1903.3399035660643,902.1080141772496,1.7507507
H84030,4484.232407582581,1516.626472805735,1.7507507
H84031,189.68286372871833,202.1040293850918,-0.35831067
H84032,928.028158836677,294.5248634446592,1.9574652
H84033,-33.44078057731548,-195.75554569584295,1.9574652
H84034,455.3734317457204,871.6299974024678,1.7507507
H84039,1359.0712151282023,-282.57886835170035,1.9574652
H84040,4170.942865773314,179.03661426151896,-0.35831067
H84041,-1844.031974269383,78.28075237416935,1.9574652
H84042,2096.2001897920823,-182.3553799635758,1.7507507
H84043,-334.8956345525151,113.87901781793492,1.9549317
H84044,737.1118273963517,253.32514609059626,-0.35831067
H84048,-352.5478461362539,39.95410203115667,1.9574652
H84049,-1735.121887975449,-222.52113641929864,1.7507507
H84050,212.2817567505329,449.25998747937825,1.7507507
H84051,-566.5656238695971,268.48990364927533,1.7507507
H84053,-690.8565817507641,-186.9286802259643,1.7507507
H84054,-1112.2672396112735,194.2731269918766,1.7507507
H84055,479.5077945713315,444.1263635217001,1.9574652
H84057,-1305.114078104849,46.404839251190104,-0.35831067
H84058,-953.1834504899351,72.25970599330181,1.7507507
H84059,-924.7679557852993,-107.78182234237165,1.9574652
H84060,-307.09470815782976,150.7002478123501,1.9574652
H84061,-1065.044192447546,281.9526944870691,1.7507507
H84062,-65.67618171407179,251.05571971220803,1.7507507
H84607,-1863.1146065598366,-507.4922567895509,1.7507507
H84608,-1933.6002493067338,-87.12989265853354,1.9531549
H84609,-2594.0741453599458,-224.08817382474805,1.7507507
H84615,-1774.736488191786,-83.09163317115636,1.9316707
H84618,-824.2516971499714,327.8062291395744,1.7507507
H84619,-1122.9988996248187,170.3292043245338,1.7507507
H84623,1480.02368494434,458.7284302236361,-0.35831067
H84625,-313.5625949165156,150.80113549164594,-0.35831067
H84629,-920.2741993761166,336.1730927363454,1.7507507
H84630,-1464.63612121178,78.69848026976771,-0.35831067
H84632,-1231.4739479389955,-41.42934507872162,-0.43246996
H84633,-2013.79735650018,-263.544992897886,1.9316708
H84635,1713.5753212214358,1009.8155367016295,1.7507507
H84637,-2153.6754004022805,-375.8459550331369,1.7507507
H84639,-1950.9904437581674,186.7913420929335,1.9574652
H85001,-85.32243921863962,438.86982036900275,0.35318854
H85002,766.9734985250878,866.2623221895269,-0.1705838
H85003,810.398528066009,431.648279028274,-1.0475979
H85005,2786.2167633618865,707.3891759284436,1.0166812
H85006,426.6873347923462,9.673724368232367,0.35318854
H85007,2739.815213523205,345.37918279219963,0.35318854
H85008,1186.3947591941687,309.1045690973901,0.35318854
H85009,-258.6550766814828,299.8568510450368,-1.0475979
H85011,1712.0687041249118,865.3602414197865,1.0166812
H85012,3172.4616452769474,1120.6720228885715,0.35318854
H85016,335.18431988495405,-1470.8579599170614,0.9908867
H85018,246.2331934934384,257.7409124415305,1.1062456
H85019,920.1048421098461,106.2686402072887,2.106691
H85020,7678.385117299228,3761.29582897475,1.0166812
H85021,-126.62381593347598,171.09285762263158,1.1062456
H85022,-968.9336909067029,246.94855439035732,1.1062456
H85023,-1.83788678257684,267.9099368637277,1.0166812
H85024,1601.4269435141318,-595.9435847395546,1.0166812
H85025,2585.9553361720677,1073.0658193950192,1.1062456
H85026,-126.75647971693115,314.2884223524104,1.0166812
H85027,-394.6584009542819,83.12786933098697,0.35318854
H85028,275.20464286876825,-49.45128026765411,1.0166812
H85029,883.0286534585208,915.7034335643734,1.0166812
H85030,3639.5907755522167,1241.692307318581,1.1062456
H85031,2295.809105766328,146.6761462910321,1.1062456
H85032,-1187.3120210686036,50.477699812873176,1.1062456
H85033,946.7219806322889,590.1773767916405,1.0166812
H85034,-1473.9011039519007,-536.1639325370872,0.9908867
H85035,-71.31161083617273,-37.09535820154013,1.0166812
H85037,2232.2054517558877,816.6255727910151,1.0166812
H85038,1499.431958335363,-220.73016998704645,1.0166812
H85039,-2369.2126706629047,-884.9531693802115,0.9908867
H85041,2056.9667764104674,-89.82148994627003,0.35318854
H85045,3821.290316808501,831.2908662326413,-0.1705838
H85047,2168.2817218845703,438.4881453014298,0.35318854
H85048,2589.3591953325013,474.04515966078094,0.35318854
H85049,-1056.5288811258617,207.20282749951232,0.35318854
H85051,401.52836166696727,1249.2396576901053,1.0166812
H85052,493.40343830917567,170.9185976739919,-1.0475979
H85053,-838.8496037903818,248.55539577532994,1.1062456
H85054,843.4669535022,-68.51755501065836,2.106691
H85055,544.2218892341846,546.5357212560718,1.0166812
H85056,-1961.8455999093203,-131.5366213056833,-1.1077851
H85057,-1578.846746787806,59.08368151672716,0.35318854
H85061,914.978609277608,656.1020744708735,0.35318854
H85063,2777.110492229592,1685.3345562608986,2.1039925
H85065,-700.3152401912009,32.012880775263945,0.35318854
H85066,1021.3257268021364,726.024802428305,1.0166812
H85067,-562.780831766169,62.95880212193915,1.9574652
H85069,393.4782129270395,477.3600997792509,-1.0475979
H85070,1001.4067035836205,896.8821572788434,1.0166812
H85072,40.118785643347636,233.613970613569,0.9999327
H85075,-1355.3629910601308,431.512985492357,0.35318854
H85076,1905.5610715031619,86.01024065591065,1.0166812
H85077,-275.7357177909356,268.5505752518379,0.35318854
H85078,-1105.9473479927046,118.05506123750247,1.0166812
H85082,-265.4903286871607,47.04233718059017,0.35318854
H85086,-1833.5940110753554,-11.304397351870117,1.0632547
H85087,1628.0295810535915,1269.1094438298016,0.35318854
H85088,-1297.2520724785036,-45.464814458359854,0.35318854
H85090,266.8812344449023,88.22765154090933,1.0166812
H85092,26.005401902627757,490.6658000199179,1.0166812
H85095,2126.68562540521,889.6714771956225,1.1062456
H85100,-441.8154478932628,692.9656620283478,0.35318854
H85101,311.5248914915559,322.4137007868356,1.0166812
H85103,-897.5510777783659,203.28808637289856,1.1062456
H85105,1657.286002542571,629.9242069053753,1.1062456
H85108,-1045.1232534610156,22.83927065112981,1.0632547
H85110,-113.04554544981396,22.966859955633407,1.0166812
H85111,542.2116742571387,457.53044625775925,-0.60515004
H85112,-1782.6565758658069,-223.15291886486898,0.35318854
H85113,-958.182264245642,198.6925149489157,1.1062456
H85114,-100.19301100074787,609.7594688024526,-1.0475979
H85115,3785.518721394058,1216.688478098191,1.1062456
H85116,596.7637423954914,549.6091406640323,1.1062456
H85618,-783.4699955792864,920.7619486401175,1.0166812
H85634,-477.75564101270993,204.24837999461002,1.0166812
H85637,-1763.4989734948977,23.82794335902639,-1.0475979
H85643,-1363.0743990063145,-431.1607384891987,0.26720676
H85649,1260.4509906143044,228.1287308650521,1.0166812
H85650,-2249.416777914464,-48.48000435549194,0.26720676
H85653,7257.679593711705,1533.4423528774332,1.1062456
H85656,-682.9915870035971,177.60658388190353,1.0166812
H85659,-1753.9674678696658,110.44026974902525,0.35318854
H85662,-955.5588453805553,151.68771046855704,1.1062456
H85664,-2300.414643416506,34.59417575967911,1.0166812
H85665,-1009.040383385247,160.9845101881433,1.1062456
H85674,-1336.119060308707,-84.17277535420263,1.0632547
H85680,1046.0122829398058,993.3530428944973,1.0166812
H85682,169.52867023380517,873.8524650270762,0.35318854
H85683,-258.7566369177601,148.64489352165992,1.0166812
H85685,-2526.1662269238477,-190.09203372152157,0.26720676
H85686,439.89670258446756,325.9319856707318,1.1062456
H85691,-2157.8309170837697,-86.39390653501393,0.35318854
H85693,2620.7389930366553,968.194765840387,1.1062456
H85695,-1028.5708824570697,-125.34776399603813,-1.0475979
H85697,-2401.9654712981246,-67.10985394331898,0.35318854
J81002,2770.012912313156,231.36473707136557,0.5566787
J81003,-397.17243480731815,-506.1660450140934,0.5566787
J81004,1833.5560221975513,486.01344861894887,0.5566787
J81005,10465.47892822648,2625.4189542137437,0.65842384
J81006,10446.140867806542,406.2056446435266,0.5566787
J81009,5253.143920347836,454.55038841415853,1.0012763
J81010,4263.032873727987,-173.834268029732,0.5566787
J81011,2866.179547575248,148.51574468740571,0.5566787
J81012,2475.9833884706,1495.027404765418,0.5566787
J81013,1557.4911384405702,128.34123247272302,0.5566787
J81014,3882.0813240523994,104.93401482709584,0.5566787
J81016,216.46136398107484,51.177558786108264,1.0012763
J81017,288.5869935408451,150.8678666318426,1.0012763
J81018,2255.673750130081,-236.16528574887246,0.5566787
J81019,8765.654306379603,1275.3017377631909,1.0012763
J81020,357.4616700633616,161.67822217279823,1.0012763
J81021,2635.595282034075,1767.7596049379792,0.5566787
J81022,1530.3716313120203,138.06510872570453,0.5566787
J81024,-797.3991068060938,-620.6878061393659,0.5566787
J81025,1792.6688153202535,187.15031723650614,1.0012763
J81026,3472.0345036339063,-1793.3622686576068,1.0270708
J81027,7450.832905845742,736.4758375812829,1.0012763
J81028,9730.020358931035,552.7067520827611,0.5566787
J81029,1192.8623227699863,193.8688838707088,1.0012763
J81030,2290.5099688628798,-132.26298311630433,0.5566787
J81031,1026.9313592155402,497.79882748563574,1.0021038
J81032,2004.2570591922286,336.8092259683983,1.0055865
J81033,2449.7236590770694,1500.859900922318,0.5566787
J81034,3044.3879779011672,219.9469618541208,0.5566787
J81035,27.294821088466875,179.74217621737773,1.0012763
J81036,427.26686559064325,161.93676912237024,0.5566787
J81038,-329.68746012552066,-423.46854086860674,0.5566787
J81039,-244.96917716773905,37.2870430202665,0.5566787
J81040,-39.433982295338055,-717.4598772500326,1.0083951
J81041,4854.716695533473,287.73136547522836,0.5566787
J81042,-111.81915373596964,130.21498985277648,0.5566787
J81043,719.7400083424293,-256.3251567393527,0.5566787
J81044,2814.8361485012556,999.63969519353,0.5566787
J81045,2433.816963633672,535.2343575287235,0.5566787
J81046,1986.203176742936,6.659249662483432,0.5566787
J81047,1325.204545091193,175.09412070027452,0.5566787
J81048,-349.26734533905864,-46.795758275046175,0.5566787
J81049,1416.2965118172474,-182.91164864588,0.5566787
J81050,4107.919347963398,-7.294388902121677,0.5566787
J81051,2590.076176057231,1793.4953088449804,1.0012763
J81052,81.59161929721255,74.39036485432462,0.5566787
J81053,480.85193375531594,146.04312803900956,1.0012763
J81054,1227.2707736268617,-87.42642694903378,0.5566787
J81055,2433.966236712209,-492.8118266415705,1.006503
J81056,5753.314493163155,4222.840478023311,0.5566787
J81057,1326.2733055993556,-22.825124569090587,0.5566787
J81058,3759.442155746915,943.3158304263932,0.5566787
J81059,319.94488586680603,105.36527453026234,0.5566787
J81061,2521.796221842642,119.16150416315143,0.5566787
J81062,1321.669637208136,-303.5755584179412,0.5566787
J81063,-666.9625407907278,-236.2122820361778,0.5566787
J81064,-866.4665750239512,-64.12905951234048,0.5566787
J81065,445.4037209916805,-355.3977131273492,0.5566787
J81066,2523.471040792406,534.1594955861722,0.5566787
J81067,-1085.4277129698366,160.04863628915675,0.5566787
J81068,2849.640749057451,566.470689734279,1.0012763
J81069,-426.205573492167,90.66876150956298,0.5566787
J81070,960.3751880539862,545.985492358053,0.5566787
J81071,-977.4645707775317,-220.58752887258197,0.5566787
J81072,748.019764347584,32.00258110915046,0.5566787
J81073,6265.535833002026,822.0971271899703,1.0012763
J81074,1865.5760384488715,206.52214344123868,0.65842384
J81075,604.6039267624775,521.016898959763,1.0012763
J81076,2157.5417917157615,312.37275717859944,0.65842384
J81077,922.0154874477786,-731.3943497232432,0.5566787
J81078,1452.6004030146933,1009.9433849845163,1.0012763
J81081,5259.148311404245,1572.0396316372528,1.0012763
J81082,1335.8344382458945,442.36103509577566,1.0012763
J81083,116.74582296004526,-40.818758934324926,0.5566787
J81086,-997.9683261913626,244.70816956308556,0.5566787
J81087,864.0564610732814,291.98521866196296,0.5566787
J81090,-889.3173963182963,-191.74166918958056,1.0270708
J81609,-215.62314168317394,-53.193842079558614,1.0012763
J81612,-275.18913096762094,526.7305369416233,0.5566787
J81613,549.8967843190723,531.9600000110502,1.0012763
J81616,249.77139138287347,463.54813215301135,1.0012763
J81620,11068.791182018753,7966.8877486567135,1.0012763
J81621,491.04180120936434,527.9080131954624,0.5566787
J81623,-1508.5483331139208,-217.34753082863432,1.0270708
J81624,-2093.6895218437066,-189.7999137033237,0.5566787
J81625,-31.648523766390063,324.49342700634844,0.5566787
J81626,-23.18657019916514,687.3452350181949,1.0012763
J81628,-614.2495937345823,304.28236821009807,0.65842384
J81631,-1061.3657375695475,223.87006648356962,0.5566787
J81632,-1164.9783509210888,-40.20224008342552,0.5566787
J81633,-892.698473623455,34.35380202554461,0.5566787
J81634,2076.5743154157244,2456.9592331171575,0.5566787
J81637,725.0047179414261,720.9070202412922,1.0012763
J81640,-962.0831100959615,-315.21184906642895,0.5566787
J81644,-1358.2655099904225,-145.72777754932463,0.5566787
J81645,-1984.2075798894348,-157.39374509518686,0.5566787
J81646,582.4334820896204,87.19337266950497,0.5566787
J81647,-612.0288356930547,330.54382017012034,1.3889105
J81648,-1113.0321116359305,196.1351161076054,0.5566787
J81653,-2473.1481928355806,-22.106430825064102,1.025661
J81656,-2505.7168935917584,-37.20168094945857,0.5566787
J81657,-2495.9560630930087,-40.55620495411443,0.5566787
J82001,39.81603080852109,-99.41099071282802,-0.7097612
J82002,1172.2110957261327,492.5641597899722,-0.7097612
J82004,-1015.5707142081072,-474.90021763074986,-0.7097612
J82005,-137.73640648911675,323.6798721172364,0.2138264
J82006,1757.7498259892645,406.25136934948875,0.13106894
J82007,4465.3802033821075,460.6379739840242,1.4802663
J82008,12.065342643679372,98.8912062555318,1.9592564
J82009,2536.7996578661196,4.679800718053365,0.2138264
J82010,3385.7132646820755,507.943391311462,0.2138264
J82012,1455.6806348107757,-107.37845892780861,0.13106894
J82014,-2249.230959642943,-438.97845939802534,0.23102278
J82015,-12.138634956769126,399.80377619556504,0.9375063
J82016,1908.7794237106873,257.5129025549332,1.7801278
J82017,1731.15417950037,-228.12609533358705,1.7801278
J82018,3496.6813476065727,1384.676331653138,1.9592564
J82019,951.2563750005107,885.6462026733209,1.9592564
J82020,-585.7493449863659,258.69547226772437,1.9592564
J82021,2173.982489411671,-96.34064991993624,0.2138264
J82022,2503.2110217478703,188.10301281734698,-0.7097612
J82023,-119.00520895730608,-167.1725865298896,2.1039925
J82024,568.0952017561473,1836.8445077142092,-0.7097612
J82025,716.630025004524,603.5214897345949,1.7801278
J82026,4795.296025401192,582.862457474052,0.13106894
J82027,169.6336440594411,-131.68688587282386,2.0764067
J82028,3719.5774877919534,2452.6665130773767,-0.7097612
J82029,3056.368077607898,96.57639688222378,1.4802663
J82030,-217.089875453772,-264.60503315886024,0.94867206
J82031,-1759.201134762829,-720.992036420334,-0.7097612
J82032,-1098.113015111696,11.241705358278653,0.23102275
J82033,-4.791615218302,215.7451965371601,2.1039925
J82034,5310.632088063546,249.47175549314767,2.1039925
J82035,1357.3582895041448,-74.48077553486121,2.0592103
J82036,-1032.1665450884298,75.58497496530477,2.0334158
J82037,-1399.1278678161752,-2150.4998760787016,0.23102276
J82038,-1422.6381577294012,-508.60744704522347,-0.7097612
J82039,3830.9797377095883,-538.8314968224037,0.5566787
J82040,848.6635666357355,551.8015997371349,-0.7097612
J82041,740.8208800585821,-299.696156735234,0.2138264
J82042,4165.986966124352,1025.6948538407687,2.0334158
J82044,338.7117298112975,8.688088436672464,2.1039925
J82046,2844.0100682267707,353.657715822101,1.6880598
J82049,4931.0182595971055,3111.5354626181293,0.9375063
J82050,846.102536038956,188.2608484727995,2.0592103
J82051,3442.7489950701824,879.152641416232,1.9592564
J82052,803.705809415459,330.90097663747696,2.2935107
J82053,258.1317608295244,49.96987048145236,1.7801278
J82054,1254.3013186811525,596.312593873623,1.912683
J82055,1668.2040811260629,1657.5227267173668,-0.7097612
J82056,6807.78362093681,128.0511765341353,-0.7097612
J82058,2487.6619224790893,339.31779741406876,1.6543795
J82059,791.4331395572187,649.1045096404812,2.0334158
J82060,1638.6462667864735,649.6876794037485,-0.7097612
J82061,1327.2315137150567,380.6935209923809,2.2935107
J82062,1278.2057130822245,348.17982493672406,-0.7097612
J82063,334.767482213547,-745.1184409056438,1.9592564
J82064,4078.9347372628954,382.46318712700906,2.0592103
J82065,1466.1010494452348,175.9616374265565,1.6934593
J82066,3369.0397021069916,1264.2322384927083,0.9375063
J82067,1465.8075017518263,678.1473735668131,0.9375063
J82069,7695.523162185812,2890.9164980321193,1.6543795
J82071,-358.03882971158623,262.27375484864933,1.9592564
J82072,1362.5332059628797,88.696948387048,-0.7097612
J82073,1324.2369370480048,-134.16132912984952,-0.7097612
J82074,3590.5395533128235,837.1666650203837,-0.7097612
J82075,1254.9095433613604,-318.27701554826706,1.4802663
J82076,3078.1564170287616,1679.0844681260999,-0.7097612
J82077,2531.2855772737016,1621.8553722360766,1.6543795
J82079,421.87763650244693,469.170849273271,0.23962094
J82080,-1963.0654236880766,83.48822135368374,-0.7097612
J82081,2188.9398120031415,874.6366473034578,-0.7097612
J82082,641.2708862501842,370.7630029359656,1.7801278
J82083,8784.062439937654,5977.2766298941315,0.13106894
J82084,49.688740469766124,-549.674588824145,0.13106894
J82085,3745.686677241699,415.4081122260832,-0.7097612
J82086,-981.1670110372193,-632.0902239672893,-0.7097612
J82087,109.94676327754001,140.5488308459924,-0.7097612
J82088,1224.4378420878732,617.6958510161992,-0.7097612
J82089,1645.0588321672649,201.13176732476066,1.9592564
J82090,2003.7697325410736,590.8136324188155,-0.7097612
J82091,1699.9484832345206,438.02213100499443,-0.7097612
J82092,73.66648436125354,123.6485530153769,-0.7097612
J82093,209.3064294893278,-133.72648985777354,0.23102278
J82094,9988.56160458339,1182.6668581908261,1.6543795
J82096,-3592.9271769128495,-1994.3312957191547,1.7145667
J82097,1931.0543588181927,-437.641162007449,-0.70976114
J82098,3653.7166349312,1672.500094847132,2.0334158
J82099,2845.4534823730796,1015.3619556853977,2.2935107
J82100,1138.8842685764607,-728.869237477544,0.12247077
J82101,1630.647122503621,-250.47329463728644,1.9592564
J82102,3035.632633282936,798.9595022865589,-0.7097612
J82103,832.8053922621964,159.85488637919443,1.7801278
J82104,3094.2499786668636,4.330308436402559,2.1039925
J82106,728.2224522485398,86.46345310429096,2.0592103
J82110,1788.5465804129735,143.8333315126151,2.2935107
J82112,2642.302168349336,1067.320475842115,1.4802663
J82113,410.88180852264475,-1115.0017217272928,0.12247077
J82114,377.07434852607594,178.4165029797151,-0.7097612
J82115,-697.6234684541432,106.06254366332396,-0.7097612
J82116,2291.617902200848,-117.35645405102505,2.0592103
J82117,2233.149751403775,110.84620675421252,-0.7097612
J82119,1683.2399373625176,104.351894323326,0.2138264
J82120,2102.0178192336557,-50.2980364596286,0.9375063
J82121,436.27930211332307,376.4820109819049,-0.7097612
J82122,959.2867529166069,-133.04772204474398,-0.7097612
J82123,1441.3726166882798,-430.55095136494316,1.6907278
J82124,2795.958197434529,2.6315936717863755,2.0592103
J82125,1185.3396825052835,385.64733915159275,0.9375063
J82126,-633.6471085189421,59.492830954728674,-0.7097612
J82127,1511.766751442445,562.1336276237946,0.12247077
J82128,129.228801337811,85.60971537189123,-0.7097612
J82129,1677.1781117833937,-24.200419703486023,1.4802663
J82130,2535.654793860579,-63.64428138267104,2.0592103
J82131,6606.163541237358,52.873538827573874,0.5566787
J82132,4607.939892613594,-423.9651769749391,-0.7097612
J82133,-227.92914383857007,180.14361032167042,0.13106894
J82134,8844.035284450374,3932.188817171453,0.2138264
J82135,1582.0882145619028,415.1692677118095,2.2935107
J82136,672.072812551389,-654.4178023086795,2.0334158
J82138,4775.19821942672,2287.5917234608664,2.2935107
J82139,9138.655371659994,-439.4248805257405,1.4802663
J82141,1585.269395701944,-546.9356796225081,1.9592564
J82142,2439.1695131240162,425.622924475839,0.9375063
J82143,1458.84613236128,404.48062440702023,-0.7097612
J82144,5462.827659753733,680.8936472482934,1.6543795
J82145,6378.173041011857,2628.646892318148,-0.7097612
J82146,-93.06383064787592,-30.092852881215038,1.4802663
J82147,-425.9761770119653,165.5533003765001,0.2138264
J82149,1550.7178625045105,95.8760468366345,-0.7097612
J82150,3298.2211903497623,425.8845448985502,0.5566787
J82151,419.9077739393311,306.05354367433256,0.5566787
J82152,1464.8117583491162,253.8457164401277,0.13106894
J82154,3719.7925287606154,140.71731486256058,2.1039925
J82155,16265.376650660017,5045.793537246807,-0.7097612
J82156,383.3040574909329,-33.94266452447061,-0.7097612
J82157,2662.0188970899208,493.59975580682743,2.0334158
J82159,-1661.1546595195427,-545.5012221095654,-0.7097612
J82161,2216.0414233337315,90.74568213226728,0.13106894
J82163,4702.844802651406,1990.0734334228428,0.2138264
J82164,3737.959379780419,211.17874846090172,2.0334158
J82165,-984.5240240981808,57.89647125940109,-0.7097612
J82166,5953.61095180588,-227.3287693012518,1.4802663
J82167,-1726.8240469835596,-714.5221172513094,2.0764067
J82168,84.27886876649457,-52.93113286051867,-0.7097612
J82169,-1147.479711259693,251.68436699188942,1.9592564
J82171,-59.5209387135445,88.85674363472532,-0.7097612
J82174,953.2794451901833,681.3661499343932,2.1039925
J82175,455.5144807706844,-71.43778617843775,-0.7097612
J82177,-1122.7815298536607,40.20102441942915,-0.7097612
J82178,1267.4575089675986,1012.8767397428317,0.9375063
J82180,-1152.3316903548478,-17.661550385830378,1.9592564
J82181,1275.4324518487094,733.3599407236061,0.9375063
J82182,-1055.056183503377,-25.224967167681985,-0.70976114
J82183,-731.7866880502646,526.9149495619412,-0.7097612
J82184,-1502.434857593457,123.83127746084567,2.0334158
J82186,-347.89110739941026,-1564.3729725744918,-0.7097612
J82187,346.1457323446141,-231.99432776107247,-0.7097612
J82188,-1158.687976927898,239.71759838073226,1.9592564
J82190,-690.4865879435979,-457.3779707357919,1.9656484
J82191,-2003.1911202517217,-631.9569430275891,-0.7097612
J82192,476.1556159818096,112.07937883078633,1.9592564
J82194,2100.262721336274,2188.8325787014537,-0.7097612
J82195,-1247.3430960186215,-17.147731697020053,0.9397815
J82196,3068.8672423794974,552.3141269894583,0.2138264
J82197,-817.1333465802212,181.48265299750787,2.2935107
J82198,-1161.211472342555,87.12915935356332,0.9375063
J82199,-2012.5821770318823,137.60604248764662,-0.7097612
J82201,-262.2993587592207,254.71096731807484,2.0334158
J82203,-985.104161442598,35.036188650993395,-0.7097612
J82206,-1334.3194238203105,105.48520506286944,2.2935107
J82207,-514.7704239492622,143.38750742757776,-0.7097612
J82208,-46.3603198517189,-81.41026395324673,-0.7097612
J82210,2262.194080932302,-36.887409766111766,0.2138264
J82212,-977.9757697824241,110.07381200164559,-0.7097612
J82213,-856.3391460240252,203.38356355975054,-0.7097612
J82214,1340.8648731445446,690.5633726816357,1.6543795
J82215,786.5250356189683,693.4695564828003,0.13106894
J82216,2262.5161913377915,-127.55773713430442,2.1039925
J82217,-2324.9779946305252,-15.091628403299074,-0.7097612
J82218,480.3754996214339,399.8789084885236,1.6543795
J82219,-2577.970923031679,-136.27280860783884,2.0764067
J82220,-818.3486238166948,628.2033846926361,1.6543795
J82605,-1743.0141998939705,-31.45627754626898,-0.7097612
J82607,-2266.3437661434095,-492.89857999276177,-0.7097612
J82609,-704.9758580192265,-72.33566759012267,0.23102278
J82612,-1696.4352126764732,55.011794694319875,-0.7097612
J82619,-793.4559972704095,177.28141990630294,-0.7097612
J82620,-1820.2236446690008,-44.10966214025664,1.9678545
J82622,3544.8617154002736,2565.9267341673963,-0.7097612
J82625,-941.2728031909791,-49.45452857736128,2.0334158
J82628,-68.46312483649407,376.2817831443924,2.2935107
J82629,-1526.5378883013673,-190.1435826961124,1.8231187
J82630,-1096.801149588727,108.32699652281266,0.9375063
J82631,-1265.5124584462321,107.68092944144314,-0.7097612
J82633,-18.94889977010792,1006.6891470436894,2.0334158
J82634,-1859.111395868033,-271.44365604841516,1.9678546
J82639,1967.1827549966038,1965.9429340193399,1.6543795
J82640,237.27836777997558,420.6086529582741,0.2138264
J82646,341.49582906228517,1249.5334687497602,0.2138264
J82647,-1979.725117270812,-146.42133407584808,1.7145667
J82648,-746.8732932348382,-159.67525285036288,0.12932669
J82650,-1413.8008365951991,-479.53847003362404,0.23102276
J82651,-1215.647853962604,23.071555821811103,-0.7097612
J82658,-2620.1910325217013,-67.2595541030856,2.0764067
J82663,-1823.7518677830058,22.66802635042906,-0.7097612
J82669,110.13386074622836,2.321040002217844,0.13106894
J82688,-1382.4307383409575,25.424756250529352,1.6991223
J83001,4310.441408813611,-320.7820857566946,0.7583777
J83002,6341.086376443458,2432.655807816601,0.7583777
J83003,2570.8109018717173,113.22842735859454,1.2527729
J83004,1129.3289680263804,215.6176696615366,1.4802663
J83005,2171.9376546007124,1231.5010017445375,1.2527729
J83006,2344.0584001056773,101.1311846359224,0.7583777
J83007,4123.708797759196,212.36137892161184,1.2527729
J83008,3656.443610182192,239.58818113308988,1.2527729
J83009,8777.786457085034,721.9753789889904,0.7583777
J83010,2854.6330669729678,303.92368019793236,1.2527729
J83011,5520.002442230601,1432.518059280237,1.2527729
J83013,735.9833077678571,520.8089160500335,1.6765913
J83014,3231.951453756462,1122.2331821012178,1.7801278
J83016,5659.646405216712,3233.8402158507774,1.6765913
J83017,-478.8260486813674,-224.83824237327372,1.2441747
J83018,5454.327340022662,843.6462407912419,1.2527729
J83019,4816.029109045039,1239.426298008459,1.2527729
J83020,1371.3519535784872,-818.0264319421208,1.4956306
J83021,4775.566204648404,2808.124800381164,1.2527729
J83022,288.57917500738336,208.23666983357845,0.7583777
J83023,1908.9959013081873,388.4465022925768,1.2527729
J83024,3789.997219175758,368.36255271722797,0.7583777
J83025,-254.44944037156947,125.60054174498296,0.7583777
J83026,7372.293929645357,4160.208027587011,1.2527729
J83027,6314.784189085737,796.6085098465825,0.7583777
J83028,725.5866204076003,-341.6622780509274,1.6440543
J83029,1720.8677155084113,22.62752994903718,0.7583777
J83030,12467.32393307606,1610.4470811740202,1.6765913
J83031,4811.037090967218,-246.57445537430692,0.7583777
J83032,206.45757393950203,-43.93946042778965,1.2446386
J83033,191.4234277163453,-1147.3668350401447,0.7583777
J83034,255.20030099203333,16.09543083463184,1.2527729
J83035,3712.367426430127,-324.1908008484063,0.7583777
J83036,2094.5790055548964,367.8503411721184,0.7583777
J83037,4439.882159046592,1814.382923384956,0.7583777
J83038,3849.4678415813028,44.82195245872959,0.7583777
J83039,2441.5975244505903,154.87106386436372,1.2527729
J83040,6084.031690085857,989.0918795288995,1.2527729
J83041,4919.02106184563,1180.2768694898652,1.6404074
J83042,3817.5752986224393,39.571125758688076,1.2527729
J83043,2888.410034094883,220.68894974805994,1.4802663
J83044,-657.2582840549055,-378.00173243566337,1.6421987
J83045,2168.4699821715485,150.1004272707971,0.7583777
J83046,5013.735167839804,1184.3140450872322,1.2527729
J83047,1936.5143054504986,274.4487205638046,0.7583777
J83048,583.7706109473783,284.7556711394324,1.2527729
J83049,1659.7464984784601,300.9653817041185,1.2527729
J83050,905.7522735707523,968.3222474119653,1.2527729
J83052,-190.31471520518218,33.28645515551814,1.2527729
J83053,113.78123237859155,211.22425023470248,1.2527729
J83054,430.5636941091016,96.47351487919849,0.7992456
J83055,3091.3041138466447,745.2379023951524,0.7583777
J83056,-176.03691388459174,-74.83718820835837,1.2527729
J83057,4289.088619733203,1473.5303635826522,0.7583777
J83058,67.75781490723888,239.9601824439727,1.2527729
J83059,2102.449432815738,493.75682282653503,0.7583777
J83060,913.1627322312954,28.188233537785262,0.48251945
J83062,-1177.728153593141,-39.94273823790909,1.2441747
J83063,-728.6819004815223,426.524729125345,0.7583777
J83064,1780.3519131593239,683.4965698142004,0.7583777
J83601,-169.6199393408092,259.9790828171346,0.7583777
J83603,-302.6380269745981,-62.60613337121027,1.8041309
J83609,-474.6890135056858,43.881885213983914,0.7583777
J83615,-423.10490519151665,113.35989923562764,0.7583777
J83618,-337.86939879365474,110.54432910037319,1.8041309
J83619,-1201.4142227973518,-36.75527823317168,1.2527729
J83623,-3075.091538247878,-941.0215281422849,0.8099667
J83625,259.2333702852261,238.51042797168523,1.2527729
J83627,-2426.003497877828,-803.7348500885892,1.2441747
J83629,-703.3176489880441,14.325719755758906,0.48251945
J83630,-1078.42217078745,113.12843376824897,1.2527729
J83632,-585.4658036711027,414.22789066567935,1.2519284
J83633,1019.5287271217708,636.3914493645636,0.7583777
J83634,-1640.1904574192642,-21.60060151979474,0.80996674
J83636,-708.0627589856758,180.7421283782991,1.2500743
J83642,-807.6009148003524,-336.160856148479,1.2455317
J83643,-1581.070987604546,161.55969240117824,1.8163341
J83644,-1282.9347531054875,-155.43788077186207,0.7872465
J83645,-567.6047770810654,-114.2097467629073,0.7583777
J83646,482.5922391743148,-273.66072554484873,0.7583777
J83649,-1171.3567230612462,236.43997558117184,0.80996674
J84003,984.4896952197354,-10.201375448699768,-0.42028922
J84004,2909.4832294729404,-262.8416390766567,-0.42028922
J84005,2141.2524246779076,-892.8324609157324,0.13106894
J84007,3387.605902928976,258.0202849875275,-0.7097612
J84008,239.6080594576861,476.0767779586117,0.13106894
J84010,5222.273029348176,-379.6572214959783,-0.42028922
J84011,3683.9388547636145,649.4954214697344,-0.42028922
J84012,3514.574010376668,579.3947038974709,0.13106894
J84013,5011.553075371622,-543.354893897742,0.13106894
J84014,4408.177121109914,-471.16410277196934,-0.42028922
J84015,2826.0250578236605,321.5398231566263,-0.42028922
J84016,3062.6095265984236,382.2843963069435,-0.42028922
J84017,2022.4903910587252,-253.24579796579638,0.13106894
J84018,-529.9877792937953,-157.90938502915233,-0.42028922
J84019,5424.981066701061,-0.04024606167156182,1.4802663
J84020,-400.59839184146864,-277.79119921650005,0.13106894
J84602,-1297.6487603655364,-397.68595087752243,0.12247077
K81001,729.1163254153896,370.1379231683317,1.8679008
K81002,1198.3783593282594,338.4335363285165,1.912683
K81003,2487.7050662595643,277.2521807898044,2.2573266
K81004,4839.251820635439,468.1117180785022,0.23962094
K81005,-422.33472310556357,-94.33798836285524,-0.46507138
K81006,2691.305260153086,375.42865139805343,1.8679008
K81007,-400.55984260003214,-524.9481605028027,0.23962094
K81010,-630.9094485484412,3.0001288349449733,2.2125444
K81012,3615.572041748428,522.9848355305617,0.23962094
K81014,3921.132831881329,984.6168436667253,0.23962094
K81015,-1316.4535098196434,86.3266925021566,2.057419
K81017,5080.622973829441,-158.67707430264656,1.912683
K81018,433.99097305710666,-195.81984442312043,2.057419
K81019,-1321.7282841455733,322.0183778166189,2.057419
K81020,1942.4426770274167,738.3492646654764,2.057419
K81021,1244.1193495368245,185.4911551028933,-0.46507138
K81022,7746.681017952014,2348.926823267475,2.2573266
K81023,-304.3457763208358,-214.31845504190437,1.8667632
K81024,5585.028075391112,977.8483695677206,-0.46507138
K81025,4110.997630582441,1024.340817180817,2.2573266
K81026,-123.1203257305174,-161.70196731204626,0.23962094
K81027,7029.567888854492,695.946974659577,0.23962094
K81028,-308.2216956846403,-102.72014864541136,2.2125444
K81030,4987.789837440544,-217.49581844389158,1.8679008
K81032,-373.83969051820964,-53.89985047898903,1.8623179
K81034,1395.3779787852473,172.01259045357358,-0.46507138
K81036,520.6135278120702,-248.73681143032454,2.057419
K81039,1885.9077107354258,458.4135735416349,2.0040386
K81040,1322.1653076096195,520.5053336857411,0.23962094
K81041,712.9233898224408,88.00428511654307,0.23962094
K81042,769.0808502552549,113.92206269328324,2.057419
K81043,2507.3284394234793,669.6110728563658,-0.46507138
K81044,-1760.1899957028563,-60.44380174995178,0.23102276
K81045,1315.2216498202606,-251.61719983820245,2.2573266
K81046,-427.26179585256637,226.4502377883417,-0.46507138
K81047,2665.063847593384,132.89070812872913,2.2573266
K81048,414.8857026658183,-89.04379779299083,0.23962094
K81050,1987.172532660506,551.2387923360441,1.912683
K81051,741.7439430327182,234.72386018758502,2.2573266
K81052,772.0671160193378,16.472668249577612,2.093603
K81054,-3061.213796087724,-1963.2545799422232,0.23102276
K81055,1395.1363934387068,-59.35836057822455,2.2573266
K81056,212.48875558472372,-164.91533853172626,0.23962094
K81057,-305.6223137191876,61.69893371833264,2.093603
K81059,222.05537948942532,212.47771902002512,1.8679008
K81060,-516.3724101658725,163.49415535235505,1.8679008
K81061,239.65949894998457,-197.52081876907337,1.8954867
K81062,1296.2781873602607,436.5527947428943,0.23962094
K81063,4963.276652822348,1580.7204343150831,1.912683
K81065,-188.85165611001014,263.22746586725793,0.23102276
K81066,2545.547324436647,310.5799164491513,2.057419
K81067,991.5606791789189,-1162.0578181567382,0.23962094
K81068,407.1692389221737,-268.8023542855008,-0.46507138
K81069,2095.1408048246353,-556.2140764495052,2.2573266
K81070,2275.259074888434,-199.20993220877142,2.2573266
K81072,-1991.2769967642332,-200.15762589577048,0.23102278
K81073,5573.912726761022,-394.2093949153547,1.912683
K81074,-122.36599223654046,-43.18072609825371,-0.46507138
K81075,6508.372980404826,-257.52264393310696,2.0040386
K81076,627.3242804775226,-273.04328427855864,1.8679008
K81077,3126.454703014472,201.80009314142734,0.23962094
K81078,1549.9154062155212,-409.0732615676158,0.23962094
K81080,-718.7324054354629,171.78181240186984,1.8679008
K81081,-1695.6202661014847,-89.24404582650727,0.23962094
K81082,1873.3428495451758,668.2249888379157,2.057419
K81083,3844.212834480171,692.5630818429703,2.057419
K81084,-740.3491424842919,185.81990523896712,2.057419
K81085,1861.147558677841,1021.1952499065668,-0.46507138
K81086,1544.1846088719344,870.3630163034849,-0.46507138
K81087,-1132.7430673746856,-0.7382848748538546,1.8679008
K81089,-573.3894579620118,413.7117489924425,-0.46507138
K81091,-2722.1521019827674,-868.8387754210008,2.0402226
K81092,327.4005553000779,504.4720337385619,2.2573266
K81094,-1193.490401715495,-41.96053775965143,1.8679008
K81097,48.473022144616515,185.08509271329012,2.057419
K81100,-1249.1590962664272,250.21251353777686,0.23962094
K81101,-528.6981353214138,-1264.9899162807728,0.23102278
K81102,1249.737587651359,17.444269999939287,1.912683
K81103,1125.3841154351649,282.7397258394758,1.912683
K81605,1323.1587188350657,2154.3141330993394,0.23962094
K81607,-1003.6173423122158,166.32793438241868,2.057419
K81608,-331.05195567140134,158.80709460243443,2.057419
K81610,1034.9387912247155,790.2283519967682,1.8679008
K81613,-859.7344630070754,351.41169915381346,0.23962094
K81616,-812.6691331500743,204.30483958051335,-0.46507138
K81622,-1967.725570461317,-18.359301686149585,2.2573266
K81630,2334.4954608466373,55.230325664344804,-0.46507138
K81632,-1388.9281147142797,-192.21163020196968,2.2573266
K81633,56.735413319847524,465.7203008915601,2.2573266
K81636,-927.1254616785744,154.83526654528745,0.23962094
K81638,-1840.4667594653877,139.73348284186866,2.2573266
K81640,-1755.899662093188,136.23903944386487,0.23934507
K81644,1662.680239870749,553.6755998916152,0.23962094
K81645,-176.01734109367243,418.123465427615,-0.46507138
K81647,-2087.280634038777,0.241367880668963,0.23906365
K81651,610.4424081624386,574.4180780348377,0.23962094
K81655,-1214.7920387724919,148.21139187934,1.8679008
K81656,-1493.9719796824024,88.30403033202575,1.8679008
K81657,-1893.6940321163268,33.14657365108798,1.8679008
K81667,-1320.7569792850525,121.618740363418,2.0402226
K82001,848.2590318433172,78.78986769624841,2.2573266
K82003,1365.8890241007293,509.2583665344202,0.6842184
K82004,797.9909038886476,-4.047450669106686,2.2573266
K82005,-784.8345157766632,-187.71168332415962,2.0485408
K82006,2028.8475476776969,99.88524831362461,-0.46507138
K82007,9388.020774909624,5632.119985267782,1.7955328
K82008,1255.2864953932105,-251.09433139074548,2.0040386
K82009,1759.892773706402,181.2913351080208,0.6842184
K82010,-194.8786381910654,192.7915195990757,1.8868885
K82011,-462.85288553292264,173.7944673365017,2.0040386
K82012,-515.4893796304631,280.89112473582156,2.2573266
K82013,3038.0036303620986,659.907507300207,0.6842184
K82014,-787.5163168524795,174.1086920669311,1.7955328
K82015,1473.7959402670203,389.82309866214683,0.6842184
K82016,4172.891759765243,1297.588392350303,0.6842184
K82017,629.188891560726,416.79455070126926,1.8868885
K82018,2930.4336817130925,1853.2957339107568,1.7955328
K82019,1501.8787572022975,-133.5810188697004,1.7955328
K82020,179.85768345752024,-60.35282650194722,1.8868885
K82021,2973.7539426243266,262.94511846428657,1.8868885
K82022,901.1479534388216,256.92987947734423,1.8868885
K82023,5497.049323523781,315.5663214876058,1.8868885
K82024,1320.0947276025815,599.447696233368,2.2573266
K82025,1275.3450732240117,790.5505693006676,0.6842184
K82026,2901.426841729401,613.376891989885,0.6842184
K82027,-20.5699517877528,209.75883663111392,0.6842184
K82028,428.6029929393622,296.50215165823624,1.7955328
K82029,106.91850542250612,66.51395966423684,2.2573266
K82030,1419.0514662796195,-30.672048556713634,1.8868885
K82031,-797.1570104522717,35.17007320322712,2.0040386
K82032,1213.039227852399,691.5456923595983,0.6842184
K82033,6349.812964060011,875.2201387411254,2.057419
K82034,945.6386584094928,-54.340019476199494,1.8954867
K82035,-1647.525686456749,60.66503457889638,1.8868885
K82036,682.602654408027,159.45935788589318,1.8868885
K82037,2369.8733306516747,493.87613630821886,2.2573266
K82038,5906.273310864478,2170.994170206414,1.7955328
K82039,1346.443805747976,408.7584186470045,0.6842184
K82040,3356.7720263940546,1053.8743423208373,1.7955328
K82042,187.7849352195512,-12.167798142359851,1.7955328
K82043,3448.707835453815,286.41292900314926,1.7955328
K82044,324.1253480615228,230.093746892772,1.8868885
K82045,-417.4638212723361,-85.81444115819299,2.0040386
K82046,1939.37525235373,293.68392953015086,2.0040386
K82047,5006.916473576588,1780.076508008846,1.8868885
K82048,248.17485218612654,108.1630072950347,1.8868885
K82049,6215.645391128171,873.3957353242095,1.8868885
K82050,175.06343972293496,290.2067380883585,0.6842184
K82051,2036.6177357188108,521.2695041961518,2.0040386
K82053,1198.0402715105397,368.1386439014274,1.8868885
K82054,1496.3777998228416,222.76050894289733,0.6842184
K82055,1748.1800123877865,934.7725601562584,0.34817293
K82057,-59.888677203740606,-99.34930546365024,0.6842184
K82058,-422.8860484741924,-267.5534816527094,2.2573266
K82059,-383.7640807207089,493.82831734085033,0.6842184
K82060,-1615.834633650105,251.44687136205306,0.6842184
K82061,100.7249260656437,201.33647750132536,1.7955328
K82062,-1774.7534932253523,-13.966904375150156,0.68477005
K82064,-1185.0071372430205,162.5179468836277,0.6842184
K82065,1871.3732826909209,434.39259786003686,0.6842184
K82066,651.8370087967824,892.7511327903507,2.0040386
K82067,1787.4736764194643,536.531262351363,0.6842184
K82068,326.9214250417266,-37.02371305809487,1.7955328
K82069,1510.4728176116164,-671.6635163489993,1.7869346
K82070,-40.70732597422328,376.79040847920294,1.7955328
K82071,655.9257492164153,285.4225138799737,1.7869347
K82073,12136.418529734829,548.6944571854073,1.8868885
K82074,-907.7207016671797,-92.39500840146655,0.6842184
K82076,110.94786582983008,532.3140932483191,0.6842184
K82078,678.4034482643442,166.17947454227738,2.0040386
K82079,2728.4259269380855,674.6904837505812,1.499254
K82603,707.8181918178717,625.5115133711204,1.8868885
K82608,-31.47845305984102,166.63333875091226,1.7869347
K82610,-305.0296322907359,208.54743792812351,0.6842184
K82615,-478.0102557171834,80.79982810628896,0.6842184
K82616,-4055.4057953544307,-2455.2545690636653,0.70141464
K82617,-543.6611104076886,452.1718147581348,0.6842184
K82618,-1368.986157906253,-18.841900412455153,2.2573266
K82621,-1377.2649939618118,19.0550344736049,2.2573266
K82631,-448.85838913243845,373.6613874792897,0.6842184
K82633,31.770996080049734,467.0937895956145,0.6842184
K82634,-2542.2019494801348,-17.182184369473735,2.0040386
K82638,-2505.6416435774963,-5.491934859186943,1.7899499
K83002,21927.301323128442,3580.2686698134144,-0.5012554
K83003,2375.5271834900377,123.48437231397632,-0.13081722
K83004,-34.046542304429856,99.27257184265594,2.1849587
K83005,4146.599760185372,577.8431936153466,0.11387259
K83006,3142.664092296081,442.0476044196917,0.51189655
K83007,4682.8331106652395,789.7448352354685,0.11387259
K83008,4269.676146043163,319.17825990796683,-0.13081722
K83009,2295.903440051731,292.69096583484173,-0.13081722
K83010,6571.05026984133,908.2087733565702,-0.13081722
K83011,4990.33172882572,376.5921754315556,0.11387259
K83012,4147.520928985573,655.4294327479498,-0.13081722
K83013,3739.758453707303,561.9957828199725,0.51189655
K83014,5265.990951329552,1006.9794043555593,-0.13081722
K83015,5647.232737165678,-72.36914200602426,2.1935568
K83017,3420.380720911753,341.5455474641026,1.1338314
K83018,2679.743412947403,663.5981274421274,2.1935568
K83019,601.8681535583128,137.18780422133537,1.3423373
K83020,-1341.3449344714911,-29.563488753002368,-0.13081722
K83021,10165.66659881143,1062.2367989171491,0.51189655
K83022,1890.4309674909287,278.58065560470203,2.1935568
K83023,3643.3805961178123,294.1721221643992,1.1338314
K83024,4251.928592667219,426.68243285000375,0.11387259
K83025,7822.440359617729,131.2765793036964,-0.13081722
K83026,7196.624442382013,1100.2550453825072,0.11387259
K83027,2259.97762886416,206.1395016924795,-0.13081722
K83028,4168.764014941848,379.04532843857385,0.11387259
K83029,5201.225010752636,-5.515899617946722,-0.13081722
K83030,3633.6329003480887,432.59012466171873,1.1338314
K83031,1940.8028920825984,324.1013518354505,2.1935568
K83032,8154.3030470816775,222.61308109575558,1.3423373
K83033,-491.6730471040024,-42.46992326518069,-0.13081722
K83035,631.5180738461006,107.18452714589051,-0.13081722
K83036,6064.227649821459,853.5847271756454,0.51189655
K83037,5675.93924112689,856.620022567295,0.11387259
K83039,5430.222938313591,36.70635018935596,0.51189655
K83040,3047.6108691278137,-97.94664730257792,-0.13081722
K83041,8941.049790101939,518.8082494570212,-0.13081722
K83042,4081.903101291115,364.7353339765373,-0.13081722
K83043,5752.93967153213,-132.6946746882756,-0.13081722
K83044,5219.6994168520705,746.4282512753248,0.11387259
K83047,7652.926252531021,138.16938298795944,0.11387259
K83048,914.5502728810442,-19.200361516973047,-0.13081722
K83049,4666.62100904752,2149.5937154070825,2.1935568
K83050,140.86070972181184,-292.31117951473135,-0.13081722
K83051,6231.295011382391,752.9240262964129,0.51189655
K83052,8152.267668513925,1213.9848352260851,-0.13081722
K83053,843.3179094301923,364.10643383685084,1.3423373
K83055,811.565859913634,295.0766298485592,-0.13081722
K83056,-189.68466332267855,-196.58539603896472,-0.13081722
K83058,-370.0511130276206,-738.6072489608756,-0.13081722
K83059,2643.1734988575517,495.5276858079375,-0.5012554
K83064,5828.82591049295,704.2587841014116,1.3423373
K83065,1040.1741026157101,506.8175135833712,1.1338314
K83066,6468.763765035978,1009.3290196377111,2.1935568
K83068,1504.3225330131495,115.95105609662947,0.11387259
K83069,333.3568833415669,317.7303599083876,1.1338314
K83070,3029.232496897548,-107.79388420908842,1.3423373
K83074,-1916.7133762171447,-351.37758689745715,-0.13081722
K83076,87.54625236986752,488.9588435403406,-0.13081722
K83077,2582.703815337038,674.7502436661634,-0.13081722
K83079,451.7482200844975,298.3133019497964,0.11387259
K83080,833.8778897887199,66.98231466282708,0.11387259
K83081,-1496.1468012223736,98.03088260656497,0.11387259
K83601,2117.402827052392,1315.7082268280985,0.11387259
K83607,-889.1861527039914,94.6567815339486,-0.5012554
K83610,1667.3146778801956,328.86765071155213,-0.13081722
K83614,597.399932013181,384.66588610504726,-0.5012554
K83616,179.7980600846544,203.0419974150348,1.1338314
K83618,1033.472641912231,963.5813607070348,-0.13081722
K83619,-1257.0706626060069,-21.68179028678605,-0.13081722
K83620,2001.6737017629582,-363.3163382390169,2.1935568
K83621,218.82904288795442,1017.2611728686288,-0.13081722
K83622,1852.2240349302872,982.1450593786936,-0.5012554
K83624,-2561.4528034945615,-10.084078304746114,2.1935568
K83625,-476.59207383927827,502.66907288456815,0.51189655
K84001,232.56967493854745,413.77117628868723,2.2573266
K84002,2332.7075646902085,472.63234482046875,0.616866
K84003,992.3714133834771,0.12465595492726672,0.616866
K84004,1689.4144233997451,-654.4057350237395,0.616866
K84005,-58.28080515093709,30.937082666322905,0.5566787
K84006,6979.537136899017,677.4345527256868,0.616866
K84007,-206.1009888469395,169.72566388580063,0.616866
K84008,343.12923030604685,323.1155319943009,2.0850048
K84009,2715.904831561828,1107.622903901155,0.616866
K84010,2367.935269405438,156.89704809260203,2.093603
K84011,537.1289701623359,588.1914520409933,0.616866
K84012,799.1473282878526,182.84850922350202,0.7583777
K84013,-478.31729783477994,228.96139526681205,0.616866
K84014,2946.4800740642354,46.01191432600761,0.616866
K84015,-209.19828092330823,246.8023046482423,2.0850048
K84016,-538.4071634289865,337.9883408168921,0.616866
K84017,6542.523751552866,1406.3059435822443,2.1315784
K84019,1857.1981604894318,893.3428842686249,2.093603
K84020,1341.2673822000638,-20.73597236707201,0.23962094
K84021,-1065.7445052352844,35.42381502464186,0.616866
K84022,-203.06237655964352,63.85452006484137,1.4974627
K84023,946.857014744862,-84.07397479921839,2.0850048
K84024,985.0500962719904,253.85966714786014,1.420079
K84025,3166.483829268257,1836.7898722085085,0.616866
K84026,147.75366297598475,624.5216044511651,0.616866
K84027,3845.622374493745,322.80307806576513,0.616866
K84028,3488.359365867754,-86.51799393983515,1.420079
K84029,-1667.606587227699,-320.5346687144929,0.5566787
K84030,7578.510930534949,4392.927738027335,2.1315784
K84031,1905.582691316162,1015.1167959250884,0.616866
K84032,317.3649671366476,434.201119341741,0.616866
K84033,1985.5291071661275,14.08997924392784,2.093603
K84034,-674.6131978657457,86.13594804337649,0.616866
K84035,294.6524311798534,545.6916354349083,2.2573266
K84036,-673.8292543792688,128.4124753561799,2.0850048
K84037,4989.740679000698,487.7695172375598,2.0850048
K84038,5999.182739868712,823.9983827661017,1.420079
K84039,484.74013938398434,-615.5662436486018,2.1487746
K84040,4130.3695727330205,482.9370922133593,1.420079
K84041,4543.761545903725,114.4614953760695,0.616866
K84042,1594.0222384927872,326.28394658423906,1.420079
K84043,1280.0693069311646,-142.75598352245208,0.616866
K84044,1960.8008651117473,597.0240803879684,0.616866
K84045,1189.6875536308169,535.5400036825824,1.420079
K84046,1467.4195691576838,507.43472294528004,2.1315784
K84047,1180.6555322670265,223.2330816426464,2.1315784
K84048,648.0158180913318,178.671839301015,0.616866
K84049,-1380.128421057756,24.293674480439723,0.616866
K84050,609.4607535014383,287.8674346936711,2.0850048
K84051,5857.210999772922,1717.502694924415,2.093603
K84052,3771.143437514729,269.3593153906294,1.420079
K84054,1023.7204050528256,647.3603208548299,0.616866
K84055,3713.6717320113803,636.6473518159343,1.420079
K84056,305.99998215324484,454.9352214578921,1.420079
K84058,2157.990791380597,696.5672748635433,1.420079
K84059,1476.9840895574762,786.7490047803326,1.420079
K84060,-764.3886283806983,151.57876463044664,0.616866
K84062,-28.273659129267095,410.2183736484503,1.420079
K84063,-961.8055639700722,31.318551361682545,0.616866
K84065,-1382.2040608823772,-54.36627872640457,2.1315784
K84066,-2340.973836547397,-10.3737986211143,0.616866
K84071,2989.2132007925143,211.11613334155516,2.0850048
K84072,2044.6687940227796,538.0692807028221,2.1315784
K84073,42.07038161275359,286.9769658104177,1.4974626
K84074,-1155.1729915218339,184.85307242614797,2.0764067
K84075,824.5053728936624,514.8059408144738,2.1315784
K84076,-813.1918288985459,219.39287613589607,0.5566787
K84077,-1153.2406139904629,-613.4591216709614,2.0764067
K84078,-1833.8827825692933,109.09607426572647,0.616866
K84079,-248.48570273257954,781.4613247628779,0.616866
K84080,-1225.908379763294,88.05262015092403,0.616866
K84082,4081.5378972172257,2022.8283495094065,1.420079
K84605,-2125.2496708808085,-59.0826930957647,0.616866
K84608,-2300.609826771568,-314.86428304867565,0.5566787
K84610,-253.38484350072392,-52.63422331296686,2.1315784
K84613,3774.26224484072,3291.425141384814,1.420079
K84615,-1736.728211245662,17.2759596581102,0.5566787
K84617,-1712.0134732513782,-51.80554385524927,0.6129649
K84618,-769.0624671929555,244.66171408859964,2.1315784
K84620,-2282.2750350487368,-224.0160269153205,0.5566787
K84621,-1616.552921450938,-177.72569537895117,1.4974626
K84622,-1377.2104800111047,-410.52607366055383,2.1487746
K84624,-214.94547195435675,145.5138239370575,0.616866
L81002,180.10479014358444,330.8206985336167,0.26720676
L81004,5831.210361067534,751.3477447303874,1.144221
L81006,-905.3342734315872,-237.22583071030206,-0.4926572
L81007,3975.2610012218943,4014.415948999936,-0.47546086
L81008,3555.5494750680427,631.745130830504,-0.47546086
L81009,3993.622860444766,882.5025853414072,-0.47546086
L81010,-278.5276603261945,-76.47235033372098,1.6765913
L81012,2187.7913576384803,737.4346125548467,-0.47546086
L81013,3804.792166609779,319.09088681687246,-0.47546086
L81014,3583.583411676207,-847.6126082825002,1.6869808
L81015,4707.620556014368,1045.5381547199531,-0.47546086
L81016,3414.6864511539434,628.2409814295298,0.2156177
L81017,1445.901645885994,128.30834043461073,-0.47546086
L81018,1988.1959519644583,-193.1948351938061,1.6869808
L81019,1563.9088729645514,19.82531528304848,-0.47546086
L81020,100.75147445530148,241.84359273391803,1.6765913
L81021,2481.1392741709856,421.23260468034107,1.144221
L81022,3875.4474426327324,512.1474328710383,-0.47546086
L81023,1003.3229440401029,672.1508714370661,-0.47546086
L81024,2415.938545123281,-159.90566943203604,1.6869808
L81025,6472.0825139419685,750.8084199869395,1.6765913
L81026,3599.259231478967,1986.2195615231853,1.6869808
L81027,-108.4725624009622,11.673977683147221,1.6765913
L81028,-120.49040563888367,-339.31024456037625,-0.47546086
L81029,3060.6659146091374,200.92512504649233,1.6869808
L81030,1815.2153726873323,122.19736925851264,0.48251945
L81031,7473.892323715368,2043.5590193915273,-0.47546086
L81032,595.7504933736175,141.8364518232839,-0.4836112
L81033,1678.5416243048016,-111.0741514734394,-0.47546086
L81034,8756.304727989529,5099.928754177573,1.144221
L81035,242.325876602912,-774.8419622347319,-0.48433906
L81036,2673.2281937052635,320.1523874532118,-0.47546086
L81037,6384.957182990573,3483.082745278454,-0.47546086
L81038,3157.8506958464986,-104.97015572270614,-0.47546086
L81039,6451.883717139026,2800.8904203660527,1.6765913
L81040,5250.0930396891545,2233.1857801344268,1.144221
L81041,-17.3900667820247,-17.698631867640373,-0.47546086
L81042,785.9999062199591,-293.44743070363546,1.6869808
L81043,2036.897278158252,451.0596829064348,0.2156177
L81044,4213.559780075157,1122.7521588010445,0.2156177
L81045,3450.5477207685663,837.2308602212067,1.6765913
L81046,2945.0162989499527,165.27531696527666,1.6869808
L81047,3554.736503057916,-40.7163737444069,1.6869808
L81049,743.2226971969623,-363.31658808902546,1.6644658
L81050,1302.263312121172,-40.86712907418181,1.6765913
L81051,5641.280051883691,940.6342583403228,0.2156177
L81052,2766.8682375449407,-160.3713979098431,1.6809983
L81053,2083.814533385568,225.1378272564419,-0.47546086
L81054,3521.3889010878115,574.3323301096282,-0.47546086
L81055,1941.7000146187258,-180.2385093266497,-0.47546086
L81056,-620.858845632426,92.07636023476694,1.1356227
L81057,539.3921693388118,-390.5522285153261,-0.4836112
L81058,2783.570590291661,424.0266867521813,0.2156177
L81059,2890.726163932896,178.30657722790022,1.6765913
L81060,3793.447007855409,314.8393180773629,1.1356227
L81061,-31.36681306009804,-210.01823276512732,-0.47546086
L81062,2983.0071702841424,2088.7400822241693,-0.47546086
L81063,1819.0833404920697,-102.62918891688189,-0.47546086
L81064,2928.3110962040773,-228.47458379449054,1.6765913
L81065,473.9631427365844,-269.16992176494693,1.6765913
L81066,2667.1129021035417,134.46409406929197,0.2156177
L81067,3710.2809288017397,-105.08440893400271,-0.47546086
L81068,2948.515962254334,153.75232688636106,1.6765913
L81069,2693.9711399634825,460.49867374367534,1.6765913
L81070,1055.381571207276,194.4327715618994,1.6765913
L81071,989.730641305052,358.5927295989038,1.6765913
L81072,4113.408680330965,221.06269773062502,-0.47546086
L81073,1689.920257493738,334.8826576442215,1.6765913
L81074,4173.859062287015,829.6649102838463,1.1356227
L81075,3893.3250428078427,1255.2560969567767,-0.47546086
L81077,1469.7846106800873,442.57563530337916,-0.47546086
L81078,1513.8811781335628,514.7228201923429,-0.47546086
L81079,8314.842275441315,-436.9245109292157,-0.47546086
L81080,1888.6433710508743,39.02946240150416,1.6510241
L81081,592.4782625466372,698.7617762716882,-0.47546086
L81082,2013.8077551331971,8.080916348975043,-0.47546086
L81083,1979.9396896666922,104.16120241640786,-0.47546086
L81084,2401.667543295979,1406.6825935969416,-0.47546086
L81085,1078.5768996531972,-41.6012487986806,1.144221
L81086,15267.219643130838,10896.454495249343,1.144221
L81087,2376.3643621297983,156.45855278982302,-0.47546086
L81088,1757.150561615252,-209.3352432122914,-0.48433906
L81089,2112.6800513991934,-340.5602595084788,-0.47546086
L81090,1030.5697684831487,442.0309145031643,-0.47546086
L81091,1643.7256562703892,520.1948716101649,-0.47546086
L81092,-1295.2011640531662,-165.8085033220013,-0.4926572
L81093,-1008.991939363423,-762.6652399879679,-0.49265718
L81094,1457.0680645715856,98.39418030637151,-0.47546086
L81095,974.5614945729144,478.9964247044583,-0.47546086
L81098,2587.7517282580725,330.1438431292095,-0.47546086
L81099,2318.212417918534,502.1496921231076,-0.4926572
L81101,625.4022649321154,327.7436355777125,1.6765913
L81102,1006.6251853755485,-172.53991828727652,1.141848
L81103,448.07355875270105,84.85734000766143,1.6869808
L81106,-1041.6450665788423,119.24648459077339,1.6869808
L81107,-2483.03710540893,-884.1997140367477,-0.4926572
L81108,-2316.4567558170606,-311.51231900721643,1.6421987
L81112,-365.39561450851903,183.75382342594068,-0.47546086
L81116,1078.419118685774,363.89953547731596,1.1356227
L81117,921.7889083735005,321.1335468733491,-0.47546086
L81118,1496.8453943778406,222.41548369810448,-0.47546086
L81119,479.68601395520733,18.865399917680257,0.2156177
L81120,278.68451143071474,213.20975868114084,-0.47546086
L81122,943.8771188047369,68.77456327755785,1.6765913
L81123,560.3558627540925,456.9956145709636,1.6765913
L81124,1100.2855390102782,387.1965614801905,1.1397818
L81125,609.4930522651673,659.1169826679952,-0.47546086
L81127,-906.3414324140917,217.5432856426892,-0.47546086
L81128,-701.4229166081273,278.6600201459886,1.1356227
L81130,1614.2530855149714,1548.5311871320625,1.6765913
L81131,1701.8620022390571,300.37996589069195,-0.47546086
L81132,-1501.76958546053,121.02122645173623,1.6765913
L81133,-2286.0885832844356,45.86671370119019,-0.47546086
L81134,-545.5222441702707,71.64027618325204,1.6421987
L81600,397.28773594508107,267.1770827454951,1.144221
L81617,-2368.3100027978307,-3.4565386883301796,1.6765913
L81622,-1289.8813989044781,233.61170985895953,-0.47546086
L81632,-213.46832954017117,138.34033166392842,1.6869808
L81633,-2132.2470161926753,-121.31832624020221,-0.4926572
L81635,-491.95572175954567,-462.4121862977305,0.26720676
L81637,-1410.1444510283536,-24.745309097074003,1.6765913
L81642,-1431.8544911766,315.5307681032056,1.6869808
L81643,4653.659275150426,3464.94710457844,0.2156177
L81644,615.2272151545776,736.890249916255,1.6765913
L81648,317.8069099433919,319.95742754165923,-0.47546086
L81649,864.9833320703093,854.9355652722146,-0.47546086
L81655,-1101.8397944002982,32.95685595233408,1.6765913
L81656,-1736.4857473077495,79.22762685312604,-0.49265724
L81663,-1661.2501502577388,-334.3806700993485,-0.4926572
L81669,347.17445028678884,244.13809337635468,-0.47546086
L81670,1017.6431996734857,646.7698586985191,0.2156177
L81672,-2434.566861074298,-54.415482446967495,-0.4926572
L81673,-2415.3004708879703,-14.46004565808508,-0.47389513
L82001,2911.6533239518963,366.96132389655264,-0.52203435
L82002,1335.9848415805482,-371.26051130338607,-0.5650252
L82003,3720.57754966885,303.66357157102755,-0.52203435
L82004,2861.176892324281,-95.86416619983594,-0.52203435
L82006,6790.032331124914,298.5407886869538,-0.52203435
L82007,-408.7349052406233,268.41873651329456,-0.52203435
L82008,2525.8300434984844,-224.33634218108622,-0.592611
L82009,4210.530603599551,487.13755069775857,-0.52203435
L82010,3616.4548151039803,286.6756229076293,-0.52203435
L82011,302.852160227898,323.32297532734134,-0.52203435
L82012,10487.435497675078,643.6906259538897,-0.44608375
L82013,2203.5336412179727,-34.19913267071602,-0.52203435
L82014,-268.4105648889982,-294.86272799200873,-0.5460917
L82015,1424.465720565299,247.24668834362006,-0.52203435
L82016,6498.871299649268,1281.3681205485773,-0.52203435
L82017,-1262.4538824690205,116.72548639163615,1.3785212
L82018,5004.962108744333,-6.331995518975588,-0.52203435
L82019,1473.4721109926727,910.0881185762357,-0.5650252
L82021,1898.8860643606936,-142.98268429418476,1.3785212
L82022,5498.43204333762,33.577901585650345,-0.52203435
L82023,7958.523794377707,105.84428715844408,-0.52203435
L82024,-585.5608427793406,269.45281065914213,-0.52203435
L82025,1201.3188615687764,206.8882892122075,-0.52203435
L82026,1815.5375562339666,354.5031187676219,-0.52203435
L82028,4848.686158787348,605.6591197537615,-0.52203435
L82029,4784.947441198257,961.4746104236821,-0.52203435
L82030,8917.721376467049,739.6473071743092,-0.592611
L82035,2807.1059442362384,189.14194117985463,-0.52203435
L82036,3767.9193117128857,-43.56156880561158,-0.52203435
L82037,328.9109181084085,-102.61026323025575,-0.5323056
L82038,2303.46789605976,154.40045740305408,1.3785212
L82039,514.6351530723338,94.2707505853762,-0.52203435
L82040,-241.94574378318694,-1624.0626764897397,-0.5650252
L82041,10363.580209752934,5722.819544226677,-0.52203435
L82042,4161.129287474859,100.20958543173826,-0.52203435
L82043,112.5826406216876,309.3695058022158,-0.44608375
L82044,2343.745785241546,-269.78592754730573,-0.52203435
L82045,2966.9758501295782,468.7983872029078,-0.52203435
L82046,2160.381544749676,189.65192587535958,-0.44608375
L82047,3444.959455615235,533.685169284458,1.3785212
L82048,917.256880556851,95.29380774429626,-0.52203435
L82049,2479.515800129333,61.807061451536995,-0.52203435
L82050,3778.339781312501,783.4723759628262,-0.52203435
L82051,5183.289233313243,672.8725659183791,-0.52203435
L82052,2875.202670785566,9.59732106272279,-0.52203435
L82053,444.7064188038285,-210.81405873717478,1.3527267
L82054,2198.1492481329115,-95.42555938020918,-0.52203435
L82055,-332.3065366343033,-1831.5787219650238,-0.5650252
L82056,3668.9446174551395,364.26011760494055,-0.52203435
L82057,207.87779057519043,295.50397803744465,-0.52203435
L82058,1163.9313327792281,213.91965694222603,-0.52203435
L82059,-282.3890031439145,49.003455621669275,-0.52203435
L82061,1991.3319454304262,305.26637489937366,-0.52203435
L82066,538.030494342724,-55.55299112692423,-0.44608375
L82068,1713.5233556599933,659.4433991635159,-0.52203435
L82070,1256.1013686354759,99.75429566844134,1.3785212
L82611,1826.5860524749412,927.799681114223,-0.5650252
L82617,-62.491555908833384,-395.92045155686515,-0.5307456
L82618,-271.2305609366213,96.89270669084254,-0.52203435
L82620,1265.8785679461832,173.7497484921893,-0.52203435
L82621,-1630.2484357103538,-287.1398079620526,-0.42028922
L82622,149.74965732974334,-177.85106099005986,-0.52203435
L83002,8108.568924509295,2282.618286841064,1.3889105
L83003,1118.7972078770795,296.02975073228845,0.050102767
L83004,1496.4638875092503,109.66435678522933,0.6910253
L83005,3578.964130075592,415.16478458997915,-0.809715
L83006,6472.143096381113,2739.574897297751,-0.44608375
L83007,4505.752115913515,502.2745587384771,1.3889105
L83008,5133.9160040660445,1702.628167000401,-0.44608375
L83009,861.994932625607,342.83797589005064,0.37575874
L83010,1035.1509493834217,148.70601603628052,0.6910253
L83011,3994.9943053889906,-309.0060607181019,1.3889105
L83012,-295.3585134493059,-52.40330187608853,-0.592611
L83013,7002.027251872559,-260.5072608346367,-0.809715
L83014,7159.586487330249,3075.8292121372046,-0.809715
L83015,990.7566585219566,31.67558349675725,-0.44608375
L83016,7897.739677568509,176.00298788613796,0.57029253
L83017,3600.0348777355894,468.87823066382674,0.050102767
L83018,1013.3372073627936,489.9152104409679,-0.44608375
L83019,485.9319400621565,65.22593944079861,-0.44608375
L83020,7163.7218625900905,599.9393011678073,1.3889105
L83021,3147.606600835749,200.69694084122693,-0.44608375
L83022,1880.0376241356155,136.82689661257734,-0.809715
L83023,1438.1644807656069,-77.70043672585524,0.41015145
L83024,1396.7560510708104,99.4248417347557,0.57029253
L83025,2547.4252686856867,229.00451579529872,0.050102767
L83026,1201.3945336435177,13.82207154962902,-0.592611
L83027,243.29543558479747,18.145936903241406,-0.809715
L83028,2272.738268779584,616.5837024341455,-0.44608375
L83029,1865.5993154001105,712.9446955194611,-0.809715
L83030,1668.0489341474872,500.54077362893065,-0.44608375
L83031,3826.276147738055,726.6317258122513,-0.809715
L83032,763.2805544739459,-895.1669570692192,-0.8183132
L83034,1338.1807105836158,236.97077500557216,-0.809715
L83035,6555.518573516038,810.6790318617316,0.050102767
L83036,4857.257094696663,982.1257396468417,0.57029253
L83037,2146.7276385599175,80.74879427541885,-0.42028922
L83038,4387.407753810485,1718.5181323934053,-0.44608375
L83039,210.10464860201134,266.1270586088451,-0.44608375
L83040,4266.847538622736,389.8182063351085,0.57029253
L83041,2098.978979419491,-19.589581858516038,0.57029253
L83042,2239.8788579660395,108.84670164006928,0.57029253
L83043,1888.168840053685,-364.91840313539905,-0.809715
L83044,2299.6025782784754,-115.81155919057733,1.3889105
L83045,3071.104688889119,285.7189385955048,0.6910253
L83046,512.2145476158574,356.3268101410791,-0.809715
L83047,1123.9758303372494,62.7333475809551,0.050102767
L83048,3914.1401254984653,748.0901056004551,-0.44608375
L83049,-607.2159877539001,86.527316356569,0.6910253
L83050,6003.015789776195,118.32781721632044,-0.592611
L83051,1706.9346441580974,-102.76671316733798,-0.809715
L83052,3753.566782573761,631.8384605603942,0.41015145
L83053,4716.676334394857,453.48856309584625,0.57029253
L83054,3411.6865265636525,228.92506867306926,1.3889105
L83055,5476.337252466024,-48.79217209798579,-0.809715
L83056,2886.7025321098085,-111.28510519361011,0.57029253
L83057,2528.4002612865875,127.6842048343324,-0.592611
L83058,2093.7441501992894,-162.97811130383784,0.57029253
L83059,2770.370387931224,223.96805100629695,1.0338776
L83061,1622.1764849485023,182.85963522476058,-0.44608375
L83064,2668.02234362999,157.24467316256454,-0.44608375
L83065,574.4514345322184,149.71731526930273,0.41015145
L83066,4402.646923971667,488.46911690060637,0.57029253
L83067,12854.63170640058,-27.489962841056155,1.3889105
L83068,-919.1435463814491,-43.007319736432585,0.050102767
L83069,5456.9707290954775,1325.2764307846346,-0.592611
L83070,-559.2962827513325,36.758460984212476,1.0338776
L83071,1223.6222254838142,758.1154022919444,-0.44608375
L83072,2430.2449769078203,66.547369230984,-0.44608375
L83073,3767.159740696195,950.9418757404079,0.050102767
L83074,8477.252938587832,3665.8350313629107,-0.43896484
L83075,-124.8900455316973,69.38742598664537,1.0338776
L83076,370.28466508453687,-525.7593737231078,-0.44608375
L83077,1099.4442599466345,-583.8683721057614,0.57029253
L83078,3492.807198045446,-58.32235808553054,-0.809715
L83079,2004.4907069679498,-24.878244931585133,0.57029253
L83080,-834.4760253017627,-241.39016722349714,-0.43992096
L83081,2062.8174184477566,176.77420748148415,-0.44608375
L83082,-842.3435581061512,59.667692819659,0.6910253
L83083,3117.416374219102,368.6775699219544,-0.592611
L83084,1605.2812188683636,196.45948838663955,0.57029253
L83085,3681.6178865817865,2247.198920354376,0.41015145
L83086,-64.25572485577045,146.1745769968341,1.0338776
L83087,8602.99544208773,1747.4716844518998,0.20343694
L83088,-666.7273078883155,75.98833069430938,1.0338776
L83089,2926.4948373141465,252.49777377662414,-0.44608375
L83092,6322.27077906524,281.88494999482873,0.57029253
L83093,-747.3439628417926,-3321.874726406156,-0.42028922
L83094,2782.2769090684933,-597.7657164123873,-0.809715
L83095,4483.833641537585,216.2630055050762,1.3889105
L83096,5223.579074021322,3784.8148136905324,0.050102767
L83097,1784.6743456601146,116.89907735264757,-0.592611
L83098,349.3896046971453,67.28593605865257,0.6910253
L83099,506.43998230955174,-287.52728699836905,0.57029253
L83100,11909.492403216434,6405.459593543969,-0.44608375
L83101,7689.745702535055,1089.494918101476,-0.44608375
L83102,1373.1502097037592,275.32790743413784,-0.44608375
L83103,6808.4376472569475,958.4338053986337,-0.809715
L83105,2201.8382739109543,264.0455604974743,-0.592611
L83106,2144.0908344517866,19.243143462924326,-0.592611
L83107,-1097.6117161603147,-703.5208394311484,-0.44355035
L83108,-744.2502343168916,-200.26299016112029,-0.8183132
L83109,-1419.2185379335265,-47.24966870725972,-0.42028922
L83111,3985.5337594025254,740.6331726767271,-0.809715
L83112,592.1458552928243,369.239134523648,-0.44608375
L83113,759.4084119180768,627.2289648324589,-0.44608375
L83114,-761.8556915117513,-1.7173312315495652,-0.8183132
L83115,134.36798385954322,-22.865831896817856,0.57029253
L83116,217.00288342007937,191.81069294499903,0.57029253
L83117,-2117.5377053115503,75.86565953302222,-0.44608375
L83118,4601.008877978851,3329.59303372136,-0.809715
L83120,1425.8214842752507,365.95421753364707,-0.809715
L83121,-1292.121744493413,-12.149113592159306,-0.60120916
L83122,128.16039550049456,-202.08990309667678,-0.8183132
L83123,-1172.5554836333165,220.6439717426554,-0.42028922
L83125,-985.1104589716738,7.496912191525232,-0.44608375
L83126,-1137.5417230666787,-202.49928535740372,-0.8183132
L83127,1246.532274084573,839.0746328134239,0.41015145
L83128,504.67195390502457,214.64931518842525,0.57029253
L83129,-479.65364423311445,19.048815090498678,-0.592611
L83130,1322.4550274149701,-68.60794798541768,-0.8114573
L83131,6339.486608645303,1645.7059011387373,-0.809715
L83132,-2272.962216652688,-1768.7038558695863,-0.42028922
L83133,-1401.6667780712928,-974.1856348602304,-0.42028922
L83134,-39.5667160092514,259.57970108189363,0.57029253
L83136,1773.8343608487671,800.6214658656896,0.57029253
L83137,3215.5280073726576,2113.945209935918,0.050102767
L83138,-600.787584090928,-320.51089231899704,-0.4216809
L83139,-1020.6371767369953,-684.1316309077235,0.050102767
L83143,-567.5231348225016,5.023066503780012,0.57029253
L83144,-1611.3186366418158,-167.73855818416132,-0.43050587
L83145,-1493.877252700128,-292.49362110285006,-0.81610686
L83146,-961.2850708110457,207.74253587114902,-0.809715
L83147,1885.8288500754134,-376.55699125319137,-0.44608375
L83148,336.03297852333264,349.0926233838487,1.0338776
L83149,-941.2821829858223,-504.17853383748496,-0.8183132
L83607,-184.793849846875,247.89753235738553,-0.809715
L83608,-425.07008841734654,-149.1805026175005,0.19483876
L83613,-1233.9949862201518,87.99505813348878,0.37575874
L83616,-993.5605444986926,-3.554372167297112,0.34996423
L83624,1662.178403091532,618.9210298855515,-0.44608375
L83626,-917.923792246934,-260.62610356107075,-0.42028922
L83627,-189.9378499619705,31.80197667133307,0.57029253
L83628,431.4485751911653,161.22713429511728,0.57029253
L83633,-1531.0351492604889,-132.91335346700112,0.19483875
L83637,-1194.61236087827,72.00426025072933,-0.8183132
L83639,-401.872429834775,263.8767779866251,-0.44608375
L83642,-911.7449234597585,351.6200215121594,-0.44608375
L83643,-1588.057496729509,-94.55436039696903,-0.43050587
L83644,-732.6157733919408,134.49191405044465,1.0116822
L83646,1000.440465410603,309.9667253441896,-0.44608375
L83647,-362.7734858406231,629.5676666050181,0.19936176
L83648,748.8596080483845,359.21686537079273,-0.44608375
L83651,-953.7451767876885,263.6634871616313,-0.44608375
L83655,142.40040009867144,112.94906156001981,0.57029253
L83657,-488.5445417770437,70.11760761835015,-0.809715
L83658,-1822.3457320500504,-137.57226853882628,-0.42028922
L83661,-786.0840564947833,126.06257283676862,0.48431075
L83663,-259.5764331188018,335.4769568854925,-0.592611
L83664,-1417.4023490739123,-420.0032170156487,-0.42028922
L83666,-846.2971703368685,60.01390630152315,-0.809715
L83673,-2194.2481637678006,75.00905927082208,0.57029253
L83677,-2638.5502926331683,-91.31735247073799,1.3889107
L83679,-2442.0338703509915,-34.319752650930326,0.57029253
L84001,76.38881112358719,-42.1870235715945,0.20343694
L84002,1453.9901249290992,-237.2421590075856,0.19704509
L84003,-25.77164966031876,353.6445017217693,1.2423834
L84004,3224.4025431070922,488.2540819510344,1.2423834
L84005,661.9404789187709,-21.12931444055097,1.8041309
L84006,633.3978328581788,107.09151840309192,1.5870271
L84007,1355.6204429595352,156.60636051223068,1.8041309
L84008,2127.5803944365007,154.52355968412576,1.2423834
L84009,4986.341988065423,825.3608509532072,0.20343694
L84010,4678.512130895027,1420.6526126746187,1.6404074
L84011,2640.794516921968,394.1753962066535,0.35856238
L84012,3470.268260020072,1284.234603543131,1.6404074
L84013,1212.8100821900389,21.74350645448816,0.19745448
L84014,2062.3607431012497,443.3295751881255,0.20343694
L84015,1146.0966528252027,-204.11676826306987,1.2423834
L84016,1470.9686274619282,154.56560113443166,0.20343694
L84017,2060.03628792076,96.29240904765133,1.6211616
L84018,2872.160446655433,1190.6615442078478,1.6404074
L84019,3336.460360293101,1033.2734641621362,1.7869346
L84020,1846.1962830352556,-332.89952674241806,1.8024421
L84021,2359.4065343311286,408.1313146465448,0.35856238
L84022,1192.4186796861754,292.9606524422131,1.2423834
L84023,1958.9739661136007,-34.990373414447625,1.5870271
L84024,670.7237922442135,60.458244276022704,0.35856238
L84025,-252.52949012269582,125.67975619719131,0.20343694
L84026,6539.730468488895,4245.751891558457,0.20343694
L84027,1094.6787765522477,123.72621735214268,1.8041309
L84028,2979.1088144375526,206.18382555748565,0.35856238
L84029,410.0476781026951,228.67602649163518,0.35856238
L84030,-557.1747250255597,90.6099756999766,1.2423834
L84031,2014.4067840934279,383.1620044047934,2.1315784
L84032,2755.4047448425567,300.73913288741636,1.8041309
L84033,3947.0536192497525,207.13513387293048,1.2423834
L84034,1007.4540351383756,250.73929314092206,0.20343694
L84036,2805.5735571668306,351.1743887033747,1.2423834
L84037,4837.273444495069,316.53118778662565,0.35856238
L84038,5117.917145861285,763.7176052187527,1.6404074
L84039,-43.184579972830356,40.27806909833173,1.8041309
L84040,3351.1650276004652,36.92186629592172,1.2423834
L84041,1364.935014239067,198.26704582321568,1.2423834
L84042,527.7935508837094,-981.248145098456,0.19936176
L84043,937.5989504233175,186.82043855798491,1.5784289
L84044,256.6245432954598,-246.9460968872364,0.35856238
L84045,2186.590123260201,232.1467768488018,0.35856238
L84046,253.20827812204902,606.3568206680429,0.35856238
L84047,3360.0007894985943,604.1143808753335,1.5870271
L84048,3320.1309648046386,701.8808883385093,1.2423834
L84049,189.51706435734178,361.467625522396,1.2423834
L84050,7304.1335790215635,1246.0615091007498,0.20343694
L84051,2144.5804451740332,239.29464141045474,1.8041309
L84052,1907.910537085549,206.98836370598312,0.20343694
L84053,2862.8579003960494,284.3351813273528,0.7583777
L84054,1464.5946982714809,1304.4847540205396,1.5870271
L84055,54.7897610777989,-696.1023203908218,0.7942725
L84056,1671.0161386743805,-152.62204292539872,1.2423834
L84057,-124.45010305553214,-79.27127789493281,0.19899786
L84058,1652.5025222040263,281.9122446521901,1.2423834
L84059,415.16847844485375,249.9160480732617,1.2423834
L84060,4283.983601419617,2502.4179914857123,1.8041309
L84063,-769.3611517128863,93.56879032287506,1.6404074
L84065,745.6833464953482,-241.42817368122024,1.8041309
L84067,590.3786147273169,362.97393960558793,0.20343694
L84068,964.5775958348462,564.4562742171,1.5784289
L84069,4514.021290362865,479.50379537386453,0.35856238
L84070,527.0647710873584,297.607220254847,1.8041309
L84071,2274.9373561185607,444.89620558172476,0.35856238
L84072,993.5472794109895,348.24072390078055,1.5784289
L84073,-1094.5634041420224,-14.83248981366542,1.8041309
L84075,58.60359652296128,-134.51201758851707,1.8041309
L84077,-424.9999719781802,-57.7733171160392,1.8041309
L84078,-469.3180984407101,56.39916909877429,1.8041309
L84080,140.74832094520127,40.65521800353186,1.8041309
L84081,468.02612926527786,112.24293212199042,0.20343694
L84084,2031.1299856026008,-847.8698161912063,0.20343694
L84085,912.1150557812933,170.4360158728367,0.35856238
L84604,-867.8364456747198,-30.764691833456194,1.5698307
L84606,2392.7239756420963,1377.4184607756636,0.20343694
L84609,-2060.0918740560514,15.024914961178547,1.7869346
L84613,-592.8201598230853,77.11845197023587,1.8041309
L84615,-11.092199475928952,39.82679913939459,0.35856238
L84616,662.6182400134933,-661.4154091309248,1.2423834
L84617,-894.943256451137,232.2441302570214,0.20343694
L84620,-2515.1589909163404,-38.188177892199114,1.2243758
L84621,-1275.9632316771708,80.56698830361874,0.19483876
L85001,2691.8033149229227,159.78072483804132,0.34996423
L85002,2118.139332082164,-58.32351229936167,0.48251945
L85003,363.31857380295145,-156.95153658757383,0.41015145
L85004,4229.572252386139,1241.3023803682204,0.65842384
L85005,-119.40620217133663,-1172.835298062663,0.67702097
L85006,1862.3304257113796,211.12776103138387,0.2156177
L85007,3946.9719014851257,361.9243601460632,0.65842384
L85008,13795.581976070278,329.4271469189903,1.6765913
L85009,2927.521931836352,-578.1623186387519,0.34996423
L85010,5168.558234246275,-208.83181173143288,0.2156177
L85011,773.0234205209604,199.6916399671693,1.144221
L85012,3504.7984736436083,1395.8740087778885,0.34996423
L85013,191.68369542505508,221.26741508162067,0.34996423
L85014,1299.9981041472377,465.0654085113284,0.2156177
L85015,1747.6494626836811,101.4221243290055,0.65842384
L85016,10310.982288119423,382.24897679587036,0.2156177
L85017,2549.301410010808,490.72007482744084,0.65842384
L85018,1009.4310044368906,-55.893350937142365,0.2156177
L85019,2034.602064792593,772.1975912316324,0.34996423
L85020,3777.5698828149416,416.8075502982549,1.6765913
L85021,3601.0095135039755,-60.11408975714653,0.34996423
L85022,2740.3624927537253,241.06581753702048,0.65842384
L85023,2420.995227136395,556.4607314368544,0.34996423
L85024,3619.0236985759966,671.3140850823888,0.2156177
L85025,2887.8924897707334,952.4682553615258,0.2156177
L85026,-91.05070728813067,276.4116852526219,0.65842384
L85027,1294.1547666076635,-211.64211591826123,0.48251945
L85028,1338.0136753787892,-700.3367154494832,0.65842384
L85029,2491.9578770933176,834.4033258589653,0.65842384
L85030,1835.0828384668941,260.84036394878984,0.65842384
L85031,901.5202873100491,651.0634137611755,1.0012763
L85032,-562.0356339228008,-287.23641499996694,0.48251945
L85033,5577.372587725803,359.069845014887,0.65842384
L85034,324.6125624869894,245.65687300749678,0.48251945
L85035,4416.515335474028,-76.38542988964964,0.2156177
L85036,757.6267037139027,12.56282042028448,0.34996423
L85037,124.97605297769968,-14.887317343191285,0.2156177
L85038,2037.0099550545247,-196.429642889465,0.34996423
L85039,3574.0362373575867,-354.9513933002237,0.2156177
L85040,-413.0207644841378,127.88334292066017,0.48251945
L85041,775.9940826172153,-342.7541328937368,0.3542745
L85042,2554.566353649337,380.39318078274476,0.2156177
L85043,1204.8052632756205,123.16476601010028,0.48251945
L85044,1238.9222853529516,382.34958540389516,0.48251945
L85045,-1596.87951328185,-484.59578794938045,0.7014147
L85046,1294.5988362839157,-125.65239270324919,0.48251945
L85047,-809.4732874476837,109.33247140326378,0.2156177
L85048,-468.76573398650805,-56.30733602080232,0.65842384
L85050,32.76424497265534,375.20083320513277,0.34996423
L85051,862.0712005394046,-53.150541908161316,0.2156177
L85052,393.1631402493783,176.26277961563994,0.2156177
L85053,-17.1115755883381,-140.75132184114187,0.48251945
L85054,2575.9009744381033,403.72885560282316,0.65842384
L85055,2116.589220204537,168.15870952066234,0.2156177
L85056,1096.4110867249108,-32.99746698739198,0.2156177
L85059,1767.3489611199975,552.8761868370414,0.37575874
L85060,-728.0042586224326,-400.93686724289927,0.6824812
L85061,-317.1690376709325,94.38895554929468,0.65842384
L85062,-288.8112144302196,-10.97855589758273,0.2156177
L85064,-274.2121837218399,663.278875283605,0.65842384
L85065,1470.3125052469386,1909.3216533461323,0.34996423
L85066,-341.2883269581837,767.2140540470836,0.65842384
L85601,-735.2780779319575,270.4401046422073,0.2156177
L85602,-1673.5109152105683,-135.00076468055693,0.37575874
L85607,-800.0796765995045,109.11458570768905,0.2156177
L85608,-989.1288640200672,-242.19576828033945,0.37575874
L85609,-271.60116618740926,79.90353606944399,0.2156177
L85611,-1229.7272238502203,53.550921655385864,0.48251945
L85612,-1029.9474307944454,22.13950838268674,0.2156177
L85616,-858.7747896570596,243.88435056747065,0.37575874
L85619,-333.1828935996791,354.1455092571205,0.65842384
L85620,-900.9327871001126,549.358972248776,0.68833613
L85624,-358.23896435427844,133.92441705832786,0.65842384
M81001,1680.6893834712155,-361.71139389386445,0.12426206
M81002,1757.973618214951,100.91593142707978,0.12426206
M81003,1680.8854398109015,506.6453342584949,0.093093656
M81004,8930.95414545978,1452.3953791113454,0.8185649
M81005,1276.8415892876012,77.24402380071407,-0.0032775863
M81006,4199.569830650705,1219.0817839560427,0.42913908
M81007,1209.299668155809,221.03764639792843,0.8185649
M81008,2821.1500803497806,325.94644465725395,0.42913908
M81009,676.1414659519846,-268.93148660876545,0.093093656
M81010,1866.0426380583147,1548.33727901441,-0.0032775863
M81011,830.3375218686516,326.158040897485,0.42913908
M81012,1618.6695268927956,-69.59025924308467,0.77378273
M81013,961.2777372118376,-392.2934887854022,0.07271776
M81014,110.6834724859377,69.65929817443423,0.06318132
M81015,1285.1746326246137,440.893923109944,-0.0032775863
M81016,2853.077821061121,662.4488358233592,0.093093656
M81017,2240.771214620084,296.18671154520706,0.42913908
M81018,1306.8869659966497,396.312124247467,0.093093656
M81019,2559.335577080074,389.58918015404765,0.12426206
M81020,1613.7257248113729,316.9680569635492,0.12426206
M81021,1208.037761560423,93.39006511402073,1.7783365
M81022,4780.215863632936,1022.7380374522567,0.42913908
M81023,1073.7004757702773,568.8441914858618,0.06318132
M81024,453.5030967849733,279.48080777365107,0.093093656
M81025,-848.0871949248996,223.70540116667047,1.7783365
M81026,10866.700030205073,4456.070166664698,0.093093656
M81027,62.711240678008544,100.79668467111848,-0.08424375
M81029,4464.532588598035,841.4927977884855,0.8185649
M81032,2160.436135099616,83.28336587763019,0.093093656
M81033,1333.5133125472707,208.47857641373383,0.77378273
M81034,1644.785845994214,303.2320884820174,0.42913908
M81035,1417.4228573416208,89.15273786111273,0.42913908
M81037,2608.012584690314,159.07473142456604,0.42913908
M81038,7751.145775310069,953.2924798392412,1.5870271
M81039,2009.8387098695998,769.2488014592979,0.77378273
M81040,3439.841544859764,-166.7886524492396,-0.0032775863
M81041,1143.0527992583075,284.20647453957105,0.12426206
M81042,2393.605119016801,320.17258203104427,0.093093656
M81043,2429.651991691752,177.7163151017458,0.093093656
M81044,2858.9414407381364,645.1926646083637,0.35856238
M81045,298.8353600976176,186.76171610708974,0.77378273
M81046,5676.014008852038,354.7563862301834,0.8185649
M81047,865.3772281164217,220.8483463787496,0.42913908
M81048,3942.7309331874553,390.3923237502051,0.77378273
M81049,2436.521079024369,504.311574082249,0.42913908
M81054,2850.2769142429747,-527.301825018131,0.093093656
M81055,-718.7816616714894,3.937799430261857,1.7783365
M81056,4785.514706590098,135.14797403763066,-0.0032775863
M81057,5231.8945142711145,787.4874195463153,-0.0032775863
M81058,7313.024627766645,906.2201120848273,0.8185649
M81061,363.50640824901285,353.570873195681,0.35856238
M81062,-1134.3218267922,-51.05542656377049,1.7783365
M81063,2437.877319405406,663.2845924049324,0.42913908
M81064,-549.0898026405108,218.8919516418401,-1.2335335
M81065,-27.187908219455327,-8.603915632374646,0.01391877
M81066,1163.4176401682323,116.02796541714764,0.093093656
M81067,89.7696773278462,189.7446132478565,0.093093656
M81068,4771.698271682898,1481.8275638278621,-0.0032775863
M81069,1754.2039720709977,-371.5828292471544,1.7783365
M81070,1908.326708370558,-380.86191531985395,1.7783365
M81072,168.21881324607548,307.16880334866556,0.42913908
M81073,983.8178026218862,359.42779619045245,-0.0032775863
M81074,5059.277423607295,217.96937969123928,0.8185649
M81075,4493.841356007535,1503.931282706884,0.77378273
M81076,-569.33772291937,68.04205977461811,0.77378273
M81077,449.52529104171094,-93.70072584388586,0.12426206
M81078,-743.9778327192504,-77.05086926260218,1.7783365
M81079,980.1759438759469,455.924709271205,0.77378273
M81080,-621.5607425595413,-231.26526787008265,0.07449647
M81081,32.69762210833659,335.29041829268004,0.77378273
M81082,1727.4819293766589,656.2060847491264,1.7783365
M81083,-194.57711065670406,-234.7231924074597,-1.2335335
M81084,-977.7014721391597,247.12725758444162,1.7783365
M81087,-974.426900021288,-78.53246462124775,0.13247912
M81089,-268.20171872962464,16.443785678758378,0.12426206
M81090,-73.2853796880816,373.4957873935318,-0.0032775863
M81091,2363.424813027889,-138.5562858448138,0.42913908
M81092,-237.7550914451785,190.07676674039243,0.12426206
M81093,560.0167494897055,118.77453008175677,0.093093656
M81094,3156.5297397553486,621.8902470726094,0.8185649
M81600,-442.37011130783327,132.37380924664902,0.77378273
M81604,945.1447302111367,8.475540577449971,0.093093656
M81605,-49.540230829370245,157.73941192149735,-0.08424375
M81608,298.87189770715054,223.82443511074206,-0.0032775863
M81616,-1245.598001645625,352.5015860024734,0.12426206
M81617,-1049.9269303253752,338.73438827950554,0.12426206
M81621,-171.91676316157086,353.03001159048154,0.77378273
M81627,464.106261889485,305.2281710950825,0.8185649
M81629,1605.634275574608,143.7802364135758,0.77378273
M81636,-2387.5868315148577,-4.753572620754309,0.42913908
M82001,-1564.7035665555359,-13.62725577095394,-0.27555323
M82002,393.9990445871342,206.66838836491607,0.6118504
M82003,2070.496902936925,780.0553584595353,-0.25835687
M82004,4768.694823143662,1485.0284627128672,-0.25835687
M82005,2821.533325204548,150.51678523199377,0.6118504
M82006,2157.652069583887,-1142.6619667870436,0.6118504
M82007,3068.8476549971556,-438.0965676172608,-0.25835687
M82008,1023.9818912976764,-14.580390030324052,0.6118504
M82009,1217.1570031857036,616.4512684857525,-0.25835687
M82010,3612.0599509893395,840.529592903027,0.43093038
M82011,31.11510514540764,115.86367633031274,-0.25835687
M82012,2146.417117907028,857.1663765948076,-0.25835687
M82013,-633.3788151050682,141.4611735915013,0.6118504
M82014,1525.458783401975,259.3206865396862,0.6118504
M82015,-1010.8595508494088,-1111.5347692879723,0.62904674
M82016,1258.9387066970737,-261.3510516721048,0.6118504
M82017,939.4116738792917,349.4619053905133,0.6118504
M82018,1402.4101587222424,214.87693441368597,0.6118504
M82019,2516.9474058291876,-12.268575132516435,-0.25835687
M82020,-280.7126180773757,550.3283554739517,0.6118504
M82021,1613.9946231421147,177.25184612171884,1.4354842
M82022,5137.567079771393,582.0166629194512,0.6118504
M82023,829.2578374442608,325.4287477238144,0.6118504
M82024,-698.9600758403325,12.002423028694192,0.6118504
M82025,5260.525627433825,2022.2305722777492,0.8203562
M82026,6270.781508390883,2396.9017677098323,0.6118504
M82027,63.43438411391593,-457.37028620845444,-0.260632
M82028,6645.384087740017,1015.5148527765349,-0.25835687
M82029,1898.2551832266067,-1450.9420924839146,-0.27555323
M82030,2236.5297525995106,540.0540333997284,0.6118504
M82031,-508.30842917337077,23.815371903951476,-0.0032775863
M82032,2802.575673324888,2083.956382472108,0.6118504
M82033,-866.0901480231414,33.28481477656292,0.6118504
M82034,-182.93834999726687,-2.52210581493498,0.6118504
M82035,3506.063761881202,1015.7004226577313,0.6118504
M82038,1943.2313996897112,239.04766117768952,-0.25835687
M82039,5022.221179109493,-330.98690751102544,-0.25835687
M82040,-735.760443505745,-28.857631860211633,0.6118504
M82041,872.3920421895158,-133.20224687762473,-0.0032775863
M82042,576.5277942946412,354.3104153340513,-0.25835687
M82043,1168.8369256218973,143.53063676765782,0.6118504
M82044,668.9474864971664,83.88689056904845,0.8203562
M82045,-569.9794524746487,366.320900608134,0.8347906
M82046,98.24558496148855,158.4870447745254,0.6118504
M82047,58.56965510620451,37.1915787133983,0.6118504
M82048,-763.4667774650756,267.3914111144099,0.6118504
M82050,488.94591748647156,113.92800266762262,0.62904674
M82051,-794.9554777434168,254.28987687046146,-0.25835687
M82054,-1970.9325694799873,-243.81766072273325,-0.27555323
M82055,-968.3231281022354,-146.8930492050256,0.8461507
M82056,857.1417959426661,177.79810961577328,-0.25835687
M82057,-1136.247834277054,294.5865763009375,-0.25835687
M82058,169.52185871184236,-101.22401252871035,-0.25835687
M82059,1343.7613494494672,470.3138116746966,-0.25835687
M82060,1855.001447457232,231.0249207551438,0.6118504
M82601,-47.40617039738989,104.12441303162447,-0.0032775863
M82604,-1162.5953846504337,8.680385248990023,0.6118504
M82606,-1379.382783096914,113.43986677364637,-0.25835687
M82607,-1362.2645463546546,236.95329656772148,-0.27555323
M82612,-1908.6569990968835,-115.0332177954638,-0.27555323
M82616,-679.1536560122639,210.433039284062,-0.25835687
M82619,-1190.182598617163,134.04580911195742,-0.27555323
M82620,-745.8092662087361,-27.575598160196325,0.6118504
M83001,5613.279668999983,508.5742061105172,0.08628677
M83004,5806.666406448789,-719.3070869030779,-1.1525674
M83005,2292.4005429464505,-634.9030143535318,0.43093038
M83006,9909.468235023158,3071.834304200957,1.4698769
M83007,725.0304921426607,421.3319393405286,-1.1525674
M83009,4955.453532671219,1046.4913118016188,1.4354842
M83010,1327.738987681694,460.20970704113745,1.1907943
M83011,1856.876858714956,-116.48058100466164,-1.1525674
M83012,825.2636456573136,175.99219524923302,0.9633009
M83013,1131.4614889825198,21.37111780244802,0.47571257
M83014,2504.568072184182,342.74224207486805,-1.1525674
M83015,2293.49861775791,-28.6105603279187,0.43093038
M83016,814.7805535603978,406.2799937592958,0.08628677
M83017,1323.9998401846271,85.3738329893024,0.43093038
M83018,847.7525704247388,205.33091062838463,-1.1439692
M83020,2788.5737001284792,-304.5555124957651,1.3441286
M83021,4579.393326163433,114.13441039770711,-1.1525674
M83022,4323.299798055883,-111.90587881025395,0.08628677
M83023,2318.6579893382436,60.80797084749637,1.2993463
M83024,74.57990827947268,19.537433086950138,1.3441286
M83025,2210.4274273979145,-394.8257009743468,-1.1525674
M83026,2215.428908678198,322.437910516204,1.1907943
M83027,3020.3381061372384,420.93343990413655,1.4698769
M83028,3566.529987058866,415.51750625891805,-1.1525674
M83030,3591.485019400693,689.8927451719076,1.4698769
M83031,603.4594186917984,60.33588784813448,-1.1439692
M83032,3578.106418422146,-673.3654878417154,0.19663005
M83033,-1149.9025861989048,-49.587926562360515,0.08628677
M83034,5297.886069857387,527.3053299218784,0.43093038
M83035,290.31576758032736,-14.036262319666497,1.4698769
M83036,1242.0708772498187,-274.00319242045896,1.3441286
M83037,515.4840368298989,342.7309147049463,0.47571257
M83038,4308.42685695678,-125.76891495902483,-1.1525674
M83041,902.1997632669253,371.8776466009202,-0.0032775863
M83042,3185.2954876658655,159.20838649064476,1.1907943
M83043,-1568.7680436342307,-205.11413144652502,0.23102278
M83044,1817.5233646317943,570.9540971431669,1.3441286
M83045,2253.037887988899,268.3027952041172,1.4354842
M83046,2705.730677193611,429.56014871710727,-1.1525674
M83047,537.385552437062,696.8018548062806,-1.1525674
M83048,993.9335918201482,950.6282092055521,0.08628677
M83049,1844.2266981115329,38.0494293654859,1.3441286
M83050,3140.9234477605587,-674.923985894593,1.3441286
M83051,2280.983578350403,-103.21236327256884,1.1907943
M83052,6095.889362446947,653.6631923386645,1.3441286
M83054,3785.3277638291265,29.26464164040661,0.43093038
M83056,4287.034814020757,362.96938306663765,-1.1525674
M83057,2168.7123474836835,376.7508740455008,1.3441286
M83059,59.24553247763432,139.2047624607241,0.47571257
M83061,3261.5079345422537,484.3116010628902,-1.1525674
M83062,4635.96436360245,255.59656936163307,0.19663005
M83063,-671.3825372511266,85.16042900792259,0.08628677
M83064,3165.6111590089236,196.45503325999522,0.23102276
M83065,1998.5786372875605,-14.19580998677963,1.4698769
M83066,231.78465549048448,396.8944102267864,-1.1525674
M83067,1222.3421121060749,-8.469873482724928,-1.1525674
M83068,1787.2283645320258,439.70553952729796,-1.1525674
M83069,6155.900052364976,-159.41915445619577,1.3441286
M83070,3128.0383627409065,512.3322838256495,1.3441286
M83071,4079.2578577705767,1789.3693324561061,0.9633009
M83072,7296.504049739935,34.213370673989736,0.08628677
M83073,2599.4655470195326,363.48362361811286,1.1907943
M83074,6256.350730151686,446.9780777638238,0.47571257
M83075,1362.1151904856902,221.40358460260114,-1.1525674
M83076,778.0341558170012,-102.24879195180664,-1.1525674
M83078,482.3379985057581,-488.0379342687552,1.4626356
M83079,1339.7312183962408,277.99283154244023,0.9633009
M83080,-1318.2553360204954,13.274361913148361,0.08628677
M83082,6658.73248564845,753.918718550839,-1.1525674
M83084,1194.4374791038067,187.82729422407928,1.2993463
M83088,6264.501970863932,556.3768816428355,0.19663005
M83089,2811.4720849419155,264.94606769602206,-1.1525674
M83090,1486.3444489771098,718.5049239576565,-1.1525674
M83092,2303.110110162343,141.11718723395254,1.3441286
M83093,220.81228388684312,30.040087823033133,-1.1439692
M83094,6214.928207330065,294.2110334802464,-1.1525674
M83096,1407.389890048322,169.61159233938997,0.9633009
M83097,107.38007501385727,-12.264453714041299,-1.1439692
M83100,338.28296215456237,167.19351985530008,-1.1525674
M83102,-187.18244817534796,-21.18783847645757,-1.1525674
M83103,49.80863985807391,373.89028306003513,0.9633009
M83107,632.1278761444714,722.1407940253658,0.08628677
M83108,1951.585651994313,40.31133319601071,0.9633009
M83109,-1411.6316719416138,61.23207238404692,0.08628677
M83110,2000.30161074716,2835.2717390520274,0.19663005
M83111,-826.6118939478575,80.57764903446527,0.19663005
M83113,-1221.0637117851434,77.8556856196164,0.19663005
M83115,-1180.2861690165669,106.96045719851806,0.08628677
M83117,111.29784317118096,35.92542702777468,0.19663005
M83121,2020.7493548823509,334.5405975424461,0.9633009
M83122,-175.97351617121785,394.9080094844509,0.9633009
M83123,2169.3127158697994,96.66987564581463,-1.1525674
M83125,793.6681016559979,139.11182284682488,-0.0032775863
M83126,1270.3969405088112,355.744960782514,-1.1525674
M83127,147.41184537913662,214.6860507832885,-1.1525674
M83128,248.82475014725162,-297.2615964187255,-1.1508251
M83129,1241.5339019883236,420.0596210199708,0.08628677
M83130,-334.9385662050054,94.33928931713747,0.08628677
M83132,-552.3972356561899,168.88599610095108,-1.1439692
M83133,-977.8104759126402,-126.63569622437589,-1.1439692
M83134,-540.758502845671,-110.00954493718173,-1.1525674
M83138,838.8314091787624,-270.09691617145046,-1.1525674
M83139,595.7614240313649,234.96385260783586,0.08628677
M83140,286.91859752473266,293.71809400112755,-1.1525674
M83141,2939.9392342692336,107.65470029795961,-1.1525674
M83143,127.73182366502733,214.79384297336728,-1.1525674
M83144,-2650.689391294625,-916.1880928627154,0.08628676
M83146,4002.357789388526,826.632097582785,-1.1525674
M83148,6379.6399545497725,1223.7707197818734,0.19663005
M83601,169.1559162725408,428.97677912128586,-1.1525674
M83608,-397.87033263362713,191.56090787652607,0.08628677
M83613,-1335.6359420024014,-158.70753425713463,0.08628677
M83616,332.3015684125339,-1060.5465985211642,0.08628677
M83617,5642.236607647103,2737.664001221499,0.08628677
M83619,-1608.8874190828683,32.80791322832723,-1.1525674
M83623,-519.3881573118574,-247.11254807439164,-1.1525674
M83624,-364.0094520989264,230.99513539351096,-1.1525674
M83625,2289.613878067385,-280.2353790430719,-1.1525674
M83627,804.0081757150479,-189.57923820839014,-1.1525674
M83629,-202.21451257327422,-164.90446393122525,-1.1439692
M83631,-542.0396913442639,-243.7813660160544,-1.1481283
M83632,355.8462936056514,-330.65246066841274,-1.1525674
M83637,-846.0695577253942,-2.537378293895006,0.08628677
M83638,3577.011709781449,29.21107264772288,0.08628677
M83639,-848.0404453473484,-605.3604529237246,0.08628677
M83640,-704.6522728303719,60.75298387573539,0.9633009
M83641,-931.9567030890394,88.65686101233322,0.47571257
M83650,1151.1936919446325,2246.0190665118585,-1.1525674
M83661,95.03757480776578,1335.2757912760908,-1.1525674
M83662,-1329.9797054577812,-45.11293556027698,0.08628677
M83665,-495.38654042694014,177.7633089744517,1.303455
M83668,-1031.4813853015198,277.21633555948705,-1.1439692
M83669,-208.7481153396651,186.88600830415572,-1.1439692
M83670,-1910.61912842789,63.71801521638067,0.43093038
M83678,-1371.6718798051904,-273.24937020646075,-1.1439692
M83680,505.2058217828926,311.65206665664334,0.47571257
M83681,62.66706821255707,-19.47643180996292,1.1907943
M83682,2016.8367614247813,144.74375941834128,-1.1525674
M83691,-1345.2376835123257,-5.853307395786798,0.43093038
M83692,2732.140070750583,2146.2808365139854,0.08628677
M83693,-141.95848936662816,472.5034080748758,0.19663005
M83695,-1746.0214013281898,-29.31278670163446,-1.1439692
M83697,-1089.5743642840298,238.30336449497955,-1.1525674
M83698,-622.205448389174,347.4001744404306,0.08628677
M83700,-1056.26482415914,208.29516278874928,-1.1525674
M83701,403.07571870887597,148.50276535410563,0.43093038
M83703,-321.8965721726109,288.6707392209708,0.08628677
M83704,-2343.0805693808566,-18.5231661634138,-1.150513
M83705,-734.237430973568,679.9715618570372,0.19663005
M83706,-1407.9326159402929,158.48925892533634,0.19663005
M83708,-1003.4768863979726,315.23266061499226,-1.1444516
M83709,369.1620610165492,188.801483536031,-1.1525674
M83711,-329.39267907718346,152.03720367813935,-1.1525674
M83712,-1368.695560620752,28.424279965129806,-1.150513
M83713,468.8365761687311,457.67340719013026,-1.1525674
M83714,-1789.6281057719164,-105.1085234019148,-1.1525674
M83715,-856.1206043137698,211.79060243702853,-1.1439692
M83717,-1359.9869278982717,77.70647527288811,0.08628677
M83718,-768.3222615041961,-26.943535643013742,1.1907943
M83719,418.9065135126555,169.38020275366958,0.08628677
M83722,-829.37409898784,-31.631708761692323,0.08628677
M83723,1803.0094498784701,1963.4653419602946,0.43093038
M83725,-12.416393457432662,-194.16835759992543,-1.1525674
M83726,-1401.7950910027757,-210.88613454174154,1.2079906
M83727,-214.00323017497666,129.12930189997547,0.08628677
M83732,-2465.7565359619252,-491.88463296388005,0.08628677
M83733,-1527.166932481042,-228.44480854048928,0.22559516
M83738,958.5705728517862,31.930699930092967,0.08628677
M83739,-857.9679796182629,-176.20494518756206,-1.145326
M84001,7231.987226574293,494.9212752258515,-0.14801358
M84002,767.8972016523193,225.35526580354417,0.12426206
M84003,3580.2501748849377,-61.73984782119216,-0.14801358
M84004,4048.164941905134,724.9487436108068,1.318334
M84005,-490.2749082001277,630.7604866773396,-0.14801358
M84006,5520.137063508575,921.6605408558607,0.6326293
M84007,6038.070572420117,500.54289299427245,0.6326293
M84008,2385.441492079969,446.6391340115012,0.6326293
M84009,612.2966906645669,371.0640445627229,1.318334
M84010,772.5187415491661,115.35386774203032,1.6421986
M84011,8467.28218264229,2841.66479980342,-0.14801358
M84012,4061.920566807924,183.9325751465192,-0.61338997
M84013,1900.3654420958865,176.1139680581019,1.6421986
M84014,2735.494366782195,21.819165604555458,1.5784289
M84015,3329.9407014168287,743.808935241462,1.6421986
M84016,733.7195127953219,503.64435379457916,1.318334
M84017,1255.793277430242,137.11439570118043,1.6421986
M84018,5846.125776380014,176.00603095849524,0.12426206
M84019,8669.106153457682,1087.6386241069247,0.6326293
M84020,2092.727205416851,-73.96765396040946,1.318334
M84021,4810.976804521297,456.42588989558504,1.5784289
M84022,3524.378086458134,-41.82004279278959,-0.14801358
M84023,4571.2962905513,466.37988506658957,1.318334
M84024,1008.2541321394277,246.56667713185027,1.0460583
M84025,5705.694304694919,585.4619301347773,1.5784289
M84026,2577.4270663499833,-41.92430735033182,1.318334
M84027,-89.6811096267982,50.46237114075568,-0.13081722
M84028,5410.836811877311,1132.3756617860888,1.6421986
M84029,837.0033871418544,122.34262185550966,1.6421986
M84030,4538.754841242579,334.5475175506048,1.5784289
M84031,930.213470009039,262.0126868265576,1.318334
M84032,896.460112559022,386.13262514734726,1.6421986
M84034,-1211.2596435556627,53.39405646182873,-0.14801358
M84035,1550.3040313011766,414.49044193666765,1.318334
M84036,4987.295692218527,2273.9328818051254,1.6421986
M84037,4649.4016308101145,-112.73277578034748,-0.14801358
M84038,-998.662841696279,-277.1028479456788,1.6421987
M84040,1393.7853305833517,-485.0578410405326,1.6421986
M84041,809.5602682603447,253.95741336785505,-0.14801358
M84042,3847.1041055291043,401.4996701788223,1.0460583
M84043,7050.309667739535,294.50224555946807,1.5784289
M84044,1168.6097961764087,-16.15360022868811,1.6421986
M84045,1186.657356838164,-697.5218238979205,-0.13081722
M84046,43.86764586943346,-36.085980008994035,1.318334
M84047,556.0693625238844,432.7242498561937,0.12426206
M84048,-321.57288911323406,-394.21519989531595,1.0632547
M84049,65.50468147331881,432.5023834841093,0.12426206
M84050,1117.3360746572764,302.0838849225648,1.318334
M84051,3053.8235735019466,454.7781246552213,-0.14801358
M84055,-202.22123710621275,-37.15202382626389,-0.14801358
M84057,-409.8980047019414,-40.560180797070664,-0.13081722
M84059,-118.68335638207203,131.42583380197138,1.6421986
M84060,899.5053003428978,442.7819688322429,0.12426206
M84061,857.9237126690487,196.98327038438077,-0.14801358
M84062,21.42109044201662,81.75233855071919,1.5784289
M84063,-496.913748826057,187.8557374906138,1.6421986
M84064,-743.3568686570507,191.45729964060726,1.6421986
M84065,-255.3213837470599,-108.58748006567674,1.318334
M84066,400.29153563444004,348.0709607249135,1.5784289
M84067,1517.3215592107563,233.30408392118392,1.318334
M84068,-622.4893481567352,-351.7244172566028,1.3527267
M84069,-164.23566434426903,212.25480824806561,1.6421986
M84070,-1056.0053941540164,218.96934403064404,1.6421986
M84603,-780.274399181766,256.5068666670684,1.6421987
M84608,-1875.5186687988764,-142.04292441988113,0.15865476
M84609,-680.0785124943237,21.99684930341097,-0.14801358
M84612,130.8818104845489,248.88249943127076,0.6326293
M84615,1088.964388229124,220.82595614721723,-0.14801358
M84616,-332.026225988028,129.40392467420185,1.318334
M84617,-1495.8874112032458,-19.169480316895,1.5784289
M84618,36.88384633216497,-24.043129295121815,-0.14801358
M84620,-1046.9537540380952,105.54728701628305,1.0460583
M84621,-1046.1050395630261,52.66245304135383,-0.14801358
M84624,-1310.5321281950091,-131.3348866454341,-0.13839062
M84627,124.22208466607208,277.23052193694167,-0.14801358
M84629,-372.67564147681253,546.4626016067531,1.318334
M85001,257.121497888473,-724.8905940640001,-1.2335335
M85002,1528.1075187685447,332.1141437312476,-1.2335335
M85003,869.5020945776486,-159.2898719913538,-1.2163372
M85005,-630.847296867301,-46.35930553174543,-1.2335335
M85006,470.0783078240654,-358.99363297906586,-1.2335335
M85007,-414.918629531805,462.0757265751707,1.7783365
M85008,-879.8944178333787,-591.5733077915227,-1.2335335
M85009,-282.20506649853826,151.67880329373656,-1.2335335
M85010,-1948.1724075000498,-510.2308667367725,-1.2163372
M85011,463.8519894669334,-8.823602392764435,-1.2335335
M85013,-213.27328660360826,191.3320758317285,-1.2335335
M85014,-683.5868842664341,-132.75737217189754,-1.2335335
M85015,-783.1849717556282,-270.79470865952067,-1.2163372
M85016,880.6660003889067,-350.929836562097,-1.2335335
M85018,1407.9923864218988,15.77567365398383,-1.2335335
M85019,8680.16608082619,4841.630405858367,-1.2335335
M85020,3798.2878446374257,754.5025369624723,-1.2335335
M85021,-1910.1770756039723,28.522859773060887,-1.2335335
M85023,438.69513967659697,-221.37748482963184,1.7783365
M85024,106.9066034829096,112.03628656200122,-1.2335335
M85025,-639.6662150760164,179.31944949075094,-1.2335335
M85026,2854.9356831587797,458.5545821518749,-1.2335335
M85027,244.27055475353794,394.14903473081085,1.7783365
M85028,5681.44879950872,-912.3971804990924,-1.2249354
M85029,130.86585536850566,-67.58487079237428,1.7783365
M85030,252.0242828070784,641.6374916138905,1.7783365
M85031,2212.4500819732516,-37.13048276547442,1.0460583
M85033,2578.8368959282343,100.39884193309351,-1.2335335
M85034,1032.2458889427578,357.40640445747607,-1.2335335
M85035,-945.0963371458103,-5.149494112450645,-1.2249354
M85036,-106.80666809557366,185.5528408364476,-1.2163372
M85037,488.05906217392226,38.16992031592629,-1.2335335
M85038,900.4197911788785,-100.45541359045603,-1.2215687
M85041,-1170.4510674242463,-3.8965547999714327,-1.2335335
M85042,-1077.697163187144,126.13203752550744,-1.2335335
M85043,-555.941605094346,-195.90342061441726,1.7783365
M85045,-1499.4879960273258,-323.81403538530236,-1.2163372
M85046,5245.909174057243,5409.892473330593,-1.2335335
M85047,-552.7997910447385,218.6442979338738,1.7783365
M85048,2240.6808948362996,272.87574120925785,1.0460583
M85051,-807.1381976746557,-258.69423771618,-1.2335335
M85052,-814.1883141867658,67.77805482333324,1.7807094
M85053,-1001.4403890240746,190.63304332693073,-1.2335335
M85055,-845.6269698039894,-338.513304008277,-1.2335335
M85056,-109.00068407756252,193.1741518555808,-1.2335335
M85058,-165.60422367516804,116.99353367468078,-1.2335335
M85059,-690.2472900847877,35.75496249091233,-1.2163373
M85060,4030.319392563922,2051.3156484136803,-1.2335335
M85061,1851.8909025356136,31.772233340628762,-1.2335335
M85062,-322.08675030660964,-415.3204178186064,1.7783365
M85063,20274.736455138463,7369.523415603369,-1.2335335
M85064,-1405.142487405322,-326.994757092998,-1.2335335
M85065,1060.035478658936,175.64889423313113,-1.2335335
M85066,1419.9642604399999,602.0045824599396,-1.2335335
M85068,416.68390985523143,-444.90255209299363,-1.2239106
M85069,3529.8114892785666,1061.4432634089337,-1.2335335
M85070,1748.0129297461185,188.02269202736696,-1.2335335
M85071,914.7117354753556,222.9857752806497,1.7783365
M85072,-1056.8667286464147,144.2312248823295,-1.2189529
M85074,183.9209427175296,94.54866840467857,-1.2335335
M85075,-1472.684111911791,-276.51654526717226,-1.2260947
M85076,237.94675328746482,-15.022217662508103,1.7783365
M85077,1085.0010308879732,78.12746762573167,-1.2335335
M85078,-442.788567167591,234.68205964528914,-1.2335335
M85079,935.6246899306805,175.96291068966636,-1.2335335
M85081,1959.5839690031185,-658.1476627250778,-1.2335335
M85082,625.1687273744318,884.8634601814532,-1.2335335
M85083,2022.108089409993,-183.7023295477007,-1.2246553
M85084,-355.31678241314216,-90.5612467820995,-1.2335335
M85085,-1954.8950465106057,-86.55848471052435,-1.2335335
M85086,242.5531160364667,548.5475773181322,1.7783365
M85087,1408.2307546885766,178.4015564781929,-1.2335335
M85088,395.46770199011667,155.63115992636506,-1.2335335
M85092,105.77879698094542,-74.39059555607878,-1.2335335
M85094,-1729.3393911951182,-209.7067399137175,-1.2335335
M85097,-1861.2032860435504,-129.53592543494298,1.0460583
M85098,-997.036156202435,9.026504059365253,-1.2335335
M85100,-928.1079729899188,57.90033603817904,-1.2181928
M85103,-296.5541868233502,57.05977871077737,-1.2231483
M85105,-823.9751200226948,127.18495415137482,-1.2335335
M85107,-1326.951301528517,52.13879146259976,-1.2335335
M85108,-876.6766476364946,156.55174214308477,-1.2335335
M85110,222.366689074194,939.1221390601612,-1.2335335
M85111,-1162.83948881321,-1186.7722201327394,-1.2163372
M85113,352.6443501805183,259.47540583186554,-1.2335335
M85115,-1541.3939507664102,-241.4480016185257,-1.2335335
M85116,-80.63633168434606,255.77038276428024,-1.2335335
M85117,872.8761234329227,210.25147286664634,1.7783365
M85118,-667.5185806605703,28.15158959296423,-1.2335335
M85123,-36.61927723207895,248.25628275900786,-1.2335335
M85124,-10.009676866217664,-135.55918583294772,-1.2335335
M85127,-1584.2429690354609,95.96779272876658,-1.2335335
M85128,-1229.3303643153265,-73.05869995270783,-1.2335335
M85131,-3810.7632934402905,-1690.3158125030143,-1.2163372
M85133,-1936.1873837476587,-138.96523150904827,-1.2239106
M85134,-1431.9404427112254,-43.975571021295366,1.7783365
M85136,592.9714050213171,897.3698772806991,-1.2335335
M85139,-288.70978074376086,124.22836813013627,-1.2335335
M85141,-676.36303371171,-19.1659700019765,-1.2335335
M85142,-1709.9460998815125,-6.624329185874892,-1.2335335
M85143,83.36617681073085,-332.1860091114468,1.7783365
M85145,-266.40467478509515,79.25583171144768,-1.2335335
M85146,-951.0272369697919,394.2444922244171,-1.2335335
M85149,534.7418899099129,345.7423603456786,-1.2335335
M85153,-1314.3800375701492,132.65373082811627,-1.2335335
M85154,-1259.7894866096378,-4.509384765128758,-1.2335335
M85155,591.7061442506497,46.17212298829789,-1.2335335
M85156,-573.1166632462679,-7.626133369679481,-1.2335335
M85158,-1348.5329876660855,-2.610741696137924,-1.2335335
M85159,403.6411474407958,1037.618329237136,1.7783365
M85163,-1308.1292879806413,128.2198403302563,1.7869347
M85164,657.3508386330733,457.25532551011804,-1.2335335
M85166,-3159.7673416426783,-1070.6416921331738,-1.2163372
M85167,-1506.2372500507172,114.84842996689665,-1.2335335
M85170,-310.63576297064736,2.2798275623052384,-1.2335335
M85171,-1356.3278052888022,0.2942733076806696,-1.2335335
M85172,2154.906852546548,56.15248576769109,-1.2249354
M85174,-808.065596569866,-181.75936232576018,-1.2335335
M85175,1271.8303232747658,-34.78004753693048,-1.2335335
M85176,-495.14947165233315,213.44279254901417,-1.2335335
M85177,69.42474859809197,238.57980528342298,-1.2335335
M85178,1518.7339934720349,683.0158984652461,-1.2335335
M85179,368.08821371004177,238.50127552114333,-1.2335335
M85600,144.66133833455405,675.0798630301322,1.7783365
M85611,-1886.2091117031387,-114.31394553939876,-1.230049
M85624,-361.58370501920905,-15.93173938931707,-1.2335335
M85634,-147.33956702485634,84.85624478555921,-1.2335335
M85642,-718.0350057885566,405.5556612439115,-1.2335335
M85652,-1814.9623159263485,-212.36283706805517,-1.2181693
M85655,-2168.656709106302,-1140.1611128727716,-1.2163372
M85663,-1027.180190168345,-27.882732794511707,-1.2335335
M85669,-1414.9835345335084,203.74575792352167,-1.2335335
M85670,-1528.6621806912385,11.820850168520048,-1.2335335
M85671,-1823.672352317949,-82.79116333561268,-1.2335335
M85676,-985.0522627999442,-9.846487588620528,-1.2335335
M85677,-1137.929963852954,58.80877992741253,-1.2260947
M85679,-787.0242209086335,129.69825477077052,-1.2335335
M85680,-1890.2923072233486,-4.238226433547237,-1.2335335
M85684,-1946.8707507673303,-1.7040231110472266,-1.2335335
M85686,-1657.4124363021092,-72.65616862822175,-1.2335335
M85689,-1388.261873707895,-152.2338332326128,-1.2225624
M85693,-1779.051469911901,-101.09708738577915,-1.2335335
M85694,-1506.3614828926686,16.831084365430655,1.0460583
M85697,-520.2910211002861,-148.71907590981795,-1.2335335
M85699,-150.9960364247221,-804.3930425781056,-1.2335335
M85701,-1052.2983467972513,6.046322716433787,-1.2335335
M85704,-1723.9711566801016,-569.1774505602932,-1.2163372
M85706,-157.36469111096605,1072.0976692193917,-1.2335335
M85711,-1337.9330488564697,57.04400777904044,-1.2249354
M85713,-846.8743892880071,-35.421753227904304,-1.2335335
M85715,-50.630317775470445,57.359342516743695,-1.2335335
M85716,-1295.4649967614173,109.74796936445085,-1.2335335
M85717,-1099.1503733485029,114.60143733550794,1.0460583
M85721,-1309.0126796473069,-188.21468837872933,-1.2249354
M85722,-1423.8420891520898,185.59677037471533,-1.2335335
M85730,-1790.124657826897,-77.84553001349718,1.7783365
M85732,-1978.7913401581577,10.425118705396825,-1.2335335
M85733,-1580.1980866975148,-90.78466375002427,-1.2335335
M85735,-1582.1352742697966,127.94818615066748,-1.2335335
M85736,-312.3660779802386,65.73244312919897,-1.2335335
M85738,-1905.954109895339,-477.8538870361283,-1.2163372
M85739,-776.3738861532469,144.62880982123062,-1.2335335
M85741,-2040.1347355791227,-331.97426145605573,0.22552645
M85746,-534.3170875915856,703.6954728460132,1.0460583
M85749,-1445.8326016342414,-3.693842879529451,-1.2335335
M85750,-2785.0864400400924,-617.741843475945,-1.2163372
M85753,-1786.3482805678443,-94.63560705005787,-1.2335335
M85756,-1527.2522213965103,20.855275379901926,-1.2335335
M85757,-1731.3355076639045,113.01439356495426,-1.2335335
M85759,-410.67647864741264,-299.84069545386586,-1.2335335
M85760,-2576.8125439027463,-346.3816940086517,-1.2163372
M85766,-1822.4626725246883,-154.11813395652987,-1.2335335
M85768,-2330.8105161638014,-12.576620731807884,-1.2306601
M85770,-1764.965401139745,99.25380452291799,1.0460583
M85774,-1564.0952588292046,111.3286946074189,-1.2335335
M85776,-1620.2840174405453,-298.1833278579728,1.0534972
M85778,-2007.5285414660182,124.30505703945333,-1.2335335
M85779,-799.775095595747,-45.468801791379036,-1.2335335
M85781,-1258.105076786814,91.78904868339465,-1.2335335
M85782,-2005.0224043762714,13.502706847879715,-1.2335335
M85783,-671.9543809586651,186.05930669294483,-1.2335335
M85784,-2074.7281505038204,-290.4641123506102,1.0632547
M85786,-1862.8567285328893,-537.1708768306271,-1.2163372
M85791,-1901.8779857094248,-141.37587744446273,-0.8906811
M85792,-1480.6366620601668,35.96325273193849,-1.2335335
M85794,-1378.9696184678355,-36.95965801492173,-1.2335335
M85797,60.47841444064277,425.6626624388439,-1.2335335
M85801,-1809.9671056320803,-238.2615638043369,-1.2335335
M85803,-947.7041319118792,-425.72796832586937,-1.2335335
M85805,-2312.188059470491,41.41111642701158,1.0460583
M85809,-804.0406644201456,41.90681184939081,-1.2163372
M85813,-2348.5531937421174,-3.9514126074427782,-1.2411491
M86001,177.03312843056156,66.51735846545141,-0.61338997
M86002,2588.2485708195018,12.48392042138554,-0.61338997
M86003,3897.510304081794,430.4195318756198,-0.61338997
M86004,1725.2868174275156,17.05811166851169,-0.61338997
M86005,-23.51637366909791,-22.87510371546764,-0.61338997
M86006,1729.0799672107094,144.16771171119208,-0.61338997
M86007,1535.9395087479413,-2.5108325427392337,-0.61338997
M86008,3535.14041205074,356.1321657284317,-0.61338997
M86009,2458.637372762693,268.87859188844664,-0.61338997
M86010,1432.0046823247549,-1301.7905802646878,-0.61338997
M86011,-401.8149814909443,-282.6786918236847,-0.6735772
M86012,360.7311753852052,407.0910958796806,-0.61338997
M86013,-481.38154989902944,-454.558644516463,-0.615321
M86014,5614.150493772266,487.5061729600747,-0.61338997
M86015,4208.377007252423,164.75920685265055,-0.61338997
M86016,130.46250211634708,306.7347018096114,-0.61338997
M86017,2508.3789489676233,-251.9638424063515,-0.61338997
M86018,1658.0334950455574,334.64966568376724,-0.61338997
M86019,944.2125370109958,-272.03190474345234,-0.61338997
M86020,1141.7711248314101,202.18148602054512,-0.61338997
M86021,480.6234542959994,-103.72588993051211,-0.61338997
M86022,-1008.5040446173366,100.14603612203484,-0.65526724
M86023,576.8465302053992,-65.27757658987643,-0.61338997
M86026,-525.1111687280528,-451.4815264717283,-0.65526724
M86027,189.19259243098753,262.0403460401007,-0.61338997
M86028,-645.9314832537884,113.02754869897058,-0.61338997
M86029,2242.920323201548,688.0879801402278,-0.61338997
M86030,996.756570887162,20.96474184768154,-0.61338997
M86032,2748.658628576908,242.32556344047973,-0.61338997
M86033,-335.6896072287818,54.482250327707824,-0.61338997
M86034,2390.40168820431,1283.5565327452334,-0.61338997
M86035,944.8539563031638,1260.1683564582122,-0.61338997
M86037,-708.0246332449592,13.463524702039003,-0.61338997
M86038,-522.0521723120361,-154.49167718119335,-0.61338997
M86039,58.49163416388942,276.27596719917784,-0.61338997
M86040,86.3534702112038,-105.38492272002104,-0.61338997
M86041,721.4076427625525,558.5142858389286,-0.61338997
M86043,-1418.1147548346435,-453.52470838552233,-0.6735772
M86044,-691.3481446621257,27.159907982095,-0.61338997
M86045,894.537403535947,139.90511434470557,-0.61338997
M86046,419.64420909949456,526.9430897736524,-0.61338997
M86048,-291.3932664051282,646.1151063177102,-0.61338997
M86604,-1835.5212695113087,-613.4746280295445,-0.6735772
M86605,-906.7890478693922,210.1283086254749,-0.61338997
M86607,-1518.8516030438384,-545.8400569808472,-0.6735772
M86610,-1704.4624974735627,17.941337220112338,-0.61338997
M86612,-1352.9292570352206,78.51530738089524,-0.61338997
M86613,-1034.9406136427451,131.69016485872982,-0.62776977
M86617,-860.7392622849277,8.921230489670855,-0.61338997
M86621,-2016.4498208924388,-15.003657999433795,-0.6735772
M86622,-967.8709283592593,-273.8062038920716,-0.61338997
M86624,933.6743610680703,226.93825387475823,-0.61338997
M86627,-733.890256464754,488.9489790587016,-0.61338997
M86629,-1502.607903651169,-265.77355750058786,-0.6735772
M86630,-1736.246494488009,-91.8033350820971,-0.6735772
M86633,-423.2957892549808,42.013139567270024,-0.61338997
M86638,-534.9644487417007,128.73023001443286,-0.14801358
M86639,-2354.411984945982,-19.989914703522007,-0.65526724
M87001,1428.5209189994528,-68.44147590003425,-0.08424375
M87002,-569.953040507528,-75.78923678974655,-0.06506825
M87003,4411.494649178022,553.9429146159141,-0.08424375
M87005,1444.4341563740566,464.99513765588847,-0.08424375
M87006,1763.029506197804,520.1957453480724,-0.08424375
M87007,2967.6586090358323,630.2448617698462,-0.08424375
M87008,2306.5078597354495,131.9993551146569,-0.08424375
M87009,5771.7617807082315,-7.218009173354945,-0.08424375
M87010,1650.8577431172803,403.27069909426416,-0.08424375
M87011,7504.395672984033,370.9326388956546,-0.08424375
M87012,1504.9021237475497,611.668537310308,-0.08424375
M87013,1823.1212812734652,95.72115231398048,-0.08424375
M87014,234.78430200096366,-121.53384122293605,-1.2249354
M87015,1832.9407554235754,408.69707960444896,-0.08424375
M87016,31.646241356601998,-125.84384987871884,-0.08424375
M87017,1501.7021816572956,287.1776575882726,-0.08424375
M87018,1874.364998110241,118.7584087180418,-0.08424375
M87019,541.8463519100427,-210.8980887767418,-0.08424375
M87020,957.1538995787703,408.4350727526225,-1.2249354
M87021,804.3995061577974,-44.721575226597665,-0.08424375
M87023,1537.6778095777313,-383.4927434658794,-0.08424375
M87024,6259.353885163616,-175.9201466442052,-0.08424375
M87025,195.31174973531162,-41.19401385682384,-0.08424375
M87026,-427.2976935473516,-39.28503344347873,-0.08424375
M87027,-630.4846959830264,-370.3244792293658,-0.08424375
M87028,290.29969340884753,-19.736316177919335,-0.08424375
M87030,-387.6625781122599,-373.2329408169183,-0.08424375
M87032,-747.1985762247348,13.287081460623321,-0.058449227
M87034,-940.0493814872577,29.32007830139139,-1.2249354
M87036,-1370.9742544482856,243.99391601930603,-0.08424375
M87037,293.37366334273514,304.6838496353233,-1.1439692
M87041,20.66934999710444,-9.030858330391702,-0.08424375
M87601,141.50828102982612,80.9954257691778,-0.08424375
M87602,2355.8442551830985,-1202.0683922526641,-0.08424375
M87605,-1318.3424795119938,-57.6101712306898,-0.08424375
M87606,-2059.8682335048557,17.301162515312384,-0.058449227
M87612,-1503.8542990523904,29.51252832083862,-0.08424375
M87614,-2019.31475915407,-145.33211318326164,-0.058449227
M87617,-1214.7790306902396,290.16280793246426,-0.08424375
M87618,-1545.9369479194565,98.8673171501309,-0.08424375
M87619,-2980.113071777241,-1347.474386181425,-0.058449224
M87620,-718.926383651448,550.9536603519344,-0.08424375
M87621,-1347.018472994167,-116.8458864199007,-0.08476487
M87623,-1309.5265095372056,-15.829406513566829,-0.08424375
M87625,-1625.0162429848021,-341.60828524872306,-0.075149536
M87628,-1611.6867447823308,103.25099909473185,-0.08424375
M87629,-1760.8392111640464,-340.27618350245615,-0.05844923
M87632,-2417.9203472900267,-6.621709047996697,-0.098529965
M87634,-2211.497139937282,-38.993644683569904,-0.058449227
M87638,-302.26684252964213,-276.8804465172893,-0.08424375
M88001,2495.2674814025036,895.3772137547506,-1.2249354
M88002,2215.4474551319513,-753.2469468442378,-1.2249354
M88003,2815.1118512871667,-378.12497873059846,-1.2249354
M88004,13324.084866891862,7535.498947137489,-1.2249354
M88005,1790.057825192509,182.85014485917065,-0.05844923
M88006,2049.934520356021,-171.35882771643068,-1.2249354
M88007,3266.607985429947,215.76407437537245,-1.2249354
M88008,46.79111515265141,-36.58733452252166,-1.2249354
M88009,2692.3281497047665,99.25024635926434,-1.2249354
M88010,1425.186721918293,300.10175146585397,-1.2249354
M88012,1380.7759631204099,-168.08179136008692,-1.217694
M88013,2978.6382083163057,242.05985306443878,-0.08424375
M88014,-613.3764428899182,140.49599143098828,-1.2249354
M88015,2113.086177480759,-330.3049236050996,-1.2335335
M88016,-965.0964459819174,-239.791077398128,-0.08424375
M88017,-712.3542681834705,134.3039202153713,-1.2163372
M88018,4320.605098036789,871.1408774599437,-1.2249354
M88019,-1349.99960319152,-185.14894936240418,-1.2249354
M88020,1493.3005754785613,-44.1041731162578,-1.2249354
M88021,542.9496620017503,199.23370537143285,-0.91647565
M88022,238.13920786468157,-95.10749911060286,-1.2249354
M88023,180.83161737128037,51.471672896092755,-1.2249354
M88024,-503.7845588565107,-143.3686859967247,-0.91647565
M88026,-737.5122244718488,2.689647677565533,-1.2249354
M88030,1105.0208835918088,-260.9594646543213,-0.08424375
M88031,-881.32729542458,-135.77200086737028,-1.2249354
M88032,1114.400837735304,-484.50965047326775,-1.2168071
M88035,-928.2202813366358,180.03618992827242,-1.2249354
M88036,-1177.7434007470415,-37.84113027708757,-1.2246594
M88038,3706.0587829452475,776.5232128735925,-1.2249354
M88040,40.6183301658142,380.72536092448314,-1.2249354
M88041,-1255.6128732049574,89.57736181395072,-1.2249354
M88042,-829.8009535655568,-21.21951374106194,-1.2249354
M88043,-472.78606144276927,379.7582796917683,-0.08424375
M88044,-1173.0053956875286,34.57945130606107,-1.2249354
M88600,-1060.5905785474783,77.47921098096361,-1.2249354
M88610,-1413.844508374108,110.04677167917544,-1.2250214
M88612,-661.5575374401639,437.76213038731606,-1.2249354
M88615,-2907.9811035785565,-1039.6040067679544,-1.2163372
M88616,1888.5231427047888,555.1788349539688,-1.2249354
M88618,-1677.0048175974905,35.17432640656532,-0.08424375
M88619,485.2536077792035,369.23987392707494,-1.2249354
M88620,-1270.8678024479748,-0.2775119438339907,-1.2249354
M88623,-1288.0280542180576,-88.87942316421457,-0.91647565
M88624,-633.900039454788,-106.29679243306254,-0.89068115
M88625,-1473.1679006929792,123.89838756851815,-1.2249354
M88626,-942.3787830327603,97.17611975970013,-1.2249354
M88627,-932.4614470360282,60.86250056646939,-1.2249354
M88628,-881.6293260782836,99.21699836134877,-1.2249354
M88629,-1848.3889527546824,-38.311214678278176,-1.2249354
M88630,130.8590866790306,213.16558865033446,-1.2249354
M88633,-369.47846453126755,359.55074463124777,-1.2249354
M88635,-1140.3301570093954,47.30168851232179,-1.2249354
M88637,-1484.1592699611679,-68.09306086040684,-1.2234986
M88639,-953.1785886384445,58.838546409120994,-1.2249354
M88640,-1178.6221702806831,66.18645474583248,-1.2249354
M88643,-18.190265987664414,727.7005932970422,-1.2249354
M88645,1934.3936840559466,331.5244139912162,-1.2249354
M88646,-1095.3629032549586,128.79915320285588,-1.2249354
M88647,-1174.2535112440983,415.39292342648486,-1.2249354
M89001,-860.2166489940039,119.75550680364661,1.0460583
M89002,1249.211221550022,-455.56362780642183,1.0460583
M89003,13157.663160764563,6878.3970447850925,-1.2335335
M89004,93.91845572470326,-266.4605649970165,-1.2318447
M89005,773.3556466892899,147.53359643145203,-1.2335335
M89006,-211.4832581487563,-8.919607607661366,1.0632547
M89007,-606.591227265515,-577.6132794667244,1.0460583
M89008,2987.023918806279,11.67167137823752,1.0460583
M89009,3434.635180802885,-608.2644703841569,-1.2335335
M89010,717.0195482012567,5.10489365676201,1.0460583
M89011,200.1762000635975,86.32770480908353,-1.2163372
M89012,3358.137967814592,421.3203422434422,1.0460583
M89013,-120.56162551908575,-12.813919021654572,1.0460583
M89015,3020.538130816808,1545.8617454583075,-1.2335335
M89016,4648.768702510007,638.3663696681598,1.0460583
M89017,10292.479788941933,1804.0270208730074,1.0460583
M89019,2454.124931027739,204.15747091009985,1.0460583
M89020,-197.99437311219455,-645.3323726366357,-1.2163372
M89021,734.7397112965938,-82.7356225611199,1.0460583
M89023,-685.7980591846197,-835.4632212311283,1.0632547
M89024,-990.4865777255135,-149.82673696925926,-1.2335335
M89026,2872.3493552387467,582.864565784297,1.0460583
M89027,1901.9483511018936,10.672765469445855,1.0460583
M89028,162.94471879425691,-381.3454201496192,1.0460583
M89030,-1236.8366209857381,-5.1279929545242755,1.0460583
M89601,648.3744066749679,-570.3460672297672,-1.2324189
M89602,-455.09212294017414,41.32708045892248,1.0460583
M89606,-1931.8435624720387,-79.35308564711055,1.0632547
M89608,-1490.3546633546819,-67.76506023423852,1.0460583
M89609,-396.106137461161,222.1204442989547,1.0632547
M91003,-275.4920960525573,187.39177052739728,-0.91647565
M91004,1265.5266746394898,175.09460228114287,-0.91647565
M91006,-306.7985241604419,124.51192282075456,-0.91647565
M91007,2546.692018737678,107.21630177189586,-0.91647565
M91008,1389.9616485374218,124.22347227891005,-0.91647565
M91009,534.7905883933693,-7.9565245679067065,-0.91647565
M91010,1551.9823443709122,542.6700602824255,-0.91647565
M91011,1501.828067230759,152.65211549312008,-0.91647565
M91013,2767.872689470375,193.331438032093,-1.1439692
M91014,-624.7100972279034,-25.01251266581983,-0.91647565
M91015,1036.914711663475,142.95059952425964,-0.91647565
M91016,-238.42796222480726,62.02588308770556,-0.91647565
M91017,1172.5433310746164,342.2382273088783,-0.91647565
M91018,-919.0946928602561,-51.716524215674,-0.91647565
M91019,5697.082903834855,1309.922298778438,-0.91647565
M91020,151.35303896515424,248.7453857771752,-0.91647565
M91021,747.9740286370259,976.1785071248024,-1.1439692
M91022,-1125.1866710622023,229.5827461788666,-0.9053174
M91024,-1028.0878834749642,5.818770186168096,-0.91647565
M91025,-1461.925777220138,-114.1724147887473,-1.2181242
M91026,-1433.0408459911491,-56.39940066455239,-1.2249354
M91028,855.7353202585703,902.3290110010815,-0.91647565
M91029,-809.6560477013754,183.61502317612803,-0.91647565
M91032,348.4522731168587,-189.15453393387554,-1.2335335
M91033,-876.279376988659,234.0196953628913,-1.1439692
M91034,44.689562702476245,565.3562501003624,-0.91647565
M91036,-593.5387071701869,212.86554605598835,-0.91647565
M91039,-507.13710919198144,131.44428266576742,-0.89068115
M91602,-1471.9595726140117,31.911721065348456,-0.91647565
M91604,-749.555641477898,-199.3008093337245,-0.8973002
M91605,-1792.2179973273091,-340.05752790104793,-1.1439692
M91609,-1730.2838301590668,-50.611408407779216,-0.91647565
M91610,-1829.0093594380767,-290.3632421957449,-0.89068115
M91611,-622.8828782955812,-155.49213497785706,-0.91647565
M91612,-1096.621342097749,117.73893152825632,-0.91647565
M91613,-497.6908436751107,434.4021600959315,-0.91647565
M91614,-350.9132475673765,294.3049460805461,-0.91647565
M91616,1166.4520858165743,397.32356998412166,-0.91647565
M91619,-1094.9543456649712,334.87951126274936,-0.91647565
M91621,-78.31859934487204,528.8126674963487,-0.91647565
M91623,-1483.5571510862267,40.0312163284846,-0.91647565
M91624,-1046.7208257513607,-68.98429282593744,-1.2249354
M91625,-1489.615922979784,106.33971646273798,-0.9073815
M91626,-922.1010788000505,379.59651889115986,-0.91647565
M91628,-1249.9760809957347,125.85354031047086,-0.91647565
M91629,-873.6946554551623,117.21287769765875,-0.91647565
M91637,-956.4141951101608,30.60203639443974,-0.91647565
M91639,-1387.4477772472026,13.910842480987675,-0.91647565
M91640,-638.9326833783995,-14.996167265833167,-1.2249354
M91641,-663.1859217484765,-38.01690955786383,-1.2249354
M91642,-1767.7765292928189,0.20274840380501755,-1.2335335
M91643,-942.0167280168567,-368.383964333465,-0.90204126
M91647,-147.4914300142752,-9.518049202389749,-0.91647565
M91650,1061.215384587926,935.9253247854601,-0.91647565
M91654,-1413.1877855102616,139.0507764307628,-0.91647565
M91655,-270.9010133096159,-464.3979113734789,-0.9053174
M91659,-1402.698391323428,-36.82982267917563,-0.91647565
M91660,-1243.500585805505,440.84674736355714,-1.2249354
M92001,-175.11159780045057,485.79475951771224,-1.1439692
M92002,2758.5290945980846,573.7460217623785,-1.1439692
M92003,-629.2954468710386,186.79885738889348,-0.08424375
M92004,-689.5999452358519,-78.88427485460434,-1.1439692
M92006,94.98999586979558,4.066146226276861,-1.1439692
M92007,1267.3296390237106,349.8899242317196,-1.1439692
M92008,3902.8315415318266,165.76276124203616,-1.1439692
M92009,3909.207736939632,42.9902775346808,-1.1439692
M92010,3825.944878106754,297.900155311505,-1.1439692
M92011,2884.9239018795547,219.59620093968795,-1.1439692
M92012,2404.942190150807,-436.1838341367476,-1.1439692
M92013,2066.5165431718965,137.6915741824243,-1.1439692
M92014,-1579.7626183248824,-185.61117098742295,-1.1439692
M92015,-1115.0556735107373,-469.60809946213357,-1.1439692
M92016,1894.91655718875,1920.4620811541017,-1.1439692
M92017,-1177.788648501069,116.39731266146124,-1.1439692
M92019,1233.5530303177654,366.97800125018324,-1.1439692
M92020,563.0005393782085,683.8438313884359,-1.1439692
M92022,-377.3770382841311,126.99020607314746,-1.1439692
M92024,3978.9403954263194,385.59425018822134,-1.1439692
M92026,-417.15185277774543,-183.59444235717947,-1.1439692
M92027,109.88840714733445,-200.9080287894317,-1.1439692
M92028,262.72511697058644,-185.03378601083898,-1.1439692
M92029,465.0821022168292,206.9924011709751,-1.1439692
M92030,-372.8813354905048,-70.72249595069684,-1.1439692
M92031,-85.83848456675065,-282.1387053531358,-1.1439692
M92035,-44.70647223446458,1005.3317686589505,-1.1439692
M92036,-1158.993418469352,186.38796578860428,-1.1439692
M92039,1422.033636067682,1045.1092380240452,-1.1439692
M92040,2676.1804950482924,156.34045663831236,-1.1439692
M92041,-1048.418280295393,-67.9560641021413,-1.1439692
M92042,-1202.3289280756223,-131.95657963505118,-1.1439692
M92043,-190.9812245804058,187.43551485757624,-1.1439692
M92044,-737.6631432980491,111.02348572523427,-1.1439692
M92607,6139.856770552221,1334.9398172888866,-1.1439692
M92609,-141.65507511114177,298.8523181771285,-1.1439692
M92610,-1636.872489779771,58.46063187128091,-1.1439692
M92612,4950.250657582191,4542.585944894662,-1.1439692
M92627,-435.62047954625007,145.36193713050818,-1.1439692
M92629,-1162.578735534747,127.69291141566754,-1.1439692
M92630,1774.647199195408,540.1717307432161,-1.1439692
M92637,-1927.5394879163366,-420.16286827239696,-1.1439692
M92640,-1725.5593453595939,-3.664995289905323,-1.1439692
M92642,-1997.0534114355603,-210.8526132676833,-1.1439692
M92643,-1470.0563130737883,73.91498931904889,-1.1439692
M92647,-660.7350236117927,-164.06079869765227,-0.07412896
M92649,-788.5565741842453,55.20437262261209,-1.1439692
M92654,2189.641875349009,1754.433447987752,-1.1439692
M92657,-2344.552990289564,-102.17155593690678,-1.1439692
N81001,-479.01302766654436,-6.214645994372455,0.43093038
N81002,2586.0493350112665,579.8404586693489,0.60504353
N81005,1162.3788949126504,331.1938252125655,-0.91826695
N81006,804.5492757527434,-9.31628870052143,0.8203562
N81007,2838.171156695054,48.01841601462888,0.66523075
N81008,4449.004525322305,145.9634307080918,1.2993463
N81009,456.9895230813994,204.18288459669952,0.8203562
N81010,1886.202089036219,244.56711906775843,0.43093038
N81011,5378.389842379914,899.5747144968191,-0.91826695
N81012,762.2829632385941,239.9005045356573,0.66523075
N81013,1960.979689328679,449.8019727194817,0.60504353
N81014,1383.5193192111533,411.6795299969556,0.66523075
N81015,1071.3771023901984,-243.21996324266573,0.4453786
N81016,5259.455797708915,2433.718320481542,0.43093038
N81017,589.8100592463213,-408.03461454583385,-0.92640126
N81018,2856.0491783053617,397.797398737513,0.8203562
N81019,4373.214851583409,286.09133338893,-0.91826695
N81020,4642.180867970136,371.8165838782902,-0.91826695
N81021,494.17409625287877,-213.5468328447335,0.61095476
N81022,5924.75641235922,3480.4365868342848,0.60504353
N81023,73.99460522225708,-100.71301427631437,-1.2608434
N81024,4079.512640579721,124.5547177972301,0.8203562
N81025,2532.3954525870367,228.1526990270491,0.66523075
N81026,2558.579573489642,-97.61377456616381,1.1098282
N81027,5230.19440615962,1211.7913902970963,1.2993463
N81028,674.2326908687753,-60.67216257210335,0.66523075
N81029,5297.901653217839,-218.2885421838205,0.60504353
N81030,6874.504827496407,1282.911292961769,-0.91826695
N81031,-771.2588331345185,86.02636606373966,0.8203562
N81032,6075.11621226223,-1.3799960512695235,1.2993463
N81033,1593.7974222220705,80.13309892488628,1.2993463
N81034,940.0191502477159,-12.49193968078193,0.8203562
N81035,2758.7219487944553,-496.2090992850341,-0.91826695
N81036,330.878229977439,282.4710516533139,0.66523075
N81037,1593.1219319246488,196.33420747272504,-0.91826695
N81038,2030.6978012955017,238.87489877431315,0.8203562
N81039,3173.64336685591,1301.0686955334684,1.2993463
N81040,227.2345077417516,475.69763663577095,0.8203562
N81041,1389.3302763507372,-62.169016819506474,0.66523075
N81042,1936.1461622566699,323.9699218495139,1.1098282
N81043,1311.7178920304482,251.83920281720688,0.43093038
N81044,2594.953393065957,314.3576347914331,0.43093038
N81045,4588.359692634693,90.90827542278936,-0.91826695
N81046,537.0345750431502,320.47566459330534,0.8203562
N81047,5025.828207004315,-563.9598282587626,0.43093038
N81048,2994.4361769002853,202.50371578338374,0.66523075
N81049,1025.1270100779443,118.05601135697225,1.1098282
N81050,1980.8177724079044,858.7138122448839,-1.2611194
N81051,2392.207452592784,-65.20235972999102,0.66523075
N81052,1964.5123418883468,576.380617729861,1.2993463
N81053,6283.590268233562,434.2857903404805,0.43093038
N81054,1456.9802859994522,262.24510030361455,-0.91826695
N81055,2441.7786882918836,426.0405094801742,0.66523075
N81056,1410.8605585089604,235.67806897730594,0.66523075
N81057,3789.741076516337,403.32947214083765,-0.91826695
N81059,2638.8317814615593,1236.7651162718355,0.66523075
N81060,3733.092991216367,18.372538289965824,-0.23578665
N81061,2725.1892201598776,247.8857280586874,0.66523075
N81062,6471.6436167639395,312.7085899930662,0.60504353
N81063,2493.6275664774457,-11.38258605061207,-1.2611194
N81064,2592.6700775331337,-283.7273876046971,-0.91826695
N81065,398.14070692824316,221.99970751983508,0.66523075
N81066,4435.764225486494,749.1373293987583,-0.91826695
N81067,3414.0705448116887,325.6493583898905,0.66523075
N81068,4645.661178877671,408.7141875190122,0.43093038
N81069,117.098821982582,-64.77505974156345,1.2993463
N81070,3448.993573113553,436.0277636218203,0.60504353
N81071,1212.1725382092893,55.36001280904623,1.2993463
N81072,1460.7317149512055,-188.3102189500619,-0.91826695
N81073,4339.690102461293,-528.8931175960436,0.61723936
N81074,-179.55103976656488,312.8901111632355,0.8203562
N81075,5019.127061092818,373.57832990724216,0.66523075
N81077,5909.0908135975305,187.3013848211324,1.2993463
N81079,834.0187846520457,166.60961892103992,0.8203562
N81080,-49.81677028245085,131.60273690898046,0.8203562
N81081,18.275268901741125,143.770989113904,0.8203562
N81082,4673.762942556707,255.63849403450737,0.8203562
N81083,-107.1000545228124,52.1044985053636,0.66523075
N81084,4366.280244431801,376.26489683711947,0.43093038
N81085,2724.801528812902,543.4518027507085,0.60504353
N81086,2089.1399387635547,-75.4560418440641,0.60504353
N81087,13916.15411760818,600.9349732113772,0.66523075
N81088,2839.1137922058356,463.7344548233568,0.60504353
N81089,2133.5559440671395,34.247100379411094,0.66523075
N81090,-243.14236670909222,-52.769958795178,0.43093038
N81091,374.4580916220729,23.144944926544323,-1.2608434
N81092,2474.2711666423234,540.4394309870812,-1.2611194
N81093,513.773344338958,225.98652547723117,-1.2611194
N81094,54.92268538543703,280.8306001305732,-1.2602749
N81095,1347.7123033278203,-98.3850622990323,-1.2605621
N81096,1265.6622472429242,475.7682392036003,-0.91826695
N81097,-944.1321893088916,-482.34824579985724,0.66523075
N81100,-398.2720709036603,230.5969566800512,0.8203562
N81101,-650.307188531444,-71.99221695646587,0.8203562
N81102,-1351.2730802631283,-79.37226127628848,0.8203562
N81104,-2094.3843739978834,-1442.0097678797322,-0.16700122
N81107,-1371.2547945141446,-52.15856721144716,0.66523075
N81108,1473.2094431283567,80.70849223130912,0.66523075
N81109,-83.30486679293467,112.04822581513659,0.66523075
N81111,471.79713999375616,162.990071231712,1.2993463
N81112,-504.1265662797758,-82.61458703153151,0.61942333
N81113,1844.2707637958067,188.50205966288775,0.66523075
N81114,1990.0046080525597,572.8792651801859,0.66523075
N81115,-611.9301637592307,121.31598509786653,0.8203562
N81117,770.71459478972,75.01756023746796,-1.2611194
N81118,1705.7181167229978,373.70875829620337,1.2993463
N81119,27.108532221118228,378.31684045809834,-1.2973033
N81120,343.1453023530549,389.8776556511152,0.8203562
N81121,-366.58817606180315,146.75584777407767,0.8203562
N81122,1361.221457959584,871.029905227714,0.66523075
N81123,415.62516810354794,376.0928886369221,0.8203562
N81125,1707.2112494415373,-130.27065971812524,-0.23578665
N81126,-36.1578631751366,-28.624642173148715,0.8461507
N81127,2709.972678809838,132.87960113355146,0.8203562
N81607,-1427.966297621306,-132.68800580462482,-1.2611194
N81614,-147.92721325741465,458.87184697451215,0.8203562
N81618,-1338.6422360245142,-211.36223786841867,-0.9268651
N81619,-900.6214973622099,-113.73988271931808,-0.91826695
N81623,-518.1750711732411,626.4619623008598,0.66523075
N81624,1107.2243019334844,761.618934082615,0.8203562
N81625,-920.0906051415354,-49.51489510454303,-0.92686516
N81626,-235.6260800166632,337.9635823493758,-1.2611194
N81628,640.016666786951,405.4286982393696,0.66523075
N81631,-2340.377020458587,4.936278507857168,-1.2632424
N81632,128.9180589598708,450.01238556900387,0.60504353
N81634,2635.4062956386997,2055.780347642458,0.66523075
N81635,-2498.8002506131043,-20.95184684088698,0.8374665
N81637,-1574.5649386460486,-73.6300441936982,0.66523075
N81642,154.53174374149398,406.1997534696824,1.2993463
N81645,-1057.4961599897651,-35.038390043338914,0.66523075
N81646,-2499.7206256577965,-23.794571631657114,0.8461507
N81651,-1231.9041912207972,270.6491743642299,-0.91826695
N81653,-2478.2083647158343,-14.004645672529083,0.66523075
N81654,-2422.6587623502096,2.5963468817750317,0.66523075
N81655,-2301.1029876098764,67.74803978116046,0.8203562
N81657,-2449.431218888681,-0.6650034642212538,0.6244718
N82001,1626.2557933618582,87.6589745945905,-1.2973033
N82002,471.3064604794916,336.6316586363247,-1.2973033
N82003,152.23886581161088,375.99677234179234,-1.2611194
N82004,-714.8146667936434,-26.85657589516093,-1.2611194
N82009,1040.886274612363,-91.38505914788772,-1.2611194
N82011,3867.638581234215,-17.048985421352423,-1.2611194
N82014,839.7317267205597,460.3930738686622,-1.2611194
N82018,3187.570900910571,733.7451638152585,-1.2611194
N82019,1176.5747935996494,-187.83066726379218,-1.2611194
N82022,2617.091022507967,92.29178863340451,-1.2611194
N82024,4036.9813812909283,329.0143750511709,-1.2611194
N82026,142.09783924946774,-1.7032671678965892,-1.2611194
N82033,699.8007303342409,342.43220176695434,-1.2611194
N82034,1965.732157406642,10.669629272091866,-1.2611194
N82035,2672.211321765053,-198.3597198340408,-1.2611194
N82036,436.9101878892057,-349.86513289742754,-1.2973033
N82037,4231.581505497916,148.08776397268448,-1.2611194
N82039,-329.38261152896155,245.98267255721677,-1.2611194
N82041,3440.973696994668,1133.8655186181575,-1.2611194
N82046,1302.2739492339826,648.9782601670289,-1.2611194
N82048,2408.0651288207728,93.07973357781255,-0.22897975
N82049,1509.7150967291177,546.114509229725,-0.22897975
N82050,-858.2975680792058,117.05963399271451,-1.2973033
N82051,-1335.4092025535604,-66.33696541990287,-0.21675421
N82052,-0.45113808256915955,143.50157534724323,-1.2611194
N82053,7160.4107780410095,803.467950300862,-0.22897975
N82054,203.76303354065215,-47.83939400051132,-1.2611194
N82058,-201.41072905144216,139.35663336168574,-1.2611194
N82059,-826.8609390059758,270.35275257016167,-1.2611194
N82060,-775.5448589435098,-624.8073892384127,-0.21675421
N82062,505.1117803335777,153.0618135058987,-1.2611194
N82065,260.66122342277,271.20221363941613,-1.2611194
N82066,1818.002347099538,-120.38691961206632,-1.2611194
N82067,-529.3020262275857,34.28590079885386,-1.2611194
N82070,2266.395277250927,-117.7402067410293,-1.2611194
N82073,1250.7826442665973,-370.622515515281,-1.2611194
N82074,2851.802150414507,240.3099053711236,-1.2611194
N82076,-262.0262920524226,-569.8823167186823,-1.2611194
N82077,-877.3437125201981,-119.15004639775486,-0.22897975
N82078,-183.80366130933032,-29.688549689266168,-0.22897975
N82079,-834.4264579957131,32.784284326777666,-1.2611194
N82081,-769.1122993139464,206.99931887107647,-1.2611194
N82082,250.1564854923268,-410.56156549412054,-1.2611194
N82083,1056.8978160758793,664.7447479775451,-1.2611194
N82084,2040.2188451494294,18.611421393360807,-1.2611194
N82086,-72.35179319907103,568.1987998905993,-1.2611194
N82087,-677.2869121749981,-16.518525565186888,-1.2611194
N82089,-1287.8141807366453,-131.7881044669063,-1.2611194
N82090,1965.4414980188187,1.8619991500899946,-1.2611194
N82091,-1243.8878280103634,-243.88080321456863,-1.2611194
N82092,2435.4180251187195,824.5689368835916,-1.2611194
N82093,-598.3434657989482,275.02241177757907,-1.2611194
N82094,1914.5915661684987,536.8618838123107,-1.2973033
N82095,-138.1801550263011,264.4942385966018,-1.2611194
N82097,970.1642723420921,412.6174092630289,-0.22897975
N82099,1340.5148381578133,647.6991105434474,-1.2611194
N82100,-360.67154260673254,-91.27461539212936,-1.2566803
N82101,34.810763229485154,-381.79763724328757,-0.22897975
N82103,575.4625759326301,457.64607145702803,-1.2611194
N82104,-455.57189436678556,211.9342609922137,-1.2611194
N82106,-653.8902915958778,24.624630643332704,-1.2611194
N82107,-1519.9995130395596,22.984324601532705,-1.2611194
N82108,-161.31161617177187,333.6892960777425,-1.2611194
N82109,-508.19334848398734,-68.31496221673632,-1.2973033
N82110,2050.9009090623827,-184.00424329309504,-1.2611194
N82113,-779.4149490098742,357.8716312264418,-1.2611194
N82115,1583.9361443216105,497.61404593021336,-0.22897975
N82116,-36.441699075129065,191.68166711067656,-1.2611194
N82117,2422.362641237089,2099.5407063241355,-1.2611194
N82617,-1314.4679382479358,57.87735232355291,-0.22897975
N82621,-985.006231665019,64.4352786360829,-1.2973033
N82623,-1211.3010334886094,-386.3132411478972,-1.2570442
N82633,-797.3851881555976,119.67015116634155,-1.2611194
N82641,921.9469509699055,-35.606791364605456,-1.2611194
N82645,-513.1196562297221,0.15686797614152978,-1.2611194
N82646,1411.2804134227904,-422.4331317601932,-1.2611194
N82647,-1741.5273599284815,-156.05632791185676,-1.2597579
N82648,-1636.2364800166265,-25.370092747289593,-0.22897975
N82650,-972.4433440733113,-96.58440132732954,-1.2973033
N82651,-907.8901579076979,732.4855534365594,-0.22897975
N82655,-694.3709989173423,68.71245945817064,-1.2611194
N82657,-1846.4301181229825,-1256.5562542978073,-1.2525212
N82659,-1785.724370264747,-263.72123624959653,-1.2525212
N82662,1063.5344106679188,115.06011865697138,-1.2611194
N82663,-310.69756837841373,20.54468041298754,-1.2611194
N82664,-799.7430359454374,-301.72045117140846,-1.2611194
N82665,-407.3562675220692,-251.80115350462557,-1.2596825
N82668,-1209.835197332059,193.75400244948122,-0.22897975
N82669,-508.8030092134475,75.97079721476094,-1.2611194
N82670,-708.3400425887473,-228.58295040065104,-1.2611194
N82671,-748.7674756569822,-150.82100620786198,-1.2611194
N82675,-2325.7455934983645,-4.146664405774076,-1.2525212
N82676,-710.4747888159798,334.47957618971805,-1.2973033
N82678,-763.6927243775958,75.35441136111174,-1.2611194
N83001,4492.307729915569,620.8542355844313,-0.78033787
N83002,4783.999691034925,384.84824668348836,-0.78033787
N83003,1214.7936918323248,-184.42548257207866,-0.78033787
N83005,2818.770583293623,-857.0836101230793,-0.78033787
N83006,-793.6834181671094,-86.56264477156078,-0.78033787
N83007,-511.94122556487713,-63.9078164415758,-0.78033787
N83008,3442.9748365222795,-59.57731624506977,-0.78033787
N83009,5591.516165720063,43.82909495575745,-1.2973033
N83010,1862.287708737473,42.35625140638142,-1.2973033
N83012,4167.538206990528,1241.9457301424795,-0.78033787
N83013,-116.95648781891995,308.51019571255705,-1.2973033
N83014,3533.654278250586,125.92345696974292,-1.2973033
N83015,-49.724259726769674,211.1093871329932,-1.2973033
N83016,-2084.1170067012495,-569.7961853260081,-0.74594516
N83017,-405.0004424146613,415.6328019280029,-0.78033787
N83018,2502.0137398148618,17.96304515613822,-1.2973033
N83019,5723.434364535514,-138.2320037940345,-0.78033787
N83020,2868.192169443066,79.88425443361655,-0.78033787
N83021,2225.2754978141597,270.1434920079062,-0.78033787
N83022,2847.0435243235283,325.2764429408136,-0.78033787
N83023,2024.4888115938666,176.56914832461305,-0.78033787
N83024,3437.96965516417,-376.72905867668766,-1.2973033
N83025,2417.464151070862,1685.6667392988022,-1.2973033
N83026,-778.942805649606,65.48497704707431,-0.78033787
N83027,1783.959659837198,-61.71012863246383,-0.78033787
N83028,14423.951107569494,-400.85654590577604,-1.2973033
N83030,956.2579712549739,108.2120627791766,-1.2611194
N83031,-1218.8245271630358,129.8350698375663,-1.2973033
N83032,4065.3414645721364,-239.83266880629122,-1.2973033
N83033,1823.6662529574073,-137.62963572018907,-1.2973033
N83035,1102.1783756577336,348.79994534699296,-0.78033787
N83041,113.95197761924462,320.6817911814972,-1.2973033
N83043,176.12266421630176,-48.179352865251246,-1.2973033
N83045,-413.60052282255276,71.09203548152063,-0.78033787
N83047,185.7483443228064,386.3059185346241,-1.2973033
N83049,-364.5750904174179,200.2588962255435,-1.2973033
N83050,-343.86158324496563,-60.56545195543236,-0.78033787
N83053,-159.71125790481287,51.54249622047154,-1.2973033
N83054,-753.6192605523872,135.70033393811084,-0.78033787
N83055,715.6201204904014,254.3824036019837,-1.2973033
N83056,-750.511641406785,65.17118484825023,-1.2887051
N83057,-2141.9440172159466,-1375.846991219482,-1.2887051
N83060,756.852859951064,412.91655059928706,-0.78033787
N83601,208.19852872464833,1019.6580528375299,-1.2973033
N83603,1520.098142385686,89.4598989662547,-1.2973033
N83604,-1000.4986986611624,13.141329514214538,-0.78033787
N83605,-434.4877106812463,98.56934392866864,-1.2973033
N83608,2941.7161257747894,1481.5588667051,-1.2973033
N83609,52.30656319809648,440.6077929772289,-1.2973033
N83610,-880.7510782764231,22.892542155216773,-1.2973033
N83611,-1018.6068210634194,-503.1835545697204,-1.2891691
N83612,-918.914078147781,-158.7309039771651,-1.2887051
N83614,-978.2035375423714,30.698572220774228,-1.2973033
N83619,-1095.6545780033491,-215.20811885658972,-1.2973033
N83620,-478.1278720694442,-19.98508936527968,-0.78033787
N83621,-266.9129915376836,10.887017062482562,-1.2973033
N83622,-984.8106149257683,44.21136802655004,-1.2973033
N83624,-350.2145604509953,49.971477372024374,-0.78033787
N83628,-888.7901084141587,114.62140014074514,-0.78033787
N83633,310.4222511558647,-255.51158086595913,-1.2973033
N83635,-734.575766846951,25.0680802701429,-1.2973033
N83636,-811.4469217544947,-188.64165032744543,-0.74594516
N83637,0.35134422855841146,-337.84426100307275,-0.78033787
N83638,-2365.974214355649,-11.327460343698672,-0.7872983
N84001,1651.6560428826656,1549.7576475749595,-0.22897975
N84002,-664.4868293333674,-195.70685525674554,-0.22897975
N84003,4101.400602935056,150.07793778744457,-0.22897975
N84004,1761.7803592342711,-26.29324123963317,-0.22897975
N84005,2798.6775496964806,302.7651977569474,0.5358998
N84006,3197.2951570800274,596.7695766355731,-0.22897975
N84007,843.8190250619147,-71.60549528418699,-0.22897975
N84008,1699.5958246589425,209.80842662461737,0.5358998
N84009,-218.16413260397746,338.84789777853933,-0.20318522
N84010,-421.814303209095,-58.95887701693485,-0.22866172
N84011,1629.3612214745242,875.8127245862014,-0.22897975
N84012,4467.065391052478,-293.2168824385721,-0.22897975
N84013,845.7319888964868,1153.21886597806,0.5358998
N84014,-384.8554193519967,-47.25923904487183,-0.22897975
N84015,1662.01970311616,-73.05617442512018,-0.22897975
N84016,1824.339029231061,112.09661052276097,-0.22897975
N84017,6127.5409084347875,933.3805710069009,0.5358998
N84018,4224.1697708238,967.7506725130089,-0.22897975
N84019,1797.2998646528915,-528.5313115534137,-0.22897975
N84020,2187.912549515997,552.1898314600897,-0.22897975
N84021,6998.124558379501,-503.8530716963848,0.5358998
N84023,1535.3681880455629,110.12624345053223,-0.22897975
N84024,4760.628124969331,286.8123247238975,0.5358998
N84025,3722.519275211963,870.3779273406457,-0.22897975
N84026,-509.22532376811745,-181.40885730927832,-0.22897975
N84027,-604.1343196209879,89.88582738480414,-0.22897975
N84028,1884.7788748876483,53.476194582022075,-0.22897975
N84029,914.8488276598616,-67.46296214603088,-0.22897975
N84032,-1019.3291296110486,128.31895763689306,0.48431072
N84034,1643.388819057405,0.3131863064961896,-0.22897975
N84035,1286.8623419781154,130.59174499868547,-0.22897975
N84036,-1562.6673997309679,-672.7004431574314,-0.21782145
N84037,-891.0877229428307,-111.47501245567133,-0.22897975
N84038,802.3433888059475,973.2776157156954,-0.22897975
N84041,18.44383788539494,85.47016672509118,-0.22897975
N84043,-1719.2134820009626,-56.810406135420365,-0.22897975
N84605,-978.8352429044464,-249.4063566964204,-0.22897975
N84611,-98.22975837435517,374.8116299708519,0.5358998
N84613,245.57862950536162,518.4682248964523,0.5358998
N84614,-952.3276542261698,235.99797415362767,0.5358998
N84615,-514.5797878478983,97.32639079047122,-0.22897975
N84616,-1877.607420698541,-498.329610549229,-0.20318522
N84617,-494.6932999662952,320.68741707496105,0.5358998
N84618,722.8667367150761,348.1393591587325,-0.22897975
N84621,-418.23434634720576,-25.341481259082062,-0.22897975
N84622,-1000.8214075315615,-206.4870060434396,-0.20318522
N84624,-972.4840183202701,134.1453601277762,-0.22923769
N84625,-882.7958998398304,-7.228674192082272,0.5358998
N84626,-982.7560383590645,22.10696858380585,-0.22897975
N84627,-1063.781953730535,13.612491120953422,-0.22897975
N84628,-2468.950681858127,-20.087400540183783,0.53255606
N84630,-1313.277206162446,83.24040915232149,-0.22897975
N85001,3.7120556759569205,-147.5389446356018,-0.23578665
N85002,4999.036737258782,2282.050789493462,-0.23578665
N85003,-160.44555489423158,8.138963078596225,-1.2611194
N85004,-1307.6007047832113,-682.39034169064,-0.16700122
N85005,4968.05485389101,75.05367981027925,-1.2611194
N85006,1889.4867747818485,35.36053727061031,-0.23578665
N85007,5319.566784875826,1426.161355372482,-0.23578665
N85008,7698.882514136495,-175.65203538419632,-0.23578665
N85009,1287.041950646988,17.719122179819646,-0.23578665
N85011,-1288.226330817395,-627.6342217963903,-0.16700122
N85012,2911.96300523149,49.45353611905379,-0.23578665
N85013,1332.9476690936754,253.9256798665197,-0.23578665
N85014,161.07951134142527,-177.22360572483757,-0.23578665
N85015,467.0858147579655,88.77920216987211,-0.23578665
N85016,612.6000306292171,246.50535033919184,-0.23578665
N85017,599.1395421574852,127.37186509127908,-0.23578665
N85018,497.5977249759529,233.49227718103228,-0.23578665
N85019,1290.6653103466851,213.59878015293515,-0.23578665
N85020,3886.2389487943847,2410.698851155718,-0.23578665
N85021,-1031.4803453866705,-24.526715294532732,-0.23578665
N85022,-869.8972819804378,-73.15265045774254,-0.23578665
N85023,482.6386965575512,187.7591528763964,-0.23578665
N85024,1714.396677015126,220.54343468752535,-0.23578665
N85025,100.49079809880172,365.46708394893153,-0.23578665
N85027,3117.137079487077,494.1002160184019,-0.23578665
N85028,791.31984955284,83.74911075745507,-0.23578665
N85029,-614.3073804264226,81.71349217307394,-0.16700122
N85031,519.808007003638,-8.68245316807516,-0.23578665
N85032,1131.089177966841,-95.58283176961417,-0.23578665
N85034,1607.029854350728,-139.1088936701752,-0.23578665
N85037,25.860465929901753,13.533344955836045,-0.23578665
N85038,196.51168280808133,28.10555421642809,-0.23578665
N85040,597.8163184382796,179.96553858870905,-0.23578665
N85041,1086.1366821336394,-89.89116218753375,-0.16700122
N85044,4369.6154648218635,1826.9723632783846,-0.23578665
N85046,-324.3915624366236,148.57294650660103,-0.23578665
N85047,54.318259187627945,218.48899194396006,-1.2611194
N85048,-196.03640509448985,386.64468799346594,-0.23578665
N85051,1430.1945676705186,-58.85701674817468,-0.23578665
N85052,-864.6698341833651,176.2841685955048,-0.23578665
N85053,-532.5433689658606,-94.05294779695289,-0.23357977
N85054,-282.6715672722726,223.8157527958743,-0.23578665
N85056,-535.2708647138243,-6.430819781926089,-0.16700122
N85057,-1077.961421559359,-130.8701121161656,-0.23578665
N85058,325.46517003296316,9.562970339420747,-0.16700122
N85059,74.64246121421674,283.1474874806214,-0.23578665
N85614,-2101.1899206254466,-465.4581123860256,-0.16700122
N85616,-168.03844651823027,38.669876321594195,-0.23578665
N85617,-539.6858430247444,235.51194619555727,-0.23578665
N85619,103.43827219896455,186.54991323114336,-0.16700122
N85620,577.6047929565149,790.5200354377358,-0.23578665
N85625,2583.2374318493135,2175.3678082639326,-0.23578665
N85629,-369.6470268200947,-221.7656684285546,-0.23578665
N85632,-2444.9057191076727,-38.358114608198704,-0.16700122
N85633,-882.0267393422605,187.42683029171843,-0.23578665
N85634,-1650.5540444156165,120.3404583811722,-0.23578665
N85635,-919.8295092701668,232.58529338886885,-0.16700122
N85638,-2367.366128294481,-1.7050637324805955,-0.23578665
N85639,-2438.79475819658,-33.608404244647915,-0.16700122
N85640,-847.2176907048541,90.90507825617912,-0.23578665
N85643,-1135.9127242792197,278.33486827901186,-0.23578665
N85645,-2389.2634747351667,-0.7418430625295632,-0.21931542
N85647,-2392.3383972354054,3.7237553195620987,-0.21305357
N85648,-1169.9741812139132,29.910594518554728,-0.23578665
P81002,10400.933152928912,7963.480392362936,0.024308233
P81003,3313.3187466791023,71.82454181606549,-0.25656557
P81004,680.5566152400108,-116.7663966078502,-1.2973033
P81005,1939.560661788596,211.8542913734845,-1.0973957
P81006,10090.832168777151,3470.322554492755,0.47750387
P81008,1417.6348075452213,264.19150847153065,-1.1611655
P81010,-341.5838962905151,93.50782259156877,0.7909791
P81011,1970.052410129166,1541.8535488271898,0.050102767
P81013,2597.2256251937574,-320.9393480427015,0.024308233
P81014,1573.7978750282207,487.06907667819627,0.5358998
P81015,1782.1220605282194,553.4881064678386,-0.5976266
P81016,6303.938681838776,437.3248840104245,-1.2973033
P81017,4855.241825855932,1399.3530369679772,-1.0612118
P81018,2481.152497524753,184.31665658925633,1.2011838
P81020,5113.715190178828,1818.806817374772,-1.1611655
P81022,3207.641097987879,346.02770716706755,-1.0973957
P81025,4552.065824318767,753.6573898783882,-0.87169355
P81027,5419.279565396336,175.93971505153564,-0.25656557
P81028,-462.492622010758,79.6373233277198,-1.1499999
P81029,10700.334249229656,1447.6678861003625,0.024308233
P81031,3857.6811399041803,-115.86295675108953,-1.2973033
P81032,3238.7322444248366,243.07324211204707,-0.87169355
P81033,3859.5749145022487,128.2978636576832,0.7909791
P81035,403.4013909047186,-183.57928631320013,-1.1611655
P81036,8755.68164106735,425.2001799316826,-1.0612118
P81037,4390.67801449301,338.91098132634477,-1.2973033
P81038,1789.8441299816,1027.666004941618,0.7909791
P81039,-499.9612326994519,28.150913537596814,-0.78033787
P81040,3246.0505532865564,178.01090408284415,1.2011838
P81041,1025.1178828092627,690.9066122235159,0.5358998
P81042,4872.555975298311,346.01562135814714,-1.2973033
P81043,1825.483114050371,-203.968761802202,-1.2973033
P81044,6439.476070273865,504.264479294868,0.7909791
P81045,16.0682450705166,-86.30242237886257,0.5358998
P81046,839.9688379480637,-0.9530232756756176,1.2011838
P81047,3338.7679921001727,1328.9012530853722,-1.1611655
P81051,4496.814338947215,684.3046031625275,-1.0973957
P81053,1464.9891944266624,-78.404966364185,-1.1611655
P81054,2884.6599106326444,467.0875941610066,-1.2973033
P81055,2164.0324685602827,324.2271495987135,-0.5976266
P81056,2533.918167855386,-259.92574840811085,0.52049476
P81057,3475.1967651641544,-76.61897245418366,1.2011838
P81058,2208.208301710834,84.12357510445791,-1.0973957
P81059,4542.361636875782,142.1304815936125,1.028862
P81061,1086.4108717139852,-52.04354450313028,-1.0973957
P81062,2255.4148184821706,-556.3870769494162,0.7909791
P81063,4483.868994084848,651.9541583609317,-1.2973033
P81064,-298.25221602653687,-213.15585741460606,0.050102767
P81065,2637.5361267619583,1462.0344443644674,-0.87169355
P81066,2819.4893456480227,325.17131057446306,-1.2973033
P81067,4473.46700341882,1170.4150193549317,-0.5976266
P81069,3869.3424992679693,512.9089705382661,1.8593026
P81070,2199.8996603894784,108.89480091370112,-1.1611655
P81071,-6.312660535027364,-160.08335943176155,1.2011838
P81072,9289.90261659887,-50.04141515850838,-1.2973033
P81073,4714.312752686794,-8.085543494298335,-1.2973033
P81074,8984.612757455583,1911.7364712558206,-1.2973033
P81076,2320.8100968859103,-483.7094757659775,1.2011838
P81077,7022.134853829031,886.3891755781459,1.028862
P81078,2471.560758362674,175.93606358178315,-0.87169355
P81079,6312.124091237486,1588.3592652750249,-1.2973033
P81081,1196.428745263917,-112.21863721511119,-1.2973033
P81082,4257.020999586105,271.56749437456256,1.2011838
P81083,1948.376503245032,73.96011161598645,1.2011838
P81084,1179.9390025024518,346.75933005477685,-0.78033787
P81085,156.87977385830328,-1445.0897130469561,0.52049476
P81086,5208.691532798031,-593.915161611611,-1.2973033
P81087,8095.728922172295,257.9025477780844,-1.2973033
P81088,1373.539198004266,-184.84470507955447,-1.0887976
P81089,6202.693864813188,86.13639397021987,-1.2973033
P81091,2306.304016798811,271.54422036135804,0.050102767
P81092,4980.211017625679,-473.52266951178024,-1.2973033
P81093,-1780.1143281597347,-31.29605453877546,1.2011838
P81095,1692.9339409814581,178.31712665151227,-1.1611655
P81096,472.93320126643397,-55.631936120067024,0.5358998
P81099,3022.274344637016,448.1752273900562,-0.25656557
P81100,7852.894818106344,1103.2214458119647,1.8593026
P81103,3045.68208407861,706.7027264534099,-0.5976266
P81104,-102.85929511608619,214.75131054607928,-1.1483818
P81107,715.7304064581178,-282.55588510674494,-0.5976266
P81109,14.269339309827712,-181.77528115071547,-1.0716012
P81112,6685.8756487685905,1989.8545232304712,0.5358998
P81113,612.1349159257038,316.76469538400823,1.4250947
P81115,6339.1270258556115,202.20666939635987,-1.2973033
P81117,-23.17608425054424,-84.13150548877734,1.2011838
P81118,1522.269848621607,462.68022154973085,-0.25656557
P81119,297.18021678542743,-106.95151018653827,1.2011838
P81121,-1461.773400512161,-132.5019504177983,-0.74594516
P81123,5899.406634678207,305.06537110448187,-0.87169355
P81125,2953.6519029283954,-80.22046759719943,-1.0973957
P81127,-690.1951781904014,-71.37875008275256,0.7909791
P81128,2998.73038221087,105.50876624944333,1.028862
P81129,3979.0030537516473,261.69016519839136,1.028862
P81130,4807.884602487853,589.7521335622123,-1.1611655
P81132,2532.336381819029,-96.30862732226964,-0.25656557
P81133,4672.811689931542,141.24790980343255,-1.2973033
P81134,1117.7201867233414,283.28222903303276,-1.1611655
P81136,-646.6396839336534,-197.53110280954886,0.5358998
P81137,890.6746168539764,198.03147282558004,-1.1611655
P81138,-466.132332061835,-79.55975257894667,0.5358998
P81140,6753.477585505355,2865.5451976591066,-1.0973957
P81143,2541.065333081357,373.1646971146618,0.7909791
P81146,-198.86863582955664,-477.7669808142322,-1.0595399
P81147,321.7003178030096,153.22058723520442,-1.0612118
P81149,2191.43236595542,330.47852020959476,-1.2973033
P81150,3782.9635152295673,1531.8971096869498,-1.2973033
P81152,1202.7831858081797,1030.9583344097339,1.2215596
P81153,3493.566929002632,429.4871816492905,0.52049476
P81154,2190.1918038502563,244.25456768677327,0.7909791
P81155,-219.7648700223048,209.9344132526546,-1.0973957
P81157,2766.9001662348537,601.0835551670499,1.028862
P81159,6470.51073214298,1069.332377395396,-1.2973033
P81160,3890.3409625708045,664.2529738660871,-1.0612118
P81163,-954.8621626990082,-154.47642465185353,1.2395945
P81165,-1073.7048743275861,-58.28759401901375,-1.1611655
P81166,-763.2375197681173,-42.9844165630156,-1.0612118
P81167,630.5106527297045,-154.97154933978922,-1.0973957
P81169,680.4473123516008,-191.68918282022386,1.2011838
P81170,-47.18016616535555,319.2360922376399,-0.87169355
P81171,-902.75719625677,32.30005859370039,0.7909791
P81172,2486.2196272875804,499.6623845228041,-1.2973033
P81173,-1096.6941315362005,56.79294087412409,1.2011838
P81176,-1417.4377093119258,-907.8227719851772,1.2417625
P81177,-1518.0534690482964,-190.98976515573614,0.52357423
P81179,-1030.1559990515266,135.99423499413098,1.2011838
P81180,-434.9524270448022,13.075431141421126,0.7909791
P81181,456.6509823005192,231.61853057374145,1.2011838
P81182,387.1358071861648,-187.44019681758044,-1.0612118
P81184,1638.051792053782,147.80702047624692,-0.5976266
P81185,4427.71427774927,1148.179419421494,1.2011838
P81186,-530.3354132210461,-5.919271100848521,1.2011838
P81190,2662.7618380212502,251.84999272335048,0.51814514
P81191,2923.884602067957,249.20764110777367,-1.2973033
P81196,7177.48274537242,5620.170523086942,1.2011838
P81197,-566.4849831253041,583.2172514063416,-1.1611655
P81201,-314.3515876638032,117.29909684838339,0.5358998
P81204,64.9779718869509,22.124138755090996,-1.0973957
P81208,4840.158052971802,2877.66134537739,-0.78033787
P81210,1228.66708287246,-986.9204501368819,-1.2958666
P81212,181.94488240162107,81.6185058966758,-0.25656557
P81213,1337.2255083661325,243.45706743363144,1.2011838
P81214,-564.0579262330343,111.50087774483954,-1.0973957
P81215,713.0175683527309,-297.02816676678475,-1.1499999
P81218,1190.0993406470618,356.69398357714505,-1.0612118
P81607,93.59463913277209,277.8207034387796,-1.0743493
P81620,-1723.863344880926,72.13244035270989,1.8593026
P81622,634.0095356463795,762.5530172342441,-1.0973957
P81624,238.84218456141255,-415.16570507318073,0.52049476
P81629,77.24495142473398,-467.8948152242427,-1.2887051
P81633,-686.4180475032218,135.24300071639038,-1.0973957
P81634,-422.1459284889309,147.06111704725558,-0.8544972
P81641,-3421.2563392340544,-1401.7873988927802,-0.8544972
P81642,-1325.6629402514845,-40.66921400961909,1.2011838
P81643,-766.1619674420313,-254.74309526272108,-1.0851701
P81646,-135.60478783127056,-111.78246044804334,0.5358998
P81647,-1445.6419541959292,332.2165869866729,1.2011838
P81655,-230.30447054641377,847.800613303989,1.2011838
P81659,-203.2264370050115,323.6282249687037,-1.055049
P81664,6298.640332314152,1397.1492379487709,1.2011838
P81667,-1374.9251306772055,-220.9434299465637,1.219781
P81668,901.9712676436491,1724.7806987888182,-1.2973033
P81674,137.88009818732533,122.17440058719703,0.5358998
P81677,-1825.6714482988075,-132.07483604130977,-1.0354172
P81681,8188.462874393323,1178.4937401615653,-1.2973033
P81683,373.98127941415856,310.1508502693306,-1.0973957
P81684,908.9225717132496,-266.0485868441745,-1.2900621
P81685,-584.0120712105004,140.34553066960262,1.2011838
P81686,-1041.7603216942841,102.08765405006659,-0.25656557
P81687,-991.5960182947293,4.523918147233003,1.2011838
P81689,-1275.5053510764433,-138.8501666543681,0.7909791
P81690,-1551.245602650904,-318.86449343618045,-1.2887051
P81691,-1636.2172673913456,-324.1547798833505,-0.5288412
P81692,-1308.466953974051,124.02669299128789,1.2011838
P81694,-1194.1041730289564,27.747732463998382,-1.0979168
P81695,465.81457069542074,716.2277227079011,0.5358998
P81699,-1191.511325927264,41.47436008962275,-1.0612118
P81700,-1875.871160691248,-206.18566350182334,1.2441747
P81701,-873.6039429818344,115.53802735017393,0.7909791
P81704,1519.9171727035696,1479.7655436858008,-1.0973957
P81705,-807.80379807406,89.730007378718,1.2441747
P81707,119.50041288001621,85.61320350903355,-1.0973957
P81709,-570.5565998002991,55.3272932469939,-1.0973957
P81710,1267.7113783872746,344.9111619518916,0.5358998
P81711,-1126.4285522402513,108.87005151538843,-1.0612118
P81712,-510.0408368622685,101.36345857737915,-1.0716012
P81713,-935.9131917641103,141.66177523836382,-1.2970275
P81714,966.515383451544,606.9603014669293,-1.2973033
P81717,-2924.9115599293536,-843.8567826367423,-1.0716012
P81721,-1770.0150205351783,6.360549853916059,-1.0973957
P81722,-1124.7052790432483,-101.06497833641781,-1.2887051
P81724,-1551.6082933839316,-17.660310609234116,-1.0973957
P81726,-1416.2256754646783,-197.92538986989203,-1.0612118
P81727,-1400.3327863542518,-203.59430516105556,0.53255606
P81730,3445.3737972218532,1222.7502320589929,-1.0612118
P81731,-1117.271411502942,116.73820922288365,-0.87169355
P81732,-300.02098902280756,163.73889279577838,-0.87169355
P81733,-912.7834039633582,-543.0745992440569,1.2395945
P81734,6055.189299512309,919.7103725998389,-1.0973957
P81735,-492.035639157732,607.5479374279198,-0.5976266
P81736,-607.3489255631588,80.18110718619087,-0.87169355
P81737,-329.73119477100585,32.64620246450911,-1.2973033
P81738,-1787.1879751356155,-146.8846696619282,-1.0612118
P81740,-1666.7715250774909,-109.85377990625877,0.7909791
P81741,-1393.3513297435984,93.54439952497782,1.2011838
P81742,-295.536975233612,161.71314283250425,-1.2973033
P81745,-700.8932921917392,-8.47689221778928,-1.2887051
P81746,-691.6428861437419,200.18058090832506,0.77378273
P81748,1043.3162055759535,258.43367052294764,1.2011838
P81749,-1884.4277666194796,-123.2730084854135,-1.0444632
P81750,-1697.4481117874006,-17.742024284832585,1.2054061
P81754,-1418.0585292307112,-338.7124115291394,-1.2887051
P81755,857.4208540233592,680.1645191116176,-1.0612118
P81756,-1276.3051375432763,-183.2710627933148,-1.1611655
P81757,-1144.7887619637197,34.80973078009904,-0.87169355
P81758,-1383.8190323333629,-138.26549881787344,-0.76954347
P81760,-299.33876309832084,367.9426930868591,-1.2887051
P81762,-1018.3998967671669,-508.48879440380733,-1.2887051
P81763,-1773.926518962074,-79.6066703820003,1.2233793
P81764,-1796.7390251016316,-712.3222454413907,0.48431075
P81769,-1970.1018593297588,-3.5544427987870173,1.2011838
P81770,-790.9549086283022,663.0116061463352,1.2011838
P81771,507.68621670855646,-43.18959977847633,-1.0973957
P81772,-833.6170752623898,-419.8911306590209,0.49245214
P81774,-1499.7459181082274,-579.9965561300689,0.48720545
P81778,-716.1720587505637,88.43117921010526,-0.87169355
P81779,-2651.5393176482007,-530.3416177820144,-1.0354172
P81780,-519.4236216739646,66.6785180865667,-1.1611655
P81785,-1520.2845656071547,-99.06134068232052,-0.57065386
P81787,-2395.1792272677903,-32.6235366345046,-1.0716012
P81797,-3760.829987799934,-1964.567306620705,-1.1439692
P81801,-2492.423604782307,-39.87669161654262,1.1175307
P82001,2092.033147050648,588.0267011771385,0.0708817
P82002,1051.4299216944619,-55.326648248831965,-0.68038404
P82003,4985.111481203773,2335.9291845611974,-0.68038404
P82004,1781.7205428461484,-483.70539252782055,-0.68038404
P82005,349.62088742583387,-311.2769919699602,-0.68038404
P82006,1128.1583258282537,-1.3679065983155665,-0.68038404
P82007,4242.556755191243,956.2659340158308,-1.0526135
P82008,5172.229742518522,-911.9756067265088,-1.0526135
P82009,1740.0842622978125,-555.506088729266,-0.68038404
P82010,1000.4861289747283,143.80406308623833,-0.68038404
P82011,157.67099128514818,145.1634704874608,-0.68038404
P82012,557.3614933584023,185.65515194763128,-0.68038404
P82013,158.63850141526066,-496.88668718981603,-0.68038404
P82014,1343.8735598325877,11.009129524297274,-0.68038404
P82015,6717.692624447193,-214.12861164834143,-0.68038404
P82016,4744.62021794772,721.4588232645776,-0.68038404
P82018,-332.1332384821168,62.118150744383655,0.0708817
P82020,-514.2258154443464,87.22898002651621,0.0708817
P82021,-17.426502080522493,99.88537626703078,-0.68038404
P82022,-165.8016299615729,-48.6056210918726,-0.68038404
P82023,892.422016373008,294.16712740357616,-0.68038404
P82025,-758.1567877716751,100.88663727865266,-0.68038404
P82029,-685.9745766969669,-209.16660283440305,-0.68038404
P82030,-558.7937246095603,-49.5920847101777,-0.68038404
P82031,1485.2339832571638,-72.74514070074704,-0.68038404
P82033,-1526.9098436055644,-49.46048525397364,-0.68038404
P82034,-963.5780097187245,-350.075494466718,-0.68038404
P82036,-928.0345751176598,-80.71249382024767,0.0708817
P82037,-108.02879404593207,-255.07553243276857,-1.0526135
P82607,364.3700846554307,-305.156146530371,-0.68038404
P82609,416.619921944234,-430.36756334628166,-0.68038404
P82613,847.1943199040692,-196.0481860310603,0.0708817
P82616,-1119.3518319200696,161.78934827463866,-0.68038404
P82624,-732.7305660046371,186.27385404170846,-0.68038404
P82625,-1822.3259177711207,100.24152355512881,-0.68038404
P82626,244.9718616413502,-355.26523971301197,-0.68038404
P82627,-677.9660743352337,-68.1122215862002,-0.68038404
P82629,-1449.2950731579606,-47.66230928341734,-0.68038404
P82633,-829.4901999291128,-140.82814980418783,-0.68038404
P82634,-895.1172533677565,212.31857073959213,-0.68038404
P82640,-542.2730305602211,593.2195071711814,-0.68038404
P82643,-777.0120877441503,-66.88030934553232,-0.68038404
P82652,-483.98655738675313,-113.61584369863576,-1.0526135
P82654,-2411.305484050447,-47.01244605918861,-0.6675465
P82657,-2951.3368170967665,-827.4580869469916,-0.6373932
P82660,-418.78764225471843,129.28351123049478,-0.68038404
P82661,-2315.394302020622,-178.1629804655055,-0.68038404
P83001,711.5677944816292,50.85745342466402,0.0708817
P83004,2037.6015261651473,-328.42443240437166,0.0708817
P83005,94.11832418469132,-84.02302227592396,0.0708817
P83006,1547.7434909377782,440.21431006007,0.0708817
P83007,1200.848794563253,406.9281819897701,0.0708817
P83008,524.3023691767506,316.9172021840039,0.095332764
P83009,2115.2092344012744,320.8219709797599,0.0708817
P83010,-567.4055978849963,40.19869272378711,0.0708817
P83011,1689.5208517803298,492.1131874270339,0.0708817
P83012,6801.093456309527,3840.7514553580613,0.0708817
P83015,1312.9712461406116,14.973873809122862,0.0708817
P83017,-1007.0367832182059,-42.378847127268855,0.0708817
P83019,-314.9109916100507,162.17952563095466,0.095332764
P83020,1326.4157496512084,1823.9062508238978,0.0708817
P83021,2055.722786266965,2175.568378641818,0.0708817
P83023,2378.9547430928865,-376.86650667069307,0.0911113
P83024,-383.59391095545044,89.8116643150981,0.0708817
P83025,-213.7531129247025,23.845355258502366,-1.3248892
P83026,-1012.2245122259296,-212.38877526862808,0.12247077
P83027,-1282.4202070964175,-13.159714197721442,0.0708817
P83029,745.1230742138556,234.14556376174403,0.10437877
P83030,-1053.5417263808436,-209.88219361760082,0.122470774
P83603,4112.287298486033,-245.70803621892148,0.0708817
P83605,870.0980197996631,-65.54834128889489,-1.3248892
P83608,477.1987745418078,109.63688763062981,0.0708817
P83609,-1068.9120041755052,-7.250661467240398,0.0708817
P83611,-1407.9550288909627,258.398242003336,0.0708817
P83612,-562.9680128344671,332.27644369806865,0.0708817
P83620,21.72961498477569,12.466404634225,0.0708817
P83621,-757.798289130824,225.94501238523395,0.0708817
P83623,-817.4280803602861,-4.084868321441575,0.0708817
P84004,1304.0298982069723,-43.39464413536294,-1.3248892
P84005,-706.3190390869659,-218.125623526005,-1.3248892
P84009,-238.25078102982408,-37.80249498979385,-1.3248892
P84010,645.8568652717736,-270.8172023378423,-1.3248892
P84012,3345.4413904206813,-248.6565449904693,-1.3248892
P84014,-67.00903087797616,182.15930800913847,-1.3248892
P84016,1206.9236333493445,253.1903340102784,-1.3248892
P84017,1328.6392384841572,137.17224160513985,-1.3248892
P84018,-1167.4685469673868,141.28142396826982,-1.3248892
P84019,2672.5287378219437,301.24906972281286,-1.3248892
P84020,2973.6860850625985,-79.56885503660881,-1.3248892
P84021,1388.060134897546,550.3529072253565,1.1098282
P84022,1240.3876970954375,537.9670659074611,-1.3248892
P84023,-464.69896281779666,-60.2232455461571,-1.3248892
P84024,2586.080867537487,-29.018260086225542,1.1098282
P84025,1031.94725386591,-80.70936713905482,-1.3248892
P84026,336.3234786709149,488.21368630191,-1.3248892
P84027,695.2729471613189,51.455356529082756,-1.3248892
P84028,2162.7454132352386,-161.9113611127702,-1.3248892
P84029,2667.9192427835583,744.0445634617521,-1.3248892
P84030,2022.1416514625353,377.54834310008175,-1.3248892
P84032,355.39910927585936,-305.3853767509803,-1.3248892
P84033,-459.7914562888758,-633.4593622376027,-1.3248892
P84034,800.7364232758631,341.1518246430119,-1.3248892
P84035,3521.255810334063,90.89721840317412,-1.3248892
P84037,-140.2326687437379,-35.36487139854634,-1.3248892
P84038,997.3564020955055,563.5845034470476,-1.3248892
P84039,711.5166491803936,382.8023853310985,-1.3248892
P84040,1023.9049065655931,420.91243364113075,-1.3248892
P84041,854.5218808809713,28.739515424948305,-1.3248892
P84042,1725.7090490822973,390.0876853602056,-1.3248892
P84043,1324.1920408901517,28.94328881037615,-1.3248892
P84045,-4.328139777282392,30.911464651664534,1.1098282
P84046,1553.9158026365994,552.8354901148667,-1.3248892
P84047,1714.2978188260242,-261.1394756962594,-1.3248892
P84048,1077.1276091555408,-85.47084368452325,-1.3248892
P84049,4045.908231332844,-101.79467320252269,-1.3248892
P84050,511.6930378614782,201.6766554589647,-1.3248892
P84051,656.7280595319835,-6.987181488764845,-1.3248892
P84052,1317.5341121964261,530.2485942904947,-1.3248892
P84053,1088.1756530368255,336.14684050175003,-1.3248892
P84054,1352.4758391885541,48.449482429231054,-1.3248892
P84055,-694.7339796325527,119.43106896472337,-1.3248892
P84056,-111.68253914684492,113.32274748199102,-1.3248892
P84057,-1331.6998985197702,121.63261380793841,-1.3248892
P84059,1109.7800397004526,-152.10356633473077,-1.3248892
P84061,8.860246477531215,421.052392287053,1.1098282
P84062,-1080.5341220331554,-50.92617990087081,-1.3248892
P84063,-982.6016200964607,133.8146455882587,-1.3248892
P84064,11.410959579427963,125.45977190157666,-1.3248892
P84065,-701.3198132913332,-12.541247178510027,-1.3248892
P84066,-113.16602024464467,93.14680688475947,-1.3248892
P84067,1407.495473060324,-252.80773903283955,-1.3248892
P84068,2057.334293902653,2508.692450780021,-1.3248892
P84070,1414.6122564500422,370.42545077787344,-1.3248892
P84071,-585.3502105009387,-77.8808014338567,-1.3248892
P84072,1794.137667437807,382.13234665232176,-1.3248892
P84074,135.86208610781102,490.9601830408593,-1.3248892
P84605,-1147.3858759007715,59.8357285367021,-1.3248892
P84611,-303.03794216814407,490.43084950613337,-1.3248892
P84616,430.0194670559407,1255.113744649332,-1.3248892
P84623,-2034.2857366717772,-59.31921527816871,-1.3248892
P84626,331.1159010136172,72.19146864538686,-1.3248892
P84627,-1630.5539554812174,-211.7206293130707,0.66523075
P84630,675.3213139221463,562.7913147180809,-1.3248892
P84631,-1285.1088098103808,-179.31022423415584,-1.3248892
P84635,-938.4134374491857,460.7946494160954,-1.3248892
P84637,-1090.463666932665,143.85620910342212,-1.3248892
P84639,-1337.119309185205,115.31876602870064,-1.3248892
P84640,-1034.5931797213443,303.2076825406599,-1.3248892
P84644,-921.2035268048992,414.65255479198373,-1.3248892
P84645,718.2794726546815,67.96282075050586,-1.3248892
P84646,-2143.609963976272,-119.03167193293494,-1.3248892
P84650,-156.97703580218,316.44295745355254,-1.3248892
P84651,-471.78606826147734,205.58611019283651,-1.3248892
P84652,162.4780702459852,301.0467331201928,-1.3248892
P84659,-1269.4251047839546,-360.5833008635062,-1.3248892
P84662,-2429.750079023859,-481.445741167339,-1.3248892
P84663,-464.0745721035958,57.20208437844384,-1.3248892
P84665,-1253.3705092033144,35.74608640547827,-1.3248892
P84668,-1334.9795010872192,264.28391412569516,-1.3248892
P84669,103.75857272779618,582.1691775728029,-1.3248892
P84672,-565.4500098979037,293.8073960237743,1.1098282
P84673,1105.3711871342425,-59.40334887640089,-1.3248892
P84676,-1381.8894540894635,-189.85292744920838,-1.3248892
P84677,-1139.672215139647,-13.873923646704544,-1.3248892
P84678,730.1324952145094,1139.1355573224523,-1.3248892
P84679,-1441.5732794849876,-26.292725040899995,-1.3248892
P84682,-1705.1525221834786,-233.95455617780777,-1.3248892
P84683,-1476.3764125178564,129.4289693633858,-1.3248892
P84684,-446.00129254242916,567.0351546761534,-1.3248892
P84688,-2180.217846420596,-124.78719804135102,-1.3248892
P84689,-1056.0281040784678,137.19202698525166,-1.3248892
P84690,-910.7354460538027,166.5434046060397,-1.3248892
P84696,-2322.565010006051,-10.18224476634748,-1.3248892
P85001,-123.03991605425219,-58.37953282431608,-1.0887976
P85002,699.2557419540041,183.03562327381357,-0.8061324
P85003,-50.148075885137125,267.5393956360387,-0.8061324
P85004,-71.11662970315398,59.39940683660368,-1.0887976
P85005,2222.75440363872,218.1484871744386,-0.8061324
P85006,1823.9603730739207,564.6731781211923,-1.0887976
P85007,-678.4146056808044,-107.3205341940109,-0.8061324
P85008,4402.1991559429725,257.68048189827243,-0.98884374
P85010,4126.752123681593,-69.82811108056686,-1.0887976
P85011,1651.30296938478,116.88429319771332,-1.0887976
P85012,199.79498727366095,14.62639519860959,-0.98884374
P85013,5996.131028747398,571.1392374462292,-1.0887976
P85014,-31.935368990227744,-187.79022818334312,-0.8061324
P85015,843.0323961035521,185.60227261828095,-0.8061324
P85016,4327.511750848156,90.85716715405316,-0.8061324
P85017,2879.9871428274,269.4725334872677,-0.8061324
P85018,22.541396006371723,429.4029777996875,-1.0887976
P85019,-133.33985008636873,465.60953481923633,-1.0887976
P85020,2239.17587260429,993.8979919351365,-0.8061324
P85021,1994.0301220231663,1522.873898480778,-0.8061324
P85022,-487.4729727574594,4.303794136889269,-0.8061324
P85025,-604.662819033658,-198.6425340619563,-1.0820543
P85026,255.99102678165937,-9.223485177873458,-0.9880161
P85028,22.462422832690052,-357.0746472199187,-1.0887976
P85029,-1185.8930090430579,-21.296452349151625,-0.74594516
P85601,-1371.2045291186673,20.3841992586743,-0.8061324
P85602,-1531.3439649396935,59.802609635632095,-0.8061324
P85603,-1698.6682697559195,-119.51093891464438,-0.74594516
P85605,-341.61679724833135,-5.5069171855129655,-0.98884374
P85606,-1157.0218178908776,83.93696782685379,-0.8061324
P85607,-582.165347280708,60.868551864582756,-1.0887976
P85608,-798.096660761349,264.0949547477564,-0.8061324
P85610,-1044.4137891717517,-26.13098594748412,-0.98884374
P85612,-1133.4094083504813,142.39039051951022,-1.0887976
P85613,-1677.7419542453338,-142.50330250957722,-1.0887976
P85614,-1144.318579913697,84.48008273599044,-0.8061324
P85615,831.9940536311358,870.3332505112398,-1.0887976
P85620,-1400.9754137816137,-89.20597267419753,-0.98884374
P85621,-537.1724453940246,201.89960551166678,-0.8061324
P85622,-727.1887712769108,306.80994062174125,-0.8061324
P86001,180.76530840381386,237.81150770804297,-1.0887976
P86002,-1497.7844754342823,-148.44370607428985,-1.0887976
P86003,2493.1071313722887,223.61039457808297,-1.0887976
P86004,2576.3038372412366,-265.5803080688686,-1.3248892
P86005,63.83261508858503,414.9667922474463,-1.0887976
P86006,2065.276851172603,711.1840042372113,-1.0887976
P86007,2889.50043781735,88.61638478877987,-1.0887976
P86008,1171.2781232834225,51.99739789339651,-1.0887976
P86009,1988.3638160039977,297.06448073044055,-1.0887976
P86010,1291.4993725396275,-376.6615806395424,-1.0887976
P86011,1934.2435392293924,-694.420872311468,-1.0887976
P86012,1115.7534563827974,144.94285618253818,-1.0887976
P86013,380.1560502750031,-148.38926305043802,-1.0887976
P86014,1195.0805023181465,186.05825886950262,-1.0887976
P86015,27.528593386875762,-273.53705327295535,-1.0887976
P86016,3024.6284781441354,1199.0183125185667,0.0708817
P86017,-442.3389758906228,-50.90808721434316,-1.0887976
P86018,1314.972929019516,125.9689779033184,-1.0887976
P86019,3052.1872000236426,343.68635403575945,-1.0887976
P86021,-763.4816703146623,-19.3811014198968,-1.0887976
P86022,748.0833194990046,-30.981078191528933,-1.0887976
P86023,1013.7983800513532,336.3684416618314,-1.0887976
P86026,36.42616660004057,407.0886793630098,-1.0887976
P86602,-293.27211821661126,229.6290111912709,0.0708817
P86605,129.52360054157342,-209.59057871456335,-1.0716012
P86606,-11.266630586411488,140.54983790049164,-1.3248892
P86608,-1157.6643305435462,168.21372115574937,-1.0887976
P86609,-1607.6301976745697,101.3933598255511,-1.0887976
P86614,-986.226338114441,190.6802146320753,-1.0887976
P86619,-190.04072444634394,-2.6892833785345256,-1.0887976
P86620,-915.9540216136193,-218.22789654628187,-1.0887976
P86621,-2361.163841471809,-10.924515276926112,-1.0852555
P86624,-518.2218703705288,-8.684237893469287,-1.0887976
P87002,4036.0851682016964,867.8901485351829,-1.0526135
P87003,-236.02425555252182,-4.744862415520394,-1.0526135
P87004,-214.50858377306827,218.96953664736415,-1.3248892
P87008,2347.6296429018325,100.7993868077596,-1.0526135
P87014,318.74048757083943,-353.38606558950147,-1.0526135
P87015,237.50252982963525,70.03745818711947,-1.3248892
P87016,3005.7324193952163,-836.0688369420664,-1.0526135
P87017,1161.0873185953653,266.3310977767336,-1.0526135
P87019,8095.345370577954,1099.9217327239353,-1.0526135
P87020,1559.2444758763163,513.0883420604827,-1.0526135
P87022,-918.7158085559367,-146.0967766882106,-1.3248892
P87024,4799.719019006795,433.18113574718643,-1.0526135
P87025,3516.539087679533,-356.0578387327221,-1.0526135
P87026,4142.001054879833,1716.6078218070463,-1.3248892
P87027,3380.896147022433,194.4445359965152,-1.3248892
P87028,352.85318647326494,275.18236003791156,-1.0526135
P87032,874.0844287700633,131.23026121668144,-1.0526135
P87035,1332.7738795083787,-378.6827909246942,-1.3248892
P87036,-606.6865817546642,-391.70025257150866,-1.3248892
P87039,459.03568197777753,-65.44079267898186,-1.0526135
P87040,4192.783882624125,293.8973757272177,-1.3248892
P87610,3554.6843832978325,80.67339757035452,-1.0526135
P87613,-235.65061559684864,423.7674593663622,-1.0526135
P87618,-887.1781349624297,45.40866012472401,-1.0526135
P87620,3456.8663092656084,760.5788835065006,-1.0526135
P87624,-617.164829153905,184.42151294713236,-1.0526135
P87625,-806.4960886493207,335.5392703659952,-1.0526135
P87627,-1510.9304457491571,34.88518997496368,-1.0526135
P87629,-1203.598848707554,6.8899617848887225,-1.0354172
P87630,286.9897494106224,482.5587135606965,-1.0526135
P87632,-2075.0704403439277,-561.1809549730739,-1.0354172
P87634,1660.777393325406,223.85603301556137,-1.3248892
P87637,-713.8070538457024,-1718.8586557100991,-1.0354172
P87639,-1315.7575871223048,-57.22248377874637,-1.3248892
P87641,-1227.9307988186918,-589.9737455363268,-1.3248892
P87648,-1578.2783961999335,187.12386468197946,-1.3248892
P87649,-1423.2673970205203,212.29604271948483,-1.0526135
P87651,-1658.0911180859105,-14.98472201814063,-1.3248892
P87652,-1370.5030423988546,-499.3803063702183,-1.3248892
P87654,2560.125460979933,400.0614963818024,-1.3248892
P87657,-301.32389341716953,71.52413415218301,-1.0526135
P87658,-626.2369680657978,-18.195357664644867,-1.0526135
P87659,-149.4113409560351,810.2222398997352,-1.0526135
P87660,-726.112806292355,132.26384993026554,-1.0526135
P87661,-1054.929210209641,109.53760750764212,-1.0526135
P87664,-2340.719418116047,-6.437346423959896,-1.3248892
P87668,-1479.095428513474,-162.21169463392977,-1.3248892
P88001,163.9819395456694,125.4255659451949,0.66523075
P88002,907.9033906475636,576.6500197117292,0.60504353
P88003,5165.1416600778475,-341.0060008669699,0.60504353
P88004,3468.797942500045,1438.949564087197,0.66523075
P88005,5151.493814193522,2705.8536508309558,0.60504353
P88006,1534.4372665699964,478.2294477627292,0.60504353
P88007,3351.7354540570655,-788.1322513119762,0.60504353
P88008,1528.0702803267518,-160.7190591056594,-1.3248892
P88009,-683.8275490759054,-1044.8231857186008,0.60504353
P88010,-1446.5286729661211,-482.4169892897419,0.66523075
P88011,979.7978281634371,-154.11369045902774,0.60504353
P88012,2153.48949874715,3.886500040324104,0.60504353
P88013,5172.657405108105,9.427408347295057,0.60504353
P88014,410.11501845165833,84.44658999250287,0.60504353
P88015,2402.8279412181664,62.73670723550764,0.60504353
P88016,3343.8612231764973,584.5024212540745,0.60504353
P88017,1963.3014485517958,-30.957350469540916,0.60504353
P88018,2497.847053107499,300.5137795418737,0.60504353
P88019,570.9215186075729,348.0563195104338,0.60504353
P88020,3041.4929817342813,300.5942079275324,-1.3248892
P88021,1149.3372220373972,-206.71037209537874,0.60504353
P88023,2457.310762386307,-94.26385482450246,-1.3248892
P88024,504.46560191714593,-220.40880110794302,-1.3248892
P88025,3138.9675544650454,-96.4644471240624,0.60504353
P88026,12349.250411465166,7780.081994826608,0.60504353
P88028,389.3429861123816,-112.35512457782472,0.6527227
P88031,1273.6686642545374,287.34533973869185,0.60504353
P88033,-2096.4890118733856,-746.0797188262754,0.66523075
P88034,-572.3379804077906,255.9678221558346,0.60504353
P88041,-385.37425609853636,381.2490329728234,0.60504353
P88042,1765.6923310789564,61.841348738240235,-1.3248892
P88043,2411.0649142607076,1955.3147866634995,0.60504353
P88044,755.9512393615802,19.643188089104623,0.60504353
P88600,-2066.4130740831656,21.5422847724909,0.60504353
P88604,-1024.7976934065036,-447.6150045823195,0.66523075
P88606,306.8772958946404,292.7281529467973,0.60504353
P88607,-705.0647261942534,59.615069618589416,0.60504353
P88610,-631.4970908224552,240.79623778296246,0.60504353
P88615,-1649.0834622218042,5.084095394063735,0.60504353
P88617,-589.3418002327094,-47.76747222611153,0.6151008
P88618,-1926.9838976558224,-271.25875904563736,0.66523075
P88620,-1981.140115931735,-281.5576823312899,0.66523075
P88623,1173.931107513692,-167.27533617445573,0.60504353
P88624,-1473.1662844212203,4.088720332336834,0.6130064
P88625,1380.4763107958586,1079.867764846717,0.60504353
P88628,-1923.5318357039007,-629.0689776504526,0.66523075
P88632,4494.00884435255,1871.8362925940582,0.60504353
P88633,-2610.2967873272055,-1872.0817504435079,0.66523075
P89002,2792.590940505612,392.2269011795088,-0.98884374
P89003,2839.5990832285697,-176.396880839866,-0.98884374
P89004,910.3975480397294,117.87720878031078,-0.98884374
P89005,1026.0151422934612,-160.08318250262326,-0.98884374
P89006,2662.6225803513435,35.180324162250926,-0.8061324
P89007,517.6170803364905,212.01864602859726,-0.98884374
P89008,4816.287262652318,1635.5051528676388,-0.98884374
P89010,3148.1490429561277,694.71699269731,-0.98884374
P89011,-29.576209108911097,83.77052264036651,-0.98884374
P89012,1801.0499628897896,317.19240421651165,-0.98884374
P89013,1149.3251848065963,-96.44541989506551,-0.98884374
P89014,4490.692343414725,149.38447804294896,-0.98884374
P89015,9042.611710981122,2329.5017024850094,-0.98884374
P89016,2727.140171713072,303.52554853539726,-0.98884374
P89017,-263.451979954053,-551.245787091393,-0.9797495
P89018,1105.0161329588432,68.4667220423443,-0.98884374
P89019,1894.2297732337008,-812.9220549255853,-0.9630492
P89020,3163.5625601515885,2079.076516656736,-0.98884374
P89021,1894.5333859595746,1602.1619584710563,-0.98884374
P89022,-411.8857592376908,-15.64521533940977,-0.98884374
P89023,741.0536453634658,312.557692172069,-0.98884374
P89025,-742.1997528587864,55.31870993158251,-0.98884374
P89026,1556.4926551015606,74.68283409546098,-0.98884374
P89027,-117.67498178962842,208.65136748270518,-0.9630492
P89029,1327.703343904635,180.10665453379656,-0.98884374
P89030,-105.58428099692875,-159.43058685531213,-0.98884374
P89033,1586.974466621304,-618.1987429209559,-0.97326577
P89602,-361.0661939053661,49.337022394828786,-0.98884374
P89609,-217.66130886734007,-72.94463153374112,-0.98884374
P89612,-1610.7550939874345,-98.96564992279242,-0.8061324
P89613,-1042.6605478840481,-43.136519873512626,-0.98884374
P89616,-1687.5446006415561,-502.5502951753349,-0.96304923
P89618,-1343.3197163397754,-165.52452365683286,-0.8061324
P91003,594.5205304681099,317.8296315545937,1.1098282
P91004,389.05676586037504,91.96900607246006,1.1098282
P91006,4805.124652273601,-67.0074244627842,-1.0526135
P91007,-103.42712246783135,572.5897000328974,1.1098282
P91008,-255.11590034408835,-22.35809820992709,1.1098282
P91009,3902.095394695062,544.0432029904268,-1.0526135
P91011,-267.2498473681209,40.609657288845035,1.1098282
P91012,2253.540699364545,275.3607391663917,-1.0526135
P91013,2444.5220392048855,749.2809369237079,1.1098282
P91014,4891.9082009182,44.211033176092855,1.1098282
P91016,61.684483809107796,323.79531111646463,1.1098282
P91017,1747.778810622484,362.8522093126391,1.1098282
P91018,7880.801880950567,-706.5572039156309,1.1098282
P91019,-7.533882835627282,-20.686981581989382,1.1098282
P91020,1092.9939899579736,127.40412812655416,-1.3248892
P91021,4191.047054763813,-702.5892281995395,1.1098282
P91025,-1544.2771762950845,-65.23073213940951,1.1356227
P91026,1304.1912168065926,292.8916496280139,1.1098282
P91027,-1259.4567215308323,-437.046506770197,-1.3248892
P91029,873.9301633289242,340.3284444032359,1.1098282
P91030,-2666.6220126348526,-736.3447813715934,1.1356227
P91032,-760.8555349783009,243.74808728189245,1.1098282
P91035,1264.6563662089122,3.8679729577723205,1.1098282
P91603,1344.6201957942005,141.8828238814132,1.1098282
P91604,4250.886450159466,125.03999154010636,1.1098282
P91605,-1273.7935378554805,-501.01373499378246,1.1356227
P91615,1289.3863109005717,-47.1090995592458,-1.3248892
P91617,-1507.5730803400652,-11.037131501711102,1.1098282
P91619,-147.30715950839252,1025.3543528426305,-1.3248892
P91623,458.62232862999605,790.8388438681677,1.1098282
P91625,1361.3397388244323,-14.261983440941343,1.1098282
P91627,1933.1180910068672,1215.2798051588609,1.1098282
P91629,2684.756316508032,907.5695188951476,-1.3248892
P91630,-1840.6727474740555,-0.15023644572200184,-1.3248892
P91631,-997.2358574593175,208.96815037323202,1.1098282
P91633,-589.3070402968166,204.38451219378538,1.1098282
P92001,-111.65702227128924,11.095148260495458,-0.78033787
P92002,-224.8600550975525,-541.1785958142514,-0.18419757
P92003,2843.369880798939,-177.8300155470395,-0.18419757
P92004,1566.1002379729618,179.55480989676414,-0.18419757
P92005,-708.1553259199648,270.1278680678548,-0.18419757
P92006,1231.904243120882,114.84401696475878,-0.18419757
P92007,1285.3616852188188,-30.43685223451483,-0.18419757
P92008,4056.85721003088,-217.6660581757517,-0.78033787
P92010,3789.322307922542,274.63740436807456,-0.18419757
P92011,639.3064273950152,213.77984606571553,-0.18419757
P92012,377.159529123325,42.36946416356412,-0.18419757
P92014,2488.1031265679253,242.05535437169797,0.7909791
P92015,126.62838824210691,383.6324772433139,-0.18419757
P92016,4698.929159924632,526.2996356649464,-0.18419757
P92017,6004.280988442967,49.17260454087718,-0.78033787
P92019,3034.2944428512487,-253.9074495793649,-0.78033787
P92020,-188.1149691880135,120.75916463095867,-1.0526135
P92021,1603.2409977798727,36.66630950826402,-0.78033787
P92023,768.0100509201005,457.4223746598918,-0.18419757
P92024,-953.2085425953039,17.317220286652844,-0.18419757
P92026,2091.6390530105687,-266.78042137225526,-0.18419757
P92028,659.7315479577816,201.3746794888052,-0.68038404
P92029,-273.65719120484243,180.12287118004127,-0.18419757
P92030,-481.48459839524565,-264.0940782307977,-0.18419757
P92031,-688.2785336082577,-167.42696085006986,-0.18419757
P92033,-388.6364747167875,119.20389388966211,-0.68038404
P92034,84.97968093759202,348.88879650270144,-0.78033787
P92035,-1084.2670475857572,325.74267236973424,-0.18419757
P92038,-1411.0307693737957,-54.7103126188909,-0.78033787
P92041,2095.4884100025,-489.18646471153556,-0.78033787
P92042,120.71346841144388,672.2709737944563,-0.68038404
P92602,-1253.2758706715238,-109.92471424100493,-0.18419757
P92605,48.595583093972586,-82.75142210708738,-1.0526135
P92606,-1398.297419850336,-98.2907879012501,-0.16700122
P92607,1919.307286720365,1975.7562515637867,-0.18419757
P92615,-841.7616234901288,28.46919913781217,-0.18419757
P92616,-771.112050439119,119.42433134769088,-0.18419757
P92619,-1565.6705491157295,-450.7155958547704,-0.6699181
P92620,-870.7506999443904,122.47282489091415,-0.18419757
P92621,-1413.0098244367118,142.6796289067649,-0.18419757
P92623,-939.9286214139732,20.530353385063393,-0.18419757
P92626,-78.96668992992713,133.85516980710477,-0.68038404
P92630,-1070.3022416250358,-172.90226309820153,-0.18419757
P92632,-1092.7411806902578,-153.9752880138286,-0.16700122
P92633,-945.3229710320047,-26.422920740651005,-0.68038404
P92634,-176.09186897650721,-200.68267000506344,-0.18419757
P92635,-1304.518876721013,-45.67381096436451,-0.68038404
P92637,-1508.0786474774338,109.02810645989344,-1.0526135
P92639,-982.5379239630641,42.22688616709065,-0.18419757
P92642,-592.1970949495474,159.25413886904045,-0.18419757
P92643,-1750.541139337302,-191.7508590715196,-0.16700122
P92646,-697.6890163552179,-129.13403857716406,-1.0526135
P92647,-375.399689933316,-241.5921922844018,-0.18419757
P92648,-1211.4890335661967,286.0259713603383,-0.18419757
P92651,-501.5875963906613,30.126078984577543,-0.18419757
P92652,-621.8762447949578,182.60276231901292,-0.68038404
P92653,-793.5107903060903,150.33370361709072,-0.18419757
Y00016,-2416.2449285476036,9.899719894174325,0.06201143
Y00020,-593.3344315331873,468.37515546144715,-1.0475979
Y00023,-2291.089607028033,3.9121462085856202,-1.2525212
Y00025,-1395.7241851921056,-178.35339221178296,-0.24526878
Y00026,-1487.8511759298417,37.96869404382354,-0.58222157
Y00028,-804.223454201457,-202.8775545959745,-0.13081722
Y00030,-2508.051726531289,-6.027846667449663,1.6421987
Y00033,-709.2830708499829,253.23660976613186,0.49649146
Y00035,-2350.162587287132,4.615785037258704,-0.99284774
Y00036,-2378.9915018543124,-51.15769007004081,-0.9630492
Y00042,-2517.5041377734906,-8.978009528329778,1.501155
Y00043,-2344.947990271483,5.177596098216147,-1.0820389
Y00048,-2325.2234264321683,6.561382616273639,0.43093038
Y00049,-2354.8938506718982,0.09911195084935967,-0.52203435
Y00050,-1609.3852539411541,88.40955862722876,-0.18419757
Y00052,-2483.9917511712683,-20.242650029471164,0.77378273
Y00054,-2401.7530490512227,-1.4292632827429756,0.20316109
Y00056,-2317.0341400598177,40.26541113438102,1.1288159
Y00057,-992.119695912348,606.598649536311,-0.7287488
Y00058,1312.5426025831223,1101.4848103639845,0.7583777
Y00060,-2166.688075768673,-3.7738713108382655,-0.61338997
Y00061,-2237.709129370563,-133.49109487030188,-0.4564732
Y00065,-2247.2806858040244,13.796179534658515,-1.2163372
Y00068,-2528.7789219102096,-0.537062184001003,1.8231187
Y00071,-2467.5787858234835,-73.7319523059453,0.57191414
Y00073,-2372.395891432627,-3.090239575409766,-1.0569736
Y00075,-1751.5002971202073,-173.6459135653942,1.7869346
Y00078,-1220.285706228466,-53.62868292842141,1.1907943
Y00079,-1673.5285524528426,-201.06195700709753,-0.13081722
Y00080,335.2091724161596,704.1565326539884,-0.04805976
Y00081,-2367.456313565457,4.331446440063727,-0.24814108
Y00082,-2346.8625929836016,-26.305348279558654,-0.13081722
Y00090,-455.3288779002843,-143.97617295185773,0.09810927
Y00092,-1764.952958527094,33.572825151063746,-1.1499999
Y00097,-2340.311429543754,15.891546376811338,-0.9992332
Y00100,-2356.3498334053324,-14.888313839432048,-1.0354172
Y00105,-1425.1559618299802,-27.882378894081583,-1.0907573
Y00108,-2351.7856295377287,0.8753375970510906,-1.2163372
Y00110,-1415.583094215061,-14.936392528905223,-1.2611194
Y00134,-2610.8449936815923,-35.82386410176105,2.2935107
Y00137,-596.301825397582,518.9993021978032,-1.1629567
Y00140,-949.2867335178472,-159.45729603136252,-0.61338997
Y00142,-2428.2174288251126,-8.167808061358418,-0.042140942
Y00148,-2599.3836011721933,-157.25863581124798,0.5566787
Y00151,242.69311626863382,-746.6508711559551,0.18175092
Y00152,-2519.651259982755,-24.2017600371165,1.2803587
Y00155,-871.0823207000406,187.16785903525547,-1.316291
Y00159,5507.309509393409,-35.46005040384134,-1.2335335
Y00164,-313.6128646118001,-30.547323407388497,-1.0075513
Y00172,-2419.2219135142764,-12.316297017195721,0.07623565
Y00175,-2389.023095797369,-46.61767435849872,-0.5582141
Y00178,-2388.597987113375,-174.17967075861807,1.0044557
Y00182,-2359.773289921111,-32.8609751531691,-0.2773445
Y00183,-1127.3155138999996,210.95373139884825,0.52049476
Y00184,-547.66519533523,431.0587948502425,-0.3547281
Y00185,935.6659446054426,444.5602744657509,1.5404534
Y00186,-1847.882358869204,40.82941935964007,-0.68038404
Y00187,-2399.370635348255,0.08417181603092677,-0.27555323
Y00189,-1490.334715672823,258.5937646597593,0.6787997
Y00192,-2239.1395977302,-2.20832658178752,0.57029253
Y00195,-2449.404721257109,-20.27080483933704,0.60504353
Y00198,1048.5199154441482,-822.3411756547214,-0.04721971
Y00200,-2093.240065046207,108.71898678347989,-0.1705838
Y00203,-2331.8221682440158,-12.348527642347488,-1.0526135
Y00206,-937.1247757291267,297.7703105064895,-0.8648866
Y00209,-2354.5023587514197,-16.67608438463327,-1.1034431
Y00212,-548.9288573877984,455.5749639191882,-1.3076929
Y00215,-2398.7242474144896,-7.871809062150454,-0.6373932
Y00217,-2516.5807502375287,-25.145142897342563,1.4974627
Y00219,-2435.743116976201,-11.325151492928397,0.07165919
Y00222,-2448.390846889078,-11.139880877089201,0.34761563
Y00225,-1439.643513849705,194.64079673326876,-1.2525212
Y00226,-2518.726007016175,-230.47597489235486,-0.9992332
Y00228,-1826.7550061422698,64.83206127255069,-0.91647565
Y00229,-2426.556715000968,-2.3464492134389783,0.195387
Y00234,-2423.3628203193275,-3.4469782210812476,0.51189655
Y00241,-2379.2747478134866,-51.58851130023285,-1.2525212
Y00243,-2077.9783594762753,158.45553560710187,0.84993744
Y00252,-1072.0574439492266,141.08327468462898,1.3147514
Y00258,-2410.3649529233917,-34.28284067373858,-0.4926572
Y00259,-2492.4849736683286,-33.40817325652027,1.1424296
Y00260,-1087.0888239791093,385.3119839139662,1.659395
Y00265,-1332.7001879915188,389.2497911835638,-0.46507138
Y00268,-1541.7341057920323,-61.79924025183781,0.57392925
Y00271,-2446.8103333570944,-2.7968849880882742,1.2423834
Y00273,-2404.192366046144,-3.493662275408078,-0.16700122
Y00277,-2297.485336782503,-84.90872385098594,-1.3248892
Y00278,-1269.0191875907892,7.329813164325274,-1.2249354
Y00280,-1270.9945448012895,-88.50413458040214,-1.1741225
Y00282,-2462.337519115412,-37.93157195195661,0.38519806
Y00286,-172.8288297297636,250.3879997999641,-0.4994641
Y00293,577.7522603707541,1436.0695183307196,0.9081293
Y00297,337.6723547434813,877.9550552096617,-0.37371576
Y00301,-2335.3515206190546,-20.790734225871688,-1.296828
Y00304,-1666.589043106719,-0.9006855522370983,0.19483876
Y00305,-2385.6694956386505,-33.14179955534287,-1.0716012
Y00312,-1700.1984011112017,35.379310440454894,0.5634856
Y00313,-2396.9919805855475,-8.929354231048416,-0.4780113
Y00316,-697.3262230956774,185.03325041069337,-0.39306164
Y00327,-2323.5605804746797,-18.106378776267196,-1.2611194
Y00328,-1697.9309478121525,64.71168101303313,0.3929551
Y00329,-2404.8012775163893,4.433629463976264,-0.2509481
Y00332,-2418.617697790883,-198.45794403154625,1.9316707
Y00333,-2356.3021226867404,-13.309565896587332,-1.0535092
Y00334,-857.6173225600658,-997.3526458105263,0.6652307
Y00344,-2172.998397116843,37.131902002121066,-1.1629567
Y00347,-363.16669259048535,-22.529174761391833,0.7909791
Y00349,-2461.018620752096,-12.402000959647864,0.582657
Y00351,749.0031793066405,361.5724540339876,0.30518204
Y00352,-696.9954309022323,806.1291844256663,0.34817293
Y00372,-2419.5355415516387,-3.8541060161202174,-0.045361396
Y00384,-2278.5613012574154,-34.716868697298466,-0.80792373
Y00390,-2416.7370108420587,-16.094954567732103,0.54127365
Y00399,379.70029821993785,-37.40484882670395,0.11387259
Y00400,-2372.289818094793,10.427747287876487,-0.4885219
Y00401,-2391.6676710369074,-26.72392391215895,-0.5485779
Y00403,-1010.0836069410309,342.9032645954818,-1.2285179
Y00408,-2433.9303624992267,-6.3854269469461045,0.43093038
Y00411,3291.3044180313946,1773.813247639272,-0.6717859
Y00412,323.82422563220257,346.0120967157032,-1.2335335
Y00415,-2450.4918269316286,11.02527745767309,1.2373677
Y00416,-2489.8817693343944,-17.124561512305615,1.1382889
Y00417,-2256.7590576446614,38.03481081164172,-0.63136256
Y00419,-2392.148695333933,-23.419809413323254,-0.6260857
Y00427,-2277.386636762353,-57.971316415202224,-1.2525212
Y00433,-2134.6549635842894,-117.56122501037447,-0.077436864
Y00434,-2445.5621831240037,-0.10274638629979672,0.60504353
Y00436,-2181.4874619731604,-42.211161281454366,1.8593026
Y00437,81.13251906487045,248.93721426018047,-0.46507138
Y00438,-2321.7975861024656,-12.367036987627587,-0.42028922
Y00442,-2414.014414405584,-11.887988369754813,-0.24683575
Y00445,4870.860676386296,-518.0480919393791,-1.0526135
Y00446,-220.316680058993,-205.47932783545141,-0.22897975
Y00448,-2375.9377495922113,-5.167389858171143,-0.67759764
Y00449,-625.5279005959725,1290.2162522356323,-0.0738543
Y00451,-2344.5142265530253,-5.287887765822889,-1.1439692
Y00454,-2080.574014292839,38.706470267451095,1.137414
Y00459,-2413.657168615683,-13.044596400009972,0.09185354
Y00469,3872.851230338744,1411.1609879726075,-0.08603505
Y00471,-1222.1608120859323,-130.23477627765737,-1.2335335
Y00475,473.97454784096647,360.10823141743947,-0.78033787
Y00481,-2363.7896472420243,-41.90850225004651,-1.2163372
Y00482,-2366.960170919418,23.57264635213645,0.52402484
Y00483,-2351.2254874038404,0.14912445527070087,-0.60120916
Y00484,-477.1074391846474,-157.81897898189177,0.77378273
Y00486,-439.4621776527794,289.91384589806194,-0.7183594
Y00492,-1566.260614542662,154.54156654966954,-1.2335335
Y00493,-2452.275997743963,-46.47669331885966,-0.16700122
Y00496,-2540.236836927363,-5.484490538383313,1.9678547
Y00502,-2400.3407945311137,6.130409327318685,0.54127365
Y00504,-2394.593702655609,-19.146396507910918,-0.6373932
Y00505,-2396.089969124462,-5.039415084269849,-0.36670026
Y00507,-1894.0482340970802,4.494753131285107,-0.43246996
Y00522,-552.1594854763831,468.6622635542101,0.3929551
Y00523,-2418.6580243239796,-22.31870304319131,-0.23936921
Y00525,-2313.0108742830384,-126.45906947119863,-1.2525212
Y00527,-1557.3050023458602,97.56216812054122,0.082622565
Y00528,-2337.392250040774,-7.72800253472778,-1.2525212
Y00529,-2348.2869859590355,-15.632203236574007,-1.2525212
Y00533,-2341.7168097039885,-45.94117621016948,-1.0865467
Y00534,-2370.7980496761234,-22.77969830102322,-0.7600569
Y00539,-2514.361124927578,-1.51164134178143,1.478438
Y00540,-2336.4717114188775,-6.683611429623995,-1.2525212
Y00542,210.8375768180663,232.05217205285774,-0.75633466
Y00549,-2409.2311561434,-59.2982772958375,-0.3429303
Y00550,-2406.9005664228916,-19.215129637002605,-0.35415983
Y00556,-2427.567839374434,-11.410318278444283,-0.25245705
Y00560,-403.9084735417528,458.5228704756297,1.5956252
Y00561,-1823.1151639464836,115.80232606068337,0.3933025
Y00568,-1456.618285037066,20.231383515899786,0.57029253
Y00572,-2373.6964800472438,11.036403968251394,-0.7097612
Y00580,-2440.5131446291093,5.504869510720161,0.48431072
Y00587,-2550.919008933572,-7.964444825037306,2.2935107
Y00589,-487.55044119807286,787.025476229917,0.7651845
Y00592,1686.4139760629662,-690.5207580571833,-1.149536
Y00597,-2377.3654223060216,-6.68165035396369,0.60504353
Y00599,-2432.127442429469,-14.33426822072834,0.54127365
Y00601,-2434.817588909669,-14.162925580103352,0.5928627
Y00602,-2444.5566467804224,-20.313639696836624,-0.061738677
Y00605,-2383.212770323267,-7.566108284001659,-0.51666045
Y00610,-2328.250508968339,-29.22952054958428,-0.7860765
Y00612,-684.282337232643,479.43195369705853,-0.7287488
Y00617,-2466.200579278542,-8.603113688153122,0.9375063
Y00618,-2421.6245219737284,5.660394761635202,0.11704316
Y00622,-2454.144835172747,-48.264092434074406,0.5928627
Y00623,-2494.4888809836207,-1.3897861117418606,2.2573266
Y00626,-2338.54124262025,-21.743148734496767,-0.52203435
Y00631,-2355.793343622789,-49.72725225886484,-1.0444632
Y00640,-2556.44099397396,-20.340517461021026,1.9898796
Y00645,-2400.2241722591466,-24.63290075199724,-0.7097612
Y00646,-2328.9032699887907,6.116904974845345,-1.2163372
Y00647,-2421.138149372328,3.4180438417,0.37575874
Y00650,-2379.317044065023,-0.779719549919632,-0.51666045
Y00656,-2380.2267772420546,-7.327350343604852,-0.35334882
Y00658,-2400.2216046509498,-20.93566273814204,0.616866
Y00661,-2379.59334909119,-18.87956660437025,-0.35334882
Y00672,-2466.8351130044744,-9.07360354394992,1.7507507
Y00674,-2542.1653160533224,-53.376207570586224,1.5760692
Y00675,-2410.6785725809414,-35.90218529039618,-0.19112389
Y00681,-2344.429487894993,15.416219715125607,-0.71784484
Y00683,-1465.181086936449,-122.62414670316639,-0.24591313
Y00688,-2351.3475202939453,-10.525647380593322,-0.98884374
Y00691,-2460.3528514439863,-96.61600892877938,-0.7097612
Y00694,-2482.261243481233,-1.261767061630249,1.0458864
Y00696,-2524.7138718765586,-23.014805109791222,1.2079906
Y00700,-2498.6138420983525,-106.44010455249648,0.5928627
Y00701,-2414.2762131958543,-9.276772105386712,0.12426206
Y00705,-2389.141032719209,-12.693788145424884,-0.14801358
Y00707,-2335.7086584623603,-13.220836210370392,-1.3248892
Y00716,-2538.5061451794536,-15.651695950974748,1.6060148
Y00717,-2553.7305758269217,-18.540561854723137,1.7869346
Y00720,-2549.8948394769527,-22.91688853560967,1.5698307
Y00723,-2529.059131781519,-10.69439996044616,1.6421987
Y00724,-2530.0881986037903,-6.039216938406153,1.6421987
Y00726,304.45759680307407,467.498032907167,-1.0887976
Y00729,-2349.6549625932626,-0.6134050174458339,-0.89068115
Y00732,-2319.5818833391563,13.061053325588066,-0.99975765
Y00737,-2393.9411318155103,-71.38988851861892,0.5566787
Y00738,-2282.9284346020027,-79.54257741048797,-1.2322229
Y00741,-2457.594258149042,-12.796370850298576,1.2490535
Y00747,-2426.0527887877747,4.03207273667196,0.06596425
Y00751,-2505.894446636337,-4.702495064804976,1.8679008
Y00752,-2556.938949060878,-17.226591463038577,2.0025911
Y00753,-2505.584437047243,-21.278615434344047,1.1770836
Y00754,-2532.7674684370586,-12.906344296906168,1.8507046
Y00755,-2553.391628663079,0.05904158893970675,1.8522669
Y00757,-2666.291768697303,-97.14699360579313,1.4250947
Y00758,-1421.3580052170034,-118.04826733881082,-0.08603505
Y00759,-2511.301345504874,1.1167579858300913,1.5698305
Y00760,-2501.7805970360296,-18.416349070392922,1.2079906
Y00767,-2394.423817156013,-32.56686490301716,-0.6735772
Y00768,-2484.70539868469,-23.948255045756657,0.6216244
Y00770,-2424.6894467722404,-45.360398193854635,-0.23398012
Y00771,-2343.296891766846,-0.7851304217725978,-0.92686516
Y00774,921.8117358693742,-4.7166309075032045,0.63764495
Y00776,-2446.1658674031673,14.446970892282696,1.2527729
Y00779,-2473.7927789616037,-48.104852105712936,0.26720676
Y00780,-2523.895627460779,-27.062395050492185,1.1356227
Y00781,-1968.9452137432943,-825.9352699062217,-0.0092760995
Y00782,-2407.272681683796,-21.374474973584007,-0.3117372
Y00783,-2519.9124724509606,-12.919529708629062,1.4309425
Y00805,-2535.9144268833065,-22.60564221547566,1.5601535
Y00806,-2375.3756569906163,81.98829948664887,1.5388159
Y00807,-2454.2655321798175,-19.531834079814246,0.49792454
Y00808,-2368.661490154826,-15.140483898344684,-0.8620521
Y00809,-2528.457342930085,-12.388897439520857,1.7507507
Y00814,-2417.3631910906292,-8.347765066836173,-0.06713338
Y00824,-2409.7715575282073,-12.366787064978203,-0.029072119
Y00825,-2414.6674328714726,11.922936720924966,0.77378273
Y00827,-2322.8658555593734,-1.6324930774534216,-0.13081722
Y00833,-2403.908972512713,-62.51319024907864,-0.24841522
Y00835,-2426.4443211654343,-22.299016542737434,-0.2527707
Y00840,-2391.758222854019,-19.319613359705805,-0.24832197
Y00848,-2425.8301774538645,-96.89085205937847,-0.25203362
Y00859,-2531.358153340023,-16.820360750114048,1.5336467
Y00860,-2414.94993424423,-9.711098527621752,0.54127365
Y00862,-2369.233759620102,-18.11471846519675,-0.58222157
Y00864,-2313.610402608771,33.670722995271035,-0.53000844
Y00868,-2235.110752074982,44.55710859376841,0.66523075
Y00879,-2324.96749910787,-9.793897521987562,-0.47546086
Y00896,-2351.195933365438,7.993150223277268,-0.9992331
Y00898,-2397.182887906981,-64.09825467546047,-0.5182706
Y00899,-2378.2868252080443,-43.26636543458992,-1.2163372
Y00902,-1176.8564026622032,105.54408562750716,-0.1705838
Y00904,-2305.3865966480216,20.272694443754524,-0.78033787
Y00908,-2348.2448557633884,-5.28732107161439,-1.099654
Y00911,-2297.443427456512,25.563421921324455,0.6118504
Y00912,-1214.6704303765637,200.74936634982942,0.60504353
Y00915,-494.32324735809885,-643.2559914846818,-0.9992332
Y00918,187.17697516280654,498.2751469892917,0.09810927
Y00925,-2398.898146709972,-0.48459452318682916,-0.45647317
Y00931,-2409.0940658030568,18.357694665298137,-0.124431804
Y00934,-2344.80660684785,-9.307966850209555,-0.65158296
Y00945,-2361.8484506320274,-11.584139814171916,-1.0860747
Y00954,-2324.7608752177366,-10.705387233404897,-1.2215812
Y00955,-1069.3329173244963,-187.7366070366863,-1.2525212
Y00961,-2453.990510933447,-9.596781944668185,0.464574
Y00969,4676.072334066417,859.3734225598629,-0.44608375
Y00972,-2448.516588013211,-22.321363950229603,0.5352637
Y00978,-2392.5173486646277,-62.98793394080352,-1.1439692
Y00982,-2365.639005243802,-13.20709070994204,-0.89068115
Y00983,-2526.62022253821,-7.83432312475076,1.6421987
Y00984,530.530341341793,-135.63832759622358,1.8377548
Y00987,-2385.338214512729,-64.91373719461234,-0.23936921
Y00988,-2381.722412288626,-21.564709835031113,-0.18419757
Y00993,-2410.5902940015167,-9.036551200109965,-0.14377865
Y00995,-2404.2477586095206,-31.510391055929887,-0.57507634
Y00996,-2075.1139673133725,141.27234572531057,-0.61338997
Y00999,-245.74746712653206,1123.3005502456497,-0.077436864
Y01003,-2389.206440637932,-21.956998776602365,0.0708817
Y01008,24110.206877375054,8295.226602246661,0.47750387
Y01009,-1514.9856296323478,-113.51846930295781,-0.34792122
Y01011,-312.96195938599203,51.748371552556556,-0.43246996
Y01025,-2358.1115289694917,-6.499871963625204,-0.89068115
Y01026,-2491.6622882097754,-16.785469669895846,0.9908867
Y01027,-2528.2714727952175,-39.17381493493391,0.9908867
Y01028,-2412.9909847178055,-19.191067567004406,-0.45647317
Y01031,-2320.1831392153003,10.919962433197684,-0.5288412
Y01034,-2372.037738718763,0.562057108916776,-0.20318522
Y01039,-2382.924673964905,2.8886355575167237,-0.06629636
Y01049,-2382.8171060148843,-18.548460186960654,-0.6373931
Y01050,145.15201780915507,23.335969886436107,1.3785212
Y01051,2629.4888382873937,1750.7751399472056,1.3785212
Y01052,-2324.363633517874,20.344508723940635,-1.0281804
Y01056,-2527.819669979137,-13.230441455990496,1.4612787
Y01057,-2244.0654243440194,0.2517282600944401,-1.2335335
Y01058,-2515.5782252051517,-149.4579231451874,-1.1077851
Y01061,-2448.745414512242,6.292511254429951,1.2373677
Y01063,-2385.389176956555,1.9950968021041837,-0.44714746
Y01065,-2421.988381799562,-13.974117480929106,0.19483876
Y01066,-1064.0879035599928,189.00952225871012,-1.0647943
Y01068,-1313.9934887170257,-33.34270831873829,-1.2335335
Y01069,-2405.9734841617556,-9.171818368028173,-0.23757793
Y01072,-2575.4599360954758,-18.408364846419573,2.1125906
Y01075,-2537.8758237393026,10.528303281163168,2.0312698
Y01076,-2333.640184969723,-6.711039409000624,-1.2611194
Y01077,-2342.7892116593375,-11.881679164602799,-1.2525212
Y01083,-2379.325805031747,-7.234447676320605,0.60504353
Y01086,-2426.803768048989,-19.039064742553474,0.54127365
Y01090,-1421.9513323497215,130.17356747389664,-0.34792125
Y01091,-2413.5679937744358,-20.170000051402685,-0.058449227
Y01108,-1388.9344793224557,197.16982390961053,0.66523075
Y01116,-2423.800296623538,-64.74796995366842,-0.60120916
Y01117,-2402.9518662142013,1.1765197189532632,-0.058449227
Y01118,-521.7882964424887,263.8660574975626,-1.0250278
Y01124,-190.59834271518253,43.80305981338222,-0.8061324
Y01126,-2384.022396647663,3.3483744420515613,-0.23757793
Y01127,188.4992133520341,433.10514872170916,-0.592611
Y01128,-2542.7668669053587,-42.81231779634368,1.8593026
Y01129,-2348.2396530066235,-12.414305639123407,-1.2621982
Y01132,317.2963614823567,392.56742185775045,0.35318854
Y01133,-2346.2694839406877,2.8372264408860137,-0.92028624
Y01135,-2528.0749897304017,-34.678277875229824,2.0040386
Y01137,-2363.955386911907,-16.261937099032203,-0.92578506
Y01138,-2403.7161570479075,-17.64873328764035,-0.21454531
Y01139,-111.09024729225406,304.54157981957746,0.11387259
Y01141,-2385.0911162552266,-25.822835596914086,-0.24860768
Y01156,-2206.6631857616667,130.7429212181405,1.7869346
Y01162,-2422.768381077735,-44.543351047537804,-0.47164714
Y01163,-497.47081984050095,816.3838353045535,0.65842384
Y01165,-1369.7072422307922,79.19469274017221,0.85474885
Y01166,-2491.621938222727,-40.28219863849626,1.4842341
Y01168,-2392.42000349588,-0.5516085538721521,-0.6076529
Y01173,-2360.426548659115,-14.235017232588966,-0.27555323
Y01176,-2353.2783104514256,-8.92581904928678,-1.2371429
Y01177,-1161.8717313416155,264.0374170974908,-1.3248892
Y01184,-2349.0166081373427,8.932602527563901,-0.8183132
Y01186,-2410.084474565561,-20.32477916075673,-0.23992588
Y01195,-2465.2012521414395,-41.20236457728246,0.17933133
Y01200,-93.2493490365526,546.2562422615313,-1.2525212
Y01201,-2524.185134158724,2.797979581006456,1.7869346
Y01206,992.3977024011114,41.104189183967755,-0.43246996
Y01208,-2571.214762927104,-23.402101592414958,2.0764067
Y01209,-2367.439865613744,-43.57063911184375,-1.0104173
Y01221,-572.8289205281817,336.7534130957438,-0.34792125
Y01231,-2398.8011514351656,-9.992154608217305,-0.23757793
Y01233,-2485.4804126973263,-20.904523335700503,0.75994766
Y01236,-2466.1909579159824,-6.446924432048647,0.6101681
Y01242,-2335.415947106966,39.10451519487577,-0.20797428
Y01243,-2287.9923713521025,-4.0738279535741135,-1.2973033
Y01249,-2298.8683372243545,-22.260765585783965,-1.3248892
Y01250,-2575.57665359038,-31.96744951127849,2.0402226
Y01262,-2357.536404128098,-9.692923624961228,-0.9362161
Y01264,-2446.903674458248,-13.801573469679857,0.5566787
Y01280,-1864.518251359595,114.70221946327229,-1.316291
Y01281,-705.8670520088125,-110.26923182233152,0.2138264
Y01287,-2325.467914320826,16.37285120913934,-0.6373932
Y01291,305.39093318770307,127.57608233425859,-1.0941714
Y01297,-2469.8054415798238,-18.642538869423152,0.77049327
Y01298,-2574.0905558187164,-16.17892608776793,2.106937
Y01303,-2368.7207727247455,-41.99732411663507,-0.8625381
Y01634,-2372.9838301596974,-25.58568367829314,-0.7459452
Y01635,-2567.63125110524,-31.48942176020751,1.7507508
Y01649,-2406.933246421531,-5.645778168868591,-0.22361854
Y01652,3953.9891335690913,827.6811092235977,1.1786137
Y01655,-906.7862005865239,620.5045994669639,-1.0647943
Y01660,-2475.88777679673,-9.68950804474008,2.0316246
Y01676,-2325.309347922098,-0.0831763953326594,-1.261293
Y01680,-1944.5274727843714,-791.8555396711631,-1.2163372
Y01689,-2568.212604690842,-14.691636148403136,2.2206664
Y01690,-1610.4339653336187,600.1687775031562,0.64181757
Y01691,-2361.210280175139,-15.838861355186058,-1.0635602
Y01695,-1459.6094368559277,-88.51365210926132,-1.3248892
Y01696,-2412.2637796385998,-5.299461020092015,-0.064479895
Y01709,-2380.9036527256008,-21.31976202978501,-0.7896155
Y01716,-2464.5021915744937,-8.007423324049812,0.5928627
Y01717,-1823.657044519364,218.44452863838907,-1.0078313
Y01718,-2273.1839239691217,26.440022744893298,-1.3248892
Y01719,-980.5376067018525,177.2651277416467,-1.316291
Y01723,-2343.6918775501485,0.7712393051596665,-0.18419757
Y01726,-2281.597609646049,13.007336597436348,-0.9354633
Y01730,-2543.3259351236943,-11.664119827269037,1.6949669
Y01735,-2476.1331692145473,-12.695407707624243,0.8548348
Y01740,-2440.544013365334,-83.01677521673516,-0.6373932
Y01741,-2480.4977681145006,-24.592397691125598,0.48431075
Y01746,-2332.5471372703832,-3.5395049847415216,-1.2335335
Y01755,-2416.062197824701,11.173962015335185,0.10510244
Y01756,43.26228587075287,-71.28491642113784,-0.08424375
Y01764,-2350.0408443104275,-28.324636619156486,-0.70976126
Y01765,-2568.4718423005293,-29.7021464262101,1.9601792
Y01776,-2423.733343355959,-14.052521465168004,0.01391877
Y01783,-2427.6617850617904,-68.79455194844289,-1.0716012
Y01792,-2448.2538154623,-349.35195552315815,0.01391877
Y01794,3451.7740157379003,774.8150959393287,-0.5012554
Y01795,-1786.0269455962286,33.44768830507323,-1.316291
Y01800,-2380.918249458582,-17.41006322364938,-0.87135
Y01801,-2501.056807551457,-39.61360843621867,0.8588151
Y01802,-2542.768927374556,13.788765455144064,2.1738253
Y01810,-2452.519309874475,-6.711959141635395,0.43145773
Y01812,782.3470026696278,-256.46458339548167,1.1907943
Y01815,-2406.9244670458193,-16.222664519885143,-0.08603505
Y01834,-2362.233725367376,-13.475124198806073,-0.97046036
Y01838,-2158.8468871281075,-74.47016826946073,0.54127365
Y01839,-846.4042675703122,75.69350117754587,-1.0941714
Y01845,-2480.466490305986,-7.854891703152553,0.79667467
Y01851,-1604.6558420538458,-26.313858606926175,-0.20504081
Y01866,-2320.2928973759786,-13.017892384686611,-1.2335335
Y01882,-2411.3338467934477,-7.318377986346169,-0.23138054
Y01897,-2230.3576743151693,-23.892923334417997,-0.36690885
Y01909,-2383.8565603989473,2.590391186432545,-0.20318522
Y01914,-2397.833665573831,-8.506026273042734,-0.4487195
Y01915,-2400.161381830126,-6.907171697776061,-0.27555323
Y01918,-2584.528421463822,-22.77945704328831,2.1125906
Y01920,-2412.1178777732966,-28.260945597324426,-0.264775
Y01921,-2542.629245179097,-24.31368096498008,1.5336467
Y01922,2979.0050146866893,49.00322386162331,1.3785212
Y01924,-2295.804820012877,-9.279383401685827,-0.4514576
Y01928,-2396.4945581098013,-26.650448620216956,-0.45647323
Y01929,7515.256408785401,6706.856504662386,-0.25835687
Y01931,-2517.325227176334,-32.5406039879449,1.2269442
Y01948,-1646.9868647764977,205.45401632036106,-0.60120916
Y01949,-2388.3674665604944,25.481560166476417,0.33957475
Y01950,-2508.6602735399247,-6.006611298972642,1.1449273
Y01951,-2531.5799703223756,-63.24054229797931,1.5905071
Y01952,-2308.7818994422105,14.66950001159995,-0.23757793
Y01953,-2377.0594790729037,-12.27210665576716,-0.54951775
Y01956,-2310.030046097359,33.17287349203853,-1.0099028
Y01957,-2426.278967010415,-22.434090527383102,-0.32109514
Y01959,-2518.634413790031,-6.195025095294573,1.3527267
Y01962,-1353.3172852407222,456.6519225679498,-1.0642086
Y01964,-1361.8708231830062,615.366106111863,1.7955328
Y01965,-2576.280397995784,-23.344210722209887,2.0764067
Y01966,-2509.4388773596056,-4.474338512876505,1.3427184
Y01968,-2423.9987397983314,-16.178400827660763,-0.079435945
Y01986,-2424.3827056163964,-68.63756024046945,-1.2163372
Y01992,-2386.656833197004,-9.606663193406899,-0.42028922
Y01994,-2393.040750756244,-7.76817803538422,-0.36673686
Y02002,-1070.6461946366587,659.1913876131686,-0.24796739
Y02012,-2346.009340790423,-20.521985069237456,-1.2268114
Y02018,-2428.7425755298955,-7.148317151781787,0.60504353
Y02022,-2511.2447676100255,-64.09527957898376,0.23102276
Y02025,-2408.0188180177156,-10.772280104709266,-0.27555323
Y02029,-2503.8647837282933,-7.073661094133139,1.2242111
Y02045,-2453.653204050002,12.646652195965277,0.5566787
Y02049,-2590.6863224958493,-30.584262090163293,2.2573266
Y02064,-2392.517521674587,-0.6123736836515512,-0.029072119
Y02065,-2523.2501447008726,0.04665146265824709,2.106413
Y02066,-2373.6895827306544,5.095934898613348,-0.5805326
Y02068,-2297.8565290430447,-9.166381185136347,-1.0973957
Y02071,-1644.4490520787579,-222.10884874063433,-1.3248892
Y02077,-2310.71115159883,-1.5702059709033007,-1.1629567
Y02080,-2432.4430974104744,21.36307369792039,0.7618866
Y02081,-2445.68322224394,-11.085612755483117,0.7651845
Y02082,-2300.989707994746,19.681645165385646,-0.77532226
Y02085,-2370.958396475037,-17.34332702883133,-1.0112945
Y02090,-2365.5867876303178,17.16267252284162,-0.64997894
Y02092,-2609.7768555348966,-122.01666446082677,2.0402226
Y02115,-2326.9480184339295,-1.1756131724088539,-0.4632801
Y02117,727.4336624908484,734.2944802421692,-1.0647943
Y02121,-355.8004101761814,-103.3734110770998,1.3889107
Y02125,-2447.833653162354,14.053201437321963,0.9999327
Y02128,-2556.9700925742623,-41.732797658289996,2.2573266
Y02129,83.03101977563578,474.67623633852406,-1.0526135
Y02131,-2357.2550668484696,10.869988055279597,-0.67357713
Y02139,-2386.6569385554444,-16.389273596449396,-0.79624975
Y02141,-2633.1756344528694,-70.00072674620495,1.7507507
Y02146,-2563.7861278715764,-21.72677896984122,1.6824031
Y02147,-2454.2268739986002,15.745403141364047,0.8355603
Y02148,-2389.861133555434,3.922697794755513,-0.465811
Y02161,-2406.8922723300893,5.01745057437555,-0.022265228
Y02162,-1579.9815330412691,-209.420346781287,-0.22668616
Y02163,-2567.3114157284526,-87.4185947124362,0.5566787
Y02164,-683.050943326352,-189.28453489051157,-1.2163372
Y02167,-2454.6400021955333,-11.973125728013935,0.6836919
Y02177,-988.4019223772899,414.9415393586919,-0.098215796
Y02181,-188.5493282037765,398.27605198636195,-0.5650252
Y02182,-2483.9400758248976,-20.72943222976736,0.9899088
Y02187,-2402.103198857701,30.726282583369475,0.6880132
Y02188,-2529.5899612855146,-39.74001261807693,1.3527267
Y02192,-2507.767281015352,-21.842031827249105,1.2069105
Y02194,-2535.76733947107,-1.9885155747697014,1.7748734
Y02195,-2376.1668012676228,-31.791690368835194,-0.7097612
Y02204,-2210.0021348291834,-34.01642065299891,-1.2611194
Y02208,-2312.307188607991,-190.08435845659164,-1.1226845
Y02209,-2350.8892105013083,-13.041090378948581,-1.0855181
Y02210,-2295.075077920105,-39.29040184795724,-1.3248892
Y02211,-2191.9135993283103,36.84243423324432,-1.3248892
Y02212,-1307.7802988439148,330.58907689656996,-0.08424375
Y02222,-645.2988615660275,180.38447163951503,-0.75633466
Y02234,-2555.3145523993576,-18.563487437734118,1.6421988
Y02241,-2527.909440502268,-8.390398529473012,1.5698307
Y02245,-2485.464758410198,0.19701623528370246,1.0484099
Y02247,-2417.253294953079,-6.1083911441230505,-0.15063226
Y02250,-2523.9347997416326,-18.665264826868274,1.5766152
Y02251,-2534.6675371151277,-17.948893726729093,1.6421987
Y02256,-2435.669120428895,-22.096693009002404,-0.14511213
Y02260,-1662.669193030341,65.91325654259603,-0.60515004
Y02265,-2487.8329467283493,-18.20762519884991,1.3165427
Y02273,-2515.7676989945253,-51.20429716700828,0.48431075
Y02274,-1280.7471595129248,271.5280142761197,-0.18419757
Y02277,-2365.0477155407234,-25.678901739865882,-1.3248893
Y02279,-2392.55272167395,-45.45722217299896,-1.3248892
Y02284,-2395.9035980893022,-8.279330902528258,-0.4385992
Y02285,-2298.0669435850987,21.523654901363344,-0.9268651
Y02286,-2369.6703906903504,-11.996856615703798,-0.91616285
Y02289,-2434.2846844460555,-48.729772823357955,-0.2393692
Y02291,-2367.7184142840906,-27.732778447430956,-1.1801531
Y02292,-2357.287566328932,-28.349411902908823,-1.0941714
Y02295,-2354.2101398453824,-26.95783433843632,-1.1620611
Y02299,-2353.3096085910724,22.460471115314697,-0.058449227
Y02307,-2396.798920815672,-2.443594473783765,-0.4748274
Y02315,-2329.0905819707605,-22.942951103526205,-1.1523193
Y02319,-1455.0907361340755,297.33195227063385,-0.68038404
Y02321,-231.39728502543025,198.83955334458173,-0.68038404
Y02322,1315.0659542990184,439.93170922059437,-0.18419757
Y02323,-2274.8954546260725,-37.97295803747766,-1.2163372
Y02325,-1050.270659782906,290.3448466929007,-1.3248892
Y02327,-2347.388416149968,-11.320486656305766,-1.1439692
Y02330,-2192.340813701081,69.41623850466047,-1.3248892
Y02331,-2508.2026186979415,-16.613688985325123,1.2079906
Y02332,246.95607626080889,115.64284576126852,-0.85628843
Y02333,-2416.5355707463314,-22.77670236197553,-0.2510758
Y02342,-613.3494836731002,572.3839953017253,-0.35831067
Y02344,-395.5316448666622,310.89193716043667,-1.2525212
Y02345,-2485.35908106881,-64.04067908182661,-0.23936921
Y02352,-2361.937937830405,6.546548510230081,-0.4632801
Y02354,3047.8198268197903,273.19173464109105,0.08628677
Y02364,-2571.4457337285003,-9.595385478464364,2.213389
Y02365,-2343.3549139380693,-38.35119331944099,-1.1801531
Y02370,-2581.8921760754197,-9.69815293073222,1.9814236
Y02371,-2569.833081216452,-22.548924544315938,1.9857116
Y02377,-2368.0983084305426,-4.512849438544173,-0.7097612
Y02378,468.24875489426887,341.5015922742309,-0.78033787
Y02379,-2186.4719948333245,-340.97894683456997,1.9316708
Y02382,-2469.499072546851,-11.099266293179912,0.49014688
Y02384,-2104.1708212001095,0.8872157878041608,1.2079905
Y02385,-2415.596644962323,-75.00757595004472,-1.0896932
Y02387,-2370.050464043791,-9.188142968922909,-0.8086641
Y02389,-2417.6921693608588,-1.2464181879392802,0.20125112
Y02390,-2340.850022087254,-36.89974499617227,-1.1801531
Y02392,-2474.610134166436,-21.85266315119826,0.52049476
Y02394,-2337.8693206828766,0.7792363184018825,-1.0716012
Y02398,-2351.9520352341983,-13.570946982198123,-1.1801531
Y02403,-2185.693668493679,5.303368790950732,-1.2335335
Y02404,-1970.805347517123,101.46196086148584,-0.13081722
Y02414,-538.377394026681,817.8273936690579,0.08628677
Y02420,-2444.0617889713985,-17.35016849667733,0.050102767
Y02421,-2087.6182468947572,22.1400643244692,-0.27555323
Y02422,-703.8475026362739,205.27858378879367,-0.27372113
Y02423,8367.025378423385,2102.5268216417867,1.0166812
Y02428,-2441.3674843674703,-12.80463108014762,0.39312705
Y02430,-2305.376515791191,-20.34899234175182,-1.2329818
Y02431,-2456.8292998553425,-33.39956230525477,1.7869346
Y02432,-2342.8124433964795,-7.811871820200826,-1.2163372
Y02434,-2509.4975084439125,-10.740315471807081,1.7763441
Y02436,-2322.465604039306,-116.61031077863909,-1.222297
Y02437,-2394.0912239480062,-121.18447219317783,-1.2168616
Y02438,-2312.4972604743716,-14.969048083100693,-1.2217989
Y02439,-1333.5147818711182,-76.58193367013845,-1.2335335
Y02440,-1889.5967886639964,-454.50578800231466,-1.2260582
Y02441,-2160.387117349062,71.35927171608577,-1.2340599
Y02442,-1447.105225893666,456.09998051252234,-0.36690885
Y02453,-2270.7370796245627,32.99595262885747,-1.2525212
Y02460,-2332.631874076457,-4.851661446762583,-1.3248892
Y02461,-1093.710323534532,376.3261936997551,-0.022265228
Y02462,-721.8949853833739,300.09962553292894,-0.06702893
Y02463,-1503.6931172331522,429.9921483848312,-0.85628843
Y02464,-1756.213483880599,50.86335550071713,-0.89068115
Y02465,-2540.9246496824826,-72.16511076178705,1.8432208
Y02466,-227.54114410773624,853.8882329022958,0.7909791
Y02468,-2352.683510584612,5.741265487970038,-1.0354172
Y02469,-218.3141044204061,1136.214594380321,-1.1629567
Y02470,-2326.901884342538,3.017845683205288,-1.1629567
Y02471,-693.4503725031417,315.2106250247401,-0.07219914
Y02472,-2092.859993667962,-323.8221578400021,-0.022265228
Y02476,-1681.0705981144354,253.20585801064627,0.23962094
Y02477,-1202.2183430206708,234.15476740556238,-0.89068115
Y02482,-2382.143302985119,-8.375076554519323,-0.7973943
Y02483,-974.3103876467899,578.1413827830104,-1.1439692
Y02489,-2493.7170127025724,-15.964077585565922,1.1280677
Y02490,-2483.774044760401,-14.096660172215511,0.89549255
Y02492,-2319.273675224403,-10.705872092524771,-1.0987391
Y02493,-2520.559304032932,-43.84197126428494,1.2079906
Y02494,-1740.4776591294142,259.69265907864934,-0.24796739
Y02495,-1787.5567583304035,165.23453771264005,0.6118504
Y02496,-2352.529495218229,-10.51174583946304,-0.9630492
Y02499,-1987.1683076987074,101.38170889064311,-1.1439692
Y02501,-1226.6334309388524,-7.366396812318015,-0.9696682
Y02503,-2614.938868733707,-423.24853720394134,-0.70976114
Y02504,-2407.5357900095105,0.1245165390429159,-0.17659216
Y02506,-20.10145346260222,820.4474842856791,-0.3995103
Y02507,-2316.9755441869625,12.603900836051494,-1.2887051
Y02508,-2335.691570098412,-9.191581521457655,-1.2887051
Y02509,-2162.7425861863117,-115.95185669844695,-0.54603755
Y02510,57.00406378259078,1222.6913861926687,-0.78033787
Y02511,-1094.7735959597264,-255.9170557128786,-0.7478007
Y02512,-1658.6975788487882,204.6562244309289,-0.92686516
Y02514,-2363.4549482618745,-72.32121358379099,-0.22085647
Y02515,-2310.3752088433425,5.93212324192275,-1.2887051
Y02516,-1635.1376585449113,260.31366796644176,-1.2887051
Y02517,4707.228426969285,1030.6780736339304,-0.52203435
Y02519,-354.12424823917695,1270.4241189572401,0.20343694
Y02520,-1018.1643249393819,295.60389747473516,-1.3248892
Y02521,2027.0352083214848,1456.743559073063,-1.1525674
Y02522,-2358.1191297314163,-6.587024042653583,-0.75633466
Y02523,-2322.09627449804,-0.3636630172696624,-1.316291
Y02525,-2309.524426818645,2.2623594522959367,-1.1077851
Y02526,-1479.4366068606716,446.33410666661285,2.1039925
Y02527,-2532.0101393883447,-12.32307305102386,1.7748734
Y02529,-2075.1601282159095,52.16482681304407,-0.20318522
Y02531,-1817.1699117168312,209.0019376213075,0.33957475
Y02532,-2400.2128184612297,-3.9043082764103056,-0.22958975
Y02549,-2169.142891438551,38.440086661026285,-1.2299062
Y02563,-2339.7741550221613,-0.8191359371339325,-1.1640714
Y02564,-2570.2707161278845,-12.195575364182394,2.2935107
Y02565,-2385.9933958962624,-52.158695738512016,-0.27555323
Y02566,-1971.4463540019462,186.54945341950813,-0.27555323
Y02567,-877.6149736523312,293.5574217059919,-1.2335335
Y02568,-1685.182218684283,132.0273667305714,1.0632547
Y02569,-2195.5753646584303,39.009646803280326,-0.16700122
Y02570,-1364.3599565015934,198.91078121790477,-1.150513
Y02571,-1302.6214966706418,257.34214986230955,-1.2335335
Y02572,-581.3733287264835,605.3538267525412,-1.0887976
Y02574,-2357.00606308673,-36.65144915303089,0.30339074
Y02575,-721.7020255425808,842.6890922189175,-1.316291
Y02578,-1662.4656966571654,367.8617604059494,-0.47546086
Y02580,-2429.1410117825253,-175.67058783164063,0.26720676
Y02581,-1612.3846448277825,297.95280442376065,1.1356227
Y02583,-896.7940218458008,504.1966482675669,0.090307206
Y02584,-2451.807741274325,-22.21328886905478,0.5566787
Y02585,-1830.9088150799955,136.76518497139034,-1.0941714
Y02586,-1420.9691706391545,374.58339580224134,-0.98884374
Y02587,-2419.1037403317605,-76.56141123379663,-0.022265228
Y02589,-1117.447500073864,594.4166401782916,-0.43246996
Y02591,-2430.2899885042907,-9.222580697188755,0.60504353
Y02592,-2537.756906459946,-36.78979215366041,1.6421987
Y02594,-82.52240098297436,800.3962057183228,-1.1439692
Y02595,-2448.351071897994,-313.81237962291243,-1.2525212
Y02596,-1765.8917395304413,125.61343969848542,-0.5650252
Y02597,-1573.5671790470633,25.08088967137037,-0.9671199
Y02598,-2367.272826122918,-102.93072989073148,-1.2977512
Y02604,-2395.2712835745556,-9.115335879213262,-0.1936631
Y02605,-1018.4991709122205,577.787275105377,-1.0612118
Y02606,-272.5659826470995,933.0512154026932,-0.25656557
Y02607,-2578.4491095616513,-197.6186998464673,0.01391877
Y02608,-2413.626176085821,-29.97391082837704,-0.6373931
Y02610,-843.5633723883714,-56.09200251119236,0.530833
Y02611,-1467.4333913768708,670.8367313345342,1.5594413
Y02612,-830.8702364863367,840.0364589324879,-0.6735772
Y02613,-1866.185017305985,150.07694779934172,-0.6735772
Y02614,-2179.830255251133,-15.347447151107126,-0.9268651
Y02615,-2252.569044047252,21.524568705358558,-1.2335335
Y02616,-1835.0695278287722,102.38496461550601,-0.6373932
Y02617,-2394.442522288284,7.493799013297892,-0.33234835
Y02619,-2411.4725154943053,-15.92423815154304,-0.22785611
Y02620,-1975.6437402379186,-119.6856515005012,-1.2318447
Y02622,-1963.6400373588895,138.64527064276996,-1.3248892
Y02624,-1523.2692062163812,183.48467341789058,-0.90636086
Y02625,-473.71136516514696,-40.36158444914148,-1.3248892
Y02626,-436.3561376423942,494.51567198278457,-1.1439692
Y02627,1219.2889890078886,1966.4303739330062,-0.91647565
Y02628,-2357.0824704952443,-43.81838171299006,-0.9153012
Y02633,842.5807500921286,1256.1168199874983,0.41015145
Y02635,-794.3140127889241,643.344711714481,-0.78212917
Y02636,-1537.644269307491,290.5501635243851,-1.1439692
Y02638,-2196.402163371137,131.15422908405858,1.5087459
Y02639,-1041.7802577735035,767.0859838618533,1.2373677
Y02640,-958.1088137976315,435.0240286305902,-0.13081722
Y02642,-2365.6402514054244,-17.847746409710062,-0.5288412
Y02643,-2421.363392882312,-39.50124191038823,-0.5322873
Y02644,-688.7228674815286,242.6078695526613,-0.5288412
Y02645,-2406.835739265092,-13.710491750727726,-0.24769154
Y02646,-821.5860963973935,898.8576057218618,0.7651845
Y02647,-2135.0956970946368,-110.94091490274049,-0.92686516
Y02648,-2356.347928451567,-9.477789432679605,-0.18419757
Y02650,-2333.5061872060055,-23.618513380478035,1.0270708
Y02652,-2371.7312685934903,-20.7880028834903,-0.61154747
Y02653,170.1041313587351,781.0520687386378,-0.08424375
Y02655,-2353.932383683461,8.030018359102433,-0.5288412
Y02656,60.97362344114339,1380.0879382288426,-1.2525212
Y02657,293.24621986094763,878.989124761312,-1.0981853
Y02658,-1932.0644147836442,206.9803546379587,-0.5191424
Y02660,-1448.0794117843352,4.195652532973453,0.12247077
Y02661,-2403.4544221590713,-11.30072545040691,-0.5905669
Y02662,-1084.7093453607595,562.7338037365209,-0.9992331
Y02663,-838.0355579669955,500.3560302816816,-0.98884374
Y02664,-1741.1284279640531,227.75825986734367,-0.4564732
Y02666,-2490.1514811789257,-29.315085825820205,1.2527729
Y02669,-1075.7870515641703,665.0274413804228,-0.3547281
Y02671,184.50443203871816,1235.92725855735,-0.35831067
Y02672,-529.9461958265239,934.3184240378858,-0.35831067
Y02673,-1798.2055836138252,2.8227485556269873,-1.1439692
Y02674,-2034.0756518021694,141.9975350793851,-0.60515004
Y02676,-1998.907464789217,168.7686525895784,-0.036237262
Y02684,-1476.1123973424687,296.25763363691516,-0.60120916
Y02685,-2321.8141732500603,43.114692013582015,-0.3117372
Y02686,-1731.9028385408224,288.70323951765056,-1.1629567
Y02687,-2344.379537204626,-19.210992648105165,-1.2887051
Y02688,-1793.736548107473,201.12212393565997,1.2441747
Y02692,-1423.7328784719073,406.27310545357494,-0.34792125
Y02696,-2247.8724862838276,-603.0413042249585,-0.7450053
Y02701,-1072.3585817760707,483.4129436196332,-1.2249354
Y02702,-1925.9521492852014,-265.8891975318051,-1.2163372
Y02704,-1439.5066771164718,-32.63420573195635,-1.2243781
Y02707,-647.0036364361407,194.63096327574877,-0.098215796
Y02708,-1795.08655584582,219.32608196274154,0.41194275
Y02710,-975.5693348675195,517.9237342909267,0.18112692
Y02711,-1386.7889341533066,389.58023513452105,-0.33067068
Y02713,-874.728787093102,666.8510628703486,-0.98884374
Y02718,-1202.3702441122741,185.4852690285076,0.0708817
Y02719,-1702.9965573347174,39.482291274192455,-1.0716012
Y02720,-1466.841894776316,259.29747342049217,-1.0887976
Y02721,-1330.8066960778508,449.67004971344267,-1.0887976
Y02724,-2362.329825800589,3.3761644575521603,-0.7905556
Y02725,-2111.084020861226,145.19748999539533,1.4250947
Y02726,-2797.1754793159143,-1306.4224693655904,-0.4564732
Y02728,-2396.0041214119797,-44.532152366850916,-0.9144269
Y02729,-2493.4471160445146,-37.171442536578084,0.4780179
Y02730,-2487.6359273559997,-31.77661687060475,0.50466424
Y02731,-2381.952379034843,-19.29959588813435,-0.5288412
Y02732,-2371.075924574135,-7.6191238998581765,-0.5288412
Y02735,-759.8565275427311,342.1737873789978,-1.1439692
Y02736,-991.1129708945468,190.85712278360174,-1.1439692
Y02737,-2395.298707881055,-7.194128575934306,-0.058449227
Y02743,-2475.5144310251094,-26.714329647005446,0.41362572
Y02747,1296.0284310266713,2279.1395856857566,-1.2525212
Y02748,-1328.989382923814,235.13718398227326,-1.2525212
Y02751,-854.4017192266547,783.086786804629,-0.77532226
Y02753,0.5537061860035762,687.8553405141065,-0.98884374
Y02754,-1197.2075044189528,560.5443712178023,1.420079
Y02755,-581.0751304231601,1144.2138796916702,0.0708817
Y02757,-133.190732166944,951.0889566361826,-1.1439692
Y02758,-2371.494032159919,-32.77001109458237,-0.42028922
Y02759,-2431.454005683102,-11.194210567609929,0.11802712
Y02764,-2344.820304496854,-27.370949264633317,-1.2320315
Y02766,-2422.39269591945,-27.77073509530285,-0.036237262
Y02767,-286.48307461548166,672.8492828074154,-1.0526135
Y02769,-1317.5906047948981,522.2076791638854,1.571622
Y02771,-2485.2486759711996,-13.29523901176984,1.1444367
Y02774,-2399.673037747863,-109.43547608725092,-0.06514996
Y02776,-2547.3757916947957,-54.88386721834705,1.7145667
Y02778,-1393.4082086960452,460.2083436464336,0.6990952
Y02781,-2423.544774181585,-23.7835183690062,-0.15493989
Y02784,-1642.8855251075522,321.99406246082543,-0.6735772
Y02786,-1075.9593680096646,410.65517428873784,-1.2525212
Y02787,-1207.3253501695986,512.4832780766767,0.12426206
Y02790,-1023.6227588177954,741.7228556906274,-0.68038404
Y02794,-1222.051491989056,555.0420510160945,-1.2335335
Y02795,-1361.9499536509074,421.07457376972195,-1.089145
Y02801,-2480.5335176006897,-20.315772983974703,0.8957362
Y02804,-2431.0764827854546,-8.611060451921754,0.11231386
Y02807,-607.0736140147438,632.2262772956863,-0.077436864
Y02808,-2416.3022010091986,-4.669429457876646,0.6842184
Y02809,-2473.9123125859737,-18.488840092668664,0.7387295
Y02811,-1154.8900592649409,432.24984606920725,-1.0096226
Y02812,-837.9434344532197,460.93703188528593,0.3429803
Y02814,-2477.039784004889,-12.506407373747223,0.7375987
Y02815,-585.4784389437119,709.7841978012199,-0.5288412
Y02816,-1769.3497440173812,176.32570753848705,-0.04805976
Y02822,-2475.960071098382,-11.830490038391346,0.8461507
Y02823,-1482.6604364797122,415.5251701917337,-1.2525212
Y02824,-2313.9149484521113,-16.846899024284067,0.09810927
Y02826,-456.63504339613354,597.0999256573251,0.01391877
Y02827,-1035.6821654617129,464.9439283787229,-0.8061324
Y02833,-1547.2425340063023,188.07493605719392,-0.058449227
Y02837,-2328.077039163232,-4.8121440702867515,-1.2973033
Y02838,-1343.0060916552063,388.82391459126916,-0.7097612
Y02842,-1490.5219891347028,450.8494640242004,-0.1705838
Y02846,-2134.849981157812,124.47052492224246,-1.2163372
Y02847,-1268.5837199254272,697.3583216308546,-1.2163372
Y02849,-1920.3802271319635,184.53449183733164,-1.3248892
Y02850,-1300.3302635387852,482.45730384297156,-0.6373932
Y02854,-2196.4516497015084,24.37465440892165,-1.2973033
Y02857,-1215.4496264962434,-508.40266364578184,-0.6735772
Y02859,-2559.8318315349343,-12.731853783367484,2.211315
Y02860,-2563.5691194697574,-14.030621156025994,2.2112741
Y02861,-2540.5831089991793,-2.3093555314026766,1.9755437
Y02862,-2548.3044005533384,-3.012139108355377,2.0040386
Y02863,-2581.224492733145,-21.14491141292971,2.2168856
Y02865,-2380.3186475039083,-16.050816033550962,-0.7821291
Y02867,-605.1606635869671,490.16310268864396,-1.1525674
Y02868,-1163.7432456453737,150.21465182098683,-1.1439692
Y02869,-2395.863322615574,-41.91979393565296,-0.4318681
Y02870,-2458.601237213929,-26.849516745446742,0.44812676
Y02873,-2317.1808213482022,45.054856124085276,-0.47546086
Y02875,-1533.2835720592254,318.9078448622797,-0.8061324
Y02880,-1997.6714617127861,183.37753574416578,-0.4564732
Y02884,-1299.710388014193,331.11920832472345,-1.1439692
Y02885,-1368.981935241719,269.54532899819924,-0.78033787
Y02886,-1412.2702828649822,404.90969226678897,-0.18419757
Y02887,-2017.4010177957603,151.55717069662327,-0.17813475
Y02889,-2348.580658553567,-4.315032356973533,-1.2370138
Y02890,-1133.309180471502,531.7651325313274,-1.3248892
Y02893,3276.6420170137785,362.6872339096746,-1.2335335
Y02896,-1646.7184756615047,126.20550012530266,-1.2525212
Y02897,-1475.49296383305,170.3459876667026,-0.78212917
Y02898,-2399.3511612028246,-30.61881974238165,-0.9992332
Y02900,-1078.8584560401519,535.3315275745427,0.6842184
Y02902,-2411.116159873572,-13.053285325454231,0.05926327
Y02903,-2476.466510481681,-97.98980528877121,0.48431075
Y02906,-1155.761352250691,748.1136145285311,-0.43246996
Y02907,-2461.715682212205,-8.739963601394777,1.137414
Y02909,-2528.0216914413854,-13.559167949386405,1.5336467
Y02914,-2394.9517286001437,-42.04554441562292,-1.1027596
Y02916,-2494.141002943159,-7.9697788919694315,0.9908867
Y02919,-2276.2886725377643,26.31171005851049,-1.2163372
Y02928,-97.2136489117368,663.6558692567321,-0.75633466
Y02933,-242.39078269152392,923.2710735131752,-0.98884374
Y02936,-1331.4112589839542,249.08999624378274,-0.98884374
Y02945,-2496.0888119703445,-9.750323250536983,1.1262969
Y02946,-2027.2331552340218,193.95281585029483,0.35318854
Y02953,-2512.324183289145,-36.367372062336116,0.98392826
Y02954,-2411.9471507497556,-2.215570095756379,-0.08147541
Y02955,-2331.022639238077,-32.56019222717591,-0.058449227
Y02957,-2072.8411358385947,-48.6145282480034,-1.0287982
Y02960,-1079.3589091347822,459.99722691770023,-1.3248892
Y02961,-1389.5106227829808,161.5418655644372,-1.2329818
Y02962,-1864.7306945434032,171.75293691650478,-0.2773445
Y02963,-2077.6036299311045,104.37996364422759,-1.2163372
Y02967,-2370.593678302215,4.776397728091063,-0.4926572
Y02968,-1583.0470566765382,-42.30979953789156,0.9908867
Y02973,-1503.1646807602815,656.0145397468192,0.5643541
Y02974,-1217.4324552591274,453.0537929613117,-0.75633466
Y02977,65.7178356852262,546.360019058477,-0.6735772
Y02978,-2534.631216902769,-19.439368889905907,1.5935066
Y02986,-2075.214816290154,209.36470213295954,0.49792454
Y02987,844.2111228423107,816.6487390750563,0.09810927
Y02988,-2079.9382871284233,74.23578652896416,-1.2163371
Y02989,-2341.4081808554834,-6.782001681255161,-0.5012554
Y02991,-2316.013402359864,-17.317299974683085,-0.71551776
Y02992,-2368.1870426524265,-47.770111335266186,-0.715328
Y02993,-2536.922190553141,-77.7630847780521,1.5208071
Y02994,-2533.213123031275,-47.22950799562577,1.5763253
Y02995,-2405.690802641567,-27.930566999048647,-0.4926572
Y02997,-2426.2036631810856,-4.389861972064575,0.39549547
Y02999,-2089.1283588014567,98.89857917472806,-0.9992332
Y03002,-2347.8592408393883,-3.4340030806619093,-1.2269795
Y03003,-2533.429878557133,9.899159381093513,1.5939535
Y03006,-2467.0302352304216,-46.07100215282237,0.12247077
Y03007,-2343.648656566121,-16.58855793501339,-1.2230027
Y03009,-2407.0113257669063,-49.70014831734085,-0.23365596
Y03010,-2559.0039513630354,-92.73200294245056,1.2167625
Y03015,-2430.132813949044,-19.80242412252091,-0.077605456
Y03017,-2324.281691077141,-8.778431215716752,-1.2973033
Y03018,-2371.0129554370246,-20.719681708112027,-1.1439692
Y03022,-2353.550636549276,-8.783601131588124,-0.936203
Y03023,593.8895666014558,1213.0639215767503,-1.2285179
Y03034,-2332.3157807691045,-14.224745692619106,-1.2335335
Y03035,5152.877487708888,2043.7374140344587,-1.0647943
Y03039,-2573.9844640168694,-7.965419542531156,2.1766405
Y03044,-2369.2198607168566,-14.914468146950355,-0.96967447
Y03047,-2337.6935507027692,-19.238669317141866,-1.227302
Y03049,-710.7086203591344,630.8768688393196,-1.3076929
Y03051,-1411.9734487791347,372.7522767815652,-1.1249815
Y03052,970.3565719618691,677.962243896129,-0.085949056
Y03054,-1925.0173050468507,334.84673965230695,1.7507507
Y03056,-2385.2524220468918,-20.409258892049376,-0.61638314
Y03058,-2335.4545153974036,-98.14499458477516,-1.2667754
Y03061,-2281.3367729171473,0.5939887886235726,-1.2611194
Y03063,128.37796131145672,553.0713310011826,-1.0475979
Y03077,-2389.810344629688,-18.86023538214837,-0.43440098
Y03079,3124.2719794749814,-425.78170351674305,-0.68038404
Y03081,-2174.616819538374,147.48045008997138,-0.13081722
Y03082,-2410.6282403321193,-122.09106169354988,0.5634856
Y03085,-2287.662981512111,-0.9017984304244768,-1.1439692
Y03086,-2331.244734141084,-9.554737869667331,-1.2327151
Y03089,-2394.8407826277644,-17.97798853935469,-0.46136293
Y03091,-2622.0168410541905,-184.357955399433,1.0632547
Y03092,-2400.1699292658755,-30.01162813835521,-0.9992331
Y03094,-2436.128359432625,-21.880559382870885,0.4374844
Y03098,-2318.770733930457,0.6895369284891544,-1.2583889
Y03103,-2282.1034477455905,-244.47477263217633,-1.0412067
Y03105,-2497.3708662996833,-19.50944883540123,1.2097138
Y03106,-2393.8591226174276,-42.03002941149329,-0.7821292
Y03108,-2342.810341719512,-6.405153611282417,-1.2525212
Y03109,-2368.4578554414443,-12.096482918092056,-0.8759622
Y03110,-2396.708634677822,-43.072119281289446,-0.62291956
Y03112,-1107.342184130462,821.1822818764188,-0.3281845
Y03114,-2374.074119284631,7.0048358050943635,-0.2469869
Y03119,-2418.6914691363445,-54.556322744792254,-0.23279029
Y03124,-719.4144045190482,1070.4520772310543,1.1271541
Y03125,-2389.250362180814,-13.39344057315484,-0.5573138
Y03127,-2359.561025865971,-31.037853553101915,-1.0362685
Y03131,-2220.235801920484,59.09037784908137,-1.2163372
Y03135,960.525169142316,665.3453922937185,-1.0639257
Y03138,-2398.4435561414507,-39.58103013173062,-0.58914787
Y03159,-2528.8047618497762,-19.643330081724805,1.5816458
Y03160,-2459.018622358588,-56.50552247692477,0.19127132
Y03168,-2336.7866138448408,-26.896935062668735,-1.1801531
Y03179,-2529.5654277373633,-56.67767079310599,0.8461507
Y03191,-2389.4872882817785,-19.034065773179112,-0.32165062
Y03192,-2414.8134527022767,-49.54008708561145,-0.3886282
Y03193,-2541.817003199018,-50.220834602190436,1.6943462
Y03201,-2332.805581237585,3.3239507339196646,-1.0277727
Y03203,-2381.384625220409,6.756628241972247,-0.61254394
Y03204,-2322.3837390081467,10.586066122095128,-1.0898836
Y03206,-2441.401133237065,-29.238824924826556,-0.13908786
Y03215,-2413.55859645606,-78.99213352940893,-0.29035577
Y03217,-2487.145194604353,-24.56298353124213,0.95959246
Y03218,-2375.7665354902915,-310.78846030107644,0.9185187
Y03222,2063.631542818935,696.1785350548357,-0.37450537
Y03231,-2515.671427221987,-4.631361531767814,1.3499784
Y03243,-2350.396447630777,-29.64701086961443,-1.0896932
Y03244,-2343.545621906253,-28.21797489218196,-1.2413876
Y03259,-2364.118687150927,-39.18353662670149,-0.7581335
Y03260,-2355.5956305168775,-486.11017050179674,-0.27555323
Y03265,-2390.9387858894893,-18.09195390742191,-0.52555174
Y03266,-2336.9792454678613,-15.399310613341804,-1.3158432
Y03267,-2429.668768013009,-67.09054182832162,-0.22489563
Y03274,-2409.321008628404,-75.1395249249731,-0.8183132
Y03287,-2395.2334351266713,-7.747661149340556,-0.3574433
Y03290,-2434.8174318208917,-41.75978789069752,-0.34792122
Y03291,-2282.7307323250525,-11.433112815161458,-0.27555323
Y03296,-1268.6092140955402,619.0234912924368,-0.7538113
Y03304,-2366.5342448196893,-10.287686932958074,-0.8610761
Y03306,-2408.1506027926225,-36.04764099143793,-0.6735772
Y03307,-2448.9160010269125,-68.65698077879938,0.24308409
Y03308,-2370.876350383666,-60.39754415819295,-1.0716012
Y03312,-2359.3069812459557,-23.646856723173446,-0.97545516
Y03317,-2458.7574009447117,-48.4088763970093,0.90525126
Y03322,-2429.699793635165,-34.07358653555692,-0.24530101
Y03324,-2396.080658702574,-12.870862021446179,-0.34792122
Y03325,-2204.8179840268035,6.94438247016342,-1.1439692
Y03328,-2339.0090982000743,-10.38307478384266,-1.3248892
Y03331,-2331.766937786378,-8.551338546301528,-1.225675
Y03342,-2432.237105197386,-0.7637380563479139,0.21953578
Y03357,-2422.491855583467,-8.248863393409438,0.24056579
Y03358,-2430.504287518074,-40.37821746033654,-0.09384661
Y03361,-2346.7917612676906,-22.397387895494308,-1.2163372
Y03362,-1607.4464581171603,429.64056675066433,-1.0846274
Y03363,-1698.5302822207125,402.9704978119664,-1.2163372
Y03364,-1263.2732113046961,-251.48361515921982,-0.64263725
Y03366,-1087.20704129671,72.02289298512821,-0.68510836
Y03372,-2362.390065974609,-41.856195564173696,-0.9897423
Y03374,-2447.447113216806,-27.488150723145896,0.17904939
Y03375,-2384.4557845037198,-161.33251567680014,-0.37995294
Y03385,-2351.453085217122,-7.173906880874436,-0.9365142
Y03387,-2409.2433842967994,-93.52508609588986,-0.8544972
Y03389,-2409.1414654892446,-46.10338338086525,-0.4954406
Y03392,-2335.539805211321,-11.927956906758547,-1.2257766
Y03393,-2491.8653316992163,-14.815690021359593,0.8895715
Y03395,-2375.249943860415,-14.099184152777367,-0.7097612
Y03396,-2439.804723953154,-10.195683436112988,0.26720676
Y03402,5823.51656362911,2555.2600905784852,-0.72685915
Y03403,-2319.9154295280846,46.617888748950065,0.41194275
Y03405,-2518.967081244127,-6.861469423033805,1.5336467
Y03410,-2471.0628202518124,-31.20783825986178,0.49905238
Y03418,-2385.4823573123763,19.975184460283916,-0.24311239
Y03419,-2496.6370841072594,-14.03438895151627,1.9316707
Y03420,-2434.6994991993097,-65.15548479095493,-0.09463322
Y03421,-2496.2336938105354,-52.28765771447188,1.0391321
Y03422,-2368.4225006405477,-19.354648889164334,-0.85947245
Y03427,-2402.9808998029093,-83.51434693548262,-1.0354172
Y03430,-1501.7537543536446,-2070.9491580732524,-1.1439692
Y03432,-2335.946894630429,2.20131850063509,-0.92028624
Y03433,-2348.3472031869987,-9.450287011371291,-1.2388668
Y03434,-2328.9588235567953,-186.66278215659776,-1.2313098
Y03439,-2518.054528663538,-27.387652610639798,1.3889107
Y03441,-1691.5780027295446,362.8179385948949,-0.15763594
Y03450,-2355.776794658428,24.87336122359271,-1.2525212
Y03451,-2489.5815610876152,-18.372422304850527,1.0246584
Y03457,-2323.915216345077,-27.60475300074985,-1.1439692
Y03458,-2441.9601411810604,-7.028030823044633,0.826275
Y03461,-2424.8490691502816,-72.0696127267592,-0.40995094
Y03466,-2350.4370656081287,-36.866148974035625,-0.79679835
Y03471,-2390.7089945782172,-38.599537258067585,-0.73147154
Y03472,-2400.8776574346607,-41.88162329136925,-0.7167196
Y03474,-2451.8574227462564,-54.19185791212867,0.41750953
Y03476,-2392.928513738132,-56.89365012782064,-0.60120916
Y03484,-2415.3903338924447,-59.50335554188728,-0.40455705
Y03490,-2379.5299812984927,-31.524311120451237,-0.8069127
Y03492,-2310.5126676100554,9.97739795939895,-1.0345453
Y03498,-2350.175924038298,-45.99796004990618,-1.0398299
Y03499,-2546.1022998175454,-28.030421100768496,1.9626856
Y03500,-2471.6311066619246,-21.534506320314133,0.756983
Y03502,-2420.784887692624,-46.61475623446318,-0.3067463
Y03504,-2344.271711527972,-101.66424343720428,-0.42028922
Y03506,-1251.7790039378417,-133.6727884837657,-1.1048193
Y03507,-2362.4793541706395,-23.64390650579841,-1.0619521
Y03534,-2329.9421026267682,-31.497097026157917,-1.3044373
Y03537,-2391.1119762652233,-17.913920031539558,-0.47908822
Y03548,-2418.1690501584594,-11.0962125531415,0.20207557
Y03550,-2495.557644578426,-16.876132941874616,1.1439729
Y03554,-2427.007961670349,-85.79873889026602,-0.24759287
Y03557,-2386.9052210110203,-99.87597934903579,-0.6185146
Y03558,-2407.0251856419272,-86.84956543503202,-0.5975908
Y03564,-2405.946992720789,-39.68836751559406,-0.25042546
Y03571,-2373.3111824880166,-19.234307025287304,-0.5029955
Y03572,-2429.9949578659666,-32.81483141548376,-0.051212426
Y03574,-2333.57915434608,-31.559979185065792,-0.9944377
Y03575,-2459.7380553367193,-52.826043031085234,0.3705896
Y03580,-2490.9816574464267,-29.5692408270095,1.2286673
Y03583,-2350.567393197063,-43.80402731728755,-1.0716012
Y03584,-2541.704727880603,-31.512333887498933,1.8593026
Y03585,-2489.3163381042154,-22.50869028199949,0.9335218
Y03587,48.89532782957283,379.24740318363126,-1.1594765
Y03593,-2360.845915510094,-25.975060103902887,-0.8183131
Y03594,-2445.2747121486627,-66.74663985689544,-0.09195293
Y03595,257.7058592200808,897.4972081727815,1.6577061
Y03596,-2371.9072021756797,-19.315493820435684,-0.92686516
Y03597,-832.0823425621486,518.0557399604337,-1.2370138
Y03600,-2457.6751985679784,-22.029011107197434,0.46880332
Y03601,-2469.7192391880403,-87.69708538827454,0.19845715
Y03602,286.2711801264896,667.36203542732,0.11730162
Y03605,-2463.224666052375,-17.468409316983877,0.7471897
Y03608,-2362.978037613056,-15.102104224757593,-0.7097612
Y03609,-2351.9896768481344,-27.15699093544521,-0.7097612
Y03610,-2324.4871104218946,-84.67780569269529,-0.7097612
Y03614,-2305.3241438382665,-77.87354545668245,-0.966858
Y03615,-2509.623913297533,-78.61916732552379,1.2566999
Y03620,-2527.4107062168996,14.332014722084898,1.8842086
Y03623,-2334.9374203510024,-130.86511667738066,-1.2525212
Y03626,-2394.80186700506,-167.64092768360328,-1.3248893
Y03634,-2385.23861026161,-96.31154948375037,-1.2900969
Y03640,-2380.0028348640803,-13.05389107371313,-0.40995094
Y03642,-2466.5235257182167,-26.9138620899765,0.7153316
Y03646,-2591.323622706075,-195.5576877331445,1.6639092
Y03654,-2351.700913821629,-11.056461505471061,-1.1033725
Y03656,-206.5699933546706,254.8975003567804,1.1905688
Y03658,-2362.156300977337,-19.780183061826047,-0.47121486
Y03661,-350.54266693311985,-621.6677122154538,1.3889107
Y03662,-2310.3329634355155,7.212593290313091,-0.47173154
Y03663,917.3321262110736,-50.56655106629011,-0.8585176
Y03664,-636.4566859114776,682.947059091949,0.5191546
Y03668,-2396.523863956037,-27.224769634155955,-0.47562948
Y03671,-1228.5349831966,945.9951624524639,0.7464241
Y03699,-2442.9791071987033,-141.74190386512595,-0.74594516
Y03700,-2342.319410221834,-19.934494339836185,-1.1542437
Y03701,-2358.842662889669,-43.39382185063585,-1.2525212
Y03703,-2414.6267446465404,-55.68339987070666,-0.48169237
Y03704,-2444.3986097766137,-26.356213069495304,0.2449885
Y03705,-2449.7977690161506,-27.94805717664512,0.2396088
Y03706,-2441.8974903395006,-42.22970285322157,0.24163674
Y03707,-2443.7927202464766,-25.533147180337757,0.24365844
Y03709,-2446.9532262486764,-47.09179758297703,-0.24178149
Y03711,-2325.5045851646387,-11.516811312388455,-1.1546903
Y03712,-2356.326983561151,-55.51340243757801,-1.2185526
Y03713,-2417.7472648210796,-33.32635611212917,-0.16466676
Y03715,-2503.8845993276764,-11.479342461699972,1.3227204
Y03723,-2462.713684468755,-9.622424444803103,0.76148015
Y03725,-2425.3096136544923,-20.572978601636613,0.5251939
Y03726,-2446.9981910958372,-11.349599520188072,0.52606153
Y03727,-2494.3943292290255,-76.50282194623858,0.57789004
Y03728,-2433.2271605776855,10.959883070906475,0.52606153
Y03730,-2399.818774189598,3.64498536411709,0.52606153
Y03731,-2445.2982784590063,-27.876648722127275,0.52606153
Y03733,-2413.368045020127,-18.418060239518674,-0.13081722
Y03734,-2422.276693824296,-4.489610030167737,0.11174958
Y03740,-2436.7563812236162,13.204883257837235,0.83374476
Y03741,-2475.639395721585,-14.951656174274822,0.833565
Y03743,-2467.0502428589516,-19.904866314855322,1.1328393
Y03744,-2444.4837101435032,-0.6141270207831994,0.20569396
Y03745,-2459.358505200131,-27.438512144387712,0.6502004
Y03746,-2493.8820714181484,-100.94825404147046,0.66523075
Y03747,-2358.6578169527793,-10.703459557204063,-0.9249607
Y03749,-2583.6853899684197,-120.55026609107918,1.0270708
Y03754,-2412.1674434861825,-70.25735341175967,-0.45171216
Y03755,-571.007246120421,395.7900505122943,-1.2418
Y03760,-2354.592781551622,-24.519438169705367,-0.9952127
Y03761,-2349.4104607144714,-31.158534628322204,-1.161109
Y03762,-2374.6423759102886,7.996550017551122,-0.06944183
Y03765,-2377.3775430512737,-18.32867059948736,-0.8066409
Y03768,-2345.1858441585186,-26.30885918522,-1.0020167
Y03770,-2331.9533963468243,-21.14942842270712,-1.3138965
Y03771,-2463.7298005862795,-33.259654658761754,0.5956461
Y03773,-2371.408534524343,-0.5876939356353427,-0.25036183
Y03774,-2438.1129216728323,-71.9163312361025,-0.24081658
Y03776,-2398.341390715462,-9.837922808096723,-0.2509481
Y03777,-2425.327314091442,-70.80077225664716,-0.28279
Y03781,-2500.6929604579746,-29.898419654828384,1.146265
Y03782,-2548.9269379781317,-30.639302330071803,1.9626855
Y03784,-2456.384598794172,-4.479285425564306,0.58924437
Y03785,-2431.193831986565,-46.55831136141934,-0.28051963
Y03787,-2441.1447314891116,-25.662499642789893,0.52773154
Y03788,-2470.536244538704,-24.955132764943148,0.6091193
Y03789,-2320.3422980920095,-12.289983989802705,-1.3248892
Y03791,-2413.8459755803615,-23.06416813396856,-0.4640466
Y03792,-2409.2398384392313,-40.65868219057717,-0.48169237
Y03793,-2279.701739426037,8.48424412836923,-1.2995603
Y03794,-2415.8644395108754,-39.0212441825582,-0.23226164
Y03796,-2518.030348242022,-52.684109218535006,1.1718067
Y03797,-2345.5329233726325,19.983814044440294,-0.088220865
Y03798,-2340.4654164939334,-68.9711510006339,-0.23575082
Y03799,-2510.8298822827774,-72.47519811252538,0.9088108
Y03806,-2450.8023621915418,-26.02200846951657,0.9040451
Y03808,-2439.140059625341,-19.64851140862762,0.07138747
Y03809,-2405.492354575717,-12.46503043775082,-0.2370196
Y03811,-2332.4537703270853,-3.5547728688879716,-1.2995603
Y03812,-2410.145658115005,-62.19202473054419,-0.92686516
Y03813,-2330.2283811200864,-18.118664315825452,-1.3155847
Y03814,-2337.358547540251,-22.078362417304803,-1.3137556
Y03816,-2343.758420969561,44.715265211030605,-0.60120916
Y03818,-2428.3516617342366,-67.5517186682463,0.10375491
Y03819,-2449.7366507211023,-18.180622899804163,0.5269071
Y03820,-2457.1557647115683,-36.53592068215436,0.6652307
Y03821,-2362.3045351743344,-46.748961560666345,-1.0812503
Y03822,-2464.0991558753185,-23.556773287606077,0.66523075
Y03823,-2456.489870371638,-22.59638753301422,0.39038634
Y03824,-2506.3692818035865,3.619901104947116,1.4843048
Y03825,-2502.3599318897777,-15.03788372539968,1.4751955
Y03826,-2440.2704253717625,-65.54964880511366,0.19625774
Y03828,-2550.644536064908,-125.38539120329135,0.88233477
Y03830,-2517.5232476781416,-39.202320991830916,1.1243932
Y03831,-2548.735879978358,-16.456872550866596,1.8614311
Y03832,-2547.7359219307823,-37.99804654005131,1.8588071
Y03833,-2364.379045802583,4.127652654304636,-0.42028922
Y03834,-2325.9293077325783,-34.78561887093449,-1.2525212
Y03836,-2403.453724840634,-1.7062208276880824,-0.22394653
Y03837,-2488.760210599457,-9.706946560648207,1.221682
Y03838,-2502.0127101610587,-0.8880093704212925,1.2253956
Y03845,-2411.432417592978,-96.15507882180654,-0.51677984
Y03846,-2487.1260488857033,-121.46949375207514,-0.5650252
Y03850,-2529.919857347468,-31.891852592117726,1.3803247
Y03853,-2378.009871148747,-102.56962459974093,-0.4846163
Y03855,-2400.400938139759,-36.48346142066345,-0.5650252
Y03870,-2491.7624146016374,-13.662009257162913,1.0187206
Y03880,-2453.1671917263266,-10.009806243133008,0.41840416
Y03881,-2448.0382612939657,-18.162835110110763,0.42433453
Y03882,-2464.4933259359987,-13.18257941509417,0.58755577
Y03883,-2370.978715754858,-24.70161516576635,-0.844975
Y03884,-2378.3526276017446,-59.122313828241715,-0.7218225
Y03885,-2335.716753101491,-21.55625720716508,-1.2525212
Y03886,-2490.207640226916,-45.16539109405471,1.3460929
Y03887,-2449.6500801127117,44.14841270354595,1.3418715
Y03889,-2425.372917415473,-44.12194567194569,-0.24683575
Y03890,-2426.359092306055,-47.747559704978606,-0.25616893
Y03892,-2407.9516027057457,-23.95319499349957,-0.2540384
Y03893,-2385.759261130593,-59.143665334744206,-1.0750473
Y03894,-2406.3838682895835,-23.96265852334717,-0.27555323
Y03897,-2341.2021177186416,-49.944753398696434,-1.1222588
Y03900,-2446.7212083623813,-71.75080939302403,-0.34792122
Y03901,-2482.943652208935,-123.42331764155848,-0.34792122
Y03902,-2407.4306306038434,-13.426983353219502,-0.24978583
Y03903,-2407.019250975901,1.5136668415453733,-0.24389221
Y03905,-2424.530437001149,-34.42958111511117,-0.24913315
Y03906,-2403.6839412901336,-16.516494998221315,-0.24117842
Y03908,-2500.726203609101,-25.196199014184756,1.1091467
Y03909,-2330.1210897555916,-3.978390359887489,-1.157886
Y03910,-2310.610809511844,-12.450928251239237,-1.157886
Y03915,-2496.9804071026897,-44.409691343648994,0.9908867
Y03916,-2471.6715668348793,-57.07237299100685,0.19483876
Y03917,-2422.8446171000887,-16.854875187942923,0.17285354
Y03921,-2367.1911318128246,-11.233153378137459,-0.93928653
Y03922,-2421.461576006685,59.75707893889201,0.7355311
Y03927,-2371.5167083464025,-39.6101701732201,-0.98741794
Y03928,-2354.1556054205594,-13.145242975047852,-0.99644977
Y03929,-2356.6361844382445,-58.60490617363011,-1.0222594
Y03931,-2132.020640706349,-3.602066871818311,-0.9968835
Y03934,-2372.289505017024,-20.71644311204723,-0.99697167
Y03937,-2454.355718317474,-56.83814622993279,0.044933625
Y03938,-2392.9767100166005,11.026852590179024,-0.093185864
Y03939,-2524.1752271319097,-31.165059169104072,1.3428584
Y03940,-2238.69619527216,10.450794789942119,-1.1439692
Y03942,-2431.578038485469,-49.71362618632586,1.7759421
Y03945,-2397.219530623317,-12.332344341839171,-0.069727354
Y03946,-2402.6804448174685,-14.755881818534968,-0.069727354
Y03947,-2408.85897737641,-1.2947429282435732,-0.07201823
Y03948,-2411.5606266102404,-23.97455345017244,-0.07898609
Y03949,-2387.2704395738356,0.9589492347889065,-0.071410656
Y03950,-2421.3870923823442,-29.379166546500795,-0.07409636
Y03951,-2392.185136991082,-89.02821847801363,-0.68288165
Y03953,-2514.4418229360417,-22.556857575750165,1.4322295
Y03955,-2272.3212697598115,51.681125251872395,-0.6813636
Y03960,-2560.3162770407157,-78.66987072904898,1.6835518
Y03965,-2351.737064057247,-27.587722053814044,-1.2344292
Y03966,-2341.227014394258,-23.730717367987243,-1.1726433
Y03967,-2547.4631008961233,-99.1831435540909,0.77378273
Y03971,-2309.3506608799494,-11.625869232568903,-1.1662363
Y03978,-2510.0990565994466,-6.535183549534599,1.8483101
Y03979,-2404.450603126684,-15.916673392012012,-0.18898644
Y03980,-2497.554138559444,-17.807680605491313,1.147504
Y04016,-2469.534784208326,26.22692987419871,1.6885142
Y04018,-2137.0154057584796,97.94317566582487,-0.81469476
Y04022,-2462.2788581800996,-98.01639236070628,-0.3841052
Y04023,-2474.6112111545617,-34.12843942784923,0.79362553
Y04024,-2496.4994198111417,-42.943365538197966,0.77546567
Y04026,-2468.326600307698,-82.15383186449901,0.29400972
Y04027,-2469.845276182869,-58.17926261758456,0.33957475
Y04028,-2447.850633879107,-54.145996432452286,0.33703554
Y04029,-2416.2124250965103,-19.45864439461956,-0.18815494
Y04031,-2390.9753464834444,-9.261611904625664,-0.04174892
Y04032,-2305.4833331755704,32.59095553104549,-0.041044265
Y04033,-2378.4293762619973,-22.348390976938354,-0.04174892
Y04037,-2545.4072877811386,-34.26069244764011,1.6835518
Y04045,-2488.3043728429193,-34.50555001244171,0.49154755
Y04048,-2532.4033532224767,-15.771255323574044,1.6421987
Y04049,-2404.258719203575,-61.20477273608807,-0.4933809
Y04050,-2415.43129877009,-22.66703830814356,-0.44002593
Y04051,-2394.092665668038,-14.636861413613433,-0.45332676
Y04054,-2387.574015576275,-4.05489882245848,-0.45502585
Y04058,-2403.5330062604057,-20.72935252205894,-0.47239417
Y04068,-2423.591472246967,-35.609761016336726,-0.44441187
Y04072,-2369.1707985625712,-23.984846675122014,-0.7134534
Y04073,-2415.250155635934,-29.297785727425847,-0.43579665
Y04074,-2401.8793847576494,-6.097205169125651,-0.43967348
Y04078,-2376.47966286307,-13.411334562303043,-0.6886988
Y04084,-2343.662639734988,-28.806911552487513,-1.3248892
Y04086,-2341.841701889242,-40.140679533666386,-1.3248892
Y04087,-2330.444491864366,-17.048159331897864,-1.3248892
Y04093,-2478.7940860865033,-186.02124049977644,-1.2525212
Y04094,-2345.977693052984,-15.290101990881961,-1.132597
Y04098,-2450.9184608658543,-18.000647641349346,0.35163608
Y04099,-2342.5532686407546,-23.34343626618362,-1.0317987
Y04100,-2348.3228248706387,-9.670177781702051,-1.0322111
Y04101,-2358.565607557379,-4.335314902150156,-0.64265627
Y04102,-2437.3588336312678,-41.837422211376534,-0.055718355
Y04103,-2349.5293825959234,-79.02337851792208,-1.133114
Y04104,-2468.859059322657,-1.8225444481167243,0.759083
Y04105,-2498.4963229407067,-19.415292140308697,1.0723008
Y04106,-2388.5455639025167,-24.687295579882957,-0.54457337
Y04108,-2434.31339903769,-41.33436383416631,0.37854216
Y04109,-2316.635157150046,21.142564951717556,-1.2645825
Y04110,-2490.486093834779,-44.98409793448831,1.1321766
Y04112,-2496.3466784746083,-12.121956616156623,1.1857237
Y04113,-2365.9806121989363,-17.66442689232786,-0.5504576
Y04115,-2530.0062150420554,-15.484639856226146,1.7507507
Y04120,-2390.256085045805,-9.885079959532646,-0.60120916
Y04121,-2367.6519862417526,4.925175924671454,-0.5614778
Y04122,-2413.4333514593445,-58.823605206853905,-0.5650252
Y04123,-2390.7459997680885,-6.1526858385847,-0.56140685
Y04126,-2404.443965923987,-49.817430769482385,-0.5650252
Y04127,-2380.236867326481,-40.54318326778285,-0.5650252
Y04128,-2382.8516126748855,-18.376427376831668,-0.5650252
Y04130,-2411.63419469313,-54.582179413781056,-0.5650252
Y04131,-2394.662789839303,-31.75682147761621,-0.5650252
Y04133,-2390.7984888278916,-32.366156759392396,-0.56154597
Y04141,-2427.174813125635,-24.766158192928955,-0.015261871
Y04142,-2536.0188715800573,-30.697381305048715,1.5677023
Y04160,-2414.288214845844,-67.69255658642184,-0.38779745
Y04161,-2531.22449593569,-7.623020804093702,1.4622567
Y04165,-2444.665645298358,39.696074628563736,1.4730002
Y04167,-2440.6029381751914,-29.38242295343876,0.01391877
Y04168,-2369.239272354512,1.623047288620993,0.5928627
Y04169,-2424.725244888833,-13.831583978664858,0.17168102
Y04170,-2501.9164165833017,-2.721716464201547,1.7983612
Y04171,-2388.465804563477,-27.683541463666653,-0.54887164
Y04172,-2340.5316122232043,-30.010326398403105,-0.5574869
Y04173,-2422.7236818667648,-66.31907173717231,-0.5456409
Y04174,-2407.91263084835,-31.8235684201188,-0.2773183
Y04176,-2409.0334293366855,-63.325100757767416,-0.50154454
Y04183,-2402.8154907034605,-60.959353345304656,-0.33649468
Y04186,-2565.477068016857,-62.09821938380557,1.5879227
Y04187,-2427.526717508027,-5.709365772466228,0.17257169
Y04189,-2396.2032087925454,-23.524201558619158,-0.37151948
Y04190,-2397.240719807461,-25.3453750215514,-0.37282708
Y04191,-2401.113215449249,-24.595236745365803,-0.3722091
Y04192,-2401.6667732490923,-24.862538647550362,-0.37282708
Y04195,-2339.3209103993736,-17.519721441424153,-1.2908337
Y04196,-2460.942944885403,-105.81874051034126,-0.34792122
Y04198,-2335.0899726373964,-24.32169459518224,-1.3156899
Y04202,-2351.7104958593345,-54.009282580923504,-1.0474786
Y04205,-2422.948122387635,-34.40558329070338,-0.26577374
Y04209,-2376.313930084358,-28.009188928030632,-0.75085145
Y04211,-2560.494169396876,-74.49554582400147,1.6749365
Y04215,-2414.500856408942,-43.157973151457895,-0.41054738
Y04216,-2531.383586888548,-15.783967973514825,1.7445121
Y04221,-2345.822047425177,-30.919751328743995,-1.2413876
Y04224,-2337.2859108008734,-50.61808698382011,-1.2950531
Y04225,-1657.3039840296376,1122.6208046952308,-0.34792122
Y04227,-2570.419289834096,-28.999553389199228,2.0751588
Y04228,-2513.905198314925,-142.408374101129,1.8864406
Y04241,-2432.202377090347,-56.864194153712205,-0.06958276
Y04250,-2290.0142074291475,70.52426385203552,0.7625046
Y04256,-2496.6661543225046,-66.24204650435027,0.762706
Y04257,-2466.987585079094,-48.19664651957042,0.7617214
Y04259,-2499.7624753476994,-73.63045123087345,0.7617214
Y04260,-2497.676337868806,-72.29378131850602,0.76434344
Y04263,-2301.9346118808385,-503.5061462121645,-0.6735772
Y04264,-2368.529712976125,-8.74203019575874,-0.58914787
Y04265,-2421.155153817772,-47.85173051553628,-0.2455282
Y04266,-662.6325774153419,317.2216514130341,-0.24829772
Y04271,-2129.086142521245,121.5546672570424,-0.37282708
Y04273,-1252.859295461738,1122.2639942667327,-1.2402899
Y04274,-2492.0433721663653,-29.24377831907724,1.0261661
Y04275,-2503.616360620664,-37.85750303203295,1.1280619
Y04283,-2464.135403959887,-41.0195264063515,0.42098877
Y04284,-2461.145302024648,-97.74218096138537,0.4333851
Y04286,-2472.639724703214,-79.88731738471135,0.44037303
Y04292,-2446.395522614644,-22.11697020288811,-0.020817868
Y04296,-2444.8814664989686,-15.854355177156814,0.39955094
Y04297,-2405.617459390814,-27.150681800791137,-0.08382502
Y04300,-2452.5678265578986,-39.211584435746104,0.39763743
Y04303,-2460.391772244251,-113.40642861824915,0.3998814
Y04315,-2485.4084124345986,-40.18623806708549,0.9262301
Y04318,-2546.9877714324557,-68.92422467267859,2.0402226
Y04321,-2570.5711532083133,-72.45036975996048,2.0040386
Y04331,-2376.0256484913957,1.0766567890934748,-0.37041396
Y04333,-1026.97682491447,-1551.9601575688453,0.23770288
Y04334,-2311.3228259586904,-88.57579437242812,-0.73936623
Y04337,-2570.6734090582663,-49.560158366111736,1.7793962
Y04338,-2415.3127026303837,-61.04170911894646,-0.27555323
Y04343,-2352.553217986359,96.88672954726825,-0.30060366
Y04344,-2392.0985189911776,14.245509833500343,-0.27555323
Y04347,-2392.1411515183695,-76.12914839439134,-1.0018178
Y04348,-2564.6899437021093,-71.15002717902102,1.4225101
Y04351,-2350.1277176303015,-3.063753160398046,-1.0335127
Y04359,-2306.7020210478704,-37.693921964321746,-1.1077851
Y04361,-2487.636726084995,-117.12444559736805,1.1597453
Y04364,-2552.9861729423806,-104.96804500647679,2.0990217
Y04366,-2413.5997199640437,-107.21320215907876,0.21425456
Y04369,-2408.4038847722677,-155.57153372007542,0.2211544
Y04370,-2394.005767486967,-177.38242756336044,0.21830945
Y04372,-2419.409168921707,-39.45894845435778,0.21551535
Y04376,-2356.0365447446793,-21.51492966030168,-1.2414445
Y04380,-2344.090854601625,-24.049236468582517,-1.3248892
Y04392,-2340.5526298045884,-59.95576499609374,-1.0365479
Y04395,-2291.6997557140376,-5.710147974066356,-1.2525212
Y04397,-2470.188291231975,-121.29325820185694,-0.16700122
Y04399,-2376.6805318282413,-21.99646095296183,-0.7214965
Y04404,-2493.1681802858375,-49.52208991884914,1.0953534
Y04405,-2440.7801628676434,-23.78263232725747,0.35115364
Y04406,-2443.3217860681884,-37.4727325793363,0.6760859
Y04407,-2367.441895817662,-74.607833679691,-1.2525212
Y04409,-2370.071018761492,-77.3222306760128,-1.2525212
Y04413,-2476.792015927301,-106.95540359468907,0.7556907
Y04419,-2274.6952586818575,-84.6883159826177,-1.2525212
Y04421,-2518.0998226967704,-102.86542269284557,1.4875942
Y04426,-2435.094584722825,-16.082673548170472,0.5224506
Y04430,-2494.520174380473,-117.62444613967111,0.01391877
Y04441,-2357.7323757876525,-42.75476023910955,-1.2389522
Y04446,-2487.2356346647184,-58.19072146622449,0.41883495
Y04460,-2350.155972291951,-43.88238469413935,-0.9914397
Y04461,-2351.698794802174,-57.23098178691537,-1.2525212
Y04462,-2387.380986132627,-89.92551315611219,-0.92686516
Y04463,-2499.009447051125,-34.950501696085695,1.1581154
Y04464,-2362.6301351528155,-88.50140986905045,-1.2525212
Y04467,-2537.32002903262,-14.501168847905861,1.7507507
Y04474,-2334.503463469168,-37.95861707616484,-1.301097
Y04476,-2461.7369860009176,-31.848549995038994,0.4860338
Y04477,-2318.4035304628396,-12.974646149459366,-1.3248892
Y04483,-2407.0245210583566,-126.59687513191864,-1.1439692
Y04487,-2480.062815490327,-31.52771562649596,0.8229282
Y04488,-2420.5051598801565,-111.646340004115,-0.16700122
Y04493,-2486.6317377976784,5.210639334640926,0.91970503
Y04494,-2321.259254694014,-71.29293166855565,-1.1439692
Y04505,-2481.2674947513915,-42.726963447454175,0.8222847
Y04506,-2420.044743975692,-77.41923732409876,-0.3117372
Y04510,-2447.95335329917,-99.8707671883734,-0.4926572
Y04512,-2588.181117824555,-112.08514459457129,1.6421987
Y04513,-2449.326851359004,-31.047019052992884,0.36298794
Y04516,-2370.3607639023426,-60.055806837996705,-0.7504682
Y04521,-2509.8694399985866,-76.3950914612854,1.1597453
Y04531,-2340.4178380898447,-76.89597763602376,-0.30544433
Y04538,-2551.5634090707617,-32.9694675250721,1.8722641
Y04543,-2537.3587612271813,-71.48339154144075,1.700093
Y04549,-2440.650604760668,-26.23599808053637,0.11837447
Y04551,-2469.5922786179217,-99.93916339620478,0.42802453
Y04553,-2467.6224228073966,-37.23699942349098,0.75338805
Y04554,-2488.6968412593574,-85.7957213242641,0.74417764
Y04555,-2432.379221956662,-60.15895903793734,0.018441772
Y04558,-2466.229303932903,-40.24758344088492,0.6089445
Y04566,-2540.3182739255053,-31.36500591734524,1.7729689
Y04567,-2392.8764920248445,-87.01713931887998,-0.25311914
Y04572,-2390.146954909096,-30.977819770031125,-0.25460458
Y04584,-2304.067698628467,8.290053572126325,-1.3248892
Y04585,-2413.549808005196,-40.58818080337122,0.5173483
Y04586,-2452.743605036679,-19.451589211416476,0.5173483
Y04587,-2446.2702039651285,-28.509128930615567,0.5173483
Y04588,-2455.0714840065098,-18.46474756408253,0.52840996
Y04593,-2441.580703276588,-38.890130411832004,0.5644722
Y04594,-2477.67318524388,-20.239366420498666,0.7593091
Y04600,-2318.1788130089967,-61.194300479769126,-0.7012473
Y04605,-2316.915706560324,-28.151733205369823,-1.3248892
Y04609,-2428.6853170653058,-32.73827855560458,-0.05241856
Y04610,-2413.058597545853,-74.3328742322416,-0.256509
Y04615,-2475.4649285041123,-148.74792833745897,-0.022265228
Y04621,-2340.7221203677773,-35.5047299175128,-1.2525212
Y04628,-2459.6346709631707,-31.10598667609795,0.43270406
Y04629,-2250.8563244929896,-313.7919851269654,0.23102276
Y04631,-2542.6039004865065,-171.63340524386928,1.6982839
Y04632,-2382.6233083885127,-37.70729747665047,-0.6958443
Y04638,-2401.9998507616006,-81.16669682928476,0.05010277
Y04639,-2427.796492433713,-93.19878639219468,-0.015373038
Y04645,-2464.606074652373,-31.53796943263749,0.8314318
Y04654,-2416.086085915991,-33.68018714242941,0.116904
Y04660,-1883.9843503800566,-2584.475638211145,-0.5288412
Y04662,-2259.164358404521,231.85472991774427,0.6340376
Y04664,72.58895761828487,52.2937965013847,-0.27388316
Y04667,-2471.9531173090354,-71.68784540300811,0.65536237
Y04672,-2372.5939901827874,-24.1687825287625,-0.7097612
Y04679,-2357.4887754007577,-197.17557161007744,-0.92686516
Y04680,-2360.7728695141386,-63.52243413718507,-0.92686516
Y04681,-2498.4911703851476,-71.80901140785622,0.8493434
Y04682,-2365.5906841035717,-152.71561959083422,-0.5171346
Y04684,-2343.1722770678057,-19.641709496929874,-1.3101702
Y04685,-2434.8805183760123,-126.04290239369661,-0.20318522
Y04687,-2360.5322155687713,-20.494148217824076,-0.93983674
Y04688,-2358.5626355681284,-33.627761295780566,-1.0137068
Y04689,-2372.730376654967,-59.36590239445608,-0.93868035
Y04690,-2135.773592871181,-66.6152513389242,-0.9861832
Y04702,-2330.460336186063,-129.7277455955848,-0.94544613
Y04707,-2468.296935474745,-53.29655691173029,0.5928627
Y04710,-2464.4937179454564,-130.14916201818488,0.7570145
Y04713,-2558.978247441559,-50.32747809975487,1.7681725
Y04717,-2332.3784857596506,-38.733740868777254,-1.2658936
Y04718,-2343.4997188974244,-54.03528054643067,-1.2634605
Y04721,-2430.4522609233163,-67.91405319127729,-0.06387682
Y04722,-2426.719887685363,-158.79972975647368,0.65075713
Y04723,-2420.3800433964702,-46.57742140172122,-0.07547699
Y04724,-2407.8045808408897,-58.59351368078892,-0.25038174
Y04727,-2288.97817150176,55.619405121261394,-1.2525212
Y04732,-2172.86919492011,-37.91933722424575,-1.247352
Y04736,-2208.358675411724,-165.49076571885584,-1.2310561
Y04749,-2318.14175681744,-119.21612697972324,-1.2308108
Y04755,-2306.366439562266,-203.05849623307554,-1.2449034
Y04762,-1231.6895847057215,-371.8989794752482,-1.2497379
Y04768,-1965.8742467500192,568.7091627225793,-1.2321266
Y04769,-2434.7037114306327,-185.3565871308661,-1.1439692
Y04786,91.63177842291643,162.97540473586346,-1.3142468
Y04787,-2370.7299991988375,-87.17724394075675,-1.3248892
Y04788,-2391.2935501027273,-57.69158822007725,-0.57824624
Y04789,-2350.545570612336,-42.474677570739,-0.99339706
Y04791,-2443.1170497627973,-86.40640992722138,1.7727449
Y04792,-2387.5259162049765,-72.66922509089883,-1.012391
Y04795,-2517.486963854575,-31.797324444804755,1.4719999
Y04799,-2396.316900623295,-49.80732963817812,-0.46016544
Y04804,-2399.621461832369,-69.44284606110827,-0.5405766
Y04805,-2347.239682554611,-46.63913936906596,-1.1439692
Y04806,-2552.0033256446472,-57.56437702473732,1.9747171
Y04808,-2540.7324595406208,-81.13107047307254,1.6421987
Y04809,-1572.2331117068472,285.2625147962845,-0.69342005
Y04810,-2528.1983717354055,-29.94847112458582,1.7507505
Y04812,-2347.109630277536,-31.151484455626008,-1.2163372
Y04817,-2409.1915302324346,-25.262263882610558,-0.19825102
Y04831,-2381.9970977286903,-60.39861122801011,-0.39300293
Y04832,-2396.6781248248503,-35.48564254747514,-0.38533178
Y04833,-2385.258688223756,-30.19801009501348,-0.5690456
Y04836,-2345.838069919565,-216.0746684041894,-0.9976599
Y04837,-2346.4067214176257,-66.74516220572394,-1.0354171
Y04838,-2408.0683651788154,-72.47243685893905,-0.37717637
Y04846,-2481.4886861409846,-149.44503456415646,0.60733634
Y04855,-2445.353842087298,-50.40161966189425,0.67039984
Y04867,-2335.5483627281924,-33.964036447463656,-1.1439692
Y04870,-1760.9299340664156,-259.8872046390497,1.0391321
Y04878,-2343.946386730774,-33.62140498382642,-1.2462825
Y04882,-422.98432900146764,-8.421728003079584,-0.16025504
Y04883,-509.7347840806059,-434.0851082592363,-0.16025504
Y04884,-284.34919868062076,-303.3135555186027,1.0338169
Y04886,-2331.1220276509775,-50.7894673202762,-1.3113202
Y04887,-2135.3118296104108,-1552.1000560647396,-0.6373931
Y04888,-2544.7103217154663,-140.74126518942504,1.8362765
Y04893,-2516.5667152782794,-108.59202490504445,1.5879227
Y04896,-2342.255281401622,-82.33886926132277,-1.1235173
Y04900,-2338.2751642795783,-67.0089750303593,-1.0222594
Y04905,-2345.6073196451043,-94.0066495779299,-1.1048905
Y04907,-2347.6285095214394,-37.7095327560185,-1.1439692
Y04908,-2347.845303413496,-47.285669490440185,-1.1581843
Y04910,-2530.860068929079,-156.5820221728045,1.7831259
Y04912,-2504.897140894101,-102.08167703716204,1.3388098
Y04913,-2396.950189264567,-48.03069644513888,0.03415728
Y04917,-2350.988102377633,-108.49786593371226,-0.9087731
Y04918,-2371.245743450805,-79.40636641215649,-0.2641267
Y04919,-2430.5101093516573,-158.14018007926722,0.19483875
Y04920,-2385.684110907012,-66.43150596371581,-0.37796074
Y04921,-2400.7477926437,-101.58653420376872,-0.37948596
Y04922,-2391.241886872843,-67.87497403895439,-0.37796074
Y04923,-2389.1579610893405,-70.50675293757006,-0.38008478
Y04925,-1766.6631261442997,1015.3655753063044,0.6652307
Y04926,-1929.2169714425734,594.3612545025711,0.66523075
Y04927,-30.24065596358797,1434.5970687850086,0.66523075
Y04929,-2526.363047897257,-82.08740638205164,1.7312669
Y04931,-2434.1301734360145,93.87529332585588,1.7716992
Y04933,-2499.544930901512,-52.16936916388789,1.1186384
Y04937,-2408.306499319521,-71.09529744905575,-0.20318522
Y04938,-2375.075229701899,-22.48347184706736,-0.10415533
Y04941,-2241.6860990595173,-50.511306889808495,0.06281607
Y04942,-2322.894571594619,-6.614324263362533,-0.71166563
Y04943,-1727.1942654977313,-1103.4295440621863,-0.8183132
Y04944,-1945.182296062719,1.585571165753579,1.6060147
Y04945,-1333.346303833381,-2098.2376084544776,-0.058449227
Y04947,-1263.6670039647108,-613.6854847599176,-0.5669296
Y04949,-939.5653202881979,-656.0049059017126,1.3016434
Y04950,-2522.082473286858,-58.76099893067511,1.7031401
Y04951,-1814.2912756014643,267.0837423613968,-0.5669296
Y04952,-468.6591163378912,-204.03884366744222,-0.5669296
Y04954,-2372.3727509854793,-52.757015262721005,-0.38791406
Y04955,-1365.540074979624,35.98740424013915,-1.0716012
Y04957,13190.596214969306,1526.660411968686,-0.48748806
Y04965,-1811.4121059037627,194.17827222792738,-0.5669296
Y04966,-2336.109623871389,-5.076087242233187,-1.1439692
Y04968,-1676.7089449691034,584.9999008113593,0.4424135
Y04969,-1353.9055431459974,420.0800842560696,-0.16128796
Y04971,-2448.7604659017343,-113.29002525574184,-0.064479895
Y04972,-2339.6575765150833,-30.02300342717568,-1.175548
Y04975,-2514.762375433029,-58.43596789429694,1.4555655
Y04977,1982.3961645271554,762.5055951649638,-0.6735772
Y04979,-1627.010730522939,-626.1570256230101,0.19483875
Y04980,-2344.68596530118,-36.17971595733839,-1.1189693
Y04983,-2349.608291587216,-65.00685142382662,-1.3248892
Y04985,-2422.481326775747,-104.81095305865898,-0.5758804
Y04988,-2305.825861522251,-104.59542672808912,-1.1284617
Y04992,-2325.3866702277933,-55.38166550111234,-1.2485007
Y04994,-2478.6119986206595,-65.88693275747686,1.0418397
Y04995,11265.427097310223,1284.2180165492753,-0.36859778
Y04996,-2292.5786992061994,-41.61171329513997,-0.5745473
Y04997,-2404.128326813639,-42.8437306633128,0.02773448
Y04999,-2415.228064661883,-58.630406198001545,-0.077605456
Y05003,-2452.0624407150563,-206.01928834244694,-0.08429494
Y05006,-2462.6870178063136,-54.42873295944706,0.75031203
Y05008,-1800.0927332385966,-988.0084919004847,-0.8183132
Y05012,-2487.1417701074183,-67.72517623488346,1.0573472
Y05013,-2394.0524448036426,-41.61800753121406,-0.4680521
Y05018,-2401.649114498164,-50.205175225109784,-0.2561374
Y05019,-2375.307494063928,-41.93315049041803,-0.83301294
Y05021,-2158.4638559642985,-1375.4428278477183,-0.42028922
Y05023,-799.7502595256911,947.261078482819,0.93058
Y05027,-2279.4135288129346,-108.5410016759135,-0.26909178
Y05031,-2527.3936587620838,-93.40908923991029,1.4546998
Y05036,-2472.0406569485062,-134.36286431758788,1.0230502
Y05037,-2471.9190564013547,-138.9357358137236,1.0412858
Y05053,-2468.503512038001,-89.4569916945636,1.0451627
Y05056,-2476.4046490538326,-144.42920949764363,1.0539169
Y05062,-2525.612227248026,-82.69645563172215,1.4250947
Y05063,-2404.8618366054384,-168.17405987892886,-0.9992332
Y05069,-2459.3286149513824,-127.90643890012178,0.35058728
Y05071,-2370.084089386886,-165.67584136024777,-1.3248892
Y05074,-2354.4324300133426,-31.722747942427983,-0.7097612
Y05075,-2411.471806393492,-120.52276830235778,-0.060022444
Y05076,-2420.4726714212848,-45.98888868357585,0.3553641
Y05078,-2454.8043770375307,-46.37235630459714,0.609248
Y05080,-947.1135777273507,697.5652265326022,0.9587231
Y05083,-2247.9209252333726,-271.7811991445924,-1.1439692
Y05084,-2566.4562842740643,-74.46334416996143,2.2573266
Y05088,-2349.7728513268626,5.49246447979639,-0.8102723
Y05090,-2559.2490121205155,-110.52917272776496,2.2026093
Y05093,-2534.5513181436327,-101.54478359467242,1.6826396
Y05095,-2419.7004490100844,-60.416339550595396,0.2114231
Y05100,-2407.737707610271,-11.986952723600034,0.91272926
Y05106,-2276.7666649533244,13.066493027406185,-1.2330375
Y05107,-2356.0558865538774,-25.46065518334351,-0.53997475
Y05109,-2569.5751432108314,-74.23006497628248,2.0680563
Y05110,-2381.602747278646,-41.6976768935317,-0.4731735
Y05113,-2372.2549281372026,-65.87059206569528,-0.9268651
Y05115,-2419.2461203109033,-66.88137314221947,0.022602933
Y05117,-2340.5984277803973,-6.62667379110608,-0.5093575
Y05118,-2411.1474920830947,-74.91841156715981,-0.08476486
Y05119,-2404.5846631058894,-48.017091587633466,-0.07122005
Y05120,-2322.278815150766,-180.0801383088584,-1.0382005
Y05125,-2434.452659305487,-94.11769309045134,0.08628677
Y05126,-2495.3423379848714,-84.81620266040154,1.3183519
Y05129,-2419.9060060174434,-96.27225948051831,-0.06361837
Y05130,-2442.720096311474,-116.01481656325174,0.4495184
Y05131,-2345.0969088534484,-118.82531085283406,-1.1304002
Y05132,-2397.8368766907515,-55.65711796188349,-0.068457566
Y05136,-2358.2495746645627,-71.79911886625628,-0.9442335
Y05137,-2333.270571035986,-58.49408535767208,-1.3248892
Y05140,-2358.7832347417916,-62.71225694020169,-0.7286398
Y05141,-2309.882305040632,-72.32192002048916,-0.83321244
Y05142,-2363.196817691127,-59.732458857092574,-0.83321244
Y05148,-2533.3279572839383,-88.5904285730157,1.9817716
Y05150,-2514.335862386049,-69.84712256805449,1.4682075
Y05152,-2406.91938303704,-89.56973784409008,-0.27555323
Y05153,-2408.2292350466605,-74.69124603985296,-0.27555323
Y05154,-2383.0127624561424,-160.44330399912414,-0.27555326
Y05155,-2381.8865100769544,-120.45344547473844,-0.27555323
Y05157,-2523.7362142938964,-61.53621737510411,1.8770255
Y05160,-2336.977561467393,-101.18834312734519,-1.1420647
Y05161,-2344.78044540235,-95.08093828988666,-0.990883
Y05162,-2339.989536601193,-86.72180724779538,-0.9885908
Y05163,-2344.9802377217275,-102.7191715800595,-0.9837257
Y05164,-2396.074686724564,-152.61929971544612,-0.61217403
Y05165,-2331.052434924833,-156.04991758931058,0.8650293
Y05166,-2354.9909490079285,-184.41330690889487,0.86462766
Y05167,-428.18978676382426,1866.9924843200683,-0.83321244
Y05168,-2334.5922911219245,-1.9097624326662455,-0.54951775
Y05174,-2510.1720665979337,-28.675049326986368,1.3471599
Y05175,-2557.8049823011897,-66.6393815783441,2.1133604
Y05177,-2491.2697009477993,-142.9431007125333,0.89231646
Y05178,-2350.2355817411835,-14.733389579643752,-0.7097612
Y05183,-2358.6978094817637,-315.1277275193775,0.66523075
Y05185,-2547.0633917713835,-158.32723835482398,2.1082487
Y05186,-2511.426942481885,-51.84300057572755,1.3454899
Y05187,-2356.926162316434,-138.2396118227203,-1.00647
Y05190,-2324.9227634241047,-68.74058493996522,-1.1120421
Y05192,-2291.11870111298,4.764681621298766,-0.6990038
Y05193,-2422.825040223539,-110.34838170477707,0.13761756
Y05197,-2438.5289547287907,-78.3663115769481,0.66596913
Y05204,-2386.885578246894,-86.60318371692702,-0.36562827
Y05208,-2478.9380404656813,-70.7678576242129,0.77378273
Y05212,-2038.061913880337,281.17988567013634,1.2788818
Y05215,-2352.258260545989,-66.42792942263873,-0.9091424
Y05219,-2338.706338402632,-71.18926624930376,-1.1439692
Y05222,-2355.9263822062626,-68.21439164820796,-0.5745473
Y05227,-2353.447954855355,-167.23105451731428,-1.1729163
Y05228,-2367.1791428288534,-174.7225413136694,-0.859166
Y05230,-2299.5347118879627,-170.7455673608252,-1.095308
Y05231,-2299.8196401436476,-34.60895379387443,-0.9822489
Y05233,-2343.3592750297403,-74.52877301546252,-1.0161704
Y05236,-2458.73825522304,-112.58788989532654,1.1918234
Y05241,-2314.115910485656,-153.33817611911041,-1.2631636
Y05248,-147.47605317769282,952.4253894735283,-0.5642867
Y05250,-2344.9758545205304,-81.52520749210773,-1.0965556
Y05251,-2342.3087102880045,-86.59539764609447,-1.1069437
Y05252,-2349.364023183778,-78.39784879906456,-1.1077852
Y05253,-2345.5727807795583,-66.77388470634185,-1.1070467
Y05257,-2329.444878195087,-78.65480004823385,-1.1062454
Y05258,-2414.11763668716,-70.57288866269673,0.5891705
Y05260,-2359.798688082083,-104.05540851518148,-1.0150057
Y05271,-2509.6422414563453,-27.225453151204803,1.9497627
Y05273,-2529.5936804012986,-72.14097676611743,2.0221307
Y05274,-2350.3758187789012,-79.42697536199026,-0.91024005
Y05278,-2433.994400353115,-207.8487708476988,0.059542075
Y05279,-2334.0262292502716,-115.27418760086539,-1.1173073
Y05285,-2365.1553531076233,-120.36423068660793,-0.8208086
Y05286,231.89970506853712,1020.8547882088458,-0.34792122
Y05289,-2398.2603612076473,-29.43152741304174,1.3346348
Y05290,-2546.3865670292803,-200.53092170248243,1.6842188
Y05291,256.87386108444696,298.6135332179212,0.1047637
Y05294,-2353.5381782696313,-80.23853368480754,-0.82336205
Y05297,-2452.585348872145,-140.812683144991,0.4057041
Y05310,-2356.576747811221,-103.28693461143533,-0.9811412
Y05311,-2112.6361600484224,-613.7808619309466,0.1626752
Y05317,-516.774280877994,1446.1286728869873,-0.2345447
Y05318,-98.44226185753513,-318.4897874706759,-0.2345447
Y05319,-2379.3139758731977,-50.53718588755902,-0.5133338
Y05321,-2544.8202126798383,-273.5937597560045,1.3148197
Y05325,-2397.930435830722,-199.89891683324558,-0.50471854
Y05327,-2340.002326661981,-97.23609616945198,-1.1236156
Y05330,-2157.4798189439603,149.83310768356023,-1.2814684
Y05332,-2449.675651857035,-170.82554719523648,1.2627306
Y05333,-2318.4827669669426,-60.06714820990907,-1.1439692
Y05335,-2545.3291010305156,-303.0706496722686,1.3165427
Y05336,-2369.2226674675007,-98.34454249527563,-0.07533509
Y05337,-2391.499012818167,-181.81455296226736,-0.31645685
Y05339,-2393.6197386620934,-93.19711170075354,-0.07533509
Y05346,-1621.168086064951,685.556991412964,-0.08628307
Y05347,-2343.417538614297,-66.43133633999553,-1.162685
Y05349,-1940.7591403800443,288.7738844613861,-0.27555323
Y05353,-2365.995127213049,-41.857373223858445,-0.73178625
Y05358,-2351.247776315045,-87.19718182057045,-0.9646223
Y05362,-2340.2738290317084,-114.49763833429293,-1.1544741
Y05363,-211.54298619581468,192.38075523729145,-0.56743747
Y05364,-794.3584927154344,319.83792472509975,-0.56743747
Y05367,-2362.3137909796465,-171.00863004396751,-0.29485133
Y05368,-2471.4186315303527,-56.23675702075046,1.1671678
Y05369,116.53543426138364,1319.5271012914036,0.3724693
Y05370,-2380.4582726999356,-66.9585765784628,-0.34792122
Y05401,-2385.206838287844,-106.4424183949399,-0.35450011
Y05404,-2370.020749720242,-31.121873158535028,-0.26831642
Y05408,-2335.439118438393,-96.102583923446,-1.1198466
Y05423,-2323.4502829321405,-58.55238542190458,-0.72009945
Y05436,-2530.0142347845735,-215.43142065818066,1.8593026
Y05445,-2295.0313520831596,-202.23454618561638,-1.030248
Y05448,-2452.4342126293564,-110.64428461090016,0.43003476
Y05449,-2347.609599630972,-97.14864690640212,-0.9475417
Y05454,-2325.518996740469,-127.96135600825457,-0.9733874
Y05456,-2348.7536701969702,-136.8614915375267,-0.6229196
Y05466,-2482.624187403314,-111.45788746079764,0.9272528
Y05472,-2040.4608525385383,-411.4348135172733,-0.7278532
Y05478,-2529.767371153999,-123.28889632933657,1.852808
Y05479,-2307.105452564341,-160.65194213660058,-1.3151473
Y05485,-2504.27567717719,-217.8838986270779,1.7507507
Y05493,-2326.557669987674,-143.50634931484944,-0.33678767
Y05495,-2361.9768260474398,-126.26276550976037,-0.4854204
Y05497,-2414.330908776924,-174.41285184543227,0.01391877
Y05498,-2494.1467546915646,-174.35827334669494,1.6038862
Y05499,-2087.733114798747,-186.21261872289173,-0.3145206
Y05500,-2154.6250463992556,-191.0603310982221,-0.3145206
Y05502,-2465.9727544623115,-155.5809122784821,1.0787622
Y05503,756.0484699260584,-840.2428508184119,-0.3145206
Y05506,-1946.2154552375944,16.735654214228372,-0.3145206
Y05507,-2378.4812106757668,-131.93577577391082,-0.608446
Y05509,-2513.11507502107,-146.73526662438323,1.7507505
Y05510,-2156.476189906906,-135.29526570542413,-0.9497182
Y05540,-2329.2363892492904,-172.13615544584638,-1.1653506
Y05541,-2341.3468672283348,-236.57068112580777,-1.2628595
Y05548,-2238.897992364869,-234.90317253924823,-1.0337725
Y05549,-2344.034363115615,-96.14017768402383,-0.83501345
Y05550,-2564.3037335184704,-241.47605512765665,2.0963078
Y05552,-2348.677414875516,-127.38842619939014,-0.715328
Y05564,-2423.4135801353214,-210.1472574680526,0.7765661
Y05566,-2431.3689884110563,-110.74659807516556,0.9451806
Y05568,-2468.988006565618,-225.18892449194746,1.1557249
Y05570,-2308.626913224579,-246.0808567320013,-1.0567986
Y05574,-2411.1986083161214,-154.37135365008385,0.16569054
Y05576,-2501.728398837938,-142.02054668548615,1.2869376
Y05608,-2369.191306020156,-136.43270097178296,-0.3320907
Y05609,-2407.299433728097,-104.90476832561306,0.8194888
Y05611,-2314.46415342863,-84.46114014794684,-0.7166068
Y05612,-2349.035924820395,-116.3548250353402,-0.21524654
Y05613,-2385.8089892121816,-159.079568887593,-0.20988595
Y05614,-2246.0145997722343,36.60005143364724,-0.21270733
Y05615,-2349.429945503591,-181.68533772783408,-0.82244843
Y05620,-2320.8229000950137,-229.90507813461565,-0.48361123
Y05622,-1614.032923129661,639.6487826843603,-1.2163372
Y05625,-2389.0743458747593,-107.49851321782715,-0.07236615
Y05632,-2355.8809161164427,-134.33805024110268,-0.6464392
Y05638,-2357.1956179389094,-170.90631114347016,-0.65066063
Y05640,-2302.0635300494673,-196.43600803548193,-1.1439692
Y05648,-2354.151944106539,-111.45641333455136,-0.42909074
Y05657,-2306.112907704076,-209.32818659756393,-0.8958503
Y05660,-2341.4082360794896,-143.5907718882409,-0.34792122
Y05663,-2385.6695608577425,-207.9457535300013,0.76861364
Y05671,-2371.2968038852455,-127.17845478169522,-0.4433154
Y05672,-2358.4359742349166,-139.40458928831427,-0.6984537
Y05674,-2414.5563524718777,-181.7852509444306,0.46621874
Y05675,-2432.6083115140614,-187.5180273931246,0.8172035
Y05676,-2441.2096005008925,-165.28253987324365,0.81901276
Y05682,-2373.0325861785523,-163.50064113474278,-0.12614831
Y05686,-2362.0621785220173,-237.8742807434931,-0.11378946
Y05687,-2357.699945308612,-185.7849610014811,-0.34463176
Y05690,364.550884436355,389.8210294309573,-0.6161085
Y05696,-2360.1800680880224,-158.8812698845783,-0.34792122
Y05697,-2315.976925272137,-162.37095292162488,-1.1719825
Y05699,-2417.1627509100804,-131.5790206264606,0.4294511
Y05712,-2416.66659430559,-139.82730903103095,0.426842
Y05715,-2338.4218887996885,-150.0199393178674,-0.8512077
Y05716,-2251.979892050028,-136.595159654128,-1.2788368
Y05717,-2363.3440412197097,-189.4624020280885,-0.20770821
Y05719,-2339.10585547146,-149.9333349606032,-0.20647466
Y05720,-2336.9073293895326,-262.3171765291418,-0.18015903
Y05730,-2377.833210325742,-167.89844397537072,-0.21524656
Y05731,-2355.1158352199986,-155.26721419111007,0.22285219
Y05733,358.07711879613447,-156.25775253926102,-0.33147392
Y05735,-2385.9577368192695,-170.7806399878338,-0.11530979
Y05736,-2390.47806189943,-143.43674453631596,-0.11272522
Y05738,-2311.979541757092,-168.28532343886184,-1.0444632
Y05741,-2289.4755005679312,-251.54200456305222,-0.9355493
Y05743,-2463.3997400249873,-186.66769624265174,1.183479
Y05749,-2324.7267218070965,18.82146731372774,-0.3841052
Y05751,-2312.534367740608,-159.6849046476479,-0.9558124
Y05753,-2327.0763985498043,-142.443385415599,-1.0444632
Y05754,-2394.2352025544074,-144.86555696344598,-0.02226523
Y05755,-2394.626424053377,-141.86331032146424,-0.018975774
Y05757,-2411.427997684881,-213.7735928866366,0.6471387
Y05759,-2420.926478943089,-291.63430294930436,0.66006154
Y05762,-2440.3336996156477,-196.55070315618286,1.083357
Y05771,-2438.382443477309,-148.63722168315414,0.9382554
Y05776,-2309.407908307266,-150.7180261141416,-1.0832734
Y05782,-2306.4345727930654,-211.88177548033585,-0.95788
Y05783,-2326.6833806857744,-226.43907771948392,-0.7097612
Y05785,-2337.3423469810555,-182.134930404674,-0.66609085
Y05788,-2245.0807089495615,-147.03524224903467,-1.3176523
Y05795,-2298.9725000005888,-157.15119372365817,-1.1729163
Y05805,-2287.379132957418,-227.18573588611605,-1.0915023
Y05813,-2454.3992517092297,-216.8990665122484,1.0648279
Y05819,-2323.907907517768,-210.49560881553234,-0.59087086
Y05823,-2301.278985407938,-203.86689349310794,-1.0896932
Y05826,-1733.3871855176094,9.5897069752653,-1.2887051
Y05828,-1728.7861517059364,-1256.9064523991633,-0.9630492
Y05843,-2298.681009116626,-196.80768118611653,-0.95788
Y05845,-2331.9694301747736,-211.1821215052283,-0.67223704
Y05846,-2378.294772853148,-317.80012672101185,0.8823347
Y05853,-2283.4516548893466,-231.68385779906572,-1.2495059
Y05861,-2485.1248963097228,-239.42110017969176,1.9356911
Y05863,-2346.841632498433,-230.62119257422526,-0.27398002
Y05864,-2336.521368222098,-244.54933410681798,-0.27276984
Y05873,-2309.538741865654,-248.8882214321847,-0.6894981
Y05886,-2321.2966743341544,-225.54604837423415,-0.7097612
Y05892,-2160.9365184518165,-310.3206370704514,-1.0354172
Y05915,-2324.740625269799,-278.9841042011301,-0.34792122
Y05918,-2362.3203628427063,-264.27879232953023,0.3844429
Y05919,-2363.7116695790087,-265.6034629408077,0.3844429
Y05920,-2363.617385513563,-224.39893453817086,0.3844429
Y05924,-2363.1453218889355,-262.59037881109293,0.3844429
Y05925,-2466.9325947029142,-267.8260265729083,1.8262651
Y05928,-2472.948748724965,-256.69297727661876,1.8286855
Y05943,-2321.1660078361797,-276.3826866611146,-0.3151833
Y05948,-2329.4903513323816,-257.20598708334416,-0.3146319
Y05952,-2416.3900117287744,-279.7800063033065,1.2818663
Y05960,-2241.0179268810302,-259.93277075999964,-1.2163372
Y05963,-2468.0551270953893,-266.52388421539064,1.8246263
Y05993,-2258.889945691916,-369.6891054164013,-0.27555323
Y06005,-2392.81763752212,-280.68802401273115,0.9185188
Y06007,368.8346215936175,-40.08658394835525,0.26720676
Y06030,-2409.9411748888306,-272.8772193334389,1.4250947
Y06032,-2435.270336815725,-322.0865916402121,1.8231186
Y06034,-2315.829440750869,-302.46121856438543,-0.16700122
Y06047,-2414.501029976797,-317.7408288640677,1.3527267
Y06048,-2415.467815099209,-309.89464391269576,1.3527267
Y06056,-2188.587694779913,-310.4449206273312,-1.2525212
Y06077,-2287.883613924576,-302.10874410864704,-0.42028922
Y06095,-2430.690048348647,-328.34044724658884,1.7145668
