{
  "flood": {
    "mean_flagged": 0.12699307833826176,
    "mean_nonflagged": -0.008472247619953797,
    "std_effect_size": 0.13633353766210246,
    "n_flagged": 30660,
    "n_nonflagged": 623640,
    "p_value": NaN
  },
  "flood_geo": {
    "mean_flagged": -0.3276224151724479,
    "mean_nonflagged": 0.003234110525235078,
    "std_effect_size": -0.3329770204137273,
    "n_flagged": 4792,
    "n_nonflagged": 649508,
    "p_value": NaN
  },
  "drought": {
    "mean_flagged": 0.21843869537835475,
    "mean_nonflagged": -0.002847828537496229,
    "std_effect_size": 0.22270477281925702,
    "n_flagged": 6309,
    "n_nonflagged": 647991,
    "p_value": NaN
  }
}